元ファイル,キャビ厚,射出速度[mm/s],CH03_立ち上がり時間(s),CH03_立ち上がり圧力(MPa),CH04_立ち上がり時間(s),CH04_立ち上がり圧力(MPa),立ち上がり時間差(s),CH03圧力@CH04立ち上がり時(MPa),温度,時間差ΔT34(s),圧力差ΔP34(Pa),流速V34(mm/s),流路断面積(mm²),流量Q34(mm³/s),樹脂粘度η34(Pa・s),せん断速度γ34(1/s),時間差ΔT34(s)_平均,時間差ΔT34(s)_標準偏差上,時間差ΔT34(s)_標準偏差下,流速V34(mm/s)_平均,流速V34(mm/s)_標準偏差上,流速V34(mm/s)_標準偏差下,流量Q34(mm³/s)_平均,流量Q34(mm³/s)_標準偏差上,流量Q34(mm³/s)_標準偏差下,圧力差ΔP34(Pa)_平均,圧力差ΔP34(Pa)_標準偏差上,圧力差ΔP34(Pa)_標準偏差下,せん断速度γ34(1/s)_幾何平均,せん断速度γ34(1/s)_幾何標準偏差上,せん断速度γ34(1/s)_幾何標準偏差下,樹脂粘度η34(Pa・s)_幾何平均,樹脂粘度η34(Pa・s)_幾何標準偏差上,樹脂粘度η34(Pa・s)_幾何標準偏差下,時間差ΔT34(s)_中央値からのずれ(%),流速V34(mm/s)_中央値からのずれ(%),流量Q34(mm³/s)_中央値からのずれ(%),圧力差ΔP34(Pa)_中央値からのずれ(%),せん断速度γ34(1/s)_中央値からのずれ(%),樹脂粘度η34(Pa・s)_中央値からのずれ(%),外れ値判定
001_190℃_020_0.5mm.csv,0.5,20,1.480965,0.300052787,1.55557,0.300028903,0.074605,12.60449592,190,0.07460499999999981,12304467.017,234.56872863749138,20.0,4691.374572749827,62.447262707706315,2814.824743649896,0.07531099999999995,0.0006575085550774788,-0.0006575085550774788,232.3839529126832,2.030177062239853,-2.030177062239853,4647.679058253664,40.60354124479689,-40.60354124479689,12393484.0934,58727.696463199034,-58727.696463199034,2788.522337620707,2812.9827629874408,2764.274609045789,63.49175578026653,64.33140189148898,62.66306863420513,-1.0478148418331052,1.0589102607064813,1.058910260706484,-0.974990328219599,1.0589102607064775,-2.0808322112460313,
002_190℃_020_0.5mm.csv,0.5,20,1.48122,0.300039548,1.55725,0.300234615,0.07603,12.74079056,190,0.07603000000000004,12440555.945,230.17230040773367,20.0,4603.446008154673,64.34390942165649,2762.067604892804,0.07531099999999995,0.0006575085550774788,-0.0006575085550774788,232.3839529126832,2.030177062239853,-2.030177062239853,4647.679058253664,40.60354124479689,-40.60354124479689,12393484.0934,58727.696463199034,-58727.696463199034,2788.522337620707,2812.9827629874408,2764.274609045789,63.49175578026653,64.33140189148898,62.66306863420513,0.8422309171697914,-0.83519663290827,-0.8351966329082676,0.12023853401419572,-0.835196632908258,0.8931663239428866,
003_190℃_020_0.5mm.csv,0.5,20,1.48093,0.300048789,1.556785,0.300223623,0.075855,12.72583919,190,0.075855,12425615.567,230.7033155362204,20.0,4614.066310724408,64.11871216563164,2768.439786434645,0.07531099999999995,0.0006575085550774788,-0.0006575085550774788,232.3839529126832,2.030177062239853,-2.030177062239853,4647.679058253664,40.60354124479689,-40.60354124479689,12393484.0934,58727.696463199034,-58727.696463199034,2788.522337620707,2812.9827629874408,2764.274609045789,63.49175578026653,64.33140189148898,62.66306863420513,0.6101200344852148,-0.6064201436953737,-0.6064201436953615,0.0,-0.6064201436953451,0.5400503194595766,
004_190℃_020_0.5mm.csv,0.5,20,1.48152,0.300047345,1.55619,0.300199575,0.07467,12.66270612,190,0.07467000000000001,12362506.544999998,234.36453729744204,20.0,4687.290745948841,62.79648732756123,2812.3744475693043,0.07531099999999995,0.0006575085550774788,-0.0006575085550774788,232.3839529126832,2.030177062239853,-2.030177062239853,4647.679058253664,40.60354124479689,-40.60354124479689,12393484.0934,58727.696463199034,-58727.696463199034,2788.522337620707,2812.9827629874408,2764.274609045789,63.49175578026653,64.33140189148898,62.66306863420513,-0.9616022282642958,0.970938797374941,0.9709387973749461,-0.5078945317414048,0.9709387973749494,-1.5332376063776687,
005_190℃_020_0.5mm.csv,0.5,20,1.4816,0.300131256,1.556995,0.300021467,0.075395,12.73429686,190,0.07539499999999988,12434275.393,232.11088268452852,20.0,4642.21765369057,63.77429886090024,2785.330592214342,0.07531099999999995,0.0006575085550774788,-0.0006575085550774788,232.3839529126832,2.030177062239853,-2.030177062239853,4647.679058253664,40.60354124479689,-40.60354124479689,12393484.0934,58727.696463199034,-58727.696463199034,2788.522337620707,2812.9827629874408,2764.274609045789,63.49175578026653,64.33140189148898,62.66306863420513,0.0,0.0,0.0,0.06969333594223066,0.0,0.0,
011_190℃_040_0.5mm.csv,0.5,40,1.39161,0.300174867,1.43496,0.300071611,0.04335,10.35735742,190,0.04335,10057285.809,403.69088811995385,20.0,8073.817762399077,29.658730600010205,4844.290657439446,0.04348300000000003,0.00026371386008319347,-0.00026371386008319347,402.46797115135155,2.4401156281158634,-2.4401156281158634,8049.35942302703,48.80231256231711,-48.80231256231711,10102959.173,33023.03801451849,-33023.03801451849,4829.544627401512,4858.919231306714,4800.347607710723,29.884260809722527,30.086746589639347,29.683137772398908,-0.13821700069147844,0.13840830449866504,0.13840830449866787,-0.5158215095666951,0.13840830449864153,-1.015667532456512,
012_190℃_040_0.5mm.csv,0.5,40,1.392105,0.300194394,1.435515,0.300042763,0.04341,10.44648178,190,0.04341000000000017,10146439.016999999,403.13291868232966,20.0,8062.658373646593,29.963055627753178,4837.595024187956,0.04348300000000003,0.00026371386008319347,-0.00026371386008319347,402.46797115135155,2.4401156281158634,-2.4401156281158634,8049.35942302703,48.80231256231711,-48.80231256231711,10102959.173,33023.03801451849,-33023.03801451849,4829.544627401512,4858.919231306714,4800.347607710723,29.884260809722527,30.086746589639347,29.683137772398908,0.0,0.0,0.0,0.36605992704611984,0.0,0.0,
013_190℃_040_0.5mm.csv,0.5,40,1.38914,0.300200645,1.43284,0.300275493,0.0437,10.41402673,190,0.04369999999999985,10113751.237,400.45766590389155,20.0,8009.1533180778315,30.06604959570738,4805.491990846699,0.04348300000000003,0.00026371386008319347,-0.00026371386008319347,402.46797115135155,2.4401156281158634,-2.4401156281158634,8049.35942302703,48.80231256231711,-48.80231256231711,10102959.173,33023.03801451849,-33023.03801451849,4829.544627401512,4858.919231306714,4800.347607710723,29.884260809722527,30.086746589639347,29.683137772398908,0.6680488366728364,-0.6636155606399925,-0.6636155606399814,0.04272050906260239,-0.6636155606399925,0.34373653085903555,
014_190℃_040_0.5mm.csv,0.5,40,1.389745,0.30017848,1.4329,0.300055504,0.043155,10.40948794,190,0.043155000000000054,10109432.436,405.5150040551495,20.0,8110.300081102991,29.678405222828616,4866.180048661794,0.04348300000000003,0.00026371386008319347,-0.00026371386008319347,402.46797115135155,2.4401156281158634,-2.4401156281158634,8049.35942302703,48.80231256231711,-48.80231256231711,10102959.173,33023.03801451849,-33023.03801451849,4829.544627401512,4858.919231306714,4800.347607710723,29.884260809722527,30.086746589639347,29.683137772398908,-0.5874222529373767,0.5908932916234885,0.5908932916234968,0.0,0.5908932916234743,-0.9500045938602668,
015_190℃_040_0.5mm.csv,0.5,40,1.396825,0.300217373,1.440625,0.300214894,0.0438,10.38810226,190,0.04380000000000006,10087887.366,399.5433789954332,20.0,7990.867579908664,30.057786845632695,4794.520547945199,0.04348300000000003,0.00026371386008319347,-0.00026371386008319347,402.46797115135155,2.4401156281158634,-2.4401156281158634,8049.35942302703,48.80231256231711,-48.80231256231711,10102959.173,33023.03801451849,-33023.03801451849,4829.544627401512,4858.919231306714,4800.347607710723,29.884260809722527,30.086746589639347,29.683137772398908,0.8984105044917966,-0.8904109589038586,-0.8904109589038558,-0.2131184924217668,-0.8904109589038632,0.31616007077653346,
021_190℃_080_0.5mm.csv,0.5,80,1.19663,0.300278856,1.217645,0.300028398,0.021015,6.14061055,190,0.021015000000000006,5840582.152,832.7385201046869,20.0,16654.770402093738,8.349648566277553,9992.862241256244,0.02093600000000002,0.00013282507293429816,-0.00013282507293429816,835.9078987041758,5.343205866787915,-5.343205866787915,16718.15797408351,106.8641173357565,-106.8641173357565,5851389.6568,56647.824797928304,-56647.824797928304,10030.731661238302,10094.813334852182,9967.056776809812,8.333205246721544,8.462266233091393,8.20611261466057,0.02379819133761429,-0.023792529146006162,-0.023792529146008892,0.0,-0.02379252914600161,0.0,
022_190℃_080_0.5mm.csv,0.5,80,1.20097,0.300123716,1.22198,0.300315399,0.02101,6.178550795,190,0.021009999999999973,5878235.396,832.9366968110435,20.0,16658.73393622087,8.401477936731961,9995.240361732522,0.02093600000000002,0.00013282507293429816,-0.00013282507293429816,835.9078987041758,5.343205866787915,-5.343205866787915,16718.15797408351,106.8641173357565,-106.8641173357565,5851389.6568,56647.824797928304,-56647.824797928304,10030.731661238302,10094.813334852182,9967.056776809812,8.333205246721544,8.462266233091393,8.20611261466057,0.0,0.0,0.0,0.6446830644631253,0.0,0.6207371489111041,
023_190℃_080_0.5mm.csv,0.5,80,1.196945,0.300213585,1.217885,0.300168014,0.02094,6.138694946,190,0.02094000000000018,5838526.932000001,835.7211079274044,20.0,16714.42215854809,8.316922037828645,10028.653295128854,0.02093600000000002,0.00013282507293429816,-0.00013282507293429816,835.9078987041758,5.343205866787915,-5.343205866787915,16718.15797408351,106.8641173357565,-106.8641173357565,5851389.6568,56647.824797928304,-56647.824797928304,10030.731661238302,10094.813334852182,9967.056776809812,8.333205246721544,8.462266233091393,8.20611261466057,-0.33317467872342954,0.3342884431699636,0.3342884431699608,-0.03518861556112237,0.33428844316996814,-0.3919509688238072,
024_190℃_080_0.5mm.csv,0.5,80,1.19939,0.300192612,1.2204,0.300222092,0.02101,6.226926259,190,0.021009999999999973,5926704.166999999,832.9366968110435,20.0,16658.73393622087,8.470752010113594,9995.240361732522,0.02093600000000002,0.00013282507293429816,-0.00013282507293429816,835.9078987041758,5.343205866787915,-5.343205866787915,16718.15797408351,106.8641173357565,-106.8641173357565,5851389.6568,56647.824797928304,-56647.824797928304,10030.731661238302,10094.813334852182,9967.056776809812,8.333205246721544,8.462266233091393,8.20611261466057,0.0,0.0,0.0,1.474545049768862,0.0,1.4504016890621287,
025_190℃_080_0.5mm.csv,0.5,80,1.1936,0.300255045,1.214305,0.300077299,0.020705,6.072976936,190,0.020704999999999973,5772899.637,845.2064718667,20.0,16904.129437334,8.13114877442754,10142.477662400399,0.02093600000000002,0.00013282507293429816,-0.00013282507293429816,835.9078987041758,5.343205866787915,-5.343205866787915,16718.15797408351,106.8641173357565,-106.8641173357565,5851389.6568,56647.824797928304,-56647.824797928304,10030.731661238302,10094.813334852182,9967.056776809812,8.333205246721544,8.462266233091393,8.20611261466057,-1.4516896715849599,1.4730741366819595,1.473074136681954,-1.1588316581904945,1.4730741366819504,-2.61687411291161,
031_190℃_120_0.5mm.csv,0.5,120,1.140035,0.300004481,1.153155,0.300275038,0.01312,3.753596403,190,0.01312000000000002,3453321.3649999998,1333.841463414632,20.0,26676.82926829264,3.082148048217692,16006.097560975584,0.014127000000000046,0.000626863222720909,-0.000626863222720909,1240.787597952592,57.07181106755523,-57.07181106755523,24815.75195905184,1141.4362213511042,-1141.4362213511042,3722593.7600000002,166435.14060772382,-166435.14060772382,14877.151029844963,15564.815067619433,14219.868453513747,3.571672870673221,3.9108365177839475,3.2619228743245143,-7.865168539325895,8.536585365853716,8.536585365853725,-8.018975584185934,8.536585365853728,-15.253438178688222,
032_190℃_120_0.5mm.csv,0.5,120,1.14072,0.30005488,1.155385,0.300241757,0.014665,4.150327689,190,0.01466500000000015,3850085.932,1193.3174224343554,20.0,23866.34844868711,3.8409190607333725,14319.809069212264,0.014127000000000046,0.000626863222720909,-0.000626863222720909,1240.787597952592,57.07181106755523,-57.07181106755523,24815.75195905184,1141.4362213511042,-1141.4362213511042,3722593.7600000002,166435.14060772382,-166435.14060772382,14877.151029844963,15564.815067619433,14219.868453513747,3.571672870673221,3.9108365177839475,3.2619228743245143,2.9845505617985872,-2.8980565973413865,-2.898056597341376,2.5490565991023195,-2.898056597341381,5.609685043949944,
033_190℃_120_0.5mm.csv,0.5,120,1.13972,0.300171341,1.15396,0.300249719,0.01424,4.054634264,190,0.01424000000000003,3754384.545,1228.9325842696603,20.0,24578.651685393204,3.636900402775519,14747.191011235922,0.014127000000000046,0.000626863222720909,-0.000626863222720909,1240.787597952592,57.07181106755523,-57.07181106755523,24815.75195905184,1141.4362213511042,-1141.4362213511042,3722593.7600000002,166435.14060772382,-166435.14060772382,14877.151029844963,15564.815067619433,14219.868453513747,3.571672870673221,3.9108365177839475,3.2619228743245143,0.0,0.0,0.0,0.0,0.0,0.0,
034_190℃_120_0.5mm.csv,0.5,120,1.139685,0.300060846,1.15368,0.300272959,0.013995,3.991313026,190,0.01399499999999998,3691040.067,1250.4465880671687,20.0,25008.931761343374,3.5140207984806073,15005.359056806023,0.014127000000000046,0.000626863222720909,-0.000626863222720909,1240.787597952592,57.07181106755523,-57.07181106755523,24815.75195905184,1141.4362213511042,-1141.4362213511042,3722593.7600000002,166435.14060772382,-166435.14060772382,14877.151029844963,15564.815067619433,14219.868453513747,3.571672870673221,3.9108365177839475,3.2619228743245143,-1.7205056179778806,1.750625223294401,1.7506252232944088,-1.6872133698813776,1.750625223294401,-3.378690387043193,
035_190℃_120_0.5mm.csv,0.5,120,1.139165,0.300100878,1.15378,0.30031612,0.014615,4.164453011,190,0.014615000000000045,3864136.891,1197.3999315771432,20.0,23947.998631542865,3.841793242310555,14368.799178925718,0.014127000000000046,0.000626863222720909,-0.000626863222720909,1240.787597952592,57.07181106755523,-57.07181106755523,24815.75195905184,1141.4362213511042,-1141.4362213511042,3722593.7600000002,166435.14060772382,-166435.14060772382,14877.151029844963,15564.815067619433,14219.868453513747,3.571672870673221,3.9108365177839475,3.2619228743245143,2.633426966292229,-2.5658569962368256,-2.565856996236815,2.923311256066336,-2.56585699623682,5.633721489284425,
041_190℃_160_0.5mm.csv,0.5,160,1.11083,0.300061927,1.121955,0.300379041,0.011125,2.955107171,190,0.011125000000000052,2654728.1299999994,1573.0337078651612,20.0,31460.674157303223,2.0091054725340225,18876.404494381935,0.011333000000000083,0.00015837455603730813,-0.00015837455603730813,1544.4041806079404,21.56914703071385,-21.56914703071385,30888.083612158807,431.3829406142759,-431.3829406142759,2800080.4474,109397.98667328643,-109397.98667328643,18531.403707057474,18792.111208859435,18274.313063454167,2.157239362208367,2.27485046470902,2.045708822648447,-1.8959435626108805,1.932584269663599,1.9325842696635902,-5.608801714486697,1.932584269663594,-7.39840556205215,
042_190℃_160_0.5mm.csv,0.5,160,1.10831,0.300188192,1.11986,0.300171107,0.01155,3.242949404,190,0.011550000000000171,2942778.297,1515.1515151514927,20.0,30303.030303029853,2.3121829476428912,18181.81818181791,0.011333000000000083,0.00015837455603730813,-0.00015837455603730813,1544.4041806079404,21.56914703071385,-21.56914703071385,30888.083612158807,431.3829406142759,-431.3829406142759,2800080.4474,109397.98667328643,-109397.98667328643,18531.403707057474,18792.111208859435,18274.313063454167,2.157239362208367,2.27485046470902,2.045708822648447,1.8518518518522142,-1.8181818181821605,-1.8181818181821723,4.63307583305421,-1.81818181818218,6.570725385518564,
043_190℃_160_0.5mm.csv,0.5,160,1.10889,0.300076044,1.120285,0.300105686,0.011395,3.150907267,190,0.011395000000000044,2850801.581,1535.761298815264,20.0,30715.22597630528,2.209856055475859,18429.135585783166,0.011333000000000083,0.00015837455603730813,-0.00015837455603730813,1544.4041806079404,21.56914703071385,-21.56914703071385,30888.083612158807,431.3829406142759,-431.3829406142759,2800080.4474,109397.98667328643,-109397.98667328643,18531.403707057474,18792.111208859435,18274.313063454167,2.157239362208367,2.27485046470902,2.045708822648447,0.48500881834140747,-0.48266783676977376,-0.48266783676977665,1.3627626361972704,-0.4826678367697884,1.854380973497311,
044_190℃_160_0.5mm.csv,0.5,160,1.10592,0.300254246,1.117175,0.300337787,0.011255,3.039957783,190,0.011255000000000015,2739619.9960000003,1554.8645046645915,20.0,31097.29009329183,2.097579799658506,18658.3740559751,0.011333000000000083,0.00015837455603730813,-0.00015837455603730813,1544.4041806079404,21.56914703071385,-21.56914703071385,30888.083612158807,431.3829406142759,-431.3829406142759,2800080.4474,109397.98667328643,-109397.98667328643,18531.403707057474,18792.111208859435,18274.313063454167,2.157239362208367,2.27485046470902,2.045708822648447,-0.7495590828934022,0.755219902266672,0.7552199022666661,-2.5903966032886223,0.7552199022666621,-3.3205391331591163,
045_190℃_160_0.5mm.csv,0.5,160,1.10825,0.300004041,1.11959,0.300126272,0.01134,3.112600505,190,0.011340000000000128,2812474.233,1543.2098765431924,20.0,30864.19753086385,2.1696229797428814,18518.51851851831,0.011333000000000083,0.00015837455603730813,-0.00015837455603730813,1544.4041806079404,21.56914703071385,-21.56914703071385,30888.083612158807,431.3829406142759,-431.3829406142759,2800080.4474,109397.98667328643,-109397.98667328643,18531.403707057474,18792.111208859435,18274.313063454167,2.157239362208367,2.27485046470902,2.045708822648447,0.0,0.0,0.0,0.0,0.0,0.0,
051_190℃_200_0.5mm.csv,0.5,200,1.0895,0.300005178,1.099,0.300151587,0.0095,2.504834191,190,0.009500000000000064,2204682.6040000003,1842.1052631578823,20.0,36842.105263157646,1.4247948801360641,22105.263157894587,0.009311000000000024,0.0002112285492067969,-0.0002112285492067969,1880.2765442616733,42.93867783856861,-42.93867783856861,37605.530885233464,858.773556771371,-858.773556771371,2122239.024,69679.65664448612,-69679.65664448612,22558.632692842144,23078.007597879845,22050.946417805924,1.343367677381747,1.4198312778715834,1.2710219480016625,2.1505376344083458,-2.105263157894489,-2.105263157894484,4.260093367955701,-2.105263157894481,6.502245913502868,
052_190℃_200_0.5mm.csv,0.5,200,1.089845,0.300386232,1.09886,0.300238764,0.009015,2.321655004,190,0.009014999999999995,2021416.2400000002,1941.2090959511934,20.0,38824.18191902387,1.2396644492244893,23294.50915141432,0.009311000000000024,0.0002112285492067969,-0.0002112285492067969,1880.2765442616733,42.93867783856861,-42.93867783856861,37605.530885233464,858.773556771371,-858.773556771371,2122239.024,69679.65664448612,-69679.65664448612,22558.632692842144,23078.007597879845,22050.946417805924,1.343367677381747,1.4198312778715834,1.2710219480016625,-3.0645161290332052,3.1613976705500924,3.1613976705500972,-4.406627268919139,3.161397670550101,-7.3361015945499375,
053_190℃_200_0.5mm.csv,0.5,200,1.089995,0.300262059,1.09921,0.300034532,0.009215,2.403174438,190,0.009214999999999973,2103139.906,1899.077590884433,20.0,37981.55181768866,1.318396886652377,22788.931090613198,0.009311000000000024,0.0002112285492067969,-0.0002112285492067969,1880.2765442616733,42.93867783856861,-42.93867783856861,37605.530885233464,858.773556771371,-858.773556771371,2122239.024,69679.65664448612,-69679.65664448612,22558.632692842144,23078.007597879845,22050.946417805924,1.343367677381747,1.4198312778715834,1.2710219480016625,-0.91397849462486,0.9224091155736623,0.9224091155736721,-0.5418908973105213,0.9224091155736784,-1.450916625669637,
054_190℃_200_0.5mm.csv,0.5,200,1.08794,0.300271613,1.09724,0.300115697,0.0093,2.414714421,190,0.009300000000000086,2114598.7240000004,1881.7204301075094,20.0,37634.408602150186,1.3378073560000125,22580.64516129011,0.009311000000000024,0.0002112285492067969,-0.0002112285492067969,1880.2765442616733,42.93867783856861,-42.93867783856861,37605.530885233464,858.773556771371,-858.773556771371,2122239.024,69679.65664448612,-69679.65664448612,22558.632692842144,23078.007597879845,22050.946417805924,1.343367677381747,1.4198312778715834,1.2710219480016625,0.0,0.0,0.0,0.0,0.0,0.0,
055_190℃_200_0.5mm.csv,0.5,200,1.089175,0.300144652,1.0987,0.30019796,0.009525,2.467555606,190,0.009525000000000006,2167357.646,1837.2703412073479,20.0,36745.40682414696,1.4043592910306133,22047.244094488175,0.009311000000000024,0.0002112285492067969,-0.0002112285492067969,1880.2765442616733,42.93867783856861,-42.93867783856861,37605.530885233464,858.773556771371,-858.773556771371,2122239.024,69679.65664448612,-69679.65664448612,22558.632692842144,23078.007597879845,22050.946417805924,1.343367677381747,1.4198312778715834,1.2710219480016625,2.4193548387087915,-2.3622047244086053,-2.362204724408601,2.49498504852024,-2.3622047244085977,4.97470242872548,
061_190℃_240_0.5mm.csv,0.5,240,1.07571,0.300087816,1.084095,0.300222483,0.008385,2.14398096,190,0.008385000000000087,1843758.477,2087.060226595089,20.0,41741.20453190178,1.0516948863704187,25044.722719141068,0.008554000000000039,0.00017487138130633267,-0.00017487138130633267,2046.5092304486486,41.74762561633894,-41.74762561633894,40930.18460897297,834.9525123267779,-834.9525123267779,1869499.1364,44507.32195683074,-44507.32195683074,24554.01705273884,25060.632996659133,24057.64265837033,1.0874428529872082,1.1342620653006288,1.0425562087360618,-1.987142022209254,2.0274299344067015,2.0274299344067037,-0.875231632820101,2.0274299344066975,-4.188912650280888,
062_190℃_240_0.5mm.csv,0.5,240,1.075245,0.300279147,1.0838,0.300291621,0.008555,2.199556045,190,0.00855500000000009,1899264.424,2045.587375803602,20.0,40911.74751607204,1.105320214103413,24547.048509643228,0.008554000000000039,0.00017487138130633267,-0.00017487138130633267,2046.5092304486486,41.74762561633894,-41.74762561633894,40930.18460897297,834.9525123267779,-834.9525123267779,1869499.1364,44507.32195683074,-44507.32195683074,24554.01705273884,25060.632996659133,24057.64265837033,1.0874428529872082,1.1342620653006288,1.0425562087360618,0.0,0.0,0.0,2.1088979090971076,0.0,0.6964405316814406,
063_190℃_240_0.5mm.csv,0.5,240,1.074715,0.300349268,1.08339,0.300195135,0.008675,2.160233254,190,0.008674999999999988,1860038.119,2017.2910662824236,20.0,40345.821325648474,1.0976755566207463,24207.492795389084,0.008554000000000039,0.00017487138130633267,-0.00017487138130633267,2046.5092304486486,41.74762561633894,-41.74762561633894,40930.18460897297,834.9525123267779,-834.9525123267779,1869499.1364,44507.32195683074,-44507.32195683074,24554.01705273884,25060.632996659133,24057.64265837033,1.0874428529872082,1.1342620653006288,1.0425562087360618,1.4026884862641344,-1.3832853025924836,-1.3832853025924792,0.0,-1.3832853025924907,0.0,
064_190℃_240_0.5mm.csv,0.5,240,1.0754,0.300283579,1.08378,0.300375095,0.00838,2.11659794,190,0.008380000000000054,1816222.8450000002,2088.30548926013,20.0,41766.1097852026,1.0353705742244965,25059.66587112156,0.008554000000000039,0.00017487138130633267,-0.00017487138130633267,2046.5092304486486,41.74762561633894,-41.74762561633894,40930.18460897297,834.9525123267779,-834.9525123267779,1869499.1364,44507.32195683074,-44507.32195683074,24554.01705273884,25060.632996659133,24057.64265837033,1.0874428529872082,1.1342620653006288,1.0425562087360618,-2.0455873758040255,2.0883054892605677,2.0883054892605695,-2.3556116163660055,2.0883054892605637,-5.676083613272676,
065_190℃_240_0.5mm.csv,0.5,240,1.0748,0.300261992,1.083575,0.300062212,0.008775,2.228274029,190,0.008774999999999977,1928211.817,1994.3019943019995,20.0,39886.03988603999,1.151024400964283,23931.62393162399,0.008554000000000039,0.00017487138130633267,-0.00017487138130633267,2046.5092304486486,41.74762561633894,-41.74762561633894,40930.18460897297,834.9525123267779,-834.9525123267779,1869499.1364,44507.32195683074,-44507.32195683074,24554.01705273884,25060.632996659133,24057.64265837033,1.0874428529872082,1.1342620653006288,1.0425562087360618,2.5715955581517784,-2.5071225071212284,-2.507122507121235,3.6651774661828904,-2.507122507121247,4.860165102680605,
001_210℃_020_0.5mm.csv,0.5,20,1.4778,0.300019299,1.58061,0.300151548,0.10281,13.7029291,210,0.10281000000000007,13402777.552,170.2169049703335,20.0,3404.33809940667,93.73738504225312,2042.6028596440021,0.102624,0.0005977185792661826,-0.0005977185792661826,170.5300607716577,0.9974653181572939,-0.9974653181572939,3410.601215433154,19.949306363145897,-19.949306363145897,13337618.851,58460.04135312691,-58460.04135312691,2046.332803816865,2058.3117048498484,2034.4236172346225,93.11092832572821,94.02934714458051,92.20148003737981,0.02918855808542185,-0.029180040852249994,-0.02918004085224666,0.4181029290747853,-0.029180040852244432,0.44741352537651474,
002_210℃_020_0.5mm.csv,0.5,20,1.477935,0.300091873,1.58053,0.300041866,0.102595,13.59809621,210,0.10259499999999999,13298054.343999999,170.57361469857207,20.0,3411.4722939714416,92.81046839610065,2046.883376382865,0.102624,0.0005977185792661826,-0.0005977185792661826,170.5300607716577,0.9974653181572939,-0.9974653181572939,3410.601215433154,19.949306363145897,-19.949306363145897,13337618.851,58460.04135312691,-58460.04135312691,2046.332803816865,2058.3117048498484,2034.4236172346225,93.11092832572821,94.02934714458051,92.20148003737981,-0.1799961081921385,0.18032067839552263,0.18032067839552596,-0.3665184555006621,0.18032067839552818,-0.5458548447371205,
003_210℃_020_0.5mm.csv,0.5,20,1.47801,0.300053931,1.58079,0.300131155,0.10278,13.64710462,210,0.10277999999999987,13346973.465,170.26658883051198,20.0,3405.3317766102396,93.31985936957132,2043.1990659661437,0.102624,0.0005977185792661826,-0.0005977185792661826,170.5300607716577,0.9974653181572939,-0.9974653181572939,3410.601215433154,19.949306363145897,-19.949306363145897,13337618.851,58460.04135312691,-58460.04135312691,2046.332803816865,2058.3117048498484,2034.4236172346225,93.11092832572821,94.02934714458051,92.20148003737981,0.0,0.0,0.0,0.0,0.0,0.0,
004_210℃_020_0.5mm.csv,0.5,20,1.478815,0.300028399,1.58047,0.30009118,0.101655,13.56039801,210,0.10165500000000005,13260306.83,172.15090256258907,20.0,3443.0180512517813,91.69908100705106,2065.810830751069,0.102624,0.0005977185792661826,-0.0005977185792661826,170.5300607716577,0.9974653181572939,-0.9974653181572939,3410.601215433154,19.949306363145897,-19.949306363145897,13337618.851,58460.04135312691,-58460.04135312691,2046.332803816865,2058.3117048498484,2034.4236172346225,93.11092832572821,94.02934714458051,92.20148003737981,-1.094570928195974,1.1066843736164744,1.1066843736164744,-0.6493354858857493,1.1066843736164744,-1.7367989766267695,
005_210℃_020_0.5mm.csv,0.5,20,1.47814,0.300080872,1.58142,0.300079606,0.10328,13.68006167,210,0.10328000000000004,13379982.064,169.4422927962819,20.0,3388.845855925638,94.00575153536873,2033.3075135553827,0.102624,0.0005977185792661826,-0.0005977185792661826,170.5300607716577,0.9974653181572939,-0.9974653181572939,3410.601215433154,19.949306363145897,-19.949306363145897,13337618.851,58460.04135312691,-58460.04135312691,2046.332803816865,2058.3117048498484,2034.4236172346225,93.11092832572821,94.02934714458051,92.20148003737981,0.48647596808733956,-0.48412083656096166,-0.48412083656096166,0.24731149040311262,-0.48412083656096166,0.7349905694575662,
011_210℃_040_0.5mm.csv,0.5,40,1.36621,0.300070214,1.41232,0.300165122,0.04611,9.782222159,210,0.046110000000000095,9482057.037,379.527217523313,20.0,7590.544350466261,29.742697277283735,4554.326610279756,0.04595199999999999,0.0002553820667157984,-0.0002553820667157984,380.8416467882876,2.1308968810129247,-2.1308968810129247,7616.832935765752,42.6179376202586,-42.6179376202586,9488055.109000001,23985.745248830946,-23985.745248830946,4570.042788664296,4595.598376548563,4544.629312430916,29.659087382432293,29.87930520905794,29.440492615339803,0.07596310363539269,-0.07590544350467732,-0.07590544350467433,0.0,-0.07590544350468231,0.09271792424562095,
012_210℃_040_0.5mm.csv,0.5,40,1.36595,0.300041919,1.412025,0.300118227,0.046075,9.780588034,210,0.04607500000000009,9480469.807,379.8155181768848,20.0,7596.310363537696,29.715146010716044,4557.786218122617,0.04595199999999999,0.0002553820667157984,-0.0002553820667157984,380.8416467882876,2.1308968810129247,-2.1308968810129247,7616.832935765752,42.6179376202586,-42.6179376202586,9488055.109000001,23985.745248830946,-23985.745248830946,4570.042788664296,4595.598376548563,4544.629312430916,29.659087382432293,29.87930520905794,29.440492615339803,0.0,0.0,0.0,-0.016739300278482885,0.0,0.0,
013_210℃_040_0.5mm.csv,0.5,40,1.369075,0.30006551,1.41505,0.300151843,0.045975,9.78717035,210,0.04597499999999988,9487018.507,380.6416530723229,20.0,7612.8330614464585,29.671134412198896,4567.699836867875,0.04595199999999999,0.0002553820667157984,-0.0002553820667157984,380.8416467882876,2.1308968810129247,-2.1308968810129247,7616.832935765752,42.6179376202586,-42.6179376202586,9488055.109000001,23985.745248830946,-23985.745248830946,4570.042788664296,4595.598376548563,4544.629312430916,29.659087382432293,29.87930520905794,29.440492615339803,-0.21703743895867791,0.21750951604178623,0.21750951604178623,0.05232482762588984,0.21750951604178623,-0.14811166837705045,
014_210℃_040_0.5mm.csv,0.5,40,1.372305,0.300104767,1.41781,0.300171785,0.045505,9.763134692,210,0.04550499999999991,9462962.907,384.5731238325467,20.0,7691.462476650933,29.29334197843769,4614.87748599056,0.04595199999999999,0.0002553820667157984,-0.0002553820667157984,380.8416467882876,2.1308968810129247,-2.1308968810129247,7616.832935765752,42.6179376202586,-42.6179376202586,9488055.109000001,23985.745248830946,-23985.745248830946,4570.042788664296,4595.598376548563,4544.629312430916,29.659087382432293,29.87930520905794,29.440492615339803,-1.2371134020622472,1.2526096033407013,1.252609603340695,-0.20137117848472627,1.252609603340691,-1.4194917034102372,
015_210℃_040_0.5mm.csv,0.5,40,1.372885,0.300218185,1.41898,0.300070867,0.046095,9.827838154,210,0.046095,9527767.287,379.65072133637057,20.0,7593.014426727412,29.876355992807138,4555.808656036447,0.04595199999999999,0.0002553820667157984,-0.0002553820667157984,380.8416467882876,2.1308968810129247,-2.1308968810129247,7616.832935765752,42.6179376202586,-42.6179376202586,9488055.109000001,23985.745248830946,-23985.745248830946,4570.042788664296,4595.598376548563,4544.629312430916,29.659087382432293,29.87930520905794,29.440492615339803,0.04340748779144643,-0.04338865386681379,-0.0433886538668078,0.4820710297526551,-0.0433886538668038,0.54251788644403,
021_210℃_080_0.5mm.csv,0.5,80,1.19393,0.300103688,1.2154,0.300060826,0.02147,5.997574528,210,0.0214700000000001,5697513.7020000005,815.0908244061443,20.0,16301.816488122886,8.321470692649019,9781.089892873732,0.02121500000000003,0.00027145441606279486,-0.00027145441606279486,824.9959973170553,10.54561941828193,-10.54561941828193,16499.919946341106,210.91238836563946,-210.91238836563946,5606058.7788,79126.1840149867,-79126.1840149867,9899.304483723663,10026.7241018191,9773.504114239307,8.089474644720788,8.296952804974518,7.887184797332531,1.3452914798210556,-1.3274336283190078,-1.3274336283190022,1.5737871950503257,-1.3274336283189987,3.970880146733926,
022_210℃_080_0.5mm.csv,0.5,80,1.195595,0.30004754,1.21657,0.300052709,0.020975,5.909288969,210,0.020974999999999966,5609236.260000001,834.3265792610264,20.0,16686.531585220528,8.003655139693866,10011.918951132317,0.02121500000000003,0.00027145441606279486,-0.00027145441606279486,824.9959973170553,10.54561941828193,-10.54561941828193,16499.919946341106,210.91238836563946,-210.91238836563946,5606058.7788,79126.1840149867,-79126.1840149867,9899.304483723663,10026.7241018191,9773.504114239307,8.089474644720788,8.296952804974518,7.887184797332531,-0.9912674061838254,1.0011918951134335,1.001191895113439,0.0,1.0011918951134426,0.0,
023_210℃_080_0.5mm.csv,0.5,80,1.192985,0.300281428,1.213915,0.300277293,0.02093,5.827908678,210,0.020930000000000115,5527631.385000001,836.120401337788,20.0,16722.408026755762,7.870294210071472,10033.444816053458,0.02121500000000003,0.00027145441606279486,-0.00027145441606279486,824.9959973170553,10.54561941828193,-10.54561941828193,16499.919946341106,210.91238836563946,-210.91238836563946,5606058.7788,79126.1840149867,-79126.1840149867,9899.304483723663,10026.7241018191,9773.504114239307,8.089474644720788,8.296952804974518,7.887184797332531,-1.2036818503653248,1.2183468705202678,1.218346870520279,-1.4548304121531153,1.2183468705202862,-1.6662503230679533,
024_210℃_080_0.5mm.csv,0.5,80,1.193085,0.300071829,1.2146,0.300072823,0.021515,5.970096965,210,0.02151499999999995,5670024.142,813.386009760634,20.0,16267.72019521268,8.298678191505422,9760.632117127609,0.02121500000000003,0.00027145441606279486,-0.00027145441606279486,824.9959973170553,10.54561941828193,-10.54561941828193,16499.919946341106,210.91238836563946,-210.91238836563946,5606058.7788,79126.1840149867,-79126.1840149867,9899.304483723663,10026.7241018191,9773.504114239307,8.089474644720788,8.296952804974518,7.887184797332531,1.557705924002555,-1.5338136184054953,-1.533813618405493,1.0837104943053206,-1.5338136184054818,3.686103994516196,
025_210℃_080_0.5mm.csv,0.5,80,1.19212,0.300285788,1.213305,0.300082959,0.021185,5.825971364,210,0.02118500000000001,5525888.405,826.0561718196834,20.0,16521.123436393667,7.9636697863894605,9912.6740618362,0.02121500000000003,0.00027145441606279486,-0.00027145441606279486,824.9959973170553,10.54561941828193,-10.54561941828193,16499.919946341106,210.91238836563946,-210.91238836563946,5606058.7788,79126.1840149867,-79126.1840149867,9899.304483723663,10026.7241018191,9773.504114239307,8.089474644720788,8.296952804974518,7.887184797332531,0.0,0.0,0.0,-1.4859038046652082,0.0,-0.49958865801324887,
031_210℃_120_0.5mm.csv,0.5,120,1.13738,0.300170266,1.151545,0.300391174,0.014165,3.906050772,210,0.014164999999999983,3605659.5979999998,1235.4394634662917,20.0,24708.789269325833,3.4744332112700635,14825.273561595499,0.013931000000000004,0.00018094888781094109,-0.00018094888781094109,1256.3599600805517,16.238212457241577,-16.238212457241577,25127.199201611034,324.76424914483266,-324.76424914483266,3479921.2379999994,81528.33207556765,-81528.33207556765,15075.308765924896,15271.915347432023,14881.233245323525,3.2969365287041428,3.408800828318125,3.188743203769635,2.3482658959530847,-2.294387575008172,-2.2943875750081792,4.39894678850677,-2.294387575008184,5.264888283028674,
032_210℃_120_0.5mm.csv,0.5,120,1.13435,0.300312892,1.14819,0.300110684,0.01384,3.805866623,210,0.013840000000000074,3505755.9390000002,1264.4508670520163,20.0,25289.017341040326,3.300657292228589,15173.410404624196,0.013931000000000004,0.00018094888781094109,-0.00018094888781094109,1256.3599600805517,16.238212457241577,-16.238212457241577,25127.199201611034,324.76424914483266,-324.76424914483266,3479921.2379999994,81528.33207556765,-81528.33207556765,15075.308765924896,15271.915347432023,14881.233245323525,3.2969365287041428,3.408800828318125,3.188743203769635,0.0,0.0,0.0,1.5063174383309141,0.0,0.0,
033_210℃_120_0.5mm.csv,0.5,120,1.13438,0.300256431,1.14817,0.300286606,0.01379,3.754018381,210,0.013789999999999969,3453731.7749999994,1269.0355329949268,20.0,25380.710659898537,3.2399293317857056,15228.426395939121,0.013931000000000004,0.00018094888781094109,-0.00018094888781094109,1256.3599600805517,16.238212457241577,-16.238212457241577,25127.199201611034,324.76424914483266,-324.76424914483266,3479921.2379999994,81528.33207556765,-81528.33207556765,15075.308765924896,15271.915347432023,14881.233245323525,3.2969365287041428,3.408800828318125,3.188743203769635,-0.3612716763013385,0.36258158085646924,0.36258158085647285,0.0,0.36258158085646325,-1.8398747602747991,
034_210℃_120_0.5mm.csv,0.5,120,1.13333,0.300252833,1.147415,0.300065674,0.014085,3.745254883,210,0.014085000000000125,3445189.209,1242.4565140219981,20.0,24849.130280439964,3.3010537420928863,14909.478168263979,0.013931000000000004,0.00018094888781094109,-0.00018094888781094109,1256.3599600805517,16.238212457241577,-16.238212457241577,25127.199201611034,324.76424914483266,-324.76424914483266,3479921.2379999994,81528.33207556765,-81528.33207556765,15075.308765924896,15271.915347432023,14881.233245323525,3.2969365287041428,3.408800828318125,3.188743203769635,1.7702312138731895,-1.7394391196311587,-1.7394391196311552,-0.24734306415557253,-1.7394391196311527,0.012011239859123002,
035_210℃_120_0.5mm.csv,0.5,120,1.13382,0.300125056,1.147595,0.300034172,0.013775,3.689303841,210,0.01377499999999987,3389269.6689999998,1270.4174228675256,20.0,25408.348457350512,3.1759992986717385,15245.009074410307,0.013931000000000004,0.00018094888781094109,-0.00018094888781094109,1256.3599600805517,16.238212457241577,-16.238212457241577,25127.199201611034,324.76424914483266,-324.76424914483266,3479921.2379999994,81528.33207556765,-81528.33207556765,15075.308765924896,15271.915347432023,14881.233245323525,3.2969365287041428,3.408800828318125,3.188743203769635,-0.4696531791922213,0.47186932849513885,0.47186932849513885,-1.8664479525194073,0.47186932849513885,-3.7767627027004083,
041_210℃_160_0.5mm.csv,0.5,160,1.107135,0.300237116,1.117955,0.300220692,0.01082,2.820074011,210,0.010820000000000052,2519853.319,1617.3752310535967,20.0,32347.504621071934,1.8547491776585125,19408.50277264316,0.010787000000000102,0.00012517987058628755,-0.00012517987058628755,1622.4991882023248,18.96118731025326,-18.96118731025326,32449.983764046494,379.2237462050661,-379.2237462050661,2498666.7490000003,42397.624194186385,-42397.624194186385,19468.931631043422,19696.982497885212,19243.521127915865,1.833235082869833,1.8825601732348807,1.7852023626367526,0.0,0.0,0.0,0.5718979107812794,0.0,0.0,
042_210℃_160_0.5mm.csv,0.5,160,1.10516,0.300221736,1.11575,0.300118649,0.01059,2.746604943,210,0.0105900000000001,2446486.294,1652.5023607176427,20.0,33050.04721435285,1.7624686975143022,19830.028328611712,0.010787000000000102,0.00012517987058628755,-0.00012517987058628755,1622.4991882023248,18.96118731025326,-18.96118731025326,32449.983764046494,379.2237462050661,-379.2237462050661,2498666.7490000003,42397.624194186385,-42397.624194186385,19468.931631043422,19696.982497885212,19243.521127915865,1.833235082869833,1.8825601732348807,1.7852023626367526,-2.125693160812859,2.171860245514164,2.171860245514167,-2.3563125896798898,2.171860245514159,-4.975361696113961,
043_210℃_160_0.5mm.csv,0.5,160,1.104825,0.300037654,1.11559,0.300222402,0.010765,2.768060616,210,0.010765000000000136,2467838.2139999997,1625.6386437528824,20.0,32512.77287505765,1.8072298213408389,19507.66372503459,0.010787000000000102,0.00012517987058628755,-0.00012517987058628755,1622.4991882023248,18.96118731025326,-18.96118731025326,32449.983764046494,379.2237462050661,-379.2237462050661,2498666.7490000003,42397.624194186385,-42397.624194186385,19468.931631043422,19696.982497885212,19243.521127915865,1.833235082869833,1.8825601732348807,1.7852023626367526,-0.5083179297589275,0.5109150023215532,0.5109150023215588,-1.5041188916390418,0.5109150023215437,-2.562036791285356,
044_210℃_160_0.5mm.csv,0.5,160,1.105055,0.300119483,1.115985,0.300188342,0.01093,2.80571262,210,0.010930000000000106,2505524.2780000004,1601.097895699893,20.0,32021.95791399786,1.862951044798658,19213.174748398716,0.010787000000000102,0.00012517987058628755,-0.00012517987058628755,1622.4991882023248,18.96118731025326,-18.96118731025326,32449.983764046494,379.2237462050661,-379.2237462050661,2498666.7490000003,42397.624194186385,-42397.624194186385,19468.931631043422,19696.982497885212,19243.521127915865,1.833235082869833,1.8825601732348807,1.7852023626367526,1.0166358595199072,-1.006404391583294,-1.0064043915832857,0.0,-1.0064043915832894,0.4422089649070305,
045_210℃_160_0.5mm.csv,0.5,160,1.10503,0.300364114,1.11586,0.300206078,0.01083,2.853837718,210,0.010830000000000117,2553631.6399999997,1615.8818097876094,20.0,32317.636195752188,1.8813490245714488,19390.581717451314,0.010787000000000102,0.00012517987058628755,-0.00012517987058628755,1622.4991882023248,18.96118731025326,-18.96118731025326,32449.983764046494,379.2237462050661,-379.2237462050661,2498666.7490000003,42397.624194186385,-42397.624194186385,19468.931631043422,19696.982497885212,19243.521127915865,1.833235082869833,1.8825601732348807,1.7852023626367526,0.0924214417750967,-0.0923361034170443,-0.0923361034170443,1.9200517202092446,-0.0923361034170443,1.434147928644274,
051_210℃_200_0.5mm.csv,0.5,200,1.090175,0.300258866,1.09913,0.300252948,0.008955,2.237774272,210,0.008955000000000046,1937521.3239999998,1954.215522054708,20.0,39084.31044109416,1.1803063575795978,23450.586264656496,0.008754000000000062,0.00023455809514911396,-0.00023455809514911396,2000.2514071349142,54.36637288819779,-54.36637288819779,40005.02814269829,1087.327457763957,-1087.327457763957,1927252.3796,33744.701364103355,-33744.701364103355,23995.990934422465,24652.46462720552,23356.99856514329,1.1472248404686296,1.1968244374559112,1.099680783077891,0.7311586051741424,-0.7258514796201224,-0.7258514796201132,0.615748204000611,-0.7258514796201224,1.1239085484660853,
052_210℃_200_0.5mm.csv,0.5,200,1.087645,0.300360914,1.096555,0.300326467,0.00891,2.225990549,210,0.008909999999999973,1925664.082,1964.0852974186366,20.0,39281.705948372735,1.167188229293874,23569.02356902364,0.008754000000000062,0.00023455809514911396,-0.00023455809514911396,2000.2514071349142,54.36637288819779,-54.36637288819779,40005.02814269829,1087.327457763957,-1087.327457763957,1927252.3796,33744.701364103355,-33744.701364103355,23995.990934422465,24652.46462720552,23356.99856514329,1.1472248404686296,1.1968244374559112,1.099680783077891,0.2249718785141601,-0.22446689113253893,-0.22446689113252738,0.0,-0.22446689113254278,0.0,
053_210℃_200_0.5mm.csv,0.5,200,1.08717,0.300410315,1.09559,0.300300672,0.00842,2.179721411,210,0.008420000000000094,1879420.739,2078.3847980997393,20.0,41567.69596199479,1.0765117430190596,24940.617577196874,0.008754000000000062,0.00023455809514911396,-0.00023455809514911396,2000.2514071349142,54.36637288819779,-54.36637288819779,40005.02814269829,1087.327457763957,-1087.327457763957,1927252.3796,33744.701364103355,-33744.701364103355,23995.990934422465,24652.46462720552,23356.99856514329,1.1472248404686296,1.1968244374559112,1.099680783077891,-5.286839145106491,5.58194774346752,5.58194774346753,-2.4014231470720175,5.58194774346752,-7.768797182753624,
054_210℃_200_0.5mm.csv,0.5,200,1.087435,0.300415857,1.09603,0.300095906,0.008595,2.220536479,210,0.00859500000000013,1920440.573,2036.0674810936282,20.0,40721.34962187256,1.1228698452336907,24432.80977312354,0.008754000000000062,0.00023455809514911396,-0.00023455809514911396,2000.2514071349142,54.36637288819779,-54.36637288819779,40005.02814269829,1087.327457763957,-1087.327457763957,1927252.3796,33744.701364103355,-33744.701364103355,23995.990934422465,24652.46462720552,23356.99856514329,1.1472248404686296,1.1968244374559112,1.099680783077891,-3.3183352080982234,3.4322280395570592,3.4322280395570623,-0.27125753909138167,3.4322280395570552,-3.797021161444975,
055_210℃_200_0.5mm.csv,0.5,200,1.08711,0.300038019,1.096,0.300295972,0.00889,2.273511152,210,0.008890000000000065,1973215.1800000002,1968.5039370078598,20.0,39370.078740157194,1.1933253707619134,23622.04724409432,0.008754000000000062,0.00023455809514911396,-0.00023455809514911396,2000.2514071349142,54.36637288819779,-54.36637288819779,40005.02814269829,1087.327457763957,-1087.327457763957,1927252.3796,33744.701364103355,-33744.701364103355,23995.990934422465,24652.46462720552,23356.99856514329,1.1472248404686296,1.1968244374559112,1.099680783077891,0.0,0.0,0.0,2.4693350436600308,0.0,2.2393253129233335,
061_210℃_240_0.5mm.csv,0.5,240,1.073315,0.300042303,1.08105,0.30030455,0.007735,1.978805017,210,0.007735000000000047,1678500.4670000002,2262.4434389140133,20.0,45248.868778280266,0.8832109600166722,27149.32126696816,0.00803500000000006,0.00020943376041125919,-0.00020943376041125919,2179.161397713495,57.088495752438355,-57.088495752438355,43583.227954269896,1141.769915048765,-1141.769915048765,1699425.401,25025.76568876499,-25025.76568876499,26142.783613078172,26834.921971094118,25468.497198405046,0.9285699541955065,0.9651757315748085,0.8933525073488803,-3.6137071651078294,3.7491919844848156,3.7491919844848196,-0.9121544579843887,3.749191984484823,-4.492899032087197,
062_210℃_240_0.5mm.csv,0.5,240,1.07528,0.300059995,1.08359,0.30024032,0.00831,2.021981932,210,0.00831000000000004,1721741.6120000002,2105.89651022863,20.0,42117.93020457261,0.9733110745387801,25270.758122743566,0.00803500000000006,0.00020943376041125919,-0.00020943376041125919,2179.161397713495,57.088495752438355,-57.088495752438355,43583.227954269896,1141.769915048765,-1141.769915048765,1699425.401,25025.76568876499,-25025.76568876499,26142.783613078172,26834.921971094118,25468.497198405046,0.9285699541955065,0.9651757315748085,0.8933525073488803,3.551401869160032,-3.4296028880877087,-3.429602888087696,1.6405239481634137,-3.429602888087688,5.250187415482502,
063_210℃_240_0.5mm.csv,0.5,240,1.072795,0.300057439,1.08078,0.300170559,0.007985,1.973969402,210,0.007985000000000131,1673798.843,2191.6092673762946,20.0,43832.18534752589,0.9092029769629403,26299.311208515534,0.00803500000000006,0.00020943376041125919,-0.00020943376041125919,2179.161397713495,57.088495752438355,-57.088495752438355,43583.227954269896,1141.769915048765,-1141.769915048765,1699425.401,25025.76568876499,-25025.76568876499,26142.783613078172,26834.921971094118,25468.497198405046,0.9285699541955065,0.9651757315748085,0.8933525073488803,-0.49844236759898086,0.500939261112307,0.500939261112307,-1.1897080255096342,0.500939261112307,-1.6822203842587498,
064_210℃_240_0.5mm.csv,0.5,240,1.07324,0.30033355,1.08136,0.300203381,0.00812,2.029337539,210,0.008120000000000127,1729134.158,2155.1724137930696,20.0,43103.44827586139,0.9551407729904913,25862.06896551683,0.00803500000000006,0.00020943376041125919,-0.00020943376041125919,2179.161397713495,57.088495752438355,-57.088495752438355,43583.227954269896,1141.769915048765,-1141.769915048765,1699425.401,25025.76568876499,-25025.76568876499,26142.783613078172,26834.921971094118,25468.497198405046,0.9285699541955065,0.9651757315748085,0.8933525073488803,1.1838006230551885,-1.169950738918429,-1.1699507389184332,2.07693220101273,-1.169950738918436,3.2853195604039347,
065_210℃_240_0.5mm.csv,0.5,240,1.07492,0.300211448,1.082945,0.300384923,0.008025,1.994336848,210,0.008024999999999949,1693951.925,2180.6853582554654,20.0,43613.70716510931,0.9247594692601984,26168.224299065583,0.00803500000000006,0.00020943376041125919,-0.00020943376041125919,2179.161397713495,57.088495752438355,-57.088495752438355,43583.227954269896,1141.769915048765,-1141.769915048765,1699425.401,25025.76568876499,-25025.76568876499,26142.783613078172,26834.921971094118,25468.497198405046,0.9285699541955065,0.9651757315748085,0.8933525073488803,0.0,0.0,0.0,0.0,0.0,0.0,
001_230℃_020_0.5mm.csv,0.5,20,1.47943,0.30000483,1.58411,0.300063923,0.10468,12.76083981,230,0.10467999999999988,12460775.887,167.17615590370673,20.0,3343.523118074135,88.73428706470466,2006.1138708444807,0.10532600000000003,0.0005355534520475592,-0.0005355534520475592,166.15424672111152,0.8453676697920082,-0.8453676697920082,3323.0849344222306,16.907353395840474,-16.907353395840474,12456624.7294,48708.02687479778,-48708.02687479778,1993.8303237982084,2003.9973931320944,1983.7148360178683,89.25067047392525,89.78998990177175,88.71459044331638,-0.7019540884084466,0.7069163163930012,0.7069163163930047,0.0,0.706916316392984,-0.38854424166683804,
002_230℃_020_0.5mm.csv,0.5,20,1.47928,0.300105719,1.5847,0.300029148,0.10542,12.82297205,230,0.10542000000000007,12522942.902,166.00265604249657,20.0,3320.0531208499315,89.8073905257715,1992.0318725099592,0.10532600000000003,0.0005355534520475592,-0.0005355534520475592,166.15424672111152,0.8453676697920082,-0.8453676697920082,3323.0849344222306,16.907353395840474,-16.907353395840474,12456624.7294,48708.02687479778,-48708.02687479778,1993.8303237982084,2003.9973931320944,1983.7148360178683,89.25067047392525,89.78998990177175,88.71459044331638,0.0,0.0,0.0,0.49890163793779335,0.0,0.8161016902740714,
003_230℃_020_0.5mm.csv,0.5,20,1.479485,0.300096898,1.584365,0.300158945,0.10488,12.74606848,230,0.10488000000000008,12445909.535,166.85736079328743,20.0,3337.1472158657484,88.79775455991843,2002.288329519449,0.10532600000000003,0.0005355534520475592,-0.0005355534520475592,166.15424672111152,0.8453676697920082,-0.8453676697920082,3323.0849344222306,16.907353395840474,-16.907353395840474,12456624.7294,48708.02687479778,-48708.02687479778,1993.8303237982084,2003.9973931320944,1983.7148360178683,89.25067047392525,89.78998990177175,88.71459044331638,-0.5122367672168323,0.5148741418764137,0.5148741418764068,-0.11930518721157347,0.5148741418763907,-0.31729681521297154,
004_230℃_020_0.5mm.csv,0.5,20,1.479105,0.300108659,1.58504,0.300072293,0.105935,12.76666002,230,0.10593500000000011,12466587.727,165.1956388351346,20.0,3303.9127767026916,89.83999801766981,1982.3476660216152,0.10532600000000003,0.0005355534520475592,-0.0005355534520475592,166.15424672111152,0.8453676697920082,-0.8453676697920082,3323.0849344222306,16.907353395840474,-16.907353395840474,12456624.7294,48708.02687479778,-48708.02687479778,1993.8303237982084,2003.9973931320944,1983.7148360178683,89.25067047392525,89.78998990177175,88.71459044331638,0.4885221020679595,-0.48614716571485717,-0.48614716571486405,0.04664107638805374,-0.48614716571486843,0.852706252547176,
005_230℃_020_0.5mm.csv,0.5,20,1.479245,0.300119021,1.58496,0.300051214,0.105715,12.68695881,230,0.105715,12386907.596,165.53942203093223,20.0,3310.7884406186445,89.08040384429523,1986.4730643711869,0.10532600000000003,0.0005355534520475592,-0.0005355534520475592,166.15424672111152,0.8453676697920082,-0.8453676697920082,3323.0849344222306,16.907353395840474,-16.907353395840474,12456624.7294,48708.02687479778,-48708.02687479778,1993.8303237982084,2003.9973931320944,1983.7148360178683,89.25067047392525,89.78998990177175,88.71459044331638,0.2798330487572889,-0.27905216856635784,-0.27905216856636467,-0.5928065127715211,-0.2790521685663692,0.0,
011_230℃_040_0.5mm.csv,0.5,40,1.360215,0.300111895,1.405845,0.30002327,0.04563,9.077742594,230,0.04563000000000006,8777719.324,383.51961428884454,20.0,7670.39228577689,27.246757330212283,4602.235371466134,0.04576199999999999,0.00036646282212526003,-0.00036646282212526003,382.43301300031555,3.068407891600299,-3.068407891600299,7648.660260006311,61.3681578320058,-61.3681578320058,8806872.999,58348.666997931956,-58348.666997931956,4589.078137455804,4626.010649994983,4552.440481670241,27.41514831956384,27.79457285059687,27.04090332395751,-0.360301342941305,0.3616042077579894,0.36160420775798047,-0.4594850906023826,0.3616042077579844,-1.2398209474831512,
012_230℃_040_0.5mm.csv,0.5,40,1.362185,0.30015724,1.40811,0.30018322,0.045925,9.161259181,230,0.045924999999999994,8861075.961000001,381.0560696788242,20.0,7621.1213935764845,27.683327449586734,4572.672836145891,0.04576199999999999,0.00036646282212526003,-0.00036646282212526003,382.43301300031555,3.068407891600299,-3.068407891600299,7648.660260006311,61.3681578320058,-61.3681578320058,8806872.999,58348.666997931956,-58348.666997931956,4589.078137455804,4626.010649994983,4552.440481670241,27.41514831956384,27.79457285059687,27.04090332395751,0.28387378534766544,-0.283070223189904,-0.283070223189901,0.4857903575894195,-0.2830702231898891,0.34259646226090773,
013_230℃_040_0.5mm.csv,0.5,40,1.366075,0.300046471,1.41187,0.300134625,0.045795,9.156024891,230,0.04579500000000003,8855890.265999999,382.1377879681185,20.0,7642.755759362371,27.58880916540614,4585.653455617422,0.04576199999999999,0.00036646282212526003,-0.00036646282212526003,382.43301300031555,3.068407891600299,-3.068407891600299,7648.660260006311,61.3681578320058,-61.3681578320058,8806872.999,58348.666997931956,-58348.666997931956,4589.078137455804,4626.010649994983,4552.440481670241,27.41514831956384,27.79457285059687,27.04090332395751,0.0,0.0,0.0,0.4269838804841482,0.0,0.0,
014_230℃_040_0.5mm.csv,0.5,40,1.361305,0.300071573,1.40654,0.300157922,0.045235,9.021599554,230,0.045234999999999914,8721441.632,386.8685752183051,20.0,7737.371504366102,26.83771511724621,4642.422902619661,0.04576199999999999,0.00036646282212526003,-0.00036646282212526003,382.43301300031555,3.068407891600299,-3.068407891600299,7648.660260006311,61.3681578320058,-61.3681578320058,8806872.999,58348.666997931956,-58348.666997931956,4589.078137455804,4626.010649994983,4552.440481670241,27.41514831956384,27.79457285059687,27.04090332395751,-1.2228409214982325,1.2379794406988336,1.2379794406988278,-1.0976816691003701,1.2379794406988238,-2.72245910889744,
015_230℃_040_0.5mm.csv,0.5,40,1.36246,0.300010069,1.408685,0.300177554,0.046225,9.118415366,230,0.04622499999999996,8818237.812,378.58301784748545,20.0,7571.660356949709,27.729458697938753,4542.996214169825,0.04576199999999999,0.00036646282212526003,-0.00036646282212526003,382.43301300031555,3.068407891600299,-3.068407891600299,7648.660260006311,61.3681578320058,-61.3681578320058,8806872.999,58348.666997931956,-58348.666997931956,4589.078137455804,4626.010649994983,4552.440481670241,27.41514831956384,27.79457285059687,27.04090332395751,0.9389671361500823,-0.9302325581393792,-0.9302325581393792,0.0,-0.9302325581393792,0.5098064642419402,
021_230℃_080_0.5mm.csv,0.5,80,1.19128,0.300083482,1.212275,0.300220768,0.020995,5.532765507,230,0.020995000000000097,5232544.739,833.5317932841115,20.0,16670.63586568223,7.473284135735067,10002.381519409339,0.02121800000000005,0.00018369812192835092,-0.00018369812192835092,824.8208545076877,7.137456695381574,-7.137456695381574,16496.417090153755,142.74913390763246,-142.74913390763246,5278832.0276,32424.906958196214,-32424.906958196214,9897.553694822736,9983.594588039321,9812.25432163085,7.61912976643254,7.7277892502875085,7.5119981300704595,-0.9903324687565304,1.0002381519400896,1.0002381519400976,-1.033631529190328,1.000238151940094,-1.502777622913001,
022_230℃_080_0.5mm.csv,0.5,80,1.189705,0.300045593,1.21105,0.300090623,0.021345,5.608752561,230,0.021344999999999947,5308661.938,819.8641368001894,20.0,16397.282736003788,7.708393814055083,9838.369641602272,0.02121800000000005,0.00018369812192835092,-0.00018369812192835092,824.8208545076877,7.137456695381574,-7.137456695381574,16496.417090153755,142.74913390763246,-142.74913390763246,5278832.0276,32424.906958196214,-32424.906958196214,9897.553694822736,9983.594588039321,9812.25432163085,7.61912976643254,7.7277892502875085,7.5119981300704595,0.6602216458383849,-0.655891309440292,-0.6558913094402864,0.4060203302679439,-0.655891309440301,1.5959470940770628,
023_230℃_080_0.5mm.csv,0.5,80,1.19067,0.300172503,1.21212,0.300299636,0.02145,5.606314022,230,0.02145000000000019,5306014.386,815.8508158508085,20.0,16317.01631701617,7.742449563244968,9790.209790209703,0.02121800000000005,0.00018369812192835092,-0.00018369812192835092,824.8208545076877,7.137456695381574,-7.137456695381574,16496.417090153755,142.74913390763246,-142.74913390763246,5278832.0276,32424.906958196214,-32424.906958196214,9897.553694822736,9983.594588039321,9812.25432163085,7.61912976643254,7.7277892502875085,7.5119981300704595,1.1553878802182207,-1.1421911421924085,-1.1421911421924085,0.3559455349537775,-1.1421911421924085,2.0447988492424565,
024_230℃_080_0.5mm.csv,0.5,80,1.191385,0.300299988,1.21248,0.300232477,0.021095,5.587427329,230,0.021095000000000086,5287194.852,829.5804693055193,20.0,16591.609386110387,7.587304449179621,9954.965631666233,0.02121800000000005,0.00018369812192835092,-0.00018369812192835092,824.8208545076877,7.137456695381574,-7.137456695381574,16496.417090153755,142.74913390763246,-142.74913390763246,5278832.0276,32424.906958196214,-32424.906958196214,9897.553694822736,9983.594588039321,9812.25432163085,7.61912976643254,7.7277892502875085,7.5119981300704595,-0.5187455788721193,0.5214505807055336,0.5214505807055474,0.0,0.5214505807055473,0.0,
025_230℃_080_0.5mm.csv,0.5,80,1.186525,0.300146072,1.20773,0.300183209,0.021205,5.559927432,230,0.02120499999999992,5259744.223,825.2770572978103,20.0,16505.541145956206,7.587270493109836,9903.324687573724,0.02121800000000005,0.00018369812192835092,-0.00018369812192835092,824.8208545076877,7.137456695381574,-7.137456695381574,16496.417090153755,142.74913390763246,-142.74913390763246,5278832.0276,32424.906958196214,-32424.906958196214,9897.553694822736,9983.594588039321,9812.25432163085,7.61912976643254,7.7277892502875085,7.5119981300704595,0.0,0.0,0.0,-0.5191907952780652,0.0,-0.00044753798944975533,
031_230℃_120_0.5mm.csv,0.5,120,1.132635,0.300049818,1.146385,0.300302649,0.01375,3.556185385,230,0.013749999999999929,3255882.736,1272.7272727272793,20.0,25454.545454545587,3.0454685455782156,15272.727272727352,0.013977999999999957,0.000168767591675622,-0.000168767591675622,1252.1138398094993,15.16372522676816,-15.16372522676816,25042.276796189984,303.27450453536323,-303.27450453536323,3338165.222,63970.8501525362,-63970.8501525362,15024.486387978859,15207.271188039555,14843.898581890333,3.173557156721161,3.2735422777601957,3.076625921528388,-1.7155110793425223,1.7454545454546857,1.745454545454682,-1.7742208474193863,1.7454545454546917,-3.459294971552414,
032_230℃_120_0.5mm.csv,0.5,120,1.132235,0.300251906,1.146385,0.300287095,0.01415,3.709574106,230,0.014149999999999885,3409287.011,1236.749116607784,20.0,24734.982332155676,3.2817286534455516,14840.989399293405,0.013977999999999957,0.000168767591675622,-0.000168767591675622,1252.1138398094993,15.16372522676816,-15.16372522676816,25042.276796189984,303.27450453536323,-303.27450453536323,3338165.222,63970.8501525362,-63970.8501525362,15024.486387978859,15207.271188039555,14843.898581890333,3.173557156721161,3.2735422777601957,3.076625921528388,1.143674052894486,-1.13074204946954,-1.1307420494695508,2.8537881009998585,-1.130742049469546,4.0301001879300875,
033_230℃_120_0.5mm.csv,0.5,120,1.13197,0.30028897,1.145845,0.300246523,0.013875,3.614559957,230,0.013875000000000082,3314313.434,1261.2612612612538,20.0,25225.225225225076,3.1283060473979774,15135.135135135046,0.013977999999999957,0.000168767591675622,-0.000168767591675622,1252.1138398094993,15.16372522676816,-15.16372522676816,25042.276796189984,303.27450453536323,-303.27450453536323,3338165.222,63970.8501525362,-63970.8501525362,15024.486387978859,15207.271188039555,14843.898581890333,3.173557156721161,3.2735422777601957,3.076625921528388,-0.822015725517267,0.8288288288278489,0.8288288288278451,-0.011442116472142685,0.828828828827855,-0.8333637859926696,
034_230℃_120_0.5mm.csv,0.5,120,1.1315,0.300060775,1.14549,0.300318272,0.01399,3.615010977,230,0.013989999999999947,3314692.7049999996,1250.893495353829,20.0,25017.86990707658,3.154595302241484,15010.721944245946,0.013977999999999957,0.000168767591675622,-0.000168767591675622,1252.1138398094993,15.16372522676816,-15.16372522676816,25042.276796189984,303.27450453536323,-303.27450453536323,3338165.222,63970.8501525362,-63970.8501525362,15024.486387978859,15207.271188039555,14843.898581890333,3.173557156721161,3.2735422777601957,3.076625921528388,0.0,0.0,0.0,0.0,0.0,0.0,
035_230℃_120_0.5mm.csv,0.5,120,1.13269,0.300032528,1.146815,0.300250001,0.014125,3.696900225,230,0.014124999999999943,3396650.224,1238.9380530973501,20.0,24778.761061947003,3.2637880553741367,14867.2566371682,0.013977999999999957,0.000168767591675622,-0.000168767591675622,1252.1138398094993,15.16372522676816,-15.16372522676816,25042.276796189984,303.27450453536323,-303.27450453536323,3338165.222,63970.8501525362,-63970.8501525362,15024.486387978859,15207.271188039555,14843.898581890333,3.173557156721161,3.2735422777601957,3.076625921528388,0.9649749821300697,-0.95575221238936,-0.95575221238936,2.472552549935404,-0.9557522123893603,3.4613870455923914,
041_230℃_160_0.5mm.csv,0.5,160,1.10693,0.300185664,1.117515,0.300059817,0.010585,2.703480482,230,0.010585000000000067,2403420.6649999996,1653.2829475673018,20.0,33065.658951346035,1.7306263768044323,19839.395370807622,0.010694999999999988,0.0001741766344834559,-0.0001741766344834559,1636.6233382341275,26.45999604994737,-26.45999604994737,32732.466764682547,529.1999209989476,-529.1999209989476,2418235.9106,32310.2240859989,-32310.2240859989,19637.416758984866,19958.665924555047,19321.33833111677,1.7590788177327605,1.811407267735549,1.7082620469246335,-1.1209715086398726,1.1336797354737576,1.1336797354737518,-0.47765832848834266,1.1336797354737667,-1.7767844668580006,
042_230℃_160_0.5mm.csv,0.5,160,1.10381,0.300233086,1.114515,0.300155498,0.010705,2.732354773,230,0.010704999999999965,2432199.275,1634.7501167678708,20.0,32695.002335357418,1.771203621692171,19617.00140121445,0.010694999999999988,0.0001741766344834559,-0.0001741766344834559,1636.6233382341275,26.45999604994737,-26.45999604994737,32732.466764682547,529.1999209989476,-529.1999209989476,2418235.9106,32310.2240859989,-32310.2240859989,19637.416758984866,19958.665924555047,19321.33833111677,1.7590788177327605,1.811407267735549,1.7082620469246335,0.0,0.0,0.0,0.7140243007575934,0.0,0.5262126004285952,
043_230℃_160_0.5mm.csv,0.5,160,1.10315,0.300306547,1.11411,0.300408333,0.01096,2.76396548,230,0.010959999999999859,2463557.147,1596.7153284671738,20.0,31934.306569343476,1.8367745803482756,19160.583941606084,0.010694999999999988,0.0001741766344834559,-0.0001741766344834559,1636.6233382341275,26.45999604994737,-26.45999604994737,32732.466764682547,529.1999209989476,-529.1999209989476,2418235.9106,32310.2240859989,-32310.2240859989,19637.416758984866,19958.665924555047,19321.33833111677,1.7590788177327605,1.811407267735549,1.7082620469246335,2.3820644558607666,-2.32664233576549,-2.32664233576549,2.0125106193295137,-2.3266423357654906,4.2477497797507615,
044_230℃_160_0.5mm.csv,0.5,160,1.102745,0.300238636,1.113245,0.300279589,0.0105,2.677326152,230,0.010499999999999954,2377046.563,1666.666666666674,20.0,33333.33333333348,1.6978904021428498,20000.000000000087,0.010694999999999988,0.0001741766344834559,-0.0001741766344834559,1636.6233382341275,26.45999604994737,-26.45999604994737,32732.466764682547,529.1999209989476,-529.1999209989476,2418235.9106,32310.2240859989,-32310.2240859989,19637.416758984866,19958.665924555047,19321.33833111677,1.7590788177327605,1.811407267735549,1.7082620469246335,-1.9149929939281778,1.9523809523810676,1.9523809523810676,-1.5697735910169888,1.9523809523810676,-3.634743375822122,
045_230℃_160_0.5mm.csv,0.5,160,1.103735,0.300119093,1.11446,0.300161754,0.010725,2.715117657,230,0.010725000000000096,2414955.903,1631.701631701617,20.0,32634.03263403234,1.7619321129030772,19580.419580419406,0.010694999999999988,0.0001741766344834559,-0.0001741766344834559,1636.6233382341275,26.45999604994737,-26.45999604994737,32732.466764682547,529.1999209989476,-529.1999209989476,2418235.9106,32310.2240859989,-32310.2240859989,19637.416758984866,19958.665924555047,19321.33833111677,1.7590788177327605,1.811407267735549,1.7082620469246335,0.1868285847746949,-0.18648018648140802,-0.18648018648141357,0.0,-0.18648018648139877,0.0,
051_230℃_200_0.5mm.csv,0.5,200,1.08512,0.300301768,1.09389,0.300425478,0.00877,2.214856273,230,0.008769999999999945,1914430.7950000002,1995.43899657926,20.0,39908.7799315852,1.1421468076292447,23945.26795895112,0.009011999999999975,0.00018198901065728736,-0.00018198901065728736,1942.48829791533,39.18926764805983,-39.18926764805983,38849.7659583066,783.7853529612001,-783.7853529612001,1927477.5236000002,17459.118012127492,-17459.118012127492,23306.062512802775,23781.261148655303,22840.359325576985,1.181430254007042,1.2137335992840406,1.1499866576211515,-2.7176927343322337,2.7936145952115448,2.793614595211552,-1.1093669169998015,2.7936145952115488,-3.918523094121134,
052_230℃_200_0.5mm.csv,0.5,200,1.087215,0.300053609,1.09623,0.300051345,0.009015,2.238408777,230,0.009014999999999995,1938357.432,1941.2090959511934,20.0,38824.18191902387,1.1887273639102034,23294.50915141432,0.009011999999999975,0.00018198901065728736,-0.00018198901065728736,1942.48829791533,39.18926764805983,-39.18926764805983,38849.7659583066,783.7853529612001,-783.7853529612001,1927477.5236000002,17459.118012127492,-17459.118012127492,23306.062512802775,23781.261148655303,22840.359325576985,1.181430254007042,1.2137335992840406,1.1499866576211515,0.0,0.0,0.0,0.12657239543542476,0.0,0.0,
053_230℃_200_0.5mm.csv,0.5,200,1.086375,0.300354128,1.09545,0.300201843,0.009075,2.245042187,230,0.009074999999999944,1944840.3440000003,1928.3746556473948,20.0,38567.493112947894,1.200641232775503,23140.495867768735,0.009011999999999975,0.00018198901065728736,-0.00018198901065728736,1942.48829791533,39.18926764805983,-39.18926764805983,38849.7659583066,783.7853529612001,-783.7853529612001,1927477.5236000002,17459.118012127492,-17459.118012127492,23306.062512802775,23781.261148655303,22840.359325576985,1.181430254007042,1.2137335992840406,1.1499866576211515,0.6655574043255575,-0.6611570247928248,-0.6611570247928295,0.46144962033997033,-0.6611570247928326,1.002237285605173,
054_230℃_200_0.5mm.csv,0.5,200,1.086645,0.300348177,1.09558,0.300119018,0.008935,2.203970957,230,0.008934999999999915,1903851.9390000002,1958.5898153329788,20.0,39171.79630665958,1.157205243194887,23503.077783995745,0.009011999999999975,0.00018198901065728736,-0.00018198901065728736,1942.48829791533,39.18926764805983,-39.18926764805983,38849.7659583066,783.7853529612001,-783.7853529612001,1927477.5236000002,17459.118012127492,-17459.118012127492,23306.062512802775,23781.261148655303,22840.359325576985,1.181430254007042,1.2137335992840406,1.1499866576211515,-0.8874098724357188,0.8953553441531167,0.895355344153119,-1.6558216490622821,0.8953553441531127,-2.6517536040919847,
055_230℃_200_0.5mm.csv,0.5,200,1.0852,0.300132254,1.094465,0.300265708,0.009265,2.236172816,230,0.009265000000000079,1935907.1079999998,1888.8289260658232,20.0,37776.57852131646,1.220148255484364,22665.94711278988,0.009011999999999975,0.00018198901065728736,-0.00018198901065728736,1942.48829791533,39.18926764805983,-39.18926764805983,38849.7659583066,783.7853529612001,-783.7853529612001,1927477.5236000002,17459.118012127492,-17459.118012127492,23306.062512802775,23781.261148655303,22840.359325576985,1.181430254007042,1.2137335992840406,1.1499866576211515,2.7731558513597743,-2.698327037237781,-2.6983270372377834,0.0,-2.6983270372377772,2.6432378464650235,
061_230℃_240_0.5mm.csv,0.5,240,1.07403,0.300135924,1.081915,0.300287998,0.007885,1.906757104,230,0.00788499999999992,1606469.1060000001,2219.4039315155583,20.0,44388.07863031117,0.8617012857693791,26632.847178186697,0.007996000000000069,0.00014432601983013123,-0.00014432601983013123,2189.166609246067,39.63636004257399,-39.63636004257399,43783.332184921346,792.7272008514789,-792.7272008514789,1650075.0436,32474.635367953106,-32474.635367953106,26266.5616739635,26745.746145768593,25795.962408821466,0.8972944437107246,0.9309085299682054,0.864894125249489,-1.6219588272012955,1.6487000634138973,1.648700063413893,-2.6980695517507622,1.648700063413876,-4.27626680169338,
062_230℃_240_0.5mm.csv,0.5,240,1.074695,0.300208143,1.08251,0.300093401,0.007815,1.931643512,230,0.007815000000000127,1631550.1109999998,2239.2834293025867,20.0,44785.66858605173,0.8673853141132793,26871.40115163104,0.007996000000000069,0.00014432601983013123,-0.00014432601983013123,2189.166609246067,39.63636004257399,-39.63636004257399,43783.332184921346,792.7272008514789,-792.7272008514789,1650075.0436,32474.635367953106,-32474.635367953106,26266.5616739635,26745.746145768593,25795.962408821466,0.8972944437107246,0.9309085299682054,0.864894125249489,-2.4953212726135416,2.5591810620598103,2.559181062059798,-1.178942794213131,2.559181062059789,-3.6448456564907037,
063_230℃_240_0.5mm.csv,0.5,240,1.075465,0.300158119,1.083615,0.300091433,0.00815,1.987857447,230,0.008150000000000102,1687766.0140000002,2147.239263803654,20.0,42944.78527607308,0.9357342186462702,25766.871165643846,0.007996000000000069,0.00014432601983013123,-0.00014432601983013123,2189.166609246067,39.63636004257399,-39.63636004257399,43783.332184921346,792.7272008514789,-792.7272008514789,1650075.0436,32474.635367953106,-32474.635367953106,26266.5616739635,26745.746145768593,25795.962408821466,0.8972944437107246,0.9309085299682054,0.864894125249489,1.6843418590142791,-1.6564417177913608,-1.656441717791365,2.2259878473796517,-1.6564417177913817,3.9478229514839285,
064_230℃_240_0.5mm.csv,0.5,240,1.07365,0.300258171,1.081665,0.300105906,0.008015,1.951120535,230,0.008015000000000105,1651014.629,2183.4061135370894,20.0,43668.12227074179,0.9001960715262021,26200.873362445076,0.007996000000000069,0.00014432601983013123,-0.00014432601983013123,2189.166609246067,39.63636004257399,-39.63636004257399,43783.332184921346,792.7272008514789,-792.7272008514789,1650075.0436,32474.635367953106,-32474.635367953106,26266.5616739635,26745.746145768593,25795.962408821466,0.8972944437107246,0.9309085299682054,0.864894125249489,0.0,0.0,0.0,0.0,0.0,0.0,
065_230℃_240_0.5mm.csv,0.5,240,1.07438,0.300075842,1.082495,0.300127035,0.008115,1.973702393,230,0.008115000000000094,1673575.358,2156.5003080714473,20.0,43130.006161428944,0.9238819068142966,25878.003696857366,0.007996000000000069,0.00014432601983013123,-0.00014432601983013123,2189.166609246067,39.63636004257399,-39.63636004257399,43783.332184921346,792.7272008514789,-792.7272008514789,1650075.0436,32474.635367953106,-32474.635367953106,26266.5616739635,26745.746145768593,25795.962408821466,0.8972944437107246,0.9309085299682054,0.864894125249489,1.2476606363067708,-1.2322858903264224,-1.2322858903264349,1.366476626174101,-1.232285890326443,2.63118625345002,
001_190℃_010_1.0mm.csv,1.0,10,1.423575,0.300044314,1.63751,0.300055524,0.213935,4.407993938,190,0.213935,4107938.4139999994,81.80054689508496,40.0,3272.0218758033984,239.1379060133578,490.80328137050975,0.211171,0.0016902270557531552,-0.0016902270557531552,82.87545009141135,0.659448774641245,-0.659448774641245,3315.018003656454,26.377950985649992,-26.377950985649992,4054116.0119999996,35426.309260613096,-35426.309260613096,497.2400577106027,501.22418606955586,493.2875983716645,232.94252611847378,236.8551661881125,229.09451943877085,1.448691198786054,-1.428003832939919,-1.428003832939929,1.3516453869541305,-1.4280038329399245,2.797981537788456,
002_190℃_010_1.0mm.csv,1.0,10,1.42391,0.300043555,1.63473,0.300031822,0.21082,4.346004036,190,0.21082,4045972.2139999997,83.00920216298263,40.0,3320.3680865193055,232.10118698108298,498.05521297789585,0.211171,0.0016902270557531552,-0.0016902270557531552,82.87545009141135,0.659448774641245,-0.659448774641245,3315.018003656454,26.377950985649992,-26.377950985649992,4054116.0119999996,35426.309260613096,-35426.309260613096,497.2400577106027,501.22418606955586,493.2875983716645,232.94252611847378,236.8551661881125,229.09451943877085,-0.02845220030346595,0.028460297884426,0.028460297884426,-0.177193581754189,0.028460297884437415,-0.22688610124651054,
003_190℃_010_1.0mm.csv,1.0,10,1.424015,0.300021251,1.63494,0.3000312,0.210925,4.353185343,190,0.21092500000000003,4053154.1429999997,82.96787957804906,40.0,3318.7151831219626,232.6289898264694,497.80727746829433,0.211171,0.0016902270557531552,-0.0016902270557531552,82.87545009141135,0.659448774641245,-0.659448774641245,3315.018003656454,26.377950985649992,-26.377950985649992,4054116.0119999996,35426.309260613096,-35426.309260613096,497.2400577106027,501.22418606955586,493.2875983716645,232.94252611847378,236.8551661881125,229.09451943877085,0.02133915022765211,-0.021334597605806575,-0.021334597605813424,0.0,-0.02133459760581799,0.0,
004_190℃_010_1.0mm.csv,1.0,10,1.42443,0.300059015,1.63531,0.300050835,0.21088,4.354788936,190,0.21087999999999996,4054738.101,82.98558421851291,40.0,3319.4233687405167,232.67025054119176,497.9135053110775,0.211171,0.0016902270557531552,-0.0016902270557531552,82.87545009141135,0.659448774641245,-0.659448774641245,3315.018003656454,26.377950985649992,-26.377950985649992,4054116.0119999996,35426.309260613096,-35426.309260613096,497.2400577106027,501.22418606955586,493.2875983716645,232.94252611847378,236.8551661881125,229.09451943877085,0.0,0.0,0.0,0.03907963882241378,0.0,0.017736703732904566,
005_190℃_010_1.0mm.csv,1.0,10,1.423935,0.300031328,1.63323,0.300026972,0.209295,4.30880416,190,0.209295,4008777.1879999996,83.61403760242719,40.0,3344.5615040970874,228.30395144556735,501.6842256145631,0.211171,0.0016902270557531552,-0.0016902270557531552,82.87545009141135,0.659448774641245,-0.659448774641245,3315.018003656454,26.377950985649992,-26.377950985649992,4054116.0119999996,35426.309260613096,-35426.309260613096,497.2400577106027,501.22418606955586,493.2875983716645,232.94252611847378,236.8551661881125,229.09451943877085,-0.7516122913505064,0.7573042834276723,0.757304283427662,-1.0948745948051668,0.7573042834276666,-1.859200086854319,
011_190℃_020_1.0mm.csv,1.0,20,1.465185,0.30005817,1.559805,0.300025376,0.09462,4.086547074,190,0.09462000000000015,3786521.6980000003,184.95032762629435,40.0,7398.013105051774,97.49134233054711,1109.7019657577662,0.094916,0.00019122630572175113,-0.00019122630572175113,184.3741508008487,0.37192500906807036,-0.37192500906807036,7374.966032033948,14.877000362722304,-14.877000362722304,3802203.5494000004,13604.741459273922,-13604.741459273922,1106.2431056978764,1108.4754971473678,1104.0152101272718,98.20068540149047,98.74018160148054,97.66413689862922,-0.37902716361307065,0.3804692454023277,0.38046924540233074,-0.43514095702064925,0.38046924540232246,-0.8594900010869778,
012_190℃_020_1.0mm.csv,1.0,20,1.465235,0.300073154,1.560215,0.300098431,0.09498,4.106584713,190,0.09497999999999984,3806486.282,184.24931564539935,40.0,7369.9726258159735,98.37824954132229,1105.4958938723962,0.094916,0.00019122630572175113,-0.00019122630572175113,184.3741508008487,0.37192500906807036,-0.37192500906807036,7374.966032033948,14.877000362722304,-14.877000362722304,3802203.5494000004,13604.741459273922,-13604.741459273922,1106.2431056978764,1108.4754971473678,1104.0152101272718,98.20068540149047,98.74018160148054,97.66413689862922,0.0,0.0,0.0,0.08981866300783757,0.0,0.0424201695601834,
013_190℃_020_1.0mm.csv,1.0,20,1.465345,0.300116319,1.560455,0.300023263,0.09511,4.121982212,190,0.09511000000000003,3821958.949,183.99747660603506,40.0,7359.899064241403,98.91333758894969,1103.9848596362103,0.094916,0.00019122630572175113,-0.00019122630572175113,184.3741508008487,0.37192500906807036,-0.37192500906807036,7374.966032033948,14.877000362722304,-14.877000362722304,3802203.5494000004,13604.741459273922,-13604.741459273922,1106.2431056978764,1108.4754971473678,1104.0152101272718,98.20068540149047,98.74018160148054,97.66413689862922,0.13687092019392055,-0.13668383976468407,-0.13668383976467485,0.4966653766256789,-0.1366838397646995,0.5865597892223995,
014_190℃_020_1.0mm.csv,1.0,20,1.46515,0.300003135,1.560175,0.300099659,0.095025,4.103170074,190,0.09502500000000014,3803070.4150000005,184.16206261510104,40.0,7366.482504604041,98.33653501642871,1104.9723756906062,0.094916,0.00019122630572175113,-0.00019122630572175113,184.3741508008487,0.37192500906807036,-0.37192500906807036,7374.966032033948,14.877000362722304,-14.877000362722304,3802203.5494000004,13604.741459273922,-13604.741459273922,1106.2431056978764,1108.4754971473678,1104.0152101272718,98.20068540149047,98.74018160148054,97.66413689862922,0.0473783954519845,-0.04735595895847895,-0.04735595895847279,0.0,-0.047355958958489236,0.0,
015_190℃_020_1.0mm.csv,1.0,20,1.465105,0.300008808,1.55995,0.300062805,0.094845,4.093043208,190,0.09484499999999985,3792980.403,184.51157151141365,40.0,7380.462860456546,97.88985750273046,1107.069429068482,0.094916,0.00019122630572175113,-0.00019122630572175113,184.3741508008487,0.37192500906807036,-0.37192500906807036,7374.966032033948,14.877000362722304,-14.877000362722304,3802203.5494000004,13604.741459273922,-13604.741459273922,1106.2431056978764,1108.4754971473678,1104.0152101272718,98.20068540149047,98.74018160148054,97.66413689862922,-0.14213518635501837,0.14233749802307522,0.1423374980230814,-0.26531225822702964,0.14233749802306492,-0.4542335294035152,
021_190℃_040_1.0mm.csv,1.0,40,1.481555,0.300143464,1.526925,0.300050392,0.04537,4.021337555,190,0.04537000000000013,3721287.1629999997,385.717434428035,40.0,15428.6973771214,45.94144179192122,2314.30460656821,0.045561000000000004,0.00017519275099154677,-0.00017519275099154677,384.1049840376346,1.4782142991958656,-1.4782142991958656,15364.199361505383,59.12857196783479,-59.12857196783479,3734827.462,11759.46274088721,-11759.46274088721,2304.61625858649,2313.498873724797,2295.767748004097,46.30225632550469,46.62680900899649,45.97996273815523,-0.5371040227991426,0.5400044081988638,0.5400044081988608,-0.4462797090749585,0.5400044081988687,-0.9809867456037128,
022_190℃_040_1.0mm.csv,1.0,40,1.481485,0.300058246,1.5271,0.300072321,0.045615,4.038041281,190,0.04561499999999996,3737968.96,383.6457305710844,40.0,15345.829222843377,46.39658615248975,2301.8743834265065,0.045561000000000004,0.00017519275099154677,-0.00017519275099154677,384.1049840376346,1.4782142991958656,-1.4782142991958656,15364.199361505383,59.12857196783479,-59.12857196783479,3734827.462,11759.46274088721,-11759.46274088721,2304.61625858649,2313.498873724797,2295.767748004097,46.30225632550469,46.62680900899649,45.97996273815523,0.0,0.0,0.0,0.0,0.0,0.0,
023_190℃_040_1.0mm.csv,1.0,40,1.48145,0.30001186,1.527175,0.300154457,0.045725,4.044426621,190,0.045725000000000016,3744272.1640000003,382.72279934390366,40.0,15308.911973756147,46.5868965167075,2296.336796063422,0.045561000000000004,0.00017519275099154677,-0.00017519275099154677,384.1049840376346,1.4782142991958656,-1.4782142991958656,15364.199361505383,59.12857196783479,-59.12857196783479,3734827.462,11759.46274088721,-11759.46274088721,2304.61625858649,2313.498873724797,2295.767748004097,46.30225632550469,46.62680900899649,45.97996273815523,0.24114874493051539,-0.24056861673057184,-0.2405686167305689,0.16862644038650274,-0.2405686167305768,0.41018182586162466,
024_190℃_040_1.0mm.csv,1.0,40,1.48159,0.300125343,1.52697,0.300002719,0.04538,4.023682395,190,0.045379999999999976,3723679.6759999995,385.6324371970033,40.0,15425.297487880132,45.981111210035344,2313.7946231820197,0.045561000000000004,0.00017519275099154677,-0.00017519275099154677,384.1049840376346,1.4782142991958656,-1.4782142991958656,15364.199361505383,59.12857196783479,-59.12857196783479,3734827.462,11759.46274088721,-11759.46274088721,2304.61625858649,2313.498873724797,2295.767748004097,46.30225632550469,46.62680900899649,45.97996273815523,-0.5151814096239952,0.5178492728073705,0.5178492728073735,-0.3822740143888314,0.5178492728073656,-0.8954860193568658,
025_190℃_040_1.0mm.csv,1.0,40,1.48147,0.300022029,1.527185,0.300122604,0.045715,4.047051951,190,0.04571499999999995,3746929.347,382.80651864814655,40.0,15312.260745925862,46.609761931457086,2296.8391118888794,0.045561000000000004,0.00017519275099154677,-0.00017519275099154677,384.1049840376346,1.4782142991958656,-1.4782142991958656,15364.199361505383,59.12857196783479,-59.12857196783479,3734827.462,11759.46274088721,-11759.46274088721,2304.61625858649,2313.498873724797,2295.767748004097,46.30225632550469,46.62680900899649,45.97996273815523,0.21922613175488123,-0.2187465820846321,-0.21874658208463504,0.2397127182136928,-0.21874658208462716,0.45946436288802994,
031_190℃_080_1.0mm.csv,1.0,80,1.487725,0.300041298,1.51057,0.30010324,0.022845,3.444853107,190,0.022845000000000004,3144749.867,766.0319544758152,40.0,30641.278179032604,19.548792030371434,4596.1917268548905,0.022474999999999978,0.00028011158490866457,-0.00028011158490866457,778.7392816265273,9.663075933813095,-9.663075933813095,31149.571265061088,386.52303735252445,-386.52303735252445,3095072.8656,56777.660381197325,-56777.660381197325,4672.147069021832,4730.614010385643,4614.402736440926,18.924662743618665,19.503899085470618,18.362628846172914,2.146210596914986,-2.1011162179909637,-2.101116217990964,2.837256700006412,-2.101116217990964,5.0626914672940915,
032_190℃_080_1.0mm.csv,1.0,80,1.48796,0.30000218,1.510655,0.300125258,0.022695,3.468223502,190,0.02269500000000013,3168098.244,771.0949548358625,40.0,30843.7981934345,19.56462303335521,4626.569729015175,0.022474999999999978,0.00028011158490866457,-0.00028011158490866457,778.7392816265273,9.663075933813095,-9.663075933813095,31149.571265061088,386.52303735252445,-386.52303735252445,3095072.8656,56777.660381197325,-56777.660381197325,4672.147069021832,4730.614010385643,4614.402736440926,18.924662743618665,19.503899085470618,18.362628846172914,1.4755197853796733,-1.4540647719769149,-1.4540647719769062,3.6007778513303084,-1.4540647719769102,5.147773337289861,
033_190℃_080_1.0mm.csv,1.0,80,1.487915,0.300206734,1.510125,0.300179648,0.02221,3.358166576,190,0.02220999999999984,3057986.928,787.933363349848,40.0,31517.334533993922,18.481058413844764,4727.600180099088,0.022474999999999978,0.00028011158490866457,-0.00028011158490866457,778.7392816265273,9.663075933813095,-9.663075933813095,31149.571265061088,386.52303735252445,-386.52303735252445,3095072.8656,56777.660381197325,-56777.660381197325,4672.147069021832,4730.614010385643,4614.402736440926,18.924662743618665,19.503899085470618,18.362628846172914,-0.6930471719209814,0.6978838361104343,0.697883836110443,0.0,0.6978838361104391,-0.6757177064346968,
034_190℃_080_1.0mm.csv,1.0,80,1.48778,0.300196482,1.510145,0.300218339,0.022365,3.357671729,190,0.022364999999999968,3057453.39,782.4726134585301,40.0,31298.9045383412,18.606787773428547,4694.83568075118,0.022474999999999978,0.00028011158490866457,-0.00028011158490866457,778.7392816265273,9.663075933813095,-9.663075933813095,31149.571265061088,386.52303735252445,-386.52303735252445,3095072.8656,56777.660381197325,-56777.660381197325,4672.147069021832,4730.614010385643,4614.402736440926,18.924662743618665,19.503899085470618,18.362628846172914,0.0,0.0,0.0,-0.017447360389753423,0.0,0.0,
035_190℃_080_1.0mm.csv,1.0,80,1.487825,0.300140468,1.510085,0.300196058,0.02226,3.347271957,190,0.022259999999999946,3047075.8989999997,786.1635220125805,40.0,31446.54088050322,18.456574016799955,4716.981132075483,0.022474999999999978,0.00028011158490866457,-0.00028011158490866457,778.7392816265273,9.663075933813095,-9.663075933813095,31149.571265061088,386.52303735252445,-386.52303735252445,3095072.8656,56777.660381197325,-56777.660381197325,4672.147069021832,4730.614010385643,4614.402736440926,18.924662743618665,19.503899085470618,18.362628846172914,-0.46948356807521524,0.4716981132076471,0.47169811320765004,-0.3568043048220675,0.47169811320766164,-0.8073062285533493,
041_190℃_120_1.0mm.csv,1.0,120,1.48968,0.300090439,1.50482,0.300177073,0.01514,2.570914425,190,0.015140000000000153,2270737.352,1155.8784676353912,40.0,46235.13870541565,9.354820002525264,6935.270805812348,0.01532300000000002,0.0002311276703469066,-0.0002311276703469066,1142.2804275942385,17.10656964339106,-17.10656964339106,45691.21710376955,684.2627857356433,-684.2627857356433,2329094.31,68561.11695048682,-68561.11695048682,6853.064755970313,6956.84703075077,6750.830705624143,9.70699749599287,10.146159148337953,9.286844313165243,-0.19775873434393038,0.1981505944516135,0.19815059445161742,-0.9010588517790235,0.19815059445163322,-1.0644267072803828,
042_190℃_120_1.0mm.csv,1.0,120,1.489745,0.300025468,1.505245,0.300182863,0.0155,2.682125198,190,0.015499999999999847,2381942.335,1129.0322580645272,40.0,45161.29032258109,10.046287399319631,6774.193548387164,0.01532300000000002,0.0002311276703469066,-0.0002311276703469066,1142.2804275942385,17.10656964339106,-17.10656964339106,45691.21710376955,684.2627857356433,-684.2627857356433,2329094.31,68561.11695048682,-68561.11695048682,6853.064755970313,6956.84703075077,6750.830705624143,9.70699749599287,10.146159148337953,9.286844313165243,2.1753460777832343,-2.1290322580627263,-2.1290322580627343,3.952120691861088,-2.129032258062714,6.248458339851279,
043_190℃_120_1.0mm.csv,1.0,120,1.48976,0.300181844,1.5054,0.300328125,0.01564,2.72261431,190,0.0156400000000001,2422286.185,1118.925831202039,40.0,44757.03324808156,10.308722702966051,6713.554987212234,0.01532300000000002,0.0002311276703469066,-0.0002311276703469066,1142.2804275942385,17.10656964339106,-17.10656964339106,45691.21710376955,684.2627857356433,-684.2627857356433,2329094.31,68561.11695048682,-68561.11695048682,6853.064755970313,6956.84703075077,6750.830705624143,9.70699749599287,10.146159148337953,9.286844313165243,3.098220171390682,-3.0051150895138545,-3.0051150895138545,5.712796717787782,-3.005115089513855,9.023945972055712,
044_190℃_120_1.0mm.csv,1.0,120,1.489685,0.300007728,1.504855,0.300230099,0.01517,2.579351706,190,0.015170000000000128,2279121.6070000003,1153.5926170072414,40.0,46143.70468028966,9.407965926038177,6921.555702043448,0.01532300000000002,0.0002311276703469066,-0.0002311276703469066,1142.2804275942385,17.10656964339106,-17.10656964339106,45691.21710376955,684.2627857356433,-684.2627857356433,2329094.31,68561.11695048682,-68561.11695048682,6853.064755970313,6956.84703075077,6750.830705624143,9.70699749599287,10.146159148337953,9.286844313165243,0.0,0.0,0.0,-0.535155330579222,0.0,-0.5023611186852294,
045_190℃_120_1.0mm.csv,1.0,120,1.489735,0.300134247,1.5049,0.300294782,0.015165,2.591678853,190,0.015164999999999873,2291384.071,1153.9729640619944,40.0,46158.918562479776,9.455466513391759,6923.837784371966,0.01532300000000002,0.0002311276703469066,-0.0002311276703469066,1142.2804275942385,17.10656964339106,-17.10656964339106,45691.21710376955,684.2627857356433,-684.2627857356433,2329094.31,68561.11695048682,-68561.11695048682,6853.064755970313,6956.84703075077,6750.830705624143,9.70699749599287,10.146159148337953,9.286844313165243,-0.03295978905902939,0.03297065611772952,0.03297065611772558,0.0,0.03297065611773609,0.0,
051_190℃_160_1.0mm.csv,1.0,160,1.49078,0.300301241,1.5024,0.300161738,0.01162,2.071195204,190,0.011619999999999964,1771033.466,1506.024096385547,40.0,60240.963855421876,5.599839149638077,9036.144578313282,0.011846000000000023,0.00019866428969501253,-0.00019866428969501253,1477.6254362365248,24.859860350397216,-24.859860350397216,59105.017449461,994.3944140158868,-994.3944140158868,1806756.0732,32859.08006048739,-32859.08006048739,8864.750926258206,9014.922225778393,8717.081192323922,5.822472093781011,6.029703256363021,5.622363131565955,-2.3118957545189196,2.3666092943203676,2.3666092943203583,-2.1997127557680374,2.3666092943203623,-4.460753444474745,
052_190℃_160_1.0mm.csv,1.0,160,1.490665,0.300215361,1.50256,0.300083226,0.011895,2.110950572,190,0.011894999999999989,1810867.3460000001,1471.2063892391775,40.0,58848.2555695671,5.861297164808158,8827.238335435066,0.011846000000000023,0.00019866428969501253,-0.00019866428969501253,1477.6254362365248,24.859860350397216,-24.859860350397216,59105.017449461,994.3944140158868,-994.3944140158868,1806756.0732,32859.08006048739,-32859.08006048739,8864.750926258206,9014.922225778393,8717.081192323922,5.822472093781011,6.029703256363021,5.622363131565955,0.0,0.0,0.0,0.0,0.0,0.0,
053_190℃_160_1.0mm.csv,1.0,160,1.490635,0.300198262,1.502655,0.300253355,0.01202,2.135137935,190,0.012020000000000142,1834884.58,1455.906821963377,40.0,58236.272878535085,6.001445619483064,8735.440931780262,0.011846000000000023,0.00019866428969501253,-0.00019866428969501253,1477.6254362365248,24.859860350397216,-24.859860350397216,59105.017449461,994.3944140158868,-994.3944140158868,1806756.0732,32859.08006048739,-32859.08006048739,8864.750926258206,9014.922225778393,8717.081192323922,5.822472093781011,6.029703256363021,5.622363131565955,1.0508617066006969,-1.039933444260834,-1.0399334442608368,1.3262834548897948,-1.0399334442608492,2.39108256643892,
054_190℃_160_1.0mm.csv,1.0,160,1.49076,0.300112658,1.502415,0.30003231,0.011655,2.075148729,190,0.011654999999999971,1775116.419,1501.5015015015053,40.0,60060.06006006021,5.629654928828558,9009.009009009033,0.011846000000000023,0.00019866428969501253,-0.00019866428969501253,1477.6254362365248,24.859860350397216,-24.859860350397216,59105.017449461,994.3944140158868,-994.3944140158868,1806756.0732,32859.08006048739,-32859.08006048739,8864.750926258206,9014.922225778393,8717.081192323922,5.822472093781011,6.029703256363021,5.622363131565955,-2.017654476671023,2.0592020592022253,2.059202059202216,-1.9742432861782986,2.05920205920222,-3.9520643548053567,
055_190℃_160_1.0mm.csv,1.0,160,1.490635,0.300297535,1.502675,0.300132378,0.01204,2.142010933,190,0.01204000000000005,1841878.555,1453.4883720930172,40.0,58139.53488372069,6.034344980190501,8720.930232558105,0.011846000000000023,0.00019866428969501253,-0.00019866428969501253,1477.6254362365248,24.859860350397216,-24.859860350397216,59105.017449461,994.3944140158868,-994.3944140158868,1806756.0732,32859.08006048739,-32859.08006048739,8864.750926258206,9014.922225778393,8717.081192323922,5.822472093781011,6.029703256363021,5.622363131565955,1.2189995796558375,-1.204318936877578,-1.2043189368775808,1.7125058369681263,-1.2043189368775726,2.9523808555781916,
061_190℃_200_1.0mm.csv,1.0,200,1.49126,0.300156461,1.50123,0.300054218,0.00997,1.800964095,190,0.009970000000000034,1500909.8770000003,1755.2657973921705,40.0,70210.63189568682,4.0718561833170215,10531.594784353023,0.009847999999999945,0.00013512031675508762,-0.00013512031675508762,1777.281243064861,24.661296295192532,-24.661296295192532,71091.24972259444,986.4518518077073,-986.4518518077073,1479800.4302,31169.736790933348,-31169.736790933348,10662.872333779806,10811.021497916026,10516.753336250737,3.9644541551105417,4.102681565525244,3.830883897995406,0.6562342251408874,-0.6519558676048529,-0.6519558676048607,0.2713838602658117,-0.6519558676048574,0.9293989991792617,
062_190℃_200_1.0mm.csv,1.0,200,1.49136,0.300181743,1.50099,0.300142576,0.00963,1.740015016,190,0.009630000000000027,1439872.44,1817.2377985462047,40.0,72689.51194184819,3.7730534958367445,10903.426791277228,0.009847999999999945,0.00013512031675508762,-0.00013512031675508762,1777.281243064861,24.661296295192532,-24.661296295192532,71091.24972259444,986.4518518077073,-986.4518518077073,1479800.4302,31169.736790933348,-31169.736790933348,10662.872333779806,10811.021497916026,10516.753336250737,3.9644541551105417,4.102681565525244,3.830883897995406,-2.7763755678930626,2.8556593977134206,2.85565939771342,-3.806348166860977,2.85565939771342,-6.477045214220388,
063_190℃_200_1.0mm.csv,1.0,200,1.491235,0.300080416,1.501045,0.300271035,0.00981,1.753080785,190,0.009809999999999874,1452809.7500000002,1783.893985728871,40.0,71355.75942915484,3.8781125571428077,10703.363914373225,0.009847999999999945,0.00013512031675508762,-0.00013512031675508762,1777.281243064861,24.661296295192532,-24.661296295192532,71091.24972259444,986.4518518077073,-986.4518518077073,1479800.4302,31169.736790933348,-31169.736790933348,10662.872333779806,10811.021497916026,10516.753336250737,3.9644541551105417,4.102681565525244,3.830883897995406,-0.9591115598178481,0.9683995922523694,0.9683995922523667,-2.942044455486783,0.9683995922523564,-3.8729385268370913,
064_190℃_200_1.0mm.csv,1.0,200,1.491335,0.300085739,1.50126,0.300352976,0.009925,1.808915386,190,0.009924999999999962,1508562.4100000001,1763.2241813602084,40.0,70528.96725440833,4.074144739931957,10579.345088161248,0.009847999999999945,0.00013512031675508762,-0.00013512031675508762,1777.281243064861,24.661296295192532,-24.661296295192532,71091.24972259444,986.4518518077073,-986.4518518077073,1479800.4302,31169.736790933348,-31169.736790933348,10662.872333779806,10811.021497916026,10516.753336250737,3.9644541551105417,4.102681565525244,3.830883897995406,0.20191822312096283,-0.2015113350139168,-0.20151133501393223,0.7826271305679987,-0.2015113350139425,0.9861256204846531,
065_190℃_200_1.0mm.csv,1.0,200,1.491305,0.300187394,1.50121,0.300234126,0.009905,1.7970818,190,0.00990499999999983,1496847.674,1766.78445229685,40.0,70671.37809187401,4.034360873733265,10600.706713781101,0.009847999999999945,0.00013512031675508762,-0.00013512031675508762,1777.281243064861,24.661296295192532,-24.661296295192532,71091.24972259444,986.4518518077073,-986.4518518077073,1479800.4302,31169.736790933348,-31169.736790933348,10662.872333779806,10811.021497916026,10516.753336250737,3.9644541551105417,4.102681565525244,3.830883897995406,0.0,0.0,0.0,0.0,0.0,0.0,
071_190℃_240_1.0mm.csv,1.0,240,1.491665,0.300188696,1.50038,0.300204989,0.008715,1.593654151,190,0.008715000000000028,1293449.162,2008.0321285140496,40.0,80321.28514056199,3.067322298457153,12048.192771084297,0.008816999999999941,0.00017715106547802875,-0.00017715106547802875,1985.4399585786246,39.68552106389414,-39.68552106389414,79417.59834314499,1587.4208425557667,-1587.4208425557667,1300555.0592,40264.48404251207,-40264.48404251207,11910.729284041978,12151.850827015161,11674.392164389437,3.1185756053624365,3.2796207739870304,2.9654385298146506,-0.057339449539114726,0.05737234652680156,0.05737234652680156,0.0,0.057372346526786445,0.0,
072_190℃_240_1.0mm.csv,1.0,240,1.491595,0.300283401,1.5006,0.300267748,0.009005,1.647386962,190,0.00900499999999993,1347119.214,1943.364797334829,40.0,77734.59189339317,3.3009002781142596,11660.188784008975,0.008816999999999941,0.00017715106547802875,-0.00017715106547802875,1985.4399585786246,39.68552106389414,-39.68552106389414,79417.59834314499,1587.4208425557667,-1587.4208425557667,1300555.0592,40264.48404251207,-40264.48404251207,11910.729284041978,12151.850827015161,11674.392164389437,3.1185756053624365,3.2796207739870304,2.9654385298146506,3.2683486238543122,-3.164908384232016,-3.1649083842320116,4.149374677935731,-3.1649083842320236,7.6150452065175855,
073_190℃_240_1.0mm.csv,1.0,240,1.491535,0.30020804,1.500255,0.300086464,0.00872,1.562166889,190,0.008719999999999839,1262080.425,2006.880733944991,40.0,80275.22935779965,2.994650695510149,12041.284403669948,0.008816999999999941,0.00017715106547802875,-0.00017715106547802875,1985.4399585786246,39.68552106389414,-39.68552106389414,79417.59834314499,1587.4208425557667,-1587.4208425557667,1300555.0592,40264.48404251207,-40264.48404251207,11910.729284041978,12151.850827015161,11674.392164389437,3.1185756053624365,3.2796207739870304,2.9654385298146506,0.0,0.0,0.0,-2.4252006125618384,0.0,-2.369219660534449,
074_190℃_240_1.0mm.csv,1.0,240,1.49155,0.300168697,1.50056,0.300058103,0.00901,1.637440375,190,0.009009999999999962,1337382.2719999999,1942.2863485016728,40.0,77691.45394006692,3.2788610260462447,11653.718091010038,0.008816999999999941,0.00017715106547802875,-0.00017715106547802875,1985.4399585786246,39.68552106389414,-39.68552106389414,79417.59834314499,1587.4208425557667,-1587.4208425557667,1300555.0592,40264.48404251207,-40264.48404251207,11910.729284041978,12151.850827015161,11674.392164389437,3.1185756053624365,3.2796207739870304,2.9654385298146506,3.325688073395973,-3.2186459489470005,-3.218645948946998,3.3965857561860533,-3.218645948947004,6.896527557456042,
075_190℃_240_1.0mm.csv,1.0,240,1.491625,0.300035913,1.50026,0.300178881,0.008635,1.562923104,190,0.008634999999999948,1262744.223,2026.6357845975801,40.0,81065.43138390321,2.967019419212227,12159.814707585483,0.008816999999999941,0.00017715106547802875,-0.00017715106547802875,1985.4399585786246,39.68552106389414,-39.68552106389414,79417.59834314499,1587.4208425557667,-1587.4208425557667,1300555.0592,40264.48404251207,-40264.48404251207,11910.729284041978,12151.850827015161,11674.392164389437,3.1185756053624365,3.2796207739870304,2.9654385298146506,-0.9747706422005996,0.9843659525175612,0.9843659525175658,-2.3738806210614727,0.9843659525175685,-3.270046949268361,
001_210℃_010_1.0mm.csv,1.0,10,1.41992,0.300055991,1.62206,0.300038208,0.20214,3.931667337,210,0.20214,3631629.1289999997,86.57366181854161,40.0,3462.9464727416644,199.7544250710367,519.4419709112497,0.200229,0.0015177796282727681,-0.0015177796282727681,87.4039358066801,0.6610541240438824,-0.6610541240438824,3496.1574322672045,26.44216496175515,-26.44216496175515,3592578.1141999997,32112.559255434793,-32112.559255434793,524.4115975389142,528.3974056886233,520.4558551435696,195.72758011903443,198.9832586265481,192.52516962319896,1.358872787444211,-1.340654991589991,-1.3406549915899877,1.5318904815739995,-1.3406549915899961,2.911579711905758,
002_210℃_010_1.0mm.csv,1.0,10,1.420055,0.30004228,1.619485,0.300038912,0.19943,3.876874832,210,0.19943,3576835.92,87.75008775008776,40.0,3510.00351000351,194.102962592,526.5005265005266,0.200229,0.0015177796282727681,-0.0015177796282727681,87.4039358066801,0.6610541240438824,-0.6610541240438824,3496.1574322672045,26.44216496175515,-26.44216496175515,3592578.1141999997,32112.559255434793,-32112.559255434793,524.4115975389142,528.3974056886233,520.4558551435696,195.72758011903443,198.9832586265481,192.52516962319896,0.0,0.0,0.0,0.0,0.0,0.0,
003_210℃_010_1.0mm.csv,1.0,10,1.420055,0.300055563,1.621595,0.300042371,0.20154,3.921373032,210,0.20153999999999983,3621330.661,86.83139823360135,40.0,3473.255929344054,198.59672963753448,520.9883894016082,0.200229,0.0015177796282727681,-0.0015177796282727681,87.4039358066801,0.6610541240438824,-0.6610541240438824,3496.1574322672045,26.44216496175515,-26.44216496175515,3592578.1141999997,32112.559255434793,-32112.559255434793,524.4115975389142,528.3974056886233,520.4558551435696,195.72758011903443,198.9832586265481,192.52516962319896,1.0580153437295463,-1.0469385729879124,-1.046938572987906,1.243969306816845,-1.0469385729879015,2.3151460366837697,
004_210℃_010_1.0mm.csv,1.0,10,1.42,0.300017804,1.619385,0.300006059,0.199385,3.87577752,210,0.19938500000000015,3575771.4610000006,87.76989241918895,40.0,3510.795696767558,194.00141299360152,526.6193545151338,0.200229,0.0015177796282727681,-0.0015177796282727681,87.4039358066801,0.6610541240438824,-0.6610541240438824,3496.1574322672045,26.44216496175515,-26.44216496175515,3592578.1141999997,32112.559255434793,-32112.559255434793,524.4115975389142,528.3974056886233,520.4558551435696,195.72758011903443,198.9832586265481,192.52516962319896,-0.022564308278519137,0.02256940090771732,0.02256940090772704,-0.029759793957765138,0.02256940090772272,-0.052317387144650083,
005_210℃_010_1.0mm.csv,1.0,10,1.42009,0.300056757,1.61874,0.300010044,0.19865,3.857333444,210,0.19865,3557323.4,88.09463881198087,40.0,3523.785552479235,192.28905943129251,528.5678328718852,0.200229,0.0015177796282727681,-0.0015177796282727681,87.4039358066801,0.6610541240438824,-0.6610541240438824,3496.1574322672045,26.44216496175515,-26.44216496175515,3592578.1141999997,32112.559255434793,-32112.559255434793,524.4115975389142,528.3974056886233,520.4558551435696,195.72758011903443,198.9832586265481,192.52516962319896,-0.391114676828964,0.3926503901333925,0.39265039013339564,-0.5455246043268325,0.392650390133387,-0.9345056543625663,
011_210℃_020_1.0mm.csv,1.0,20,1.46213,0.300010621,1.555485,0.300029418,0.093355,3.692246512,210,0.09335500000000008,3392217.094,187.45648331637284,40.0,7498.259332654914,86.17154471030481,1124.7388998982372,0.09314500000000003,0.0005724071977185954,-0.0005724071977185954,187.88479964069757,1.1566714833400227,-1.1566714833400227,7515.391985627903,46.266859333600664,-46.266859333600664,3385274.7822000002,17401.720294348914,-17401.720294348914,1127.2917283054778,1134.2468624587366,1120.3792426202829,85.79954104820857,86.77402130199545,84.83600429745141,0.01607028069434141,-0.016067698570077348,-0.016067698570077348,0.020518491789880067,-0.01606769857005714,0.036592069863440775,
012_210℃_020_1.0mm.csv,1.0,20,1.46228,0.300069692,1.55461,0.300086381,0.09233,3.659783448,210,0.09233000000000002,3359697.0670000003,189.5375284306292,40.0,7581.501137225168,84.40838916900955,1137.2251705837753,0.09314500000000003,0.0005724071977185954,-0.0005724071977185954,187.88479964069757,1.1566714833400227,-1.1566714833400227,7515.391985627903,46.266859333600664,-46.266859333600664,3385274.7822000002,17401.720294348914,-17401.720294348914,1127.2917283054778,1134.2468624587366,1120.3792426202829,85.79954104820857,86.77402130199545,84.83600429745141,-1.0820655667451848,1.0939023069424338,1.0939023069424278,-0.9383440667592643,1.093902306942444,-2.0102561354604336,
013_210℃_020_1.0mm.csv,1.0,20,1.46207,0.300052866,1.55541,0.300101369,0.09334,3.691622574,210,0.09333999999999998,3391521.205,187.48660809942152,40.0,7499.464323976861,86.14002429243534,1124.919648596529,0.09314500000000003,0.0005724071977185954,-0.0005724071977185954,187.88479964069757,1.1566714833400227,-1.1566714833400227,7515.391985627903,46.266859333600664,-46.266859333600664,3385274.7822000002,17401.720294348914,-17401.720294348914,1127.2917283054778,1134.2468624587366,1120.3792426202829,85.79954104820857,86.77402130199545,84.83600429745141,0.0,0.0,0.0,0.0,0.0,0.0,
014_210℃_020_1.0mm.csv,1.0,20,1.46218,0.300040961,1.55504,0.300003483,0.09286,3.677453072,210,0.09285999999999994,3377449.589,188.45573982339016,40.0,7538.229592935606,85.34148811824214,1130.734438940341,0.09314500000000003,0.0005724071977185954,-0.0005724071977185954,187.88479964069757,1.1566714833400227,-1.1566714833400227,7515.391985627903,46.266859333600664,-46.266859333600664,3385274.7822000002,17401.720294348914,-17401.720294348914,1127.2917283054778,1134.2468624587366,1120.3792426202829,85.79954104820857,86.77402130199545,84.83600429745141,-0.5142489822155947,0.516907172087047,0.5169071720870347,-0.41490573549281173,0.5169071720870672,-0.9270210691864506,
015_210℃_020_1.0mm.csv,1.0,20,1.461965,0.300065114,1.555805,0.300063539,0.09384,3.705552495,210,0.09384000000000015,3405488.9560000002,186.48763853367404,40.0,7459.505541346962,86.95811799484096,1118.9258312020443,0.09314500000000003,0.0005724071977185954,-0.0005724071977185954,187.88479964069757,1.1566714833400227,-1.1566714833400227,7515.391985627903,46.266859333600664,-46.266859333600664,3385274.7822000002,17401.720294348914,-17401.720294348914,1127.2917283054778,1134.2468624587366,1120.3792426202829,85.79954104820857,86.77402130199545,84.83600429745141,0.5356760231413832,-0.532821824382109,-0.532821824382115,0.4118432454265066,-0.5328218243820989,0.9497254140865882,
021_210℃_040_1.0mm.csv,1.0,40,1.4801,0.300117426,1.52579,0.300090675,0.04569,3.680345666,210,0.04569000000000001,3380254.991,383.0159772379076,40.0,15320.639089516302,42.02553756157552,2298.0958634274452,0.04544899999999998,0.0002513314544580161,-0.0002513314544580161,385.05642873988916,2.136789358228639,-2.136789358228639,15402.257149595567,85.47157432914624,-85.47157432914624,3387577.1456,14711.01118108309,-14711.01118108309,2310.31018026649,2323.1439605662813,2297.5472978187386,41.89358976329843,42.26888252645384,41.52162911231771,0.5723090468856478,-0.5690523090394991,-0.569052309039505,-0.448530915080321,-0.569052309039509,0.07470003365300774,
022_210℃_040_1.0mm.csv,1.0,40,1.480305,0.300015983,1.52595,0.300164155,0.045645,3.700152982,210,0.045644999999999936,3399988.827,383.3935808960461,40.0,15335.743235841845,42.22924898188158,2300.3614853762765,0.04544899999999998,0.0002513314544580161,-0.0002513314544580161,385.05642873988916,2.136789358228639,-2.136789358228639,15402.257149595567,85.47157432914624,-85.47157432914624,3387577.1456,14711.01118108309,-14711.01118108309,2310.31018026649,2323.1439605662813,2297.5472978187386,41.89358976329843,42.26888252645384,41.52162911231771,0.47325555800149,-0.47102639938673824,-0.4710263993867353,0.13264783318319653,-0.4710263993867431,0.5597945848098801,
023_210℃_040_1.0mm.csv,1.0,40,1.480485,0.300062121,1.525915,0.30014275,0.04543,3.697205639,210,0.04542999999999986,3397062.889,385.2080123266576,40.0,15408.320493066303,41.994167904018916,2311.2480739599455,0.04544899999999998,0.0002513314544580161,-0.0002513314544580161,385.05642873988916,2.136789358228639,-2.136789358228639,15402.257149595567,85.47157432914624,-85.47157432914624,3387577.1456,14711.01118108309,-14711.01118108309,2310.31018026649,2323.1439605662813,2297.5472978187386,41.89358976329843,42.26888252645384,41.52162911231771,0.0,0.0,0.0,0.0464763972628465,0.0,0.0,
024_210℃_040_1.0mm.csv,1.0,40,1.48045,0.300145067,1.525875,0.300190358,0.045425,3.695675148,210,0.04542500000000005,3395484.79,385.250412768299,40.0,15410.016510731959,41.97003988727895,2311.5024766097936,0.04544899999999998,0.0002513314544580161,-0.0002513314544580161,385.05642873988916,2.136789358228639,-2.136789358228639,15402.257149595567,85.47157432914624,-85.47157432914624,3387577.1456,14711.01118108309,-14711.01118108309,2310.31018026649,2323.1439605662813,2297.5472978187386,41.89358976329843,42.26888252645384,41.52162911231771,-0.011005943208916414,0.011007154650108703,0.011007154650105752,0.0,0.011007154650093947,-0.05745563716159745,
025_210℃_040_1.0mm.csv,1.0,40,1.48048,0.300046538,1.525535,0.300070786,0.045055,3.665165017,210,0.04505500000000007,3365094.231,388.4141604705354,40.0,15536.566418821418,41.255597436110264,2330.4849628232128,0.04544899999999998,0.0002513314544580161,-0.0002513314544580161,385.05642873988916,2.136789358228639,-2.136789358228639,15402.257149595567,85.47157432914624,-85.47157432914624,3387577.1456,14711.01118108309,-14711.01118108309,2310.31018026649,2323.1439605662813,2297.5472978187386,41.89358976329843,42.26888252645384,41.52162911231771,-0.825445740699523,0.8323160581506848,0.8323160581506907,-0.8950285711631738,0.8323160581506946,-1.7587453324392912,
031_210℃_080_1.0mm.csv,1.0,80,1.487185,0.300011312,1.509895,0.300243504,0.02271,3.164981547,210,0.022710000000000008,2864738.043,770.5856450902684,40.0,30823.425803610735,17.702911824906128,4623.51387054161,0.022487000000000014,0.0003350111938428783,-0.0003350111938428783,778.3666775887451,11.68506813670723,-11.68506813670723,31134.667103549804,467.4027254682884,-467.4027254682884,2833878.0288,46701.64601482814,-46701.64601482814,4669.781210600464,4740.143863953004,4600.463019848406,17.336806876180592,17.891077780707647,16.799707448932367,0.8213096559373081,-0.8146191105234643,-0.8146191105234615,0.6368112870303588,-0.8146191105234691,1.4633511355581406,
032_210℃_080_1.0mm.csv,1.0,80,1.48725,0.300087771,1.509775,0.300011846,0.022525,3.146622352,210,0.022525000000000128,2846610.506,776.9145394006615,40.0,31076.58157602646,17.44759228507493,4661.487236403969,0.022487000000000014,0.0003350111938428783,-0.0003350111938428783,778.3666775887451,11.68506813670723,-11.68506813670723,31134.667103549804,467.4027254682884,-467.4027254682884,2833878.0288,46701.64601482814,-46701.64601482814,4669.781210600464,4740.143863953004,4600.463019848406,17.336806876180592,17.891077780707647,16.799707448932367,0.0,0.0,0.0,0.0,0.0,0.0,
033_210℃_080_1.0mm.csv,1.0,80,1.487125,0.300151295,1.50997,0.300211564,0.022845,3.181511015,210,0.022845000000000004,2881299.451,766.0319544758152,40.0,30641.278179032604,17.911098219889798,4596.1917268548905,0.022487000000000014,0.0003350111938428783,-0.0003350111938428783,778.3666775887451,11.68506813670723,-11.68506813670723,31134.667103549804,467.4027254682884,-467.4027254682884,2833878.0288,46701.64601482814,-46701.64601482814,4669.781210600464,4740.143863953004,4600.463019848406,17.336806876180592,17.891077780707647,16.799707448932367,1.4206437291892302,-1.4007441453266605,-1.4007441453266634,1.2186052474296543,-1.400744145326675,2.6565610156500634,
034_210℃_080_1.0mm.csv,1.0,80,1.48734,0.30022873,1.50932,0.300165294,0.02198,3.063846682,210,0.02197999999999989,2763681.388,796.1783439490487,40.0,31847.133757961947,16.529446777752298,4777.070063694292,0.022487000000000014,0.0003350111938428783,-0.0003350111938428783,778.3666775887451,11.68506813670723,-11.68506813670723,31134.667103549804,467.4027254682884,-467.4027254682884,2833878.0288,46701.64601482814,-46701.64601482814,4669.781210600464,4740.143863953004,4600.463019848406,17.336806876180592,17.891077780707647,16.799707448932367,-2.4195338512774103,2.4795268425852752,2.4795268425852783,-2.9132583409358164,2.4795268425852703,-5.262304920479107,
035_210℃_080_1.0mm.csv,1.0,80,1.48723,0.300166775,1.509605,0.300229186,0.022375,3.113289942,210,0.022375000000000034,2813060.756,782.1229050279318,40.0,31284.91620111727,17.127138616462613,4692.73743016759,0.022487000000000014,0.0003350111938428783,-0.0003350111938428783,778.3666775887451,11.68506813670723,-11.68506813670723,31134.667103549804,467.4027254682884,-467.4027254682884,2833878.0288,46701.64601482814,-46701.64601482814,4669.781210600464,4740.143863953004,4600.463019848406,17.336806876180592,17.891077780707647,16.799707448932367,-0.6659267480581295,0.670391061452934,0.6703910614529341,-1.1785858981861006,0.6703910614529145,-1.8366641274993551,
041_210℃_120_1.0mm.csv,1.0,120,1.489415,0.300173674,1.504475,0.300113733,0.01506,2.431497766,210,0.015060000000000073,2131384.0330000003,1162.018592297471,40.0,46480.74369189884,8.734324771967392,6972.111553784826,0.015401000000000043,0.00022777181564011075,-0.00022777181564011075,1136.4900668774817,16.923462694151702,-16.923462694151702,45459.60267509927,676.9385077660693,-676.9385077660693,2205068.3170000003,52167.403729423575,-52167.403729423575,6818.3383576889355,6920.279179277269,6717.89919966603,9.237994672593166,9.598054652843507,8.891441928347097,-2.3979261179519127,2.4568393094288177,2.4568393094288012,-3.9634879927455238,2.4568393094288035,-6.8170225516829674,
042_210℃_120_1.0mm.csv,1.0,120,1.489385,0.300128703,1.50504,0.300182034,0.015655,2.565919466,210,0.015654999999999974,2265737.432,1117.8537208559583,40.0,44714.14883423833,9.651733196723795,6707.12232513575,0.015401000000000043,0.00022777181564011075,-0.00022777181564011075,1136.4900668774817,16.923462694151702,-16.923462694151702,45459.60267509927,676.9385077660693,-676.9385077660693,2205068.3170000003,52167.403729423575,-52167.403729423575,6818.3383576889355,6920.279179277269,6717.89919966603,9.237994672593166,9.598054652843507,8.891441928347097,1.4581983149703106,-1.4372404982428668,-1.4372404982428748,2.0902459268605655,-1.43724049824288,2.970436786827082,
043_210℃_120_1.0mm.csv,1.0,120,1.489345,0.300053867,1.504665,0.300271016,0.01532,2.476681037,210,0.01532,2176410.021,1142.2976501305484,40.0,45691.906005221936,9.072816740604082,6853.78590078329,0.015401000000000043,0.00022777181564011075,-0.00022777181564011075,1136.4900668774817,16.923462694151702,-16.923462694151702,45459.60267509927,676.9385077660693,-676.9385077660693,2205068.3170000003,52167.403729423575,-52167.403729423575,6818.3383576889355,6920.279179277269,6717.89919966603,9.237994672593166,9.598054652843507,8.891441928347097,-0.7128969539860928,0.7180156657967153,0.7180156657967073,-1.934694133802092,0.7180156657967018,-3.2057886780421048,
044_210℃_120_1.0mm.csv,1.0,120,1.489455,0.300052953,1.504885,0.300179945,0.01543,2.532642435,210,0.015430000000000055,2232462.49,1134.1542449773128,40.0,45366.16979909252,9.37330509406806,6804.925469863878,0.015401000000000043,0.00022777181564011075,-0.00022777181564011075,1136.4900668774817,16.923462694151702,-16.923462694151702,45459.60267509927,676.9385077660693,-676.9385077660693,2205068.3170000003,52167.403729423575,-52167.403729423575,6818.3383576889355,6920.279179277269,6717.89919966603,9.237994672593166,9.598054652843507,8.891441928347097,0.0,0.0,0.0,0.590934063092054,0.0,0.0,
045_210℃_120_1.0mm.csv,1.0,120,1.48931,0.300049952,1.50485,0.300300376,0.01554,2.519647985,210,0.01554000000000011,2219347.609,1126.1261261261182,40.0,45045.045045044724,9.384669889485782,6756.756756756708,0.015401000000000043,0.00022777181564011075,-0.00022777181564011075,1136.4900668774817,16.923462694151702,-16.923462694151702,45459.60267509927,676.9385077660693,-676.9385077660693,2205068.3170000003,52167.403729423575,-52167.403729423575,6818.3383576889355,6920.279179277269,6717.89919966603,9.237994672593166,9.598054652843507,8.891441928347097,0.7128969539860928,-0.7078507078510532,-0.7078507078510652,0.0,-0.7078507078510865,0.12124640458906709,
051_210℃_160_1.0mm.csv,1.0,160,1.49029,0.300165136,1.50245,0.300030874,0.01216,2.056464351,210,0.01216000000000017,1756433.477,1439.144736842085,40.0,57565.7894736834,5.8117635592708305,8634.86842105251,0.011948000000000025,0.0002024413495312633,-0.0002024413495312633,1465.0165464398565,24.808820671953104,-24.808820671953104,58600.66185759427,992.3528268781255,-992.3528268781255,1728384.4912,25814.858771715008,-25814.858771715008,8789.090611282516,8939.243599349056,8641.459751578936,5.618103528051618,5.7949545834802985,5.44664963240317,2.0562316407912284,-2.014802631581171,-2.014802631581174,2.4098956966346514,-2.014802631581166,4.876009201673771,
052_210℃_160_1.0mm.csv,1.0,160,1.49034,0.300158691,1.502255,0.300083719,0.011915,2.009292366,210,0.011914999999999898,1709208.6469999999,1468.7368862778137,40.0,58749.47545111255,5.541556742586347,8812.421317666882,0.011948000000000025,0.0002024413495312633,-0.0002024413495312633,1465.0165464398565,24.808820671953104,-24.808820671953104,58600.66185759427,992.3528268781255,-992.3528268781255,1728384.4912,25814.858771715008,-25814.858771715008,8789.090611282516,8939.243599349056,8641.459751578936,5.618103528051618,5.7949545834802985,5.44664963240317,0.0,0.0,0.0,-0.34357602769829954,0.0,0.0,
053_210℃_160_1.0mm.csv,1.0,160,1.49043,0.300028885,1.502235,0.300298053,0.011805,2.005148458,210,0.011805000000000065,1704850.4049999998,1482.4227022448033,40.0,59296.90808979213,5.4763970152449275,8894.53621346882,0.011948000000000025,0.0002024413495312633,-0.0002024413495312633,1465.0165464398565,24.808820671953104,-24.808820671953104,58600.66185759427,992.3528268781255,-992.3528268781255,1728384.4912,25814.858771715008,-25814.858771715008,8789.090611282516,8939.243599349056,8641.459751578936,5.618103528051618,5.7949545834802985,5.44664963240317,-0.923206042801791,0.9318085556953121,0.9318085556953059,-0.5976859125787851,0.9318085556953225,-1.175837952549923,
054_210℃_160_1.0mm.csv,1.0,160,1.490295,0.300133678,1.502445,0.300021759,0.01215,2.056350362,210,0.012150000000000105,1756328.603,1440.3292181069835,40.0,57613.16872427934,5.8066374221633135,8641.975308641902,0.011948000000000025,0.0002024413495312633,-0.0002024413495312633,1465.0165464398565,24.808820671953104,-24.808820671953104,58600.66185759427,992.3528268781255,-992.3528268781255,1728384.4912,25814.858771715008,-25814.858771715008,8789.090611282516,8939.243599349056,8641.459751578936,5.618103528051618,5.7949545834802985,5.44664963240317,1.9723038187176605,-1.9341563786025096,-1.9341563786025096,2.403780955859134,-1.9341563786024891,4.783505644539307,
055_210℃_160_1.0mm.csv,1.0,160,1.490555,0.300285604,1.502265,0.300040757,0.01171,2.015142081,210,0.011709999999999887,1715101.324,1494.4491887275976,40.0,59777.96754910391,5.464989524908791,8966.695132365587,0.011948000000000025,0.0002024413495312633,-0.0002024413495312633,1465.0165464398565,24.808820671953104,-24.808820671953104,58600.66185759427,992.3528268781255,-992.3528268781255,1728384.4912,25814.858771715008,-25814.858771715008,8789.090611282516,8939.243599349056,8641.459751578936,5.618103528051618,5.7949545834802985,5.44664963240317,-1.7205203524969575,1.7506404782238443,1.7506404782238476,0.0,1.75064047822386,-1.3816914855196534,
061_210℃_200_1.0mm.csv,1.0,200,1.490995,0.300161371,1.50105,0.300186722,0.010055,1.747462461,210,0.010054999999999925,1447275.739,1740.427647936363,40.0,69617.10591745452,3.959825185209495,10442.565887618179,0.010047999999999968,9.846319109188764e-05,-9.846319109188764e-05,1741.773520098802,17.016403349074228,-17.016403349074228,69670.94080395208,680.656133962968,-680.656133962968,1450317.9882,40468.514461640734,-40468.514461640734,10450.241339688873,10552.992605526862,10348.490531543406,3.9640244568811362,4.112591080939055,3.8208247757916705,0.0,0.0,0.0,0.707719865165799,0.0,0.657666326465101,
062_210℃_200_1.0mm.csv,1.0,200,1.490955,0.300159787,1.501015,0.300299675,0.01006,1.737404736,210,0.010059999999999958,1437105.061,1739.5626242544804,40.0,69582.50497017922,3.933952901676174,10437.375745526882,0.010047999999999968,9.846319109188764e-05,-9.846319109188764e-05,1741.773520098802,17.016403349074228,-17.016403349074228,69670.94080395208,680.656133962968,-680.656133962968,1450317.9882,40468.514461640734,-40468.514461640734,10450.241339688873,10552.992605526862,10348.490531543406,3.9640244568811362,4.112591080939055,3.8208247757916705,0.04972650422707899,-0.049701789264738505,-0.04970178926474373,0.0,-0.049701789264747206,0.0,
063_210℃_200_1.0mm.csv,1.0,200,1.491145,0.30006749,1.50134,0.300269847,0.010195,1.820522999,210,0.010194999999999954,1520253.152,1716.5277096616067,40.0,68661.10838646427,4.217409764527871,10299.16625796964,0.010047999999999968,9.846319109188764e-05,-9.846319109188764e-05,1741.773520098802,17.016403349074228,-17.016403349074228,69670.94080395208,680.656133962968,-680.656133962968,1450317.9882,40468.514461640734,-40468.514461640734,10450.241339688873,10552.992605526862,10348.490531543406,3.9640244568811362,4.112591080939055,3.8208247757916705,1.3923421183493787,-1.3732221677295602,-1.3732221677295577,5.785804619054224,-1.3732221677295646,7.205395436506685,
064_210℃_200_1.0mm.csv,1.0,200,1.491015,0.300238981,1.50094,0.300240544,0.009925,1.719519237,210,0.009924999999999962,1419278.6930000002,1763.2241813602084,40.0,70528.96725440833,3.8330179668095092,10579.345088161248,0.010047999999999968,9.846319109188764e-05,-9.846319109188764e-05,1741.773520098802,17.016403349074228,-17.016403349074228,69670.94080395208,680.656133962968,-680.656133962968,1450317.9882,40468.514461640734,-40468.514461640734,10450.241339688873,10552.992605526862,10348.490531543406,3.9640244568811362,4.112591080939055,3.8208247757916705,-1.2928891098952207,1.3098236775815075,1.3098236775814944,-1.2404359628095265,1.309823677581477,-2.565738263507384,
065_210℃_200_1.0mm.csv,1.0,200,1.49097,0.300032459,1.500975,0.300302866,0.010005,1.727980162,210,0.010005000000000042,1427677.2959999999,1749.125437281352,40.0,69965.01749125408,3.8867785976816482,10494.752623688113,0.010047999999999968,9.846319109188764e-05,-9.846319109188764e-05,1741.773520098802,17.016403349074228,-17.016403349074228,69670.94080395208,680.656133962968,-680.656133962968,1450317.9882,40468.514461640734,-40468.514461640734,10450.241339688873,10552.992605526862,10348.490531543406,3.9640244568811362,4.112591080939055,3.8208247757916705,-0.4972650422663734,0.49975012493637183,0.49975012493636406,-0.6560247580952699,0.4997501249363675,-1.1991578235322957,
071_210℃_240_1.0mm.csv,1.0,240,1.49136,0.300185636,1.50035,0.300183558,0.00899,1.582722107,210,0.008990000000000054,1282538.5489999999,1946.6073414905334,40.0,77864.29365962134,3.1374208314313106,11679.644048943203,0.008851250000000033,0.00021990054570191864,-0.00021990054570191864,1978.0365346876856,49.08995268365396,-49.08995268365396,79121.46138750743,1963.5981073461617,-1963.5981073461617,1268690.4309999999,43980.534327452595,-43980.534327452595,11865.475889013429,12163.833020564174,11574.436925822665,3.0535703562911256,3.2391203304047154,2.8786494386440027,3.3927544565834404,-3.2814238042261774,-3.2814238042261703,3.219652642337693,-3.2814238042261588,6.7216420074305585,
072_210℃_240_1.0mm.csv,1.0,240,1.491435,0.300021335,1.50052,0.300272979,0.009085,1.624367996,210,0.00908500000000001,1324095.0169999998,1926.2520638414949,40.0,77050.0825536598,3.2733070012095267,11557.51238304897,0.008851250000000033,0.00021990054570191864,-0.00021990054570191864,1978.0365346876856,49.08995268365396,-49.08995268365396,79121.46138750743,1963.5981073461617,-1963.5981073461617,1268690.4309999999,43980.534327452595,-43980.534327452595,11865.475889013429,12163.833020564174,11574.436925822665,3.0535703562911256,3.2391203304047154,2.8786494386440027,4.485336400228696,-4.292790313702704,-4.2927903137026995,6.564147975711419,-4.292790313702696,11.34390849445959,
073_210℃_240_1.0mm.csv,1.0,240,1.491475,0.300200193,1.50011,0.300332821,0.008635,1.525927686,210,0.008634999999999948,1225594.865,2026.6357845975801,40.0,81065.43138390321,2.879731063748282,12159.814707585483,0.008851250000000033,0.00021990054570191864,-0.00021990054570191864,1978.0365346876856,49.08995268365396,-49.08995268365396,79121.46138750743,1963.5981073461617,-1963.5981073461617,1268690.4309999999,43980.534327452595,-43980.534327452595,11865.475889013429,12163.833020564174,11574.436925822665,3.0535703562911256,3.2391203304047154,2.8786494386440027,-0.6900517538834986,0.6948465547211439,0.6948465547211506,-1.3632172349364842,0.6948465547211626,-2.043862084381054,
075_210℃_240_1.0mm.csv,1.0,240,1.491485,0.300162093,1.50018,0.300026302,0.008695,1.542559595,210,0.00869500000000012,1242533.2929999998,2012.650948821134,40.0,80506.03795284536,2.9398168660231687,12075.905692926804,0.008851250000000033,0.00021990054570191864,-0.00021990054570191864,1978.0365346876856,49.08995268365396,-49.08995268365396,79121.46138750743,1963.5981073461617,-1963.5981073461617,1268690.4309999999,43980.534327452595,-43980.534327452595,11865.475889013429,12163.833020564174,11574.436925822665,3.0535703562911256,3.2391203304047154,2.8786494386440027,0.0,0.0,0.0,0.0,0.0,0.0,
001_230℃_010_1.0mm.csv,1.0,10,1.414705,0.300035387,1.609685,0.300009618,0.19498,3.57544647,230,0.19497999999999993,3275436.8520000004,89.75279515847782,40.0,3590.111806339113,173.78086459944484,538.516770950867,0.194838,0.001870055480460321,-0.001870055480460321,89.82483291128412,0.8628142542311863,-0.8628142542311863,3592.9933164513654,34.51257016924738,-34.51257016924738,3264295.3208,28287.834163047522,-28287.834163047522,538.9291170211445,544.1288039827937,533.7791181927117,173.05202283178053,176.23046611665728,169.93090505898917,0.0,0.0,0.0,0.0,0.0,0.0,
002_230℃_010_1.0mm.csv,1.0,10,1.41491,0.300016734,1.60809,0.300042284,0.19318,3.53974476,230,0.19318000000000013,3239702.4760000003,90.5890878972978,40.0,3623.563515891912,170.29815627583142,543.5345273837868,0.194838,0.001870055480460321,-0.001870055480460321,89.82483291128412,0.8628142542311863,-0.8628142542311863,3592.9933164513654,34.51257016924738,-34.51257016924738,3264295.3208,28287.834163047522,-28287.834163047522,538.9291170211445,544.1288039827937,533.7791181927117,173.05202283178053,176.23046611665728,169.93090505898917,-0.9231716073442416,0.9317734755149671,0.9317734755149638,-1.0909804589326932,0.9317734755149512,-2.0040804444383853,
003_230℃_010_1.0mm.csv,1.0,10,1.414215,0.300029432,1.610955,0.300040801,0.19674,3.590759805,230,0.19673999999999991,3290719.0039999997,88.9498830944394,40.0,3557.9953237775762,176.1676345161795,533.6992985666363,0.194838,0.001870055480460321,-0.001870055480460321,89.82483291128412,0.8628142542311863,-0.8628142542311863,3592.9933164513654,34.51257016924738,-34.51257016924738,3264295.3208,28287.834163047522,-28287.834163047522,538.9291170211445,544.1288039827937,533.7791181927117,173.05202283178053,176.23046611665728,169.93090505898917,0.902656682736683,-0.8945816814069243,-0.8945816814069243,0.46656835990191464,-0.8945816814069453,1.3734365531188002,
004_230℃_010_1.0mm.csv,1.0,10,1.41415,0.300031229,1.610735,0.300035787,0.196585,3.586909612,230,0.196585,3286873.8249999997,89.02001678663173,40.0,3560.8006714652693,175.8231539830272,534.1201007197903,0.194838,0.001870055480460321,-0.001870055480460321,89.82483291128412,0.8628142542311863,-0.8628142542311863,3592.9933164513654,34.51257016924738,-34.51257016924738,3264295.3208,28287.834163047522,-28287.834163047522,538.9291170211445,544.1288039827937,533.7791181927117,173.05202283178053,176.23046611665728,169.93090505898917,0.8231613498820798,-0.8164407253860088,-0.8164407253860119,0.34917397332865135,-0.8164407253860245,1.175209588403027,
005_230℃_010_1.0mm.csv,1.0,10,1.414815,0.300048229,1.60752,0.30003235,0.192705,3.528776797,230,0.19270500000000013,3228744.447,90.8123816195739,40.0,3632.495264782956,169.3048159616695,544.8742897174434,0.194838,0.001870055480460321,-0.001870055480460321,89.82483291128412,0.8628142542311863,-0.8628142542311863,3592.9933164513654,34.51257016924738,-34.51257016924738,3264295.3208,28287.834163047522,-28287.834163047522,538.9291170211445,544.1288039827937,533.7791181927117,173.05202283178053,176.23046611665728,169.93090505898917,-1.1667863370601117,1.1805609610543575,1.180560961054351,-1.4255321384532147,1.1805609610543468,-2.575685561291444,
011_230℃_020_1.0mm.csv,1.0,20,1.45873,0.300096609,1.55084,0.300003899,0.09211,3.344066951,230,0.09210999999999991,3044063.0519999997,189.9902290739335,40.0,7599.60916295734,76.29623067203258,1139.941374443601,0.09214999999999995,0.0006980150428178562,-0.0006980150428178562,189.91645924510527,1.4357307779580248,-1.4357307779580248,7596.65836980421,57.429231118321034,-57.429231118321034,3052105.4134,25796.14318355528,-25796.14318355528,1139.4726719106743,1148.1281593794622,1130.8824362717542,76.52709102413617,77.75122681620478,75.32222834837434,0.0,0.0,0.0,0.0,0.0,0.0,
012_230℃_020_1.0mm.csv,1.0,20,1.45886,0.300079489,1.550355,0.300060139,0.091495,3.326689127,230,0.09149499999999988,3026628.988,191.2672823651568,40.0,7650.691294606272,75.35276714477814,1147.6036941909408,0.09214999999999995,0.0006980150428178562,-0.0006980150428178562,189.91645924510527,1.4357307779580248,-1.4357307779580248,7596.65836980421,57.429231118321034,-57.429231118321034,3052105.4134,25796.14318355528,-25796.14318355528,1139.4726719106743,1148.1281593794622,1130.8824362717542,76.52709102413617,77.75122681620478,75.32222834837434,-0.6676799478884299,0.6721678780261585,0.6721678780261585,-0.572723485098159,0.6721678780261585,-1.2365794731197335,
013_230℃_020_1.0mm.csv,1.0,20,1.4589,0.300001896,1.552005,0.300001262,0.093105,3.39209638,230,0.093105,3092095.1180000002,187.95983029912466,40.0,7518.393211964986,78.33728325480001,1127.7589817947478,0.09214999999999995,0.0006980150428178562,-0.0006980150428178562,189.91645924510527,1.4357307779580248,-1.4357307779580248,7596.65836980421,57.429231118321034,-57.429231118321034,3052105.4134,25796.14318355528,-25796.14318355528,1139.4726719106743,1148.1281593794622,1130.8824362717542,76.52709102413617,77.75122681620478,75.32222834837434,1.0802301595918793,-1.0686858922722429,-1.068685892272246,1.5778932689466703,-1.068685892272258,2.675168307515892,
014_230℃_020_1.0mm.csv,1.0,20,1.45905,0.300049975,1.550535,0.30005932,0.091485,3.336124523,230,0.09148500000000004,3036065.203,191.28818932065357,40.0,7651.527572826143,75.57943540039595,1147.7291359239214,0.09214999999999995,0.0006980150428178562,-0.0006980150428178562,189.91645924510527,1.4357307779580248,-1.4357307779580248,7596.65836980421,57.429231118321034,-57.429231118321034,3052105.4134,25796.14318355528,-25796.14318355528,1139.4726719106743,1148.1281593794622,1130.8824362717542,76.52709102413617,77.75122681620478,75.32222834837434,-0.6785365324067704,0.6831721047164869,0.6831721047164899,-0.26273598356462247,0.6831721047164819,-0.9394897563391402,
015_230℃_020_1.0mm.csv,1.0,20,1.45871,0.30003174,1.551265,0.300016459,0.092555,3.361691165,230,0.09255499999999994,3061674.706,189.0767651666578,40.0,7563.0706066663115,77.1083816092054,1134.4605909999468,0.09214999999999995,0.0006980150428178562,-0.0006980150428178562,189.91645924510527,1.4357307779580248,-1.4357307779580248,7596.65836980421,57.429231118321034,-57.429231118321034,3052105.4134,25796.14318355528,-25796.14318355528,1139.4726719106743,1148.1281593794622,1130.8824362717542,76.52709102413617,77.75122681620478,75.32222834837434,0.4831180110737478,-0.48079520285237604,-0.480795202852379,0.5785574641244356,-0.48079520285237104,1.0644705905117822,
021_230℃_040_1.0mm.csv,1.0,40,1.479245,0.300138459,1.52452,0.300045751,0.045275,3.391806458,230,0.045275000000000176,3091760.707,386.5267807840957,40.0,15461.071231363829,38.08965061480967,2319.160684704574,0.045004,0.0002862123337664765,-0.0002862123337664765,388.86694633117247,2.4809300661007483,-2.4809300661007483,15554.6778532469,99.2372026440286,-99.2372026440286,3066900.0826000003,20810.00917488351,-20810.00917488351,2333.163770866845,2348.0730469074374,2318.3491624569497,37.555914652033145,38.048227401599604,37.0699720242815,0.47714158899262266,-0.47487575924918707,-0.4748757592491813,0.7872571912294984,-0.4748757592491968,1.2681551116937966,
022_230℃_040_1.0mm.csv,1.0,40,1.479125,0.300053235,1.52436,0.300005033,0.045235,3.375949059,230,0.045234999999999914,3075944.0259999996,386.8685752183051,40.0,15474.743008732205,37.8613137458802,2321.2114513098304,0.045004,0.0002862123337664765,-0.0002862123337664765,388.86694633117247,2.4809300661007483,-2.4809300661007483,15554.6778532469,99.2372026440286,-99.2372026440286,3066900.0826000003,20810.00917488351,-20810.00917488351,2333.163770866845,2348.0730469074374,2318.3491624569497,37.555914652033145,38.048227401599604,37.0699720242815,0.3883710608073986,-0.3868685752178931,-0.38686857521789314,0.27165457934254084,-0.3868685752179126,0.6610806679214705,
023_230℃_040_1.0mm.csv,1.0,40,1.47915,0.300057018,1.52421,0.300085383,0.04506,3.367696104,230,0.0450600000000001,3067610.7210000004,388.3710608078109,40.0,15534.842432312436,37.61266369748581,2330.2263648468656,0.045004,0.0002862123337664765,-0.0002862123337664765,388.86694633117247,2.4809300661007483,-2.4809300661007483,15554.6778532469,99.2372026440286,-99.2372026440286,3066900.0826000003,20810.00917488351,-20810.00917488351,2333.163770866845,2348.0730469074374,2318.3491624569497,37.555914652033145,38.048227401599604,37.0699720242815,0.0,0.0,0.0,0.0,0.0,0.0,
024_230℃_040_1.0mm.csv,1.0,40,1.4793,0.300098564,1.52417,0.300140105,0.04487,3.364442634,230,0.044869999999999965,3064302.529,390.01560062402524,40.0,15600.62402496101,37.4136746874095,2340.093603744151,0.045004,0.0002862123337664765,-0.0002862123337664765,388.86694633117247,2.4809300661007483,-2.4809300661007483,15554.6778532469,99.2372026440286,-99.2372026440286,3066900.0826000003,20810.00917488351,-20810.00917488351,2333.163770866845,2348.0730469074374,2318.3491624569497,37.555914652033145,38.048227401599604,37.0699720242815,-0.42166000887735045,0.42344550924924224,0.42344550924924224,-0.107842627402275,0.42344550924922275,-0.5290479070473592,
025_230℃_040_1.0mm.csv,1.0,40,1.47927,0.300102843,1.52385,0.300060062,0.04458,3.334942492,230,0.04457999999999984,3034882.43,392.5527142216254,40.0,15702.108568865016,36.81498196718355,2355.316285329752,0.045004,0.0002862123337664765,-0.0002862123337664765,388.86694633117247,2.4809300661007483,-2.4809300661007483,15554.6778532469,99.2372026440286,-99.2372026440286,3066900.0826000003,20810.00917488351,-20810.00917488351,2333.163770866845,2348.0730469074374,2318.3491624569497,37.555914652033145,38.048227401599604,37.0699720242815,-1.0652463382162827,1.076716016151325,1.076716016151325,-1.0668984423594403,1.0767160161513054,-2.1207796839860054,
031_230℃_080_1.0mm.csv,1.0,80,1.486725,0.300228509,1.50952,0.300029372,0.022795,2.987575774,230,0.0227949999999999,2687546.4020000002,767.7122175915805,40.0,30708.48870366322,16.67010074383394,4606.273305549483,0.022533999999999964,0.00027093357119410244,-0.00027093357119410244,776.6944130199787,9.374941685824162,-9.374941685824162,31067.776520799147,374.99766743296544,-374.99766743296544,2654776.0556,33285.83474074986,-33285.83474074986,4659.89560695397,4716.3726603542755,4604.094848195857,16.276316984159468,16.67527607705099,15.886903062038453,1.3786969090506307,-1.3599473568766651,-1.3599473568766651,0.9759768134154674,-1.3599473568766653,2.368129484625718,
032_230℃_080_1.0mm.csv,1.0,80,1.48663,0.300161963,1.50942,0.300071204,0.02279,2.969431617,230,0.022790000000000088,2669360.413,767.880649407632,40.0,30715.22597630528,16.553666343474895,4607.2838964457915,0.022533999999999964,0.00027093357119410244,-0.00027093357119410244,776.6944130199787,9.374941685824162,-9.374941685824162,31067.776520799147,374.99766743296544,-374.99766743296544,2654776.0556,33285.83474074986,-33285.83474074986,4659.89560695397,4716.3726603542755,4604.094848195857,16.276316984159468,16.67527607705099,15.886903062038453,1.3564598621313035,-1.3383062746828545,-1.3383062746828545,0.2926963304342345,-1.3383062746828545,1.6531265008058127,
033_230℃_080_1.0mm.csv,1.0,80,1.48684,0.300231025,1.508985,0.30003569,0.022145,2.899163033,230,0.02214500000000008,2599127.343,790.2461052156214,40.0,31609.844208624854,15.661952383873528,4741.476631293728,0.022533999999999964,0.00027093357119410244,-0.00027093357119410244,776.6944130199787,9.374941685824162,-9.374941685824162,31067.776520799147,374.99766743296544,-374.99766743296544,2654776.0556,33285.83474074986,-33285.83474074986,4659.89560695397,4716.3726603542755,4604.094848195857,16.276316984159468,16.67527607705099,15.886903062038453,-1.5121191905705444,1.5353352901322244,1.5353352901322213,-2.34608707534341,1.5353352901322292,-3.822730633020175,
034_230℃_080_1.0mm.csv,1.0,80,1.48686,0.30009238,1.509315,0.300107599,0.022455,2.956383624,230,0.02245499999999989,2656276.025,779.3364506791398,40.0,31173.458027165594,16.23038860989788,4676.01870407484,0.022533999999999964,0.00027093357119410244,-0.00027093357119410244,776.6944130199787,9.374941685824162,-9.374941685824162,31067.776520799147,374.99766743296544,-374.99766743296544,2654776.0556,33285.83474074986,-33285.83474074986,4659.89560695397,4716.3726603542755,4604.094848195857,16.276316984159468,16.67527607705099,15.886903062038453,-0.13342228152090135,0.13360053440202066,0.13360053440202066,-0.19890778040922863,0.13360053440204012,-0.33206467463138606,
035_230℃_080_1.0mm.csv,1.0,80,1.48686,0.300233366,1.509345,0.300218748,0.022485,2.961788843,230,0.022484999999999866,2661570.095,778.2966422059197,40.0,31131.86568823679,16.284463560836638,4669.779853235518,0.022533999999999964,0.00027093357119410244,-0.00027093357119410244,776.6944130199787,9.374941685824162,-9.374941685824162,31067.776520799147,374.99766743296544,-374.99766743296544,2654776.0556,33285.83474074986,-33285.83474074986,4659.89560695397,4716.3726603542755,4604.094848195857,16.276316984159468,16.67527607705099,15.886903062038453,0.0,0.0,0.0,0.0,0.0,0.0,
041_230℃_120_1.0mm.csv,1.0,120,1.48909,0.300143228,1.504305,0.300177951,0.015215,2.347563704,230,0.015214999999999979,2047385.7530000003,1150.1807426881383,40.0,46007.229707525534,8.476455573304749,6901.08445612883,0.015507000000000026,0.00028523236141783897,-0.00028523236141783897,1128.8242528782662,20.501775728932,-20.501775728932,45152.970115130636,820.0710291572798,-820.0710291572798,2102789.3150000004,41017.90110785722,-41017.90110785722,6772.044330689009,6896.960934516568,6649.390195513942,8.870371107613652,9.206981063592357,8.546067711372757,-1.7753389283410277,1.8074268813672318,1.807426881367244,-2.373776866970994,1.8074268813672518,-4.106973210520751,
042_230℃_120_1.0mm.csv,1.0,120,1.489115,0.300267977,1.504645,0.300290657,0.01553,2.424972091,230,0.015530000000000044,2124681.434,1126.851255634253,40.0,45074.05022537012,8.978585760549686,6761.107533805518,0.015507000000000026,0.00028523236141783897,-0.00028523236141783897,1128.8242528782662,20.501775728932,-20.501775728932,45152.970115130636,820.0710291572798,-820.0710291572798,2102789.3150000004,41017.90110785722,-41017.90110785722,6772.044330689009,6896.960934516568,6649.390195513942,8.870371107613652,9.206981063592357,8.546067711372757,0.25823111684983857,-0.25756600128809826,-0.2575660012880942,1.3119405848908456,-0.25756600128809154,1.5735595405654723,
043_230℃_120_1.0mm.csv,1.0,120,1.489145,0.300215998,1.50448,0.300191213,0.015335,2.388023376,230,0.015335000000000099,2087832.163,1141.1803064884177,40.0,45647.21225953671,8.712083325062641,6847.081838930506,0.015507000000000026,0.00028523236141783897,-0.00028523236141783897,1128.8242528782662,20.501775728932,-20.501775728932,45152.970115130636,820.0710291572798,-820.0710291572798,2102789.3150000004,41017.90110785722,-41017.90110785722,6772.044330689009,6896.960934516568,6649.390195513942,8.870371107613652,9.206981063592357,8.546067711372757,-1.000645577791512,1.0107597000319692,1.0107597000319772,-0.44515631180493276,1.0107597000319692,-1.4413474526480987,
044_230℃_120_1.0mm.csv,1.0,120,1.48885,0.300151777,1.504815,0.300011191,0.015965,2.456890578,230,0.015965000000000007,2156879.387,1096.1478233636074,40.0,43845.91293454429,9.369953581892522,6576.886940181644,0.015507000000000026,0.00028523236141783897,-0.00028523236141783897,1128.8242528782662,20.501775728932,-20.501775728932,45152.970115130636,820.0710291572798,-820.0710291572798,2102789.3150000004,41017.90110785722,-41017.90110785722,6772.044330689009,6896.960934516568,6649.390195513942,8.870371107613652,9.206981063592357,8.546067711372757,3.066494512588787,-2.975258377701247,-2.975258377701247,2.8472470308788,-2.975258377701247,6.0010522174293435,
045_230℃_120_1.0mm.csv,1.0,120,1.489045,0.300008093,1.504535,0.300170506,0.01549,2.397338344,230,0.015490000000000004,2097167.838,1129.7611362169139,40.0,45190.44544867655,8.839491104930614,6778.566817301483,0.015507000000000026,0.00028523236141783897,-0.00028523236141783897,1128.8242528782662,20.501775728932,-20.501775728932,45152.970115130636,820.0710291572798,-820.0710291572798,2102789.3150000004,41017.90110785722,-41017.90110785722,6772.044330689009,6896.960934516568,6649.390195513942,8.870371107613652,9.206981063592357,8.546067711372757,0.0,0.0,0.0,0.0,0.0,0.0,
051_230℃_160_1.0mm.csv,1.0,160,1.490245,0.300253081,1.50193,0.300067627,0.011685,1.915523388,230,0.011684999999999945,1615455.761,1497.6465554129295,40.0,59905.862216517184,5.136489950281608,8985.879332477578,0.011912999999999929,0.0002780872165346518,-0.0002780872165346518,1469.6085076084578,33.47356042495383,-33.47356042495383,58784.340304338315,1338.9424169981546,-1338.9424169981546,1645003.8035999998,40606.90534336229,-40606.90534336229,8815.791056067477,9021.444072117849,8614.826110205486,5.330078271858537,5.587278284687943,5.084717985498588,-1.2674271229393728,1.2836970474956955,1.2836970474956986,-0.8414711477006191,1.283697047495711,-2.5920630820416886,
052_230℃_160_1.0mm.csv,1.0,160,1.490195,0.300264972,1.501955,0.300248386,0.01176,1.921148232,230,0.011759999999999993,1620899.846,1488.095238095239,40.0,59523.809523809556,5.186879507199997,8928.571428571433,0.011912999999999929,0.0002780872165346518,-0.0002780872165346518,1469.6085076084578,33.47356042495383,-33.47356042495383,58784.340304338315,1338.9424169981546,-1338.9424169981546,1645003.8035999998,40606.90534336229,-40606.90534336229,8815.791056067477,9021.444072117849,8614.826110205486,5.330078271858537,5.587278284687943,5.084717985498588,-0.6337135614687484,0.6377551020393211,0.6377551020393118,-0.5073069616057289,0.637755102039316,-1.6364800225710507,
053_230℃_160_1.0mm.csv,1.0,160,1.48998,0.300095445,1.50237,0.300092773,0.01239,2.015028858,230,0.012389999999999901,1714936.085,1412.4293785310847,40.0,56497.17514124339,5.781784515142811,8474.576271186508,0.011912999999999929,0.0002780872165346518,-0.0002780872165346518,1469.6085076084578,33.47356042495383,-33.47356042495383,58784.340304338315,1338.9424169981546,-1338.9424169981546,1645003.8035999998,40606.90534336229,-40606.90534336229,8815.791056067477,9021.444072117849,8614.826110205486,5.330078271858537,5.587278284687943,5.084717985498588,4.689480354880369,-4.479418886199263,-4.479418886199266,5.264745324289847,-4.479418886199258,9.645245444972034,
054_230℃_160_1.0mm.csv,1.0,160,1.49022,0.300105564,1.502055,0.300044091,0.011835,1.944606705,230,0.011834999999999818,1644562.614,1478.664976763859,40.0,59146.59907055436,5.296162867126449,8871.989860583153,0.011912999999999929,0.0002780872165346518,-0.0002780872165346518,1469.6085076084578,33.47356042495383,-33.47356042495383,58784.340304338315,1338.9424169981546,-1338.9424169981546,1645003.8035999998,40606.90534336229,-40606.90534336229,8815.791056067477,9021.444072117849,8614.826110205486,5.330078271858537,5.587278284687943,5.084717985498588,0.0,0.0,0.0,0.945140898681596,0.0,0.4359598600991629,
055_230℃_160_1.0mm.csv,1.0,160,1.4901,0.300263614,1.501995,0.300104677,0.011895,1.929269389,230,0.011894999999999989,1629164.7119999998,1471.2063892391775,40.0,58848.2555695671,5.273173945371422,8827.238335435066,0.011912999999999929,0.0002780872165346518,-0.0002780872165346518,1469.6085076084578,33.47356042495383,-33.47356042495383,58784.340304338315,1338.9424169981546,-1338.9424169981546,1645003.8035999998,40606.90534336229,-40606.90534336229,8815.791056067477,9021.444072117849,8614.826110205486,5.330078271858537,5.587278284687943,5.084717985498588,0.5069708491776252,-0.5044136191691623,-0.5044136191691593,0.0,-0.504413619169147,0.0,
061_230℃_200_1.0mm.csv,1.0,200,1.49091,0.300145261,1.500805,0.300190079,0.009895,1.682004551,230,0.009894999999999987,1381814.4719999998,1768.569984840831,40.0,70742.79939363324,3.7205589661061174,10611.419909044986,0.00970500000000003,0.0003679504042666693,-0.0003679504042666693,1805.2528768411437,67.90007247510732,-67.90007247510732,72210.11507364575,2716.002899004287,-2716.002899004287,1329242.1584,70964.12292284014,-70964.12292284014,10825.355967514066,11242.02945896592,10424.126022008466,3.504288686798983,3.8375954164778525,3.1999306512873544,2.1155830753355134,-2.071753410813657,-2.071753410813657,4.63964731964722,-2.071753410813657,6.8533859884324535,
062_230℃_200_1.0mm.csv,1.0,200,1.49092,0.300178535,1.500355,0.300313235,0.009435,1.579187487,230,0.009435000000000082,1278874.252,1854.7959724430152,40.0,74191.8388977206,3.283313895951049,11128.77583465809,0.00970500000000003,0.0003679504042666693,-0.0003679504042666693,1805.2528768411437,67.90007247510732,-67.90007247510732,72210.11507364575,2716.002899004287,-2716.002899004287,1329242.1584,70964.12292284014,-70964.12292284014,10825.355967514066,11242.02945896592,10424.126022008466,3.504288686798983,3.8375954164778525,3.1999306512873544,-2.631578947367336,2.7027027027015595,2.702702702701562,-3.1556309424311273,2.702702702701555,-5.704166970260842,
063_230℃_200_1.0mm.csv,1.0,200,1.49092,0.300120319,1.50021,0.300199104,0.00929,1.546820614,230,0.00929000000000002,1246621.51,1883.7459634015029,40.0,75349.83853606011,3.1513234905850407,11302.475780409015,0.00970500000000003,0.0003679504042666693,-0.0003679504042666693,1805.2528768411437,67.90007247510732,-67.90007247510732,72210.11507364575,2716.002899004287,-2716.002899004287,1329242.1584,70964.12292284014,-70964.12292284014,10825.355967514066,11242.02945896592,10424.126022008466,3.504288686798983,3.8375954164778525,3.1999306512873544,-4.127966976263745,4.305705059202958,4.305705059202959,-5.598010593504562,4.305705059202941,-9.494893541140701,
064_230℃_200_1.0mm.csv,1.0,200,1.49085,0.300090576,1.50054,0.300132119,0.00969,1.620677923,230,0.009689999999999976,1320545.804,1805.9855521155876,40.0,72239.4220846235,3.481928936261216,10835.913312693525,0.00970500000000003,0.0003679504042666693,-0.0003679504042666693,1805.2528768411437,67.90007247510732,-67.90007247510732,72210.11507364575,2716.002899004287,-2716.002899004287,1329242.1584,70964.12292284014,-70964.12292284014,10825.355967514066,11242.02945896592,10424.126022008466,3.504288686798983,3.8375954164778525,3.1999306512873544,0.0,0.0,0.0,0.0,0.0,0.0,
065_230℃_200_1.0mm.csv,1.0,200,1.49075,0.300173872,1.500965,0.30007217,0.010215,1.718426924,230,0.010215000000000085,1418354.7540000002,1713.1669114047827,40.0,68526.67645619132,3.9424472958122783,10279.001468428698,0.00970500000000003,0.0003679504042666693,-0.0003679504042666693,1805.2528768411437,67.90007247510732,-67.90007247510732,72210.11507364575,2716.002899004287,-2716.002899004287,1329242.1584,70964.12292284014,-70964.12292284014,10825.355967514066,11242.02945896592,10424.126022008466,3.504288686798983,3.8375954164778525,3.1999306512873544,5.417956656347885,-5.13950073421541,-5.139500734215393,7.406706356093967,-5.13950073421539,13.225955152477987,
071_230℃_240_1.0mm.csv,1.0,240,1.49121,0.300240838,1.50007,0.300165128,0.00886,1.515953526,230,0.00886000000000009,1215788.398,1975.1693002257136,40.0,79006.77200902854,2.9311252261986693,11851.015801354282,0.008845000000000037,0.00011274972283781406,-0.00011274972283781406,1978.7764715543399,25.25438868520272,-25.25438868520272,79151.0588621736,1010.1755474081095,-1010.1755474081095,1207899.683,23037.040484538793,-23037.040484538793,11871.885891445227,12024.285782276076,11721.41756870464,2.9065618038723304,2.9988397193236036,2.817123391187799,0.0,0.0,0.0,0.0,0.0,0.0,
072_230℃_240_1.0mm.csv,1.0,240,1.49119,0.300129452,1.500125,0.300110137,0.008935,1.529190808,230,0.008934999999999915,1229080.671,1958.5898153329788,40.0,78343.59261331915,2.988254638199972,11751.538891997872,0.008845000000000037,0.00011274972283781406,-0.00011274972283781406,1978.7764715543399,25.25438868520272,-25.25438868520272,79151.0588621736,1010.1755474081095,-1010.1755474081095,1207899.683,23037.040484538793,-23037.040484538793,11871.885891445227,12024.285782276076,11721.41756870464,2.9065618038723304,2.9988397193236036,2.817123391187799,0.8465011286661901,-0.839395635140756,-0.8393956351407513,1.0933048071412872,-0.8393956351407637,1.949060773339693,
073_230℃_240_1.0mm.csv,1.0,240,1.491145,0.300245212,1.49989,0.300084703,0.008745,1.475696087,230,0.008745000000000003,1175611.384,2001.1435105774722,40.0,80045.74042309889,2.797475252538776,12006.861063464832,0.008845000000000037,0.00011274972283781406,-0.00011274972283781406,1978.7764715543399,25.25438868520272,-25.25438868520272,79151.0588621736,1010.1755474081095,-1010.1755474081095,1207899.683,23037.040484538793,-23037.040484538793,11871.885891445227,12024.285782276076,11721.41756870464,2.9065618038723304,2.9988397193236036,2.817123391187799,-1.297968397292168,1.3150371640947593,1.3150371640947665,-3.3046058069062085,1.3150371640947478,-4.559681465169669,
074_230℃_240_1.0mm.csv,1.0,240,1.49125,0.300212881,1.499965,0.300180017,0.008715,1.492892556,230,0.008715000000000028,1192712.5389999999,2008.0321285140496,40.0,80321.28514056199,2.8284325924857234,12048.192771084297,0.008845000000000037,0.00011274972283781406,-0.00011274972283781406,1978.7764715543399,25.25438868520272,-25.25438868520272,79151.0588621736,1010.1755474081095,-1010.1755474081095,1207899.683,23037.040484538793,-23037.040484538793,11871.885891445227,12024.285782276076,11721.41756870464,2.9065618038723304,2.9988397193236036,2.817123391187799,-1.6365688487591452,1.663798049340914,1.6637980493409186,-1.8980160559156916,1.6637980493409064,-3.5035225651592645,
075_230℃_240_1.0mm.csv,1.0,240,1.491145,0.300168696,1.500115,0.300228532,0.00897,1.526533955,230,0.008970000000000145,1226305.4230000002,1950.9476031214847,40.0,78037.90412485939,2.9931862977714774,11705.685618728909,0.008845000000000037,0.00011274972283781406,-0.00011274972283781406,1978.7764715543399,25.25438868520272,-25.25438868520272,79151.0588621736,1010.1755474081095,-1010.1755474081095,1207899.683,23037.040484538793,-23037.040484538793,11871.885891445227,12024.285782276076,11721.41756870464,2.9065618038723304,2.9988397193236036,2.817123391187799,1.2415349887139209,-1.2263099219626896,-1.2263099219626896,0.8650374536638851,-1.2263099219626896,2.117312185030528,
021_190℃_010_1.5mm.csv,1.5,10,1.33557,0.300024766,1.57493,0.300005955,0.23936,2.172752461,190,0.23936000000000002,1872746.5059999998,73.11163101604278,60.0,4386.697860962567,274.4452675568326,292.4465240641711,0.243245,0.002893391176457181,-0.002893391176457181,71.9520957972435,0.8586787143797305,-0.8586787143797305,4317.125747834611,51.520722862783536,-51.520722862783536,1901037.2015999998,21027.085880149658,-21027.085880149658,287.79202296802293,291.24150085327574,284.38340085931975,283.08299158043786,289.666454459861,276.6491559112679,-1.7587063145149189,1.7901905080213432,1.7901905080213474,-1.701607168310423,1.7901905080213432,-3.430387210108035,
022_190℃_010_1.5mm.csv,1.5,10,1.33471,0.300015056,1.578355,0.30001487,0.243645,2.205179799,190,0.2436449999999999,1905164.929,71.82581214471878,60.0,4309.548728683127,284.19423007726823,287.3032485788751,0.243245,0.002893391176457181,-0.002893391176457181,71.9520957972435,0.8586787143797305,-0.8586787143797305,4317.125747834611,51.520722862783536,-51.520722862783536,1901037.2015999998,21027.085880149658,-21027.085880149658,287.79202296802293,291.24150085327574,284.38340085931975,283.08299158043786,289.666454459861,276.6491559112679,0.0,0.0,0.0,0.0,0.0,0.0,
023_190℃_010_1.5mm.csv,1.5,10,1.33432,0.300000115,1.58039,0.300010459,0.24607,2.220566253,190,0.24607,1920555.7939999998,71.11797456008452,60.0,4267.078473605071,289.34152912015105,284.4718982403381,0.243245,0.002893391176457181,-0.002893391176457181,71.9520957972435,0.8586787143797305,-0.8586787143797305,4317.125747834611,51.520722862783536,-51.520722862783536,1901037.2015999998,21027.085880149658,-21027.085880149658,287.79202296802293,291.24150085327574,284.38340085931975,283.08299158043786,289.666454459861,276.6491559112679,0.9953005397197244,-0.9854919331897989,-0.9854919331897989,0.8078494814660615,-0.9854919331897989,1.8111905514349627,
024_190℃_010_1.5mm.csv,1.5,10,1.334515,0.300003851,1.58033,0.300021678,0.245815,2.22010517,190,0.24581500000000012,1920083.492,71.19174989321235,60.0,4271.504993592741,288.97060627713074,284.7669995728494,0.243245,0.002893391176457181,-0.002893391176457181,71.9520957972435,0.8586787143797305,-0.8586787143797305,4317.125747834611,51.520722862783536,-51.520722862783536,1901037.2015999998,21027.085880149658,-21027.085880149658,287.79202296802293,291.24150085327574,284.38340085931975,283.08299158043786,289.666454459861,276.6491559112679,0.8906400705946063,-0.8827776986759165,-0.8827776986759085,0.7830588718547675,-0.8827776986759165,1.680673178538454,
025_190℃_010_1.5mm.csv,1.5,10,1.33519,0.300007557,1.576525,0.300000018,0.241335,2.186635305,190,0.24133499999999986,1886635.2869999998,72.51331137215908,60.0,4350.798682329545,278.7619144825375,290.0532454886363,0.243245,0.002893391176457181,-0.002893391176457181,71.9520957972435,0.8586787143797305,-0.8586787143797305,4317.125747834611,51.520722862783536,-51.520722862783536,1901037.2015999998,21027.085880149658,-21027.085880149658,287.79202296802293,291.24150085327574,284.38340085931975,283.08299158043786,289.666454459861,276.6491559112679,-0.948100720310302,0.9571757101125224,0.9571757101125332,-0.9726004146909334,0.9571757101125224,-1.911479903463819,
031_190℃_020_1.5mm.csv,1.5,20,1.424295,0.300039795,1.541225,0.300006698,0.11693,2.241531484,190,0.11692999999999998,1941524.7859999998,149.66219105447706,60.0,8979.731463268623,138.99336320019182,598.6487642179081,0.11705200000000002,0.000692076585357305,-0.000692076585357305,149.51035479857055,0.8778868220350969,-0.8778868220350969,8970.621287914231,52.673209322105315,-52.673209322105315,1924908.0266,16488.92262032153,-16488.92262032153,598.033133456727,601.5672324449099,594.5197966626673,137.94158564901835,139.82260808293697,136.085868460406,0.12844665182383314,-0.12828187804658317,-0.1282818780465832,1.1490037330117033,-0.12828187804660215,1.2789262416599256,
032_190℃_020_1.5mm.csv,1.5,20,1.423255,0.300024061,1.540035,0.300037355,0.11678,2.214746442,190,0.1167800000000001,1914709.087,149.85442712793272,60.0,8991.265627675963,136.89779215093483,599.4177085117309,0.11705200000000002,0.000692076585357305,-0.000692076585357305,149.51035479857055,0.8778868220350969,-0.8778868220350969,8970.621287914231,52.673209322105315,-52.673209322105315,1924908.0266,16488.92262032153,-16488.92262032153,598.033133456727,601.5672324449099,594.5197966626673,137.94158564901835,139.82260808293697,136.085868460406,0.0,0.0,0.0,-0.2480328939800353,0.0,-0.24803289398003855,
033_190℃_020_1.5mm.csv,1.5,20,1.42321,0.300060629,1.54147,0.300056492,0.11826,2.24287776,190,0.11825999999999981,1942821.268,147.9790292575683,60.0,8878.741755454099,140.6681896859263,591.9161170302733,0.11705200000000002,0.000692076585357305,-0.000692076585357305,149.51035479857055,0.8778868220350969,-0.8778868220350969,8970.621287914231,52.673209322105315,-52.673209322105315,1924908.0266,16488.92262032153,-16488.92262032153,598.033133456727,601.5672324449099,594.5197966626673,137.94158564901835,139.82260808293697,136.085868460406,1.2673402979959776,-1.2514797902923291,-1.2514797902923103,1.216547481926681,-1.2514797902923103,2.4993055764053658,
034_190℃_020_1.5mm.csv,1.5,20,1.423425,0.30001621,1.540205,0.30005485,0.11678,2.219524854,190,0.1167800000000001,1919470.004,149.85442712793272,60.0,8991.265627675963,137.2381880002777,599.4177085117309,0.11705200000000002,0.000692076585357305,-0.000692076585357305,149.51035479857055,0.8778868220350969,-0.8778868220350969,8970.621287914231,52.673209322105315,-52.673209322105315,1924908.0266,16488.92262032153,-16488.92262032153,598.033133456727,601.5672324449099,594.5197966626673,137.94158564901835,139.82260808293697,136.085868460406,0.0,0.0,0.0,0.0,0.0,0.0,
035_190℃_020_1.5mm.csv,1.5,20,1.422925,0.300046391,1.539435,0.300036817,0.11651,2.206051805,190,0.11651000000000011,1906014.988,150.20169942494192,60.0,9012.101965496515,135.9611058684981,600.8067976997677,0.11705200000000002,0.000692076585357305,-0.000692076585357305,149.51035479857055,0.8778868220350969,-0.8778868220350969,8970.621287914231,52.673209322105315,-52.673209322105315,1924908.0266,16488.92262032153,-16488.92262032153,598.033133456727,601.5672324449099,594.5197966626673,137.94158564901835,139.82260808293697,136.085868460406,-0.23120397328308975,0.2317397648270524,0.23173976482705624,-0.7009755803404605,0.2317397648270524,-0.9305588702300628,
041_190℃_040_1.5mm.csv,1.5,40,1.465685,0.300100055,1.522955,0.300011052,0.05727,2.392776969,190,0.057270000000000154,2092765.917,305.5701065130077,60.0,18334.206390780462,73.37920657138184,1222.2804260520309,0.05796299999999999,0.0005838728457462991,-0.0005838728457462991,301.941115116305,3.0248948958344295,-3.0248948958344295,18116.466906978305,181.4936937500673,-181.4936937500673,2116100.4592,21210.5823247624,-21210.5823247624,1207.7157982596723,1219.909194425282,1195.6442791245258,75.08918363709611,76.60586910011004,73.60252635365562,-1.096623780329368,1.1087829579181303,1.1087829579181163,-0.9126854954632632,1.1087829579181112,-1.9737676864461193,
042_190℃_040_1.5mm.csv,1.5,40,1.46567,0.300037316,1.52346,0.300095978,0.05779,2.412138198,190,0.05779000000000001,2112042.22,302.8205571898252,60.0,18169.23343138951,74.72750197579595,1211.2822287593008,0.05796299999999999,0.0005838728457462991,-0.0005838728457462991,301.941115116305,3.0248948958344295,-3.0248948958344295,18116.466906978305,181.4936937500673,-181.4936937500673,2116100.4592,21210.5823247624,-21210.5823247624,1207.7157982596723,1219.909194425282,1195.6442791245258,75.08918363709611,76.60586910011004,73.60252635365562,-0.1986011570673784,0.19899636615308167,0.1989963661530716,0.0,0.1989963661530628,-0.1725991440767881,
043_190℃_040_1.5mm.csv,1.5,40,1.465545,0.300097362,1.52443,0.300129912,0.058885,2.451010073,190,0.058884999999999854,2150880.161,297.1894370382957,60.0,17831.36622229774,77.5436193553988,1188.7577481531825,0.05796299999999999,0.0005838728457462991,-0.0005838728457462991,301.941115116305,3.0248948958344295,-3.0248948958344295,18116.466906978305,181.4936937500673,-181.4936937500673,2116100.4592,21210.5823247624,-21210.5823247624,1207.7157982596723,1219.909194425282,1195.6442791245258,75.08918363709611,76.60586910011004,73.60252635365562,1.6924272515326535,-1.6642608474144327,-1.6642608474144516,1.8388809007804607,-1.6642608474144702,3.5894117766415636,
044_190℃_040_1.5mm.csv,1.5,40,1.465525,0.300093425,1.52349,0.300062651,0.057965,2.413384552,190,0.057965000000000044,2113321.901,301.9063227809883,60.0,18114.3793668593,74.99920652538678,1207.6252911239533,0.05796299999999999,0.0005838728457462991,-0.0005838728457462991,301.941115116305,3.0248948958344295,-3.0248948958344295,18116.466906978305,181.4936937500673,-181.4936937500673,2116100.4592,21210.5823247624,-21210.5823247624,1207.7157982596723,1219.909194425282,1195.6442791245258,75.08918363709611,76.60586910011004,73.60252635365562,0.10361799499209251,-0.10351073923948509,-0.10351073923949637,0.06058974521824975,-0.10351073923950388,0.19036707678213693,
045_190℃_040_1.5mm.csv,1.5,40,1.465505,0.300047201,1.52341,0.300090719,0.057905,2.411582816,190,0.05790499999999987,2111492.097,302.2191520594083,60.0,18133.1491235645,74.85670400619473,1208.8766082376335,0.05796299999999999,0.0005838728457462991,-0.0005838728457462991,301.941115116305,3.0248948958344295,-3.0248948958344295,18116.466906978305,181.4936937500673,-181.4936937500673,2116100.4592,21210.5823247624,-21210.5823247624,1207.7157982596723,1219.909194425282,1195.6442791245258,75.08918363709611,76.60586910011004,73.60252635365562,0.0,0.0,0.0,-0.026046969837569715,0.0,0.0,
051_190℃_080_1.5mm.csv,1.5,80,1.48174,0.300114663,1.510875,0.300020144,0.029135,2.466313076,190,0.02913499999999991,2166292.932,600.6521366054592,60.0,36039.128196327554,38.64180280029784,2402.6085464218368,0.028975000000000018,0.00037886343185903135,-0.00037886343185903135,604.0529482365544,8.031256400406217,-8.031256400406217,36243.17689419326,481.87538402437167,-481.87538402437167,2163564.6228,23982.150895890023,-23982.150895890023,2416.0428332469096,2448.110502279329,2384.395216902559,38.376637103158245,39.315230571153485,37.46045117761832,0.0515109890105639,-0.05148446885147574,-0.05148446885147448,-0.44345089434538587,-0.05148446885147574,-0.34373042834635154,
052_190℃_080_1.5mm.csv,1.5,80,1.48187,0.300099122,1.51099,0.300180373,0.02912,2.476444491,190,0.029120000000000035,2176264.1180000002,600.9615384615378,60.0,36057.69230769227,38.79968027520004,2403.846153846151,0.028975000000000018,0.00037886343185903135,-0.00037886343185903135,604.0529482365544,8.031256400406217,-8.031256400406217,36243.17689419326,481.87538402437167,-481.87538402437167,2163564.6228,23982.150895890023,-23982.150895890023,2416.0428332469096,2448.110502279329,2384.395216902559,38.376637103158245,39.315230571153485,37.46045117761832,0.0,0.0,0.0,0.014795935520852021,0.0,0.06343173951255555,
053_190℃_080_1.5mm.csv,1.5,80,1.48175,0.300032937,1.510985,0.300201349,0.029235,2.476143516,190,0.029235000000000122,2175942.167,598.5975714041364,60.0,35915.854284248184,38.94714444015017,2394.3902856165455,0.028975000000000018,0.00037886343185903135,-0.00037886343185903135,604.0529482365544,8.031256400406217,-8.031256400406217,36243.17689419326,481.87538402437167,-481.87538402437167,2163564.6228,23982.150895890023,-23982.150895890023,2416.0428332469096,2448.110502279329,2384.395216902559,38.376637103158245,39.315230571153485,37.46045117761832,0.39491758241788155,-0.3933641183515928,-0.3933641183515953,0.0,-0.3933641183515928,0.4437382342787786,
054_190℃_080_1.5mm.csv,1.5,80,1.482055,0.30011688,1.51036,0.30019185,0.028305,2.421639608,190,0.028305000000000025,2121447.758,618.2653241476766,60.0,37095.91944886059,36.76382374909595,2473.061296590706,0.028975000000000018,0.00037886343185903135,-0.00037886343185903135,604.0529482365544,8.031256400406217,-8.031256400406217,36243.17689419326,481.87538402437167,-481.87538402437167,2163564.6228,23982.150895890023,-23982.150895890023,2416.0428332469096,2448.110502279329,2384.395216902559,38.376637103158245,39.315230571153485,37.46045117761832,-2.798763736263768,2.879349938173496,2.8793499381734913,-2.5044052101408627,2.879349938173496,-5.186992724976348,
055_190℃_080_1.5mm.csv,1.5,80,1.481885,0.300109921,1.510965,0.300000209,0.02908,2.477876348,190,0.029079999999999995,2177876.1390000004,601.7881705639616,60.0,36107.290233837695,38.77508456456327,2407.1526822558462,0.028975000000000018,0.00037886343185903135,-0.00037886343185903135,604.0529482365544,8.031256400406217,-8.031256400406217,36243.17689419326,481.87538402437167,-481.87538402437167,2163564.6228,23982.150895890023,-23982.150895890023,2416.0428332469096,2448.110502279329,2384.395216902559,38.376637103158245,39.315230571153485,37.46045117761832,-0.13736263736277457,0.13755158184331828,0.137551581843317,0.08887975192221792,0.13755158184331828,0.0,
061_190℃_120_1.5mm.csv,1.5,120,1.485805,0.300200898,1.505445,0.300194037,0.01964,2.217336241,190,0.01963999999999988,1917142.204,891.0386965376837,60.0,53462.32179226102,23.05265686932231,3564.1547861507343,0.019818000000000023,0.00021079018003699208,-0.00021079018003699208,883.1157551389391,9.417298801734955,-9.417298801734955,52986.94530833635,565.037928104098,-565.037928104098,1941094.2558,29315.422819486103,-29315.422819486103,3532.302617459322,3570.123482101367,3494.88241621434,23.548986270206896,24.16387014359165,22.94974898718626,-1.2569130216204283,1.2729124236268183,1.2729124236268228,-1.6593891292267289,1.2729124236268186,-2.8954450728025503,
062_190℃_120_1.5mm.csv,1.5,120,1.485795,0.300008903,1.505755,0.30000149,0.01996,2.262171782,190,0.019959999999999978,1962170.2919999997,876.7535070140291,60.0,52605.210420841744,23.97852185407344,3507.014028056116,0.019818000000000023,0.00021079018003699208,-0.00021079018003699208,883.1157551389391,9.417298801734955,-9.417298801734955,52986.94530833635,565.037928104098,-565.037928104098,1941094.2558,29315.422819486103,-29315.422819486103,3532.302617459322,3570.123482101367,3494.88241621434,23.548986270206896,24.16387014359165,22.94974898718626,0.35193564605224636,-0.3507014028045675,-0.3507014028045641,0.650345470024163,-0.3507014028045676,1.004569913607902,
063_190℃_120_1.5mm.csv,1.5,120,1.485795,0.300185522,1.50535,0.300088694,0.019555,2.204261416,190,0.01955499999999999,1904172.722,894.9117872666842,60.0,53694.70723600105,22.797610762475504,3579.647149066737,0.019818000000000023,0.00021079018003699208,-0.00021079018003699208,883.1157551389391,9.417298801734955,-9.417298801734955,52986.94530833635,565.037928104098,-565.037928104098,1941094.2558,29315.422819486103,-29315.422819486103,3532.302617459322,3570.123482101367,3494.88241621434,23.548986270206896,24.16387014359165,22.94974898718626,-1.6842634489703023,1.7131168499115106,1.7131168499115113,-2.3246641306827414,1.7131168499115237,-3.9697741113886154,
064_190℃_120_1.5mm.csv,1.5,120,1.485795,0.30009369,1.50584,0.300192618,0.020045,2.272686819,190,0.02004500000000009,1972494.201,873.0356697430741,60.0,52382.140184584445,24.20733444431337,3492.1426789722964,0.019818000000000023,0.00021079018003699208,-0.00021079018003699208,883.1157551389391,9.417298801734955,-9.417298801734955,52986.94530833635,565.037928104098,-565.037928104098,1941094.2558,29315.422819486103,-29315.422819486103,3532.302617459322,3570.123482101367,3494.88241621434,23.548986270206896,24.16387014359165,22.94974898718626,0.7792860734032366,-0.7732601646291126,-0.7732601646291092,1.1799146983870974,-0.7732601646290997,1.9683956827128872,
065_190℃_120_1.5mm.csv,1.5,120,1.485785,0.300030885,1.505675,0.300048982,0.01989,2.249540842,190,0.019890000000000185,1949491.8599999999,879.8391151332246,60.0,52790.34690799347,23.74003658902063,3519.356460532898,0.019818000000000023,0.00021079018003699208,-0.00021079018003699208,883.1157551389391,9.417298801734955,-9.417298801734955,52986.94530833635,565.037928104098,-565.037928104098,1941094.2558,29315.422819486103,-29315.422819486103,3532.302617459322,3570.123482101367,3494.88241621434,23.548986270206896,24.16387014359165,22.94974898718626,0.0,0.0,0.0,0.0,0.0,0.0,
071_190℃_160_1.5mm.csv,1.5,160,1.4877,0.300103826,1.502565,0.300009564,0.014865,1.903719415,190,0.014864999999999906,1603709.851,1177.2620248906903,60.0,70635.72149344142,14.595396082723374,4709.048099562761,0.015058000000000016,0.00019807195662192026,-0.00019807195662192026,1162.3332495449608,15.235121466749211,-15.235121466749211,69739.99497269766,914.1072880049521,-914.1072880049521,1636109.4531999999,21242.56956838811,-21242.56956838811,4649.012729801278,4710.461804867216,4588.365272280046,15.081529815321744,15.469012210668273,14.703753444164654,-0.9000000000014478,0.90817356206001,0.908173562060014,-2.3864053375645073,0.90817356206001,-3.2649276895278723,
072_190℃_160_1.5mm.csv,1.5,160,1.487585,0.300172381,1.502895,0.300234707,0.01531,1.957716602,190,0.015310000000000157,1657481.895,1143.0437622468858,60.0,68582.62573481315,15.536355803540976,4572.175048987543,0.015058000000000016,0.00019807195662192026,-0.00019807195662192026,1162.3332495449608,15.235121466749211,-15.235121466749211,69739.99497269766,914.1072880049521,-914.1072880049521,1636109.4531999999,21242.56956838811,-21242.56956838811,4649.012729801278,4710.461804867216,4588.365272280046,15.081529815321744,15.469012210668273,14.703753444164654,2.0666666666668663,-2.0248203788375485,-2.024820378837546,0.886557351985403,-2.0248203788375485,2.97154620392663,
073_190℃_160_1.5mm.csv,1.5,160,1.48762,0.300030397,1.50284,0.300117385,0.01522,1.949364838,190,0.015220000000000011,1649247.453,1149.802890932982,60.0,68988.17345597893,15.368293613057151,4599.211563731929,0.015058000000000016,0.00019807195662192026,-0.00019807195662192026,1162.3332495449608,15.235121466749211,-15.235121466749211,69739.99497269766,914.1072880049521,-914.1072880049521,1636109.4531999999,21242.56956838811,-21242.56956838811,4649.012729801278,4710.461804867216,4588.365272280046,15.081529815321744,15.469012210668273,14.703753444164654,1.466666666665901,-1.4454664914578568,-1.445466491457848,0.3853485559191259,-1.4454664914578375,1.8576670014051415,
074_190℃_160_1.5mm.csv,1.5,160,1.487805,0.300205985,1.5027,0.30011024,0.014895,1.927301809,190,0.01489499999999988,1627191.5690000001,1174.8909029875892,60.0,70493.45417925535,14.838990869543759,4699.563611950357,0.015058000000000016,0.00019807195662192026,-0.00019807195662192026,1162.3332495449608,15.235121466749211,-15.235121466749211,69739.99497269766,914.1072880049521,-914.1072880049521,1636109.4531999999,21242.56956838811,-21242.56956838811,4649.012729801278,4710.461804867216,4588.365272280046,15.081529815321744,15.469012210668273,14.703753444164654,-0.7000000000016194,0.7049345417942011,0.7049345417941946,-0.9571350107654573,0.7049345417942011,-1.6504350656917206,
075_190℃_160_1.5mm.csv,1.5,160,1.487795,0.300143912,1.502795,0.300102733,0.015,1.943019231,190,0.015000000000000124,1642916.498,1166.666666666657,60.0,69999.99999999942,15.088008655102167,4666.666666666628,0.015058000000000016,0.00019807195662192026,-0.00019807195662192026,1162.3332495449608,15.235121466749211,-15.235121466749211,69739.99497269766,914.1072880049521,-914.1072880049521,1636109.4531999999,21242.56956838811,-21242.56956838811,4649.012729801278,4710.461804867216,4588.365272280046,15.081529815321744,15.469012210668273,14.703753444164654,0.0,0.0,0.0,0.0,0.0,0.0,
081_190℃_200_1.5mm.csv,1.5,200,1.48873,0.300216211,1.501485,0.300018898,0.012755,1.760575698,190,0.01275499999999985,1460556.8,1372.010976087825,60.0,82320.65856526949,11.405756316734559,5488.0439043513,0.012584999999999935,0.00011051018052648228,-0.00011051018052648228,1390.6296957490113,12.156711801304805,-12.156711801304805,83437.78174494067,729.4027080782981,-729.4027080782981,1440005.6017999998,13491.968987219767,-13491.968987219767,5562.348241312092,5611.296819884033,5513.826651976529,11.094660857085843,11.293961120724951,10.898877569878833,1.5121368881807673,-1.4896119168946589,-1.4896119168946578,1.824225402173115,-1.4896119168946589,3.652673184733435,
082_190℃_200_1.5mm.csv,1.5,200,1.48885,0.30008637,1.50131,0.300046151,0.01246,1.729109801,190,0.012459999999999916,1429063.65,1404.4943820224814,60.0,84269.66292134889,10.901714129999926,5617.977528089927,0.012584999999999935,0.00011051018052648228,-0.00011051018052648228,1390.6296957490113,12.156711801304805,-12.156711801304805,83437.78174494067,729.4027080782981,-729.4027080782981,1440005.6017999998,13491.968987219767,-13491.968987219767,5562.348241312092,5611.296819884033,5513.826651976529,11.094660857085843,11.293961120724951,10.898877569878833,-0.8356545961004557,0.8426966292136665,0.8426966292136797,-0.3713520681618025,0.8426966292136828,-0.9279366934794485,
083_190℃_200_1.5mm.csv,1.5,200,1.48875,0.300055951,1.501315,0.300083062,0.012565,1.729531693,190,0.012564999999999937,1429448.631,1392.7576601671378,60.0,83565.45961002827,10.99654411133566,5571.030640668551,0.012584999999999935,0.00011051018052648228,-0.00011051018052648228,1390.6296957490113,12.156711801304805,-12.156711801304805,83437.78174494067,729.4027080782981,-729.4027080782981,1440005.6017999998,13491.968987219767,-13491.968987219767,5562.348241312092,5611.296819884033,5513.826651976529,11.094660857085843,11.293961120724951,10.898877569878833,0.0,0.0,0.0,-0.3445127202367038,0.0,-0.0661454373322668,
084_190℃_200_1.5mm.csv,1.5,200,1.48881,0.300232853,1.50134,0.300135341,0.01253,1.734525629,190,0.01252999999999993,1434390.288,1396.6480446927453,60.0,83798.88268156472,11.003822637942795,5586.592178770981,0.012584999999999935,0.00011051018052648228,-0.00011051018052648228,1390.6296957490113,12.156711801304805,-12.156711801304805,83437.78174494067,729.4027080782981,-729.4027080782981,1440005.6017999998,13491.968987219767,-13491.968987219767,5562.348241312092,5611.296819884033,5513.826651976529,11.094660857085843,11.293961120724951,10.898877569878833,-0.27855153203348526,0.2793296089386162,0.27932960893862163,0.0,0.2793296089386162,0.0,
085_190℃_200_1.5mm.csv,1.5,200,1.48879,0.30024111,1.501405,0.300012158,0.012615,1.746580798,190,0.012615000000000043,1446568.6400000001,1387.2374157748666,60.0,83234.24494649199,11.17252860832657,5548.949663099466,0.012584999999999935,0.00011051018052648228,-0.00011051018052648228,1390.6296957490113,12.156711801304805,-12.156711801304805,83437.78174494067,729.4027080782981,-729.4027080782981,1440005.6017999998,13491.968987219767,-13491.968987219767,5562.348241312092,5611.296819884033,5513.826651976529,11.094660857085843,11.293961120724951,10.898877569878833,0.3979307600485934,-0.3963535473650739,-0.3963535473650717,0.849026384372744,-0.3963535473650739,1.5331578482740298,
091_190℃_240_1.5mm.csv,1.5,240,1.489375,0.300032289,1.5002,0.300265039,0.010825,1.536575008,190,0.010825000000000085,1236309.969,1616.6281755196178,60.0,96997.69053117707,8.193707396586799,6466.51270207847,0.010721000000000069,0.00013672051784577863,-0.00013672051784577863,1632.5250619530293,21.03991140376362,-21.03991140376362,97951.50371718177,1262.3946842258154,-1262.3946842258154,1227590.0028,17615.85707267048,-17615.85707267048,6529.669436458644,6613.920891258681,6446.4912191152725,8.056552919610528,8.278463185983732,7.840591120388234,0.5573618207148001,-0.5542725173205436,-0.5542725173205464,0.19944164001377002,-0.5542725173205577,0.7579150722846183,
092_190℃_240_1.5mm.csv,1.5,240,1.48949,0.300072873,1.49999,0.300150131,0.0105,1.498351531,190,0.010499999999999954,1198201.4,1666.666666666674,60.0,100000.00000000044,7.702723285714251,6666.666666666695,0.010721000000000069,0.00013672051784577863,-0.00013672051784577863,1632.5250619530293,21.03991140376362,-21.03991140376362,97951.50371718177,1262.3946842258154,-1262.3946842258154,1227590.0028,17615.85707267048,-17615.85707267048,6529.669436458644,6613.920891258681,6446.4912191152725,8.056552919610528,8.278463185983732,7.840591120388234,-2.461681374827482,2.5238095238112677,2.52380952381126,-2.88915056683266,2.523809523811254,-5.279710260265695,
093_190℃_240_1.5mm.csv,1.5,240,1.48941,0.300263018,1.50024,0.300171736,0.01083,1.543870194,190,0.010830000000000117,1243698.4579999999,1615.8818097876094,60.0,96952.90858725656,8.2464822245756,6463.527239150438,0.010721000000000069,0.00013672051784577863,-0.00013672051784577863,1632.5250619530293,21.03991140376362,-21.03991140376362,97951.50371718177,1262.3946842258154,-1262.3946842258154,1227590.0028,17615.85707267048,-17615.85707267048,6529.669436458644,6613.920891258681,6446.4912191152725,8.056552919610528,8.278463185983732,7.840591120388234,0.6038086391080438,-0.6001846722066592,-0.6001846722066648,0.798257868084941,-0.6001846722066592,1.4068864571628557,
094_190℃_240_1.5mm.csv,1.5,240,1.48942,0.300244285,1.500185,0.300064678,0.010765,1.533913838,190,0.010765000000000136,1233849.16,1625.6386437528824,60.0,97538.31862517295,8.132073188204183,6502.55457501153,0.010721000000000069,0.00013672051784577863,-0.00013672051784577863,1632.5250619530293,21.03991140376362,-21.03991140376362,97951.50371718177,1262.3946842258154,-1262.3946842258154,1227590.0028,17615.85707267048,-17615.85707267048,6529.669436458644,6613.920891258681,6446.4912191152725,8.056552919610528,8.278463185983732,7.840591120388234,0.0,0.0,0.0,0.0,0.0,0.0,
095_190℃_240_1.5mm.csv,1.5,240,1.489455,0.300104535,1.50014,0.300242793,0.010685,1.52613382,190,0.010685000000000056,1225891.027,1637.810014038363,60.0,98268.60084230179,8.019578953160245,6551.240056153453,0.010721000000000069,0.00013672051784577863,-0.00013672051784577863,1632.5250619530293,21.03991140376362,-21.03991140376362,97951.50371718177,1262.3946842258154,-1262.3946842258154,1227590.0028,17615.85707267048,-17615.85707267048,6529.669436458644,6613.920891258681,6446.4912191152725,8.056552919610528,8.278463185983732,7.840591120388234,-0.7431490942877752,0.7487131492754324,0.7487131492754371,-0.644984270200412,0.7487131492754464,-1.3833401697258976,
021_210℃_010_1.5mm.csv,1.5,10,1.31792,0.30002099,1.560085,0.300018704,0.242165,1.98704298,210,0.24216499999999996,1687024.276,72.2647781471311,60.0,4335.886688827866,250.12544926379994,289.05911258852444,0.240917,0.004002896763595053,-0.004002896763595053,72.65526355741332,1.214336020404691,-1.214336020404691,4359.3158134447995,72.86016122428144,-72.86016122428144,1676843.284,28250.883984354095,-28250.883984354095,290.5887111310832,295.4717123337157,285.78640699605353,247.27916006711067,255.70636753610896,239.12968453889212,0.5626842739088889,-0.5595358536535123,-0.5595358536535083,0.6539574292772654,-0.5595358536534928,1.2665791477395587,
022_210℃_010_1.5mm.csv,1.5,10,1.31787,0.30002056,1.563895,0.300006067,0.246025,2.01380677,210,0.24602499999999994,1713800.703,71.13098262371712,60.0,4267.858957423027,258.14560282994375,284.52393049486847,0.240917,0.004002896763595053,-0.004002896763595053,72.65526355741332,1.214336020404691,-1.214336020404691,4359.3158134447995,72.86016122428144,-72.86016122428144,1676843.284,28250.883984354095,-28250.883984354095,290.5887111310832,295.4717123337157,285.78640699605353,247.27916006711067,255.70636753610896,239.12968453889212,2.165607740542324,-2.1197032821867716,-2.1197032821867716,2.2515357105788567,-2.1197032821867716,4.513643843768763,
023_210℃_010_1.5mm.csv,1.5,10,1.31958,0.300016276,1.554465,0.300016442,0.234885,1.935683512,210,0.234885,1635667.07,74.5045447772314,60.0,4470.272686633884,235.2206080022143,298.0181791089256,0.240917,0.004002896763595053,-0.004002896763595053,72.65526355741332,1.214336020404691,-1.214336020404691,4359.3158134447995,72.86016122428144,-72.86016122428144,1676843.284,28250.883984354095,-28250.883984354095,290.5887111310832,295.4717123337157,285.78640699605353,247.27916006711067,255.70636753610896,239.12968453889212,-2.460445994767642,2.5225110160290845,2.5225110160290845,-2.410198848703066,2.5225110160290845,-4.767841946728824,
024_210℃_010_1.5mm.csv,1.5,10,1.31797,0.300006006,1.55878,0.300020245,0.24081,1.971681082,210,0.24080999999999997,1671660.8369999998,72.67140068934016,60.0,4360.28404136041,246.4608037701856,290.68560275736064,0.240917,0.004002896763595053,-0.004002896763595053,72.65526355741332,1.214336020404691,-1.214336020404691,4359.3158134447995,72.86016122428144,-72.86016122428144,1676843.284,28250.883984354095,-28250.883984354095,290.5887111310832,295.4717123337157,285.78640699605353,247.27916006711067,255.70636753610896,239.12968453889212,0.0,0.0,0.0,-0.2626807940563523,0.0,-0.2171007977429498,
025_210℃_010_1.5mm.csv,1.5,10,1.31832,0.300016,1.55902,0.300013949,0.2407,1.976077483,210,0.24070000000000014,1676063.534,72.70461154964683,60.0,4362.2766929788095,246.99703630640826,290.8184461985873,0.240917,0.004002896763595053,-0.004002896763595053,72.65526355741332,1.214336020404691,-1.214336020404691,4359.3158134447995,72.86016122428144,-72.86016122428144,1676843.284,28250.883984354095,-28250.883984354095,290.5887111310832,295.4717123337157,285.78640699605353,247.27916006711067,255.70636753610896,239.12968453889212,-0.04567916614751566,0.04570004154542015,0.04570004154540972,0.0,0.04570004154542015,0.0,
031_210℃_020_1.5mm.csv,1.5,20,1.413025,0.300051166,1.53065,0.300022055,0.117625,1.98803528,210,0.11762500000000009,1688013.225,148.7778958554728,60.0,8926.673751328368,121.56278913711743,595.1115834218913,0.11714600000000001,0.0011475811518146335,-0.0011475811518146335,149.39778887899746,1.4742119053335025,-1.4742119053335025,8963.867332739846,88.45271432001007,-88.45271432001007,1684505.7881999998,15697.011822151868,-15697.011822151868,597.5679932313151,603.4721988813131,591.7215527019342,120.80732177862218,123.14111330684321,118.51776066826025,0.1831189847543448,-0.1827842720510736,-0.1827842720510774,0.0,-0.18278427205105452,0.059449911637235085,
032_210℃_020_1.5mm.csv,1.5,20,1.41319,0.300022867,1.531565,0.300019157,0.118375,2.002716031,210,0.11837500000000012,1702696.8739999998,147.83526927138317,60.0,8870.11615628299,123.40208722025525,591.3410770855327,0.11714600000000001,0.0011475811518146335,-0.0011475811518146335,149.39778887899746,1.4742119053335025,-1.4742119053335025,8963.867332739846,88.45271432001007,-88.45271432001007,1684505.7881999998,15697.011822151868,-15697.011822151868,597.5679932313151,603.4721988813131,591.7215527019342,120.80732177862218,123.14111330684321,118.51776066826025,0.8219061408739499,-0.8152059134108605,-0.8152059134108769,0.8698776041875941,-0.8152059134108605,1.573393082311865,
033_210℃_020_1.5mm.csv,1.5,20,1.41339,0.300030553,1.5308,0.300025306,0.11741,1.990124841,210,0.11741000000000001,1690099.5350000001,149.0503364279022,60.0,8943.020185674133,121.49056310470411,596.2013457116088,0.11714600000000001,0.0011475811518146335,-0.0011475811518146335,149.39778887899746,1.4742119053335025,-1.4742119053335025,8963.867332739846,88.45271432001007,-88.45271432001007,1684505.7881999998,15697.011822151868,-15697.011822151868,597.5679932313151,603.4721988813131,591.7215527019342,120.80732177862218,123.14111330684321,118.51776066826025,0.0,0.0,0.0,0.12359559564469975,0.0,0.0,
034_210℃_020_1.5mm.csv,1.5,20,1.41362,0.300029153,1.52891,0.300045779,0.11529,1.959981994,210,0.11528999999999989,1659936.215,151.79113539769293,60.0,9107.468123861576,117.16778340449987,607.1645415907717,0.11714600000000001,0.0011475811518146335,-0.0011475811518146335,149.39778887899746,1.4742119053335025,-1.4742119053335025,8963.867332739846,88.45271432001007,-88.45271432001007,1684505.7881999998,15697.011822151868,-15697.011822151868,597.5679932313151,603.4721988813131,591.7215527019342,120.80732177862218,123.14111330684321,118.51776066826025,-1.8056383612981188,1.8388411831035893,1.8388411831035838,-1.6633169446880376,1.8388411831035893,-3.5581197335292116,
035_210℃_020_1.5mm.csv,1.5,20,1.413445,0.300032993,1.530475,0.300057833,0.11703,1.981840925,210,0.11702999999999997,1681783.092,149.53430744253615,60.0,8972.058446552168,120.50147464699589,598.1372297701445,0.11714600000000001,0.0011475811518146335,-0.0011475811518146335,149.39778887899746,1.4742119053335025,-1.4742119053335025,8963.867332739846,88.45271432001007,-88.45271432001007,1684505.7881999998,15697.011822151868,-15697.011822151868,597.5679932313151,603.4721988813131,591.7215527019342,120.80732177862218,123.14111330684321,118.51776066826025,-0.32365215910062767,0.32470306758954603,0.3247030675895282,-0.36908081688756594,0.324703067589527,-0.8141278074872327,
041_210℃_040_1.5mm.csv,1.5,40,1.46177,0.300092711,1.52115,0.300110361,0.05938,2.229332367,210,0.05937999999999999,1929222.006,294.7120242505895,60.0,17682.721455035367,70.13706288751835,1178.848097002358,0.057897999999999915,0.0009924754405022053,-0.0009924754405022053,302.32628351446334,5.148274758119248,-5.148274758119248,18139.5770108678,308.8964854871569,-308.8964854871569,1884948.7034000002,31715.215120367593,-31715.215120367593,1209.1642519348184,1230.000799630058,1188.6806810181195,66.80183663766071,69.0991829314914,64.58087040752788,2.893779241032858,-2.812394745705729,-2.812394745705729,2.5952849554061364,-2.812394745705729,5.56416601372418,
042_210℃_040_1.5mm.csv,1.5,40,1.46188,0.300079214,1.519305,0.300039295,0.057425,2.165670351,210,0.05742499999999984,1865631.0560000003,304.74531998258686,60.0,18284.719198955212,65.59216125967329,1218.9812799303475,0.057897999999999915,0.0009924754405022053,-0.0009924754405022053,302.32628351446334,5.148274758119248,-5.148274758119248,18139.5770108678,308.8964854871569,-308.8964854871569,1884948.7034000002,31715.215120367593,-31715.215120367593,1209.1642519348184,1230.000799630058,1188.6806810181195,66.80183663766071,69.0991829314914,64.58087040752788,-0.4938485531105373,0.49629952111466147,0.49629952111467024,-0.7864573301081805,0.49629952111466147,-1.276421975073158,
043_210℃_040_1.5mm.csv,1.5,40,1.46208,0.300047657,1.51881,0.300085618,0.05673,2.147793333,210,0.05672999999999995,1847707.715,308.4787590340211,60.0,18508.725542041266,64.1757910236428,1233.9150361360844,0.057897999999999915,0.0009924754405022053,-0.0009924754405022053,302.32628351446334,5.148274758119248,-5.148274758119248,18139.5770108678,308.8964854871569,-308.8964854871569,1884948.7034000002,31715.215120367593,-31715.215120367593,1209.1642519348184,1230.000799630058,1188.6806810181195,66.80183663766071,69.0991829314914,64.58087040752788,-1.6981459019233793,1.7274810505904858,1.7274810505904934,-1.7396137172575086,1.7274810505904858,-3.4082184401319835,
044_210℃_040_1.5mm.csv,1.5,40,1.46205,0.300086855,1.520295,0.300043015,0.058245,2.201806,210,0.05824499999999988,1901762.9849999999,300.45497467593844,60.0,18027.298480556306,67.81725615999476,1201.8198987037538,0.057897999999999915,0.0009924754405022053,-0.0009924754405022053,302.32628351446334,5.148274758119248,-5.148274758119248,18139.5770108678,308.8964854871569,-308.8964854871569,1884948.7034000002,31715.215120367593,-31715.215120367593,1209.1642519348184,1230.000799630058,1188.6806810181195,66.80183663766071,69.0991829314914,64.58087040752788,0.9270490382948412,-0.9185337797235097,-0.9185337797235035,1.1350247700412903,-0.9185337797235097,2.072596044551207,
045_210℃_040_1.5mm.csv,1.5,40,1.46201,0.300068013,1.51972,0.300119005,0.05771,2.18053876,210,0.05770999999999993,1880419.7550000001,303.24033962918077,60.0,18194.420377750845,66.44021881288768,1212.961358516723,0.057897999999999915,0.0009924754405022053,-0.0009924754405022053,302.32628351446334,5.148274758119248,-5.148274758119248,18139.5770108678,308.8964854871569,-308.8964854871569,1884948.7034000002,31715.215120367593,-31715.215120367593,1209.1642519348184,1230.000799630058,1188.6806810181195,66.80183663766071,69.0991829314914,64.58087040752788,0.0,0.0,0.0,0.0,0.0,0.0,
051_210℃_080_1.5mm.csv,1.5,80,1.48069,0.300144091,1.50986,0.300029892,0.02917,2.289753199,210,0.029169999999999918,1989723.3070000003,599.9314364072694,60.0,35995.88618443617,35.534833999095824,2399.7257456290777,0.02902,0.0005286775955154471,-0.0005286775955154471,603.1939883672245,11.089343472441055,-11.089343472441055,36191.63930203347,665.3606083464608,-665.3606083464608,1974128.8096,38945.338267182364,-38945.338267182364,2412.4517567694297,2457.008593300055,2368.7029400752144,35.064838662175305,36.427035735644026,33.75358125012819,0.0,0.0,0.0,0.0,0.0,0.0,
052_210℃_080_1.5mm.csv,1.5,80,1.48057,0.300112788,1.510205,0.300178075,0.029635,2.314190402,210,0.029635000000000078,2014012.327,590.5179686181864,60.0,35431.07811709118,36.541993047333776,2362.071874472745,0.02902,0.0005286775955154471,-0.0005286775955154471,603.1939883672245,11.089343472441055,-11.089343472441055,36191.63930203347,665.3606083464608,-665.3606083464608,1974128.8096,38945.338267182364,-38945.338267182364,2412.4517567694297,2457.008593300055,2368.7029400752144,35.064838662175305,36.427035735644026,33.75358125012819,1.5941035310255778,-1.569090602328864,-1.5690906023288802,1.2207235003253536,-1.569090602328883,2.834286627773691,
053_210℃_080_1.5mm.csv,1.5,80,1.48067,0.300135511,1.509895,0.300120982,0.029225,2.292762362,210,0.029225000000000056,1992641.3800000001,598.8023952095797,60.0,35928.14371257478,35.65404754928578,2395.2095808383187,0.02902,0.0005286775955154471,-0.0005286775955154471,603.1939883672245,11.089343472441055,-11.089343472441055,36191.63930203347,665.3606083464608,-665.3606083464608,1974128.8096,38945.338267182364,-38945.338267182364,2412.4517567694297,2457.008593300055,2368.7029400752144,35.064838662175305,36.427035735644026,33.75358125012819,0.18854988001418727,-0.1881950384949105,-0.1881950384949105,0.14665722564207054,-0.1881950384949105,0.3354836276792165,
054_210℃_080_1.5mm.csv,1.5,80,1.48066,0.30012162,1.509515,0.300052273,0.028855,2.261196783,210,0.028854999999999853,1961144.51,606.4806792583638,60.0,36388.84075550183,34.64621928737738,2425.9227170334552,0.02902,0.0005286775955154471,-0.0005286775955154471,603.1939883672245,11.089343472441055,-11.089343472441055,36191.63930203347,665.3606083464608,-665.3606083464608,1974128.8096,38945.338267182364,-38945.338267182364,2412.4517567694297,2457.008593300055,2368.7029400752144,35.064838662175305,36.427035735644026,33.75358125012819,-1.0798765855333086,1.0916652226652734,1.0916652226652646,-1.436320160670473,1.0916652226652734,-2.5006862610954,
055_210℃_080_1.5mm.csv,1.5,80,1.480705,0.300033198,1.50892,0.300053429,0.028215,2.213175953,210,0.0282150000000001,1913122.5239999997,620.2374623427232,60.0,37214.24774056339,33.048215519179706,2480.949849370893,0.02902,0.0005286775955154471,-0.0005286775955154471,603.1939883672245,11.089343472441055,-11.089343472441055,36191.63930203347,665.3606083464608,-665.3606083464608,1974128.8096,38945.338267182364,-38945.338267182364,2412.4517567694297,2457.008593300055,2368.7029400752144,35.064838662175305,36.427035735644026,33.75358125012819,-3.2739115529647576,3.38472443735535,3.3847244373553345,-3.849820863559925,3.38472443735535,-6.997692686504147,
061_210℃_120_1.5mm.csv,1.5,120,1.485225,0.300149571,1.504885,0.300072218,0.01966,2.091438829,210,0.01966000000000001,1791366.611,890.1322482197351,60.0,53407.9348931841,21.56220463607756,3560.52899287894,0.01966600000000005,0.00016964669168590253,-0.00016964669168590253,889.9136833742061,7.68157616083085,-7.68157616083085,53394.821002452365,460.89456964984964,-460.89456964984964,1789627.4949999999,15921.023155147683,-15921.023155147683,3559.548689432999,3590.3974912826543,3528.964941404785,21.546519438994245,21.922447932160463,21.177037408030223,0.0,0.0,0.0,0.0,0.0,0.0,
062_210℃_120_1.5mm.csv,1.5,120,1.485225,0.300096605,1.504995,0.300095457,0.01977,2.105227906,210,0.019770000000000065,1805132.449,885.179564997468,60.0,53110.77389984808,21.849470520447014,3540.718259989872,0.01966600000000005,0.00016964669168590253,-0.00016964669168590253,889.9136833742061,7.68157616083085,-7.68157616083085,53394.821002452365,460.89456964984964,-460.89456964984964,1789627.4949999999,15921.023155147683,-15921.023155147683,3559.548689432999,3590.3974912826543,3528.964941404785,21.546519438994245,21.922447932160463,21.177037408030223,0.5595116988812535,-0.556398583712975,-0.5563985837129733,0.7684545371935587,-0.5563985837129624,1.3322658291110214,
063_210℃_120_1.5mm.csv,1.5,120,1.48524,0.300073953,1.50468,0.30016349,0.01944,2.065461928,210,0.019440000000000124,1765298.4379999998,900.2057613168666,60.0,54012.345679011996,21.010654062073602,3600.823045267466,0.01966600000000005,0.00016964669168590253,-0.00016964669168590253,889.9136833742061,7.68157616083085,-7.68157616083085,53394.821002452365,460.89456964984964,-460.89456964984964,1789627.4949999999,15921.023155147683,-15921.023155147683,3559.548689432999,3590.3974912826543,3528.964941404785,21.546519438994245,21.922447932160463,21.177037408030223,-1.1190233977613775,1.1316872427977542,1.1316872427977542,-1.455211503883511,1.1316872427977542,-2.5579507444294993,
064_210℃_120_1.5mm.csv,1.5,120,1.485245,0.300150653,1.504825,0.300237097,0.01958,2.08464677,210,0.019580000000000153,1784409.673,893.7691521961115,60.0,53626.14913176669,21.3910661616369,3575.076608784446,0.01966600000000005,0.00016964669168590253,-0.00016964669168590253,889.9136833742061,7.68157616083085,-7.68157616083085,53394.821002452365,460.89456964984964,-460.89456964984964,1789627.4949999999,15921.023155147683,-15921.023155147683,3559.548689432999,3590.3974912826543,3528.964941404785,21.546519438994245,21.922447932160463,21.177037408030223,-0.4069175991854421,0.4085801838603434,0.4085801838603477,-0.3883592536156789,0.40858018386035627,-0.793696550650084,
065_210℃_120_1.5mm.csv,1.5,120,1.485095,0.300074778,1.504975,0.300121031,0.01988,2.102051335,210,0.019879999999999898,1801930.304,880.2816901408496,60.0,52816.901408450976,21.932065985828455,3521.1267605633984,0.01966600000000005,0.00016964669168590253,-0.00016964669168590253,889.9136833742061,7.68157616083085,-7.68157616083085,53394.821002452365,460.89456964984964,-460.89456964984964,1789627.4949999999,15921.023155147683,-15921.023155147683,3559.548689432999,3590.3974912826543,3528.964941404785,21.546519438994245,21.922447932160463,21.177037408030223,1.1190233977613775,-1.1066398390336467,-1.1066398390336425,0.5897002285926815,-1.106639839033634,1.7153225098886626,
071_210℃_160_1.5mm.csv,1.5,160,1.487335,0.300179798,1.50203,0.300238041,0.014695,1.798123611,210,0.014694999999999903,1497885.57,1190.8812521265816,60.0,71452.87512759489,13.476384766010117,4763.525008506326,0.01502699999999999,0.00039136939072957524,-0.00039136939072957524,1165.2074924955118,30.577425160533878,-30.577425160533878,69912.4495497307,1834.6455096320392,-1834.6455096320392,1529203.0112,39078.395556338786,-39078.395556338786,4659.5524797940425,4782.991055692522,4539.299584538162,14.061450384667346,14.808777290167352,13.351837430342435,-3.0353018805683014,3.1303164341621654,3.1303164341621494,-2.738966753617748,3.1303164341621654,-5.691132724805334,
072_210℃_160_1.5mm.csv,1.5,160,1.487365,0.300232968,1.5019,0.30011577,0.014535,1.77916715,210,0.014534999999999965,1479051.3800000001,1203.9903680770583,60.0,72239.4220846235,13.16204804589793,4815.961472308233,0.01502699999999999,0.00039136939072957524,-0.00039136939072957524,1165.2074924955118,30.577425160533878,-30.577425160533878,69912.4495497307,1834.6455096320392,-1834.6455096320392,1529203.0112,39078.395556338786,-39078.395556338786,4659.5524797940425,4782.991055692522,4539.299584538162,14.061450384667346,14.808777290167352,13.351837430342435,-4.0910590564174445,4.265565875473453,4.265565875473443,-3.9619124955669647,4.265565875473453,-7.890887372027171,
073_210℃_160_1.5mm.csv,1.5,160,1.487075,0.300208371,1.50248,0.300205767,0.015405,1.865704891,210,0.015405000000000113,1565499.124,1135.9948068808744,60.0,68159.68841285247,14.765212656257251,4543.979227523498,0.01502699999999999,0.00039136939072957524,-0.00039136939072957524,1165.2074924955118,30.577425160533878,-30.577425160533878,69912.4495497307,1834.6455096320392,-1834.6455096320392,1529203.0112,39078.395556338786,-39078.395556338786,4659.5524797940425,4782.991055692522,4539.299584538162,14.061450384667346,14.808777290167352,13.351837430342435,1.6496205872654768,-1.6228497241160815,-1.6228497241160853,1.6513313140110502,-1.6228497241160815,3.3281926025964146,
074_210℃_160_1.5mm.csv,1.5,160,1.48712,0.300037239,1.502465,0.300216798,0.015345,1.863728273,210,0.015344999999999942,1563511.4749999999,1140.4366243075963,60.0,68426.19745845578,14.6890307656377,4561.746497230385,0.01502699999999999,0.00039136939072957524,-0.00039136939072957524,1165.2074924955118,30.577425160533878,-30.577425160533878,69912.4495497307,1834.6455096320392,-1834.6455096320392,1529203.0112,39078.395556338786,-39078.395556338786,4659.5524797940425,4782.991055692522,4539.299584538162,14.061450384667346,14.808777290167352,13.351837430342435,1.253711646320766,-1.238188334961968,-1.2381883349619784,1.5222688546730123,-1.238188334961968,2.795065362913142,
075_210℃_160_1.5mm.csv,1.5,160,1.48715,0.300039442,1.502305,0.300041879,0.015155,1.840109386,210,0.01515500000000003,1540067.5069999998,1154.734411085448,60.0,69284.06466512689,14.289626368521454,4618.937644341792,0.01502699999999999,0.00039136939072957524,-0.00039136939072957524,1165.2074924955118,30.577425160533878,-30.577425160533878,69912.4495497307,1834.6455096320392,-1834.6455096320392,1529203.0112,39078.395556338786,-39078.395556338786,4659.5524797940425,4782.991055692522,4539.299584538162,14.061450384667346,14.808777290167352,13.351837430342435,0.0,0.0,0.0,0.0,0.0,0.0,
081_210℃_200_1.5mm.csv,1.5,200,1.4885,0.300216481,1.500785,0.300237249,0.012285,1.628854389,210,0.012285000000000101,1328617.14,1424.5014245014127,60.0,85470.08547008476,9.993098917285796,5698.005698005651,0.012161,0.0001893541655206558,-0.0001893541655206558,1439.307455209882,22.565089317984818,-22.565089317984818,86358.4473125929,1353.905359079093,-1353.905359079093,1303927.7974,26159.485591637687,-26159.485591637687,5756.666389856117,5847.316856215298,5667.421270129111,9.705888736573197,10.056841053320584,9.367183558661688,0.8620689655174143,-0.8547008547010376,-0.8547008547010386,2.2199016465042987,-0.8547008547010219,3.1055219692031586,
082_210℃_200_1.5mm.csv,1.5,200,1.488515,0.300229563,1.500395,0.300102911,0.01188,1.564575988,210,0.01187999999999989,1264473.077,1473.0639730639866,60.0,88383.8383838392,9.197106217199915,5892.2558922559465,0.012161,0.0001893541655206558,-0.0001893541655206558,1439.307455209882,22.565089317984818,-22.565089317984818,86358.4473125929,1353.905359079093,-1353.905359079093,1303927.7974,26159.485591637687,-26159.485591637687,5756.666389856117,5847.316856215298,5667.421270129111,9.705888736573197,10.056841053320584,9.367183558661688,-2.463054187193654,2.5252525252541322,2.525252525254143,-2.715154219978923,2.5252525252541487,-5.107270029089332,
083_210℃_200_1.5mm.csv,1.5,200,1.48843,0.300123935,1.50061,0.300263459,0.01218,1.599971477,210,0.01218000000000008,1299708.018,1436.781609195393,60.0,86206.89655172358,9.692108362800063,5747.126436781571,0.012161,0.0001893541655206558,-0.0001893541655206558,1439.307455209882,22.565089317984818,-22.565089317984818,86358.4473125929,1353.905359079093,-1353.905359079093,1303927.7974,26159.485591637687,-26159.485591637687,5756.666389856117,5847.316856215298,5667.421270129111,9.705888736573197,10.056841053320584,9.367183558661688,0.0,0.0,0.0,-0.004281316788490656,0.0,0.0,
084_210℃_200_1.5mm.csv,1.5,200,1.48852,0.30008296,1.50061,0.300258188,0.01209,1.600021853,210,0.012089999999999934,1299763.6650000003,1447.4772539288747,60.0,86848.63523573248,9.620903699908114,5789.909015715499,0.012161,0.0001893541655206558,-0.0001893541655206558,1439.307455209882,22.565089317984818,-22.565089317984818,86358.4473125929,1353.905359079093,-1353.905359079093,1303927.7974,26159.485591637687,-26159.485591637687,5756.666389856117,5847.316856215298,5667.421270129111,9.705888736573197,10.056841053320584,9.367183558661688,-0.7389162561588254,0.7444168734503301,0.7444168734503313,0.0,0.7444168734503461,-0.7346663927659393,
085_210℃_200_1.5mm.csv,1.5,200,1.488405,0.300039599,1.500775,0.300205271,0.01237,1.627282358,210,0.012369999999999992,1327077.0869999998,1414.7130153597423,60.0,84882.78092158453,10.050577693585707,5658.852061438969,0.012161,0.0001893541655206558,-0.0001893541655206558,1439.307455209882,22.565089317984818,-22.565089317984818,86358.4473125929,1353.905359079093,-1353.905359079093,1303927.7974,26159.485591637687,-26159.485591637687,5756.666389856117,5847.316856215298,5667.421270129111,9.705888736573197,10.056841053320584,9.367183558661688,1.5599343185542793,-1.5359741309613018,-1.5359741309613009,2.1014144906104564,-1.5359741309612862,3.6985691592296788,
091_210℃_240_1.5mm.csv,1.5,240,1.48925,0.300253915,1.49974,0.300065764,0.01049,1.455593313,210,0.01049000000000011,1155527.549,1668.25548141085,60.0,100095.328884651,7.421316727965386,6673.021925643399,0.01065700000000005,0.00017676255259532934,-0.00017676255259532934,1642.4750247812385,27.27140983234299,-27.27140983234299,98548.5014868743,1636.2845899405777,-1636.2845899405777,1165648.9014,18994.860363079413,-18994.860363079413,6569.176087880609,6679.108626696761,6461.0529466601565,7.603858164165907,7.854570502020719,7.361148386901322,-1.686972820992012,1.7159199237354175,1.715919923735418,-0.4706292793190667,1.7159199237354035,-2.149662712281314,
092_210℃_240_1.5mm.csv,1.5,240,1.4891,0.300233873,1.49977,0.300003061,0.01067,1.460994576,210,0.010669999999999957,1160991.5150000001,1640.1124648547395,60.0,98406.74789128437,7.584354774520378,6560.449859418958,0.01065700000000005,0.00017676255259532934,-0.00017676255259532934,1642.4750247812385,27.27140983234299,-27.27140983234299,98548.5014868743,1636.2845899405777,-1636.2845899405777,1165648.9014,18994.860363079413,-18994.860363079413,6569.176087880609,6679.108626696761,6461.0529466601565,7.603858164165907,7.854570502020719,7.361148386901322,0.0,0.0,0.0,0.0,0.0,0.0,
093_210℃_240_1.5mm.csv,1.5,240,1.4892,0.300215629,1.499665,0.300239648,0.010465,1.442812902,210,0.010464999999999947,1142573.254,1672.2408026755938,60.0,100334.44816053563,7.320630063128534,6688.963210702374,0.01065700000000005,0.00017676255259532934,-0.00017676255259532934,1642.4750247812385,27.27140983234299,-27.27140983234299,98548.5014868743,1636.2845899405777,-1636.2845899405777,1165648.9014,18994.860363079413,-18994.860363079413,6569.176087880609,6679.108626696761,6461.0529466601565,7.603858164165907,7.854570502020719,7.361148386901322,-1.921274601687081,1.958910654562938,1.958910654562941,-1.5864251169828893,1.9589106545629242,-3.477220135822582,
094_210℃_240_1.5mm.csv,1.5,240,1.489055,0.300028752,1.499875,0.300101537,0.01082,1.478756353,210,0.010820000000000052,1178654.816,1617.3752310535967,60.0,97042.5138632158,7.807986801502079,6469.500924214387,0.01065700000000005,0.00017676255259532934,-0.00017676255259532934,1642.4750247812385,27.27140983234299,-27.27140983234299,98548.5014868743,1636.2845899405777,-1636.2845899405777,1165648.9014,18994.860363079413,-18994.860363079413,6569.176087880609,6679.108626696761,6461.0529466601565,7.603858164165907,7.854570502020719,7.361148386901322,1.405810684162091,-1.3863216266182434,-1.386321626618236,1.5213979406214675,-1.3863216266182434,2.9485965995814434,
095_210℃_240_1.5mm.csv,1.5,240,1.489105,0.300025958,1.499945,0.300270254,0.01084,1.490767627,210,0.010840000000000183,1190497.3730000001,1614.391143911412,60.0,96863.46863468472,7.901015218359317,6457.564575645649,0.01065700000000005,0.00017676255259532934,-0.00017676255259532934,1642.4750247812385,27.27140983234299,-27.27140983234299,98548.5014868743,1636.2845899405777,-1636.2845899405777,1165648.9014,18994.860363079413,-18994.860363079413,6569.176087880609,6679.108626696761,6461.0529466601565,7.603858164165907,7.854570502020719,7.361148386901322,1.5932521087181462,-1.5682656826588794,-1.568265682658876,2.5414361447766485,-1.5682656826588655,4.1751797384631795,
021_230℃_010_1.5mm.csv,1.5,10,1.298105,0.300005303,1.53902,0.300012043,0.240915,1.784945135,230,0.240915,1484933.0920000002,72.63972770479215,60.0,4358.383662287529,219.02611583215102,290.5589108191686,0.24478,0.005612468262716478,-0.005612468262716478,71.52247361797293,1.6195859483572868,-1.6195859483572868,4291.348417078376,97.17515690143696,-97.17515690143696,1510289.554,32650.83667365982,-32650.83667365982,286.0307260928899,292.6235163159853,279.586471037005,226.25082293989135,236.4784335519795,216.46555295591597,-0.7784024216964923,0.7845090592118357,0.7845090592118357,-1.304172586935654,0.7845090592118357,-2.0724232976323607,
022_230℃_010_1.5mm.csv,1.5,10,1.297195,0.300002892,1.54476,0.300007227,0.247565,1.823046752,230,0.2475649999999998,1523039.525,70.6885060489165,60.0,4241.31036293499,230.84772245303554,282.754024195666,0.24478,0.005612468262716478,-0.005612468262716478,71.52247361797293,1.6195859483572868,-1.6195859483572868,4291.348417078376,97.17515690143696,-97.17515690143696,1510289.554,32650.83667365982,-32650.83667365982,286.0307260928899,292.6235163159853,279.586471037005,226.25082293989135,236.4784335519795,216.46555295591597,1.9604209139019586,-1.9227273645303875,-1.922727364530377,1.2285650528660137,-1.9227273645303875,3.2130710130052393,
023_230℃_010_1.5mm.csv,1.5,10,1.29915,0.30000031,1.538575,0.300018322,0.239425,1.779119235,230,0.239425,1479100.913,73.09178239532213,60.0,4385.506943719328,216.81657311940305,292.36712958128857,0.24478,0.005612468262716478,-0.005612468262716478,71.52247361797293,1.6195859483572868,-1.6195859483572868,4291.348417078376,97.17515690143696,-97.17515690143696,1510289.554,32650.83667365982,-32650.83667365982,286.0307260928899,292.6235163159853,279.586471037005,226.25082293989135,236.4784335519795,216.46555295591597,-1.392063590123827,1.4117155685497276,1.4117155685497393,-1.691807380130849,1.4117155685497473,-3.0603199357008655,
024_230℃_010_1.5mm.csv,1.5,10,1.296425,0.300001687,1.549615,0.300005234,0.25319,1.859824387,230,0.25319,1559819.153,69.11805363560961,60.0,4147.083218136577,241.79425184575715,276.47221454243845,0.24478,0.005612468262716478,-0.005612468262716478,71.52247361797293,1.6195859483572868,-1.6195859483572868,4291.348417078376,97.17515690143696,-97.17515690143696,1510289.554,32650.83667365982,-32650.83667365982,286.0307260928899,292.6235163159853,279.586471037005,226.25082293989135,236.4784335519795,216.46555295591597,4.277094787998542,-4.10166278289026,-4.101662782890254,3.6731168222091077,-4.10166278289026,8.10731429836743,
025_230℃_010_1.5mm.csv,1.5,10,1.298655,0.300011528,1.54146,0.300008913,0.242805,1.804564,230,0.24280500000000016,1504555.087,72.0742983052243,60.0,4324.457898313458,223.66132524430733,288.2971932208972,0.24478,0.005612468262716478,-0.005612468262716478,71.52247361797293,1.6195859483572868,-1.6195859483572868,4291.348417078376,97.17515690143696,-97.17515690143696,1510289.554,32650.83667365982,-32650.83667365982,286.0307260928899,292.6235163159853,279.586471037005,226.25082293989135,236.4784335519795,216.46555295591597,0.0,0.0,0.0,0.0,0.0,0.0,
031_230℃_020_1.5mm.csv,1.5,20,1.401395,0.300022731,1.5225,0.300031541,0.121105,1.815542852,230,0.12110500000000002,1515511.311,144.50270426489408,60.0,8670.162255893645,112.36897795019694,578.0108170595764,0.11960700000000002,0.0014049048010453349,-0.0014049048010453349,146.32880624209355,1.7346576734427925,-1.7346576734427925,8779.728374525614,104.07946040656766,-104.07946040656766,1499898.0134,17111.23362789384,-17111.23362789384,585.2825252364023,592.229885903961,578.4166630230657,109.82383306991954,112.40205520839918,107.30474890167561,0.908219805857444,-0.9000454151354704,-0.9000454151354589,0.818638440140413,-0.9000454151354509,1.7342932824495556,
032_230℃_020_1.5mm.csv,1.5,20,1.402025,0.300012661,1.51934,0.300019244,0.117315,1.770709962,230,0.11731499999999984,1470690.7179999999,149.17103524698481,60.0,8950.262114819088,105.63311117275701,596.6841409879393,0.11960700000000002,0.0014049048010453349,-0.0014049048010453349,146.32880624209355,1.7346576734427925,-1.7346576734427925,8779.728374525614,104.07946040656766,-104.07946040656766,1499898.0134,17111.23362789384,-17111.23362789384,585.2825252364023,592.229885903961,578.4166630230657,109.82383306991954,112.40205520839918,107.30474890167561,-2.2497187851521594,2.3014959723823623,2.3014959723823627,-2.163029283182636,2.3014959723823623,-4.364085992222672,
033_230℃_020_1.5mm.csv,1.5,20,1.401625,0.300001616,1.52164,0.300028726,0.120015,1.803234219,230,0.1200150000000002,1503205.4929999998,145.81510644502745,60.0,8748.906386701647,110.4533921892216,583.2604257801098,0.11960700000000002,0.0014049048010453349,-0.0014049048010453349,146.32880624209355,1.7346576734427925,-1.7346576734427925,8779.728374525614,104.07946040656766,-104.07946040656766,1499898.0134,17111.23362789384,-17111.23362789384,585.2825252364023,592.229885903961,578.4166630230657,109.82383306991954,112.40205520839918,107.30474890167561,0.0,0.0,0.0,0.0,0.0,0.0,
034_230℃_020_1.5mm.csv,1.5,20,1.401715,0.300036811,1.521795,0.300011688,0.12008,1.807343206,230,0.12007999999999996,1507331.518,145.73617588274487,60.0,8744.170552964693,110.81655225394282,582.9447035309796,0.11960700000000002,0.0014049048010453349,-0.0014049048010453349,146.32880624209355,1.7346576734427925,-1.7346576734427925,8779.728374525614,104.07946040656766,-104.07946040656766,1499898.0134,17111.23362789384,-17111.23362789384,585.2825252364023,592.229885903961,578.4166630230657,109.82383306991954,112.40205520839918,107.30474890167561,0.0541598966793814,-0.054130579613393,-0.05413057961337611,0.2744817670780119,-0.0541305796133735,0.3287903227988431,
035_230℃_020_1.5mm.csv,1.5,20,1.40183,0.300023571,1.52135,0.300029086,0.11952,1.802780113,230,0.11952000000000007,1502751.027,146.41900937081653,60.0,8785.140562248991,109.96457311043272,585.6760374832661,0.11960700000000002,0.0014049048010453349,-0.0014049048010453349,146.32880624209355,1.7346576734427925,-1.7346576734427925,8779.728374525614,104.07946040656766,-104.07946040656766,1499898.0134,17111.23362789384,-17111.23362789384,585.2825252364023,592.229885903961,578.4166630230657,109.82383306991954,112.40205520839918,107.30474890167561,-0.41244844394461805,0.41415662650614615,0.4141566265061475,-0.03023312528567125,0.41415662650614615,-0.442556873175489,
041_230℃_040_1.5mm.csv,1.5,40,1.457475,0.300054012,1.515255,0.300098687,0.05778,1.967968625,230,0.05777999999999994,1667869.9379999998,302.8729664243686,60.0,18172.377985462117,59.00175001079993,1211.4918656974744,0.05762200000000002,0.00038804961023046513,-0.00038804961023046513,303.7144732227943,2.046742694982532,-2.046742694982532,18222.86839336766,122.80456169895247,-122.80456169895247,1669368.7602,8889.645548297265,-8889.645548297265,1214.835834387624,1223.0474617463262,1206.6793404771215,58.89154946876135,59.58190423072302,58.2091936068603,0.3386298515237392,-0.33748701972992,-0.33748701972991124,0.0,-0.33748701972992,0.0,
042_230℃_040_1.5mm.csv,1.5,40,1.457945,0.300111581,1.51502,0.300034947,0.057075,1.959278825,230,0.05707499999999999,1659243.8779999998,306.6141042487955,60.0,18396.846254927732,57.98041490011222,1226.456416995182,0.05762200000000002,0.00038804961023046513,-0.00038804961023046513,303.7144732227943,2.046742694982532,-2.046742694982532,18222.86839336766,122.80456169895247,-122.80456169895247,1669368.7602,8889.645548297265,-8889.645548297265,1214.835834387624,1223.0474617463262,1206.6793404771215,58.89154946876135,59.58190423072302,58.2091936068603,-0.8856473039854311,0.8935611038107878,0.8935611038107965,-0.5171902079093685,0.8935611038107878,-1.7310251145106017,
043_230℃_040_1.5mm.csv,1.5,40,1.457635,0.300059811,1.515165,0.300013725,0.05753,1.9635013,230,0.05753000000000008,1663487.575,304.18911872066707,60.0,18251.347123240022,58.592106238622534,1216.7564748826683,0.05762200000000002,0.00038804961023046513,-0.00038804961023046513,303.7144732227943,2.046742694982532,-2.046742694982532,18222.86839336766,122.80456169895247,-122.80456169895247,1669368.7602,8889.645548297265,-8889.645548297265,1214.835834387624,1223.0474617463262,1206.6793404771215,58.89154946876135,59.58190423072302,58.2091936068603,-0.09551098376298729,0.09560229445492192,0.0956022944549157,-0.26275208277061085,0.09560229445492192,-0.6942908847659836,
044_230℃_040_1.5mm.csv,1.5,40,1.457875,0.30004573,1.51546,0.300056915,0.057585,1.974747044,230,0.057585,1674690.129,303.898584700877,60.0,18233.91508205262,59.04308025212143,1215.594338803508,0.05762200000000002,0.00038804961023046513,-0.00038804961023046513,303.7144732227943,2.046742694982532,-2.046742694982532,18222.86839336766,122.80456169895247,-122.80456169895247,1669368.7602,8889.645548297265,-8889.645548297265,1214.835834387624,1223.0474617463262,1206.6793404771215,58.89154946876135,59.58190423072302,58.2091936068603,0.0,0.0,0.0,0.4089162376880798,0.0,0.0700491787344124,
045_230℃_040_1.5mm.csv,1.5,40,1.45753,0.300003149,1.51567,0.300036011,0.05814,1.981588292,230,0.05814000000000008,1681552.2810000002,300.99759201926344,60.0,18059.855521155805,59.85639772490214,1203.9903680770537,0.05762200000000002,0.00038804961023046513,-0.00038804961023046513,303.7144732227943,2.046742694982532,-2.046742694982532,18222.86839336766,122.80456169895247,-122.80456169895247,1669368.7602,8889.645548297265,-8889.645548297265,1214.835834387624,1223.0474617463262,1206.6793404771215,58.89154946876135,59.58190423072302,58.2091936068603,0.9637926543372114,-0.9545923632612388,-0.9545923632612425,0.820348319030638,-0.9545923632612388,1.4485124830123992,
051_230℃_080_1.5mm.csv,1.5,80,1.47919,0.300014794,1.50854,0.300132825,0.02935,2.114439042,230,0.029349999999999987,1814306.217,596.2521294718912,60.0,35775.12776831347,32.6019719197653,2385.0085178875647,0.02916799999999995,0.000291238733687717,-0.000291238733687717,600.0201758199579,5.959488934847572,-5.959488934847572,36001.21054919747,357.569336090855,-357.569336090855,1804323.6283999998,16156.448670365,-16156.448670365,2399.985663136411,2424.0056789689593,2376.2036670270018,32.219224228049534,32.82020482412458,31.629248367587625,1.1023079572859085,-1.0902896081775186,-1.0902896081775335,0.5833177663400358,-1.090289608177537,1.9730699979991686,
052_230℃_080_1.5mm.csv,1.5,80,1.479115,0.300072051,1.508705,0.300115477,0.02959,2.125336531,230,0.029590000000000005,1825221.0539999998,591.4160189253125,60.0,35484.96113551875,33.06630060481225,2365.66407570125,0.02916799999999995,0.000291238733687717,-0.000291238733687717,600.0201758199579,5.959488934847572,-5.959488934847572,36001.21054919747,357.569336090855,-357.569336090855,1804323.6283999998,16156.448670365,-16156.448670365,2399.985663136411,2424.0056789689593,2376.2036670270018,32.219224228049534,32.82020482412458,31.629248367587625,1.9290389252501483,-1.8925312605613913,-1.8925312605614,1.1884253871219956,-1.8925312605614097,3.4254061210686375,
053_230℃_080_1.5mm.csv,1.5,80,1.479235,0.300009489,1.508265,0.300000373,0.02903,2.094011365,230,0.02902999999999989,1794010.992,602.8246641405466,60.0,36169.4798484328,31.88579944760804,2411.298656562187,0.02916799999999995,0.000291238733687717,-0.000291238733687717,600.0201758199579,5.959488934847572,-5.959488934847572,36001.21054919747,357.569336090855,-357.569336090855,1804323.6283999998,16156.448670365,-16156.448670365,2399.985663136411,2424.0056789689593,2376.2036670270018,32.219224228049534,32.82020482412458,31.629248367587625,0.0,0.0,0.0,-0.5418291610015875,0.0,-0.2669879289772277,
054_230℃_080_1.5mm.csv,1.5,80,1.479205,0.300015623,1.508125,0.300118804,0.02892,2.084414261,230,0.028919999999999835,1784295.457,605.117565698482,60.0,36307.053941908925,31.592953846799812,2420.470262793928,0.02916799999999995,0.000291238733687717,-0.000291238733687717,600.0201758199579,5.959488934847572,-5.959488934847572,36001.21054919747,357.569336090855,-357.569336090855,1804323.6283999998,16156.448670365,-16156.448670365,2399.985663136411,2424.0056789689593,2376.2036670270018,32.219224228049534,32.82020482412458,31.629248367587625,-0.37891836031710274,0.38035961272495034,0.3803596127249478,-1.080448681244908,0.38035961272493135,-1.1829559883116743,
055_230℃_080_1.5mm.csv,1.5,80,1.479445,0.300045044,1.508395,0.300038253,0.02895,2.103822675,230,0.02895000000000003,1803784.422,604.4905008635573,60.0,36269.43005181343,31.971158581775548,2417.962003454229,0.02916799999999995,0.000291238733687717,-0.000291238733687717,600.0201758199579,5.959488934847572,-5.959488934847572,36001.21054919747,357.569336090855,-357.569336090855,1804323.6283999998,16156.448670365,-16156.448670365,2399.985663136411,2424.0056789689593,2376.2036670270018,32.219224228049534,32.82020482412458,31.629248367587625,-0.27557698932090346,0.2763385146799976,0.2763385146799825,0.0,0.27633851467997866,0.0,
061_230℃_120_1.5mm.csv,1.5,120,1.484535,0.300040149,1.50378,0.300037854,0.019245,1.918600647,230,0.019244999999999957,1618562.793,909.3270979475209,60.0,54559.625876851256,19.070963847725466,3637.3083917900835,0.01922899999999994,0.000267076767990071,-0.000267076767990071,910.2259198554917,12.797745570857893,-12.797745570857893,54613.555191329506,767.8647342514748,-767.8647342514748,1619115.4152000002,24762.622597365153,-24762.622597365153,3640.6181260612943,3691.8510390386355,3590.096187428364,19.058328421221823,19.61855114967096,18.51410328113059,-0.2591344908012716,0.25980774227127135,0.25980774227127634,-0.6393270851291671,0.25980774227127135,-0.8968048589438565,
062_230℃_120_1.5mm.csv,1.5,120,1.48464,0.300142175,1.503955,0.300007006,0.019315,1.938496657,230,0.01931499999999997,1638489.651,906.0315816722768,60.0,54361.894900336614,19.37597608718262,3624.1263266891074,0.01922899999999994,0.000267076767990071,-0.000267076767990071,910.2259198554917,12.797745570857893,-12.797745570857893,54613.555191329506,767.8647342514748,-767.8647342514748,1619115.4152000002,24762.622597365153,-24762.622597365153,3640.6181260612943,3691.8510390386355,3590.096187428364,19.058328421221823,19.61855114967096,18.51410328113059,0.10365379631981818,-0.10354646647635127,-0.10354646647634541,0.5839470618622236,-0.10354646647635127,0.6882061414801327,
063_230℃_120_1.5mm.csv,1.5,120,1.48457,0.300001404,1.503865,0.300169277,0.019295,1.929146563,230,0.019295000000000062,1628977.286,906.9707178025366,60.0,54418.243068152195,19.24354085716537,3627.8828712101463,0.01922899999999994,0.000267076767990071,-0.000267076767990071,910.2259198554917,12.797745570857893,-12.797745570857893,54613.555191329506,767.8647342514748,-767.8647342514748,1619115.4152000002,24762.622597365153,-24762.622597365153,3640.6181260612943,3691.8510390386355,3590.096187428364,19.058328421221823,19.61855114967096,18.51410328113059,0.0,0.0,0.0,0.0,0.0,0.0,
064_230℃_120_1.5mm.csv,1.5,120,1.484625,0.300055414,1.50341,0.300101517,0.018785,1.87687112,230,0.01878499999999983,1576769.603,931.594357199902,60.0,55895.66143199412,18.134459383074322,3726.3774287996084,0.01922899999999994,0.000267076767990071,-0.000267076767990071,910.2259198554917,12.797745570857893,-12.797745570857893,54613.555191329506,767.8647342514748,-767.8647342514748,1619115.4152000002,24762.622597365153,-24762.622597365153,3640.6181260612943,3691.8510390386355,3590.096187428364,19.058328421221823,19.61855114967096,18.51410328113059,-2.6431718061685974,2.7149321266980992,2.714932126698103,-3.204936216649014,2.7149321266981117,-5.763396052333477,
065_230℃_120_1.5mm.csv,1.5,120,1.48441,0.300160603,1.503915,0.300067661,0.019505,1.932845404,230,0.019504999999999884,1632777.743,897.205844655222,60.0,53832.35067931332,19.498365230947844,3588.823378620888,0.01922899999999994,0.000267076767990071,-0.000267076767990071,910.2259198554917,12.797745570857893,-12.797745570857893,54613.555191329506,767.8647342514748,-767.8647342514748,1619115.4152000002,24762.622597365153,-24762.622597365153,3640.6181260612943,3691.8510390386355,3590.096187428364,19.058328421221823,19.61855114967096,18.51410328113059,1.0883648613621184,-1.0766470135853448,-1.0766470135853448,0.23330325306941918,-1.0766470135853448,1.3242073050583532,
071_230℃_160_1.5mm.csv,1.5,160,1.486715,0.30009808,1.50156,0.300210228,0.014845,1.714029286,230,0.014844999999999997,1413819.058,1178.848097002358,60.0,70730.88582014147,12.849884030210204,4715.392388009432,0.01521100000000004,0.00043171750022453337,-0.00043171750022453337,1151.2293787767735,32.867006698739246,-32.867006698739246,69073.76272660641,1972.0204019243492,-1972.0204019243492,1459682.7446,50494.647273952156,-50494.647273952156,4603.421992978471,4736.363696082624,4474.211738208586,13.58290294596582,14.466237047444741,12.753506792017864,-3.2268578878756844,3.334456045807583,3.3344560458075776,-4.237647775411085,3.334456045807583,-7.327762791785535,
072_230℃_160_1.5mm.csv,1.5,160,1.486795,0.300191451,1.501475,0.300043846,0.01468,1.701948685,230,0.014679999999999804,1401904.8390000002,1192.0980926430677,60.0,71525.88555858406,12.599977369297791,4768.392370572271,0.01521100000000004,0.00043171750022453337,-0.00043171750022453337,1151.2293787767735,32.867006698739246,-32.867006698739246,69073.76272660641,1972.0204019243492,-1972.0204019243492,1459682.7446,50494.647273952156,-50494.647273952156,4603.421992978471,4736.363696082624,4474.211738208586,13.58290294596582,14.466237047444741,12.753506792017864,-4.302477183835211,4.4959128065418135,4.495912806541817,-5.044634801015935,4.4959128065418135,-9.130067723529656,
073_230℃_160_1.5mm.csv,1.5,160,1.486665,0.300179691,1.502005,0.300002406,0.01534,1.776385374,230,0.015340000000000131,1476382.968,1140.8083441981648,60.0,68448.50065188989,13.865947793338899,4563.233376792659,0.01521100000000004,0.00043171750022453337,-0.00043171750022453337,1151.2293787767735,32.867006698739246,-32.867006698739246,69073.76272660641,1972.0204019243492,-1972.0204019243492,1459682.7446,50494.647273952156,-50494.647273952156,4603.421992978471,4736.363696082624,4474.211738208586,13.58290294596582,14.466237047444741,12.753506792017864,0.0,0.0,0.0,0.0,0.0,0.0,
074_230℃_160_1.5mm.csv,1.5,160,1.48663,0.300126345,1.50232,0.300174752,0.01569,1.822020094,230,0.015690000000000204,1521845.342,1115.3601019757662,60.0,66921.60611854597,14.619032703661416,4461.440407903065,0.01521100000000004,0.00043171750022453337,-0.00043171750022453337,1151.2293787767735,32.867006698739246,-32.867006698739246,69073.76272660641,1972.0204019243492,-1972.0204019243492,1459682.7446,50494.647273952156,-50494.647273952156,4603.421992978471,4736.363696082624,4474.211738208586,13.58290294596582,14.466237047444741,12.753506792017864,2.2816166883968023,-2.2307202039519947,-2.230720203951992,3.0793076718831287,-2.2307202039519947,5.431182358008687,
075_230℃_160_1.5mm.csv,1.5,160,1.486565,0.300047641,1.502065,0.300072304,0.0155,1.78453382,230,0.01550000000000007,1484461.516,1129.032258064511,60.0,67741.93548387066,14.08723683551027,4516.129032258044,0.01521100000000004,0.00043171750022453337,-0.00043171750022453337,1151.2293787767735,32.867006698739246,-32.867006698739246,69073.76272660641,1972.0204019243492,-1972.0204019243492,1459682.7446,50494.647273952156,-50494.647273952156,4603.421992978471,4736.363696082624,4474.211738208586,13.58290294596582,14.466237047444741,12.753506792017864,1.043024771837918,-1.0322580645157133,-1.0322580645157133,0.5471851257498354,-1.0322580645157133,1.5959171739971252,
081_230℃_200_1.5mm.csv,1.5,200,1.48805,0.300152086,1.500605,0.300245248,0.012555,1.593966662,230,0.012554999999999872,1293721.4139999999,1393.866985264849,60.0,83632.01911589094,9.944493277206021,5575.467941059396,0.012571999999999939,9.884331034529112e-05,-9.884331034529112e-05,1392.0514841168183,11.018347861455565,-11.018347861455565,83523.0890470091,661.1008716873304,-661.1008716873304,1280244.321,14459.09781619356,-14459.09781619356,5568.067021311568,5612.1654431977095,5524.315109312303,9.853472106886331,10.033495847325229,9.676678401882217,-0.3966679888941341,0.39824771007652243,0.39824771007652904,0.7896904752471493,0.39824771007652243,0.15173477371361638,
082_230℃_200_1.5mm.csv,1.5,200,1.4879,0.300243787,1.500525,0.300182535,0.012625,1.581729287,230,0.012625000000000108,1281546.7519999999,1386.1386138613743,60.0,83168.31683168246,9.905833312653144,5544.554455445497,0.012571999999999939,9.884331034529112e-05,-9.884331034529112e-05,1392.0514841168183,11.018347861455565,-11.018347861455565,83523.0890470091,661.1008716873304,-661.1008716873304,1280244.321,14459.09781619356,-14459.09781619356,5568.067021311568,5612.1654431977095,5524.315109312303,9.853472106886331,10.033495847325229,9.676678401882217,0.1586671955583583,-0.15841584158518565,-0.15841584158517913,-0.15879843538067984,-0.15841584158518565,-0.23761261768497202,
083_230℃_200_1.5mm.csv,1.5,200,1.48795,0.300068873,1.50036,0.300261484,0.01241,1.555992499,230,0.01240999999999981,1255731.0150000001,1410.1531023368468,60.0,84609.1861402108,9.54099299764271,5640.612409347387,0.012571999999999939,9.884331034529112e-05,-9.884331034529112e-05,1392.0514841168183,11.018347861455565,-11.018347861455565,83523.0890470091,661.1008716873304,-661.1008716873304,1280244.321,14459.09781619356,-14459.09781619356,5568.067021311568,5612.1654431977095,5524.315109312303,9.853472106886331,10.033495847325229,9.676678401882217,-1.5470051566851855,1.571313456890987,1.5713134568909881,-2.170019795298866,1.571313456890987,-3.911946688324418,
084_230℃_200_1.5mm.csv,1.5,200,1.487955,0.300011232,1.50056,0.300045023,0.012605,1.586682382,230,0.012604999999999977,1286637.359,1388.3379611265395,60.0,83300.27766759237,9.92942688379284,5553.351844506158,0.012571999999999939,9.884331034529112e-05,-9.884331034529112e-05,1392.0514841168183,11.018347861455565,-11.018347861455565,83523.0890470091,661.1008716873304,-661.1008716873304,1280244.321,14459.09781619356,-14459.09781619356,5568.067021311568,5612.1654431977095,5524.315109312303,9.853472106886331,10.033495847325229,9.676678401882217,0.0,0.0,0.0,0.23779444644753595,0.0,0.0,
085_230℃_200_1.5mm.csv,1.5,200,1.487875,0.300233295,1.50054,0.300006874,0.012665,1.583591939,230,0.012664999999999926,1283585.065,1381.760757994481,60.0,82905.64547966886,9.953023376464227,5527.043031977924,0.012571999999999939,9.884331034529112e-05,-9.884331034529112e-05,1392.0514841168183,11.018347861455565,-11.018347861455565,83523.0890470091,661.1008716873304,-661.1008716873304,1280244.321,14459.09781619356,-14459.09781619356,5568.067021311568,5612.1654431977095,5524.315109312303,9.853472106886331,10.033495847325229,9.676678401882217,0.47600158667155174,-0.47374654559769547,-0.47374654559769114,0.0,-0.47374654559769547,0.23764204064891867,
091_230℃_240_1.5mm.csv,1.5,240,1.488665,0.300065906,1.499625,0.3001195,0.01096,1.438963778,230,0.01096000000000008,1138844.2780000002,1596.7153284671415,60.0,95802.9197080285,7.64187752257965,6386.861313868566,0.010848000000000057,0.00021420200746030658,-0.00021420200746030658,1613.702532533719,31.77840612487438,-31.77840612487438,96822.15195202315,1906.7043674924623,-1906.7043674924623,1137033.254,29480.938915671642,-29480.938915671642,6453.807064711221,6582.340730710212,6327.783281438001,7.548558597008034,7.896675155753069,7.21578838797123,0.8743672342379673,-0.8667883211674726,-0.8667883211674707,0.0,-0.8667883211674866,0.23059315743765033,
092_230℃_240_1.5mm.csv,1.5,240,1.48874,0.300222895,1.499875,0.300099541,0.011135,1.47943755,230,0.011135000000000117,1179338.009,1571.6210148181244,60.0,94297.26088908747,8.03995636543784,6286.484059272499,0.010848000000000057,0.00021420200746030658,-0.00021420200746030658,1613.702532533719,31.77840612487438,-31.77840612487438,96822.15195202315,1906.7043674924623,-1906.7043674924623,1137033.254,29480.938915671642,-29480.938915671642,6453.807064711221,6582.340730710212,6327.783281438001,7.548558597008034,7.896675155753069,7.21578838797123,2.4850437183616143,-2.4247867085764643,-2.4247867085764634,3.5556863903389524,-2.4247867085764643,5.4517810690745785,
093_230℃_240_1.5mm.csv,1.5,240,1.488805,0.300238027,1.49967,0.300185759,0.010865,1.446344754,230,0.010865000000000125,1146158.9949999999,1610.6764841233132,60.0,96640.5890473988,7.624296416739884,6442.705936493254,0.010848000000000057,0.00021420200746030658,-0.00021420200746030658,1613.702532533719,31.77840612487438,-31.77840612487438,96822.15195202315,1906.7043674924623,-1906.7043674924623,1137033.254,29480.938915671642,-29480.938915671642,6453.807064711221,6582.340730710212,6327.783281438001,7.548558597008034,7.896675155753069,7.21578838797123,0.0,0.0,0.0,0.6422929931075012,0.0,0.0,
094_230℃_240_1.5mm.csv,1.5,240,1.48878,0.300228242,1.49939,0.300109954,0.01061,1.400958922,230,0.010610000000000008,1100848.9679999999,1649.3873704052767,60.0,98963.24222431661,7.151025030906127,6597.549481621108,0.010848000000000057,0.00021420200746030658,-0.00021420200746030658,1613.702532533719,31.77840612487438,-31.77840612487438,96822.15195202315,1906.7043674924623,-1906.7043674924623,1137033.254,29480.938915671642,-29480.938915671642,6453.807064711221,6582.340730710212,6327.783281438001,7.548558597008034,7.896675155753069,7.21578838797123,-2.3469857340093268,2.4033930254487865,2.403393025448791,-3.3363042458031544,2.403393025448786,-6.2074106247317875,
095_230℃_240_1.5mm.csv,1.5,240,1.48884,0.300231878,1.49951,0.300282468,0.01067,1.420258488,230,0.010669999999999957,1119976.02,1640.1124648547395,60.0,98406.74789128437,7.316414775550992,6560.449859418958,0.010848000000000057,0.00021420200746030658,-0.00021420200746030658,1613.702532533719,31.77840612487438,-31.77840612487438,96822.15195202315,1906.7043674924623,-1906.7043674924623,1137033.254,29480.938915671642,-29480.938915671642,6453.807064711221,6582.340730710212,6327.783281438001,7.548558597008034,7.896675155753069,7.21578838797123,-1.7947537965960887,1.8275538894111452,1.8275538894111358,-1.6567899900358583,1.827553889411131,-4.038164630022875,
021_190℃_010_2.0mm.csv,2.0,10,1.18756,0.300018173,1.49202,0.30000205,0.30446,1.465682,190,0.30445999999999995,1165679.95,57.478814951060905,80.0,4598.3051960848725,386.2888898797278,172.43644485318273,0.297755,0.005130181933096181,-0.005130181933096181,58.78614552630538,1.0055329620306364,-1.0055329620306364,4702.8916421044305,80.44263696245096,-80.44263696245096,1130627.87325,24718.866995075,-24718.866995075,176.33899300504677,179.39250389700635,173.33745713191337,366.31628391035565,380.7731153354136,352.40833570849594,1.7988498060719342,-1.7670629967811688,-1.7670629967811664,3.127497832075765,-1.7670629967811566,4.9826066268348805,
022_190℃_010_2.0mm.csv,2.0,10,1.18622,0.300034169,1.47992,0.300047956,0.2937,1.413767939,190,0.29369999999999985,1113719.983,59.58461014640793,80.0,4766.7688117126345,356.02673089208145,178.7538304392238,0.297755,0.005130181933096181,-0.005130181933096181,58.78614552630538,1.0055329620306364,-1.0055329620306364,4702.8916421044305,80.44263696245096,-80.44263696245096,1130627.87325,24718.866995075,-24718.866995075,176.33899300504677,179.39250389700635,173.33745713191337,366.31628391035565,380.7731153354136,352.40833570849594,-1.7988498060720084,1.8318011576439117,1.8318011576439093,-1.4693912060750782,1.831801157643916,-3.2418088712861732,
024_190℃_010_2.0mm.csv,2.0,10,1.18654,0.300056107,1.48032,0.300041278,0.29378,1.412823901,190,0.29378000000000015,1112782.6230000001,59.56838450541218,80.0,4765.470760432974,355.82397712646554,178.70515351623652,0.297755,0.005130181933096181,-0.005130181933096181,58.78614552630538,1.0055329620306364,-1.0055329620306364,4702.8916421044305,80.44263696245096,-80.44263696245096,1130627.87325,24718.866995075,-24718.866995075,176.33899300504677,179.39250389700635,173.33745713191337,366.31628391035565,380.7731153354136,352.40833570849594,-1.7721011100708375,1.8040710735924337,1.804071073592424,-1.5523192785428779,1.8040710735924175,-3.2969117214468184,
025_190℃_010_2.0mm.csv,2.0,10,1.185,0.300017115,1.48408,0.30001664,0.29908,1.430345577,190,0.29908,1130328.937,58.51277250234051,80.0,4681.021800187241,367.9551330372354,175.53831750702153,0.297755,0.005130181933096181,-0.005130181933096181,58.78614552630538,1.0055329620306364,-1.0055329620306364,4702.8916421044305,80.44263696245096,-80.44263696245096,1130627.87325,24718.866995075,-24718.866995075,176.33899300504677,179.39250389700635,173.33745713191337,366.31628391035565,380.7731153354136,352.40833570849594,0.0,0.0,0.0,0.0,0.0,0.0,
031_190℃_020_2.0mm.csv,2.0,20,1.347235,0.300031903,1.495745,0.300007214,0.14851,1.463758884,190,0.14851000000000014,1163751.67,117.83718268130082,80.0,9426.974614504066,188.1129366113743,353.5115480439025,0.15210700000000008,0.004204311180205317,-0.004204311180205317,115.12180461264461,3.2207084819451963,-3.2207084819451963,9209.74436901157,257.65667855561526,-257.65667855561526,1191305.0607999999,33328.172506118404,-33328.172506118404,345.25814416456404,354.99560762212184,335.7877775176468,197.10782917679452,208.4470213400673,186.38547134432207,-4.149993545888687,4.329674769375756,4.329674769375763,-3.959764782100836,4.329674769375777,-8.078913851640394,
032_190℃_020_2.0mm.csv,2.0,20,1.347295,0.300024687,1.49391,0.300005805,0.146615,1.447147531,190,0.14661500000000016,1147141.7259999998,119.36022917163987,80.0,9548.81833373119,183.06196915100972,358.0806875149196,0.15210700000000008,0.004204311180205317,-0.004204311180205317,115.12180461264461,3.2207084819451963,-3.2207084819451963,9209.74436901157,257.65667855561526,-257.65667855561526,1191305.0607999999,33328.172506118404,-33328.172506118404,345.25814416456404,354.99560762212184,335.7877775176468,197.10782917679452,208.4470213400673,186.38547134432207,-5.373047631341107,5.678136616307946,5.678136616307938,-5.330523656041826,5.678136616307943,-10.547061037157562,
033_190℃_020_2.0mm.csv,2.0,20,1.346935,0.300009867,1.501875,0.300022123,0.15494,1.516295626,190,0.15494000000000008,1216273.503,112.94694720536977,80.0,9035.755776429582,205.1150112161307,338.8408416161093,0.15210700000000008,0.004204311180205317,-0.004204311180205317,115.12180461264461,3.2207084819451963,-3.2207084819451963,9209.74436901157,257.65667855561526,-257.65667855561526,1191305.0607999999,33328.172506118404,-33328.172506118404,345.25814416456404,354.99560762212184,335.7877775176468,197.10782917679452,208.4470213400673,186.38547134432207,0.0,0.0,0.0,0.37467298965783224,0.0,0.22912275975634608,
034_190℃_020_2.0mm.csv,2.0,20,1.346695,0.300005577,1.502,0.30001549,0.155305,1.51764043,190,0.15530500000000003,1217624.94,112.68149769807796,80.0,9014.519815846237,205.8266572045714,338.04449309423387,0.15210700000000008,0.004204311180205317,-0.004204311180205317,115.12180461264461,3.2207084819451963,-3.2207084819451963,9209.74436901157,257.65667855561526,-257.65667855561526,1191305.0607999999,33328.172506118404,-33328.172506118404,345.25814416456404,354.99560762212184,335.7877775176468,197.10782917679452,208.4470213400673,186.38547134432207,0.23557506131402384,-0.2350214094845276,-0.2350214094845276,0.4862022193964793,-0.2350214094845276,0.5768674358481028,
035_190℃_020_2.0mm.csv,2.0,20,1.34617,0.300015044,1.501335,0.300029224,0.155165,1.511762689,190,0.155165,1211733.465,112.78316630683466,80.0,9022.653304546773,204.64612037738775,338.349498920504,0.15210700000000008,0.004204311180205317,-0.004204311180205317,115.12180461264461,3.2207084819451963,-3.2207084819451963,9209.74436901157,257.65667855561526,-257.65667855561526,1191305.0607999999,33328.172506118404,-33328.172506118404,345.25814416456404,354.99560762212184,335.7877775176468,197.10782917679452,208.4470213400673,186.38547134432207,0.1452175035497093,-0.14500692810874133,-0.14500692810873883,0.0,-0.14500692810872876,0.0,
041_190℃_040_2.0mm.csv,2.0,40,1.434425,0.300006744,1.510265,0.300059093,0.07584,1.695658497,190,0.07583999999999991,1395599.4039999999,230.74894514767962,80.0,18459.91561181437,115.20245855712639,692.2468354430388,0.07349999999999994,0.0016483438658240687,-0.0016483438658240687,238.19008347116014,5.2868664362499755,-5.2868664362499755,19055.20667769281,422.9493148999984,-422.9493148999984,1346220.8747999999,33383.630313413036,-33383.630313413036,714.4284580283445,730.5485372645741,698.6640799417679,107.64990716230072,112.82169420101621,102.71519670148318,4.283258851839095,-4.10733122362866,-4.107331223628662,4.944443552653556,-4.107331223628671,9.439485720635878,
042_190℃_040_2.0mm.csv,2.0,40,1.43414,0.30008087,1.506865,0.300006957,0.072725,1.62985288,190,0.07272499999999993,1329845.9230000002,240.63251976624292,80.0,19250.601581299434,105.26589904780944,721.8975592987288,0.07349999999999994,0.0016483438658240687,-0.0016483438658240687,238.19008347116014,5.2868664362499755,-5.2868664362499755,19055.20667769281,422.9493148999984,-422.9493148999984,1346220.8747999999,33383.630313413036,-33383.630313413036,714.4284580283445,730.5485372645741,698.6640799417679,107.64990716230072,112.82169420101621,102.71519670148318,0.0,0.0,0.0,0.0,0.0,0.0,
043_190℃_040_2.0mm.csv,2.0,40,1.43423,0.300071733,1.506155,0.300030019,0.071925,1.615948265,190,0.07192500000000002,1315918.246,243.30900243308997,80.0,19464.720194647198,103.01759982971431,729.9270072992699,0.07349999999999994,0.0016483438658240687,-0.0016483438658240687,238.19008347116014,5.2868664362499755,-5.2868664362499755,19055.20667769281,422.9493148999984,-422.9493148999984,1346220.8747999999,33383.630313413036,-33383.630313413036,714.4284580283445,730.5485372645741,698.6640799417679,107.64990716230072,112.82169420101621,102.71519670148318,-1.1000343760741322,1.1122697254082947,1.1122697254082947,-1.0473150880953703,1.1122697254082947,-2.1358286381746474,
044_190℃_040_2.0mm.csv,2.0,40,1.434155,0.300021278,1.508735,0.300074572,0.07458,1.665311514,190,0.07457999999999987,1365236.942,234.64735854116427,80.0,18771.78868329314,110.82380531631001,703.9420756234928,0.07349999999999994,0.0016483438658240687,-0.0016483438658240687,238.19008347116014,5.2868664362499755,-5.2868664362499755,19055.20667769281,422.9493148999984,-422.9493148999984,1346220.8747999999,33383.630313413036,-33383.630313413036,714.4284580283445,730.5485372645741,698.6640799417679,107.64990716230072,112.82169420101621,102.71519670148318,2.5507047095220927,-2.4872620005362562,-2.4872620005362633,2.6612871752963105,-2.4872620005362602,5.27987346213259,
045_190℃_040_2.0mm.csv,2.0,40,1.434135,0.300006603,1.506565,0.300038362,0.07243,1.624542221,190,0.07243,1324503.859,241.61259146762393,80.0,19329.007317409916,104.41775728693331,724.8377744028719,0.07349999999999994,0.0016483438658240687,-0.0016483438658240687,238.19008347116014,5.2868664362499755,-5.2868664362499755,19055.20667769281,422.9493148999984,-422.9493148999984,1346220.8747999999,33383.630313413036,-33383.630313413036,714.4284580283445,730.5485372645741,698.6640799417679,107.64990716230072,112.82169420101621,102.71519670148318,-0.40563767617729046,0.4072897970453353,0.40728979704534474,-0.40170548389162863,0.40728979704535107,-0.8057136912790008,
051_190℃_080_2.0mm.csv,2.0,80,1.47061,0.300009636,1.50783,0.300147752,0.03722,1.851118188,190,0.03722000000000003,1550970.436,470.17732401934404,80.0,37614.18592154753,62.83223905079733,1410.5319720580324,0.036846000000000025,0.0007351989526652968,-0.0007351989526652968,475.10475214106884,9.708184845702666,-9.708184845702666,38008.38017128551,776.6547876562126,-776.6547876562126,1538353.2693999999,32675.208044000246,-32675.208044000246,1425.079952070403,1454.149517701316,1396.591509381583,61.67356449375669,64.2971473747764,59.1570343734677,0.3234501347706133,-0.3224073078987051,-0.3224073078986859,0.1871764030189161,-0.32240730789867306,0.5112319601173312,
052_190℃_080_2.0mm.csv,2.0,80,1.470705,0.300056827,1.507805,0.300084788,0.0371,1.848157597,190,0.03710000000000013,1548072.809,471.6981132075455,80.0,37735.849056603634,62.51265438247642,1415.0943396226362,0.036846000000000025,0.0007351989526652968,-0.0007351989526652968,475.10475214106884,9.708184845702666,-9.708184845702666,38008.38017128551,776.6547876562126,-776.6547876562126,1538353.2693999999,32675.208044000246,-32675.208044000246,1425.079952070403,1454.149517701316,1396.591509381583,61.67356449375669,64.2971473747764,59.1570343734677,0.0,0.0,0.0,0.0,0.0,0.0,
053_190℃_080_2.0mm.csv,2.0,80,1.47076,0.300094531,1.506325,0.300074114,0.035565,1.781165639,190,0.03556499999999985,1481091.525,492.05679741318926,80.0,39364.54379305514,57.33335519632628,1476.1703922395677,0.036846000000000025,0.0007351989526652968,-0.0007351989526652968,475.10475214106884,9.708184845702666,-9.708184845702666,38008.38017128551,776.6547876562126,-776.6547876562126,1538353.2693999999,32675.208044000246,-32675.208044000246,1425.079952070403,1454.149517701316,1396.591509381583,61.67356449375669,64.2971473747764,59.1570343734677,-4.137466307278385,4.316041051596498,4.31604105159651,-4.3267528252283896,4.31604105159651,-8.285201192163747,
054_190℃_080_2.0mm.csv,2.0,80,1.470875,0.300015518,1.50782,0.300150756,0.036945,1.847959422,190,0.036945000000000006,1547808.666,473.677087562593,80.0,37894.16700500744,62.24086113237552,1421.031262687779,0.036846000000000025,0.0007351989526652968,-0.0007351989526652968,475.10475214106884,9.708184845702666,-9.708184845702666,38008.38017128551,776.6547876562126,-776.6547876562126,1538353.2693999999,32675.208044000246,-32675.208044000246,1425.079952070403,1454.149517701316,1396.591509381583,61.67356449375669,64.2971473747764,59.1570343734677,-0.41778975741274044,0.41954256327007405,0.41954256327008377,-0.01706269876095496,0.4195425632700902,-0.43478116996594546,
055_190℃_080_2.0mm.csv,2.0,80,1.470745,0.300008389,1.508145,0.300132724,0.0374,1.863955635,190,0.0374000000000001,1563822.9109999998,467.91443850267257,80.0,37433.15508021381,63.65929455390492,1403.7433155080178,0.036846000000000025,0.0007351989526652968,-0.0007351989526652968,475.10475214106884,9.708184845702666,-9.708184845702666,38008.38017128551,776.6547876562126,-776.6547876562126,1538353.2693999999,32675.208044000246,-32675.208044000246,1425.079952070403,1454.149517701316,1396.591509381583,61.67356449375669,64.2971473747764,59.1570343734677,0.8086253369271318,-0.8021390374330594,-0.8021390374330426,1.0174005969508606,-0.8021390374330395,1.8342528928829618,
061_190℃_120_2.0mm.csv,2.0,120,1.47995,0.300176768,1.50436,0.300083252,0.02441,1.823116192,190,0.02440999999999982,1523032.94,716.919295370755,80.0,57353.5436296604,40.46501666982282,2150.757886112265,0.02484999999999995,0.0004714207250428727,-0.0004714207250428727,704.4290255000551,13.420746158963627,-13.420746158963627,56354.32204000441,1073.6596927170933,-1073.6596927170933,1544474.4854000001,23776.240906865038,-23776.240906865038,2112.9811088331608,2153.5389238551124,2073.1871232183,41.764366819780136,43.22057358670713,40.35722321819475,-2.3600000000003702,2.4170421958217743,2.417042195821774,-1.3954098719935015,2.417042195821774,-3.7224781990148266,
062_190℃_120_2.0mm.csv,2.0,120,1.48002,0.300150171,1.504315,0.300054302,0.024295,1.818607017,190,0.024295000000000178,1518552.715,720.3128215682186,80.0,57625.02572545749,40.155905535700974,2160.938464704656,0.02484999999999995,0.0004714207250428727,-0.0004714207250428727,704.4290255000551,13.420746158963627,-13.420746158963627,56354.32204000441,1073.6596927170933,-1073.6596927170933,1544474.4854000001,23776.240906865038,-23776.240906865038,2112.9811088331608,2153.5389238551124,2073.1871232183,41.764366819780136,43.22057358670713,40.35722321819475,-2.8199999999989447,2.9018316526022927,2.9018316526022865,-1.6854697506762526,2.9018316526022816,-4.457939503706139,
063_190℃_120_2.0mm.csv,2.0,120,1.47973,0.300157077,1.50494,0.300129566,0.02521,1.865661424,190,0.025209999999999955,1565531.858,694.1689805632698,80.0,55533.51844506158,42.957342193393124,2082.506941689809,0.02484999999999995,0.0004714207250428727,-0.0004714207250428727,704.4290255000551,13.420746158963627,-13.420746158963627,56354.32204000441,1073.6596927170933,-1073.6596927170933,1544474.4854000001,23776.240906865038,-23776.240906865038,2112.9811088331608,2153.5389238551124,2073.1871232183,41.764366819780136,43.22057358670713,40.35722321819475,0.8400000000001769,-0.8330027766761015,-0.8330027766761144,1.3560660023718714,-0.8330027766761231,2.207456956791995,
064_190℃_120_2.0mm.csv,2.0,120,1.47967,0.300058532,1.50467,0.300126863,0.025,1.844713112,190,0.02499999999999991,1544586.249,700.0000000000025,80.0,56000.000000000204,42.029557795918215,2100.0000000000077,0.02484999999999995,0.0004714207250428727,-0.0004714207250428727,704.4290255000551,13.420746158963627,-13.420746158963627,56354.32204000441,1073.6596927170933,-1073.6596927170933,1544474.4854000001,23776.240906865038,-23776.240906865038,2112.9811088331608,2153.5389238551124,2073.1871232183,41.764366819780136,43.22057358670713,40.35722321819475,0.0,0.0,0.0,0.0,0.0,0.0,
065_190℃_120_2.0mm.csv,2.0,120,1.47967,0.300098454,1.505005,0.300133589,0.025335,1.870802254,190,0.025334999999999885,1570668.6649999998,690.7440299980295,80.0,55259.52239984236,43.31198979893858,2072.2320899940887,0.02484999999999995,0.0004714207250428727,-0.0004714207250428727,704.4290255000551,13.420746158963627,-13.420746158963627,56354.32204000441,1073.6596927170933,-1073.6596927170933,1544474.4854000001,23776.240906865038,-23776.240906865038,2112.9811088331608,2153.5389238551124,2073.1871232183,41.764366819780136,43.22057358670713,40.35722321819475,1.3399999999999015,-1.3222814288532765,-1.3222814288532863,1.6886344816863468,-1.3222814288532818,3.051262183740876,
071_190℃_160_2.0mm.csv,2.0,160,1.48337,0.300186407,1.501925,0.300104359,0.018555,1.691268382,190,0.018554999999999877,1391164.023,943.1420102398338,80.0,75451.3608191867,28.095835044097775,2829.426030719501,0.018466999999999966,0.00020977964629581211,-0.00020977964629581211,947.7343216971688,10.783750465621448,-10.783750465621448,75818.7457357735,862.7000372497233,-862.7000372497233,1396261.6247999999,18418.4940580072,-18418.4940580072,2843.055884316635,2875.5638305069506,2810.9154370335955,28.061645568908876,28.723603158515488,27.414943302529636,0.0,0.0,0.0,0.0,0.0,0.0,
072_190℃_160_2.0mm.csv,2.0,160,1.483695,0.300164615,1.5019,0.300152688,0.018205,1.689526016,190,0.018205000000000027,1389373.328,961.2743751716547,80.0,76901.95001373238,27.53038523672385,2883.8231255149644,0.018466999999999966,0.00020977964629581211,-0.00020977964629581211,947.7343216971688,10.783750465621448,-10.783750465621448,75818.7457357735,862.7000372497233,-862.7000372497233,1396261.6247999999,18418.4940580072,-18418.4940580072,2843.055884316635,2875.5638305069506,2810.9154370335955,28.061645568908876,28.723603158515488,27.414943302529636,-1.8862840204788616,1.922548750342485,1.9225487503424972,-0.12871918554495748,1.9225487503425134,-2.0125751965956025,
073_190℃_160_2.0mm.csv,2.0,160,1.483435,0.300051214,1.501735,0.300056537,0.0183,1.672394873,190,0.018299999999999983,1372338.336,956.2841530054653,80.0,76502.73224043722,27.33473910073467,2868.8524590163956,0.018466999999999966,0.00020977964629581211,-0.00020977964629581211,947.7343216971688,10.783750465621448,-10.783750465621448,75818.7457357735,862.7000372497233,-862.7000372497233,1396261.6247999999,18418.4940580072,-18418.4940580072,2843.055884316635,2875.5638305069506,2810.9154370335955,28.061645568908876,28.723603158515488,27.414943302529636,-1.374292643491759,1.3934426229502386,1.393442622950246,-1.3532327381068385,1.3934426229502428,-2.7089280036294667,
074_190℃_160_2.0mm.csv,2.0,160,1.483535,0.300079567,1.50209,0.300148541,0.018555,1.70859974,190,0.018554999999999877,1408451.199,943.1420102398338,80.0,75451.3608191867,28.444965439395734,2829.426030719501,0.018466999999999966,0.00020977964629581211,-0.00020977964629581211,947.7343216971688,10.783750465621448,-10.783750465621448,75818.7457357735,862.7000372497233,-862.7000372497233,1396261.6247999999,18418.4940580072,-18418.4940580072,2843.055884316635,2875.5638305069506,2810.9154370335955,28.061645568908876,28.723603158515488,27.414943302529636,0.0,0.0,0.0,1.2426411058791431,0.0,1.2426411058791507,
075_190℃_160_2.0mm.csv,2.0,160,1.483485,0.300008781,1.502205,0.300197511,0.01872,1.720178749,190,0.01872000000000007,1419981.2380000001,934.8290598290563,80.0,74786.3247863245,28.93284220447358,2804.4871794871688,0.018466999999999966,0.00020977964629581211,-0.00020977964629581211,947.7343216971688,10.783750465621448,-10.783750465621448,75818.7457357735,862.7000372497233,-862.7000372497233,1396261.6247999999,18418.4940580072,-18418.4940580072,2843.055884316635,2875.5638305069506,2810.9154370335955,28.061645568908876,28.723603158515488,27.414943302529636,0.8892481810843107,-0.8814102564112873,-0.8814102564112754,2.071446251021982,-0.8814102564112756,2.979114730215641,
081_190℃_200_2.0mm.csv,2.0,200,1.48541,0.300158617,1.500265,0.300006993,0.014855,1.531303909,190,0.014855000000000063,1231296.916,1178.0545270952491,80.0,94244.36216761993,19.90847965951573,3534.163581285747,0.015511000000000007,0.000499604843851619,-0.000499604843851619,1129.179991777409,36.81011820737451,-36.81011820737451,90334.39934219272,2944.809456589956,-2944.809456589956,1305579.5414,60328.46487059123,-60328.46487059123,3386.111358124726,3497.6552403164956,3278.124726948149,22.013584412928424,23.8130545927823,20.350093971228965,-5.502544529261425,5.822955233927228,5.822955233927215,-7.3386825900905,5.822955233927207,-12.437412841971042,
082_190℃_200_2.0mm.csv,2.0,200,1.485255,0.300037161,1.501145,0.300137782,0.01589,1.636762698,190,0.01588999999999996,1336624.9160000002,1101.3215859030865,80.0,88105.72687224692,23.11724616624757,3303.964757709259,0.015511000000000007,0.000499604843851619,-0.000499604843851619,1129.179991777409,36.81011820737451,-36.81011820737451,90334.39934219272,2944.809456589956,-2944.809456589956,1305579.5414,60328.46487059123,-60328.46487059123,3386.111358124726,3497.6552403164956,3278.124726948149,22.013584412928424,23.8130545927823,20.350093971228965,1.0814249363867936,-1.0698552548772995,-1.0698552548773157,0.5877818664735814,-1.0698552548773266,1.6755632225359907,
083_190℃_200_2.0mm.csv,2.0,200,1.48536,0.300165347,1.50108,0.300114357,0.01572,1.628928743,190,0.015719999999999956,1328814.386,1113.231552162853,80.0,89058.52417302824,22.736285331069325,3339.6946564885593,0.015511000000000007,0.000499604843851619,-0.000499604843851619,1129.179991777409,36.81011820737451,-36.81011820737451,90334.39934219272,2944.809456589956,-2944.809456589956,1305579.5414,60328.46487059123,-60328.46487059123,3386.111358124726,3497.6552403164956,3278.124726948149,22.013584412928424,23.8130545927823,20.350093971228965,0.0,0.0,0.0,0.0,0.0,0.0,
084_190℃_200_2.0mm.csv,2.0,200,1.485485,0.300159497,1.501465,0.300072235,0.01598,1.676218914,190,0.015980000000000105,1376146.6789999998,1095.118898623272,80.0,87609.51188986175,23.93559067256614,3285.356695869815,0.015511000000000007,0.000499604843851619,-0.000499604843851619,1129.179991777409,36.81011820737451,-36.81011820737451,90334.39934219272,2944.809456589956,-2944.809456589956,1305579.5414,60328.46487059123,-60328.46487059123,3386.111358124726,3497.6552403164956,3278.124726948149,22.013584412928424,23.8130545927823,20.350093971228965,1.6539440203571867,-1.6270337922412197,-1.6270337922412281,3.5619943235623452,-1.6270337922412468,5.274851736039541,
085_190℃_200_2.0mm.csv,2.0,200,1.485355,0.30019605,1.500465,0.30010323,0.01511,1.55511804,190,0.015109999999999957,1255014.81,1158.1733951025844,80.0,92653.87160820675,20.640297990857086,3474.5201853077533,0.015511000000000007,0.000499604843851619,-0.000499604843851619,1129.179991777409,36.81011820737451,-36.81011820737451,90334.39934219272,2944.809456589956,-2944.809456589956,1305579.5414,60328.46487059123,-60328.46487059123,3386.111358124726,3497.6552403164956,3278.124726948149,22.013584412928424,23.8130545927823,20.350093971228965,-3.8804071246819407,4.0370615486432975,4.037061548643289,-5.553791167339145,4.037061548643283,-9.218688583873705,
091_190℃_240_2.0mm.csv,2.0,240,1.486625,0.30009742,1.49963,0.300159023,0.013005,1.451596406,190,0.013004999999999933,1151437.383,1345.6362937331864,80.0,107650.90349865492,16.298713649975422,4036.9088811995593,0.013257499999999922,0.00035910769044019834,-0.00035910769044019834,1320.7313147278196,35.62953978425992,-35.62953978425992,105658.50517822558,2850.3631827407926,-2850.3631827407926,1178000.7064999999,42908.623712052475,-42908.623712052475,3961.1096103157897,4069.6621820959117,3855.452527230508,16.985389768181953,18.095103828320507,15.943730874068022,0.0,0.0,0.0,0.0,0.0,0.0,
092_190℃_240_2.0mm.csv,2.0,240,1.48655,0.300205282,1.500225,0.300190173,0.013675,1.530265435,190,0.013674999999999882,1230075.2619999999,1279.7074954296272,80.0,102376.59963437018,18.308875328271945,3839.122486288882,0.013257499999999922,0.00035910769044019834,-0.00035910769044019834,1320.7313147278196,35.62953978425992,-35.62953978425992,105658.50517822558,2850.3631827407926,-2850.3631827407926,1178000.7064999999,42908.623712052475,-42908.623712052475,3961.1096103157897,4069.6621820959117,3855.452527230508,16.985389768181953,18.095103828320507,15.943730874068022,5.151864667435231,-4.8994515539301915,-4.899451553930191,6.829540204358639,-4.89945155393018,12.333253540530508,
093_190℃_240_2.0mm.csv,2.0,240,1.48659,0.30006756,1.499505,0.300140419,0.012915,1.435547036,190,0.01291500000000001,1135406.617,1355.0135501355003,80.0,108401.08401084002,15.960573016114303,4065.0406504065004,0.013257499999999922,0.00035910769044019834,-0.00035910769044019834,1320.7313147278196,35.62953978425992,-35.62953978425992,105658.50517822558,2850.3631827407926,-2850.3631827407926,1178000.7064999999,42908.623712052475,-42908.623712052475,3961.1096103157897,4069.6621820959117,3855.452527230508,16.985389768181953,18.095103828320507,15.943730874068022,-0.6920415224907647,0.6968641114976615,0.696864111497648,-1.39223949445107,0.6968641114976503,-2.074646141547675,
094_190℃_240_2.0mm.csv,2.0,240,1.486525,0.300169133,1.49996,0.300042499,0.013435,1.495126063,190,0.013434999999999864,1195083.564,1302.5679196129645,80.0,104205.43356903715,17.475861422954928,3907.7037588388935,0.013257499999999922,0.00035910769044019834,-0.00035910769044019834,1320.7313147278196,35.62953978425992,-35.62953978425992,105658.50517822558,2850.3631827407926,-2850.3631827407926,1178000.7064999999,42908.623712052475,-42908.623712052475,3961.1096103157897,4069.6621820959117,3855.452527230508,16.985389768181953,18.095103828320507,15.943730874068022,3.306420607458152,-3.2005954596199073,-3.2005954596199206,3.79058224480107,-3.2005954596199073,7.222335444744016,
021_210℃_010_2.0mm.csv,2.0,10,1.15142,0.300018876,1.47714,0.300022383,0.32572,1.411217366,210,0.3257199999999998,1111194.983,53.72712759425277,80.0,4298.170207540222,393.9465903268133,161.18138278275833,0.312296,0.014039482896460145,-0.014039482896460145,56.13102677514257,2.627483904840918,-2.627483904840918,4490.482142011406,210.1987123872737,-210.1987123872737,1059754.647,52336.87486980075,-52336.87486980075,168.24944249134398,176.14886419655195,160.704271513561,359.5651680515043,395.92721330037966,326.5426213020113,2.90660937697456,-2.8245118506692446,-2.824511850669252,3.5793574569658517,-2.8245118506692486,6.590004773420001,
022_210℃_010_2.0mm.csv,2.0,10,1.15206,0.300032279,1.46236,0.30002278,0.3103,1.352441422,210,0.3103,1052418.6420000002,56.397035127296164,80.0,4511.762810183693,355.44544719738786,169.19110538188846,0.312296,0.014039482896460145,-0.014039482896460145,56.13102677514257,2.627483904840918,-2.627483904840918,4490.482142011406,210.1987123872737,-210.1987123872737,1059754.647,52336.87486980075,-52336.87486980075,168.24944249134398,176.14886419655195,160.704271513561,359.5651680515043,395.92721330037966,326.5426213020113,-1.9651206874762714,2.004511762810152,2.004511762810131,-1.899443048427984,2.0045117628101172,-3.827237387612767,
023_210℃_010_2.0mm.csv,2.0,10,1.1513,0.300000756,1.471,0.300040784,0.3197,1.388028483,210,0.3197000000000001,1087987.6990000003,54.73881764153893,80.0,4379.105411323115,378.5901141445443,164.21645292461682,0.312296,0.014039482896460145,-0.014039482896460145,56.13102677514257,2.627483904840918,-2.627483904840918,4490.482142011406,210.1987123872737,-210.1987123872737,1059754.647,52336.87486980075,-52336.87486980075,168.24944249134398,176.14886419655195,160.704271513561,359.5651680515043,395.92721330037966,326.5426213020113,1.0046758498673651,-0.9946825148577313,-0.9946825148577312,1.4161047409109786,-0.9946825148577312,2.435007853119073,
024_210℃_010_2.0mm.csv,2.0,10,1.15312,0.300009715,1.44236,0.300032851,0.28924,1.274408975,210,0.28924000000000016,974376.1240000001,60.503388189738594,80.0,4840.271055179088,306.75216338041923,181.5101645692158,0.312296,0.014039482896460145,-0.014039482896460145,56.13102677514257,2.627483904840918,-2.627483904840918,4490.482142011406,210.1987123872737,-210.1987123872737,1059754.647,52336.87486980075,-52336.87486980075,168.24944249134398,176.14886419655195,160.704271513561,359.5651680515043,395.92721330037966,326.5426213020113,-8.618728674333298,9.431613884663168,9.431613884663163,-9.174128402873746,9.431613884663152,-17.002163841928414,
025_210℃_010_2.0mm.csv,2.0,10,1.15134,0.300017978,1.46786,0.300026154,0.31652,1.372821941,210,0.3165199999999999,1072795.787,55.288765322886405,80.0,4423.101225830913,369.5905551033904,165.86629596865924,0.312296,0.014039482896460145,-0.014039482896460145,56.13102677514257,2.627483904840918,-2.627483904840918,4490.482142011406,210.1987123872737,-210.1987123872737,1059754.647,52336.87486980075,-52336.87486980075,168.24944249134398,176.14886419655195,160.704271513561,359.5651680515043,395.92721330037966,326.5426213020113,0.0,0.0,0.0,0.0,0.0,0.0,
031_210℃_020_2.0mm.csv,2.0,20,1.32667,0.300003057,1.475085,0.300020319,0.148415,1.306694307,210,0.14841499999999996,1006673.9880000001,117.91260991139713,80.0,9433.00879291177,162.61825298396732,353.7378297341914,0.15152099999999996,0.002635378056370668,-0.002635378056370668,115.5233871042345,2.001358114537449,-2.001358114537449,9241.87096833876,160.10864916299607,-160.10864916299607,1027512.7962000001,20461.383260730894,-20461.383260730894,346.52844593669676,352.59638308084357,340.56493374683794,169.41110971111303,175.80793981644203,163.2470303873424,-1.3526088401462344,1.3711552066839656,1.3711552066839632,-1.2024130124905128,1.3711552066839532,-2.538757907934723,
032_210℃_020_2.0mm.csv,2.0,20,1.32583,0.300005321,1.479105,0.300014806,0.153275,1.337634164,210,0.15327499999999983,1037619.3579999999,114.17387049420988,80.0,9133.90963953679,173.1059669087889,342.5216114826297,0.15152099999999996,0.002635378056370668,-0.002635378056370668,115.5233871042345,2.001358114537449,-2.001358114537449,9241.87096833876,160.10864916299607,-160.10864916299607,1027512.7962000001,20461.383260730894,-20461.383260730894,346.52844593669676,352.59638308084357,340.56493374683794,169.41110971111303,175.80793981644203,163.2470303873424,1.8777002326353314,-1.8430924808350129,-1.84309248083502,1.8346455793479033,-1.8430924808350166,3.7467949562946945,
033_210℃_020_2.0mm.csv,2.0,20,1.32653,0.300020261,1.481605,0.300002924,0.155075,1.358126736,210,0.15507500000000007,1058123.8120000002,112.84862163469283,80.0,9027.889730775427,178.599782471728,338.5458649040785,0.15152099999999996,0.002635378056370668,-0.002635378056370668,115.5233871042345,2.001358114537449,-2.001358114537449,9241.87096833876,160.10864916299607,-160.10864916299607,1027512.7962000001,20461.383260730894,-20461.383260730894,346.52844593669676,352.59638308084357,340.56493374683794,169.41110971111303,175.80793981644203,163.2470303873424,3.074111000332404,-2.9824278574883816,-2.9824278574883887,3.847005689815377,-2.9824278574884016,7.039377915241815,
034_210℃_020_2.0mm.csv,2.0,20,1.325845,0.300002412,1.476235,0.300005704,0.15039,1.316226844,210,0.15039000000000002,1016221.1400000001,116.36411995478421,80.0,9309.129596382738,166.34503101453066,349.0923598643527,0.15152099999999996,0.002635378056370668,-0.002635378056370668,115.5233871042345,2.001358114537449,-2.001358114537449,9241.87096833876,160.10864916299607,-160.10864916299607,1027512.7962000001,20461.383260730894,-20461.383260730894,346.52844593669676,352.59638308084357,340.56493374683794,169.41110971111303,175.80793981644203,163.2470303873424,-0.03988035892319641,0.03989626969875139,0.03989626969874894,-0.2654308400625358,0.039896269698755454,-0.30520534421400963,
035_210℃_020_2.0mm.csv,2.0,20,1.32617,0.300002167,1.47662,0.300003033,0.15045,1.318928716,210,0.15044999999999997,1018925.683,116.31771352608843,80.0,9305.417082087075,166.8542791916734,348.95314057826533,0.15152099999999996,0.002635378056370668,-0.002635378056370668,115.5233871042345,2.001358114537449,-2.001358114537449,9241.87096833876,160.10864916299607,-160.10864916299607,1027512.7962000001,20461.383260730894,-20461.383260730894,346.52844593669676,352.59638308084357,340.56493374683794,169.41110971111303,175.80793981644203,163.2470303873424,0.0,0.0,0.0,0.0,0.0,0.0,
041_210℃_040_2.0mm.csv,2.0,40,1.42496,0.300004145,1.49993,0.300066721,0.07497,1.498866432,210,0.07496999999999998,1198799.711,233.42670401493936,80.0,18674.13632119515,97.82205641759997,700.2801120448181,0.07400200000000004,0.0009047554918319171,-0.0009047554918319171,236.50851501088127,2.9057495403310916,-2.9057495403310916,18920.681200870506,232.45996322648608,-232.45996322648608,1186832.5546,13247.603770192583,-13247.603770192583,709.4828444491558,718.2319685470737,700.8402975795331,95.58457270924367,97.84059979084994,93.3805655273909,0.7999999999998663,-0.7936507936506708,-0.7936507936506708,0.6514808884583511,-0.7936507936506867,1.4566927355659114,
042_210℃_040_2.0mm.csv,2.0,40,1.42509,0.300053658,1.499465,0.300012434,0.074375,1.491052745,210,0.07437500000000008,1191040.311,235.29411764705858,80.0,18823.529411764688,96.41754898571436,705.8823529411759,0.07400200000000004,0.0009047554918319171,-0.0009047554918319171,236.50851501088127,2.9057495403310916,-2.9057495403310916,18920.681200870506,232.45996322648608,-232.45996322648608,1186832.5546,13247.603770192583,-13247.603770192583,709.4828444491558,718.2319685470737,700.8402975795331,95.58457270924367,97.84059979084994,93.3805655273909,0.0,0.0,0.0,0.0,0.0,0.0,
043_210℃_040_2.0mm.csv,2.0,40,1.425395,0.300014435,1.4999,0.300057238,0.074505,1.498347679,210,0.07450500000000004,1198290.441,234.88356486141856,80.0,18790.685188913485,97.1740182930123,704.6506945842557,0.07400200000000004,0.0009047554918319171,-0.0009047554918319171,236.50851501088127,2.9057495403310916,-2.9057495403310916,18920.681200870506,232.45996322648608,-232.45996322648608,1186832.5546,13247.603770192583,-13247.603770192583,709.4828444491558,718.2319685470737,700.8402975795331,95.58457270924367,97.84059979084994,93.3805655273909,0.17478991596633725,-0.17448493389700934,-0.17448493389701655,0.6087224700155528,-0.17448493389702943,0.7845763714757108,
044_210℃_040_2.0mm.csv,2.0,40,1.42518,0.300064001,1.49861,0.300033474,0.07343,1.476791889,210,0.0734300000000001,1176758.415,238.32221163012358,80.0,19065.776930409887,94.05101541600014,714.9666348903708,0.07400200000000004,0.0009047554918319171,-0.0009047554918319171,236.50851501088127,2.9057495403310916,-2.9057495403310916,18920.681200870506,232.45996322648608,-232.45996322648608,1186832.5546,13247.603770192583,-13247.603770192583,709.4828444491558,718.2319685470737,700.8402975795331,95.58457270924367,97.84059979084994,93.3805655273909,-1.270588235294081,1.2869399428026225,1.2869399428026225,-1.1991110517501158,1.2869399428026063,-2.45446352309252,
045_210℃_040_2.0mm.csv,2.0,40,1.425445,0.300056577,1.498175,0.300043376,0.07273,1.469317271,210,0.07272999999999996,1169273.8949999998,240.61597690086634,80.0,19249.278152069306,92.56194871657137,721.8479307025989,0.07400200000000004,0.0009047554918319171,-0.0009047554918319171,236.50851501088127,2.9057495403310916,-2.9057495403310916,18920.681200870506,232.45996322648608,-232.45996322648608,1186832.5546,13247.603770192583,-13247.603770192583,709.4828444491558,718.2319685470737,700.8402975795331,95.58457270924367,97.84059979084994,93.3805655273909,-2.2117647058825103,2.2617901828682996,2.261790182868285,-1.82751295644436,2.261790182868259,-3.9988573757607746,
051_210℃_080_2.0mm.csv,2.0,80,1.467695,0.300084068,1.505035,0.30001672,0.03734,1.700324369,210,0.03733999999999993,1400307.6490000002,468.6663095875745,80.0,37493.30476700596,56.91155114411963,1405.9989287627236,0.037174,0.0008829949037224829,-0.0008829949037224829,470.97233712943626,11.223462313965054,-11.223462313965054,37677.78697035489,897.8769851172026,-897.8769851172026,1396069.9096000001,32073.363385133,-32073.363385133,1412.5968217977065,1446.6065912001443,1379.3866232128241,56.4623978814003,59.16275995237887,53.88528826382738,0.416834745192699,-0.4151044456344617,-0.4151044456344666,0.33737428418349313,-0.4151044456344698,0.7556153226140115,
052_210℃_080_2.0mm.csv,2.0,80,1.46771,0.300025012,1.506095,0.30015197,0.038385,1.742504914,210,0.03838499999999989,1442352.9440000001,455.90725543832355,80.0,36472.58043506589,60.26091728483249,1367.7217663149709,0.037174,0.0008829949037224829,-0.0008829949037224829,470.97233712943626,11.223462313965054,-11.223462313965054,37677.78697035489,897.8769851172026,-897.8769851172026,1396069.9096000001,32073.363385133,-32073.363385133,1412.5968217977065,1446.6065912001443,1379.3866232128241,56.4623978814003,59.16275995237887,53.88528826382738,3.2271077047192875,-3.1262211801481627,-3.126221180148155,3.350079745241716,-3.126221180148158,6.685298131533936,
053_210℃_080_2.0mm.csv,2.0,80,1.46792,0.300037526,1.503825,0.300044851,0.035905,1.652354759,210,0.035905000000000076,1352309.908,487.39729842640196,80.0,38991.78387411216,52.84863918012528,1462.1918952792062,0.037174,0.0008829949037224829,-0.0008829949037224829,470.97233712943626,11.223462313965054,-11.223462313965054,37677.78697035489,897.8769851172026,-897.8769851172026,1396069.9096000001,32073.363385133,-32073.363385133,1412.5968217977065,1446.6065912001443,1379.3866232128241,56.4623978814003,59.16275995237887,53.88528826382738,-3.442248218367479,3.564963097061532,3.5649630970615367,-3.1018465948508642,3.5649630970615394,-6.437321554070602,
054_210℃_080_2.0mm.csv,2.0,80,1.467745,0.300130076,1.50493,0.300036603,0.037185,1.695635859,210,0.037185000000000024,1395599.256,470.61987360494794,80.0,37649.589888395836,56.484743765289835,1411.859620814844,0.037174,0.0008829949037224829,-0.0008829949037224829,470.97233712943626,11.223462313965054,-11.223462313965054,37677.78697035489,897.8769851172026,-897.8769851172026,1396069.9096000001,32073.363385133,-32073.363385133,1412.5968217977065,1446.6065912001443,1379.3866232128241,56.4623978814003,59.16275995237887,53.88528826382738,0.0,0.0,0.0,0.0,0.0,0.0,
055_210℃_080_2.0mm.csv,2.0,80,1.467755,0.300045603,1.50481,0.300128742,0.037055,1.689908533,210,0.03705500000000006,1389779.791,472.27094858993314,80.0,37781.67588719465,56.05256071347492,1416.8128457697994,0.037174,0.0008829949037224829,-0.0008829949037224829,470.97233712943626,11.223462313965054,-11.223462313965054,37677.78697035489,897.8769851172026,-897.8769851172026,1396069.9096000001,32073.363385133,-32073.363385133,1412.5968217977065,1446.6065912001443,1379.3866232128241,56.4623978814003,59.16275995237887,53.88528826382738,-0.3496033346778631,0.3508298475238555,0.3508298475238531,-0.4169868230425657,0.3508298475238434,-0.7651323578819096,
061_210℃_120_2.0mm.csv,2.0,120,1.478305,0.300145953,1.503455,0.300002502,0.02515,1.729033441,210,0.025150000000000006,1429030.939,695.8250497017891,80.0,55666.003976143125,39.11850679276192,2087.475149105367,0.024914000000000103,0.000633999211355971,-0.000633999211355971,702.7802290490083,17.879010265687512,-17.879010265687512,56222.41832392067,1430.320821254998,-1430.320821254998,1412019.5568,41202.92253670331,-41202.92253670331,2107.7947917797005,2162.117384961475,2054.8370385231387,38.26711302534154,40.415079649831405,36.23330578541549,0.17924716191934054,-0.17892644135128868,-0.17892644135129845,0.0,-0.17892644135129412,0.0,
062_210℃_120_2.0mm.csv,2.0,120,1.478165,0.300107429,1.50391,0.300057854,0.025745,1.759679451,210,0.02574500000000013,1459621.5969999998,679.7436395416552,80.0,54379.491163332415,40.90117879158115,2039.2309186249654,0.024914000000000103,0.000633999211355971,-0.000633999211355971,702.7802290490083,17.879010265687512,-17.879010265687512,56222.41832392067,1430.320821254998,-1430.320821254998,1412019.5568,41202.92253670331,-41202.92253670331,2107.7947917797005,2162.117384961475,2054.8370385231387,38.26711302534154,40.415079649831405,36.23330578541549,2.5492929695278628,-2.4859195960379465,-2.4859195960379465,2.1406575018877056,-2.4859195960379465,4.55710645670422,
063_210℃_120_2.0mm.csv,2.0,120,1.47823,0.300101864,1.502385,0.300083437,0.024155,1.658670856,210,0.02415500000000015,1358587.419,724.4876837093725,80.0,57959.0146967498,35.71883440102879,2173.4630511281175,0.024914000000000103,0.000633999211355971,-0.000633999211355971,702.7802290490083,17.879010265687512,-17.879010265687512,56222.41832392067,1430.320821254998,-1430.320821254998,1412019.5568,41202.92253670331,-41202.92253670331,2107.7947917797005,2162.117384961475,2054.8370385231387,38.26711302534154,40.415079649831405,36.23330578541549,-3.7841067516431006,3.9329331401366288,3.9329331401366256,-4.92946080294767,3.9329331401366345,-8.69070082287028,
064_210℃_120_2.0mm.csv,2.0,120,1.47831,0.300132552,1.502725,0.300169536,0.024415,1.680928643,210,0.024415000000000076,1380759.1069999998,716.7724759369218,80.0,57341.79807495374,36.69249915363821,2150.3174278107654,0.024914000000000103,0.000633999211355971,-0.000633999211355971,702.7802290490083,17.879010265687512,-17.879010265687512,56222.41832392067,1430.320821254998,-1430.320821254998,1412019.5568,41202.92253670331,-41202.92253670331,2107.7947917797005,2162.117384961475,2054.8370385231387,38.26711302534154,40.415079649831405,36.23330578541549,-2.7484564827726556,2.8261314765516152,2.8261314765516086,-3.3779417003931065,2.826131476551626,-6.201687738174591,
065_210℃_120_2.0mm.csv,2.0,120,1.4784,0.30006384,1.503505,0.300008339,0.025105,1.732107061,210,0.025105000000000155,1432098.722,697.0722963553034,80.0,55765.78370842427,39.13234113285466,2091.21688906591,0.024914000000000103,0.000633999211355971,-0.000633999211355971,702.7802290490083,17.879010265687512,-17.879010265687512,56222.41832392067,1430.320821254998,-1430.320821254998,1412019.5568,41202.92253670331,-41202.92253670331,2107.7947917797005,2162.117384961475,2054.8370385231387,38.26711302534154,40.415079649831405,36.23330578541549,0.0,0.0,0.0,0.214675757975318,0.0,0.03536520492981163,
071_210℃_160_2.0mm.csv,2.0,160,1.482555,0.300064641,1.50051,0.300000392,0.017955,1.546552487,210,0.017954999999999943,1246552.095,974.6588693957145,80.0,77972.70955165716,24.36118951371421,2923.9766081871435,0.018811000000000043,0.0007780536613884954,-0.0007780536613884954,931.5461378361149,37.48213489008544,-37.48213489008544,74523.69102688921,2998.5707912068324,-2998.5707912068324,1316924.6870000002,61447.39169323522,-61447.39169323522,2792.795788696403,2909.085394458946,2681.154816636455,26.922282730166195,29.364460680080146,24.683215377243112,-4.0865384615391225,4.260651629073401,4.260651629073391,-4.885757667114478,4.260651629073401,-8.77263776244937,
072_210℃_160_2.0mm.csv,2.0,160,1.482495,0.300016145,1.501215,0.300099023,0.01872,1.610683079,210,0.01872000000000007,1310584.0559999999,934.8290598290563,80.0,74786.3247863245,26.70381880633479,2804.4871794871688,0.018811000000000043,0.0007780536613884954,-0.0007780536613884954,931.5461378361149,37.48213489008544,-37.48213489008544,74523.69102688921,2998.5707912068324,-2998.5707912068324,1316924.6870000002,61447.39169323522,-61447.39169323522,2792.795788696403,2909.085394458946,2681.154816636455,26.922282730166195,29.364460680080146,24.683215377243112,0.0,0.0,0.0,0.0,0.0,0.0,
073_210℃_160_2.0mm.csv,2.0,160,1.482535,0.300100308,1.501315,0.300081609,0.01878,1.62016903,210,0.01878000000000002,1320087.421,931.8423855165059,80.0,74547.39084132048,26.98366450762452,2795.5271565495177,0.018811000000000043,0.0007780536613884954,-0.0007780536613884954,931.5461378361149,37.48213489008544,-37.48213489008544,74523.69102688921,2998.5707912068324,-2998.5707912068324,1316924.6870000002,61447.39169323522,-61447.39169323522,2792.795788696403,2909.085394458946,2681.154816636455,26.922282730166195,29.364460680080146,24.683215377243112,0.3205128205125468,-0.3194888178911014,-0.3194888178911014,0.7251244173536798,-0.3194888178911014,1.0479613545885205,
074_210℃_160_2.0mm.csv,2.0,160,1.482275,0.300030383,1.50235,0.300019109,0.020075,1.714529329,210,0.020075000000000065,1414510.2200000002,871.7310087173073,80.0,69738.48069738458,30.907529432925276,2615.193026151922,0.018811000000000043,0.0007780536613884954,-0.0007780536613884954,931.5461378361149,37.48213489008544,-37.48213489008544,74523.69102688921,2998.5707912068324,-2998.5707912068324,1316924.6870000002,61447.39169323522,-61447.39169323522,2792.795788696403,2909.085394458946,2681.154816636455,26.922282730166195,29.364460680080146,24.683215377243112,7.2382478632478096,-6.749688667496831,-6.749688667496834,7.929759523947723,-6.749688667496828,15.741983036498375,
075_210℃_160_2.0mm.csv,2.0,160,1.482495,0.300085772,1.50102,0.300201777,0.018525,1.59309142,210,0.018525000000000125,1292889.643,944.669365721991,80.0,75573.54925775928,26.068876883347112,2834.0080971659727,0.018811000000000043,0.0007780536613884954,-0.0007780536613884954,931.5461378361149,37.48213489008544,-37.48213489008544,74523.69102688921,2998.5707912068324,-2998.5707912068324,1316924.6870000002,61447.39169323522,-61447.39169323522,2792.795788696403,2909.085394458946,2681.154816636455,26.922282730166195,29.364460680080146,24.683215377243112,-1.04166666666637,1.0526315789470737,1.0526315789470762,-1.350116607858378,1.0526315789470697,-2.3777195598595626,
081_210℃_200_2.0mm.csv,2.0,200,1.48479,0.300100234,1.50068,0.300181141,0.01589,1.57525667,210,0.01588999999999996,1275075.529,1101.3215859030865,80.0,88105.72687224692,22.052734863466615,3303.964757709259,0.015362999999999927,0.00035462303929666253,-0.00035462303929666253,1139.5833608238322,26.158899429302288,-26.158899429302288,91166.66886590657,2092.71195434418,-2092.71195434418,1213475.6088,37496.33014446645,-37496.33014446645,3418.026962970686,3497.616469449225,3340.248544013271,20.279357557040196,21.38587052273376,19.23009598740023,3.686786296900003,-3.5556954059152166,-3.555695405915228,5.403164471376817,-3.5556954059152357,9.718721483798802,
082_210℃_200_2.0mm.csv,2.0,200,1.484855,0.300001302,1.49976,0.300220467,0.014905,1.473786029,210,0.014904999999999946,1173565.5620000002,1174.1026501174144,80.0,93928.21200939316,19.038905797670683,3522.3079503522436,0.015362999999999927,0.00035462303929666253,-0.00035462303929666253,1139.5833608238322,26.158899429302288,-26.158899429302288,91166.66886590657,2092.71195434418,-2092.71195434418,1213475.6088,37496.33014446645,-37496.33014446645,3418.026962970686,3497.616469449225,3340.248544013271,20.279357557040196,21.38587052273376,19.23009598740023,-2.7406199021212796,2.8178463602823687,2.8178463602823687,-2.9880809912165027,2.8178463602823687,-5.275948062500755,
083_210℃_200_2.0mm.csv,2.0,200,1.48482,0.300193951,1.500085,0.300112281,0.015265,1.50982504,210,0.015264999999999862,1209712.7589999998,1146.4133639043666,80.0,91713.06911234933,20.099336344092332,3439.2400917131004,0.015362999999999927,0.00035462303929666253,-0.00035462303929666253,1139.5833608238322,26.158899429302288,-26.158899429302288,91166.66886590657,2092.71195434418,-2092.71195434418,1213475.6088,37496.33014446645,-37496.33014446645,3418.026962970686,3497.616469449225,3340.248544013271,20.279357557040196,21.38587052273376,19.23009598740023,-0.3915171288755034,0.39305601048260563,0.39305601048260164,0.0,0.39305601048261224,0.0,
084_210℃_200_2.0mm.csv,2.0,200,1.484665,0.300088553,1.49999,0.300091771,0.015325,1.499050087,210,0.015325000000000033,1198958.316,1141.9249592169633,80.0,91353.99673735707,19.998950958040858,3425.77487765089,0.015362999999999927,0.00035462303929666253,-0.00035462303929666253,1139.5833608238322,26.158899429302288,-26.158899429302288,91166.66886590657,2092.71195434418,-2092.71195434418,1213475.6088,37496.33014446645,-37496.33014446645,3418.026962970686,3497.616469449225,3340.248544013271,20.279357557040196,21.38587052273376,19.23009598740023,0.0,0.0,0.0,-0.8890079830925995,0.0,-0.49944627192121266,
085_210℃_200_2.0mm.csv,2.0,200,1.48466,0.300183486,1.50009,0.300038634,0.01543,1.510104512,210,0.015429999999999833,1210065.878,1134.1542449773292,80.0,90732.33959818634,20.322521357866446,3402.462734931988,0.015362999999999927,0.00035462303929666253,-0.00035462303929666253,1139.5833608238322,26.158899429302288,-26.158899429302288,91166.66886590657,2092.71195434418,-2092.71195434418,1213475.6088,37496.33014446645,-37496.33014446645,3418.026962970686,3497.616469449225,3340.248544013271,20.279357557040196,21.38587052273376,19.23009598740023,0.685154975528871,-0.6804925469851034,-0.6804925469850994,0.029190317897620912,-0.6804925469850966,1.1104098660437247,
092_210℃_240_2.0mm.csv,2.0,240,1.485955,0.300005217,1.499665,0.30025798,0.01371,1.458973684,210,0.013710000000000111,1158715.704,1276.4405543398875,80.0,102115.24434719101,17.290875974791973,3829.321663019663,0.013517500000000016,0.00045163591531226536,-0.00045163591531226536,1295.726593657771,44.246451910612265,-44.246451910612265,103658.12749262169,3539.7161528489805,-3539.7161528489805,1142931.7665,57017.78929308343,-57017.78929308343,3885.504574814754,4019.0081758347596,3756.4357026396597,16.79270047692586,18.271235072124078,15.433811025614666,1.2555391432791887,-1.2399708242159186,-1.2399708242159044,0.6041002025415078,-1.2399708242159069,1.867224060328199,
093_210℃_240_2.0mm.csv,2.0,240,1.48605,0.300146795,1.499985,0.300179868,0.013935,1.498346284,210,0.013934999999999809,1198166.4159999997,1255.8306422676885,80.0,100466.45138141509,18.173005721860967,3767.491926803066,0.013517500000000016,0.00045163591531226536,-0.00045163591531226536,1295.726593657771,44.246451910612265,-44.246451910612265,103658.12749262169,3539.7161528489805,-3539.7161528489805,1142931.7665,57017.78929308343,-57017.78929308343,3885.504574814754,4019.0081758347596,3756.4357026396597,16.79270047692586,18.271235072124078,15.433811025614666,2.9172821270287885,-2.834589163973499,-2.834589163973489,4.029360919565145,-2.8345891639734933,7.064190872533847,
094_210℃_240_2.0mm.csv,2.0,240,1.48607,0.300057851,1.49961,0.300044747,0.01354,1.451802679,210,0.013540000000000108,1151757.932,1292.4667651403147,80.0,103397.34121122517,16.97393458425048,3877.400295420944,0.013517500000000016,0.00045163591531226536,-0.00045163591531226536,1295.726593657771,44.246451910612265,-44.246451910612265,103658.12749262169,3539.7161528489805,-3539.7161528489805,1142931.7665,57017.78929308343,-57017.78929308343,3885.504574814754,4019.0081758347596,3756.4357026396597,16.79270047692586,18.271235072124078,15.433811025614666,0.0,0.0,0.0,0.0,0.0,0.0,
095_210℃_240_2.0mm.csv,2.0,240,1.48599,0.300061177,1.498875,0.300052427,0.012885,1.363139441,210,0.012885000000000035,1063087.014,1358.1684128831937,80.0,108653.4730306555,14.909252980016369,4074.505238649581,0.013517500000000016,0.00045163591531226536,-0.00045163591531226536,1295.726593657771,44.246451910612265,-44.246451910612265,103658.12749262169,3539.7161528489805,-3539.7161528489805,1142931.7665,57017.78929308343,-57017.78929308343,3885.504574814754,4019.0081758347596,3756.4357026396597,16.79270047692586,18.271235072124078,15.433811025614666,-4.837518463811425,5.0834303453633645,5.083430345363375,-7.69874602435124,5.083430345363358,-12.163836227752734,
021_230℃_010_2.0mm.csv,2.0,10,1.11706,0.3000112,1.4279,0.300003288,0.31084,1.240699585,230,0.31084,940696.297,56.29906060996011,80.0,4503.924848796809,318.26507424161093,168.89718182988034,0.308816,0.009535527253382496,-0.009535527253382496,56.71187084934072,1.774930769058781,-1.774930769058781,4536.949667947258,141.99446152470244,-141.99446152470244,932797.6414000001,28359.457975605077,-28359.457975605077,170.06957014102392,175.43928847366809,164.86420424746444,313.2991006788571,333.1021342846252,294.67336406289473,0.4264667872835319,-0.42465577145798455,-0.424655771457977,0.0,-0.4246557714579803,0.0,
022_230℃_010_2.0mm.csv,2.0,10,1.11952,0.300046601,1.42904,0.300013068,0.30952,1.247847039,230,0.30952,947833.9710000001,56.539157405014215,80.0,4523.132592401137,319.31817219474294,169.61747221504265,0.308816,0.009535527253382496,-0.009535527253382496,56.71187084934072,1.774930769058781,-1.774930769058781,4536.949667947258,141.99446152470244,-141.99446152470244,932797.6414000001,28359.457975605077,-28359.457975605077,170.06957014102392,175.43928847366809,164.86420424746444,313.2991006788571,333.1021342846252,294.67336406289473,0.0,0.0,0.0,0.758764972580743,0.0,0.330887061874892,
023_230℃_010_2.0mm.csv,2.0,10,1.11494,0.300018841,1.42354,0.300033632,0.3086,1.230268293,230,0.3086,930234.661,56.707712248865846,80.0,4536.616979909268,312.45759606487076,170.12313674659754,0.308816,0.009535527253382496,-0.009535527253382496,56.71187084934072,1.774930769058781,-1.774930769058781,4536.949667947258,141.99446152470244,-141.99446152470244,932797.6414000001,28359.457975605077,-28359.457975605077,170.06957014102392,175.43928847366809,164.86420424746444,313.2991006788571,333.1021342846252,294.67336406289473,-0.29723442750065643,0.2981205443940384,0.29812054439404095,-1.1121162093827246,0.29812054439403424,-1.8247299646619186,
024_230℃_010_2.0mm.csv,2.0,10,1.11654,0.300037598,1.41076,0.30002727,0.29422,1.185798189,230,0.2942199999999999,885770.919,59.47930120318131,80.0,4758.344096254505,283.6587970483591,178.43790360954392,0.308816,0.009535527253382496,-0.009535527253382496,56.71187084934072,1.774930769058781,-1.774930769058781,4536.949667947258,141.99446152470244,-141.99446152470244,932797.6414000001,28359.457975605077,-28359.457975605077,170.06957014102392,175.43928847366809,164.86420424746444,313.2991006788571,333.1021342846252,294.67336406289473,-4.943137761695557,5.200190333763876,5.20019033376388,-5.838800277535272,5.200190333763873,-10.873413388419898,
025_230℃_010_2.0mm.csv,2.0,10,1.1124,0.300024584,1.4333,0.300006465,0.3209,1.259458824,230,0.32089999999999996,959452.3589999999,54.53412277968215,80.0,4362.729822374572,335.1164756496326,163.60236833904645,0.308816,0.009535527253382496,-0.009535527253382496,56.71187084934072,1.774930769058781,-1.774930769058781,4536.949667947258,141.99446152470244,-141.99446152470244,932797.6414000001,28359.457975605077,-28359.457975605077,170.06957014102392,175.43928847366809,164.86420424746444,313.2991006788571,333.1021342846252,294.67336406289473,3.6766606358231924,-3.5462760984730335,-3.5462760984730313,1.993848818137733,-3.5462760984730375,5.294769288831526,
031_230℃_020_2.0mm.csv,2.0,20,1.30343,0.300019234,1.461085,0.30002279,0.157655,1.229759503,230,0.15765499999999988,929736.713,111.00187117439988,80.0,8880.149693951991,159.54029005498217,333.00561352319966,0.156665,0.0023875798415968446,-0.0023875798415968446,111.72414480454877,1.7084358485151971,-1.7084358485151971,8937.931584363901,136.6748678812156,-136.6748678812156,921404.8892000001,14874.597747861317,-14874.597747861317,335.14115459001357,340.29684389927485,330.06357688457757,157.08667221919728,162.09144685207053,152.23642621576312,0.0,0.0,0.0,0.2085190435159349,0.0,0.0,
032_230℃_020_2.0mm.csv,2.0,20,1.302275,0.300020148,1.460435,0.300006544,0.15816,1.227808613,230,0.15815999999999986,927802.0690000001,110.64744562468397,80.0,8851.795649974718,159.71828596793455,331.94233687405193,0.156665,0.0023875798415968446,-0.0023875798415968446,111.72414480454877,1.7084358485151971,-1.7084358485151971,8937.931584363901,136.6748678812156,-136.6748678812156,921404.8892000001,14874.597747861317,-14874.597747861317,335.14115459001357,340.29684389927485,330.06357688457757,157.08667221919728,162.09144685207053,152.23642621576312,0.3203196853889684,-0.3192969145169268,-0.3192969145169293,0.0,-0.3192969145169225,0.11156800134376127,
033_230℃_020_2.0mm.csv,2.0,20,1.30311,0.300014096,1.462355,0.300006322,0.159245,1.238137851,230,0.15924500000000008,938131.5290000001,109.89356023737004,80.0,8791.484818989604,162.6043595489579,329.68068071211013,0.156665,0.0023875798415968446,-0.0023875798415968446,111.72414480454877,1.7084358485151971,-1.7084358485151971,8937.931584363901,136.6748678812156,-136.6748678812156,921404.8892000001,14874.597747861317,-14874.597747861317,335.14115459001357,340.29684389927485,330.06357688457757,157.08667221919728,162.09144685207053,152.23642621576312,1.0085312866703902,-0.9984614901567974,-0.9984614901567974,1.113325820789904,-0.9984614901567974,1.9205615665608706,
034_230℃_020_2.0mm.csv,2.0,20,1.30388,0.300013433,1.457785,0.300019149,0.153905,1.205411431,230,0.15390500000000018,905392.282,113.70650726097254,80.0,9096.520580877803,151.66737323669136,341.11952178291756,0.156665,0.0023875798415968446,-0.0023875798415968446,111.72414480454877,1.7084358485151971,-1.7084358485151971,8937.931584363901,136.6748678812156,-136.6748678812156,921404.8892000001,14874.597747861317,-14874.597747861317,335.14115459001357,340.29684389927485,330.06357688457757,157.08667221919728,162.09144685207053,152.23642621576312,-2.37861152516552,2.4365680127349303,2.4365680127349147,-2.415362904304983,2.4365680127349045,-4.934751475992409,
035_230℃_020_2.0mm.csv,2.0,20,1.303145,0.300014405,1.457505,0.300011154,0.15436,1.205973007,230,0.15436000000000005,905961.8530000001,113.3713397253174,80.0,9069.707178025392,152.21145211328442,340.1140191759522,0.156665,0.0023875798415968446,-0.0023875798415968446,111.72414480454877,1.7084358485151971,-1.7084358485151971,8937.931584363901,136.6748678812156,-136.6748678812156,921404.8892000001,14874.597747861317,-14874.597747861317,335.14115459001357,340.29684389927485,330.06357688457757,157.08667221919728,162.09144685207053,152.23642621576312,-2.0900066601121616,2.134620367970862,2.134620367970854,-2.3539736253810846,2.1346203679708577,-4.593722337581319,
041_230℃_040_2.0mm.csv,2.0,40,1.414645,0.300060173,1.489085,0.300043407,0.07444,1.337298195,230,0.07444000000000006,1037254.7880000001,235.08866200967202,80.0,18807.092960773763,84.04162875506945,705.2659860290162,0.074932,0.0013731469331430292,-0.0013731469331430292,233.60652392435404,4.191313882576543,-4.191313882576543,18688.521913948323,335.30511060612326,-335.30511060612326,1038789.1688000001,19610.827787681545,-19610.827787681545,700.7280508508404,713.5504864647947,688.1360332075732,84.69908772497303,87.86211783166657,81.64992648125201,0.0,0.0,0.0,0.45668769832440903,0.0,0.04007802358913746,
042_230℃_040_2.0mm.csv,2.0,40,1.414295,0.300031957,1.488545,0.300051175,0.07425,1.330724292,230,0.07424999999999993,1030673.1170000001,235.6902356902359,80.0,18855.218855218875,83.29521516979584,707.0707070707078,0.074932,0.0013731469331430292,-0.0013731469331430292,233.60652392435404,4.191313882576543,-4.191313882576543,18688.521913948323,335.30511060612326,-335.30511060612326,1038789.1688000001,19610.827787681545,-19610.827787681545,700.7280508508404,713.5504864647947,688.1360332075732,84.69908772497303,87.86211783166657,81.64992648125201,-0.2552391187535389,0.25589225589243353,0.2558922558924335,-0.18073801021820193,0.2558922558924335,-0.848425381387234,
043_230℃_040_2.0mm.csv,2.0,40,1.414025,0.300029941,1.488775,0.300012534,0.07475,1.332551842,230,0.07474999999999987,1032539.3080000001,234.11371237458235,80.0,18729.096989966587,84.00796002503387,702.341137123747,0.074932,0.0013731469331430292,-0.0013731469331430292,233.60652392435404,4.191313882576543,-4.191313882576543,18688.521913948323,335.30511060612326,-335.30511060612326,1038789.1688000001,19610.827787681545,-19610.827787681545,700.7280508508404,713.5504864647947,688.1360332075732,84.69908772497303,87.86211783166657,81.64992648125201,0.4164427727025929,-0.4147157190632871,-0.41471571906330157,0.0,-0.4147157190633112,0.0,
044_230℃_040_2.0mm.csv,2.0,40,1.41408,0.300040656,1.491405,0.300035832,0.077325,1.372315735,230,0.07732500000000009,1072279.903,226.31749110895544,80.0,18105.399288716435,90.24657795861235,678.9524733268663,0.074932,0.0013731469331430292,-0.0013731469331430292,233.60652392435404,4.191313882576543,-4.191313882576543,18688.521913948323,335.30511060612326,-335.30511060612326,1038789.1688000001,19610.827787681545,-19610.827787681545,700.7280508508404,713.5504864647947,688.1360332075732,84.69908772497303,87.86211783166657,81.64992648125201,3.875604513702343,-3.7310054962819605,-3.7310054962819694,3.8488215114034046,-3.7310054962819756,7.426222386211272,
045_230℃_040_2.0mm.csv,2.0,40,1.414065,0.300057586,1.48796,0.300021377,0.073895,1.321220105,230,0.07389500000000004,1021198.7280000001,236.82251843832452,80.0,18945.80147506596,82.13494422373884,710.4675553149734,0.074932,0.0013731469331430292,-0.0013731469331430292,233.60652392435404,4.191313882576543,-4.191313882576543,18688.521913948323,335.30511060612326,-335.30511060612326,1038789.1688000001,19610.827787681545,-19610.827787681545,700.7280508508404,713.5504864647947,688.1360332075732,84.69908772497303,87.86211783166657,81.64992648125201,-0.7321332616872881,0.7375329859936703,0.7375329859936534,-1.0983194452873999,0.7375329859936339,-2.229569436916309,
051_230℃_080_2.0mm.csv,2.0,80,1.46416,0.300084993,1.500965,0.300079013,0.036805,1.534220274,230,0.0368050000000002,1234141.261,475.4788751528299,80.0,38038.31001222639,49.43953100528462,1426.4366254584897,0.036839000000000066,0.0007032282701939556,-0.0007032282701939556,475.17549538161313,8.870219241550037,-8.870219241550037,38014.03963052905,709.6175393240022,-709.6175393240022,1235373.3095999998,22469.975079923664,-22469.975079923664,1425.3248012401905,1452.4878363762416,1398.6697431483003,49.52102886710122,51.380710139204886,47.72865718305976,0.960087779454317,-0.9509577503058564,-0.950957750305861,0.8778291213403362,-0.9509577503058642,1.9022506054879047,
052_230℃_080_2.0mm.csv,2.0,80,1.464045,0.300105537,1.50211,0.300037667,0.038065,1.574599243,230,0.038065000000000015,1274561.576,459.73991856035707,80.0,36779.19348482857,52.80673348619321,1379.219755681071,0.036839000000000066,0.0007032282701939556,-0.0007032282701939556,475.17549538161313,8.870219241550037,-8.870219241550037,38014.03963052905,709.6175393240022,-709.6175393240022,1235373.3095999998,22469.975079923664,-22469.975079923664,1425.3248012401905,1452.4878363762416,1398.6697431483003,49.52102886710122,51.380710139204886,47.72865718305976,4.41640378548864,-4.229607250754997,-4.229607250754997,4.181756928029837,-4.229607250755012,8.84255736147818,
053_230℃_080_2.0mm.csv,2.0,80,1.46416,0.300009896,1.500615,0.300073162,0.036455,1.521605191,230,0.036455000000000126,1221532.029,480.0438897270591,80.0,38403.51117816473,48.46906135204915,1440.1316691811774,0.036839000000000066,0.0007032282701939556,-0.0007032282701939556,475.17549538161313,8.870219241550037,-8.870219241550037,38014.03963052905,709.6175393240022,-709.6175393240022,1235373.3095999998,22469.975079923664,-22469.975079923664,1425.3248012401905,1452.4878363762416,1398.6697431483003,49.52102886710122,51.380710139204886,47.72865718305976,0.0,0.0,0.0,-0.15284053637506276,0.0,-0.09803216010813143,
054_230℃_080_2.0mm.csv,2.0,80,1.464225,0.300025555,1.50066,0.300071964,0.036435,1.523473847,230,0.036434999999999995,1223401.883,480.30739673390974,80.0,38424.59173871278,48.51662324582856,1440.9221902017293,0.036839000000000066,0.0007032282701939556,-0.0007032282701939556,475.17549538161313,8.870219241550037,-8.870219241550037,38014.03963052905,709.6175393240022,-709.6175393240022,1235373.3095999998,22469.975079923664,-22469.975079923664,1425.3248012401905,1452.4878363762416,1398.6697431483003,49.52102886710122,51.380710139204886,47.72865718305976,-0.05486215882630903,0.054892273912804684,0.054892273912795206,0.0,0.05489227391280467,0.0,
055_230℃_080_2.0mm.csv,2.0,80,1.46422,0.300090751,1.500655,0.300027562,0.036435,1.523257361,230,0.036434999999999995,1223229.7989999999,480.30739673390974,80.0,38424.59173871278,48.50979888605713,1440.9221902017293,0.036839000000000066,0.0007032282701939556,-0.0007032282701939556,475.17549538161313,8.870219241550037,-8.870219241550037,38014.03963052905,709.6175393240022,-709.6175393240022,1235373.3095999998,22469.975079923664,-22469.975079923664,1425.3248012401905,1452.4878363762416,1398.6697431483003,49.52102886710122,51.380710139204886,47.72865718305976,-0.05486215882630903,0.054892273912804684,0.054892273912795206,-0.014066023797351937,0.05489227391280467,-0.014066023797349385,
061_230℃_120_2.0mm.csv,2.0,120,1.47648,0.300109856,1.5012,0.300127514,0.02472,1.571507448,230,0.024720000000000075,1271379.9340000001,707.9288025889946,80.0,56634.30420711957,34.2079041833797,2123.7864077669838,0.024878000000000046,0.0007574430671673474,-0.0007574430671673474,703.9587499977439,21.601895775648316,-21.601895775648316,56316.69999981951,1728.151662051865,-1728.151662051865,1282798.9262,43918.66724882606,-43918.66724882606,2111.085040196236,2176.613509508477,2047.529351201515,34.70646649311598,37.03333418266512,32.525799877927625,0.0,0.0,0.0,0.0,0.0,0.0,
062_230℃_120_2.0mm.csv,2.0,120,1.476515,0.300144419,1.502255,0.300125737,0.02574,1.634488009,230,0.025739999999999874,1334362.2719999999,679.8756798756832,80.0,54390.054390054655,37.38392912248145,2039.6270396270495,0.024878000000000046,0.0007574430671673474,-0.0007574430671673474,703.9587499977439,21.601895775648316,-21.601895775648316,56316.69999981951,1728.151662051865,-1728.151662051865,1282798.9262,43918.66724882606,-43918.66724882606,2111.085040196236,2176.613509508477,2047.529351201515,34.70646649311598,37.03333418266512,32.525799877927625,4.126213592232183,-3.962703962703197,-3.9627039627032006,4.953856539315159,-3.962703962703203,9.284476833412237,
063_230℃_120_2.0mm.csv,2.0,120,1.4765,0.300159188,1.50196,0.300151658,0.02546,1.616635627,230,0.025460000000000038,1316483.969,687.3527101335418,80.0,54988.21681068334,36.48183058583952,2062.0581304006255,0.024878000000000046,0.0007574430671673474,-0.0007574430671673474,703.9587499977439,21.601895775648316,-21.601895775648316,56316.69999981951,1728.151662051865,-1728.151662051865,1282798.9262,43918.66724882606,-43918.66724882606,2111.085040196236,2176.613509508477,2047.529351201515,34.70646649311598,37.03333418266512,32.525799877927625,2.9935275080904558,-2.9065200314216835,-2.906520031421687,3.5476440829213143,-2.9065200314216786,6.647371292523167,
064_230℃_120_2.0mm.csv,2.0,120,1.47657,0.300071318,1.50038,0.300105225,0.02381,1.522901,230,0.02381000000000011,1222795.7750000001,734.9853002939908,80.0,58798.824023519264,31.689542751292667,2204.9559008819724,0.024878000000000046,0.0007574430671673474,-0.0007574430671673474,703.9587499977439,21.601895775648316,-21.601895775648316,56316.69999981951,1728.151662051865,-1728.151662051865,1282798.9262,43918.66724882606,-43918.66724882606,2111.085040196236,2176.613509508477,2047.529351201515,34.70646649311598,37.03333418266512,32.525799877927625,-3.6812297734626362,3.82192356152862,3.82192356152862,-3.821372172136231,3.82192356152862,-7.36192845544338,
065_230℃_120_2.0mm.csv,2.0,120,1.4765,0.300037055,1.50116,0.300021705,0.02466,1.568994386,230,0.024660000000000126,1268972.6809999999,709.651257096509,80.0,56772.100567720714,34.060262654106296,2128.9537712895267,0.024878000000000046,0.0007574430671673474,-0.0007574430671673474,703.9587499977439,21.601895775648316,-21.601895775648316,56316.69999981951,1728.151662051865,-1728.151662051865,1282798.9262,43918.66724882606,-43918.66724882606,2111.085040196236,2176.613509508477,2047.529351201515,34.70646649311598,37.03333418266512,32.525799877927625,-0.24271844660173464,0.2433090024328899,0.24330900243288348,-0.18934174872703777,0.24330900243287917,-0.43160062797749754,
071_230℃_160_2.0mm.csv,2.0,160,1.48159,0.300033587,1.50029,0.300046134,0.0187,1.524253532,230,0.01869999999999994,1224207.3979999998,935.8288770053507,80.0,74866.31016042805,24.91720091711556,2807.486631016052,0.018866000000000004,0.0007691098751153941,-0.0007691098751153941,928.8222649372374,37.65516141216665,-37.65516141216665,74305.781194979,3012.4129129733305,-3012.4129129733305,1221776.1369999999,50125.573081285744,-50125.573081285744,2784.6281273535897,2900.194543038229,2673.6667808241405,25.054878257590897,27.183926314915695,23.092577475030133,0.0,0.0,0.0,0.0,0.0,0.0,
072_230℃_160_2.0mm.csv,2.0,160,1.48153,0.300173699,1.499895,0.300106431,0.018365,1.491564194,230,0.018364999999999965,1191457.7629999998,952.8995371630838,80.0,76231.9629730467,23.816187012239407,2858.698611489251,0.018866000000000004,0.0007691098751153941,-0.0007691098751153941,928.8222649372374,37.65516141216665,-37.65516141216665,74305.781194979,3012.4129129733305,-3012.4129129733305,1221776.1369999999,50125.573081285744,-50125.573081285744,2784.6281273535897,2900.194543038229,2673.6667808241405,25.054878257590897,27.183926314915695,23.092577475030133,-1.7914438502672474,1.8241219711406138,1.8241219711406138,-2.6751704861041867,1.8241219711406138,-4.418690159213954,
073_230℃_160_2.0mm.csv,2.0,160,1.48148,0.300001106,1.499455,0.300150847,0.017975,1.455196566,230,0.017975000000000074,1155045.7189999998,973.5744089012477,80.0,77885.95271209981,22.5980373322722,2920.7232267037425,0.018866000000000004,0.0007691098751153941,-0.0007691098751153941,928.8222649372374,37.65516141216665,-37.65516141216665,74305.781194979,3012.4129129733305,-3012.4129129733305,1221776.1369999999,50125.573081285744,-50125.573081285744,2784.6281273535897,2900.194543038229,2673.6667808241405,25.054878257590897,27.183926314915695,23.092577475030133,-3.877005347592872,4.033379694018693,4.0333796940186915,-5.649506702294901,4.033379694018682,-9.307480372927182,
074_230℃_160_2.0mm.csv,2.0,160,1.48127,0.300061572,1.500715,0.300039498,0.019445,1.559225153,230,0.019444999999999935,1259185.655,899.9742864489616,80.0,71997.94291591692,26.650193264190392,2699.9228593468847,0.018866000000000004,0.0007691098751153941,-0.0007691098751153941,928.8222649372374,37.65516141216665,-37.65516141216665,74305.781194979,3012.4129129733305,-3012.4129129733305,1221776.1369999999,50125.573081285744,-50125.573081285744,2784.6281273535897,2900.194543038229,2673.6667808241405,25.054878257590897,27.183926314915695,23.092577475030133,3.9839572192513266,-3.831319105168422,-3.831319105168425,2.857216600483264,-3.831319105168419,6.955004106759209,
075_230℃_160_2.0mm.csv,2.0,160,1.48111,0.300085033,1.500955,0.300103652,0.019845,1.579087802,230,0.019845000000000113,1278984.1500000001,881.8342151675434,80.0,70546.73721340348,27.62605764000016,2645.5026455026305,0.018866000000000004,0.0007691098751153941,-0.0007691098751153941,928.8222649372374,37.65516141216665,-37.65516141216665,74305.781194979,3012.4129129733305,-3012.4129129733305,1221776.1369999999,50125.573081285744,-50125.573081285744,2784.6281273535897,2900.194543038229,2673.6667808241405,25.054878257590897,27.183926314915695,23.092577475030133,6.122994652407366,-5.769715293525671,-5.769715293525659,4.474466670393404,-5.769715293525659,10.871432677752702,
081_230℃_200_2.0mm.csv,2.0,200,1.48382,0.300030797,1.49947,0.300020043,0.01565,1.446761865,230,0.015650000000000164,1146741.8220000002,1118.2108626197967,80.0,89456.86900958374,19.533615797877758,3354.6325878593902,0.015610000000000035,0.0003844964239105782,-0.0003844964239105782,1121.6369429685244,28.456877749803184,-28.456877749803184,89730.95543748196,2276.5502199842613,-2276.5502199842613,1151796.6806,32598.983205761335,-32598.983205761335,3364.061366436422,3449.2253855133054,3281.0001122805525,19.55834605566945,20.633191959406247,18.53949215351208,-0.7923930269409191,0.7987220447279986,0.7987220447280069,-1.4152257974690767,0.7987220447280124,-2.1964046738753913,
082_230℃_200_2.0mm.csv,2.0,200,1.48386,0.30019537,1.499635,0.300038162,0.015775,1.463241944,230,0.015775000000000095,1163203.7820000001,1109.3502377179013,80.0,88748.0190174321,19.972288066449103,3328.050713153704,0.015610000000000035,0.0003844964239105782,-0.0003844964239105782,1121.6369429685244,28.456877749803184,-28.456877749803184,89730.95543748196,2276.5502199842613,-2276.5502199842613,1151796.6806,32598.983205761335,-32598.983205761335,3364.061366436422,3449.2253855133054,3281.0001122805525,19.55834605566945,20.633191959406247,18.53949215351208,0.0,0.0,0.0,0.0,0.0,0.0,
083_230℃_200_2.0mm.csv,2.0,200,1.484045,0.300168809,1.498985,0.30019216,0.01494,1.39776478,230,0.014939999999999953,1097572.62,1171.3520749665365,80.0,93708.16599732293,17.847874767673414,3514.0562248996093,0.015610000000000035,0.0003844964239105782,-0.0003844964239105782,1121.6369429685244,28.456877749803184,-28.456877749803184,89730.95543748196,2276.5502199842613,-2276.5502199842613,1151796.6806,32598.983205761335,-32598.983205761335,3364.061366436422,3449.2253855133054,3281.0001122805525,19.55834605566945,20.633191959406247,18.53949215351208,-5.293185419969167,5.589022757698435,5.589022757698443,-5.6422754994103,5.589022757698435,-10.636804815290205,
084_230℃_200_2.0mm.csv,2.0,200,1.48395,0.300198922,1.49974,0.300006802,0.01579,1.473618419,230,0.01578999999999997,1173611.6169999999,1108.2963901203314,80.0,88663.7112096265,20.170152307406767,3324.889170360994,0.015610000000000035,0.0003844964239105782,-0.0003844964239105782,1121.6369429685244,28.456877749803184,-28.456877749803184,89730.95543748196,2276.5502199842613,-2276.5502199842613,1151796.6806,32598.983205761335,-32598.983205761335,3364.061366436422,3449.2253855133054,3281.0001122805525,19.55834605566945,20.633191959406247,18.53949215351208,0.09508716323217835,-0.09499683343809484,-0.09499683343809484,0.8947559456954834,-0.09499683343809485,0.9906939069742857,
085_230℃_200_2.0mm.csv,2.0,200,1.483885,0.300168826,1.49978,0.300016845,0.015895,1.477870407,230,0.015894999999999992,1177853.562,1100.9751494180566,80.0,88078.01195344453,20.377667883526517,3302.92544825417,0.015610000000000035,0.0003844964239105782,-0.0003844964239105782,1121.6369429685244,28.456877749803184,-28.456877749803184,89730.95543748196,2276.5502199842613,-2276.5502199842613,1151796.6806,32598.983205761335,-32598.983205761335,3364.061366436422,3449.2253855133054,3281.0001122805525,19.55834605566945,20.633191959406247,18.53949215351208,0.7606973058630571,-0.7549543881717214,-0.7549543881717214,1.2594336630174225,-0.7549543881717078,2.029711446824163,
091_230℃_240_2.0mm.csv,2.0,240,1.485665,0.300157445,1.49807,0.300123064,0.012405,1.279433696,230,0.012405,979310.6319999999,1410.721483272874,80.0,112857.71866182992,13.222692125126528,4232.1644498186215,0.013190999999999998,0.0005430170347235972,-0.0005430170347235972,1328.476019089871,55.132136325554406,-55.132136325554406,106278.08152718967,4410.5709060443505,-4410.5709060443505,1037267.743,48416.70472962489,-48416.70472962489,3982.698931381236,4150.74542735868,3821.4559422207035,14.869698477795287,16.221834455059664,13.630266874754287,-5.808656036445788,6.166868198306374,6.166868198306381,-4.886341285916292,6.166868198306362,-10.411166564296368,
092_230℃_240_2.0mm.csv,2.0,240,1.485315,0.300106202,1.499245,0.300121103,0.01393,1.413076073,230,0.013929999999999998,1112954.9700000002,1256.281407035176,80.0,100502.51256281408,16.874517259428572,3768.8442211055285,0.013190999999999998,0.0005430170347235972,-0.0005430170347235972,1328.476019089871,55.132136325554406,-55.132136325554406,106278.08152718967,4410.5709060443505,-4410.5709060443505,1037267.743,48416.70472962489,-48416.70472962489,3982.698931381236,4150.74542735868,3821.4559422207035,14.869698477795287,16.221834455059664,13.630266874754287,5.770690964313587,-5.455850681982008,-5.455850681982004,8.093607606951116,-5.455850681982001,14.331355654126018,
093_230℃_240_2.0mm.csv,2.0,240,1.485335,0.300182161,1.498505,0.300184261,0.01317,1.329805711,230,0.013169999999999904,1029621.4499999998,1328.7775246773065,80.0,106302.20197418451,14.759308295510095,3986.3325740319196,0.013190999999999998,0.0005430170347235972,-0.0005430170347235972,1328.476019089871,55.132136325554406,-55.132136325554406,106278.08152718967,4410.5709060443505,-4410.5709060443505,1037267.743,48416.70472962489,-48416.70472962489,3982.698931381236,4150.74542735868,3821.4559422207035,14.869698477795287,16.221834455059664,13.630266874754287,0.0,0.0,0.0,0.0,0.0,0.0,
094_230℃_240_2.0mm.csv,2.0,240,1.4853,0.300021433,1.498445,0.300069436,0.013145,1.322813216,230,0.013144999999999962,1022743.7799999999,1331.3046785850172,80.0,106504.37428680138,14.632889238748254,3993.914035755052,0.013190999999999998,0.0005430170347235972,-0.0005430170347235972,1328.476019089871,55.132136325554406,-55.132136325554406,106278.08152718967,4410.5709060443505,-4410.5709060443505,1037267.743,48416.70472962489,-48416.70472962489,3982.698931381236,4150.74542735868,3821.4559422207035,14.869698477795287,16.221834455059664,13.630266874754287,-0.18982536066774425,0.19018638265457158,0.19018638265457843,-0.6679804504849746,0.19018638265457158,-0.8565378148534201,
095_230℃_240_2.0mm.csv,2.0,240,1.48531,0.30008296,1.498615,0.300044869,0.013305,1.341752752,230,0.013305000000000122,1041707.8830000001,1315.2950018789809,80.0,105223.60015031847,15.085630893404224,3945.8850056369424,0.013190999999999998,0.0005430170347235972,-0.0005430170347235972,1328.476019089871,55.132136325554406,-55.132136325554406,106278.08152718967,4410.5709060443505,-4410.5709060443505,1037267.743,48416.70472962489,-48416.70472962489,3982.698931381236,4150.74542735868,3821.4559422207035,14.869698477795287,16.221834455059664,13.630266874754287,1.0250569476098652,-1.0146561443082671,-1.0146561443082671,1.1738715233642725,-1.0146561443082784,2.210961322580397,
