元ファイル,キャビ厚,射出速度[mm/s],CH03_立ち上がり時間(s),CH03_立ち上がり圧力(MPa),CH04_立ち上がり時間(s),CH04_立ち上がり圧力(MPa),立ち上がり時間差(s),CH03圧力@CH04立ち上がり時(MPa),CH03_最大圧力(MPa),CH03_最大圧力時間(s),CH04_最大圧力(MPa),CH04_最大圧力時間(s),最大圧力差(MPa),先行列圧力@後発列最大時(MPa),温度,時間差ΔT34(s),圧力差ΔP34(Pa),流速V34(mm/s),流路断面積(mm²),流量Q34(mm³/s),樹脂粘度η34(Pa・s),せん断速度γ34(1/s),時間差ΔT34(s)_平均,時間差ΔT34(s)_標準偏差上,時間差ΔT34(s)_標準偏差下,流速V34(mm/s)_平均,流速V34(mm/s)_標準偏差上,流速V34(mm/s)_標準偏差下,流量Q34(mm³/s)_平均,流量Q34(mm³/s)_標準偏差上,流量Q34(mm³/s)_標準偏差下,圧力差ΔP34(Pa)_平均,圧力差ΔP34(Pa)_標準偏差上,圧力差ΔP34(Pa)_標準偏差下,せん断速度γ34(1/s)_幾何平均,せん断速度γ34(1/s)_幾何標準偏差上,せん断速度γ34(1/s)_幾何標準偏差下,樹脂粘度η34(Pa・s)_幾何平均,樹脂粘度η34(Pa・s)_幾何標準偏差上,樹脂粘度η34(Pa・s)_幾何標準偏差下,CH03_最大圧力(MPa)_平均,CH03_最大圧力(MPa)_標準偏差上,CH03_最大圧力(MPa)_標準偏差下,CH03_最大圧力時間(s)_平均,CH03_最大圧力時間(s)_標準偏差上,CH03_最大圧力時間(s)_標準偏差下,CH04_最大圧力(MPa)_平均,CH04_最大圧力(MPa)_標準偏差上,CH04_最大圧力(MPa)_標準偏差下,CH04_最大圧力時間(s)_平均,CH04_最大圧力時間(s)_標準偏差上,CH04_最大圧力時間(s)_標準偏差下,最大圧力差(MPa)_平均,最大圧力差(MPa)_標準偏差上,最大圧力差(MPa)_標準偏差下,先行列圧力@後発列最大時(MPa)_平均,先行列圧力@後発列最大時(MPa)_標準偏差上,先行列圧力@後発列最大時(MPa)_標準偏差下,時間差ΔT34(s)_中央値からのずれ(%),流速V34(mm/s)_中央値からのずれ(%),流量Q34(mm³/s)_中央値からのずれ(%),圧力差ΔP34(Pa)_中央値からのずれ(%),せん断速度γ34(1/s)_中央値からのずれ(%),樹脂粘度η34(Pa・s)_中央値からのずれ(%),外れ値判定,CH03_最大圧力(MPa)_中央値からのずれ(%),CH03_最大圧力時間(s)_中央値からのずれ(%),CH04_最大圧力(MPa)_中央値からのずれ(%),CH04_最大圧力時間(s)_中央値からのずれ(%),最大圧力差(MPa)_中央値からのずれ(%),先行列圧力@後発列最大時(MPa)_中央値からのずれ(%),追加列の外れ値判定
001_190℃_280_0.5mm.csv,0.5,280,1.493345,0.300018239,1.50198,0.300038163,0.008635,2.205758962,44.12918176,1.556505,33.2617687,1.56153,10.86741306,43.72807697,190,0.00863500000000017,1905720.799,2026.635784597528,20.0,40532.715691950565,1.1194489183241718,24319.62941517034,0.008773333333333374,0.000132884661768387,-0.000132884661768387,1994.9865973129865,30.280138965468748,-30.280138965468748,39899.73194625973,605.602779309379,-605.602779309379,1986630.392,76707.56309049243,-76707.56309049243,23938.003341929067,24303.73422438658,23577.77610253925,1.1849884932096122,1.250639965235149,1.1227833493831822,44.49420527,1.0327959987827464,-1.0327959987827464,1.55788,0.0017391161548327202,-0.0017391161548327202,33.670055579999996,1.0021292650428313,-1.0021292650428313,1.5631283333333332,0.0015433108349691249,-0.0015433108349691249,10.824149686666667,0.05897931254485888,-0.05897931254485888,44.106382599999996,1.0953545030970087,-1.0953545030970087,-1.7074558907213628,1.7371163867964015,1.7371163867964203,-4.516871079742161,1.7371163867964323,-6.147203389136192,,0.0,-0.05104989404738196,0.0,-0.10970769137274777,0.17833056210553366,0.0,
002_190℃_280_0.5mm.csv,0.5,280,1.493435,0.30010582,1.502335,0.300379475,0.0089,2.358678099,45.65994434,1.559835,34.8118767,1.56461,10.84806764,45.34074598,190,0.008899999999999908,2058298.6239999998,1966.292134831481,20.0,39325.84269662962,1.246180799564613,23595.50561797777,0.008773333333333374,0.000132884661768387,-0.000132884661768387,1994.9865973129865,30.280138965468748,-30.280138965468748,39899.73194625973,605.602779309379,-605.602779309379,1986630.392,76707.56309049243,-76707.56309049243,23938.003341929067,24303.73422438658,23577.77610253925,1.1849884932096122,1.250639965235149,1.1227833493831822,44.49420527,1.0327959987827464,-1.0327959987827464,1.55788,0.0017391161548327202,-0.0017391161548327202,33.670055579999996,1.0021292650428313,-1.0021292650428313,1.5631283333333332,0.0015433108349691249,-0.0015433108349691249,10.824149686666667,0.05897931254485888,-0.05897931254485888,44.106382599999996,1.0953545030970087,-1.0953545030970087,1.30904951621929,-1.2921348314591756,-1.2921348314591736,3.127799714894798,-1.2921348314591643,4.477793678150223,,3.4688215800718285,0.16278173762282003,4.660329443034103,0.08731836660280766,0.0,3.6879486173297527,
003_190℃_280_0.5mm.csv,0.5,280,1.49341,0.300364858,1.502195,0.300141405,0.008785,2.296013158,43.69348971,1.5573,32.93652134,1.563245,10.75696836,43.25032485,190,0.008785000000000043,1995871.753,1992.0318725099505,20.0,39840.63745019901,1.192770976197625,23904.382470119403,0.008773333333333374,0.000132884661768387,-0.000132884661768387,1994.9865973129865,30.280138965468748,-30.280138965468748,39899.73194625973,605.602779309379,-605.602779309379,1986630.392,76707.56309049243,-76707.56309049243,23938.003341929067,24303.73422438658,23577.77610253925,1.1849884932096122,1.250639965235149,1.1227833493831822,44.49420527,1.0327959987827464,-1.0327959987827464,1.55788,0.0017391161548327202,-0.0017391161548327202,33.670055579999996,1.0021292650428313,-1.0021292650428313,1.5631283333333332,0.0015433108349691249,-0.0015433108349691249,10.824149686666667,0.05897931254485888,-0.05897931254485888,44.106382599999996,1.0953545030970087,-1.0953545030970087,0.0,0.0,0.0,0.0,0.0,0.0,,-0.9873105111478054,0.0,-0.977841445936093,0.0,-0.8397742623219844,-1.0925523213100907,
005_190℃_320_0.5mm.csv,0.5,320,1.493545,0.300057785,1.50172,0.30033524,0.008175,2.112854819,44.89865504,1.55632,33.877253,1.56193,11.02140204,44.45438627,190,0.008175000000000043,1812519.579,2140.6727828746066,20.0,42813.45565749213,1.0079828270969442,25688.073394495277,0.008175000000000043,,,2140.6727828746066,,,42813.45565749213,,,1812519.579,,,25688.07339449526,,,1.0079828270969442,,,44.89865504,,,1.55632,,,33.877253,,,1.56193,,,11.02140204,,,44.45438627,,,0.0,0.0,0.0,0.0,0.0,0.0,,0.368974982490379,0.0,0.7650886697782308,0.0,0.0,0.471134355333966,
001_210℃_280_0.5mm.csv,0.5,280,1.493445,0.300419393,1.501725,0.300091596,0.00828,2.110961805,42.40449731,1.552715,31.91705206,1.55849,10.48744525,41.93452351,210,0.008280000000000065,1810870.209,2113.5265700482923,20.0,42270.53140096585,1.0200003626204164,25362.318840579508,0.00817000000000001,0.000153215534460482,-0.000153215534460482,2142.4901693808597,40.57742066875526,-40.57742066875526,42849.8033876172,811.5484133751079,-811.5484133751079,1778055.289,59789.813261552335,-59789.813261552335,25706.828010243524,26195.93134164505,25226.85671028872,0.9877176888250824,1.0410955445573227,0.937076561241826,41.99101441333334,0.36263543838900686,-0.36263543838900686,1.5512133333333333,0.0013555656875760518,-0.0013555656875760518,31.456409216666668,0.4035573138366149,-0.4035573138366149,1.5568383333333333,0.0015639879581803788,-0.0015639879581803788,10.534605196666666,0.04100812420498792,-0.04100812420498792,41.504301129999995,0.3759382948682095,-0.3759382948682095,0.546448087432578,-0.5434782608704408,-0.543478260870445,0.0,-0.5434782608704338,0.3590235163019291,,1.3454746716609844,0.12057942605483066,2.0136662298596537,0.11852413363354357,-0.6352675612216088,1.4398463061002562,
002_210℃_280_0.5mm.csv,0.5,280,1.49347,0.300390848,1.501465,0.300388284,0.007995,2.009431859,41.72701581,1.55008,31.16514,1.55538,10.56187581,41.23907877,210,0.007994999999999974,1709043.5750000002,2188.868042526586,20.0,43777.360850531724,0.9295104341581603,26266.416510319035,0.00817000000000001,0.000153215534460482,-0.000153215534460482,2142.4901693808597,40.57742066875526,-40.57742066875526,42849.8033876172,811.5484133751079,-811.5484133751079,1778055.289,59789.813261552335,-59789.813261552335,25706.828010243524,26195.93134164505,25226.85671028872,0.9877176888250824,1.0410955445573227,0.937076561241826,41.99101441333334,0.36263543838900686,-0.36263543838900686,1.5512133333333333,0.0013555656875760518,-0.0013555656875760518,31.456409216666668,0.4035573138366149,-0.4035573138366149,1.5568383333333333,0.0015639879581803788,-0.0015639879581803788,10.534605196666666,0.04100812420498792,-0.04100812420498792,41.504301129999995,0.3759382948682095,-0.3759382948682095,-2.9143897996359223,3.0018761726081236,3.0018761726081236,-5.623077429510015,3.001876172608138,-8.544385924849053,,-0.27368576070612427,-0.049327947022437875,-0.3896041529704976,-0.0812645143883205,0.0699349455250568,-0.24243839955910168,
003_210℃_280_0.5mm.csv,0.5,280,1.493495,0.300113756,1.50173,0.300081365,0.008235,2.114333448,41.84153012,1.550845,31.28703559,1.556645,10.55449453,41.33930111,210,0.008234999999999992,1814252.0829999999,2125.0758955677006,20.0,42501.517911354014,1.0163514220071417,25500.910746812406,0.00817000000000001,0.000153215534460482,-0.000153215534460482,2142.4901693808597,40.57742066875526,-40.57742066875526,42849.8033876172,811.5484133751079,-811.5484133751079,1778055.289,59789.813261552335,-59789.813261552335,25706.828010243524,26195.93134164505,25226.85671028872,0.9877176888250824,1.0410955445573227,0.937076561241826,41.99101441333334,0.36263543838900686,-0.36263543838900686,1.5512133333333333,0.0013555656875760518,-0.0013555656875760518,31.456409216666668,0.4035573138366149,-0.4035573138366149,1.5568383333333333,0.0015639879581803788,-0.0015639879581803788,10.534605196666666,0.04100812420498792,-0.04100812420498792,41.504301129999995,0.3759382948682095,-0.3759382948682095,0.0,0.0,0.0,0.18675408006559327,0.0,0.0,,0.0,0.0,0.0,0.0,0.0,0.0,
004_210℃_320_0.5mm.csv,0.5,320,1.493475,0.300114877,1.501385,0.300085835,0.00791,1.979394443,42.41895449,1.552295,31.80572716,1.558275,10.61322733,41.91541095,210,0.007909999999999862,1679308.608,2212.389380531012,20.0,44247.787610620246,0.903627965257127,26548.672566372145,0.008095000000000038,0.00016255768207023137,-0.00016255768207023137,2162.4155890620523,43.86997911244722,-43.86997911244722,43248.31178124104,877.3995822489478,-877.3995822489478,1754145.093333333,64812.555304730246,-64812.555304730246,25945.45102703051,26474.4986513406,25426.975515623268,0.9653963908040587,1.0224103338219668,0.9115617874220265,42.305523990000005,0.28685337267548794,-0.28685337267548794,1.551445,0.0008601744009211419,-0.0008601744009211419,31.649161806666665,0.27295685724021385,-0.27295685724021385,1.5571633333333335,0.0012006907734022655,-0.0012006907734022655,10.656362183333334,0.04958721650530975,-0.04958721650530975,41.80269473333333,0.2719624123337126,-0.2719624123337126,-3.06372549019976,3.1605562579053017,3.1605562579053017,-6.237428381295506,3.160556257905287,-9.110056188244561,,0.0,0.05349782302532679,0.0,0.06100203875234818,-0.30146582742294004,0.0,
005_210℃_320_0.5mm.csv,0.5,320,1.49351,0.300249263,1.50167,0.30033831,0.00816,2.091360654,41.97929993,1.550575,31.3339806,1.55589,10.64531933,41.49249643,210,0.008160000000000167,1791022.344,2144.607843137211,20.0,42892.156862744225,0.9942001583020611,25735.294117646536,0.008095000000000038,0.00016255768207023137,-0.00016255768207023137,2162.4155890620523,43.86997911244722,-43.86997911244722,43248.31178124104,877.3995822489478,-877.3995822489478,1754145.093333333,64812.555304730246,-64812.555304730246,25945.45102703051,26474.4986513406,25426.975515623268,0.9653963908040587,1.0224103338219668,0.9115617874220265,42.305523990000005,0.28685337267548794,-0.28685337267548794,1.551445,0.0008601744009211419,-0.0008601744009211419,31.649161806666665,0.27295685724021385,-0.27295685724021385,1.5571633333333335,0.0012006907734022655,-0.0012006907734022655,10.656362183333334,0.04958721650530975,-0.04958721650530975,41.80269473333333,0.2719624123337126,-0.2719624123337126,0.0,0.0,0.0,0.0,0.0,0.0,,-1.036457794129838,-0.05736513553319329,-1.4832126227671498,-0.0921451848522354,0.0,-1.0089714270116181,
006_210℃_320_0.5mm.csv,0.5,320,1.49346,0.300156427,1.501675,0.300242099,0.008215,2.092346427,42.51831755,1.551465,31.80777766,1.557325,10.71053989,42.00017682,210,0.008215000000000083,1792104.3279999997,2130.2495435179335,20.0,42604.99087035867,1.0015059220762004,25562.994522215202,0.008095000000000038,0.00016255768207023137,-0.00016255768207023137,2162.4155890620523,43.86997911244722,-43.86997911244722,43248.31178124104,877.3995822489478,-877.3995822489478,1754145.093333333,64812.555304730246,-64812.555304730246,25945.45102703051,26474.4986513406,25426.975515623268,0.9653963908040587,1.0224103338219668,0.9115617874220265,42.305523990000005,0.28685337267548794,-0.28685337267548794,1.551445,0.0008601744009211419,-0.0008601744009211419,31.649161806666665,0.27295685724021385,-0.27295685724021385,1.5571633333333335,0.0012006907734022655,-0.0012006907734022655,10.656362183333334,0.04958721650530975,-0.04958721650530975,41.80269473333333,0.2719624123337126,-0.2719624123337126,0.6740196078420968,-0.669506999390332,-0.6695069993903361,0.06041152996356508,-0.669506999390339,0.7348383233630116,,0.2342421240566548,0.0,0.006446952115523615,0.0,0.6126688921035891,0.2022307978827015,
001_230℃_280_0.5mm.csv,0.5,280,1.49332,0.300330918,1.501675,0.300367702,0.008355,2.07764945,40.87852037,1.55244,30.69994416,1.558005,10.17857621,40.4465143,230,0.008355000000000112,1777281.7480000001,2094.554159186088,20.0,41891.083183721756,1.010148911873483,25134.649910233053,0.008298333333333444,0.00012964695651397114,-0.00012964695651397114,2109.203290380758,33.22857737245024,-33.22857737245024,42184.06580761517,664.5715474490067,-664.5715474490067,1773514.563,43940.26415689306,-43940.26415689306,25308.357085907177,25708.558470871107,24914.38557760897,1.0008838650138518,1.0417859220565446,0.9615876832617573,41.00744399,0.1985352451144807,-0.1985352451144807,1.5528133333333332,0.001093873088311942,-0.001093873088311942,30.849134356666667,0.13041415687784375,-0.13041415687784375,1.55816,0.001080867706983628,-0.001080867706983628,10.158309635333334,0.18274618176059804,-0.18274618176059804,40.59996507333333,0.1809037778287625,-0.1809037778287625,0.0,0.0,0.0,0.0,0.0,0.0,,-0.07142917133250253,0.0,-0.6666968347094765,0.0,0.0,-0.26491440782069986,
002_230℃_280_0.5mm.csv,0.5,280,1.49338,0.300025773,1.50177,0.300405279,0.00839,2.11585523,41.23607117,1.551955,30.90599344,1.557165,10.33007774,40.79943337,230,0.00839000000000012,1815449.9510000001,2085.8164481525328,20.0,41716.328963050655,1.0361649720333483,25029.797377830393,0.008298333333333444,0.00012964695651397114,-0.00012964695651397114,2109.203290380758,33.22857737245024,-33.22857737245024,42184.06580761517,664.5715474490067,-664.5715474490067,1773514.563,43940.26415689306,-43940.26415689306,25308.357085907177,25708.558470871107,24914.38557760897,1.0008838650138518,1.0417859220565446,0.9615876832617573,41.00744399,0.1985352451144807,-0.1985352451144807,1.5528133333333332,0.001093873088311942,-0.001093873088311942,30.849134356666667,0.13041415687784375,-0.13041415687784375,1.55816,0.001080867706983628,-0.001080867706983628,10.158309635333334,0.18274618176059804,-0.18274618176059804,40.59996507333333,0.1809037778287625,-0.1809037778287625,0.4189108318373044,-0.4171632896305942,-0.4171632896305898,2.147560624135773,-0.41716328963058685,2.5754678200478778,,0.8026127489535495,-0.031241142974934213,0.0,-0.05391510296823013,1.4884353850114849,0.605331502432261,
003_230℃_280_0.5mm.csv,0.5,280,1.493385,0.300304955,1.501535,0.300462192,0.00815,2.028274182,40.90774043,1.554045,30.94146547,1.55931,9.966274956,40.55394755,230,0.008150000000000102,1727811.9900000002,2147.239263803654,20.0,42944.78527607308,0.957936579489808,25766.871165643846,0.008298333333333444,0.00012964695651397114,-0.00012964695651397114,2109.203290380758,33.22857737245024,-33.22857737245024,42184.06580761517,664.5715474490067,-664.5715474490067,1773514.563,43940.26415689306,-43940.26415689306,25308.357085907177,25708.558470871107,24914.38557760897,1.0008838650138518,1.0417859220565446,0.9615876832617573,41.00744399,0.1985352451144807,-0.1985352451144807,1.5528133333333332,0.001093873088311942,-0.001093873088311942,30.849134356666667,0.13041415687784375,-0.13041415687784375,1.55816,0.001080867706983628,-0.001080867706983628,10.158309635333334,0.18274618176059804,-0.18274618176059804,40.59996507333333,0.1809037778287625,-0.1809037778287625,-2.4536205864752603,2.5153374233129773,2.515337423312986,-2.783450516816983,2.5153374233129777,-5.168775788397259,,0.0,0.10338563809228418,0.11477395175426239,0.08376096353990452,-2.0857657261673124,0.0,
004_230℃_320_0.5mm.csv,0.5,320,1.493455,0.300396058,1.501175,0.300149348,0.00772,1.895174112,40.76751968,1.552455,30.57086298,1.557955,10.1966567,40.3206047,230,0.007719999999999949,1595024.7640000002,2266.839378238357,20.0,45336.78756476714,0.8376592638149605,27202.07253886028,0.0077866666666666084,5.965176722726282e-05,-5.965176722726282e-05,2247.5197235689784,17.273185889082136,-17.273185889082136,44950.39447137957,345.46371778164325,-345.46371778164325,1600457.5703333335,9748.512493013508,-9748.512493013508,26969.706809693816,27177.445864213078,26763.555671676648,0.8477436421109213,0.8585308193895143,0.837092002417016,41.00898125333333,0.29701653867115985,-0.29701653867115985,1.552665,0.0007960527620704343,-0.0007960527620704343,30.797761873333332,0.28893174179724757,-0.28893174179724757,1.5582683333333334,0.0009352317003466503,-0.0009352317003466503,10.211219380000001,0.012643335023153438,-0.012643335023153438,40.5612792,0.2954155038790018,-0.2954155038790018,-1.08904548366294,1.1010362694286335,1.1010362694286373,0.0,1.1010362694286129,-1.0649316291836342,,-0.36966722583863826,0.0,-0.4186558409723782,0.0,-0.2050332495736907,-0.37473161486165196,
005_230℃_320_0.5mm.csv,0.5,320,1.49339,0.300065241,1.501225,0.300038386,0.007835,1.911750331,41.34064107,1.553545,31.12303488,1.55932,10.21760619,40.89096582,230,0.007835000000000036,1611711.9449999998,2233.567326100819,20.0,44671.346522016385,0.8590315026581672,26802.80791320983,0.0077866666666666084,5.965176722726282e-05,-5.965176722726282e-05,2247.5197235689784,17.273185889082136,-17.273185889082136,44950.39447137957,345.46371778164325,-345.46371778164325,1600457.5703333335,9748.512493013508,-9748.512493013508,26969.706809693816,27177.445864213078,26763.555671676648,0.8477436421109213,0.8585308193895143,0.837092002417016,41.00898125333333,0.29701653867115985,-0.29701653867115985,1.552665,0.0007960527620704343,-0.0007960527620704343,30.797761873333332,0.28893174179724757,-0.28893174179724757,1.5582683333333334,0.0009352317003466503,-0.0009352317003466503,10.211219380000001,0.012643335023153438,-0.012643335023153438,40.5612792,0.2954155038790018,-0.2954155038790018,0.38436899423699106,-0.3828972559055168,-0.38289725590551277,1.0462020011621356,-0.382897255905537,1.4593213726397425,,1.0309643370793842,0.07021137488687501,1.3799855662007452,0.08761485408757382,0.0,1.0345324594057714,
006_230℃_320_0.5mm.csv,0.5,320,1.49337,0.300387669,1.501175,0.300252326,0.007805,1.894888328,40.91878301,1.551995,30.69938776,1.55753,10.21939525,40.47226708,230,0.00780499999999984,1594636.0019999999,2242.152466367759,20.0,44843.049327355184,0.8466757820142683,26905.829596413114,0.0077866666666666084,5.965176722726282e-05,-5.965176722726282e-05,2247.5197235689784,17.273185889082136,-17.273185889082136,44950.39447137957,345.46371778164325,-345.46371778164325,1600457.5703333335,9748.512493013508,-9748.512493013508,26969.706809693816,27177.445864213078,26763.555671676648,0.8477436421109213,0.8585308193895143,0.837092002417016,41.00898125333333,0.29701653867115985,-0.29701653867115985,1.552665,0.0007960527620704343,-0.0007960527620704343,30.797761873333332,0.28893174179724757,-0.28893174179724757,1.5582683333333334,0.0009352317003466503,-0.0009352317003466503,10.211219380000001,0.012643335023153438,-0.012643335023153438,40.5612792,0.2954155038790018,-0.2954155038790018,0.0,0.0,0.0,-0.024373414681374633,0.0,0.0,,0.0,-0.029630488484362182,0.0,-0.02727935017377894,0.01750958068584673,0.0,
001_190℃_280_1.0mm.csv,1.0,280,1.491655,0.300332854,1.500305,0.300070939,0.00865,1.574515781,23.10590892,1.559495,17.94199317,1.56167,5.16391575,23.05094211,190,0.008650000000000047,1274444.842,2023.121387283226,40.0,80924.85549132904,2.999713709741513,12138.728323699357,0.00864333333333341,7.522189397591257e-05,-7.522189397591257e-05,2024.7841939211266,17.64233734161842,-17.64233734161842,80991.36775684507,705.693493664736,-705.693493664736,1273698.9153333332,29397.929379712943,-29397.929379712943,12148.397963782514,12254.649639229505,12043.067523855727,2.995039395536003,3.091798291996698,2.901308602192036,23.242445083333337,0.13762183725174568,-0.13762183725174568,1.5596633333333332,0.00016064972248119636,-0.00016064972248119636,18.062695373333334,0.11953865466137469,-0.11953865466137469,1.5618283333333334,0.0001486887128645985,-0.0001486887128645985,5.179749709,0.01850471713091389,-0.01850471713091389,23.18800810666667,0.1382297369643302,-0.1382297369643302,0.0,0.0,0.0,0.0,0.0,0.0,,-0.5782624437199374,-0.011861407468190891,-0.681228444117855,-0.011524794314439223,-0.2188421025945177,-0.5812510984945284,
002_190℃_280_1.0mm.csv,1.0,280,1.491615,0.300152631,1.50018,0.300188705,0.008565,1.544123826,23.24029884,1.55968,18.06505748,1.56185,5.175241357,23.1857093,190,0.008565000000000156,1243935.121,2043.1990659661042,40.0,81727.96263864417,2.8991304248612773,12259.194395796625,0.00864333333333341,7.522189397591257e-05,-7.522189397591257e-05,2024.7841939211266,17.64233734161842,-17.64233734161842,80991.36775684507,705.693493664736,-705.693493664736,1273698.9153333332,29397.929379712943,-29397.929379712943,12148.397963782514,12254.649639229505,12043.067523855727,2.995039395536003,3.091798291996698,2.901308602192036,23.242445083333337,0.13762183725174568,-0.13762183725174568,1.5596633333333332,0.00016064972248119636,-0.00016064972248119636,18.062695373333334,0.11953865466137469,-0.11953865466137469,1.5618283333333334,0.0001486887128645985,-0.0001486887128645985,5.179749709,0.01850471713091389,-0.01850471713091389,23.18800810666667,0.1382297369643302,-0.1382297369643302,-0.9826589595363037,0.9924109748965494,0.9924109748965517,-2.3939616682131706,0.9924109748965456,-3.353096148928927,,0.0,0.0,0.0,0.0,0.0,0.0,
003_190℃_280_1.0mm.csv,1.0,280,1.491705,0.30032946,1.50042,0.30009537,0.008715,1.602812153,23.38112749,1.559815,18.18103547,1.561965,5.20009202,23.32737291,190,0.008715000000000028,1302716.7829999998,2008.0321285140496,40.0,80321.28514056199,3.089299799685724,12048.192771084297,0.00864333333333341,7.522189397591257e-05,-7.522189397591257e-05,2024.7841939211266,17.64233734161842,-17.64233734161842,80991.36775684507,705.693493664736,-705.693493664736,1273698.9153333332,29397.929379712943,-29397.929379712943,12148.397963782514,12254.649639229505,12043.067523855727,2.995039395536003,3.091798291996698,2.901308602192036,23.242445083333337,0.13762183725174568,-0.13762183725174568,1.5596633333333332,0.00016064972248119636,-0.00016064972248119636,18.062695373333334,0.11953865466137469,-0.11953865466137469,1.5618283333333334,0.0001486887128645985,-0.0001486887128645985,5.179749709,0.01850471713091389,-0.01850471713091389,23.18800810666667,0.1382297369643302,-0.1382297369643302,0.7514450867049872,-0.7458405048764408,-0.7458405048764364,2.2183730569015774,-0.7458405048764484,2.986487998947426,,0.6059674661223055,0.008655621665982525,0.6420017767914741,0.007363063034227823,0.4801836530075404,0.6109953685997519,
004_190℃_320_1.0mm.csv,1.0,320,1.491725,0.300333031,1.49992,0.300032194,0.008195,1.481509961,23.41182962,1.559905,18.2222327,1.562025,5.189596918,23.35768809,190,0.008194999999999952,1181477.767,2135.448444173289,40.0,85417.93776693156,2.6346150477727734,12812.690665039734,0.008134999999999892,8.485281374247056e-05,-8.485281374247056e-05,2151.3155533560166,22.439481001868735,-22.439481001868735,86052.62213424066,897.5792400747404,-897.5792400747404,1165090.226,23175.482736145106,-23175.482736145106,12907.542229970693,13042.882520214547,12773.606306754982,2.578724793644804,2.6581188544768186,2.5017021154485883,23.372961875,0.05496729211785922,-0.05496729211785922,1.5598550000000002,7.071067811872547e-05,-7.071067811872547e-05,18.19209929,0.04261507710254955,-0.04261507710254955,1.5619800000000001,6.363961030681368e-05,-6.363961030681368e-05,5.1808625855,0.012352211479775783,-0.012352211479775783,23.31867606,0.05517134192170775,-0.05517134192170775,0.0,0.0,0.0,0.0,0.0,0.0,,0.0,0.0,0.0,0.0,0.0,0.0,
005_190℃_320_1.0mm.csv,1.0,320,1.491705,0.300326562,1.49978,0.30007254,0.008075,1.448775225,23.33409413,1.559805,18.16196588,1.561935,5.172128253,23.27966403,190,0.008074999999999832,1148702.685,2167.182662538745,40.0,86687.30650154979,2.5240201854081112,13003.095975232467,0.008134999999999892,8.485281374247056e-05,-8.485281374247056e-05,2151.3155533560166,22.439481001868735,-22.439481001868735,86052.62213424066,897.5792400747404,-897.5792400747404,1165090.226,23175.482736145106,-23175.482736145106,12907.542229970693,13042.882520214547,12773.606306754982,2.578724793644804,2.6581188544768186,2.5017021154485883,23.372961875,0.05496729211785922,-0.05496729211785922,1.5598550000000002,7.071067811872547e-05,-7.071067811872547e-05,18.19209929,0.04261507710254955,-0.04261507710254955,1.5619800000000001,6.363961030681368e-05,-6.363961030681368e-05,5.1808625855,0.012352211479775783,-0.012352211479775783,23.31867606,0.05517134192170775,-0.05517134192170775,-1.4643075045774339,1.4860681114566283,1.4860681114566154,-2.7740752230337935,1.486068111456607,-4.197761735937699,,-0.3320350919246031,-0.006410646802208402,-0.33073235860937583,-0.005761751572473134,-0.33660928345726276,-0.33404016570203554,
001_210℃_280_1.0mm.csv,1.0,280,1.491585,0.300137759,1.49976,0.300139725,0.008175,1.444465899,22.60839557,1.560685,17.74434517,1.562795,4.864050399,22.55988882,210,0.008175000000000043,1144326.174,2140.6727828746066,40.0,85626.91131498426,2.5455418972653203,12844.036697247639,0.008341666666666617,0.00015118972628230004,-0.00015118972628230004,2098.3646582047118,38.282890684446805,-38.282890684446805,83934.58632818848,1531.31562737787,-1531.31562737787,1169528.4086666666,26380.180431901805,-26380.180431901805,12588.79715163188,12819.821813812823,12361.935760618893,2.653902486753224,2.7630002072988944,2.549112515659334,22.733788713333336,0.12185458983565445,-0.12185458983565445,1.5608816666666667,0.00018817102150247178,-0.00018817102150247178,17.850156403333333,0.10944645001455622,-0.10944645001455622,1.5629799999999998,0.00017585505395063992,-0.00017585505395063992,4.883632311333334,0.017562107892499974,-0.017562107892499974,22.68572218,0.12237979399023068,-0.12237979399023068,-2.446300715987981,2.507645259936256,2.5076452599362518,-1.9691517435147305,2.507645259936249,-4.367281086302216,,-0.5840014752358376,-0.013774104683186251,-0.5541103601979152,-0.013115802943058908,-0.5074369844577842,-0.5863531715895648,
002_210℃_280_1.0mm.csv,1.0,280,1.491515,0.300198098,1.499985,0.300187487,0.00847,1.497134214,22.74120454,1.5609,17.84321628,1.563,4.897988261,22.69294965,210,0.008469999999999978,1196946.7269999997,2066.1157024793442,40.0,82644.62809917377,2.75867721841904,12396.694214876066,0.008341666666666617,0.00015118972628230004,-0.00015118972628230004,2098.3646582047118,38.282890684446805,-38.282890684446805,83934.58632818848,1531.31562737787,-1531.31562737787,1169528.4086666666,26380.180431901805,-26380.180431901805,12588.79715163188,12819.821813812823,12361.935760618893,2.653902486753224,2.7630002072988944,2.549112515659334,22.733788713333336,0.12185458983565445,-0.12185458983565445,1.5608816666666667,0.00018817102150247178,-0.00018817102150247178,17.850156403333333,0.10944645001455622,-0.10944645001455622,1.5629799999999998,0.00017585505395063992,-0.00017585505395063992,4.883632311333334,0.017562107892499974,-0.017562107892499974,22.68572218,0.12237979399023068,-0.12237979399023068,1.0739856801926888,-1.0625737898482353,-1.0625737898482308,2.5386866364149605,-1.062573789848228,3.639937447547703,,0.0,0.0,0.0,0.0,0.18675090355052645,0.0,
003_210℃_280_1.0mm.csv,1.0,280,1.491475,0.300117268,1.499855,0.300042356,0.00838,1.467354681,22.85176603,1.56106,17.96290776,1.563145,4.888858274,22.80432807,210,0.008379999999999832,1167312.325,2088.305489260185,40.0,83532.2195704074,2.6617897370067496,12529.83293556111,0.008341666666666617,0.00015118972628230004,-0.00015118972628230004,2098.3646582047118,38.282890684446805,-38.282890684446805,83934.58632818848,1531.31562737787,-1531.31562737787,1169528.4086666666,26380.180431901805,-26380.180431901805,12588.79715163188,12819.821813812823,12361.935760618893,2.653902486753224,2.7630002072988944,2.549112515659334,22.733788713333336,0.12185458983565445,-0.12185458983565445,1.5608816666666667,0.00018817102150247178,-0.00018817102150247178,17.850156403333333,0.10944645001455622,-0.10944645001455622,1.5629799999999998,0.00017585505395063992,-0.00017585505395063992,4.883632311333334,0.017562107892499974,-0.017562107892499974,22.68572218,0.12237979399023068,-0.12237979399023068,0.0,0.0,0.0,0.0,0.0,0.0,,0.4861725323543572,0.010250496508420652,0.6707954335237155,0.009277031349971961,0.0,0.4908062711891718,
004_210℃_320_1.0mm.csv,1.0,320,1.491605,0.300031515,1.49997,0.300236015,0.008365,1.493876601,22.8298507,1.560955,17.91729206,1.56299,4.912558644,22.78269831,210,0.008364999999999956,1193640.586,2092.050209205032,40.0,83682.00836820128,2.716953333847605,12552.301255230192,0.008071666666666625,0.00025526130402653903,-0.00025526130402653903,2169.499314752665,67.43365777320007,-67.43365777320007,86779.97259010661,2697.346310927995,-2697.346310927995,1135791.8046666665,50520.49716100468,-50520.49716100468,13012.754726827538,13427.280692671597,12611.025974379987,2.4921793222107085,2.687164533581412,2.311342568136963,22.914232246666668,0.07501925591508946,-0.07501925591508946,1.5610783333333333,0.00010866615541803954,-0.00010866615541803954,18.013914936666666,0.08538124377216574,-0.08538124377216574,1.5630983333333333,9.543758868140198e-05,-9.543758868140198e-05,4.900317309666667,0.010601309423769762,-0.010601309423769762,22.86769311,0.0755606342444848,-0.0755606342444848,5.220125786164269,-4.96114763897259,-4.96114763897259,7.208394527057427,-4.96114763897259,12.804807574697108,,-0.47782491155951357,-0.010569334836525744,-0.7091314492332129,-0.00927623014006082,0.37501783967136765,-0.4823458694712972,
005_210℃_320_1.0mm.csv,1.0,320,1.49167,0.300291767,1.49957,0.300097192,0.0079,1.40044851,22.93946116,1.56112,18.04525665,1.563135,4.894204504,22.89312234,210,0.007900000000000018,1100351.318,2215.1898734177166,40.0,88607.59493670866,2.365381064544223,13291.139240506298,0.008071666666666625,0.00025526130402653903,-0.00025526130402653903,2169.499314752665,67.43365777320007,-67.43365777320007,86779.97259010661,2697.346310927995,-2697.346310927995,1135791.8046666665,50520.49716100468,-50520.49716100468,13012.754726827538,13427.280692671597,12611.025974379987,2.4921793222107085,2.687164533581412,2.311342568136963,22.914232246666668,0.07501925591508946,-0.07501925591508946,1.5610783333333333,0.00010866615541803954,-0.00010866615541803954,18.013914936666666,0.08538124377216574,-0.08538124377216574,1.5630983333333333,9.543758868140198e-05,-9.543758868140198e-05,4.900317309666667,0.010601309423769762,-0.010601309423769762,22.86769311,0.0755606342444848,-0.0755606342444848,-0.6289308176086049,0.6329113924035878,0.6329113924035796,-1.1705034144074973,0.6329113924035741,-1.7920725753217186,,0.0,0.0,0.0,0.0,0.0,0.0,
006_210℃_320_1.0mm.csv,1.0,320,1.491675,0.30024748,1.499625,0.300298392,0.00795,1.413681902,22.97338488,1.56116,18.0791961,1.56317,4.894188781,22.92725868,210,0.007949999999999902,1113383.51,2201.2578616352475,40.0,88050.3144654099,2.4085439195918066,13207.547169811485,0.008071666666666625,0.00025526130402653903,-0.00025526130402653903,2169.499314752665,67.43365777320007,-67.43365777320007,86779.97259010661,2697.346310927995,-2697.346310927995,1135791.8046666665,50520.49716100468,-50520.49716100468,13012.754726827538,13427.280692671597,12611.025974379987,2.4921793222107085,2.687164533581412,2.311342568136963,22.914232246666668,0.07501925591508946,-0.07501925591508946,1.5610783333333333,0.00010866615541803954,-0.00010866615541803954,18.013914936666666,0.08538124377216574,-0.08538124377216574,1.5630983333333333,9.543758868140198e-05,-9.543758868140198e-05,4.900317309666667,0.010601309423769762,-0.010601309423769762,22.86769311,0.0755606342444848,-0.0755606342444848,0.0,0.0,0.0,0.0,0.0,0.0,,0.1478836828964149,0.002562262990675925,0.18807961924998098,0.0022390900338107233,-0.0003212575197234845,0.14911177030821685,
001_230℃_280_1.0mm.csv,1.0,280,1.49133,0.300043647,1.49958,0.3002322,0.00825,1.406588143,20.93824748,1.560265,16.42642392,1.562385,4.511823561,20.89266962,230,0.008249999999999869,1106355.943,2121.212121212155,40.0,84848.4848484862,2.483656198571389,12727.27272727293,0.008303333333333255,6.806859285548645e-05,-6.806859285548645e-05,2107.681393506877,17.214417597055945,-17.214417597055945,84307.2557402751,688.576703882245,-688.576703882245,1120793.733,15665.758571140903,-15665.758571140903,12645.806468469333,12749.707664823238,12542.751994164873,2.5321118652135213,2.5885820303745106,2.476873602119336,21.076687773333333,0.13432555624053794,-0.13432555624053794,1.5604433333333334,0.0001775058684475325,-0.0001775058684475325,16.549604400000003,0.12534635851073414,-0.12534635851073414,1.5625483333333332,0.00016250641013004595,-0.00016250641013004595,4.527083373666667,0.014217189884732816,-0.014217189884732816,21.03168787,0.1348806161044224,-0.1348806161044224,-0.3623188405820809,0.3636363636387677,0.3636363636387634,-1.0923310185767325,0.36363636363876056,-1.4506921380769997,,-0.6975824640297772,-0.011535171056978554,-0.7189653777097627,-0.010559662090825431,-0.38961247824054623,-0.7020515418388795,
002_230℃_280_1.0mm.csv,1.0,280,1.491355,0.300231385,1.499635,0.300197957,0.00828,1.418772436,21.20648076,1.56062,16.67700981,1.56271,4.529470945,21.16201003,230,0.008280000000000065,1118574.479,2113.5265700482923,40.0,84541.0628019317,2.520216785338796,12681.159420289754,0.008303333333333255,6.806859285548645e-05,-6.806859285548645e-05,2107.681393506877,17.214417597055945,-17.214417597055945,84307.2557402751,688.576703882245,-688.576703882245,1120793.733,15665.758571140903,-15665.758571140903,12645.806468469333,12749.707664823238,12542.751994164873,2.5321118652135213,2.5885820303745106,2.476873602119336,21.076687773333333,0.13432555624053794,-0.13432555624053794,1.5604433333333334,0.0001775058684475325,-0.0001775058684475325,16.549604400000003,0.12534635851073414,-0.12534635851073414,1.5625483333333332,0.00016250641013004595,-0.00016250641013004595,4.527083373666667,0.014217189884732816,-0.014217189884732816,21.03168787,0.1348806161044224,-0.1348806161044224,0.0,0.0,0.0,0.0,0.0,0.0,,0.5745494654951505,0.011214749638712943,0.7955715989389813,0.010239672330481453,0.0,0.5780601258571393,
003_230℃_280_1.0mm.csv,1.0,280,1.49134,0.300014024,1.49972,0.300228714,0.00838,1.437679491,21.08533508,1.560445,16.54537947,1.56255,4.539955615,21.04038396,230,0.008379999999999832,1137450.777,2088.305489260185,40.0,83532.2195704074,2.5936972819754582,12529.83293556111,0.008303333333333255,6.806859285548645e-05,-6.806859285548645e-05,2107.681393506877,17.214417597055945,-17.214417597055945,84307.2557402751,688.576703882245,-688.576703882245,1120793.733,15665.758571140903,-15665.758571140903,12645.806468469333,12749.707664823238,12542.751994164873,2.5321118652135213,2.5885820303745106,2.476873602119336,21.076687773333333,0.13432555624053794,-0.13432555624053794,1.5604433333333334,0.0001775058684475325,-0.0001775058684475325,16.549604400000003,0.12534635851073414,-0.12534635851073414,1.5625483333333332,0.00016250641013004595,-0.00016250641013004595,4.527083373666667,0.014217189884732816,-0.014217189884732816,21.03168787,0.1348806161044224,-0.1348806161044224,1.2077294685962097,-1.1933174224316068,-1.1933174224316068,1.6875316176420605,-1.1933174224316068,2.915641902876398,,0.0,0.0,0.0,0.0,0.23147670284923988,0.0,
004_230℃_320_1.0mm.csv,1.0,320,1.4913,0.300125255,1.500015,0.300140941,0.008715,1.503927067,21.20243423,1.560615,16.61492825,1.56265,4.587505976,21.15856379,230,0.008715000000000028,1203786.126,2008.0321285140496,40.0,80321.28514056199,2.8546928130857236,12048.192771084297,0.008395000000000005,0.00028844410203709986,-0.00028844410203709986,2086.195020568424,70.76967681305831,-70.76967681305831,83447.80082273694,2830.7870725223274,-2830.7870725223274,1152916.3526666667,47120.68065253906,-47120.68065253906,12512.327282223558,12946.95927686266,12092.285969977467,2.631185130892104,2.835408764318444,2.441670943586801,21.1206549,0.07083235762250513,-0.07083235762250513,1.5604933333333335,0.00010774197572597105,-0.00010774197572597105,16.56735089333333,0.04121066824365257,-0.04121066824365257,1.5625283333333335,0.00010610529361614064,-0.00010610529361614064,4.553304007,0.02962206198484781,-0.02962206198484781,21.076957566666668,0.07067708183401714,-0.07067708183401714,4.810583283225318,-4.589787722319874,-4.589787722319876,5.20753286331895,-4.589787722319871,10.26862885193557,,0.5764277923313011,0.010253419675681774,0.42661992631817736,0.010880139265782823,1.1227596553188535,0.5782959589090169,
005_230℃_320_1.0mm.csv,1.0,320,1.49144,0.300145652,1.499755,0.300042785,0.008315,1.444244244,21.07861251,1.560455,16.54277766,1.56248,4.53583486,21.03540071,230,0.00831499999999985,1144201.459,2104.63018641014,40.0,84185.20745640561,2.5888530970298853,12627.78111846084,0.008395000000000005,0.00028844410203709986,-0.00028844410203709986,2086.195020568424,70.76967681305831,-70.76967681305831,83447.80082273694,2830.7870725223274,-2830.7870725223274,1152916.3526666667,47120.68065253906,-47120.68065253906,12512.327282223558,12946.95927686266,12092.285969977467,2.631185130892104,2.835408764318444,2.441670943586801,21.1206549,0.07083235762250513,-0.07083235762250513,1.5604933333333335,0.00010774197572597105,-0.00010774197572597105,16.56735089333333,0.04121066824365257,-0.04121066824365257,1.5625283333333335,0.00010610529361614064,-0.00010610529361614064,4.553304007,0.02962206198484781,-0.02962206198484781,21.076957566666668,0.07067708183401714,-0.07067708183401714,0.0,0.0,0.0,0.0,0.0,0.0,,-0.010936193596388748,0.0,-0.009484266872640796,0.0,-0.01623087062834424,-0.0071659294496424965,
006_230℃_320_1.0mm.csv,1.0,320,1.49145,0.300183634,1.499605,0.30023403,0.008155,1.410995503,21.08091796,1.56041,16.54434677,1.562455,4.536571185,21.0369082,230,0.008155000000000134,1110761.4730000002,2145.9227467810806,40.0,85836.90987124323,2.4648326019905173,12875.536480686485,0.008395000000000005,0.00028844410203709986,-0.00028844410203709986,2086.195020568424,70.76967681305831,-70.76967681305831,83447.80082273694,2830.7870725223274,-2830.7870725223274,1152916.3526666667,47120.68065253906,-47120.68065253906,12512.327282223558,12946.95927686266,12092.285969977467,2.631185130892104,2.835408764318444,2.441670943586801,21.1206549,0.07083235762250513,-0.07083235762250513,1.5604933333333335,0.00010774197572597105,-0.00010774197572597105,16.56735089333333,0.04121066824365257,-0.04121066824365257,1.5625283333333335,0.00010610529361614064,-0.00010610529361614064,4.553304007,0.02962206198484781,-0.02962206198484781,21.076957566666668,0.07067708183401714,-0.07067708183401714,-1.9242333132858545,1.9619865113392216,1.9619865113392259,-2.922561034769647,1.9619865113392434,-4.790557455023346,,0.0,-0.002883774283773048,0.0,-0.0016000204802726293,0.0,0.0,
001_190℃_003_1.5mm.csv,1.5,3,1.02052,0.300017089,1.9184,0.300022614,0.89788,2.858128352,27.58541805,5.43076,19.79609531,5.75794,7.789322742,26.88061878,190,0.89788,2558105.738,19.490355058582438,60.0,1169.4213035149462,1406.2481510421062,77.96142023432975,0.8908066666666666,0.01663865779843244,-0.01663865779843244,19.64973099387193,0.37064979173667,-0.37064979173667,1178.983859632316,22.238987504200146,-22.238987504200146,2524613.4173333333,64313.18583696367,-64313.18583696367,78.5896625022648,80.07884739899934,77.12817120663335,1376.4416091179808,1438.9221537115106,1316.6740802651807,27.58808818,0.1720559448209416,-0.1720559448209416,5.462953333333334,0.03203124932520314,-0.03203124932520314,19.920912623333333,0.16521081937253043,-0.16521081937253043,5.793379999999999,0.04014685043686457,-0.04014685043686457,7.667175553666667,0.11579449859646235,-0.11579449859646235,26.985444496666663,0.2110529980105051,-0.2110529980105051,0.0,0.0,0.0,0.0,0.0,0.0,,0.0,-0.5952468114392797,-0.3136489840280493,-0.47154645804308554,1.778611591969691,0.0,
002_190℃_003_1.5mm.csv,1.5,3,1.01496,0.300011026,1.88676,0.300005088,0.8718,2.750471263,27.41738284,5.46328,19.85838092,5.78522,7.559001915,26.8473264,190,0.8717999999999999,2450466.1750000003,20.073411332874514,60.0,1204.4046799724708,1307.948823284694,80.29364533149806,0.8908066666666666,0.01663865779843244,-0.01663865779843244,19.64973099387193,0.37064979173667,-0.37064979173667,1178.983859632316,22.238987504200146,-22.238987504200146,2524613.4173333333,64313.18583696367,-64313.18583696367,78.5896625022648,80.07884739899934,77.12817120663335,1376.4416091179808,1438.9221537115106,1316.6740802651807,27.58808818,0.1720559448209416,-0.1720559448209416,5.462953333333334,0.03203124932520314,-0.03203124932520314,19.920912623333333,0.16521081937253043,-0.16521081937253043,5.793379999999999,0.04014685043686457,-0.04014685043686457,7.667175553666667,0.11579449859646235,-0.11579449859646235,26.985444496666663,0.2110529980105051,-0.2110529980105051,-2.9046197710161827,2.991511814636396,2.9915118146364015,-4.207783962994246,2.991511814636396,-6.990183609099645,,-0.6091450551716502,0.0,0.0,0.0,-1.2308585210577971,-0.12385272925625301,
003_190℃_003_1.5mm.csv,1.5,3,1.0167,0.300007173,1.91944,0.300030593,0.90274,2.865298932,27.76146365,5.49482,20.10826164,5.83698,7.653202004,27.22838831,190,0.9027400000000001,2565268.339,19.385426590158847,60.0,1163.125595409531,1417.8185757237918,77.54170636063539,0.8908066666666666,0.01663865779843244,-0.01663865779843244,19.64973099387193,0.37064979173667,-0.37064979173667,1178.983859632316,22.238987504200146,-22.238987504200146,2524613.4173333333,64313.18583696367,-64313.18583696367,78.5896625022648,80.07884739899934,77.12817120663335,1376.4416091179808,1438.9221537115106,1316.6740802651807,27.58808818,0.1720559448209416,-0.1720559448209416,5.462953333333334,0.03203124932520314,-0.03203124932520314,19.920912623333333,0.16521081937253043,-0.16521081937253043,5.793379999999999,0.04014685043686457,-0.04014685043686457,7.667175553666667,0.11579449859646235,-0.11579449859646235,26.985444496666663,0.2110529980105051,-0.2110529980105051,0.5412750033412134,-0.5383609898752779,-0.538360989875267,0.2799962837189124,-0.5383609898752779,0.8227868369541532,,0.6381835492973373,0.5773088693971329,1.258313661152191,0.8946937195128242,0.0,1.2937556714979788,
004_190℃_005_1.5mm.csv,1.5,5,0.43852,0.300003329,0.9298,0.300058085,0.49128,2.387084477,28.11764359,3.42776,20.99010272,3.43052,7.12754087,28.10579784,190,0.49127999999999994,2087026.3920000002,35.621234326656904,60.0,2137.274059599414,627.7434648133224,142.48493730662761,0.4937133333333333,0.004180063795366492,-0.004180063795366492,35.44735596925417,0.29865815805082924,-0.29865815805082924,2126.84135815525,17.919489483049535,-17.919489483049535,2092402.1446666664,8597.610329015853,-8597.610329015853,141.7860578319431,142.9886672829397,140.59356295519288,632.4590380114076,640.4448708390913,624.5727821010443,28.221866950000003,0.09104719697546618,-0.09104719697546618,3.427606666666667,0.0001331665623695654,-0.0001331665623695654,21.099996106666666,0.10435151819138262,-0.10435151819138262,3.4304666666666663,5.033222956834554e-05,-5.033222956834554e-05,7.121870844666667,0.031241946778957506,-0.031241946778957506,28.209263306666667,0.09040172892628492,-0.09040172892628492,-0.008141333550443703,0.008141996417535163,0.008141996417536494,-0.04002027030558594,0.008141996417535163,-0.048158345672349306,,-0.5108935109397282,0.006418597594779608,-0.5780573291029495,0.0017490365723532408,0.0,-0.5069663533089253,
005_190℃_005_1.5mm.csv,1.5,5,0.41702,0.300037558,0.91556,0.3000345,0.49854,2.402352582,28.26203248,3.42754,21.11214301,3.43046,7.149889476,28.24901082,190,0.49854000000000004,2102318.082,35.10249929795001,60.0,2106.149957877001,641.6875448573143,140.40999719180004,0.4937133333333333,0.004180063795366492,-0.004180063795366492,35.44735596925417,0.29865815805082924,-0.29865815805082924,2126.84135815525,17.919489483049535,-17.919489483049535,2092402.1446666664,8597.610329015853,-8597.610329015853,141.7860578319431,142.9886672829397,140.59356295519288,632.4590380114076,640.4448708390913,624.5727821010443,28.221866950000003,0.09104719697546618,-0.09104719697546618,3.427606666666667,0.0001331665623695654,-0.0001331665623695654,21.099996106666666,0.10435151819138262,-0.10435151819138262,3.4304666666666663,5.033222956834554e-05,-5.033222956834554e-05,7.121870844666667,0.031241946778957506,-0.031241946778957506,28.209263306666667,0.09040172892628492,-0.09040172892628492,1.469510705853631,-1.4482288281782953,-1.448228828178285,0.692388782254561,-1.4482288281782953,2.1720742153895434,,0.0,0.0,0.0,0.0,0.3135528284946956,0.0,
006_190℃_005_1.5mm.csv,1.5,5,0.41298,0.300041659,0.9043,0.300028923,0.49132,2.387890883,28.28592478,3.42752,21.19774259,3.43042,7.088182188,28.27298126,190,0.49132,2087861.9599999997,35.61833428315558,60.0,2137.100056989335,628.0459213391019,142.47333713262233,0.4937133333333333,0.004180063795366492,-0.004180063795366492,35.44735596925417,0.29865815805082924,-0.29865815805082924,2126.84135815525,17.919489483049535,-17.919489483049535,2092402.1446666664,8597.610329015853,-8597.610329015853,141.7860578319431,142.9886672829397,140.59356295519288,632.4590380114076,640.4448708390913,624.5727821010443,28.221866950000003,0.09104719697546618,-0.09104719697546618,3.427606666666667,0.0001331665623695654,-0.0001331665623695654,21.099996106666666,0.10435151819138262,-0.10435151819138262,3.4304666666666663,5.033222956834554e-05,-5.033222956834554e-05,7.121870844666667,0.031241946778957506,-0.031241946778957506,28.209263306666667,0.09040172892628492,-0.09040172892628492,0.0,0.0,0.0,0.0,0.0,0.0,,0.08453850591569337,-0.0005835088722562253,0.40545187648385594,-0.0011660243815774574,-0.5522056304953827,0.08485408622886047,
007_190℃_280_1.5mm.csv,1.5,280,1.48964,0.30019841,1.49963,0.300056105,0.00999,1.432698015,12.77867679,1.560455,9.999929571,1.56265,2.778747215,12.75204881,190,0.009989999999999943,1132641.91,1751.7517517517617,60.0,105105.1051051057,6.927607763816287,7007.007007007047,0.00963166666666663,0.0003252819289990095,-0.0003252819289990095,1818.2899623982146,60.70623111967602,-60.70623111967602,109097.39774389286,3642.3738671805627,-3642.3738671805627,1083918.834,43825.80845224903,-43825.80845224903,7270.436563600417,7518.757628858312,7030.316767022089,6.385944593135255,6.874438578185811,5.93216273340469,12.773627386666666,0.0054553233779157115,-0.0054553233779157115,1.5603883333333333,7.973915809278026e-05,-7.973915809278026e-05,10.020857840333333,0.01874736496709958,-0.01874736496709958,1.5625916666666668,6.934214687560029e-05,-6.934214687560029e-05,2.7527695443333333,0.02389562056993959,-0.02389562056993959,12.746791033333333,0.005456261619242897,-0.005456261619242897,4.607329842931921,-4.404404404404391,-4.404404404404398,5.716071330025455,-4.404404404404403,10.586759433188922,,0.03375886185291653,0.0028838574477125056,-0.2652938828382325,0.0025598197886894363,1.1249672311107026,0.038286149857177106,
008_190℃_280_1.5mm.csv,1.5,280,1.489805,0.300041471,1.49916,0.300231182,0.009355,1.347945848,12.76784106,1.56041,10.03611461,1.56261,2.731726446,12.74115588,190,0.009355000000000002,1047714.6660000001,1870.657402458578,60.0,112239.44414751467,6.0008392043449,7482.629609834312,0.00963166666666663,0.0003252819289990095,-0.0003252819289990095,1818.2899623982146,60.70623111967602,-60.70623111967602,109097.39774389286,3642.3738671805627,-3642.3738671805627,1083918.834,43825.80845224903,-43825.80845224903,7270.436563600417,7518.757628858312,7030.316767022089,6.385944593135255,6.874438578185811,5.93216273340469,12.773627386666666,0.0054553233779157115,-0.0054553233779157115,1.5603883333333333,7.973915809278026e-05,-7.973915809278026e-05,10.020857840333333,0.01874736496709958,-0.01874736496709958,1.5625916666666668,6.934214687560029e-05,-6.934214687560029e-05,2.7527695443333333,0.02389562056993959,-0.02389562056993959,12.746791033333333,0.005456261619242897,-0.005456261619242897,-2.041884816753364,2.08444681988183,2.084446819881822,-2.210683370907746,2.0844468198818173,-4.207428579564041,,-0.05106516333570091,0.0,0.09559908194514428,0.0,-0.5862261076135693,-0.04716757327284398,
009_190℃_280_1.5mm.csv,1.5,280,1.48974,0.300274045,1.49929,0.300025182,0.00955,1.371425108,12.77436431,1.5603,10.02652934,1.562515,2.747834972,12.74716841,190,0.009549999999999947,1071399.926,1832.4607329843034,60.0,109947.64397905821,6.264409771408128,7329.842931937214,0.00963166666666663,0.0003252819289990095,-0.0003252819289990095,1818.2899623982146,60.70623111967602,-60.70623111967602,109097.39774389286,3642.3738671805627,-3642.3738671805627,1083918.834,43825.80845224903,-43825.80845224903,7270.436563600417,7518.757628858312,7030.316767022089,6.385944593135255,6.874438578185811,5.93216273340469,12.773627386666666,0.0054553233779157115,-0.0054553233779157115,1.5603883333333333,7.973915809278026e-05,-7.973915809278026e-05,10.020857840333333,0.01874736496709958,-0.01874736496709958,1.5625916666666668,6.934214687560029e-05,-6.934214687560029e-05,2.7527695443333333,0.02389562056993959,-0.02389562056993959,12.746791033333333,0.005456261619242897,-0.005456261619242897,0.0,0.0,0.0,0.0,0.0,0.0,,0.0,-0.007049429316657449,0.0,-0.00607957199812853,0.0,0.0,
010_190℃_320_1.5mm.csv,1.5,320,1.48993,0.300275317,1.49912,0.300076692,0.00919,1.337674414,12.72049221,1.559535,9.960697855,1.561715,2.759794355,12.69313809,190,0.009190000000000031,1037597.7220000001,1904.243743199123,60.0,114254.62459194737,5.838075346028593,7616.974972796492,0.009208333333333337,9.87842767515518e-05,-9.87842767515518e-05,1900.5978922697732,20.33134613232516,-20.33134613232516,114035.8735361864,1219.8807679395109,-1219.8807679395109,1043485.1933333334,31068.215261873356,-31068.215261873356,7602.101031098091,7683.977741996895,7521.096758409379,5.880959409455802,6.123257373500839,5.648249202351122,12.785846456666667,0.06072595032080776,-0.06072595032080776,1.5597383333333334,0.00017785762095947849,-0.00017785762095947849,10.020884805,0.05328169445694318,-0.05328169445694318,1.5619016666666667,0.00016653327995743938,-0.00016653327995743938,2.7649616506666668,0.011835189362199195,-0.011835189362199195,12.758829676666666,0.060822969707901124,-0.060822969707901124,0.0,0.0,0.0,0.0,0.0,0.0,,-0.5941109266091877,-0.017950846735033194,-0.7891601149445251,-0.015365359437372907,0.0,-0.6031433996537768,
011_190℃_320_1.5mm.csv,1.5,320,1.489875,0.300116794,1.498995,0.300195575,0.00912,1.315977526,12.79651772,1.559815,10.03992897,1.561955,2.756588748,12.77016047,190,0.009120000000000017,1015781.9509999999,1918.8596491228034,60.0,115131.57894736821,5.6717947304816425,7675.438596491214,0.009208333333333337,9.87842767515518e-05,-9.87842767515518e-05,1900.5978922697732,20.33134613232516,-20.33134613232516,114035.8735361864,1219.8807679395109,-1219.8807679395109,1043485.1933333334,31068.215261873356,-31068.215261873356,7602.101031098091,7683.977741996895,7521.096758409379,5.880959409455802,6.123257373500839,5.648249202351122,12.785846456666667,0.06072595032080776,-0.06072595032080776,1.5597383333333334,0.00017785762095947849,-0.00017785762095947849,10.020884805,0.05328169445694318,-0.05328169445694318,1.5619016666666667,0.00016653327995743938,-0.00016653327995743938,2.7649616506666668,0.011835189362199195,-0.011835189362199195,12.758829676666666,0.060822969707901124,-0.060822969707901124,-0.7616974972798068,0.7675438596492777,0.7675438596492865,-2.10252687890926,0.7675438596492897,-2.8482094815728045,,0.0,0.0,0.0,0.0,-0.11615383567229391,0.0,
012_190℃_320_1.5mm.csv,1.5,320,1.49003,0.300133616,1.499345,0.300103719,0.009315,1.377179626,12.84052944,1.559865,10.06202759,1.562035,2.778501849,12.81319047,190,0.009314999999999962,1077075.907,1878.6902844873935,60.0,112721.4170692436,6.142629841043853,7514.761137949573,0.009208333333333337,9.87842767515518e-05,-9.87842767515518e-05,1900.5978922697732,20.33134613232516,-20.33134613232516,114035.8735361864,1219.8807679395109,-1219.8807679395109,1043485.1933333334,31068.215261873356,-31068.215261873356,7602.101031098091,7683.977741996895,7521.096758409379,5.880959409455802,6.123257373500839,5.648249202351122,12.785846456666667,0.06072595032080776,-0.06072595032080776,1.5597383333333334,0.00017785762095947849,-0.00017785762095947849,10.020884805,0.05328169445694318,-0.05328169445694318,1.5619016666666667,0.00016653327995743938,-0.00016653327995743938,2.7649616506666668,0.011835189362199195,-0.011835189362199195,12.758829676666666,0.060822969707901124,-0.060822969707901124,1.360174102284334,-1.3419216317759703,-1.3419216317759721,3.804767894430653,-1.3419216317759823,5.216693464267048,,0.34393513112720897,0.0032055083455477425,0.22010733408604496,0.005121786479129041,0.6778582602035957,0.3369573945533975,
001_210℃_003_1.5mm.csv,1.5,3,0.99398,0.300034235,1.87402,0.300000573,0.88004,2.647460256,28.73779334,6.3268,22.0295161,6.33028,6.708277241,28.73130207,210,0.88004,2347459.6829999997,19.885459751829462,60.0,1193.1275851097678,1264.8112772004,79.54183900731785,0.9005733333333333,0.018767347530573797,-0.018767347530573797,19.43773182867433,0.4078782677536341,-0.4078782677536341,1166.2639097204599,24.472696065218155,-24.472696065218155,2398560.7723333333,48703.75603528334,-48703.75603528334,77.73956772331344,79.38244274833507,76.13069314290392,1322.1233989092416,1377.7293159759138,1268.7617674050318,29.309688973333333,0.521850315377655,-0.521850315377655,6.325873333333334,0.019366634538125486,-0.019366634538125486,22.403020206666667,0.374465730915196,-0.374465730915196,6.3294,0.01947491720136434,-0.01947491720136434,6.906668768,0.17351670438192177,-0.17351670438192177,29.30264739333333,0.5212438244968527,-0.5212438244968527,-2.740816055877275,2.8180537248306794,2.8180537248306896,-2.342787468093278,2.8180537248306794,-5.0193920288899765,,-2.3561283654255027,0.0,-1.6587941596884708,0.0,-3.914935269435245,-2.355533872707129,
002_210℃_003_1.5mm.csv,1.5,3,0.98944,0.300020744,1.89428,0.300007616,0.90484,2.703782639,29.76004266,6.34476,22.77844021,6.34842,6.981602458,29.75223624,210,0.90484,2403775.023,19.340435878166307,60.0,1160.4261526899784,1331.652117435502,77.36174351266523,0.9005733333333333,0.018767347530573797,-0.018767347530573797,19.43773182867433,0.4078782677536341,-0.4078782677536341,1166.2639097204599,24.472696065218155,-24.472696065218155,2398560.7723333333,48703.75603528334,-48703.75603528334,77.73956772331344,79.38244274833507,76.13069314290392,1322.1233989092416,1377.7293159759138,1268.7617674050318,29.309688973333333,0.521850315377655,-0.521850315377655,6.325873333333334,0.019366634538125486,-0.019366634538125486,22.403020206666667,0.374465730915196,-0.374465730915196,6.3294,0.01947491720136434,-0.01947491720136434,6.906668768,0.17351670438192177,-0.17351670438192177,29.30264739333333,0.5212438244968527,-0.5212438244968527,0.0,0.0,0.0,0.0,0.0,0.0,,1.1172204821938143,0.28387178352404896,1.6844522251144256,0.28655920433219106,0.0,1.1141512720135167,
003_210℃_003_1.5mm.csv,1.5,3,0.9884,0.300012862,1.90524,0.300032734,0.91684,2.744480345,29.43123092,6.30606,22.40110431,6.3095,7.030126605,29.42440387,210,0.9168400000000001,2444447.6109999996,19.087299856027222,60.0,1145.2379913616332,1372.1432740832079,76.34919942410889,0.9005733333333333,0.018767347530573797,-0.018767347530573797,19.43773182867433,0.4078782677536341,-0.4078782677536341,1166.2639097204599,24.472696065218155,-24.472696065218155,2398560.7723333333,48703.75603528334,-48703.75603528334,77.73956772331344,79.38244274833507,76.13069314290392,1322.1233989092416,1377.7293159759138,1268.7617674050318,29.309688973333333,0.521850315377655,-0.521850315377655,6.325873333333334,0.019366634538125486,-0.019366634538125486,22.403020206666667,0.374465730915196,-0.374465730915196,6.3294,0.01947491720136434,-0.01947491720136434,6.906668768,0.17351670438192177,-0.17351670438192177,29.30264739333333,0.5212438244968527,-0.5212438244968527,1.3262013173599887,-1.3088434186990257,-1.3088434186990294,1.692029728690609,-1.3088434186990257,3.040670766602597,,0.0,-0.3278118480116327,0.0,-0.3282635207289447,0.6950287887617818,0.0,
004_210℃_005_1.5mm.csv,1.5,5,1.16884,0.300036775,1.66862,0.300008046,0.49978,2.251105666,23.08646035,4.17898,18.09296003,4.18128,4.993500318,23.07994081,210,0.4997799999999999,1951097.62,35.01540677898276,60.0,2100.9244067389654,597.0119807287347,140.06162711593103,0.50028,0.012837305013124831,-0.012837305013124831,34.99575326308229,0.8969497823477647,-0.8969497823477647,2099.7451957849376,53.81698694086595,-53.81698694086595,1940611.1620000002,66039.66676209737,-66039.66676209737,139.9523370659313,143.58816998041303,136.40856801007965,594.036261644004,630.5215489021066,559.662204666015,23.083394466666665,0.04939444819077874,-0.04939444819077874,4.179106666666667,0.004911225237487158,-0.004911225237487158,18.123284713333334,0.02879558775340792,-0.02879558775340792,4.181453333333334,0.004982261869204474,-0.004982261869204474,4.960109755333334,0.047364136537262465,-0.047364136537262465,23.07655505,0.04901376385306065,-0.04901376385306065,0.0,0.0,0.0,0.0,0.0,0.0,,0.0,0.0,-0.18578284249684568,0.0,0.2524360998616981,0.0,
005_210℃_005_1.5mm.csv,1.5,5,1.16454,0.300044169,1.6779,0.300002346,0.51336,2.300782535,23.13118456,4.18408,18.1502579,4.18652,4.980926661,23.12378815,210,0.51336,2000780.1890000002,34.08913822658563,60.0,2045.3482935951379,628.8492966275757,136.35655290634253,0.50028,0.012837305013124831,-0.012837305013124831,34.99575326308229,0.8969497823477647,-0.8969497823477647,2099.7451957849376,53.81698694086595,-53.81698694086595,1940611.1620000002,66039.66676209737,-66039.66676209737,139.9523370659313,143.58816998041303,136.40856801007965,594.036261644004,630.5215489021066,559.662204666015,23.083394466666665,0.04939444819077874,-0.04939444819077874,4.179106666666667,0.004911225237487158,-0.004911225237487158,18.123284713333334,0.02879558775340792,-0.02879558775340792,4.181453333333334,0.004982261869204474,-0.004982261869204474,4.960109755333334,0.047364136537262465,-0.047364136537262465,23.07655505,0.04901376385306065,-0.04901376385306065,2.717195566049092,-2.6453171263830595,-2.645317126383061,2.5463907336425393,-2.6453171263830595,5.332776715800442,,0.19372484704006093,0.12203934931489646,0.13031480152377817,0.1253204760264725,0.0,0.18998029657424947,
006_210℃_005_1.5mm.csv,1.5,5,1.16476,0.300047097,1.65246,0.300049092,0.4877,2.170004769,23.03253849,4.17426,18.12663621,4.17656,4.905902287,23.02593619,210,0.4877,1869955.6770000001,35.88271478367849,60.0,2152.9628870207093,558.353500207898,143.53085913471398,0.50028,0.012837305013124831,-0.012837305013124831,34.99575326308229,0.8969497823477647,-0.8969497823477647,2099.7451957849376,53.81698694086595,-53.81698694086595,1940611.1620000002,66039.66676209737,-66039.66676209737,139.9523370659313,143.58816998041303,136.40856801007965,594.036261644004,630.5215489021066,559.662204666015,23.083394466666665,0.04939444819077874,-0.04939444819077874,4.179106666666667,0.004911225237487158,-0.004911225237487158,18.123284713333334,0.02879558775340792,-0.02879558775340792,4.181453333333334,0.004982261869204474,-0.004982261869204474,4.960109755333334,0.047364136537262465,-0.047364136537262465,23.07655505,0.04901376385306065,-0.04901376385306065,-2.4170635079434692,2.476932540496181,2.4769325404961866,-4.158784376970331,2.476932540496201,-6.475327425364006,,-0.23356486521763004,-0.1129462213267313,0.0,-0.1128840929093444,-1.5062332595143553,-0.23398942156992739,
007_210℃_280_1.5mm.csv,1.5,280,1.48939,0.300178155,1.499495,0.300047916,0.010105,1.411471829,11.56040561,1.559675,9.014061376,1.561875,2.546344238,11.53604453,210,0.01010500000000003,1111423.913,1731.8159327065757,60.0,103908.95596239454,6.8760848821622655,6927.263730826303,0.00994333333333334,0.0001765172323977098,-0.0001765172323977098,1760.3445165594856,31.377733357639016,-31.377733357639016,105620.67099356913,1882.6640014583377,-1882.6640014583377,1089413.342,23413.76108265989,-23413.76108265989,7040.634348379694,7167.002866982266,6916.493958158006,6.630359453172176,6.896239892682137,6.374729876337254,11.597851293333335,0.06030895691431312,-0.06030895691431312,1.559785,0.00016116761461294995,-0.00016116761461294995,9.057886824666667,0.05520525882943327,-0.05520525882943327,1.5619866666666666,0.00016002603954785456,-0.00016002603954785456,2.5399644696666663,0.012094972116458557,-0.012094972116458557,11.573490456666667,0.060322320550509415,-0.060322320550509415,1.3540621865596367,-1.3359722909450327,-1.335972290945037,1.7783545972898878,-1.3359722909450327,3.156496810994368,,-0.04600108989095035,-0.002244006898718816,-0.28374022060555315,-0.0025609588229858864,0.0,-0.04596524853193832,
008_210℃_280_1.5mm.csv,1.5,280,1.48947,0.300175439,1.499225,0.300194559,0.009755,1.365006466,11.56572597,1.55971,9.039710671,1.561915,2.526015298,11.54134954,210,0.009754999999999958,1064811.9070000001,1793.9518195797104,60.0,107637.10917478263,6.359534787419362,7175.807278318842,0.00994333333333334,0.0001765172323977098,-0.0001765172323977098,1760.3445165594856,31.377733357639016,-31.377733357639016,105620.67099356913,1882.6640014583377,-1882.6640014583377,1089413.342,23413.76108265989,-23413.76108265989,7040.634348379694,7167.002866982266,6916.493958158006,6.630359453172176,6.896239892682137,6.374729876337254,11.597851293333335,0.06030895691431312,-0.06030895691431312,1.559785,0.00016116761461294995,-0.00016116761461294995,9.057886824666667,0.05520525882943327,-0.05520525882943327,1.5619866666666666,0.00016002603954785456,-0.00016002603954785456,2.5399644696666663,0.012094972116458557,-0.012094972116458557,11.573490456666667,0.060322320550509415,-0.060322320550509415,-2.156469408225431,2.2039979497701405,2.2039979497701423,-2.4901276799660863,2.2039979497701405,-4.592898246547293,,0.0,0.0,0.0,0.0,-0.7983578848697748,0.0,
009_210℃_280_1.5mm.csv,1.5,280,1.489415,0.300193454,1.499385,0.300244509,0.00997,1.392248715,11.6674223,1.55997,9.119888427,1.56217,2.547533873,11.6430773,210,0.009970000000000034,1092004.206,1755.2657973921705,60.0,105315.94784353023,6.665682816624513,7021.063189568682,0.00994333333333334,0.0001765172323977098,-0.0001765172323977098,1760.3445165594856,31.377733357639016,-31.377733357639016,105620.67099356913,1882.6640014583377,-1882.6640014583377,1089413.342,23413.76108265989,-23413.76108265989,7040.634348379694,7167.002866982266,6916.493958158006,6.630359453172176,6.896239892682137,6.374729876337254,11.597851293333335,0.06030895691431312,-0.06030895691431312,1.559785,0.00016116761461294995,-0.00016116761461294995,9.057886824666667,0.05520525882943327,-0.05520525882943327,1.5619866666666666,0.00016002603954785456,-0.00016002603954785456,2.5399644696666663,0.012094972116458557,-0.012094972116458557,11.573490456666667,0.060322320550509415,-0.060322320550509415,0.0,0.0,0.0,0.0,0.0,0.0,,0.8792905025053029,0.01666976553334588,0.8869504668685367,0.01632611249652614,0.046719331276834225,0.8814199730060275,
010_210℃_320_1.5mm.csv,1.5,320,1.48962,0.300120243,1.49889,0.300289486,0.00927,1.30438764,11.50553644,1.55904,8.972691772,1.561195,2.532844673,11.48130186,210,0.009270000000000111,1004098.154,1887.810140237302,60.0,113268.60841423812,5.698769318926598,7551.240560949208,0.00928000000000003,9.041570660004237e-05,-9.041570660004237e-05,1885.8950240885276,18.345922195203837,-18.345922195203837,113153.70144531166,1100.7553317122315,-1100.7553317122315,1016484.2956666667,16380.162010659787,-16380.162010659787,7543.341891816954,7617.139782565758,7470.258984491645,5.774610485987222,5.9185614434505025,5.634160696561578,11.489373506666666,0.014737106848137588,-0.014737106848137588,1.5589916666666668,4.536885862943066e-05,-4.536885862943066e-05,8.967656547333332,0.004667076454808346,-0.004667076454808346,1.5611233333333334,6.211548384530339e-05,-6.211548384530339e-05,2.521716961333333,0.01149884060398442,-0.01149884060398442,11.465626366666667,0.014257077107705612,-0.014257077107705612,0.0,0.0,0.0,-0.6136705859404213,0.0,0.0,,0.17094356149579748,0.003527936445823162,0.06568184355371462,0.006726069605213135,0.41302700129438813,0.16713617639474895,
011_210℃_320_1.5mm.csv,1.5,320,1.48973,0.300121222,1.498925,0.300157718,0.009195,1.310455774,11.47668205,1.558985,8.966802211,1.56109,2.50987984,11.45343277,210,0.009195000000000064,1010298.0559999999,1903.2082653615962,60.0,114192.49592169578,5.687565688726569,7612.833061446386,0.00928000000000003,9.041570660004237e-05,-9.041570660004237e-05,1885.8950240885276,18.345922195203837,-18.345922195203837,113153.70144531166,1100.7553317122315,-1100.7553317122315,1016484.2956666667,16380.162010659787,-16380.162010659787,7543.341891816954,7617.139782565758,7470.258984491645,5.774610485987222,5.9185614434505025,5.634160696561578,11.489373506666666,0.014737106848137588,-0.014737106848137588,1.5589916666666668,4.536885862943066e-05,-4.536885862943066e-05,8.967656547333332,0.004667076454808346,-0.004667076454808346,1.5611233333333334,6.211548384530339e-05,-6.211548384530339e-05,2.521716961333333,0.01149884060398442,-0.01149884060398442,11.465626366666667,0.014257077107705612,-0.014257077107705612,-0.8090614886736393,0.8156606851554803,0.8156606851554908,0.0,0.8156606851554924,-0.19659736292220023,,-0.08027214559133096,0.0,0.0,0.0,-0.4973992955451827,-0.07600410222364776,
012_210℃_320_1.5mm.csv,1.5,320,1.489695,0.300101677,1.49907,0.300120607,0.009375,1.335177284,11.48590203,1.55895,8.963475659,1.561085,2.522426371,11.46214447,210,0.009374999999999911,1035056.677,1866.6666666666843,60.0,112000.00000000105,5.9410140899234145,7466.666666666736,0.00928000000000003,9.041570660004237e-05,-9.041570660004237e-05,1885.8950240885276,18.345922195203837,-18.345922195203837,113153.70144531166,1100.7553317122315,-1100.7553317122315,1016484.2956666667,16380.162010659787,-16380.162010659787,7543.341891816954,7617.139782565758,7470.258984491645,5.774610485987222,5.9185614434505025,5.634160696561578,11.489373506666666,0.014737106848137588,-0.014737106848137588,1.5589916666666668,4.536885862943066e-05,-4.536885862943066e-05,8.967656547333332,0.004667076454808346,-0.004667076454808346,1.5611233333333334,6.211548384530339e-05,-6.211548384530339e-05,2.521716961333333,0.01149884060398442,-0.01149884060398442,11.465626366666667,0.014257077107705612,-0.014257077107705612,1.1326860841402204,-1.1199999999978791,-1.1199999999978816,2.4506254221675117,-1.1199999999978911,4.250826054535657,,0.0,-0.0022450504655277146,-0.037098532138002835,-0.0003202890288217051,0.0,0.0,
001_230℃_003_1.5mm.csv,1.5,3,0.9612,0.300022247,1.81326,0.300011442,0.85206,2.368984721,26.45611821,6.27324,21.08184665,6.27576,5.374271552,26.45084093,230,0.85206,2068973.2789999996,20.53845973288266,60.0,1232.3075839729597,1079.3200237375956,82.15383893153064,0.8614799999999999,0.008157965432630846,-0.008157965432630846,20.315099628137986,0.19343566552406502,-0.19343566552406502,1218.9059776882793,11.606139931443787,-11.606139931443787,2083658.3949999998,14318.804507831377,-14318.804507831377,81.25795163977507,82.03324273077214,80.48998777681108,1098.9477026479735,1116.5819803603522,1081.591924639071,26.550857750000002,0.1290089742148495,-0.1290089742148495,6.2902,0.024460678649620454,-0.024460678649620454,21.17015635,0.12173492124007704,-0.12173492124007704,6.292926666666666,0.02449697396278416,-0.02449697396278416,5.380701399666666,0.007380992190638018,-0.007380992190638018,26.54458432,0.12884789230591465,-0.12884789230591465,-1.630146158996965,1.657160293876018,1.6571602938760155,-0.7411293594390589,1.657160293876018,-2.3614484899603485,,-0.1605821704937037,-0.0936436952948732,-0.1787541058781823,-0.09996752647229697,-0.0892346747254637,-0.1531083209996791,
002_230℃_003_1.5mm.csv,1.5,3,0.95624,0.300005292,1.82244,0.300028224,0.8662,2.384449763,26.49867035,6.27912,21.1195988,6.28204,5.379071549,26.49140147,230,0.8662000000000001,2084421.539,20.20318633110136,60.0,1212.1911798660817,1105.4240431113062,80.81274532440544,0.8614799999999999,0.008157965432630846,-0.008157965432630846,20.315099628137986,0.19343566552406502,-0.19343566552406502,1218.9059776882793,11.606139931443787,-11.606139931443787,2083658.3949999998,14318.804507831377,-14318.804507831377,81.25795163977507,82.03324273077214,80.48998777681108,1098.9477026479735,1116.5819803603522,1081.591924639071,26.550857750000002,0.1290089742148495,-0.1290089742148495,6.2902,0.024460678649620454,-0.024460678649620454,21.17015635,0.12173492124007704,-0.12173492124007704,6.292926666666666,0.02449697396278416,-0.02449697396278416,5.380701399666666,0.007380992190638018,-0.007380992190638018,26.54458432,0.12884789230591465,-0.12884789230591465,0.002308988893778548,-0.0023089355807074754,-0.002308935580707475,0.0,-0.0023089355807074754,0.0,,0.0,0.0,0.0,0.0,0.0,0.0,
003_230℃_003_1.5mm.csv,1.5,3,0.9595,0.300029026,1.82568,0.30002976,0.86618,2.397610127,26.69778469,6.31824,21.3090236,6.32098,5.388761098,26.69151056,230,0.86618,2097580.367,20.203652820429934,60.0,1212.2191692257961,1112.3768340539143,80.81461128171973,0.8614799999999999,0.008157965432630846,-0.008157965432630846,20.315099628137986,0.19343566552406502,-0.19343566552406502,1218.9059776882793,11.606139931443787,-11.606139931443787,2083658.3949999998,14318.804507831377,-14318.804507831377,81.25795163977507,82.03324273077214,80.48998777681108,1098.9477026479735,1116.5819803603522,1081.591924639071,26.550857750000002,0.1290089742148495,-0.1290089742148495,6.2902,0.024460678649620454,-0.024460678649620454,21.17015635,0.12173492124007704,-0.12173492124007704,6.292926666666666,0.02449697396278416,-0.02449697396278416,5.380701399666666,0.007380992190638018,-0.007380992190638018,26.54458432,0.12884789230591465,-0.12884789230591465,0.0,0.0,0.0,0.6312939947028622,0.0,0.6289704829504967,,0.7514125704046797,0.6230172380843254,0.8969147652558682,0.6198623377119423,0.18013422784460464,0.7553737397646315,
004_230℃_005_1.5mm.csv,1.5,5,1.13844,0.300014143,1.64244,0.300013457,0.504,2.08466426,19.26219776,4.14488,15.52522855,4.147,3.736969215,19.25777956,230,0.504,1784650.8029999998,34.72222222222222,60.0,2083.3333333333335,550.692247782857,138.88888888888889,0.5043666666666667,0.004481264702439841,-0.004481264702439841,34.698803910497624,0.3079746376333011,-0.3079746376333011,2081.928234629858,18.478478257998145,-18.478478257998145,1778036.5223333333,19814.95792873866,-19814.95792873866,138.7915684647933,140.02957972841247,137.5645025449495,549.0131778372775,559.9507845512452,538.2892171149397,19.249225633333335,0.030679223742586546,-0.030679223742586546,4.149286666666666,0.0043132509008095695,-0.0043132509008095695,15.517665749999999,0.025375422982723397,-0.025375422982723397,4.151726666666667,0.004623692608006489,-0.004623692608006489,3.7315598846666664,0.006181307656348296,-0.006181307656348296,19.24334727333333,0.03179009129622137,-0.03179009129622137,0.0,0.0,0.0,0.0,0.0,0.0,,0.0,-0.11085726404272192,0.0,-0.11898052476672352,0.10933261468259545,0.0,
005_230℃_005_1.5mm.csv,1.5,5,1.13572,0.300001229,1.64474,0.300024442,0.50902,2.093722773,19.27128791,4.14948,15.53839996,4.15194,3.732887951,19.26536111,230,0.50902,1793698.331,34.37978861341401,60.0,2062.7873168048404,558.9969333340531,137.51915445365603,0.5043666666666667,0.004481264702439841,-0.004481264702439841,34.698803910497624,0.3079746376333011,-0.3079746376333011,2081.928234629858,18.478478257998145,-18.478478257998145,1778036.5223333333,19814.95792873866,-19814.95792873866,138.7915684647933,140.02957972841247,137.5645025449495,549.0131778372775,559.9507845512452,538.2892171149397,19.249225633333335,0.030679223742586546,-0.030679223742586546,4.149286666666666,0.0043132509008095695,-0.0043132509008095695,15.517665749999999,0.025375422982723397,-0.025375422982723397,4.151726666666667,0.004623692608006489,-0.004623692608006489,3.7315598846666664,0.006181307656348296,-0.006181307656348296,19.24334727333333,0.03179009129622137,-0.03179009129622137,0.9960317460317509,-0.9862087933676572,-0.9862087933676665,0.5069634902688673,-0.9862087933676572,1.5080447536045138,,0.04719165545521967,0.0,0.08483875105336207,0.0,0.0,0.03936876510804322,
006_230℃_005_1.5mm.csv,1.5,5,1.13634,0.300039399,1.63642,0.300029297,0.50008,2.05578973,19.21419123,4.1535,15.48936874,4.15624,3.724822488,19.20690115,230,0.5000800000000001,1755760.4329999997,34.99440089585666,60.0,2099.6640537513995,537.5636800008001,139.97760358342663,0.5043666666666667,0.004481264702439841,-0.004481264702439841,34.698803910497624,0.3079746376333011,-0.3079746376333011,2081.928234629858,18.478478257998145,-18.478478257998145,1778036.5223333333,19814.95792873866,-19814.95792873866,138.7915684647933,140.02957972841247,137.5645025449495,549.0131778372775,559.9507845512452,538.2892171149397,19.249225633333335,0.030679223742586546,-0.030679223742586546,4.149286666666666,0.0043132509008095695,-0.0043132509008095695,15.517665749999999,0.025375422982723397,-0.025375422982723397,4.151726666666667,0.004623692608006489,-0.004623692608006489,3.7315598846666664,0.006181307656348296,-0.006181307656348296,19.24334727333333,0.03179009129622137,-0.03179009129622137,-0.7777777777777626,0.7838745800671745,0.7838745800671676,-1.6188248116345993,0.7838745800671745,-2.384011729766271,,-0.24922664899479546,0.09687960901126355,-0.23097766248342816,0.10356604382531147,-0.2160649637993885,-0.2641966579868737,
007_230℃_280_1.5mm.csv,1.5,280,1.48919,0.300162439,1.499295,0.300159553,0.010105,1.381470929,10.38481838,1.55845,8.075508449,1.560715,2.309309932,10.36157586,230,0.01010500000000003,1081311.376,1731.8159327065757,60.0,103908.95596239454,6.689786604783694,6927.263730826303,0.009846666666666707,0.00028558419657486085,-0.00028558419657486085,1778.2558229700235,51.96429666391331,-51.96429666391331,106695.34937820141,3117.857799834796,-3117.857799834796,1036236.281,44118.52685693997,-44118.52685693997,7111.008694562477,7321.095616048196,6906.95044923318,6.241495299240169,6.7032704337944615,5.811530946750942,10.465786933333334,0.081528314271298,-0.081528314271298,1.55874,0.00030899029110958867,-0.00030899029110958867,8.165242899,0.08396078823741106,-0.08396078823741106,1.56099,0.00030310889132449496,-0.00030310889132449496,2.3005440323333333,0.012403275193225436,-0.012403275193225436,10.442874556666666,0.08172942225137227,-0.08172942225137227,2.122283981809437,-2.078179119248318,-2.078179119248328,4.549634306959254,-2.0781791192483303,6.768474448896214,,-0.763141728600657,-0.016359734523217432,-1.2571993951097684,-0.014414391328297034,0.1448481690139717,-0.770386874031408,
008_230℃_280_1.5mm.csv,1.5,280,1.489215,0.300005458,1.498755,0.300175036,0.00954,1.293316015,10.46467871,1.558705,8.178326318,1.56094,2.286352388,10.44201981,230,0.009540000000000104,993140.979,1834.3815513626635,60.0,110062.8930817598,5.800754044689859,7337.526205450654,0.009846666666666707,0.00028558419657486085,-0.00028558419657486085,1778.2558229700235,51.96429666391331,-51.96429666391331,106695.34937820141,3117.857799834796,-3117.857799834796,1036236.281,44118.52685693997,-44118.52685693997,7111.008694562477,7321.095616048196,6906.95044923318,6.241495299240169,6.7032704337944615,5.811530946750942,10.465786933333334,0.081528314271298,-0.081528314271298,1.55874,0.00030899029110958867,-0.00030899029110958867,8.165242899,0.08396078823741106,-0.08396078823741106,1.56099,0.00030310889132449496,-0.00030310889132449496,2.3005440323333333,0.012403275193225436,-0.012403275193225436,10.442874556666666,0.08172942225137227,-0.08172942225137227,-3.5876705406759335,3.7211740041916066,3.721174004191595,-3.9753687288447503,3.7211740041915937,-7.420416136752671,,0.0,0.0,0.0,0.0,-0.8507218609569828,0.0,
009_230℃_280_1.5mm.csv,1.5,280,1.489115,0.30019283,1.49901,0.300288942,0.009895,1.33454543,10.54786371,1.559065,8.24189393,1.561315,2.305969777,10.525028,230,0.009894999999999987,1034256.488,1768.569984840831,60.0,106114.19909044987,6.265694662506114,7074.279939363325,0.009846666666666707,0.00028558419657486085,-0.00028558419657486085,1778.2558229700235,51.96429666391331,-51.96429666391331,106695.34937820141,3117.857799834796,-3117.857799834796,1036236.281,44118.52685693997,-44118.52685693997,7111.008694562477,7321.095616048196,6906.95044923318,6.241495299240169,6.7032704337944615,5.811530946750942,10.465786933333334,0.081528314271298,-0.081528314271298,1.55874,0.00030899029110958867,-0.00030899029110958867,8.165242899,0.08396078823741106,-0.08396078823741106,1.56099,0.00030310889132449496,-0.00030310889132449496,2.3005440323333333,0.012403275193225436,-0.012403275193225436,10.442874556666666,0.08172942225137227,-0.08172942225137227,0.0,0.0,0.0,0.0,0.0,0.0,,0.7949121258783519,0.02309609579746751,0.7772692055597181,0.024023985547171205,0.0,0.7949438088645135,
010_230℃_320_1.5mm.csv,1.5,320,1.489295,0.300033159,1.49838,0.300147195,0.009085,1.229996217,10.55263951,1.55845,8.267148991,1.560625,2.285490522,10.53046167,230,0.00908500000000001,929849.0220000001,1926.2520638414949,60.0,115575.1238304897,5.172047978491843,7705.0082553659795,0.009238333333333385,0.0001692877235162798,-0.0001692877235162798,1894.7033702296364,34.56969146469858,-34.56969146469858,113682.2022137782,2074.181487881911,-2074.181487881911,950786.9073333334,22980.91922285219,-22980.91922285219,7577.970061036201,7717.813751705059,7440.660281970944,5.376123555483646,5.608934041071318,5.152976353828837,10.54407319,0.05188184046896198,-0.05188184046896198,1.5584833333333332,0.00020702254305589716,-0.00020702254305589716,8.243845544666668,0.06145002802380795,-0.06145002802380795,1.5606683333333333,0.00019367068268931744,-0.00019367068268931744,2.300227647333333,0.01441114060317712,-0.01441114060317712,10.521593399999999,0.052284653417801995,-0.052284653417801995,-1.35722041259664,1.375894331317028,1.3758943313170342,-1.825345112940186,1.375894331317028,-3.157791569063659,,0.0,0.0,0.0,0.0,-0.6698616317524451,0.0,
011_230℃_320_1.5mm.csv,1.5,320,1.48928,0.300092568,1.49849,0.300150345,0.00921,1.247287896,10.59113873,1.558705,8.290235341,1.56088,2.300903391,10.56887677,230,0.009210000000000163,947137.551,1900.1085776329742,60.0,114006.51465797845,5.340696027373563,7600.434310531897,0.009238333333333385,0.0001692877235162798,-0.0001692877235162798,1894.7033702296364,34.56969146469858,-34.56969146469858,113682.2022137782,2074.181487881911,-2074.181487881911,950786.9073333334,22980.91922285219,-22980.91922285219,7577.970061036201,7717.813751705059,7440.660281970944,5.376123555483646,5.608934041071318,5.152976353828837,10.54407319,0.05188184046896198,-0.05188184046896198,1.5584833333333332,0.00020702254305589716,-0.00020702254305589716,8.243845544666668,0.06145002802380795,-0.06145002802380795,1.5606683333333333,0.00019367068268931744,-0.00019367068268931744,2.300227647333333,0.01441114060317712,-0.01441114060317712,10.521593399999999,0.052284653417801995,-0.052284653417801995,0.0,0.0,0.0,0.0,0.0,0.0,,0.364830239519859,0.016362411370279203,0.27925406963312815,0.01633960752904229,0.0,0.36479977045488765,
012_230℃_320_1.5mm.csv,1.5,320,1.489245,0.300182333,1.498665,0.300214809,0.00942,1.275588958,10.48844133,1.558295,8.174152302,1.5605,2.314289029,10.46544176,230,0.009419999999999984,975374.1489999999,1857.7494692144405,60.0,111464.96815286644,5.625321112395907,7430.997876857762,0.009238333333333385,0.0001692877235162798,-0.0001692877235162798,1894.7033702296364,34.56969146469858,-34.56969146469858,113682.2022137782,2074.181487881911,-2074.181487881911,950786.9073333334,22980.91922285219,-22980.91922285219,7577.970061036201,7717.813751705059,7440.660281970944,5.376123555483646,5.608934041071318,5.152976353828837,10.54407319,0.05188184046896198,-0.05188184046896198,1.5584833333333332,0.00020702254305589716,-0.00020702254305589716,8.243845544666668,0.06145002802380795,-0.06145002802380795,1.5606683333333333,0.00019367068268931744,-0.00019367068268931744,2.300227647333333,0.01441114060317712,-0.01441114060317712,10.521593399999999,0.052284653417801995,-0.052284653417801995,2.28013029315763,-2.2292993630554387,-2.2292993630554325,2.9812563096233826,-2.2292993630554387,5.329363131013399,,-0.6083613482594934,-0.009945779460355174,-1.1248943148507433,-0.008009611533836171,0.5817557596011369,-0.6174459585683121,
001_190℃_003_2.0mm.csv,2.0,3,0.61266,0.300002,1.66856,0.300008559,1.0559,1.770445409,18.9702443,6.85546,14.56719432,6.85834,4.403049976,18.96476124,190,1.0559,1470436.85,16.573539160905387,80.0,1325.883132872431,1689.9420624925174,49.72061748271616,1.0529733333333333,0.01901963546794037,-0.01901963546794037,16.623234993613014,0.30153076327221906,-0.30153076327221906,1329.8587994890413,24.122461061777503,-24.122461061777503,1463395.3433333335,27780.69348519238,-27780.69348519238,49.86425079044086,50.77509926827378,48.96974191531727,1676.8024771478047,1740.2094500479477,1615.7058262679495,17.44521641333333,2.5424540071047512,-2.5424540071047512,6.296446666666667,0.9602485347728122,-0.9602485347728122,13.34171519,2.0072203646076865,-2.0072203646076865,6.299066666666666,0.9606988627729991,-0.9606988627729991,4.103501223666666,0.5357988166833688,-0.5357988166833688,17.440768173333336,2.540847881230581,-2.540847881230581,0.0,0.0,0.0,0.0,0.0,0.0,,0.6100918461253887,0.13496498797876985,0.9320620047643774,0.13490823611861613,0.0,0.6091089005352082,
002_190℃_003_2.0mm.csv,2.0,3,0.6063,0.300013876,1.67666,0.30001377,1.07036,1.786991493,18.8552102,6.84622,14.43267286,6.8491,4.422537343,18.84994455,190,1.07036,1486977.7229999998,16.349639373668673,80.0,1307.971149893494,1732.3553475812566,49.048918121006025,1.0529733333333333,0.01901963546794037,-0.01901963546794037,16.623234993613014,0.30153076327221906,-0.30153076327221906,1329.8587994890413,24.122461061777503,-24.122461061777503,1463395.3433333335,27780.69348519238,-27780.69348519238,49.86425079044086,50.77509926827378,48.96974191531727,1676.8024771478047,1740.2094500479477,1615.7058262679495,17.44521641333333,2.5424540071047512,-2.5424540071047512,6.296446666666667,0.9602485347728122,-0.9602485347728122,13.34171519,2.0072203646076865,-2.0072203646076865,6.299066666666666,0.9606988627729991,-0.9606988627729991,4.103501223666666,0.5357988166833688,-0.5357988166833688,17.440768173333336,2.540847881230581,-2.540847881230581,1.3694478643810888,-1.3509473448185525,-1.3509473448185398,1.1248951629578428,-1.3509473448185312,2.509747880124562,,0.0,0.0,0.0,0.0,0.442587913065286,0.0,
003_190℃_003_2.0mm.csv,2.0,3,0.61196,0.300014946,1.64462,0.30000005,1.03266,1.732771507,14.51019474,5.18766,11.02527839,5.18976,3.484916352,14.50759873,190,1.03266,1432771.4570000002,16.946526446264986,80.0,1355.7221157011988,1610.411725480947,50.839579338794955,1.0529733333333333,0.01901963546794037,-0.01901963546794037,16.623234993613014,0.30153076327221906,-0.30153076327221906,1329.8587994890413,24.122461061777503,-24.122461061777503,1463395.3433333335,27780.69348519238,-27780.69348519238,49.86425079044086,50.77509926827378,48.96974191531727,1676.8024771478047,1740.2094500479477,1615.7058262679495,17.44521641333333,2.5424540071047512,-2.5424540071047512,6.296446666666667,0.9602485347728122,-0.9602485347728122,13.34171519,2.0072203646076865,-2.0072203646076865,6.299066666666666,0.9606988627729991,-0.9606988627729991,4.103501223666666,0.5357988166833688,-0.5357988166833688,17.440768173333336,2.540847881230581,-2.540847881230581,-2.2009660005682496,2.250498712064005,2.250498712064005,-2.561510411004724,2.250498712064005,-4.706098438325747,,-23.04411042842683,-24.225923210180213,-23.60889422945044,-24.22712473171658,-20.852219007381994,-23.03638511233711,CH03_最大圧力(MPa)・CH03_最大圧力時間(s)・CH04_最大圧力(MPa)・CH04_最大圧力時間(s)・最大圧力差(MPa)・先行列圧力@後発列最大時(MPa)
004_190℃_005_2.0mm.csv,2.0,5,0.91734,0.30002913,1.53648,0.300014071,0.61914,1.588061122,12.97396549,4.49672,10.16707002,4.49872,2.806895469,12.97146567,190,0.61914,1288047.051,28.26501275963433,80.0,2261.2010207707463,868.0070216665471,84.79503827890298,0.6383000000000001,0.027096331855068476,-0.027096331855068476,27.44130083119063,1.1649045806935732,-1.1649045806935732,2195.3040664952505,93.19236645548582,-93.19236645548582,1332419.799,62752.54202136358,-62752.54202136358,82.28680580567934,85.8562436149395,78.86576589665015,924.766021181906,1011.427914245524,845.529554689565,12.971602709999999,0.003341475520902501,-0.003341475520902501,4.50476,0.011370277041480066,-0.011370277041480066,10.136667805,0.042995224779183466,-0.042995224779183466,4.506919999999999,0.011596551211459673,-0.011596551211459673,2.8349349090000002,0.03965375632934638,-0.03965375632934638,12.968770085,0.003812132865529637,-0.003812132865529637,0.0,0.0,0.0,-5.215473883172449,0.0,0.0,,0.03643667651693223,0.0,0.6016508220421806,0.0,0.0,0.04157904537723511,
005_190℃_005_2.0mm.csv,2.0,5,0.91372,0.3000072,1.57118,0.300004706,0.65746,1.676797253,12.96923993,4.5128,10.10626559,4.51512,2.862974349,12.9660745,190,0.65746,1376792.547,26.617588902746935,80.0,2129.4071122197547,985.2364930074776,79.85276670824081,0.6383000000000001,0.027096331855068476,-0.027096331855068476,27.44130083119063,1.1649045806935732,-1.1649045806935732,2195.3040664952505,93.19236645548582,-93.19236645548582,1332419.799,62752.54202136358,-62752.54202136358,82.28680580567934,85.8562436149395,78.86576589665015,924.766021181906,1011.427914245524,845.529554689565,12.971602709999999,0.003341475520902501,-0.003341475520902501,4.50476,0.011370277041480066,-0.011370277041480066,10.136667805,0.042995224779183466,-0.042995224779183466,4.506919999999999,0.011596551211459673,-0.011596551211459673,2.8349349090000002,0.03965375632934638,-0.03965375632934638,12.968770085,0.003812132865529637,-0.003812132865529637,6.189230222566789,-5.8284914671615,-5.828491467161494,1.315110365929503,-5.828491467161482,13.505590210071519,,0.0,0.35759397961181794,0.0,0.36454813813706943,1.9978969868792014,0.0,
007_190℃_280_2.0mm.csv,2.0,280,1.487595,0.300090518,1.4989,0.300225157,0.011305,1.346471189,7.729843481,1.560165,5.981561578,1.5627,1.748281903,7.711904628,190,0.011304999999999898,1046246.032,1547.987616099085,80.0,123839.0092879268,12.87380831756179,4643.962848297255,0.01158999999999999,0.0003192569498069486,-0.0003192569498069486,1510.6809936800698,41.315913733367225,-41.315913733367225,120854.47949440556,3305.2730986693828,-3305.2730986693828,1072414.4370000002,31733.73603056297,-31733.73603056297,4530.907586569832,4657.005191940775,4408.224322696254,13.521148251957468,14.311675501645137,12.774286982009691,7.78803693,0.05142365529556752,-0.05142365529556752,1.5603449999999999,0.0001670329308848733,-0.0001670329308848733,6.022576484666668,0.04190605905106743,-0.04190605905106743,1.56288,0.0001653027525482308,-0.0001653027525482308,1.7654604456666665,0.019121093364028376,-0.019121093364028376,7.770026431333332,0.051370752805809126,-0.051370752805809126,-1.951431049437476,1.9902697921286447,1.990269792128654,-1.6024937108378294,1.9902697921286499,-3.5226532004367215,,-0.9871509002967636,-0.013458303292480557,-0.6525012928798218,-0.013756346314423767,-0.7806733815431877,-0.9875544615980635,
008_190℃_280_2.0mm.csv,2.0,280,1.48749,0.300196834,1.49902,0.300011044,0.01153,1.363296153,7.827357851,1.560495,6.065320189,1.563025,1.762037662,7.809351164,190,0.01153000000000004,1063285.1090000002,1517.7797051170805,80.0,121422.37640936644,13.343866456348348,4553.339115351241,0.01158999999999999,0.0003192569498069486,-0.0003192569498069486,1510.6809936800698,41.315913733367225,-41.315913733367225,120854.47949440556,3305.2730986693828,-3305.2730986693828,1072414.4370000002,31733.73603056297,-31733.73603056297,4530.907586569832,4657.005191940775,4408.224322696254,13.521148251957468,14.311675501645137,12.774286982009691,7.78803693,0.05142365529556752,-0.05142365529556752,1.5603449999999999,0.0001670329308848733,-0.0001670329308848733,6.022576484666668,0.04190605905106743,-0.04190605905106743,1.56288,0.0001653027525482308,-0.0001653027525482308,1.7654604456666665,0.019121093364028376,-0.019121093364028376,7.770026431333332,0.051370752805809126,-0.051370752805809126,0.0,0.0,0.0,0.0,0.0,0.0,,0.261926862480087,0.007690459024266472,0.7386418709116985,0.0070381306724968725,0.0,0.2635527945231916,
009_190℃_280_2.0mm.csv,2.0,280,1.48741,0.300196106,1.499345,0.300125923,0.011935,1.407838093,7.806909458,1.560375,6.020847687,1.562915,1.786061772,7.788823502,190,0.011935000000000029,1107712.1700000002,1466.2756598240433,80.0,117302.05278592346,14.389708570285752,4398.826979472129,0.01158999999999999,0.0003192569498069486,-0.0003192569498069486,1510.6809936800698,41.315913733367225,-41.315913733367225,120854.47949440556,3305.2730986693828,-3305.2730986693828,1072414.4370000002,31733.73603056297,-31733.73603056297,4530.907586569832,4657.005191940775,4408.224322696254,13.521148251957468,14.311675501645137,12.774286982009691,7.78803693,0.05142365529556752,-0.05142365529556752,1.5603449999999999,0.0001670329308848733,-0.0001670329308848733,6.022576484666668,0.04190605905106743,-0.04190605905106743,1.56288,0.0001653027525482308,-0.0001653027525482308,1.7654604456666665,0.019121093364028376,-0.019121093364028376,7.770026431333332,0.051370752805809126,-0.051370752805809126,3.5125758889851455,-3.393380812735554,-3.393380812735551,4.178283004619788,-3.3933808127355594,7.837624254998778,,0.0,0.0,0.0,0.0,1.3634277245091055,0.0,
010_190℃_320_2.0mm.csv,2.0,320,1.48793,0.300042638,1.498635,0.300053874,0.010705,1.303697831,7.741760014,1.559195,5.986860695,1.561695,1.754899319,7.723774182,190,0.010704999999999965,1003643.9569999999,1634.7501167678708,80.0,130780.00934142967,11.694158976527852,4904.250350303612,0.010661666666666644,0.00014494251734167146,-0.00014494251734167146,1641.5978022703887,22.442706155223284,-22.442706155223284,131327.82418163112,1795.4164924178613,-1795.4164924178613,999003.143,21281.16845320967,-21281.16845320967,4924.487728528828,4992.0848125983775,4857.80596660348,11.590488688282095,12.00321713699457,11.191951832576096,7.788426605000001,0.04042546770705224,-0.04042546770705224,1.5594166666666667,0.00019211541669859251,-0.00019211541669859251,6.033851241666667,0.04220068131962279,-0.04220068131962279,1.5619033333333334,0.00018181950757081692,-0.00018181950757081692,1.7545753636666668,0.01023224891053283,-0.01023224891053283,7.770669722,0.040633193126354245,-0.040633193126354245,0.0,0.0,0.0,0.0,0.0,0.0,,-0.8841108591588888,-0.0208397455627314,-0.9810137962473681,-0.018566119392945606,0.0,-0.886120923631386,
011_190℃_320_2.0mm.csv,2.0,320,1.48796,0.300111703,1.49874,0.30022581,0.01078,1.317806758,7.810816289,1.559535,6.046174501,1.56203,1.764641788,7.792828062,190,0.010780000000000012,1017580.948,1623.3766233766216,80.0,129870.12987012973,11.939616456533347,4870.129870129865,0.010661666666666644,0.00014494251734167146,-0.00014494251734167146,1641.5978022703887,22.442706155223284,-22.442706155223284,131327.82418163112,1795.4164924178613,-1795.4164924178613,999003.143,21281.16845320967,-21281.16845320967,4924.487728528828,4992.0848125983775,4857.80596660348,11.590488688282095,12.00321713699457,11.191951832576096,7.788426605000001,0.04042546770705224,-0.04042546770705224,1.5594166666666667,0.00019211541669859251,-0.00019211541669859251,6.033851241666667,0.04220068131962279,-0.04220068131962279,1.5619033333333334,0.00018181950757081692,-0.00018181950757081692,1.7545753636666668,0.01023224891053283,-0.01023224891053283,7.770669722,0.040633193126354245,-0.040633193126354245,0.7006071929009575,-0.6957328385904138,-0.6957328385904138,1.388638959343631,-0.6957328385904139,2.098975056677179,,0.0,0.0009618344105799363,0.0,0.0028809495609799555,0.5551582871176718,0.0,
012_190℃_320_2.0mm.csv,2.0,320,1.48794,0.300097027,1.49844,0.300102807,0.0105,1.275887331,7.812703512,1.55952,6.068518529,1.561985,1.744184984,7.795406922,190,0.010499999999999954,975784.5240000001,1666.666666666674,80.0,133333.33333333393,11.151823131428523,5000.000000000022,0.010661666666666644,0.00014494251734167146,-0.00014494251734167146,1641.5978022703887,22.442706155223284,-22.442706155223284,131327.82418163112,1795.4164924178613,-1795.4164924178613,999003.143,21281.16845320967,-21281.16845320967,4924.487728528828,4992.0848125983775,4857.80596660348,11.590488688282095,12.00321713699457,11.191951832576096,7.788426605000001,0.04042546770705224,-0.04042546770705224,1.5594166666666667,0.00019211541669859251,-0.00019211541669859251,6.033851241666667,0.04220068131962279,-0.04220068131962279,1.5619033333333334,0.00018181950757081692,-0.00018181950757081692,1.7545753636666668,0.01023224891053283,-0.01023224891053283,7.770669722,0.040633193126354245,-0.040633193126354245,-1.9149929939281778,1.9523809523810676,1.9523809523810676,-2.7758283010316425,1.9523809523810676,-4.637664377471593,,0.02416166160069024,0.0,0.3695564525354743,0.0,-0.6105384442285405,0.033092735775540706,
001_210℃_003_2.0mm.csv,2.0,3,0.5489,0.300002319,1.61408,0.300012674,1.06518,1.663768768,14.86148837,6.81744,11.84484187,6.8201,3.0166465,14.8583947,210,1.0651799999999998,1363756.094,16.4291481251995,80.0,1314.33185001596,1581.1109836265796,49.2874443755985,1.06606,0.009151786710801224,-0.009151786710801224,16.41639195184906,0.14076171275515761,-0.14076171275515761,1313.311356147925,11.26093702041257,-11.26093702041257,1358640.115,22573.733323973942,-22573.733323973942,49.247967939953845,49.672316156487014,48.827244909898944,1576.2966684626763,1616.2255488647202,1537.3542317480749,14.710467603333333,0.20076298522972652,-0.20076298522972652,6.815846666666666,0.024309194419670294,-0.024309194419670294,11.732823736666667,0.15515452486368544,-0.15515452486368544,6.81824,0.02468261736526364,-0.02468261736526364,2.9776438656666664,0.046002542421130915,-0.046002542421130915,14.707860310000001,0.19994026455139102,-0.19994026455139102,0.0,0.0,0.0,0.0,0.0,0.0,,0.5018817620130172,0.0,0.39787543833687117,0.0,0.9123546192248831,0.5019407614575274,
002_210℃_003_2.0mm.csv,2.0,3,0.54818,0.300013039,1.6238,0.300003965,1.07562,1.678220758,14.78727374,6.83932,11.79790092,6.84194,2.989372819,14.78418684,210,1.0756199999999998,1378216.793,16.269686320447743,80.0,1301.5749056358195,1613.5374659990855,48.80905896134323,1.06606,0.009151786710801224,-0.009151786710801224,16.41639195184906,0.14076171275515761,-0.14076171275515761,1313.311356147925,11.26093702041257,-11.26093702041257,1358640.115,22573.733323973942,-22573.733323973942,49.247967939953845,49.672316156487014,48.827244909898944,1576.2966684626763,1616.2255488647202,1537.3542317480749,14.710467603333333,0.20076298522972652,-0.20076298522972652,6.815846666666666,0.024309194419670294,-0.024309194419670294,11.732823736666667,0.15515452486368544,-0.15515452486368544,6.81824,0.02468261736526364,-0.02468261736526364,2.9776438656666664,0.046002542421130915,-0.046002542421130915,14.707860310000001,0.19994026455139102,-0.19994026455139102,0.9801160367261876,-0.9706030010598662,-0.9706030010598662,1.0603581581502375,-0.9706030010598518,2.050866935231175,,0.0,0.32094158511111875,0.0,0.320229908652367,0.0,0.0,
003_210℃_003_2.0mm.csv,2.0,3,0.5347,0.300001219,1.59208,0.300002291,1.05738,1.633949749,14.4826407,6.79078,11.55572842,6.79268,2.926912278,14.48099939,210,1.05738,1333947.4579999999,16.550341409899943,80.0,1324.0273127919954,1535.2265177034444,49.65102422969983,1.06606,0.009151786710801224,-0.009151786710801224,16.41639195184906,0.14076171275515761,-0.14076171275515761,1313.311356147925,11.26093702041257,-11.26093702041257,1358640.115,22573.733323973942,-22573.733323973942,49.247967939953845,49.672316156487014,48.827244909898944,1576.2966684626763,1616.2255488647202,1537.3542317480749,14.710467603333333,0.20076298522972652,-0.20076298522972652,6.815846666666666,0.024309194419670294,-0.024309194419670294,11.732823736666667,0.15515452486368544,-0.15515452486368544,6.81824,0.02468261736526364,-0.02468261736526364,2.9776438656666664,0.046002542421130915,-0.046002542421130915,14.707860310000001,0.19994026455139102,-0.19994026455139102,-0.732270602151731,0.7376723599840999,0.7376723599840955,-2.185774724024821,0.7376723599841072,-2.90203954044329,,-2.0601027975559787,-0.3910558802131089,-2.0526744684680787,-0.4020468908080559,-2.0894195800206106,-2.0507549943815584,
004_210℃_005_2.0mm.csv,2.0,5,0.86144,0.300023622,1.49666,0.300017928,0.63522,1.492954429,10.78982214,4.424,8.623181439,4.42632,2.166640698,10.7872252,210,0.6352200000000001,1192936.5010000002,27.54951040584364,80.0,2203.9608324674914,824.7914276628246,82.64853121753092,0.6332866666666668,0.011225566058481644,-0.011225566058481644,27.639431111638974,0.4921826260563698,-0.4921826260563698,2211.1544889311176,39.374610084509406,-39.374610084509406,1188931.285,24594.892174239514,-24594.892174239514,82.90955555057099,84.39580046411402,81.44948402398424,819.3169753647602,851.4823800748577,788.3666436665944,10.825898296666667,0.03335033606973752,-0.03335033606973752,4.441533333333333,0.01776433880934861,-0.01776433880934861,8.659281647333332,0.031314612589934746,-0.031314612589934746,4.44338,0.017100140350301447,-0.017100140350301447,2.166616647,0.00988242844999107,-0.00988242844999107,10.824088573333333,0.03433195988683069,-0.03433195988683069,0.0,0.0,0.0,0.0,0.0,0.0,,-0.39185548363294254,-0.3845911354895652,-0.6035968270875457,-0.3821484032138325,0.0,-0.393961865639628,
005_210℃_005_2.0mm.csv,2.0,5,0.86254,0.300016125,1.48376,0.300009366,0.62122,1.462588969,10.83226898,4.44108,8.675546764,4.4433,2.156722215,10.82989084,210,0.62122,1162579.603,28.170374424519494,80.0,2253.6299539615593,786.0872935789497,84.51112327355847,0.6332866666666668,0.011225566058481644,-0.011225566058481644,27.639431111638974,0.4921826260563698,-0.4921826260563698,2211.1544889311176,39.374610084509406,-39.374610084509406,1188931.285,24594.892174239514,-24594.892174239514,82.90955555057099,84.39580046411402,81.44948402398424,819.3169753647602,851.4823800748577,788.3666436665944,10.825898296666667,0.03335033606973752,-0.03335033606973752,4.441533333333333,0.01776433880934861,-0.01776433880934861,8.659281647333332,0.031314612589934746,-0.031314612589934746,4.44338,0.017100140350301447,-0.017100140350301447,2.166616647,0.00988242844999107,-0.00988242844999107,10.824088573333333,0.03433195988683069,-0.03433195988683069,-2.2039608324675104,2.2536299539615734,2.253629953961558,-2.5447203580872135,2.253629953961565,-4.692596550566623,,0.0,0.0,0.0,0.0,-0.4577816252208288,0.0,
006_210℃_005_2.0mm.csv,2.0,5,0.86134,0.300008359,1.50476,0.300031999,0.64342,1.51130975,10.85560377,4.45952,8.679116739,4.46052,2.176487028,10.85514968,210,0.6434200000000001,1211277.751,27.198408504553786,80.0,2175.872680364303,848.2833529778721,81.59522551366136,0.6332866666666668,0.011225566058481644,-0.011225566058481644,27.639431111638974,0.4921826260563698,-0.4921826260563698,2211.1544889311176,39.374610084509406,-39.374610084509406,1188931.285,24594.892174239514,-24594.892174239514,82.90955555057099,84.39580046411402,81.44948402398424,819.3169753647602,851.4823800748577,788.3666436665944,10.825898296666667,0.03335033606973752,-0.03335033606973752,4.441533333333333,0.01776433880934861,-0.01776433880934861,8.659281647333332,0.031314612589934746,-0.031314612589934746,4.44338,0.017100140350301447,-0.017100140350301447,2.166616647,0.00988242844999107,-0.00988242844999107,10.824088573333333,0.03433195988683069,-0.03433195988683069,1.2908913447309567,-1.2744397127848102,-1.2744397127848075,1.5374875347199861,-1.2744397127847973,2.8482261729629714,,0.21541922604658056,0.4152143172381495,0.04114985599309437,0.3875497940719739,0.45445144684528543,0.23323263708908368,
007_210℃_280_2.0mm.csv,2.0,280,1.48697,0.300102726,1.498585,0.300081496,0.011615,1.314236753,7.050908966,1.55964,5.459142732,1.56221,1.591766234,7.034901087,210,0.011615000000000153,1014155.2570000001,1506.6724063710521,80.0,120533.79250968416,12.821130133393368,4520.017219113156,0.011635000000000062,0.00019078784028340537,-0.00019078784028340537,1504.3515124053572,24.608310313659473,-24.608310313659473,120348.12099242858,1968.6648250927647,-1968.6648250927647,1020285.6579999999,16464.55288549739,-16464.55288549739,4512.651340840378,4587.170296711833,4439.342951489236,12.918570073028816,13.341615113504673,12.508939233513535,7.101844982333333,0.0844666762966218,-0.0844666762966218,1.5599399999999999,0.00047696960070852214,-0.00047696960070852214,5.5067998309999995,0.07403331401056522,-0.07403331401056522,1.5625016666666667,0.0004879634549157279,-0.0004879634549157279,1.5950451513333332,0.010946160845758132,-0.010946160845758132,7.085989770333334,0.08440343794512087,-0.08440343794512087,0.0,0.0,0.0,0.0,0.0,0.0,,-0.061953161891088064,-0.0032057652482291683,-0.18328232547792897,-0.0012802212222213746,0.0,-0.06755088181585268,
008_210℃_280_2.0mm.csv,2.0,280,1.487085,0.300084242,1.49854,0.300005031,0.011455,1.307770796,7.055279935,1.55969,5.469166748,1.56223,1.586113188,7.039656437,210,0.011454999999999993,1007765.765,1527.7171540811883,80.0,122217.37232649507,12.564850980217678,4583.151462243565,0.011635000000000062,0.00019078784028340537,-0.00019078784028340537,1504.3515124053572,24.608310313659473,-24.608310313659473,120348.12099242858,1968.6648250927647,-1968.6648250927647,1020285.6579999999,16464.55288549739,-16464.55288549739,4512.651340840378,4587.170296711833,4439.342951489236,12.918570073028816,13.341615113504673,12.508939233513535,7.101844982333333,0.0844666762966218,-0.0844666762966218,1.5599399999999999,0.00047696960070852214,-0.00047696960070852214,5.5067998309999995,0.07403331401056522,-0.07403331401056522,1.5625016666666667,0.0004879634549157279,-0.0004879634549157279,1.5950451513333332,0.010946160845758132,-0.010946160845758132,7.085989770333334,0.08440343794512087,-0.08440343794512087,-1.377529057254911,1.396769969447052,1.396769969447064,-0.6300309499850164,1.3967699694470723,-1.9988811478342017,,0.0,0.0,0.0,0.0,-0.35514297760886926,0.0,
009_210℃_280_2.0mm.csv,2.0,280,1.48695,0.300197071,1.498785,0.300196635,0.011835,1.339132587,7.199346046,1.56049,5.592090013,1.563065,1.607256032,7.183411787,210,0.01183500000000004,1038935.9519999999,1478.6649767638312,80.0,118293.19814110649,13.383191283722494,4435.994930291493,0.011635000000000062,0.00019078784028340537,-0.00019078784028340537,1504.3515124053572,24.608310313659473,-24.608310313659473,120348.12099242858,1968.6648250927647,-1968.6648250927647,1020285.6579999999,16464.55288549739,-16464.55288549739,4512.651340840378,4587.170296711833,4439.342951489236,12.918570073028816,13.341615113504673,12.508939233513535,7.101844982333333,0.0844666762966218,-0.0844666762966218,1.5599399999999999,0.00047696960070852214,-0.00047696960070852214,5.5067998309999995,0.07403331401056522,-0.07403331401056522,1.5625016666666667,0.0004879634549157279,-0.0004879634549157279,1.5950451513333332,0.010946160845758132,-0.010946160845758132,7.085989770333334,0.08440343794512087,-0.08440343794512087,1.8941024537226352,-1.8588931136450038,-1.858893113645001,2.443481392908643,-1.858893113645009,4.383865887650624,,2.041961656054401,0.051292243971552805,2.247568426121789,0.05344923602798046,0.9731201522647667,2.042079060057973,
010_210℃_320_2.0mm.csv,2.0,320,1.48747,0.300011539,1.49854,0.300230012,0.01107,1.299641344,7.083285195,1.55882,5.479337362,1.56129,1.603947833,7.067915385,210,0.011069999999999913,999411.332,1580.849141824764,80.0,126467.93134598112,12.041886743118273,4742.547425474292,0.010973333333333354,9.07377172586921e-05,-9.07377172586921e-05,1594.8477833326826,13.164596236091562,-13.164596236091562,127587.82266661462,1053.1676988873317,-1053.1676988873317,991241.117,8504.736802506048,-8504.736802506048,4784.434556295731,4824.12616514364,4745.069519299182,11.838589923231984,12.0387746487235,11.641733935547215,7.116245635666666,0.02930652308456696,-0.02930652308456696,1.5589750000000002,0.00013937359864754504,-0.00013937359864754504,5.514117824333333,0.030289174617746578,-0.030289174617746578,1.5614766666666666,0.00017075811352124578,-0.00017075811352124578,1.6021278113333333,0.0037926425162388045,-0.0037926425162388045,7.100565235,0.028985071956001123,-0.028985071956001123,1.0036496350349602,-0.993676603431189,-0.993676603431186,0.7598349711344393,-0.9936766034311937,1.7711106870840438,,-0.6006303068756438,-0.012507897614836625,-0.8860031052100602,-0.014409083486224578,0.0,-0.5991268232496506,
011_210℃_320_2.0mm.csv,2.0,320,1.487525,0.300077803,1.498415,0.300239946,0.01089,1.282677244,7.126086631,1.559015,5.528318435,1.561515,1.597768195,7.110516396,210,0.010890000000000066,982437.2980000001,1606.9788797061426,80.0,128558.31037649141,11.644889442416398,4820.9366391184285,0.010973333333333354,9.07377172586921e-05,-9.07377172586921e-05,1594.8477833326826,13.164596236091562,-13.164596236091562,127587.82266661462,1053.1676988873317,-1053.1676988873317,991241.117,8504.736802506048,-8504.736802506048,4784.434556295731,4824.12616514364,4745.069519299182,11.838589923231984,12.0387746487235,11.641733935547215,7.116245635666666,0.02930652308456696,-0.02930652308456696,1.5589750000000002,0.00013937359864754504,-0.00013937359864754504,5.514117824333333,0.030289174617746578,-0.030289174617746578,1.5614766666666666,0.00017075811352124578,-0.00017075811352124578,1.6021278113333333,0.0037926425162388045,-0.0037926425162388045,7.100565235,0.028985071956001123,-0.028985071956001123,-0.6386861313869889,0.6427915518825891,0.6427915518825946,-0.9514732859090413,0.6427915518825985,-1.5840824893750862,,0.0,0.0,0.0,0.0,-0.38527674484536045,0.0,
012_210℃_320_2.0mm.csv,2.0,320,1.487525,0.300163219,1.498485,0.300225238,0.01096,1.292099959,7.139365081,1.55909,5.534697676,1.561625,1.604667406,7.123263924,210,0.01096000000000008,991874.7209999999,1596.7153284671415,80.0,127737.22627737132,11.832323202351107,4790.145985401425,0.010973333333333354,9.07377172586921e-05,-9.07377172586921e-05,1594.8477833326826,13.164596236091562,-13.164596236091562,127587.82266661462,1053.1676988873317,-1053.1676988873317,991241.117,8504.736802506048,-8504.736802506048,4784.434556295731,4824.12616514364,4745.069519299182,11.838589923231984,12.0387746487235,11.641733935547215,7.116245635666666,0.02930652308456696,-0.02930652308456696,1.5589750000000002,0.00013937359864754504,-0.00013937359864754504,5.514117824333333,0.030289174617746578,-0.030289174617746578,1.5614766666666666,0.00017075811352124578,-0.00017075811352124578,1.6021278113333333,0.0037926425162388045,-0.0037926425162388045,7.100565235,0.028985071956001123,-0.028985071956001123,0.0,0.0,0.0,0.0,0.0,0.0,,0.18633579252652363,0.004810729851864623,0.11539206858297252,0.007044440815493576,0.044862618670953175,0.17927710576928596,
001_230℃_003_2.0mm.csv,2.0,3,0.46248,0.300004932,1.53308,0.30001351,1.0706,1.54105031,11.85203062,6.68476,9.632524689,6.6873,2.219505927,11.8497398,230,1.0706,1241036.7999999998,16.345974220063514,80.0,1307.677937605081,1446.1540115156463,49.037922660190546,1.05196,0.02769182550862258,-0.02769182550862258,16.643415842040323,0.44459732383869627,-0.44459732383869627,1331.4732673632257,35.56778590709566,-35.56778590709566,1210461.1153333334,40898.17530908414,-40898.17530908414,49.91848543239785,51.26011664508645,48.6119687381432,1385.109779907303,1471.5812845081243,1303.7194224960024,11.7905268,0.0834286230744363,-0.0834286230744363,6.688533333333333,0.011015849188026044,-0.011015849188026044,9.604706569,0.02560286659980009,-0.02560286659980009,6.690886666666667,0.011873488675757292,-0.011873488675757292,2.1858202283333337,0.06274045442508698,-0.06274045442508698,11.78834661,0.0821957410906004,-0.0821957410906004,0.5126086711606005,-0.5099943956660026,-0.5099943956660111,1.1982405205685192,-0.5099943956660026,1.7169914765389502,,0.2371690543137658,0.0,0.34439364994336186,0.0,0.0,0.24877198648932936,
002_230℃_003_2.0mm.csv,2.0,3,0.45656,0.300000586,1.5217,0.300028196,1.06514,1.526370466,11.82398778,6.70094,9.599464742,6.70414,2.224523035,11.82033412,230,1.06514,1226342.27,16.42976510130124,80.0,1314.3812081040992,1421.742808672435,49.28929530390372,1.05196,0.02769182550862258,-0.02769182550862258,16.643415842040323,0.44459732383869627,-0.44459732383869627,1331.4732673632257,35.56778590709566,-35.56778590709566,1210461.1153333334,40898.17530908414,-40898.17530908414,49.91848543239785,51.26011664508645,48.6119687381432,1385.109779907303,1471.5812845081243,1303.7194224960024,11.7905268,0.0834286230744363,-0.0834286230744363,6.688533333333333,0.011015849188026044,-0.011015849188026044,9.604706569,0.02560286659980009,-0.02560286659980009,6.690886666666667,0.011873488675757292,-0.011873488675757292,2.1858202283333337,0.06274045442508698,-0.06274045442508698,11.78834661,0.0821957410906004,-0.0821957410906004,0.0,0.0,0.0,0.0,0.0,0.0,,0.0,0.24204309504006588,0.0,0.25182061519597126,0.22604616365143226,0.0,
003_230℃_003_2.0mm.csv,2.0,3,0.45218,0.300002327,1.47232,0.300003124,1.02014,1.4640074,11.695562,6.6799,9.582130276,6.68122,2.113431723,11.69496591,230,1.02014,1164004.276,17.15450820475621,80.0,1372.3606563804967,1292.4596703332138,51.46352461426862,1.05196,0.02769182550862258,-0.02769182550862258,16.643415842040323,0.44459732383869627,-0.44459732383869627,1331.4732673632257,35.56778590709566,-35.56778590709566,1210461.1153333334,40898.17530908414,-40898.17530908414,49.91848543239785,51.26011664508645,48.6119687381432,1385.109779907303,1471.5812845081243,1303.7194224960024,11.7905268,0.0834286230744363,-0.0834286230744363,6.688533333333333,0.011015849188026044,-0.011015849188026044,9.604706569,0.02560286659980009,-0.02560286659980009,6.690886666666667,0.011873488675757292,-0.011873488675757292,2.1858202283333337,0.06274045442508698,-0.06274045442508698,11.78834661,0.0821957410906004,-0.0821957410906004,-4.224796740334598,4.411159252651576,4.411159252651576,-5.0832459685174145,4.4111592526515615,-9.093285898870878,,-1.0861460819270132,-0.0727026849131437,-0.18057742244896943,-0.09091860691160653,-4.779180929846645,-1.0606147738910068,
004_230℃_005_2.0mm.csv,2.0,5,0.8016,0.30000361,1.43294,0.300003307,0.63134,1.373174358,9.117657675,4.31748,7.362779,4.31904,1.754878675,9.116722869,230,0.6313400000000001,1073171.0510000002,27.71882028700858,80.0,2217.505622960686,737.4539443138398,83.15646086102574,0.6245733333333333,0.0074314018417344545,-0.0074314018417344545,28.02177991098634,0.3343617035831521,-0.3343617035831521,2241.7423928789067,26.748936286652405,-26.748936286652405,1057179.083,14776.590370738308,-14776.590370738308,84.06135759262037,85.0689828200029,83.06566748618557,718.5978304994965,737.2069651200645,700.4584417002665,9.176201143,0.06358047215921038,-0.06358047215921038,4.3430333333333335,0.02238195999758187,-0.02238195999758187,7.427394330666666,0.06435760601727494,-0.06435760601727494,4.3448199999999995,0.02266593038019864,-0.02266593038019864,1.7488068123333333,0.008420835663102979,-0.008420835663102979,9.174890322000001,0.06283621411230873,-0.06283621411230873,0.8917156737407537,-0.8838343840086393,-0.8838343840086393,1.78655010212787,-0.8838343840086393,2.694196723148526,,-0.5394166479993594,-0.8036834341958343,-0.8768804205719375,-0.7983830217281331,0.14441040550743472,-0.542093779657107,
005_230℃_005_2.0mm.csv,2.0,5,0.80392,0.300003147,1.42054,0.300019944,0.61662,1.344051311,9.24383918,4.35916,7.491491078,4.36162,1.752348102,9.241534671,230,0.61662,1044031.3670000001,28.380526093866564,80.0,2270.442087509325,700.7027173001796,85.14157828159969,0.6245733333333333,0.0074314018417344545,-0.0074314018417344545,28.02177991098634,0.3343617035831521,-0.3343617035831521,2241.7423928789067,26.748936286652405,-26.748936286652405,1057179.083,14776.590370738308,-14776.590370738308,84.06135759262037,85.0689828200029,83.06566748618557,718.5978304994965,737.2069651200645,700.4584417002665,9.176201143,0.06358047215921038,-0.06358047215921038,4.3430333333333335,0.02238195999758187,-0.02238195999758187,7.427394330666666,0.06435760601727494,-0.06435760601727494,4.3448199999999995,0.02266593038019864,-0.02266593038019864,1.7488068123333333,0.008420835663102979,-0.008420835663102979,9.174890322000001,0.06283621411230873,-0.06283621411230873,-1.4606238813602719,1.4822743342739453,1.482274334273953,-0.9772478056356577,1.4822743342739495,-2.4235977721667448,,0.8370428049525609,0.15393593508039988,0.8559357754473526,0.17961321144748507,0.0,0.8195271313742298,
006_230℃_005_2.0mm.csv,2.0,5,0.79726,0.30001544,1.42302,0.300013609,0.62576,1.35434844,9.167106574,4.35246,7.427912914,4.3538,1.73919366,9.166413426,230,0.62576,1054334.831,27.965993352083867,80.0,2237.279468166709,718.1067361595211,83.8979800562516,0.6245733333333333,0.0074314018417344545,-0.0074314018417344545,28.02177991098634,0.3343617035831521,-0.3343617035831521,2241.7423928789067,26.748936286652405,-26.748936286652405,1057179.083,14776.590370738308,-14776.590370738308,84.06135759262037,85.0689828200029,83.06566748618557,718.5978304994965,737.2069651200645,700.4584417002665,9.176201143,0.06358047215921038,-0.06358047215921038,4.3430333333333335,0.02238195999758187,-0.02238195999758187,7.427394330666666,0.06435760601727494,-0.06435760601727494,4.3448199999999995,0.02266593038019864,-0.02266593038019864,1.7488068123333333,0.008420835663102979,-0.008420835663102979,9.174890322000001,0.06283621411230873,-0.06283621411230873,0.0,0.0,0.0,0.0,0.0,0.0,,0.0,0.0,0.0,0.0,-0.7506751646540171,0.0,
007_230℃_280_2.0mm.csv,2.0,280,1.486385,0.300035947,1.49819,0.300180992,0.011805,1.276770646,6.335470515,1.558295,4.886649694,1.560935,1.448820822,6.320783898,230,0.011804999999999843,976589.6539999999,1482.4227022448313,80.0,118593.8161795865,12.548180533844729,4447.268106734494,0.01178833333333329,0.00012086493839543654,-0.00012086493839543654,1484.6228568240167,15.254167249838481,-15.254167249838481,118769.82854592135,1220.3333799870773,-1220.3333799870773,976539.6066666666,2109.71526149399,-2109.71526149399,4453.712059261735,4499.660332509011,4408.2329867226,12.529363298581314,12.685889062234319,12.374768839432626,6.403015179666667,0.07188738158576609,-0.07188738158576609,1.5587100000000003,0.00043078416869708026,-0.00043078416869708026,4.951282734333334,0.06629763231428673,-0.06629763231428673,1.5613416666666666,0.0004290202015445869,-0.0004290202015445869,1.4517324453333333,0.0067462204650494675,-0.0067462204650494675,6.388426033333334,0.07197110385901219,-0.07197110385901219,0.0,0.0,0.0,0.0,0.0,0.0,,-0.9308961773981139,-0.024700387507383154,-1.241305069547056,-0.023377954268875213,0.0,-0.9349075940051796,
008_230℃_280_2.0mm.csv,2.0,280,1.486515,0.300077362,1.498175,0.300021584,0.01166,1.274426897,6.395001338,1.55868,4.948070342,1.5613,1.446930995,6.38043507,230,0.011660000000000004,974405.3129999998,1500.8576329331042,80.0,120068.61063464834,12.366330285257146,4502.5728987993125,0.01178833333333329,0.00012086493839543654,-0.00012086493839543654,1484.6228568240167,15.254167249838481,-15.254167249838481,118769.82854592135,1220.3333799870773,-1220.3333799870773,976539.6066666666,2109.71526149399,-2109.71526149399,4453.712059261735,4499.660332509011,4408.2329867226,12.529363298581314,12.685889062234319,12.374768839432626,6.403015179666667,0.07188738158576609,-0.07188738158576609,1.5587100000000003,0.00043078416869708026,-0.00043078416869708026,4.951282734333334,0.06629763231428673,-0.06629763231428673,1.5613416666666666,0.0004290202015445869,-0.0004290202015445869,1.4517324453333333,0.0067462204650494675,-0.0067462204650494675,6.388426033333334,0.07197110385901219,-0.07197110385901219,-1.2282930961443594,1.2435677530003402,1.243567753000343,-0.2236702990916608,1.2435677530003348,-1.449216068394139,,0.0,0.0,0.0,0.0,-0.13043897294292656,0.0,
009_230℃_280_2.0mm.csv,2.0,280,1.486305,0.300038157,1.498205,0.300035,0.0119,1.278658853,6.478573686,1.559155,5.019128167,1.56179,1.459445519,6.464059132,230,0.011900000000000022,978623.853,1470.588235294115,80.0,117647.05882352921,12.675508953142879,4411.764705882345,0.01178833333333329,0.00012086493839543654,-0.00012086493839543654,1484.6228568240167,15.254167249838481,-15.254167249838481,118769.82854592135,1220.3333799870773,-1220.3333799870773,976539.6066666666,2109.71526149399,-2109.71526149399,4453.712059261735,4499.660332509011,4408.2329867226,12.529363298581314,12.685889062234319,12.374768839432626,6.403015179666667,0.07188738158576609,-0.07188738158576609,1.5587100000000003,0.00043078416869708026,-0.00043078416869708026,4.951282734333334,0.06629763231428673,-0.06629763231428673,1.5613416666666666,0.0004290202015445869,-0.0004290202015445869,1.4517324453333333,0.0067462204650494675,-0.0067462204650494675,6.388426033333334,0.07197110385901219,-0.07197110385901219,0.8047437526487042,-0.7983193277325882,-0.7983193277325851,0.2082961857795945,-0.7983193277325934,1.014716188970364,,1.3068386319702703,0.030474504067544535,1.4360714397459058,0.03138410299110366,0.7333340906388426,1.3106325992280674,
010_230℃_320_2.0mm.csv,2.0,320,1.486925,0.300222516,1.49765,0.300086216,0.010725,1.201170058,6.324938275,1.557305,4.894831882,1.55985,1.430106393,6.31052867,230,0.010724999999999874,901083.8420000001,1631.701631701651,80.0,130536.13053613208,10.51877464538763,4895.104895104953,0.011053333333333285,0.0002901005572786174,-0.0002901005572786174,1583.969473426601,42.1036890967285,-42.1036890967285,126717.55787412809,3368.295127738282,-3368.295127738282,940346.5733333334,34751.35535722837,-34751.35535722837,4750.798617331987,4877.968765050751,4626.943834522214,11.305327416159532,12.049024437911893,10.607533302398881,6.378631586666667,0.061303878924802345,-0.061303878924802345,1.5575966666666667,0.0003268919291344878,-0.0003268919291344878,4.9226236089999995,0.04675005778571973,-0.04675005778571973,1.5601533333333333,0.0003212994449626778,-0.0003212994449626778,1.4560079769999998,0.02243180228734994,-0.02243180228734994,6.3640542049999995,0.06140406404903081,-0.06140406404903081,-3.89784946236723,4.055944055945829,4.055944055945831,-5.428068804310934,4.055944055945823,-9.114340315972406,,-0.6376656140521376,-0.014766923375715633,-0.03286329796271838,-0.017306361049149583,-2.6363233660788223,-0.6301456867845697,
011_230℃_320_2.0mm.csv,2.0,320,1.486915,0.300100594,1.498075,0.300196873,0.01116,1.252999497,6.365529065,1.557535,4.896441014,1.56012,1.46908805,6.350546364,230,0.011160000000000059,952802.6240000001,1568.1003584229309,80.0,125448.02867383447,11.573635138873529,4704.301075268793,0.011053333333333285,0.0002901005572786174,-0.0002901005572786174,1583.969473426601,42.1036890967285,-42.1036890967285,126717.55787412809,3368.295127738282,-3368.295127738282,940346.5733333334,34751.35535722837,-34751.35535722837,4750.798617331987,4877.968765050751,4626.943834522214,11.305327416159532,12.049024437911893,10.607533302398881,6.378631586666667,0.061303878924802345,-0.061303878924802345,1.5575966666666667,0.0003268919291344878,-0.0003268919291344878,4.9226236089999995,0.04675005778571973,-0.04675005778571973,1.5601533333333333,0.0003212994449626778,-0.0003212994449626778,1.4560079769999998,0.02243180228734994,-0.02243180228734994,6.3640542049999995,0.06140406404903081,-0.06140406404903081,0.0,0.0,0.0,0.0,0.0,0.0,,0.0,0.0,0.0,0.0,0.017603268596700743,0.0,
012_230℃_320_2.0mm.csv,2.0,320,1.486925,0.300197811,1.4982,0.300010382,0.011275,1.267163636,6.44542742,1.55795,4.976597931,1.56049,1.468829488,6.431087581,230,0.011274999999999924,967153.2540000001,1552.106430155221,80.0,124168.51441241769,11.86901000146931,4656.3192904656635,0.011053333333333285,0.0002901005572786174,-0.0002901005572786174,1583.969473426601,42.1036890967285,-42.1036890967285,126717.55787412809,3368.295127738282,-3368.295127738282,940346.5733333334,34751.35535722837,-34751.35535722837,4750.798617331987,4877.968765050751,4626.943834522214,11.305327416159532,12.049024437911893,10.607533302398881,6.378631586666667,0.061303878924802345,-0.061303878924802345,1.5575966666666667,0.0003268919291344878,-0.0003268919291344878,4.9226236089999995,0.04675005778571973,-0.04675005778571973,1.5601533333333333,0.0003212994449626778,-0.0003212994449626778,1.4560079769999998,0.02243180228734994,-0.02243180228734994,6.3640542049999995,0.06140406404903081,-0.06140406404903081,1.0304659498195752,-1.019955654100817,-1.0199556541008141,1.506149294567854,-1.0199556541008217,2.552135600021425,,1.2551722595897077,0.026644666090974153,1.6370444731349532,0.02371612440068594,0.0,1.2682564992607854,
