元ファイル,キャビ厚,射出速度[mm/s],CH03_立ち上がり時間(s),CH03_立ち上がり圧力(MPa),CH04_立ち上がり時間(s),CH04_立ち上がり圧力(MPa),立ち上がり時間差(s),CH03圧力@CH04立ち上がり時(MPa),CH03_最大圧力(MPa),CH03_最大圧力時間(s),CH04_最大圧力(MPa),CH04_最大圧力時間(s),最大圧力差(MPa),先行列圧力@後発列最大時(MPa),温度,時間差ΔT34(s),圧力差ΔP34(Pa),流速V34(mm/s),流路断面積(mm²),流量Q34(mm³/s),樹脂粘度η34(Pa・s),せん断速度γ34(1/s),時間差ΔT34(s)_平均,時間差ΔT34(s)_標準偏差上,時間差ΔT34(s)_標準偏差下,流速V34(mm/s)_平均,流速V34(mm/s)_標準偏差上,流速V34(mm/s)_標準偏差下,流量Q34(mm³/s)_平均,流量Q34(mm³/s)_標準偏差上,流量Q34(mm³/s)_標準偏差下,圧力差ΔP34(Pa)_平均,圧力差ΔP34(Pa)_標準偏差上,圧力差ΔP34(Pa)_標準偏差下,せん断速度γ34(1/s)_幾何平均,せん断速度γ34(1/s)_幾何標準偏差上,せん断速度γ34(1/s)_幾何標準偏差下,樹脂粘度η34(Pa・s)_幾何平均,樹脂粘度η34(Pa・s)_幾何標準偏差上,樹脂粘度η34(Pa・s)_幾何標準偏差下,CH03_最大圧力(MPa)_平均,CH03_最大圧力(MPa)_標準偏差上,CH03_最大圧力(MPa)_標準偏差下,CH03_最大圧力時間(s)_平均,CH03_最大圧力時間(s)_標準偏差上,CH03_最大圧力時間(s)_標準偏差下,CH04_最大圧力(MPa)_平均,CH04_最大圧力(MPa)_標準偏差上,CH04_最大圧力(MPa)_標準偏差下,CH04_最大圧力時間(s)_平均,CH04_最大圧力時間(s)_標準偏差上,CH04_最大圧力時間(s)_標準偏差下,最大圧力差(MPa)_平均,最大圧力差(MPa)_標準偏差上,最大圧力差(MPa)_標準偏差下,先行列圧力@後発列最大時(MPa)_平均,先行列圧力@後発列最大時(MPa)_標準偏差上,先行列圧力@後発列最大時(MPa)_標準偏差下,時間差ΔT34(s)_中央値からのずれ(%),流速V34(mm/s)_中央値からのずれ(%),流量Q34(mm³/s)_中央値からのずれ(%),圧力差ΔP34(Pa)_中央値からのずれ(%),せん断速度γ34(1/s)_中央値からのずれ(%),樹脂粘度η34(Pa・s)_中央値からのずれ(%),外れ値判定,CH03_最大圧力(MPa)_中央値からのずれ(%),CH03_最大圧力時間(s)_中央値からのずれ(%),CH04_最大圧力(MPa)_中央値からのずれ(%),CH04_最大圧力時間(s)_中央値からのずれ(%),最大圧力差(MPa)_中央値からのずれ(%),先行列圧力@後発列最大時(MPa)_中央値からのずれ(%),追加列の外れ値判定
001_190℃_020_0.5mm.csv,0.5,20,1.480965,0.300052787,1.55557,0.300028903,0.074605,12.60449592,48.11512125,1.83222,12.80218493,1.838445,60.91730618,60.68737603,190,0.07460499999999981,12304467.017,234.56872863749138,20.0,4691.374572749827,62.447262707706315,2814.824743649896,0.07531099999999995,0.0006575085550774788,-0.0006575085550774788,232.3839529126832,2.030177062239853,-2.030177062239853,4647.679058253664,40.60354124479689,-40.60354124479689,12393484.0934,58727.696463199034,-58727.696463199034,2788.522337620707,2812.9827629874408,2764.274609045789,63.49175578026653,64.33140189148898,62.66306863420513,48.19276046,0.31445124049317097,-0.31445124049317097,1.8344539999999998,0.0019814748295146614,-0.0019814748295146614,12.959386548000001,0.1722073547595776,-0.1722073547595776,1.8404870000000002,0.0019088039448827599,-0.0019088039448827599,61.152147008,0.23094703418802007,-0.23094703418802007,60.936921158,0.22749216905329356,-0.22749216905329356,-1.0478148418331052,1.0589102607064813,1.058910260706484,-0.974990328219599,1.0589102607064775,-2.0808322112460313,,-0.04888632692187783,-0.11148879796540165,-0.8981707007107173,-0.09862736787192569,-0.22857514126953127,-0.2555935441177315,
002_190℃_020_0.5mm.csv,0.5,20,1.48122,0.300039548,1.55725,0.300234615,0.07603,12.74079056,47.806155,1.83579,13.22089009,1.841485,61.02704509,60.84288652,190,0.07603000000000004,12440555.945,230.17230040773367,20.0,4603.446008154673,64.34390942165649,2762.067604892804,0.07531099999999995,0.0006575085550774788,-0.0006575085550774788,232.3839529126832,2.030177062239853,-2.030177062239853,4647.679058253664,40.60354124479689,-40.60354124479689,12393484.0934,58727.696463199034,-58727.696463199034,2788.522337620707,2812.9827629874408,2764.274609045789,63.49175578026653,64.33140189148898,62.66306863420513,48.19276046,0.31445124049317097,-0.31445124049317097,1.8344539999999998,0.0019814748295146614,-0.0019814748295146614,12.959386548000001,0.1722073547595776,-0.1722073547595776,1.8404870000000002,0.0019088039448827599,-0.0019088039448827599,61.152147008,0.23094703418802007,-0.23094703418802007,60.936921158,0.22749216905329356,-0.22749216905329356,0.8422309171697914,-0.83519663290827,-0.8351966329082676,0.12023853401419572,-0.835196632908258,0.8931663239428866,,-0.6907120144108214,0.08313956816490521,2.3430297287421955,0.06656668079510676,-0.04884284350848768,0.0,
003_190℃_020_0.5mm.csv,0.5,20,1.48093,0.300048789,1.556785,0.300223623,0.075855,12.72583919,48.67860244,1.837035,12.82333055,1.84319,61.50193299,61.27239548,190,0.075855,12425615.567,230.7033155362204,20.0,4614.066310724408,64.11871216563164,2768.439786434645,0.07531099999999995,0.0006575085550774788,-0.0006575085550774788,232.3839529126832,2.030177062239853,-2.030177062239853,4647.679058253664,40.60354124479689,-40.60354124479689,12393484.0934,58727.696463199034,-58727.696463199034,2788.522337620707,2812.9827629874408,2764.274609045789,63.49175578026653,64.33140189148898,62.66306863420513,48.19276046,0.31445124049317097,-0.31445124049317097,1.8344539999999998,0.0019814748295146614,-0.0019814748295146614,12.959386548000001,0.1722073547595776,-0.1722073547595776,1.8404870000000002,0.0019088039448827599,-0.0019088039448827599,61.152147008,0.23094703418802007,-0.23094703418802007,60.936921158,0.22749216905329356,-0.22749216905329356,0.6101200344852148,-0.6064201436953737,-0.6064201436953615,0.0,-0.6064201436953451,0.5400503194595766,,1.1216515624392775,0.15101416643723448,-0.7344822650939948,0.15921663243237907,0.7289368286780967,0.7059312675094951,
004_190℃_020_0.5mm.csv,0.5,20,1.48152,0.300047345,1.55619,0.300199575,0.07467,12.66270612,48.22526914,1.834265,13.03231464,1.84026,61.25758378,61.04895442,190,0.07467000000000001,12362506.544999998,234.36453729744204,20.0,4687.290745948841,62.79648732756123,2812.3744475693043,0.07531099999999995,0.0006575085550774788,-0.0006575085550774788,232.3839529126832,2.030177062239853,-2.030177062239853,4647.679058253664,40.60354124479689,-40.60354124479689,12393484.0934,58727.696463199034,-58727.696463199034,2788.522337620707,2812.9827629874408,2764.274609045789,63.49175578026653,64.33140189148898,62.66306863420513,48.19276046,0.31445124049317097,-0.31445124049317097,1.8344539999999998,0.0019814748295146614,-0.0019814748295146614,12.959386548000001,0.1722073547595776,-0.1722073547595776,1.8404870000000002,0.0019088039448827599,-0.0019088039448827599,61.152147008,0.23094703418802007,-0.23094703418802007,60.936921158,0.22749216905329356,-0.22749216905329356,-0.9616022282642958,0.970938797374941,0.9709387973749461,-0.5078945317414048,0.9709387973749494,-1.5332376063776687,,0.1799274843753293,0.0,0.8832654652106057,0.0,0.3287374375105105,0.3386885662176186,
005_190℃_020_0.5mm.csv,0.5,20,1.4816,0.300131256,1.556995,0.300021467,0.075395,12.73429686,48.13865447,1.83296,12.91821253,1.839055,61.056867,60.83299334,190,0.07539499999999988,12434275.393,232.11088268452852,20.0,4642.21765369057,63.77429886090024,2785.330592214342,0.07531099999999995,0.0006575085550774788,-0.0006575085550774788,232.3839529126832,2.030177062239853,-2.030177062239853,4647.679058253664,40.60354124479689,-40.60354124479689,12393484.0934,58727.696463199034,-58727.696463199034,2788.522337620707,2812.9827629874408,2764.274609045789,63.49175578026653,64.33140189148898,62.66306863420513,48.19276046,0.31445124049317097,-0.31445124049317097,1.8344539999999998,0.0019814748295146614,-0.0019814748295146614,12.959386548000001,0.1722073547595776,-0.1722073547595776,1.8404870000000002,0.0019088039448827599,-0.0019088039448827599,61.152147008,0.23094703418802007,-0.23094703418802007,60.936921158,0.22749216905329356,-0.22749216905329356,0.0,0.0,0.0,0.06969333594223066,0.0,0.0,,0.0,-0.07114566324931848,0.0,-0.06547987784334282,0.0,-0.01626020816212721,
011_190℃_040_0.5mm.csv,0.5,40,1.34661,0.300174867,1.38996,0.300071611,0.04335,10.35735742,39.82195233,1.53303,12.89186931,1.53937,52.71382164,52.36357311,190,0.04335,10057285.809,403.69088811995385,20.0,8073.817762399077,29.658730600010205,4844.290657439446,0.04348299999999994,0.0002637138600832571,-0.0002637138600832571,402.4679711513524,2.4401156281164695,-2.4401156281164695,8049.359423027048,48.80231256232945,-48.80231256232945,10102959.173,33023.03801451849,-33023.03801451849,4829.544627401522,4858.919231306734,4800.347607710723,29.884260809722466,30.086746589639315,29.68313777239882,39.808513198,0.11431266332638644,-0.11431266332638644,1.533418,0.00301158305547104,-0.00301158305547104,12.838721264,0.038204249054321196,-0.038204249054321196,1.539833,0.003087220837581939,-0.003087220837581939,52.64723446399999,0.13765258915662906,-0.13765258915662906,52.294841678,0.1455890344974889,-0.1455890344974889,-0.13821700069096765,0.13840830449814262,0.13840830449813696,-0.5158215095666951,0.1384083044981144,-1.0156675324559838,,0.0,0.0,0.40966233470104974,0.0,0.0,0.0,
012_190℃_040_0.5mm.csv,0.5,40,1.347105,0.300194394,1.390515,0.300042763,0.04341,10.44648178,39.63965817,1.533315,12.78486752,1.539985,52.4245257,52.06225351,190,0.04340999999999995,10146439.016999999,403.13291868233176,20.0,8062.6583736466355,29.96305562775302,4837.595024187982,0.04348299999999994,0.0002637138600832571,-0.0002637138600832571,402.4679711513524,2.4401156281164695,-2.4401156281164695,8049.359423027048,48.80231256232945,-48.80231256232945,10102959.173,33023.03801451849,-33023.03801451849,4829.544627401522,4858.919231306734,4800.347607710723,29.884260809722466,30.086746589639315,29.68313777239882,39.808513198,0.11431266332638644,-0.11431266332638644,1.533418,0.00301158305547104,-0.00301158305547104,12.838721264,0.038204249054321196,-0.038204249054321196,1.539833,0.003087220837581939,-0.003087220837581939,52.64723446399999,0.13765258915662906,-0.13765258915662906,52.294841678,0.1455890344974889,-0.1455890344974889,0.0,0.0,0.0,0.36605992704611984,0.0,0.0,,-0.45777303555926635,0.018590634234169633,-0.42373221381292286,0.03995140869316878,-0.5488047176235853,-0.5754374312215444,
013_190℃_040_0.5mm.csv,0.5,40,1.34414,0.300200645,1.38784,0.300275493,0.0437,10.41402673,39.92410477,1.531285,12.83927165,1.537465,52.76337642,52.42849722,190,0.04370000000000007,10113751.237,400.4576659038895,20.0,8009.15331807779,30.066049595707536,4805.491990846674,0.04348299999999994,0.0002637138600832571,-0.0002637138600832571,402.4679711513524,2.4401156281164695,-2.4401156281164695,8049.359423027048,48.80231256232945,-48.80231256232945,10102959.173,33023.03801451849,-33023.03801451849,4829.544627401522,4858.919231306734,4800.347607710723,29.884260809722466,30.086746589639315,29.68313777239882,39.808513198,0.11431266332638644,-0.11431266332638644,1.533418,0.00301158305547104,-0.00301158305547104,12.838721264,0.038204249054321196,-0.038204249054321196,1.539833,0.003087220837581939,-0.003087220837581939,52.64723446399999,0.13765258915662906,-0.13765258915662906,52.294841678,0.1455890344974889,-0.1455890344974889,0.6680488366738628,-0.6636155606410185,-0.6636155606410269,0.04272050906260239,-0.6636155606410419,0.34373653086009265,,0.2565229327619899,-0.11382686574952126,0.0,-0.12375192448857804,0.0940071853230961,0.12398716539762074,
014_190℃_040_0.5mm.csv,0.5,40,1.344745,0.30017848,1.3879,0.300055504,0.043155,10.40948794,39.89706394,1.53098,12.83128217,1.537385,52.72834611,52.37176275,190,0.04315499999999983,10109432.436,405.5150040551516,20.0,8110.300081103032,29.67840522282846,4866.1800486618195,0.04348299999999994,0.0002637138600832571,-0.0002637138600832571,402.4679711513524,2.4401156281164695,-2.4401156281164695,8049.359423027048,48.80231256232945,-48.80231256232945,10102959.173,33023.03801451849,-33023.03801451849,4829.544627401522,4858.919231306734,4800.347607710723,29.884260809722466,30.086746589639315,29.68313777239882,39.808513198,0.11431266332638644,-0.11431266332638644,1.533418,0.00301158305547104,-0.00301158305547104,12.838721264,0.038204249054321196,-0.038204249054321196,1.539833,0.003087220837581939,-0.003087220837581939,52.64723446399999,0.13765258915662906,-0.13765258915662906,52.294841678,0.1455890344974889,-0.1455890344974889,-0.5874222529373797,0.5908932916234854,0.5908932916234825,0.0,0.590893291623471,-0.95000459386026,,0.18861860256764673,-0.13372210589485434,-0.062226894311414316,-0.12894885570070247,0.027553437690763852,0.015639956392587688,
015_190℃_040_0.5mm.csv,0.5,40,1.351825,0.300217373,1.395625,0.300214894,0.0438,10.38810226,39.75978678,1.53848,12.84631567,1.54496,52.60610245,52.2481218,190,0.04379999999999984,10087887.366,399.54337899543526,20.0,7990.867579908705,30.057786845632545,4794.5205479452225,0.04348299999999994,0.0002637138600832571,-0.0002637138600832571,402.4679711513524,2.4401156281164695,-2.4401156281164695,8049.359423027048,48.80231256232945,-48.80231256232945,10102959.173,33023.03801451849,-33023.03801451849,4829.544627401522,4858.919231306734,4800.347607710723,29.884260809722466,30.086746589639315,29.68313777239882,39.808513198,0.11431266332638644,-0.11431266332638644,1.533418,0.00301158305547104,-0.00301158305547104,12.838721264,0.038204249054321196,-0.038204249054321196,1.539833,0.003087220837581939,-0.003087220837581939,52.64723446399999,0.13765258915662906,-0.13765258915662906,52.294841678,0.1455890344974889,-0.1455890344974889,0.8984105044918012,-0.8904109589038681,-0.8904109589038737,-0.2131184924217668,-0.890410958903896,0.31616007077657077,,-0.15610874495766622,0.3555051107936686,0.05486308095988137,0.3631355684468456,-0.2043471458693455,-0.22048019862485171,
021_190℃_080_0.5mm.csv,0.5,80,1.15163,0.300278856,1.172645,0.300028398,0.021015,6.14061055,32.61176087,1.2504,11.63540386,1.256535,44.24716473,43.80510532,190,0.021015000000000006,5840582.152,832.7385201046869,20.0,16654.770402093738,8.349648566277553,9992.862241256244,0.020935999999999975,0.00013282507293429637,-0.00013282507293429637,835.9078987041773,5.343205866787814,-5.343205866787814,16718.157974083548,106.86411733575599,-106.86411733575599,5851389.6568,56647.824797928304,-56647.824797928304,10030.731661238322,10094.813334852202,9967.056776809843,8.333205246721526,8.462266233091379,8.206112614660553,32.762525044,0.43073086420881795,-0.43073086420881795,1.249498,0.0018605328537813768,-0.0018605328537813768,11.790158774,0.0931053953085279,-0.0931053953085279,1.255489,0.0018809485638900045,-0.0018809485638900045,44.552683816,0.4374166377256943,-0.4374166377256943,44.095444706,0.4404182331653799,-0.4404182331653799,0.02379819133761429,-0.023792529146006162,-0.023792529146008892,0.0,-0.02379252914600161,0.0,,0.0,0.0,-1.481396403649992,0.010744985673352137,-0.09331789463866182,-0.08074519321417824,
022_190℃_080_0.5mm.csv,0.5,80,1.15597,0.300123716,1.17698,0.300315399,0.02101,6.178550795,32.41056875,1.251275,11.85589128,1.257175,44.26646003,43.80031778,190,0.021009999999999973,5878235.396,832.9366968110435,20.0,16658.73393622087,8.401477936731961,9995.240361732522,0.020935999999999975,0.00013282507293429637,-0.00013282507293429637,835.9078987041773,5.343205866787814,-5.343205866787814,16718.157974083548,106.86411733575599,-106.86411733575599,5851389.6568,56647.824797928304,-56647.824797928304,10030.731661238322,10094.813334852202,9967.056776809843,8.333205246721526,8.462266233091379,8.206112614660553,32.762525044,0.43073086420881795,-0.43073086420881795,1.249498,0.0018605328537813768,-0.0018605328537813768,11.790158774,0.0931053953085279,-0.0931053953085279,1.255489,0.0018809485638900045,-0.0018809485638900045,44.552683816,0.4374166377256943,-0.4374166377256943,44.095444706,0.4404182331653799,-0.4404182331653799,0.0,0.0,0.0,0.6446830644631253,0.0,0.6207371489111041,,-0.6169311764611705,0.06997760716570371,0.38550164220450656,0.06168417701368753,-0.049750596824432336,-0.09166555114194491,
023_190℃_080_0.5mm.csv,0.5,80,1.151945,0.300213585,1.172885,0.300168014,0.02094,6.138694946,32.83603543,1.24851,11.86716176,1.25484,44.70319719,44.21041052,190,0.02093999999999996,5838526.932000001,835.7211079274133,20.0,16714.422158548266,8.316922037828556,10028.65329512896,0.020935999999999975,0.00013282507293429637,-0.00013282507293429637,835.9078987041773,5.343205866787814,-5.343205866787814,16718.157974083548,106.86411733575599,-106.86411733575599,5851389.6568,56647.824797928304,-56647.824797928304,10030.731661238322,10094.813334852202,9967.056776809843,8.333205246721526,8.462266233091379,8.206112614660553,32.762525044,0.43073086420881795,-0.43073086420881795,1.249498,0.0018605328537813768,-0.0018605328537813768,11.790158774,0.0931053953085279,-0.0931053953085279,1.255489,0.0018809485638900045,-0.0018809485638900045,44.552683816,0.4374166377256943,-0.4374166377256943,44.095444706,0.4404182331653799,-0.4404182331653799,-0.33317467872448636,0.3342884431710282,0.3342884431710309,-0.03518861556112237,0.33428844317102363,-0.39195096882487096,,0.687710672520962,-0.15115163147792285,0.48093038407033645,-0.12416427889207307,0.9363681946048126,0.8437542060561934,
024_190℃_080_0.5mm.csv,0.5,80,1.15439,0.300192612,1.1754,0.300222092,0.02101,6.226926259,32.47813168,1.250585,11.81036214,1.2564,44.28849382,43.84050442,190,0.021009999999999973,5926704.166999999,832.9366968110435,20.0,16658.73393622087,8.470752010113594,9995.240361732522,0.020935999999999975,0.00013282507293429637,-0.00013282507293429637,835.9078987041773,5.343205866787814,-5.343205866787814,16718.157974083548,106.86411733575599,-106.86411733575599,5851389.6568,56647.824797928304,-56647.824797928304,10030.731661238322,10094.813334852202,9967.056776809843,8.333205246721526,8.462266233091379,8.206112614660553,32.762525044,0.43073086420881795,-0.43073086420881795,1.249498,0.0018605328537813768,-0.0018605328537813768,11.790158774,0.0931053953085279,-0.0931053953085279,1.255489,0.0018809485638900045,-0.0018809485638900045,44.552683816,0.4374166377256943,-0.4374166377256943,44.095444706,0.4404182331653799,-0.4404182331653799,0.0,0.0,0.0,1.474545049768862,0.0,1.4504016890621287,,-0.40975766544065373,0.014795265515043328,0.0,0.0,0.0,0.0,
025_190℃_080_0.5mm.csv,0.5,80,1.1486,0.300255045,1.169305,0.300077299,0.020705,6.072976936,33.47612849,1.24672,11.78197483,1.252495,45.25810331,44.82088549,190,0.020704999999999973,5772899.637,845.2064718667,20.0,16904.129437334,8.13114877442754,10142.477662400399,0.020935999999999975,0.00013282507293429637,-0.00013282507293429637,835.9078987041773,5.343205866787814,-5.343205866787814,16718.157974083548,106.86411733575599,-106.86411733575599,5851389.6568,56647.824797928304,-56647.824797928304,10030.731661238322,10094.813334852202,9967.056776809843,8.333205246721526,8.462266233091379,8.206112614660553,32.762525044,0.43073086420881795,-0.43073086420881795,1.249498,0.0018605328537813768,-0.0018605328537813768,11.790158774,0.0931053953085279,-0.0931053953085279,1.255489,0.0018809485638900045,-0.0018809485638900045,44.552683816,0.4374166377256943,-0.4374166377256943,44.095444706,0.4404182331653799,-0.4404182331653799,-1.4516896715849599,1.4730741366819595,1.473074136681954,-1.1588316581904945,1.4730741366819504,-2.61687411291161,,2.6504782230117065,-0.29430582213690865,-0.2403593527742678,-0.31080865966253163,2.1893033751401654,2.236244958789185,
031_190℃_120_0.5mm.csv,0.5,120,1.095035,0.300004481,1.108155,0.300275038,0.01312,3.753596403,34.56620096,1.1738,10.96429806,1.18079,45.53049903,45.07574511,190,0.01312000000000002,3453321.3649999998,1333.841463414632,20.0,26676.82926829264,3.082148048217692,16006.097560975584,0.014127000000000046,0.0006268632227208496,-0.0006268632227208496,1240.7875979525916,57.07181106755063,-57.07181106755063,24815.75195905183,1141.436221351013,-1141.436221351013,3722593.7600000002,166435.14060772382,-166435.14060772382,14877.151029844963,15564.815067619369,14219.868453513805,3.571672870673221,3.9108365177839324,3.2619228743245268,32.522371043999996,1.286698349949663,-1.286698349949663,1.169485,0.0027299610803086004,-0.0027299610803086004,11.175971902,0.16884884378116652,-0.16884884378116652,1.176256,0.002828293213229526,-0.002828293213229526,43.69834295,1.2222903559394889,-1.2222903559394889,43.173927664,1.254807527071235,-1.254807527071235,-7.865168539325895,8.536585365853716,8.536585365853725,-8.018975584185934,8.536585365853728,-15.253438178688222,,6.685488602539716,0.37669051090521105,-2.1242414119657225,0.4115821250903487,4.42210420992296,4.6116202777951685,
032_190℃_120_0.5mm.csv,0.5,120,1.09572,0.30005488,1.110385,0.300241757,0.014665,4.150327689,31.33329391,1.16958,11.0431448,1.17642,42.37643871,41.86306783,190,0.014664999999999928,3850085.932,1193.3174224343734,20.0,23866.348448687466,3.8409190607333152,14319.809069212479,0.014127000000000046,0.0006268632227208496,-0.0006268632227208496,1240.7875979525916,57.07181106755063,-57.07181106755063,24815.75195905183,1141.436221351013,-1141.436221351013,3722593.7600000002,166435.14060772382,-166435.14060772382,14877.151029844963,15564.815067619369,14219.868453513805,3.571672870673221,3.9108365177839324,3.2619228743245268,32.522371043999996,1.286698349949663,-1.286698349949663,1.169485,0.0027299610803086004,-0.0027299610803086004,11.175971902,0.16884884378116652,-0.16884884378116652,1.176256,0.002828293213229526,-0.002828293213229526,43.69834295,1.2222903559394889,-1.2222903559394889,43.173927664,1.254807527071235,-1.254807527071235,2.984550561797028,-2.8980565973399255,-2.8980565973399255,2.5490565991023195,-2.8980565973399255,5.609685043948369,,-3.292589944043084,0.01582014631498354,-1.4203947591784072,0.039967685700920144,-2.8115879840152638,-2.844349110404701,
033_190℃_120_0.5mm.csv,0.5,120,1.09472,0.300171341,1.10896,0.300249719,0.01424,4.054634264,32.40009622,1.169395,11.20226113,1.17595,43.60235735,43.08865974,190,0.01424000000000003,3754384.545,1228.9325842696603,20.0,24578.651685393204,3.636900402775519,14747.191011235922,0.014127000000000046,0.0006268632227208496,-0.0006268632227208496,1240.7875979525916,57.07181106755063,-57.07181106755063,24815.75195905183,1141.436221351013,-1141.436221351013,3722593.7600000002,166435.14060772382,-166435.14060772382,14877.151029844963,15564.815067619369,14219.868453513805,3.571672870673221,3.9108365177839324,3.2619228743245268,32.522371043999996,1.286698349949663,-1.286698349949663,1.169485,0.0027299610803086004,-0.0027299610803086004,11.175971902,0.16884884378116652,-0.16884884378116652,1.176256,0.002828293213229526,-0.002828293213229526,43.69834295,1.2222903559394889,-1.2222903559394889,43.173927664,1.254807527071235,-1.254807527071235,0.0,0.0,0.0,0.0,0.0,0.0,,0.0,0.0,0.0,0.0,0.0,0.0,
034_190℃_120_0.5mm.csv,0.5,120,1.094685,0.300060846,1.10868,0.300272959,0.013995,3.991313026,31.54457164,1.166365,11.32345016,1.173145,42.8680218,42.27774272,190,0.013995000000000202,3691040.067,1250.446588067149,20.0,25008.931761342978,3.514020798480663,15005.359056805788,0.014127000000000046,0.0006268632227208496,-0.0006268632227208496,1240.7875979525916,57.07181106755063,-57.07181106755063,24815.75195905183,1141.436221351013,-1141.436221351013,3722593.7600000002,166435.14060772382,-166435.14060772382,14877.151029844963,15564.815067619369,14219.868453513805,3.571672870673221,3.9108365177839324,3.2619228743245268,32.522371043999996,1.286698349949663,-1.286698349949663,1.169485,0.0027299610803086004,-0.0027299610803086004,11.175971902,0.16884884378116652,-0.16884884378116652,1.176256,0.002828293213229526,-0.002828293213229526,43.69834295,1.2222903559394889,-1.2222903559394889,43.173927664,1.254807527071235,-1.254807527071235,-1.7205056179763214,1.7506252232927912,1.750625223292795,-1.6872133698813776,1.7506252232928101,-3.378690387041667,,-2.6405001213295805,-0.2591083423479548,1.081826504431789,-0.23853054976826787,-1.6841647897736824,-1.8819731801664945,
035_190℃_120_0.5mm.csv,0.5,120,1.094165,0.300100878,1.10878,0.30031612,0.014615,4.164453011,32.76769249,1.168285,11.34670536,1.174975,44.11439786,43.56442292,190,0.014615000000000045,3864136.891,1197.3999315771432,20.0,23947.998631542865,3.841793242310555,14368.799178925718,0.014127000000000046,0.0006268632227208496,-0.0006268632227208496,1240.7875979525916,57.07181106755063,-57.07181106755063,24815.75195905183,1141.436221351013,-1141.436221351013,3722593.7600000002,166435.14060772382,-166435.14060772382,14877.151029844963,15564.815067619369,14219.868453513805,3.571672870673221,3.9108365177839324,3.2619228743245268,32.522371043999996,1.286698349949663,-1.286698349949663,1.169485,0.0027299610803086004,-0.0027299610803086004,11.175971902,0.16884884378116652,-0.16884884378116652,1.176256,0.002828293213229526,-0.002828293213229526,43.69834295,1.2222903559394889,-1.2222903559394889,43.173927664,1.254807527071235,-1.254807527071235,2.633426966292229,-2.5658569962368256,-2.565856996236815,2.923311256066336,-2.56585699623682,5.633721489284425,,1.1345530195465572,-0.09492087788984427,1.28942030830877,-0.08291168842212238,1.1743413455602958,1.1041494046711822,
041_190℃_160_0.5mm.csv,0.5,160,1.06583,0.300061927,1.076955,0.300379041,0.011125,2.955107171,33.21836603,1.13399,11.00987781,1.139025,44.22824384,43.85232724,190,0.011125000000000052,2654728.1299999994,1573.0337078651612,20.0,31460.674157303223,2.0091054725340225,18876.404494381935,0.011332999999999992,0.0001583745560372296,-0.0001583745560372296,1544.4041806079522,21.569147030703583,-21.569147030703583,30888.083612159047,431.3829406140702,-431.3829406140702,2800080.4475999996,109397.98653512023,-109397.98653512023,18531.403707057623,18792.111208859475,18274.31306345443,2.157239362365835,2.2748504647653873,2.045708822896411,30.321201694000003,1.6579693643220286,-1.6579693643220286,1.129764,0.002749671343997338,-0.002749671343997338,13.11226143,1.214891303525242,-1.214891303525242,1.135833,0.002087620056427808,-0.002087620056427808,43.433463122,0.5132781647298988,-0.5132781647298988,42.97089898,0.5614915662846538,-0.5614915662846538,-1.8959435626089594,1.9325842696616014,1.9325842696615956,-5.608801714486697,1.9325842696615914,-7.398405562050331,,11.108126627088302,0.39885434512189016,-19.517419615683348,0.32722340153789825,2.4830102727447936,2.7107032877258566,CH03_最大圧力(MPa)・CH04_最大圧力(MPa)
042_190℃_160_0.5mm.csv,0.5,160,1.06331,0.300188192,1.07486,0.300171107,0.01155,3.242949404,29.99256517,1.13014,13.67982706,1.136305,43.67239223,43.20516784,190,0.01154999999999995,2942778.297,1515.1515151515218,20.0,30303.030303030435,2.312182947642847,18181.81818181826,0.011332999999999992,0.0001583745560372296,-0.0001583745560372296,1544.4041806079522,21.569147030703583,-21.569147030703583,30888.083612159047,431.3829406140702,-431.3829406140702,2800080.4475999996,109397.98653512023,-109397.98653512023,18531.403707057623,18792.111208859475,18274.31306345443,2.157239362365835,2.2748504647653873,2.045708822896411,30.321201694000003,1.6579693643220286,-1.6579693643220286,1.129764,0.002749671343997338,-0.002749671343997338,13.11226143,1.214891303525242,-1.214891303525242,1.135833,0.002087620056427808,-0.002087620056427808,43.433463122,0.5132781647298988,-0.5132781647298988,42.97089898,0.5614915662846538,-0.5614915662846538,1.8518518518522507,-1.8181818181821987,-1.8181818181822074,4.63307583305421,-1.818181818182223,6.570725385518611,,0.31853239771041797,0.057991031310716847,0.0,0.08764126097716546,1.195024557919009,1.194929751934312,
043_190℃_160_0.5mm.csv,0.5,160,1.06389,0.300076044,1.075285,0.300105686,0.011395,3.150907267,29.33384632,1.129485,13.82281323,1.135215,43.15665955,42.69499267,190,0.011395000000000044,2850801.581,1535.761298815264,20.0,30715.22597630528,2.209856055475859,18429.135585783166,0.011332999999999992,0.0001583745560372296,-0.0001583745560372296,1544.4041806079522,21.569147030703583,-21.569147030703583,30888.083612159047,431.3829406140702,-431.3829406140702,2800080.4475999996,109397.98653512023,-109397.98653512023,18531.403707057623,18792.111208859475,18274.31306345443,2.157239362365835,2.2748504647653873,2.045708822896411,30.321201694000003,1.6579693643220286,-1.6579693643220286,1.129764,0.002749671343997338,-0.002749671343997338,13.11226143,1.214891303525242,-1.214891303525242,1.135833,0.002087620056427808,-0.002087620056427808,43.433463122,0.5132781647298988,-0.5132781647298988,42.97089898,0.5614915662846538,-0.5614915662846538,0.48500881834337506,-0.48266783677172387,-0.48266783677172387,1.3627626361972704,-0.48266783677174346,1.8543809734993124,,-1.8847372432873317,0.0,1.0452337545852013,-0.00836775858575686,0.0,0.0,
044_190℃_160_0.5mm.csv,0.5,160,1.06092,0.300254246,1.072175,0.300337787,0.011255,3.039957784,29.16389847,1.126415,13.92258082,1.13331,43.08647929,42.56750881,190,0.011255000000000015,2739619.9969999995,1554.8645046645915,20.0,31097.29009329183,2.097579800424152,18658.3740559751,0.011332999999999992,0.0001583745560372296,-0.0001583745560372296,1544.4041806079522,21.569147030703583,-21.569147030703583,30888.083612159047,431.3829406140702,-431.3829406140702,2800080.4475999996,109397.98653512023,-109397.98653512023,18531.403707057623,18792.111208859475,18274.31306345443,2.157239362365835,2.2748504647653873,2.045708822896411,30.321201694000003,1.6579693643220286,-1.6579693643220286,1.129764,0.002749671343997338,-0.002749671343997338,13.11226143,1.214891303525242,-1.214891303525242,1.135833,0.002087620056427808,-0.002087620056427808,43.433463122,0.5132781647298988,-0.5132781647298988,42.97089898,0.5614915662846538,-0.5614915662846538,-0.7495590828914588,0.7552199022646976,0.7552199022646947,-2.590396567732768,0.7552199022646828,-3.3205390978678704,,-2.453175414531162,-0.27180529179228835,1.7745382228538287,-0.1761633386475942,-0.1626174517021922,-0.2985920643794272,
045_190℃_160_0.5mm.csv,0.5,160,1.06325,0.300004041,1.07459,0.300126272,0.01134,3.112600505,29.89733248,1.12879,13.12620823,1.13531,43.0235407,42.53449834,190,0.011339999999999906,2812474.233,1543.2098765432227,20.0,30864.197530864454,2.169622979742839,18518.518518518675,0.011332999999999992,0.0001583745560372296,-0.0001583745560372296,1544.4041806079522,21.569147030703583,-21.569147030703583,30888.083612159047,431.3829406140702,-431.3829406140702,2800080.4475999996,109397.98653512023,-109397.98653512023,18531.403707057623,18792.111208859475,18274.31306345443,2.157239362365835,2.2748504647653873,2.045708822896411,30.321201694000003,1.6579693643220286,-1.6579693643220286,1.129764,0.002749671343997338,-0.002749671343997338,13.11226143,1.214891303525242,-1.214891303525242,1.135833,0.002087620056427808,-0.002087620056427808,43.433463122,0.5132781647298988,-0.5132781647298988,42.97089898,0.5614915662846538,-0.5614915662846538,0.0,0.0,0.0,0.0,0.0,0.0,,0.0,-0.061532468337349516,-4.0469724329979915,0.0,-0.30845494389058303,-0.37590902343162014,
051_190℃_200_0.5mm.csv,0.5,200,1.0445,0.300005178,1.054,0.300151587,0.0095,2.504834191,32.42945116,1.109475,10.76286768,1.114935,43.19231884,42.8008713,190,0.009500000000000064,2204682.6040000003,1842.1052631578823,20.0,36842.105263157646,1.4247948801360641,22105.263157894587,0.00931100000000007,0.00021122854920677155,-0.00021122854920677155,1880.2765442616642,42.93867783856362,-42.93867783856362,37605.53088523328,858.7735567712715,-858.7735567712715,2122239.024,69679.65664448612,-69679.65664448612,22558.632692842006,23078.007597879656,22050.946417805833,1.3433676773817536,1.4198312778715874,1.2710219480016711,32.648948164000004,0.4155936549106857,-0.4155936549106857,1.108281,0.002014036370078658,-0.002014036370078658,10.843726925999999,0.08076252012602411,-0.08076252012602411,1.113964,0.0018640493555697516,-0.0018640493555697516,43.492675088,0.44433988540881636,-0.44433988540881636,43.067189424000006,0.4532821447516548,-0.4532821447516548,2.1505376344083458,-2.105263157894489,-2.105263157894484,4.260093367955701,-2.105263157894481,6.502245913502868,,-0.6326189055299558,0.06493770039368968,-0.8929571467839714,0.006278787117724074,-0.7931820543243517,-0.7055882901481211,
052_190℃_200_0.5mm.csv,0.5,200,1.044845,0.300386232,1.05386,0.300238764,0.009015,2.321655004,32.78083654,1.10984,10.75681514,1.115425,43.53765168,43.14308942,190,0.009014999999999995,2021416.2400000002,1941.2090959511934,20.0,38824.18191902387,1.2396644492244893,23294.50915141432,0.00931100000000007,0.00021122854920677155,-0.00021122854920677155,1880.2765442616642,42.93867783856362,-42.93867783856362,37605.53088523328,858.7735567712715,-858.7735567712715,2122239.024,69679.65664448612,-69679.65664448612,22558.632692842006,23078.007597879656,22050.946417805833,1.3433676773817536,1.4198312778715874,1.2710219480016711,32.648948164000004,0.4155936549106857,-0.4155936549106857,1.108281,0.002014036370078658,-0.002014036370078658,10.843726925999999,0.08076252012602411,-0.08076252012602411,1.113964,0.0018640493555697516,-0.0018640493555697516,43.492675088,0.44433988540881636,-0.44433988540881636,43.067189424000006,0.4532821447516548,-0.4532821447516548,-3.0645161290332052,3.1613976705500924,3.1613976705500972,-4.406627268919139,3.161397670550101,-7.3361015945499375,,0.44406428572160783,0.09785750684326137,-0.9486903731865739,0.05023029694179259,0.0,0.08832888652982274,
053_190℃_200_0.5mm.csv,0.5,200,1.044995,0.300262059,1.05421,0.300034532,0.009215,2.403174438,32.63591211,1.108755,10.93048524,1.114865,43.56639735,43.10501524,190,0.009215000000000195,2103139.906,1899.0775908843873,20.0,37981.551817687745,1.318396886652409,22788.931090612645,0.00931100000000007,0.00021122854920677155,-0.00021122854920677155,1880.2765442616642,42.93867783856362,-42.93867783856362,37605.53088523328,858.7735567712715,-858.7735567712715,2122239.024,69679.65664448612,-69679.65664448612,22558.632692842006,23078.007597879656,22050.946417805833,1.3433676773817536,1.4198312778715874,1.2710219480016711,32.648948164000004,0.4155936549106857,-0.4155936549106857,1.108281,0.002014036370078658,-0.002014036370078658,10.843726925999999,0.08076252012602411,-0.08076252012602411,1.113964,0.0018640493555697516,-0.0018640493555697516,43.492675088,0.44433988540881636,-0.44433988540881636,43.067189424000006,0.4532821447516548,-0.4532821447516548,-0.9139784946224724,0.9224091155712335,0.922409115571236,-0.5418908973105213,0.9224091155712296,-1.4509166256672472,,0.0,0.0,0.650505171603605,0.0,0.06602485180247847,0.0,
054_190℃_200_0.5mm.csv,0.5,200,1.04294,0.300271613,1.05224,0.300115697,0.0093,2.414714421,32.14246522,1.104805,10.85984141,1.110805,43.00230662,42.53846506,190,0.009300000000000086,2114598.7240000004,1881.7204301075094,20.0,37634.408602150186,1.3378073560000125,22580.64516129011,0.00931100000000007,0.00021122854920677155,-0.00021122854920677155,1880.2765442616642,42.93867783856362,-42.93867783856362,37605.53088523328,858.7735567712715,-858.7735567712715,2122239.024,69679.65664448612,-69679.65664448612,22558.632692842006,23078.007597879656,22050.946417805833,1.3433676773817536,1.4198312778715874,1.2710219480016711,32.648948164000004,0.4155936549106857,-0.4155936549106857,1.108281,0.002014036370078658,-0.002014036370078658,10.843726925999999,0.08076252012602411,-0.08076252012602411,1.113964,0.0018640493555697516,-0.0018640493555697516,43.492675088,0.44433988540881636,-0.44433988540881636,43.067189424000006,0.4532821447516548,-0.4532821447516548,0.0,0.0,0.0,0.0,0.0,0.0,,-1.511975177334798,-0.3562554396597894,0.0,-0.36416965282791663,-1.2296139992454558,-1.3143486363374735,
055_190℃_200_0.5mm.csv,0.5,200,1.044175,0.300144652,1.0537,0.30019796,0.009525,2.467555606,33.25607579,1.10853,10.90862516,1.11379,44.16470095,43.7485061,190,0.009525000000000006,2167357.646,1837.2703412073479,20.0,36745.40682414696,1.4043592910306133,22047.244094488175,0.00931100000000007,0.00021122854920677155,-0.00021122854920677155,1880.2765442616642,42.93867783856362,-42.93867783856362,37605.53088523328,858.7735567712715,-858.7735567712715,2122239.024,69679.65664448612,-69679.65664448612,22558.632692842006,23078.007597879656,22050.946417805833,1.3433676773817536,1.4198312778715874,1.2710219480016711,32.648948164000004,0.4155936549106857,-0.4155936549106857,1.108281,0.002014036370078658,-0.002014036370078658,10.843726925999999,0.08076252012602411,-0.08076252012602411,1.113964,0.0018640493555697516,-0.0018640493555697516,43.492675088,0.44433988540881636,-0.44433988540881636,43.067189424000006,0.4532821447516548,-0.4532821447516548,2.4193548387087915,-2.3622047244086053,-2.362204724408601,2.49498504852024,-2.3622047244085977,4.97470242872548,,1.900249265011265,-0.020293031373019264,0.4492123610118182,-0.09642423073645125,1.4402459613779368,1.492844524975048,
061_190℃_240_0.5mm.csv,0.5,240,1.03071,0.300087816,1.039095,0.300222483,0.008385,2.14398096,33.80339285,1.09467,10.87769848,1.10073,44.68109133,44.23312195,190,0.008385000000000087,1843758.477,2087.060226595089,20.0,41741.20453190178,1.0516948863704187,25044.722719141068,0.008553999999999996,0.00017487138130633218,-0.00017487138130633218,2046.5092304486593,41.74762561633857,-41.74762561633857,40930.18460897319,834.9525123267734,-834.9525123267734,1869499.1364,44507.32195683074,-44507.32195683074,24554.017052738942,25060.632996659235,24057.642658370427,1.0874428529872027,1.1342620653006201,1.042556208736059,32.538997008,0.7916886173775562,-0.7916886173775562,1.092087,0.0016165070367926357,-0.0016165070367926357,10.831237338,0.07417533624124689,-0.07417533624124689,1.098217,0.0015428933858176632,-0.0015428933858176632,43.370234343999996,0.8441995930984497,-0.8441995930984497,42.892910203999996,0.8586200546501203,-0.8586200546501203,-1.9871420222067102,2.027429934404059,2.0274299344040725,-0.875231632820101,2.0274299344040814,-4.188912650280888,,4.487606175988571,0.25276808528176276,0.8213807638925464,0.25776482375443005,3.5707171775893576,3.6995153633284947,
062_190℃_240_0.5mm.csv,0.5,240,1.030245,0.300279147,1.0388,0.300291621,0.008555,2.199556045,32.73435435,1.091935,10.93924108,1.0979,43.67359543,43.18601503,190,0.008554999999999868,1899264.424,2045.587375803655,20.0,40911.7475160731,1.1053202141033844,24547.048509643857,0.008553999999999996,0.00017487138130633218,-0.00017487138130633218,2046.5092304486593,41.74762561633857,-41.74762561633857,40930.18460897319,834.9525123267734,-834.9525123267734,1869499.1364,44507.32195683074,-44507.32195683074,24554.017052738942,25060.632996659235,24057.642658370427,1.0874428529872027,1.1342620653006201,1.042556208736059,32.538997008,0.7916886173775562,-0.7916886173775562,1.092087,0.0016165070367926357,-0.0016165070367926357,10.831237338,0.07417533624124689,-0.07417533624124689,1.098217,0.0015428933858176632,-0.0015428933858176632,43.370234343999996,0.8441995930984497,-0.8441995930984497,42.892910203999996,0.8586200546501203,-0.8586200546501203,0.0,0.0,0.0,2.1088979090971076,0.0,0.6964405316788311,,1.183166462772918,0.0022895659898859596,1.3917964560730522,0.0,1.235342865762291,1.244692476073816,
063_190℃_240_0.5mm.csv,0.5,240,1.029715,0.300349268,1.03839,0.300195135,0.008675,2.160233254,32.35158129,1.09173,10.78907906,1.0981,43.14066036,42.65509033,190,0.008674999999999988,1860038.119,2017.2910662824236,20.0,40345.821325648474,1.0976755566207463,24207.492795389084,0.008553999999999996,0.00017487138130633218,-0.00017487138130633218,2046.5092304486593,41.74762561633857,-41.74762561633857,40930.18460897319,834.9525123267734,-834.9525123267734,1869499.1364,44507.32195683074,-44507.32195683074,24554.017052738942,25060.632996659235,24057.642658370427,1.0874428529872027,1.1342620653006201,1.042556208736059,32.538997008,0.7916886173775562,-0.7916886173775562,1.092087,0.0016165070367926357,-0.0016165070367926357,10.831237338,0.07417533624124689,-0.07417533624124689,1.098217,0.0015428933858176632,-0.0015428933858176632,43.370234343999996,0.8441995930984497,-0.8441995930984497,42.892910203999996,0.8586200546501203,-0.8586200546501203,1.4026884862667663,-1.3832853025950376,-1.3832853025950222,0.0,-1.3832853025950191,0.0,,0.0,-0.016484875127056896,0.0,0.018216595318332994,0.0,0.0,
064_190℃_240_0.5mm.csv,0.5,240,1.0304,0.300283579,1.03878,0.300375095,0.00838,2.11659794,32.01613354,1.09191,10.78218223,1.09786,42.79831576,42.33038726,190,0.008380000000000054,1816222.8450000002,2088.30548926013,20.0,41766.1097852026,1.0353705742244965,25059.66587112156,0.008553999999999996,0.00017487138130633218,-0.00017487138130633218,2046.5092304486593,41.74762561633857,-41.74762561633857,40930.18460897319,834.9525123267734,-834.9525123267734,1869499.1364,44507.32195683074,-44507.32195683074,24554.017052738942,25060.632996659235,24057.642658370427,1.0874428529872027,1.1342620653006201,1.042556208736059,32.538997008,0.7916886173775562,-0.7916886173775562,1.092087,0.0016165070367926357,-0.0016165070367926357,10.831237338,0.07417533624124689,-0.07417533624124689,1.098217,0.0015428933858176632,-0.0015428933858176632,43.370234343999996,0.8441995930984497,-0.8441995930984497,42.892910203999996,0.8586200546501203,-0.8586200546501203,-2.045587375801483,2.0883054892579236,2.088305489257937,-2.3556116163660055,2.088305489257946,-5.676083613272676,,-1.0368820831137808,0.0,-0.06392417704649316,-0.003643319063670644,-0.7935543803530155,-0.7612293573590897,
065_190℃_240_0.5mm.csv,0.5,240,1.0298,0.300261992,1.038575,0.300062212,0.008775,2.228274029,31.78952301,1.09019,10.76798584,1.096495,42.55750884,42.05993645,190,0.008774999999999977,1928211.817,1994.3019943019995,20.0,39886.03988603999,1.151024400964283,23931.62393162399,0.008553999999999996,0.00017487138130633218,-0.00017487138130633218,2046.5092304486593,41.74762561633857,-41.74762561633857,40930.18460897319,834.9525123267734,-834.9525123267734,1869499.1364,44507.32195683074,-44507.32195683074,24554.017052738942,25060.632996659235,24057.642658370427,1.0874428529872027,1.1342620653006201,1.042556208736059,32.538997008,0.7916886173775562,-0.7916886173775562,1.092087,0.0016165070367926357,-0.0016165070367926357,10.831237338,0.07417533624124689,-0.07417533624124689,1.098217,0.0015428933858176632,-0.0015428933858176632,43.370234343999996,0.8441995930984497,-0.8441995930984497,42.892910203999996,0.8586200546501203,-0.8586200546501203,2.5715955581544403,-2.5071225071237535,-2.507122507123749,3.6651774661828904,-2.5071225071237464,4.860165102680605,,-1.7373440728034306,-0.1575221401031169,-0.19550528717694754,-0.12797158211131254,-1.3517445378297896,-1.3952704715793718,
001_210℃_020_0.5mm.csv,0.5,20,1.4778,0.300019299,1.58061,0.300151548,0.10281,13.7029291,47.92439281,1.87088,13.16133594,1.87895,61.08572876,60.76617691,210,0.10281000000000007,13402777.552,170.2169049703335,20.0,3404.33809940667,93.73738504225312,2042.6028596440021,0.102624,0.0005977185792661826,-0.0005977185792661826,170.5300607716577,0.9974653181572939,-0.9974653181572939,3410.601215433154,19.949306363145897,-19.949306363145897,13337618.851,58460.04135312691,-58460.04135312691,2046.332803816865,2058.3117048498484,2034.4236172346225,93.11092832572821,94.02934714458051,92.20148003737981,47.886057394,0.13543815539616133,-0.13543815539616133,1.874871,0.0031812898327565563,-0.0031812898327565563,13.06495985,0.12141237412796645,-0.12141237412796645,1.8827669999999999,0.003051656517368908,-0.003051656517368908,60.951017246000006,0.24162543157089306,-0.24162543157089306,60.643623714,0.23084155127819686,-0.23084155127819686,0.02918855808542185,-0.029180040852249994,-0.02918004085224666,0.4181029290747853,-0.029180040852244432,0.44741352537651474,,0.0,-0.16329231458850554,0.647563552844266,-0.15277722423711998,0.15315790392600442,0.12502561675899102,
002_210℃_020_0.5mm.csv,0.5,20,1.477935,0.300091873,1.58053,0.300041866,0.102595,13.59809621,47.83762307,1.87394,13.07665628,1.881825,60.91427935,60.60649094,210,0.10259499999999999,13298054.343999999,170.57361469857207,20.0,3411.4722939714416,92.81046839610065,2046.883376382865,0.102624,0.0005977185792661826,-0.0005977185792661826,170.5300607716577,0.9974653181572939,-0.9974653181572939,3410.601215433154,19.949306363145897,-19.949306363145897,13337618.851,58460.04135312691,-58460.04135312691,2046.332803816865,2058.3117048498484,2034.4236172346225,93.11092832572821,94.02934714458051,92.20148003737981,47.886057394,0.13543815539616133,-0.13543815539616133,1.874871,0.0031812898327565563,-0.0031812898327565563,13.06495985,0.12141237412796645,-0.12141237412796645,1.8827669999999999,0.003051656517368908,-0.003051656517368908,60.951017246000006,0.24162543157089306,-0.24162543157089306,60.643623714,0.23084155127819686,-0.23084155127819686,-0.1799961081921385,0.18032067839552263,0.18032067839552596,-0.3665184555006621,0.18032067839552818,-0.5458548447371205,,-0.18105548117011427,0.0,0.0,0.0,-0.12794212026670118,-0.13809052201944946,
003_210℃_020_0.5mm.csv,0.5,20,1.47801,0.300053931,1.58079,0.300131155,0.10278,13.64710462,47.98246524,1.87827,13.00984897,1.886175,60.99231421,60.69029849,210,0.10277999999999987,13346973.465,170.26658883051198,20.0,3405.3317766102396,93.31985936957132,2043.1990659661437,0.102624,0.0005977185792661826,-0.0005977185792661826,170.5300607716577,0.9974653181572939,-0.9974653181572939,3410.601215433154,19.949306363145897,-19.949306363145897,13337618.851,58460.04135312691,-58460.04135312691,2046.332803816865,2058.3117048498484,2034.4236172346225,93.11092832572821,94.02934714458051,92.20148003737981,47.886057394,0.13543815539616133,-0.13543815539616133,1.874871,0.0031812898327565563,-0.0031812898327565563,13.06495985,0.12141237412796645,-0.12141237412796645,1.8827669999999999,0.003051656517368908,-0.003051656517368908,60.951017246000006,0.24162543157089306,-0.24162543157089306,60.643623714,0.23084155127819686,-0.23084155127819686,0.0,0.0,0.0,0.0,0.0,0.0,,0.12117509809719557,0.23106396149290623,-0.510889852646641,0.23115858275875034,0.0,0.0,
004_210℃_020_0.5mm.csv,0.5,20,1.478815,0.300028399,1.58047,0.30009118,0.101655,13.56039801,47.67476697,1.877975,12.88831408,1.885595,60.56308104,60.27274005,210,0.10165500000000005,13260306.83,172.15090256258907,20.0,3443.0180512517813,91.69908100705106,2065.810830751069,0.102624,0.0005977185792661826,-0.0005977185792661826,170.5300607716577,0.9974653181572939,-0.9974653181572939,3410.601215433154,19.949306363145897,-19.949306363145897,13337618.851,58460.04135312691,-58460.04135312691,2046.332803816865,2058.3117048498484,2034.4236172346225,93.11092832572821,94.02934714458051,92.20148003737981,47.886057394,0.13543815539616133,-0.13543815539616133,1.874871,0.0031812898327565563,-0.0031812898327565563,13.06495985,0.12141237412796645,-0.12141237412796645,1.8827669999999999,0.003051656517368908,-0.003051656517368908,60.951017246000006,0.24162543157089306,-0.24162543157089306,60.643623714,0.23084155127819686,-0.23084155127819686,-1.094570928195974,1.1066843736164744,1.1066843736164744,-0.6493354858857493,1.1066843736164744,-1.7367989766267695,,-0.5208742883601287,0.21532172855054116,-1.4402932673856228,0.2003374383909146,-0.7037496044536516,-0.6880151365029157,
005_210℃_020_0.5mm.csv,0.5,20,1.47814,0.300080872,1.58142,0.300079606,0.10328,13.68006167,48.01103888,1.87329,13.18864398,1.88129,61.19968287,60.88241218,210,0.10328000000000004,13379982.064,169.4422927962819,20.0,3388.845855925638,94.00575153536873,2033.3075135553827,0.102624,0.0005977185792661826,-0.0005977185792661826,170.5300607716577,0.9974653181572939,-0.9974653181572939,3410.601215433154,19.949306363145897,-19.949306363145897,13337618.851,58460.04135312691,-58460.04135312691,2046.332803816865,2058.3117048498484,2034.4236172346225,93.11092832572821,94.02934714458051,92.20148003737981,47.886057394,0.13543815539616133,-0.13543815539616133,1.874871,0.0031812898327565563,-0.0031812898327565563,13.06495985,0.12141237412796645,-0.12141237412796645,1.8827669999999999,0.003051656517368908,-0.003051656517368908,60.951017246000006,0.24162543157089306,-0.24162543157089306,60.643623714,0.23084155127819686,-0.23084155127819686,0.48647596808733956,-0.48412083656096166,-0.48412083656096166,0.24731149040311262,-0.48412083656096166,0.7349905694575662,,0.18079742886574604,-0.03468627597468646,0.8563940016629407,-0.02842984868413238,0.3399914607043947,0.31654761103482476,
011_210℃_040_0.5mm.csv,0.5,40,1.32121,0.300070214,1.36732,0.300165122,0.04611,9.782222159,37.17957134,1.507125,12.31052332,1.52285,49.49009466,48.91753409,210,0.046110000000000095,9482057.037,379.527217523313,20.0,7590.544350466261,29.742697277283735,4554.326610279756,0.045952000000000034,0.0002553820667156797,-0.0002553820667156797,380.8416467882872,2.1308968810119273,-2.1308968810119273,7616.832935765745,42.61793762023872,-42.61793762023872,9488055.109000001,23985.745248830946,-23985.745248830946,4570.042788664291,4595.5983765485435,4544.629312430926,29.659087382432322,29.879305209057893,29.44049261533991,36.406578002,1.3851957119283065,-1.3851957119283065,1.511577,0.013609693971577791,-0.013609693971577791,12.221112218,0.39621892083122745,-0.39621892083122745,1.523169,0.012148562363506149,-0.012148562363506149,48.62769022,1.1761942793582618,-1.1761942793582618,48.135086376,1.2333599497637429,-1.2333599497637429,0.07596310363587498,-0.07590544350515588,-0.07590544350515288,0.0,-0.07590544350516086,0.09271792424609962,,1.4447126646953592,-0.7958057286164192,0.6366044292841808,-0.4627662703522367,1.7207067743601836,1.4995406885211398,
012_210℃_040_0.5mm.csv,0.5,40,1.32095,0.300041919,1.367025,0.300118227,0.046075,9.780588034,34.06962629,1.489555,12.81142537,1.502215,46.88105166,46.25206935,210,0.046074999999999866,9480469.807,379.8155181768866,20.0,7596.310363537732,29.715146010715902,4557.786218122639,0.045952000000000034,0.0002553820667156797,-0.0002553820667156797,380.8416467882872,2.1308968810119273,-2.1308968810119273,7616.832935765745,42.61793762023872,-42.61793762023872,9488055.109000001,23985.745248830946,-23985.745248830946,4570.042788664291,4595.5983765485435,4544.629312430926,29.659087382432322,29.879305209057893,29.44049261533991,36.406578002,1.3851957119283065,-1.3851957119283065,1.511577,0.013609693971577791,-0.013609693971577791,12.221112218,0.39621892083122745,-0.39621892083122745,1.523169,0.012148562363506149,-0.012148562363506149,48.62769022,1.1761942793582618,-1.1761942793582618,48.135086376,1.2333599497637429,-1.2333599497637429,0.0,0.0,0.0,-0.016739300278482885,0.0,0.0,,-7.040793505216326,-1.952324062097861,4.731400414258407,-1.8115207885328044,-3.6418551643058885,-4.0310620261147605,
013_210℃_040_0.5mm.csv,0.5,40,1.324075,0.30006551,1.37005,0.300151843,0.045975,9.78717035,36.4815213,1.520565,11.74812506,1.530715,48.22964636,47.82438286,210,0.0459750000000001,9487018.507,380.6416530723211,20.0,7612.833061446422,29.671134412199038,4567.699836867853,0.045952000000000034,0.0002553820667156797,-0.0002553820667156797,380.8416467882872,2.1308968810119273,-2.1308968810119273,7616.832935765745,42.61793762023872,-42.61793762023872,9488055.109000001,23985.745248830946,-23985.745248830946,4570.042788664291,4595.5983765485435,4544.629312430926,29.659087382432322,29.879305209057893,29.44049261533991,36.406578002,1.3851957119283065,-1.3851957119283065,1.511577,0.013609693971577791,-0.013609693971577791,12.221112218,0.39621892083122745,-0.39621892083122745,1.523169,0.012148562363506149,-0.012148562363506149,48.62769022,1.1761942793582618,-1.1761942793582618,48.135086376,1.2333599497637429,-1.2333599497637429,-0.2170374389577151,0.21750951604082736,0.21750951604082736,0.05232482762588984,0.21750951604082736,-0.14811166837609469,,-0.4599216057163137,0.08886168185542943,-3.960913462695876,0.05130953703764458,-0.8699872384392818,-0.7686510715940437,
014_210℃_040_0.5mm.csv,0.5,40,1.327305,0.300104767,1.37281,0.300171785,0.045505,9.763134692,36.65008295,1.519215,12.00283761,1.52993,48.65292056,48.19483296,210,0.04550500000000013,9462962.907,384.5731238325448,20.0,7691.462476650896,29.293341978437834,4614.877485990537,0.045952000000000034,0.0002553820667156797,-0.0002553820667156797,380.8416467882872,2.1308968810119273,-2.1308968810119273,7616.832935765745,42.61793762023872,-42.61793762023872,9488055.109000001,23985.745248830946,-23985.745248830946,4570.042788664291,4595.5983765485435,4544.629312430926,29.659087382432322,29.879305209057893,29.44049261533991,36.406578002,1.3851957119283065,-1.3851957119283065,1.511577,0.013609693971577791,-0.013609693971577791,12.221112218,0.39621892083122745,-0.39621892083122745,1.523169,0.012148562363506149,-0.012148562363506149,48.62769022,1.1761942793582618,-1.1761942793582618,48.135086376,1.2333599497637429,-1.2333599497637429,-1.2371134020612893,1.2526096033397223,1.2526096033397194,-0.20137117848472627,1.2526096033397074,-1.4194917034092873,,0.0,0.0,-1.87867816926366,0.0,0.0,0.0,
015_210℃_040_0.5mm.csv,0.5,40,1.327885,0.300218185,1.37398,0.300070867,0.046095,9.827838154,37.65208813,1.521425,12.23264973,1.530135,49.88473786,49.48661262,210,0.046095,9527767.287,379.65072133637057,20.0,7593.014426727412,29.876355992807138,4555.808656036447,0.045952000000000034,0.0002553820667156797,-0.0002553820667156797,380.8416467882872,2.1308968810119273,-2.1308968810119273,7616.832935765745,42.61793762023872,-42.61793762023872,9488055.109000001,23985.745248830946,-23985.745248830946,4570.042788664291,4595.5983765485435,4544.629312430926,29.659087382432322,29.879305209057893,29.44049261533991,36.406578002,1.3851957119283065,-1.3851957119283065,1.511577,0.013609693971577791,-0.013609693971577791,12.221112218,0.39621892083122745,-0.39621892083122745,1.523169,0.012148562363506149,-0.012148562363506149,48.62769022,1.1761942793582618,-1.1761942793582618,48.135086376,1.2333599497637429,-1.2333599497637429,0.04340748779192856,-0.043388653867292494,-0.0433886538672865,0.4820710297526551,-0.04338865386728251,0.5425178864445107,,2.7339779322382265,0.14546986437074708,0.0,0.013399305850595174,2.5318465691713103,2.6803281195561657,
021_210℃_080_0.5mm.csv,0.5,80,1.14893,0.300103688,1.1704,0.300060826,0.02147,5.997574528,34.34737534,1.2479,11.61163953,1.254595,45.95901488,45.46190905,210,0.0214700000000001,5697513.7020000005,815.0908244061443,20.0,16301.816488122886,8.321470692649019,9781.089892873732,0.021214999999999984,0.00027145441606285314,-0.00027145441606285314,824.9959973170569,10.54561941828426,-10.54561941828426,16499.919946341142,210.9123883656863,-210.9123883656863,5606058.7788,79126.1840149867,-79126.1840149867,9899.304483723683,10026.724101819142,9773.504114239307,8.089474644720767,8.296952804974522,7.887184797332487,33.375249622,0.7024458022617764,-0.7024458022617764,1.2448029999999999,0.0020525703398422213,-0.0020525703398422213,11.711681774,0.06054117498269057,-0.06054117498269057,1.251666,0.0018766073110802457,-0.0018766073110802457,45.0869314,0.6682705579244183,-0.6682705579244183,44.553891238,0.6858685542774621,-0.6858685542774621,1.3452914798210556,-1.3274336283190078,-1.3274336283190022,1.5737871950503257,-1.3274336283189987,3.970880146733926,,3.1016085031648464,0.26836793726296027,-1.1340646893493598,0.25170902436782966,1.9975594474675118,2.1237463562851935,
022_210℃_080_0.5mm.csv,0.5,80,1.150595,0.30004754,1.17157,0.300052709,0.020975,5.909288969,32.62205951,1.24497,11.69762207,1.251565,44.31968158,43.78406863,210,0.020974999999999966,5609236.260000001,834.3265792610264,20.0,16686.531585220528,8.003655139693866,10011.918951132317,0.021214999999999984,0.00027145441606285314,-0.00027145441606285314,824.9959973170569,10.54561941828426,-10.54561941828426,16499.919946341142,210.9123883656863,-210.9123883656863,5606058.7788,79126.1840149867,-79126.1840149867,9899.304483723683,10026.724101819142,9773.504114239307,8.089474644720767,8.296952804974522,7.887184797332487,33.375249622,0.7024458022617764,-0.7024458022617764,1.2448029999999999,0.0020525703398422213,-0.0020525703398422213,11.711681774,0.06054117498269057,-0.06054117498269057,1.251666,0.0018766073110802457,-0.0018766073110802457,45.0869314,0.6682705579244183,-0.6682705579244183,44.553891238,0.6858685542774621,-0.6858685542774621,-0.9912674061838254,1.0011918951134335,1.001191895113439,0.0,1.0011918951134426,0.0,,-2.0773268736473507,0.032943369544240486,-0.4019764932317686,0.009588915214022192,-1.6406385460609951,-1.6452847525921683,
023_210℃_080_0.5mm.csv,0.5,80,1.147985,0.300281428,1.168915,0.300277293,0.02093,5.827908678,33.76816534,1.24456,11.74585988,1.251445,45.51402522,44.98206467,210,0.020929999999999893,5527631.385000001,836.1204013377969,20.0,16722.40802675594,7.870294210071388,10033.444816053565,0.021214999999999984,0.00027145441606285314,-0.00027145441606285314,824.9959973170569,10.54561941828426,-10.54561941828426,16499.919946341142,210.9123883656863,-210.9123883656863,5606058.7788,79126.1840149867,-79126.1840149867,9899.304483723683,10026.724101819142,9773.504114239307,8.089474644720767,8.296952804974522,7.887184797332487,33.375249622,0.7024458022617764,-0.7024458022617764,1.2448029999999999,0.0020525703398422213,-0.0020525703398422213,11.711681774,0.06054117498269057,-0.06054117498269057,1.251666,0.0018766073110802457,-0.0018766073110802457,45.0869314,0.6682705579244183,-0.6682705579244183,44.553891238,0.6858685542774621,-0.6858685542774621,-1.203681850366373,1.2183468705213414,1.218346870521358,-1.4548304121531153,1.218346870521369,-1.6662503230689962,,1.3629754323702812,0.0,0.008738650884269896,0.0,1.0099869457969084,1.0458438489418675,
024_210℃_080_0.5mm.csv,0.5,80,1.148085,0.300071829,1.1696,0.300072823,0.021515,5.970096965,33.31410231,1.244435,11.74483354,1.251375,45.05893585,44.51649168,210,0.02151499999999995,5670024.142,813.386009760634,20.0,16267.72019521268,8.298678191505422,9760.632117127609,0.021214999999999984,0.00027145441606285314,-0.00027145441606285314,824.9959973170569,10.54561941828426,-10.54561941828426,16499.919946341142,210.9123883656863,-210.9123883656863,5606058.7788,79126.1840149867,-79126.1840149867,9899.304483723683,10026.724101819142,9773.504114239307,8.089474644720767,8.296952804974522,7.887184797332487,33.375249622,0.7024458022617764,-0.7024458022617764,1.2448029999999999,0.0020525703398422213,-0.0020525703398422213,11.711681774,0.06054117498269057,-0.06054117498269057,1.251666,0.0018766073110802457,-0.0018766073110802457,45.0869314,0.6682705579244183,-0.6682705579244183,44.553891238,0.6858685542774621,-0.6858685542774621,1.557705924002555,-1.5338136184054953,-1.533813618405493,1.0837104943053206,-1.5338136184054818,3.686103994516196,,0.0,-0.010043710226919775,0.0,-0.0055935338748418426,0.0,0.0,
025_210℃_080_0.5mm.csv,0.5,80,1.14712,0.300285788,1.168305,0.300082959,0.021185,5.825971364,32.82454561,1.24215,11.75845385,1.24935,44.58299947,44.02492216,210,0.02118500000000001,5525888.405,826.0561718196834,20.0,16521.123436393667,7.9636697863894605,9912.6740618362,0.021214999999999984,0.00027145441606285314,-0.00027145441606285314,824.9959973170569,10.54561941828426,-10.54561941828426,16499.919946341142,210.9123883656863,-210.9123883656863,5606058.7788,79126.1840149867,-79126.1840149867,9899.304483723683,10026.724101819142,9773.504114239307,8.089474644720767,8.296952804974522,7.887184797332487,33.375249622,0.7024458022617764,-0.7024458022617764,1.2448029999999999,0.0020525703398422213,-0.0020525703398422213,11.711681774,0.06054117498269057,-0.06054117498269057,1.251666,0.0018766073110802457,-0.0018766073110802457,45.0869314,0.6682705579244183,-0.6682705579244183,44.553891238,0.6858685542774621,-0.6858685542774621,0.0,0.0,0.0,-1.4859038046652082,0.0,-0.49958865801324887,,-1.4695179099964808,-0.19364273317477848,0.11596852312646998,-0.1674064781113,-1.0562530406496502,-1.1042413753841411,
031_210℃_120_0.5mm.csv,0.5,120,1.09238,0.300170266,1.106545,0.300391174,0.014165,3.906050772,31.80302486,1.163125,11.1244566,1.16928,42.92748146,42.37172656,210,0.014164999999999983,3605659.5979999998,1235.4394634662917,20.0,24708.789269325833,3.4744332112700635,14825.273561595499,0.01393099999999996,0.000180948887810874,-0.000180948887810874,1256.3599600805555,16.23821245723544,-16.23821245723544,25127.19920161111,324.764249144711,-324.764249144711,3479921.2379999994,81528.33207556765,-81528.33207556765,15075.308765924927,15271.915347431992,14881.233245323616,3.2969365287041326,3.408800828318097,3.1887432037696417,31.936613901999998,0.2950547702986721,-0.2950547702986721,1.160361,0.0016516181459405863,-0.0016516181459405863,11.135360684,0.045233924127517276,-0.045233924127517276,1.1664999999999999,0.0016937347785294541,-0.0016937347785294541,43.071974588,0.30947161287602737,-0.30947161287602737,42.51087184399999,0.3241702340671387,-0.3241702340671387,2.348265895954727,-2.294387575009736,-2.2943875750097398,4.39894678850677,-2.294387575009742,5.26488828303036,,-0.03239494183902953,0.2918757652577277,0.0,0.2752836450642035,0.0,0.0,
032_210℃_120_0.5mm.csv,0.5,120,1.08935,0.300312892,1.10319,0.300110684,0.01384,3.805866623,31.81333077,1.15974,11.11165555,1.16607,42.92498632,42.35044722,210,0.013839999999999852,3505755.9390000002,1264.4508670520365,20.0,25289.01734104073,3.300657292228536,15173.410404624437,0.01393099999999996,0.000180948887810874,-0.000180948887810874,1256.3599600805555,16.23821245723544,-16.23821245723544,25127.19920161111,324.764249144711,-324.764249144711,3479921.2379999994,81528.33207556765,-81528.33207556765,15075.308765924927,15271.915347431992,14881.233245323616,3.2969365287041326,3.408800828318097,3.1887432037696417,31.936613901999998,0.2950547702986721,-0.2950547702986721,1.160361,0.0016516181459405863,-0.0016516181459405863,11.135360684,0.045233924127517276,-0.045233924127517276,1.1664999999999999,0.0016937347785294541,-0.0016937347785294541,43.071974588,0.30947161287602737,-0.30947161287602737,42.51087184399999,0.3241702340671387,-0.3241702340671387,0.0,0.0,0.0,1.5063174383309141,0.0,0.0,,0.0,0.0,-0.1150712386257159,0.0,-0.005812453736251913,-0.05022061107155303,
033_210℃_120_0.5mm.csv,0.5,120,1.08938,0.300256431,1.10317,0.300286606,0.01379,3.754018381,32.1130984,1.16045,11.0819879,1.166735,43.1950863,42.64085055,210,0.013789999999999969,3453731.7749999994,1269.0355329949268,20.0,25380.710659898537,3.2399293317857056,15228.426395939121,0.01393099999999996,0.000180948887810874,-0.000180948887810874,1256.3599600805555,16.23821245723544,-16.23821245723544,25127.19920161111,324.764249144711,-324.764249144711,3479921.2379999994,81528.33207556765,-81528.33207556765,15075.308765924927,15271.915347431992,14881.233245323616,3.2969365287041326,3.408800828318097,3.1887432037696417,31.936613901999998,0.2950547702986721,-0.2950547702986721,1.160361,0.0016516181459405863,-0.0016516181459405863,11.135360684,0.045233924127517276,-0.045233924127517276,1.1664999999999999,0.0016937347785294541,-0.0016937347785294541,43.071974588,0.30947161287602737,-0.30947161287602737,42.51087184399999,0.3241702340671387,-0.3241702340671387,-0.3612716762997399,0.36258158085486303,0.36258158085487024,0.0,0.36258158085486303,-1.8398747602732275,,0.9422704971297102,0.061220618414471205,-0.38175977063006006,0.05702916634508544,0.6233881674361733,0.6351499262578177,
034_210℃_120_0.5mm.csv,0.5,120,1.08833,0.300252833,1.102415,0.300065674,0.014085,3.745254883,32.35151205,1.159685,11.19915735,1.165495,43.5506694,43.0103799,210,0.014084999999999903,3445189.209,1242.4565140220177,20.0,24849.130280440353,3.3010537420928343,14909.478168264211,0.01393099999999996,0.000180948887810874,-0.000180948887810874,1256.3599600805555,16.23821245723544,-16.23821245723544,25127.19920161111,324.764249144711,-324.764249144711,3479921.2379999994,81528.33207556765,-81528.33207556765,15075.308765924927,15271.915347431992,14881.233245323616,3.2969365287041326,3.408800828318097,3.1887432037696417,31.936613901999998,0.2950547702986721,-0.2950547702986721,1.160361,0.0016516181459405863,-0.0016516181459405863,11.135360684,0.045233924127517276,-0.045233924127517276,1.1664999999999999,0.0016937347785294541,-0.0016937347785294541,43.071974588,0.30947161287602737,-0.30947161287602737,42.51087184399999,0.3241702340671387,-0.3241702340671387,1.770231213873218,-1.7394391196311851,-1.7394391196311851,-0.24734306415557253,-1.7394391196311851,0.012011239859150103,,1.6916847968258066,-0.004742442271536399,0.6715002151206187,-0.04931093330589006,1.4517225767849506,1.507262960114783,
035_210℃_120_0.5mm.csv,0.5,120,1.08882,0.300125056,1.102595,0.300034172,0.013775,3.689303841,31.60210343,1.158805,11.15954602,1.16492,42.76164946,42.18095499,210,0.013775000000000093,3389269.6689999998,1270.4174228675051,20.0,25408.348457350105,3.1759992986717895,15245.009074410063,0.01393099999999996,0.000180948887810874,-0.000180948887810874,1256.3599600805555,16.23821245723544,-16.23821245723544,25127.19920161111,324.764249144711,-324.764249144711,3479921.2379999994,81528.33207556765,-81528.33207556765,15075.308765924927,15271.915347431992,14881.233245323616,3.2969365287041326,3.408800828318097,3.1887432037696417,31.936613901999998,0.2950547702986721,-0.2950547702986721,1.160361,0.0016516181459405863,-0.0016516181459405863,11.135360684,0.045233924127517276,-0.045233924127517276,1.1664999999999999,0.0016937347785294541,-0.0016937347785294541,43.071974588,0.30947161287602737,-0.30947161287602737,42.51087184399999,0.3241702340671387,-0.3241702340671387,-0.4696531791890201,0.47186932849191243,0.47186932849192326,-1.8664479525194073,0.4718693284919305,-3.7767627026973205,,-0.6639585824166145,-0.08062151861623365,0.31542592381546314,-0.09862186661178012,-0.38630731261167667,-0.4502331754875805,
041_210℃_160_0.5mm.csv,0.5,160,1.062135,0.300237116,1.072955,0.300220692,0.01082,2.820074011,31.68283573,1.124485,10.63265025,1.13078,42.31548598,41.79341988,210,0.010820000000000052,2519853.319,1617.3752310535967,20.0,32347.504621071934,1.8547491776585125,19408.50277264316,0.010787000000000014,0.00012517987058627836,-0.00012517987058627836,1622.4991882023382,18.961187310251848,-18.961187310251848,32449.983764046763,379.223746205035,-379.223746205035,2498666.7490000003,42397.624194186385,-42397.624194186385,19468.931631043582,19696.982497885336,19243.52112791606,1.8332350828698178,1.8825601732348611,1.785202362636742,31.849444652,0.2886802398253594,-0.2886802398253594,1.123163,0.0009827932132447897,-0.0009827932132447897,10.680141406,0.0449428125109414,-0.0449428125109414,1.129102,0.001155582104395873,-0.001155582104395873,42.529586054,0.28331695986084227,-0.28331695986084227,42.032456954000004,0.30282121403525075,-0.30282121403525075,0.0,0.0,0.0,0.5718979107812794,0.0,0.0,,-0.20551480394686727,0.11975354808838876,-0.4424867008819068,0.13282799659958866,-0.40695367246836145,-0.4469167253604001,
042_210℃_160_0.5mm.csv,0.5,160,1.06016,0.300221736,1.07075,0.300118649,0.01059,2.746604943,31.95925718,1.12314,10.64131453,1.12928,42.60057171,42.1042294,210,0.0105900000000001,2446486.294,1652.5023607176427,20.0,33050.04721435285,1.7624686975143022,19830.028328611712,0.010787000000000014,0.00012517987058627836,-0.00012517987058627836,1622.4991882023382,18.961187310251848,-18.961187310251848,32449.983764046763,379.223746205035,-379.223746205035,2498666.7490000003,42397.624194186385,-42397.624194186385,19468.931631043582,19696.982497885336,19243.52112791606,1.8332350828698178,1.8825601732348611,1.785202362636742,31.849444652,0.2886802398253594,-0.2886802398253594,1.123163,0.0009827932132447897,-0.0009827932132447897,10.680141406,0.0449428125109414,-0.0449428125109414,1.129102,0.001155582104395873,-0.001155582104395873,42.529586054,0.28331695986084227,-0.28331695986084227,42.032456954000004,0.30282121403525075,-0.30282121403525075,-2.125693160812859,2.171860245514164,2.171860245514167,-2.3563125896798898,2.171860245514159,-4.975361696113961,,0.6651565126921445,0.0,-0.36135978040152855,0.0,0.26401951046111055,0.2934401565591348,
043_210℃_160_0.5mm.csv,0.5,160,1.059825,0.300037654,1.07059,0.300222402,0.010765,2.768060616,31.56059274,1.121915,10.7065235,1.12765,42.26711623,41.7689986,210,0.010764999999999914,2467838.2139999997,1625.638643752916,20.0,32512.772875058323,1.8072298213408013,19507.663725034996,0.010787000000000014,0.00012517987058627836,-0.00012517987058627836,1622.4991882023382,18.961187310251848,-18.961187310251848,32449.983764046763,379.223746205035,-379.223746205035,2498666.7490000003,42397.624194186385,-42397.624194186385,19468.931631043582,19696.982497885336,19243.52112791606,1.8332350828698178,1.8825601732348611,1.785202362636742,31.849444652,0.2886802398253594,-0.2886802398253594,1.123163,0.0009827932132447897,-0.0009827932132447897,10.680141406,0.0449428125109414,-0.0449428125109414,1.129102,0.001155582104395873,-0.001155582104395873,42.529586054,0.28331695986084227,-0.28331695986084227,42.032456954000004,0.30282121403525075,-0.30282121403525075,-0.5083179297609797,0.5109150023236337,0.5109150023236394,-1.5041188916390418,0.5109150023236431,-2.5620367912873787,,-0.5905553463982196,-0.10906921666043695,0.24921639255183875,-0.14433975630490403,-0.5207959370917166,-0.5050888904642323,
044_210℃_160_0.5mm.csv,0.5,160,1.060055,0.300119483,1.070985,0.300188342,0.01093,2.80571262,31.74808274,1.12261,10.74031133,1.12851,42.48839406,41.98104017,210,0.010930000000000106,2505524.2780000004,1601.097895699893,20.0,32021.95791399786,1.862951044798658,19213.174748398716,0.010787000000000014,0.00012517987058627836,-0.00012517987058627836,1622.4991882023382,18.961187310251848,-18.961187310251848,32449.983764046763,379.223746205035,-379.223746205035,2498666.7490000003,42397.624194186385,-42397.624194186385,19468.931631043582,19696.982497885336,19243.52112791606,1.8332350828698178,1.8825601732348611,1.785202362636742,31.849444652,0.2886802398253594,-0.2886802398253594,1.123163,0.0009827932132447897,-0.0009827932132447897,10.680141406,0.0449428125109414,-0.0449428125109414,1.129102,0.001155582104395873,-0.001155582104395873,42.529586054,0.28331695986084227,-0.28331695986084227,42.032456954000004,0.30282121403525075,-0.30282121403525075,1.0166358595199072,-1.006404391583294,-1.0064043915832857,0.0,-1.0064043915832894,0.4422089649070305,,0.0,-0.04718913047348678,0.565584584440167,-0.06818503825447714,0.0,0.0,
045_210℃_160_0.5mm.csv,0.5,160,1.06003,0.300364114,1.07086,0.300206078,0.01083,2.853837718,32.29645487,1.123665,10.67990742,1.12929,42.97636229,42.51459672,210,0.010829999999999895,2553631.6399999997,1615.8818097876426,20.0,32317.636195752853,1.8813490245714102,19390.58171745171,0.010787000000000014,0.00012517987058627836,-0.00012517987058627836,1622.4991882023382,18.961187310251848,-18.961187310251848,32449.983764046763,379.223746205035,-379.223746205035,2498666.7490000003,42397.624194186385,-42397.624194186385,19468.931631043582,19696.982497885336,19243.52112791606,1.8332350828698178,1.8825601732348611,1.785202362636742,31.849444652,0.2886802398253594,-0.2886802398253594,1.123163,0.0009827932132447897,-0.0009827932132447897,10.680141406,0.0449428125109414,-0.0449428125109414,1.129102,0.001155582104395873,-0.001155582104395873,42.529586054,0.28331695986084227,-0.28331695986084227,42.032456954000004,0.30282121403525075,-0.30282121403525075,0.09242144177304454,-0.09233610341499181,-0.09233610341498617,1.9200517202092446,-0.09233610341500118,1.434147928642191,,1.7272606175650815,0.046743949997318825,0.0,0.0008855199773168273,1.148474167583071,1.270946474502278,
051_210℃_200_0.5mm.csv,0.5,200,1.045175,0.300258866,1.05413,0.300252948,0.008955,2.237774272,32.37151288,1.10619,10.50298683,1.112155,42.8744997,42.42257709,210,0.008955000000000046,1937521.3239999998,1954.215522054708,20.0,39084.31044109416,1.1803063575795978,23450.586264656496,0.008753999999999929,0.00023455809514919888,-0.00023455809514919888,2000.2514071349456,54.36637288821886,-54.36637288821886,40005.02814269891,1087.3274577643786,-1087.3274577643786,1927252.3796,33744.701364103355,-33744.701364103355,23995.990934422807,24652.464627206125,23356.998565143385,1.147224840468612,1.1968244374559016,1.0996807830778659,32.018686882,0.2739019516331096,-0.2739019516331096,1.102653,0.0020650593211818517,-0.0020650593211818517,10.506501148,0.055926604517143846,-0.055926604517143846,1.108455,0.0022085487316335466,-0.0022085487316335466,42.525188028,0.29256815236278255,-0.29256815236278255,42.065478592,0.2898394864297526,-0.2898394864297526,0.7311586051766584,-0.7258514796225993,-0.7258514796225901,0.615748204000611,-0.7258514796225839,1.1239085484660853,,0.9925589608170151,0.4294300292339169,0.08734330271863766,0.44979339309503774,0.5196126309906018,0.5854653835350876,
052_210℃_200_0.5mm.csv,0.5,200,1.042645,0.300360914,1.051555,0.300326467,0.00891,2.225990549,32.16641728,1.1028,10.4873088,1.108865,42.65372608,42.19119454,210,0.008909999999999973,1925664.082,1964.0852974186366,20.0,39281.705948372735,1.167188229293874,23569.02356902364,0.008753999999999929,0.00023455809514919888,-0.00023455809514919888,2000.2514071349456,54.36637288821886,-54.36637288821886,40005.02814269891,1087.3274577643786,-1087.3274577643786,1927252.3796,33744.701364103355,-33744.701364103355,23995.990934422807,24652.464627206125,23356.998565143385,1.147224840468612,1.1968244374559016,1.0996807830778659,32.018686882,0.2739019516331096,-0.2739019516331096,1.102653,0.0020650593211818517,-0.0020650593211818517,10.506501148,0.055926604517143846,-0.055926604517143846,1.108455,0.0022085487316335466,-0.0022085487316335466,42.525188028,0.29256815236278255,-0.29256815236278255,42.065478592,0.2898394864297526,-0.2898394864297526,0.22497187851666345,-0.22446689113502827,-0.22446689113501672,0.0,-0.22446689113501672,0.0,,0.3527022586484466,0.12165671018465461,-0.06205918595613239,0.15264072978526153,0.002007086510235704,0.03684898467738663,
053_210℃_200_0.5mm.csv,0.5,200,1.04217,0.300410315,1.05059,0.300300672,0.00842,2.179721411,31.81940185,1.10146,10.44888326,1.10711,42.26828511,41.81770462,210,0.008419999999999872,1879420.739,2078.384798099794,20.0,41567.69596199588,1.0765117430190312,24940.61757719753,0.008753999999999929,0.00023455809514919888,-0.00023455809514919888,2000.2514071349456,54.36637288821886,-54.36637288821886,40005.02814269891,1087.3274577643786,-1087.3274577643786,1927252.3796,33744.701364103355,-33744.701364103355,23995.990934422807,24652.464627206125,23356.998565143385,1.147224840468612,1.1968244374559016,1.0996807830778659,32.018686882,0.2739019516331096,-0.2739019516331096,1.102653,0.0020650593211818517,-0.0020650593211818517,10.506501148,0.055926604517143846,-0.055926604517143846,1.108455,0.0022085487316335466,-0.0022085487316335466,42.525188028,0.29256815236278255,-0.29256815236278255,42.065478592,0.2898394864297526,-0.2898394864297526,-5.286839145106622,5.581947743467658,5.581947743467667,-2.4014231470720175,5.581947743467674,-7.76879718275606,,-0.7299155480787924,0.0,-0.4282321875814436,-0.005870797299431593,-0.9016623969266295,-0.8487091307468315,
054_210℃_200_0.5mm.csv,0.5,200,1.042435,0.300415857,1.05103,0.300095906,0.008595,2.220536479,31.68273806,1.1014,10.49382118,1.10697,42.17655925,41.72026347,210,0.008594999999999908,1920440.573,2036.0674810936807,20.0,40721.34962187361,1.1228698452336616,24432.809773124165,0.008753999999999929,0.00023455809514919888,-0.00023455809514919888,2000.2514071349456,54.36637288821886,-54.36637288821886,40005.02814269891,1087.3274577643786,-1087.3274577643786,1927252.3796,33744.701364103355,-33744.701364103355,23995.990934422807,24652.464627206125,23356.998565143385,1.147224840468612,1.1968244374559016,1.0996807830778659,32.018686882,0.2739019516331096,-0.2739019516331096,1.102653,0.0020650593211818517,-0.0020650593211818517,10.506501148,0.055926604517143846,-0.055926604517143846,1.108455,0.0022085487316335466,-0.0022085487316335466,42.525188028,0.29256815236278255,-0.29256815236278255,42.065478592,0.2898394864297526,-0.2898394864297526,-3.318335208098306,3.4322280395571467,3.4322280395571427,-0.27125753909138167,3.43222803955714,-3.797021161447467,,-1.156278873158696,-0.005447315381418392,0.0,-0.018515591482828886,-1.1167144203895383,-1.0797456234017624,
055_210℃_200_0.5mm.csv,0.5,200,1.04211,0.300038019,1.051,0.300295972,0.00889,2.273511152,32.05336434,1.101415,10.59950567,1.107175,42.65287,42.17565324,210,0.008889999999999842,1973215.1800000002,1968.503937007909,20.0,39370.07874015818,1.1933253707618838,23622.047244094905,0.008753999999999929,0.00023455809514919888,-0.00023455809514919888,2000.2514071349456,54.36637288821886,-54.36637288821886,40005.02814269891,1087.3274577643786,-1087.3274577643786,1927252.3796,33744.701364103355,-33744.701364103355,23995.990934422807,24652.464627206125,23356.998565143385,1.147224840468612,1.1968244374559016,1.0996807830778659,32.018686882,0.2739019516331096,-0.2739019516331096,1.102653,0.0020650593211818517,-0.0020650593211818517,10.506501148,0.055926604517143846,-0.055926604517143846,1.108455,0.0022085487316335466,-0.0022085487316335466,42.525188028,0.29256815236278255,-0.29256815236278255,42.065478592,0.2898394864297526,-0.2898394864297526,0.0,0.0,0.0,2.4693350436600308,0.0,2.2393253129208035,,0.0,-0.004085486536058754,1.0071115963117623,0.0,0.0,0.0,
061_210℃_240_0.5mm.csv,0.5,240,1.028315,0.300042303,1.03605,0.30030455,0.007735,1.978805017,31.55460837,1.08672,10.35157629,1.092525,41.90618466,41.465301,210,0.007734999999999825,1678500.4670000002,2262.4434389140783,20.0,45248.86877828157,0.8832109600166467,27149.321266968946,0.00803499999999988,0.00020943376041125656,-0.00020943376041125656,2179.161397713543,57.088495752441005,-57.088495752441005,43583.22795427086,1141.7699150488238,-1141.7699150488238,1699425.401,25025.76568876499,-25025.76568876499,26142.78361307876,26834.921971094776,25468.497198405566,0.9285699541954859,0.9651757315747872,0.8933525073488603,31.343664003999997,0.25910777863939155,-0.25910777863939155,1.0873110000000001,0.001338251657947815,-0.001338251657947815,10.383167228000001,0.14273512325006205,-0.14273512325006205,1.093302,0.0015314968168427946,-0.0015314968168427946,41.726831232,0.3392397116018791,-0.3392397116018791,41.279354564,0.3285485368093729,-0.3285485368093729,-3.613707165110596,3.7491919844877977,3.749191984487806,-0.9121544579843887,3.7491919844878256,-4.492899032089959,,0.3195264101655792,-0.04782752658107465,-0.786373113808438,-0.08185326772878583,0.04406292967761472,0.0792515480239289,
062_210℃_240_0.5mm.csv,0.5,240,1.03028,0.300059995,1.03859,0.30024032,0.00831,2.021981932,31.09539301,1.087755,10.51803948,1.09342,41.61343249,41.13860853,210,0.008309999999999818,1721741.6120000002,2105.8965102286866,20.0,42117.93020457373,0.9733110745387542,25270.758122744235,0.00803499999999988,0.00020943376041125656,-0.00020943376041125656,2179.161397713543,57.088495752441005,-57.088495752441005,43583.22795427086,1141.7699150488238,-1141.7699150488238,1699425.401,25025.76568876499,-25025.76568876499,26142.78361307876,26834.921971094776,25468.497198405566,0.9285699541954859,0.9651757315747872,0.8933525073488603,31.343664003999997,0.25910777863939155,-0.25910777863939155,1.0873110000000001,0.001338251657947815,-0.001338251657947815,10.383167228000001,0.14273512325006205,-0.14273512325006205,1.093302,0.0015314968168427946,-0.0015314968168427946,41.726831232,0.3392397116018791,-0.3392397116018791,41.279354564,0.3285485368093729,-0.3285485368093729,3.5514018691572646,-3.4296028880851233,-3.4296028880851273,1.6405239481634137,-3.42960288808513,5.250187415479704,,-1.1404272959711284,0.047367646517792135,0.8090763482121149,0.0,-0.6548343036521368,-0.7092423757022011,
063_210℃_240_0.5mm.csv,0.5,240,1.027795,0.300057439,1.03578,0.300170559,0.007985,1.973969402,31.4541042,1.085605,10.4336235,1.091215,41.8877277,41.43246513,210,0.007984999999999909,1673798.843,2191.6092673763555,20.0,43832.18534752711,0.9092029769629149,26299.311208516265,0.00803499999999988,0.00020943376041125656,-0.00020943376041125656,2179.161397713543,57.088495752441005,-57.088495752441005,43583.22795427086,1141.7699150488238,-1141.7699150488238,1699425.401,25025.76568876499,-25025.76568876499,26142.78361307876,26834.921971094776,25468.497198405566,0.9285699541954859,0.9651757315747872,0.8933525073488603,31.343664003999997,0.25910777863939155,-0.25910777863939155,1.0873110000000001,0.001338251657947815,-0.001338251657947815,10.383167228000001,0.14273512325006205,-0.14273512325006205,1.093302,0.0015314968168427946,-0.0015314968168427946,41.726831232,0.3392397116018791,-0.3392397116018791,41.279354564,0.3285485368093729,-0.3285485368093729,-0.4984423676017478,0.5009392611151015,0.5009392611151098,-1.1897080255096342,0.5009392611151015,-1.6822203842614993,,0.0,-0.15038078069240032,0.0,-0.2016608439574923,0.0,0.0,
064_210℃_240_0.5mm.csv,0.5,240,1.02824,0.30033355,1.03636,0.300203381,0.00812,2.029337539,31.03549949,1.08724,10.15147387,1.09411,41.18697336,40.77136869,210,0.008119999999999905,1729134.158,2155.1724137931287,20.0,43103.448275862575,0.9551407729904652,25862.068965517545,0.00803499999999988,0.00020943376041125656,-0.00020943376041125656,2179.161397713543,57.088495752441005,-57.088495752441005,43583.22795427086,1141.7699150488238,-1141.7699150488238,1699425.401,25025.76568876499,-25025.76568876499,26142.78361307876,26834.921971094776,25468.497198405566,0.9285699541954859,0.9651757315747872,0.8933525073488603,31.343664003999997,0.25910777863939155,-0.25910777863939155,1.0873110000000001,0.001338251657947815,-0.001338251657947815,10.383167228000001,0.14273512325006205,-0.14273512325006205,1.093302,0.0015314968168427946,-0.0015314968168427946,41.726831232,0.3392397116018791,-0.3392397116018791,41.279354564,0.3285485368093729,-0.3285485368093729,1.1838006230524216,-1.169950738915718,-1.1699507389157138,2.07693220101273,-1.1699507389157113,3.2853195604011134,,-1.3308428920382362,0.0,-2.704234343897873,0.06310475389144678,-1.6729347197317557,-1.59560006368367,
065_210℃_240_0.5mm.csv,0.5,240,1.02992,0.300211448,1.037945,0.300384923,0.008025,1.994336848,31.57871495,1.089235,10.461123,1.09524,42.03983795,41.58902947,210,0.008024999999999949,1693951.925,2180.6853582554654,20.0,43613.70716510931,0.9247594692601984,26168.224299065583,0.00803499999999988,0.00020943376041125656,-0.00020943376041125656,2179.161397713543,57.088495752441005,-57.088495752441005,43583.22795427086,1141.7699150488238,-1141.7699150488238,1699425.401,25025.76568876499,-25025.76568876499,26142.78361307876,26834.921971094776,25468.497198405566,0.9285699541954859,0.9651757315747872,0.8933525073488603,31.343664003999997,0.25910777863939155,-0.25910777863939155,1.0873110000000001,0.001338251657947815,-0.001338251657947815,10.383167228000001,0.14273512325006205,-0.14273512325006205,1.093302,0.0015314968168427946,-0.0015314968168427946,41.726831232,0.3392397116018791,-0.3392397116018791,41.279354564,0.3285485368093729,-0.3285485368093729,0.0,0.0,0.0,0.0,0.0,0.0,,0.39616690148816464,0.18349214524851634,0.2635661522576612,0.16645022040935165,0.36313798420724497,0.37787840889689,
001_230℃_020_0.5mm.csv,0.5,20,1.47943,0.30000483,1.58411,0.300063923,0.10468,12.76083981,46.43334999,1.895765,12.47309319,1.903275,58.90644317,58.62877214,230,0.10467999999999988,12460775.887,167.17615590370673,20.0,3343.523118074135,88.73428706470466,2006.1138708444807,0.10532600000000003,0.0005355534520475592,-0.0005355534520475592,166.15424672111152,0.8453676697920082,-0.8453676697920082,3323.0849344222306,16.907353395840474,-16.907353395840474,12456624.7294,48708.02687479778,-48708.02687479778,1993.8303237982084,2003.9973931320944,1983.7148360178683,89.25067047392525,89.78998990177175,88.71459044331638,46.366110922000004,0.052897351539538985,-0.052897351539538985,1.8964649999999998,0.0015355251544667435,-0.0015355251544667435,12.492869868,0.033370717858154736,-0.033370717858154736,1.9039819999999998,0.001543217418253167,-0.001543217418253167,58.858980788,0.06797809567634784,-0.06797809567634784,58.582132606,0.06382379051467288,-0.06382379051467288,-0.7019540884084466,0.7069163163930012,0.7069163163930047,0.0,0.706916316392984,-0.38854424166683804,,0.12012053415158062,-0.008175450440953587,-0.26913124948579387,-0.014184061842509237,0.028275630659393303,0.026430136394602056,
002_230℃_020_0.5mm.csv,0.5,20,1.47928,0.300105719,1.5847,0.300029148,0.10542,12.82297205,46.39421563,1.89592,12.52746313,1.903545,58.92167876,58.63729977,230,0.10542000000000007,12522942.902,166.00265604249657,20.0,3320.0531208499315,89.8073905257715,1992.0318725099592,0.10532600000000003,0.0005355534520475592,-0.0005355534520475592,166.15424672111152,0.8453676697920082,-0.8453676697920082,3323.0849344222306,16.907353395840474,-16.907353395840474,12456624.7294,48708.02687479778,-48708.02687479778,1993.8303237982084,2003.9973931320944,1983.7148360178683,89.25067047392525,89.78998990177175,88.71459044331638,46.366110922000004,0.052897351539538985,-0.052897351539538985,1.8964649999999998,0.0015355251544667435,-0.0015355251544667435,12.492869868,0.033370717858154736,-0.033370717858154736,1.9039819999999998,0.001543217418253167,-0.001543217418253167,58.858980788,0.06797809567634784,-0.06797809567634784,58.582132606,0.06382379051467288,-0.06382379051467288,0.0,0.0,0.0,0.49890163793779335,0.0,0.8161016902740714,,0.03573857934816327,0.0,0.1655934228561466,0.0,0.05414699063129306,0.04097910877264843,
003_230℃_020_0.5mm.csv,0.5,20,1.479485,0.300096898,1.584365,0.300158945,0.10488,12.74606848,46.30833758,1.894935,12.50675277,1.902365,58.81509035,58.54082049,230,0.10488000000000008,12445909.535,166.85736079328743,20.0,3337.1472158657484,88.79775455991843,2002.288329519449,0.10532600000000003,0.0005355534520475592,-0.0005355534520475592,166.15424672111152,0.8453676697920082,-0.8453676697920082,3323.0849344222306,16.907353395840474,-16.907353395840474,12456624.7294,48708.02687479778,-48708.02687479778,1993.8303237982084,2003.9973931320944,1983.7148360178683,89.25067047392525,89.78998990177175,88.71459044331638,46.366110922000004,0.052897351539538985,-0.052897351539538985,1.8964649999999998,0.0015355251544667435,-0.0015355251544667435,12.492869868,0.033370717858154736,-0.033370717858154736,1.9039819999999998,0.001543217418253167,-0.001543217418253167,58.858980788,0.06797809567634784,-0.06797809567634784,58.582132606,0.06382379051467288,-0.06382379051467288,-0.5122367672168323,0.5148741418764137,0.5148741418764068,-0.11930518721157347,0.5148741418763907,-0.31729681521297154,,-0.14943265466983052,-0.051953668931179246,0.0,-0.0619896036080029,-0.12684942131882918,-0.12362399663581744,
004_230℃_020_0.5mm.csv,0.5,20,1.479105,0.300108659,1.58504,0.300072293,0.105935,12.76666002,46.37764092,1.896745,12.51215079,1.904265,58.88979171,58.61328057,230,0.10593500000000011,12466587.727,165.1956388351346,20.0,3303.9127767026916,89.83999801766981,1982.3476660216152,0.10532600000000003,0.0005355534520475592,-0.0005355534520475592,166.15424672111152,0.8453676697920082,-0.8453676697920082,3323.0849344222306,16.907353395840474,-16.907353395840474,12456624.7294,48708.02687479778,-48708.02687479778,1993.8303237982084,2003.9973931320944,1983.7148360178683,89.25067047392525,89.78998990177175,88.71459044331638,46.366110922000004,0.052897351539538985,-0.052897351539538985,1.8964649999999998,0.0015355251544667435,-0.0015355251544667435,12.492869868,0.033370717858154736,-0.033370717858154736,1.9039819999999998,0.001543217418253167,-0.001543217418253167,58.858980788,0.06797809567634784,-0.06797809567634784,58.582132606,0.06382379051467288,-0.06382379051467288,0.4885221020679595,-0.48614716571485717,-0.48614716571486405,0.04664107638805374,-0.48614716571486843,0.852706252547176,,0.0,0.04351449428245145,0.04316084358001944,0.03782416491336185,0.0,0.0,
005_230℃_020_0.5mm.csv,0.5,20,1.479245,0.300119021,1.58496,0.300051214,0.105715,12.68695881,46.31701049,1.89896,12.44488946,1.90646,58.76189995,58.49049006,230,0.105715,12386907.596,165.53942203093223,20.0,3310.7884406186445,89.08040384429523,1986.4730643711869,0.10532600000000003,0.0005355534520475592,-0.0005355534520475592,166.15424672111152,0.8453676697920082,-0.8453676697920082,3323.0849344222306,16.907353395840474,-16.907353395840474,12456624.7294,48708.02687479778,-48708.02687479778,1993.8303237982084,2003.9973931320944,1983.7148360178683,89.25067047392525,89.78998990177175,88.71459044331638,46.366110922000004,0.052897351539538985,-0.052897351539538985,1.8964649999999998,0.0015355251544667435,-0.0015355251544667435,12.492869868,0.033370717858154736,-0.033370717858154736,1.9039819999999998,0.001543217418253167,-0.001543217418253167,58.858980788,0.06797809567634784,-0.06797809567634784,58.582132606,0.06382379051467288,-0.06382379051467288,0.2798330487572889,-0.27905216856635784,-0.27905216856636467,-0.5928065127715211,-0.2790521685663692,0.0,,-0.1307320268932649,0.16034431832566415,-0.49463926518473644,0.1531353343367244,-0.21717135735475868,-0.2094926419505843,
011_230℃_040_0.5mm.csv,0.5,40,1.315215,0.300111895,1.360845,0.30002327,0.04563,9.077742594,36.80715529,1.50991,11.77742907,1.52284,48.58458436,48.14121168,230,0.04563000000000006,8777719.324,383.51961428884454,20.0,7670.39228577689,27.246757330212283,4602.235371466134,0.04576199999999999,0.00036646282212526003,-0.00036646282212526003,382.43301300031555,3.068407891600299,-3.068407891600299,7648.660260006311,61.3681578320058,-61.3681578320058,8806872.999,58348.666997931956,-58348.666997931956,4589.078137455804,4626.010649994983,4552.440481670241,27.41514831956384,27.79457285059687,27.04090332395751,36.898865186,0.34951419444002535,-0.34951419444002535,1.510324,0.002529934287684082,-0.002529934287684082,11.965996684,0.1568437068149366,-0.1568437068149366,1.522058,0.0029143558464951452,-0.0029143558464951452,48.86486187,0.42401913325023777,-0.42401913325023777,48.438601732,0.4202079482591084,-0.4202079482591084,-0.360301342941305,0.3616042077579894,0.36160420775798047,-0.4594850906023826,0.3616042077579844,-1.2398209474831512,,0.0,0.0,-1.8256199212405595,0.0,-0.06340956345275835,-0.11241572899553605,
012_230℃_040_0.5mm.csv,0.5,40,1.317185,0.30015724,1.36311,0.30018322,0.045925,9.161259181,36.42510298,1.507435,12.05097511,1.51741,48.47607809,48.06857712,230,0.045924999999999994,8861075.961000001,381.0560696788242,20.0,7621.1213935764845,27.683327449586734,4572.672836145891,0.04576199999999999,0.00036646282212526003,-0.00036646282212526003,382.43301300031555,3.068407891600299,-3.068407891600299,7648.660260006311,61.3681578320058,-61.3681578320058,8806872.999,58348.666997931956,-58348.666997931956,4589.078137455804,4626.010649994983,4552.440481670241,27.41514831956384,27.79457285059687,27.04090332395751,36.898865186,0.34951419444002535,-0.34951419444002535,1.510324,0.002529934287684082,-0.002529934287684082,11.965996684,0.1568437068149366,-0.1568437068149366,1.522058,0.0029143558464951452,-0.0029143558464951452,48.86486187,0.42401913325023777,-0.42401913325023777,48.438601732,0.4202079482591084,-0.4202079482591084,0.28387378534766544,-0.283070223189904,-0.283070223189901,0.4857903575894195,-0.2830702231898891,0.34259646226090773,,-1.0379838023064967,-0.16391705465888728,0.45460717589444133,-0.356570618055741,-0.28660271839338364,-0.2631242483658791,
013_230℃_040_0.5mm.csv,0.5,40,1.321075,0.300046471,1.36687,0.300134625,0.045795,9.156024891,37.21224832,1.51229,12.16384461,1.52296,49.37609293,48.95378472,230,0.04579500000000003,8855890.265999999,382.1377879681185,20.0,7642.755759362371,27.58880916540614,4585.653455617422,0.04576199999999999,0.00036646282212526003,-0.00036646282212526003,382.43301300031555,3.068407891600299,-3.068407891600299,7648.660260006311,61.3681578320058,-61.3681578320058,8806872.999,58348.666997931956,-58348.666997931956,4589.078137455804,4626.010649994983,4552.440481670241,27.41514831956384,27.79457285059687,27.04090332395751,36.898865186,0.34951419444002535,-0.34951419444002535,1.510324,0.002529934287684082,-0.002529934287684082,11.965996684,0.1568437068149366,-0.1568437068149366,1.522058,0.0029143558464951452,-0.0029143558464951452,48.86486187,0.42401913325023777,-0.42401913325023777,48.438601732,0.4202079482591084,-0.4202079482591084,0.0,0.0,0.0,0.4269838804841482,0.0,0.0,,1.1005822830053416,0.15762528892449393,1.3954655862010956,0.007880013658698223,1.5646926181155798,1.5735816769041293,
014_230℃_040_0.5mm.csv,0.5,40,1.316305,0.300071573,1.36154,0.300157922,0.045235,9.021599554,37.27570435,1.50851,11.99643844,1.52173,49.27214279,48.83404426,230,0.045234999999999914,8721441.632,386.8685752183051,20.0,7737.371504366102,26.83771511724621,4642.422902619661,0.04576199999999999,0.00036646282212526003,-0.00036646282212526003,382.43301300031555,3.068407891600299,-3.068407891600299,7648.660260006311,61.3681578320058,-61.3681578320058,8806872.999,58348.666997931956,-58348.666997931956,4589.078137455804,4626.010649994983,4552.440481670241,27.41514831956384,27.79457285059687,27.04090332395751,36.898865186,0.34951419444002535,-0.34951419444002535,1.510324,0.002529934287684082,-0.002529934287684082,11.965996684,0.1568437068149366,-0.1568437068149366,1.522058,0.0029143558464951452,-0.0029143558464951452,48.86486187,0.42401913325023777,-0.42401913325023777,48.438601732,0.4202079482591084,-0.4202079482591084,-1.2228409214982325,1.2379794406988336,1.2379794406988278,-1.0976816691003701,1.2379794406988238,-2.72245910889744,,1.2729836258965093,-0.09272075819089004,0.0,-0.07289012634288201,1.3508712444463875,1.3251337282234341,
015_230℃_040_0.5mm.csv,0.5,40,1.31746,0.300010069,1.363685,0.300177554,0.046225,9.118415366,36.77411499,1.513475,11.84129619,1.52535,48.61541118,48.19539088,230,0.04622499999999996,8818237.812,378.58301784748545,20.0,7571.660356949709,27.729458697938753,4542.996214169825,0.04576199999999999,0.00036646282212526003,-0.00036646282212526003,382.43301300031555,3.068407891600299,-3.068407891600299,7648.660260006311,61.3681578320058,-61.3681578320058,8806872.999,58348.666997931956,-58348.666997931956,4589.078137455804,4626.010649994983,4552.440481670241,27.41514831956384,27.79457285059687,27.04090332395751,36.898865186,0.34951419444002535,-0.34951419444002535,1.510324,0.002529934287684082,-0.002529934287684082,11.965996684,0.1568437068149366,-0.1568437068149366,1.522058,0.0029143558464951452,-0.0029143558464951452,48.86486187,0.42401913325023777,-0.42401913325023777,48.438601732,0.4202079482591084,-0.4202079482591084,0.9389671361500823,-0.9302325581393792,-0.9302325581393792,0.0,-0.9302325581393792,0.5098064642419402,,-0.08976597006662108,0.23610678782177863,-1.2932359114410694,0.16482361902760712,0.0,0.0,
021_230℃_080_0.5mm.csv,0.5,80,1.14628,0.300083482,1.167275,0.300220768,0.020995,5.532765507,34.18635093,1.245625,11.51765718,1.252215,45.70400812,45.20540533,230,0.020995000000000097,5232544.739,833.5317932841115,20.0,16670.63586568223,7.473284135735067,10002.381519409339,0.02121800000000005,0.00018369812192827674,-0.00018369812192827674,824.8208545076877,7.137456695378752,-7.137456695378752,16496.41709015376,142.74913390757598,-142.74913390757598,5278832.0276,32424.906813095284,-32424.906813095284,9897.553694822736,9983.59458803928,9812.25432163089,7.619129766433562,7.727789249767671,7.511998130577798,33.955891492,0.4859383528783671,-0.4859383528783671,1.244383,0.001678647521071698,-0.001678647521071698,11.504620769999999,0.028311086091037673,-0.028311086091037673,1.251511,0.0011962357627155907,-0.0011962357627155907,45.460512266,0.5057686161594902,-0.5057686161594902,44.931360036,0.5043246055749119,-0.5043246055749119,-0.990332468757567,1.0002381519411467,1.000238151941144,-1.0336315479084548,1.0002381519411514,-1.5027776415423963,,0.12938574926477764,0.055022732019217535,0.0,0.019968609346114587,0.0817371194536419,0.15196200868274373,
022_230℃_080_0.5mm.csv,0.5,80,1.144705,0.300045593,1.16605,0.300090623,0.021345,5.608752561,34.29602307,1.24494,11.48642785,1.251965,45.78245093,45.27072448,230,0.021344999999999947,5308661.938,819.8641368001894,20.0,16397.282736003788,7.708393814055083,9838.369641602272,0.02121800000000005,0.00018369812192827674,-0.00018369812192827674,824.8208545076877,7.137456695378752,-7.137456695378752,16496.41709015376,142.74913390757598,-142.74913390757598,5278832.0276,32424.906813095284,-32424.906813095284,9897.553694822736,9983.59458803928,9812.25432163089,7.619129766433562,7.727789249767671,7.511998130577798,33.955891492,0.4859383528783671,-0.4859383528783671,1.244383,0.001678647521071698,-0.001678647521071698,11.504620769999999,0.028311086091037673,-0.028311086091037673,1.251511,0.0011962357627155907,-0.0011962357627155907,45.460512266,0.5057686161594902,-0.5057686161594902,44.931360036,0.5043246055749119,-0.5043246055749119,0.6602216458373309,-0.6558913094392519,-0.6558913094392573,0.4060203112775266,-0.655891309439261,1.595947074861586,,0.45060763207093796,0.0,-0.271143076338728,0.0,0.25350964033888046,0.29667569903645225,
023_230℃_080_0.5mm.csv,0.5,80,1.14567,0.300172503,1.16712,0.300299637,0.02145,5.606314022,34.14217582,1.24542,11.52450567,1.252585,45.66668149,45.13681452,230,0.02144999999999997,5306014.385,815.8508158508171,20.0,16317.016317016341,7.742449561785702,9790.209790209805,0.02121800000000005,0.00018369812192827674,-0.00018369812192827674,824.8208545076877,7.137456695378752,-7.137456695378752,16496.41709015376,142.74913390757598,-142.74913390757598,5278832.0276,32424.906813095284,-32424.906813095284,9897.553694822736,9983.59458803928,9812.25432163089,7.619129766433562,7.727789249767671,7.511998130577798,33.955891492,0.4859383528783671,-0.4859383528783671,1.244383,0.001678647521071698,-0.001678647521071698,11.504620769999999,0.028311086091037673,-0.028311086091037673,1.251511,0.0011962357627155907,-0.0011962357627155907,45.460512266,0.5057686161594902,-0.5057686161594902,44.931360036,0.5043246055749119,-0.5043246055749119,1.1553878802161144,-1.1421911421903403,-1.1421911421903486,0.355945497059207,-1.142191142190345,2.0447988107090946,,0.0,0.03855607499156875,0.059460790445226896,0.04952215117835282,0.0,0.0,
024_230℃_080_0.5mm.csv,0.5,80,1.146385,0.300299988,1.16748,0.300232477,0.021095,5.58742733,33.100688,1.244435,11.46408077,1.251225,44.56476877,44.04778484,230,0.021095000000000086,5287194.853,829.5804693055193,20.0,16591.609386110387,7.587304450614655,9954.965631666233,0.02121800000000005,0.00018369812192827674,-0.00018369812192827674,824.8208545076877,7.137456695378752,-7.137456695378752,16496.41709015376,142.74913390757598,-142.74913390757598,5278832.0276,32424.906813095284,-32424.906813095284,9897.553694822736,9983.59458803928,9812.25432163089,7.619129766433562,7.727789249767671,7.511998130577798,33.955891492,0.4859383528783671,-0.4859383528783671,1.244383,0.001678647521071698,-0.001678647521071698,11.504620769999999,0.028311086091037673,-0.028311086091037673,1.251511,0.0011962357627155907,-0.0011962357627155907,45.460512266,0.5057686161594902,-0.5057686161594902,44.931360036,0.5043246055749119,-0.5043246055749119,-0.518745578873161,0.521450580706586,0.5214505807065887,0.0,0.5214505807065998,0.0,,-3.050443608195327,-0.04056420389737479,-0.46516760451103994,-0.05910708366447647,-2.412946778804797,-2.412730476399607,
025_230℃_080_0.5mm.csv,0.5,80,1.141525,0.300146072,1.16273,0.300183209,0.021205,5.559927432,34.05421964,1.241495,11.53043238,1.249565,45.58465202,44.99607101,230,0.02120500000000014,5259744.223,825.2770572978017,20.0,16505.541145956035,7.587270493109914,9903.32468757362,0.02121800000000005,0.00018369812192827674,-0.00018369812192827674,824.8208545076877,7.137456695378752,-7.137456695378752,16496.41709015376,142.74913390757598,-142.74913390757598,5278832.0276,32424.906813095284,-32424.906813095284,9897.553694822736,9983.59458803928,9812.25432163089,7.619129766433562,7.727789249767671,7.511998130577798,33.955891492,0.4859383528783671,-0.4859383528783671,1.244383,0.001678647521071698,-0.001678647521071698,11.504620769999999,0.028311086091037673,-0.028311086091037673,1.251511,0.0011962357627155907,-0.0011962357627155907,45.460512266,0.5057686161594902,-0.5057686161594902,44.931360036,0.5043246055749119,-0.5043246055749119,0.0,0.0,0.0,-0.5191908140934915,0.0,-0.0004475569019600008,,-0.2576173834488767,-0.2767201632207111,0.1109183907833598,-0.19169864972263265,-0.17962651833583437,-0.31181533632072556,
031_230℃_120_0.5mm.csv,0.5,120,1.087635,0.300049818,1.101385,0.300302649,0.01375,3.556185385,32.34678354,1.161145,10.75848411,1.166775,43.10526766,42.6558969,230,0.013750000000000151,3255882.736,1272.7272727272587,20.0,25454.545454545172,3.045468545578265,15272.727272727101,0.013978000000000046,0.00016876759167560362,-0.00016876759167560362,1252.1138398094913,15.163725226766001,-15.163725226766001,25042.276796189824,303.27450453532,-303.27450453532,3338165.222,63970.8501525362,-63970.8501525362,15024.486387978737,15207.271188039398,14843.898581890242,3.173557156721181,3.273542277760212,3.0766259215284113,32.62365076,0.23167345053989746,-0.23167345053989746,1.160657,0.0006038273759940843,-0.0006038273759940843,10.862584334,0.06666596026936523,-0.06666596026936523,1.166502,0.0006026047626761514,-0.0006026047626761514,43.486235094,0.2883043600358524,-0.2883043600358524,43.002449256,0.2815656944141583,-0.2815656944141583,-1.7155110793409354,1.7454545454530315,1.7454545454530241,-1.7742208474193863,1.7454545454530193,-3.459294971550851,,-1.2056402888898878,0.05299302904707609,-0.9491058086185364,0.02143117378537635,-1.1238495573275002,-1.0857080243163337,
032_230℃_120_0.5mm.csv,0.5,120,1.087235,0.300251906,1.101385,0.300287095,0.01415,3.709574106,32.39896004,1.160295,10.86157192,1.166525,43.26053195,42.74581151,230,0.014150000000000107,3409287.011,1236.7491166077646,20.0,24734.98233215529,3.281728653445603,14840.989399293176,0.013978000000000046,0.00016876759167560362,-0.00016876759167560362,1252.1138398094913,15.163725226766001,-15.163725226766001,25042.276796189824,303.27450453532,-303.27450453532,3338165.222,63970.8501525362,-63970.8501525362,15024.486387978737,15207.271188039398,14843.898581890242,3.173557156721181,3.273542277760212,3.0766259215284113,32.62365076,0.23167345053989746,-0.23167345053989746,1.160657,0.0006038273759940843,-0.0006038273759940843,10.862584334,0.06666596026936523,-0.06666596026936523,1.166502,0.0006026047626761514,-0.0006026047626761514,43.486235094,0.2883043600358524,-0.2883043600358524,43.002449256,0.2815656944141583,-0.2815656944141583,1.143674052896073,-1.130742049471085,-1.1307420494710922,2.8537881009998585,-1.130742049471073,4.030100187931721,,-1.0462815105095724,-0.02024936882286414,0.0,0.0,-0.767699691433951,-0.8772060203080712,
033_230℃_120_0.5mm.csv,0.5,120,1.08697,0.30028897,1.100845,0.300246523,0.013875,3.614559957,32.7415286,1.16053,10.85368366,1.16619,43.59521226,43.1240987,230,0.013875000000000082,3314313.434,1261.2612612612538,20.0,25225.225225225076,3.1283060473979774,15135.135135135046,0.013978000000000046,0.00016876759167560362,-0.00016876759167560362,1252.1138398094913,15.163725226766001,-15.163725226766001,25042.276796189824,303.27450453532,-303.27450453532,3338165.222,63970.8501525362,-63970.8501525362,15024.486387978737,15207.271188039398,14843.898581890242,3.173557156721181,3.273542277760212,3.0766259215284113,32.62365076,0.23167345053989746,-0.23167345053989746,1.160657,0.0006038273759940843,-0.0006038273759940843,10.862584334,0.06666596026936523,-0.06666596026936523,1.166502,0.0006026047626761514,-0.0006026047626761514,43.486235094,0.2883043600358524,-0.2883043600358524,43.002449256,0.2815656944141583,-0.2815656944141583,-0.822015725517267,0.8288288288278489,0.8288288288278451,-0.011442116472142685,0.828828828827855,-0.8333637859926696,,0.0,0.0,-0.07262539951031,-0.028717772872418012,0.0,0.0,
034_230℃_120_0.5mm.csv,0.5,120,1.0865,0.300060775,1.10049,0.300318272,0.01399,3.615010977,32.82041924,1.159925,10.93302192,1.16571,43.75344116,43.25764531,230,0.013989999999999947,3314692.7049999996,1250.893495353829,20.0,25017.86990707658,3.154595302241484,15010.721944245946,0.013978000000000046,0.00016876759167560362,-0.00016876759167560362,1252.1138398094913,15.163725226766001,-15.163725226766001,25042.276796189824,303.27450453532,-303.27450453532,3338165.222,63970.8501525362,-63970.8501525362,15024.486387978737,15207.271188039398,14843.898581890242,3.173557156721181,3.273542277760212,3.0766259215284113,32.62365076,0.23167345053989746,-0.23167345053989746,1.160657,0.0006038273759940843,-0.0006038273759940843,10.862584334,0.06666596026936523,-0.06666596026936523,1.166502,0.0006026047626761514,-0.0006026047626761514,43.486235094,0.2883043600358524,-0.2883043600358524,43.002449256,0.2815656944141583,-0.2815656944141583,0.0,0.0,0.0,0.0,0.0,0.0,,0.24094977654768793,-0.05213135377801234,0.6578237526415095,-0.06986562654036649,0.36295017685963793,0.3096797707681792,
035_230℃_120_0.5mm.csv,0.5,120,1.08769,0.300032528,1.101815,0.300250001,0.014125,3.696900225,32.81056238,1.16139,10.90616006,1.16731,43.71672244,43.22879386,230,0.014124999999999943,3396650.224,1238.9380530973501,20.0,24778.761061947003,3.2637880553741367,14867.2566371682,0.013978000000000046,0.00016876759167560362,-0.00016876759167560362,1252.1138398094913,15.163725226766001,-15.163725226766001,25042.276796189824,303.27450453532,-303.27450453532,3338165.222,63970.8501525362,-63970.8501525362,15024.486387978737,15207.271188039398,14843.898581890242,3.173557156721181,3.273542277760212,3.0766259215284113,32.62365076,0.23167345053989746,-0.23167345053989746,1.160657,0.0006038273759940843,-0.0006038273759940843,10.862584334,0.06666596026936523,-0.06666596026936523,1.166502,0.0006026047626761514,-0.0006026047626761514,43.486235094,0.2883043600358524,-0.2883043600358524,43.002449256,0.2815656944141583,-0.2815656944141583,0.9649749821300697,-0.95575221238936,-0.95575221238936,2.472552549935404,-0.9557522123893603,3.4613870455923914,,0.210844706865635,0.07410407313898484,0.4105127722617898,0.06729388568612209,0.2787236801952466,0.24277645946489237,
041_230℃_160_0.5mm.csv,0.5,160,1.06193,0.300185664,1.072515,0.300059817,0.010585,2.703480482,33.049735,1.127425,10.49051637,1.13302,43.54025137,43.11660501,230,0.010585000000000067,2403420.6649999996,1653.2829475673018,20.0,33065.658951346035,1.7306263768044323,19839.395370807622,0.010695000000000033,0.0001741766344835403,-0.0001741766344835403,1636.623338234121,26.45999604995954,-26.45999604995954,32732.46676468242,529.1999209991916,-529.1999209991916,2418235.9106,32310.2240859989,-32310.2240859989,19637.416758984746,19958.66592455509,19321.338331116494,1.7590788177327676,1.81140726773557,1.7082620469246277,32.794687784000004,0.42479856325248544,-0.42479856325248544,1.1242480000000001,0.002013239305199332,-0.002013239305199332,10.490807074,0.04006007081886916,-0.04006007081886916,1.130013,0.001964155671019925,-0.001964155671019925,43.285494856,0.46072141076074735,-0.46072141076074735,42.842430242,0.46353905018759184,-0.46353905018759184,-1.1209715086398726,1.1336797354737576,1.1336797354737518,-0.47765832848834266,1.1336797354737667,-1.7767844668580006,,0.4976735173705643,0.2948999653058826,0.0,0.26592567355299923,0.36591511727917136,0.42973550075758504,
042_230℃_160_0.5mm.csv,0.5,160,1.05881,0.300233086,1.069515,0.300155498,0.010705,2.732354773,32.4837215,1.12343,10.48862335,1.129065,42.97234484,42.5301403,230,0.010704999999999965,2432199.275,1634.7501167678708,20.0,32695.002335357418,1.771203621692171,19617.00140121445,0.010695000000000033,0.0001741766344835403,-0.0001741766344835403,1636.623338234121,26.45999604995954,-26.45999604995954,32732.46676468242,529.1999209991916,-529.1999209991916,2418235.9106,32310.2240859989,-32310.2240859989,19637.416758984746,19958.66592455509,19321.338331116494,1.7590788177327676,1.81140726773557,1.7082620469246277,32.794687784000004,0.42479856325248544,-0.42479856325248544,1.1242480000000001,0.002013239305199332,-0.002013239305199332,10.490807074,0.04006007081886916,-0.04006007081886916,1.130013,0.001964155671019925,-0.001964155671019925,43.285494856,0.46072141076074735,-0.46072141076074735,42.842430242,0.46353905018759184,-0.46353905018759184,0.0,0.0,0.0,0.7140243007575934,0.0,0.5262126004285952,,-1.223461006988675,-0.06049230057556769,-0.01804506025474787,-0.0840696804909675,-0.943182942356784,-0.9362926383356565,
043_230℃_160_0.5mm.csv,0.5,160,1.05815,0.300306547,1.06911,0.300408333,0.01096,2.76396548,33.30187857,1.124355,10.5462536,1.13028,43.84813217,43.39862922,230,0.01096000000000008,2463557.147,1596.7153284671415,20.0,31934.30656934283,1.8367745803483129,19160.5839416057,0.010695000000000033,0.0001741766344835403,-0.0001741766344835403,1636.623338234121,26.45999604995954,-26.45999604995954,32732.46676468242,529.1999209991916,-529.1999209991916,2418235.9106,32310.2240859989,-32310.2240859989,19637.416758984746,19958.66592455509,19321.338331116494,1.7590788177327676,1.81140726773557,1.7082620469246277,32.794687784000004,0.42479856325248544,-0.42479856325248544,1.1242480000000001,0.002013239305199332,-0.002013239305199332,10.490807074,0.04006007081886916,-0.04006007081886916,1.130013,0.001964155671019925,-0.001964155671019925,43.285494856,0.46072141076074735,-0.46072141076074735,42.842430242,0.46353905018759184,-0.46353905018759184,2.3820644558628405,-2.3266423357674655,-2.3266423357674713,2.0125106193295137,-2.3266423357674566,4.247749779752879,,1.2643919850788348,0.021795020060318897,0.5313106431957274,0.02345101613695037,1.0756202123749499,1.0866428989291392,
044_230℃_160_0.5mm.csv,0.5,160,1.057745,0.300238636,1.068245,0.300279589,0.0105,2.677326152,32.25203411,1.12192,10.43319993,1.127685,42.68523404,42.23466619,230,0.010499999999999954,2377046.563,1666.666666666674,20.0,33333.33333333348,1.6978904021428498,20000.000000000087,0.010695000000000033,0.0001741766344835403,-0.0001741766344835403,1636.623338234121,26.45999604995954,-26.45999604995954,32732.46676468242,529.1999209991916,-529.1999209991916,2418235.9106,32310.2240859989,-32310.2240859989,19637.416758984746,19958.66592455509,19321.338331116494,1.7590788177327676,1.81140726773557,1.7082620469246277,32.794687784000004,0.42479856325248544,-0.42479856325248544,1.1242480000000001,0.002013239305199332,-0.002013239305199332,10.490807074,0.04006007081886916,-0.04006007081886916,1.130013,0.001964155671019925,-0.001964155671019925,43.285494856,0.46072141076074735,-0.46072141076074735,42.842430242,0.46353905018759184,-0.46353905018759184,-1.9149929939281778,1.9523809523810676,1.9523809523810676,-1.5697735910169888,1.9523809523810676,-3.634743375822122,,-1.9279762982099868,-0.19482079155953727,-0.5463643349712369,-0.20619195320415598,-1.605010499050887,-1.6245283356439082,
045_230℃_160_0.5mm.csv,0.5,160,1.058735,0.300119093,1.06946,0.300161754,0.010725,2.715117657,32.88606974,1.12411,10.49544212,1.130015,43.38151186,42.93211049,230,0.010725000000000096,2414955.903,1631.701631701617,20.0,32634.03263403234,1.7619321129030772,19580.419580419406,0.010695000000000033,0.0001741766344835403,-0.0001741766344835403,1636.623338234121,26.45999604995954,-26.45999604995954,32732.46676468242,529.1999209991916,-529.1999209991916,2418235.9106,32310.2240859989,-32310.2240859989,19637.416758984746,19958.66592455509,19321.338331116494,1.7590788177327676,1.81140726773557,1.7082620469246277,32.794687784000004,0.42479856325248544,-0.42479856325248544,1.1242480000000001,0.002013239305199332,-0.002013239305199332,10.490807074,0.04006007081886916,-0.04006007081886916,1.130013,0.001964155671019925,-0.001964155671019925,43.285494856,0.46072141076074735,-0.46072141076074735,42.842430242,0.46353905018759184,-0.46353905018759184,0.1868285847746949,-0.18648018648140802,-0.18648018648141357,0.0,-0.18648018648139877,0.0,,0.0,0.0,0.04695431403249362,0.0,0.0,0.0,
051_230℃_200_0.5mm.csv,0.5,200,1.04012,0.300301768,1.04889,0.300425478,0.00877,2.214856273,31.9307068,1.100445,10.25063085,1.10613,42.18133766,41.75718733,230,0.008770000000000167,1914430.7950000002,1995.4389965792095,20.0,39908.77993158419,1.1421468076292736,23945.267958950513,0.009012000000000154,0.00018198901065720997,-0.00018198901065720997,1942.4882979152912,39.189267648042495,-39.189267648042495,38849.76595830582,783.7853529608481,-783.7853529608481,1927477.5236000002,17459.118012127492,-17459.118012127492,23306.0625128023,23781.26114865462,22840.359325576705,1.1814302540070656,1.2137335992840557,1.1499866576211832,32.43918900999999,0.4234608364278755,-0.4234608364278755,1.102631,0.0013989210127808985,-0.0013989210127808985,10.38348436,0.08600248681809897,-0.08600248681809897,1.108198,0.0013233980882561868,-0.0013233980882561868,42.822673372,0.49024909203676054,-0.49024909203676054,42.403242899999995,0.49416234119777197,-0.49416234119777197,-2.7176927343321666,2.793614595211473,2.79361459521147,-1.1093669169998015,2.793614595211461,-3.918523094121075,,-1.2700070282542129,-0.21038027140869536,-1.5741822980250693,-0.19984752040202788,-1.3458285402288952,-1.3630549166283468,
052_230℃_200_0.5mm.csv,0.5,200,1.042215,0.300053609,1.05123,0.300051345,0.009015,2.238408777,32.63279791,1.104345,10.47972601,1.10983,43.11252392,42.69238573,230,0.009015000000000217,1938357.432,1941.2090959511456,20.0,38824.181919022914,1.1887273639102327,23294.50915141375,0.009012000000000154,0.00018198901065720997,-0.00018198901065720997,1942.4882979152912,39.189267648042495,-39.189267648042495,38849.76595830582,783.7853529608481,-783.7853529608481,1927477.5236000002,17459.118012127492,-17459.118012127492,23306.0625128023,23781.26114865462,22840.359325576705,1.1814302540070656,1.2137335992840557,1.1499866576211832,32.43918900999999,0.4234608364278755,-0.4234608364278755,1.102631,0.0013989210127808985,-0.0013989210127808985,10.38348436,0.08600248681809897,-0.08600248681809897,1.108198,0.0013233980882561868,-0.0013233980882561868,42.822673372,0.49024909203676054,-0.49024909203676054,42.403242899999995,0.49416234119777197,-0.49416234119777197,0.0,0.0,0.0,0.12657239543542476,0.0,0.0,,0.9008641269005906,0.14327621932142523,0.6255728960237708,0.13398355205285184,0.8320400161336059,0.8460285758458762,
053_230℃_200_0.5mm.csv,0.5,200,1.041375,0.300354128,1.05045,0.300201843,0.009075,2.245042187,32.34144543,1.102765,10.41532505,1.10831,42.75677048,42.33422608,230,0.009075000000000166,1944840.3440000003,1928.3746556473475,20.0,38567.49311294695,1.2006412327755325,23140.495867768168,0.009012000000000154,0.00018198901065720997,-0.00018198901065720997,1942.4882979152912,39.189267648042495,-39.189267648042495,38849.76595830582,783.7853529608481,-783.7853529608481,1927477.5236000002,17459.118012127492,-17459.118012127492,23306.0625128023,23781.26114865462,22840.359325576705,1.1814302540070656,1.2137335992840557,1.1499866576211832,32.43918900999999,0.4234608364278755,-0.4234608364278755,1.102631,0.0013989210127808985,-0.0013989210127808985,10.38348436,0.08600248681809897,-0.08600248681809897,1.108198,0.0013233980882561868,-0.0013233980882561868,42.822673372,0.49024909203676054,-0.49024909203676054,42.403242899999995,0.49416234119777197,-0.49416234119777197,0.6655574043255411,-0.6611570247928176,-0.661157024792827,0.46144962033997033,-0.6611570247928332,1.002237285605167,,0.0,0.0,0.0071995254919250545,-0.003157861496195431,0.0,0.0,
054_230℃_200_0.5mm.csv,0.5,200,1.041645,0.300348177,1.05058,0.300119018,0.008935,2.203970957,32.24141974,1.102935,10.35716464,1.108375,42.59858439,42.18013258,230,0.008935000000000137,1903851.9390000002,1958.5898153329301,20.0,39171.7963066586,1.1572052431949158,23503.077783995162,0.009012000000000154,0.00018198901065720997,-0.00018198901065720997,1942.4882979152912,39.189267648042495,-39.189267648042495,38849.76595830582,783.7853529608481,-783.7853529608481,1927477.5236000002,17459.118012127492,-17459.118012127492,23306.0625128023,23781.26114865462,22840.359325576705,1.1814302540070656,1.2137335992840557,1.1499866576211832,32.43918900999999,0.4234608364278755,-0.4234608364278755,1.102631,0.0013989210127808985,-0.0013989210127808985,10.38348436,0.08600248681809897,-0.08600248681809897,1.108198,0.0013233980882561868,-0.0013233980882561868,42.822673372,0.49024909203676054,-0.49024909203676054,42.403242899999995,0.49416234119777197,-0.49416234119777197,-0.8874098724356969,0.8953553441530917,0.8953553441530848,-1.6558216490622821,0.8953553441530877,-2.6517536040919563,,-0.3092802089396364,0.015415795749774747,-0.5512525342788205,0.0027067384253275416,-0.3699673483851976,-0.36399271763893287,
055_230℃_200_0.5mm.csv,0.5,200,1.0402,0.300132254,1.049465,0.300265708,0.009265,2.236172816,33.04957517,1.102665,10.41457525,1.108345,43.46415041,43.05228278,230,0.009265000000000079,1935907.1079999998,1888.8289260658232,20.0,37776.57852131646,1.220148255484364,22665.94711278988,0.009012000000000154,0.00018198901065720997,-0.00018198901065720997,1942.4882979152912,39.189267648042495,-39.189267648042495,38849.76595830582,783.7853529608481,-783.7853529608481,1927477.5236000002,17459.118012127492,-17459.118012127492,23306.0625128023,23781.26114865462,22840.359325576705,1.1814302540070656,1.2137335992840557,1.1499866576211832,32.43918900999999,0.4234608364278755,-0.4234608364278755,1.102631,0.0013989210127808985,-0.0013989210127808985,10.38348436,0.08600248681809897,-0.08600248681809897,1.108198,0.0013233980882561868,-0.0013233980882561868,42.822673372,0.49024909203676054,-0.49024909203676054,42.403242899999995,0.49416234119777197,-0.49416234119777197,2.7731558513572425,-2.6983270372353876,-2.6983270372353947,0.0,-2.6983270372353916,2.643237846462493,,2.1895426459299006,-0.009068115146925137,0.0,0.0,1.6544278767052518,1.6961611596325612,
061_230℃_240_0.5mm.csv,0.5,240,1.02903,0.300135924,1.036915,0.300287998,0.007885,1.906757104,31.79579685,1.088625,10.30484389,1.094105,42.10064075,41.67527118,230,0.007885000000000142,1606469.1060000001,2219.403931515496,20.0,44388.078630309916,0.8617012857694034,26632.84717818595,0.007996000000000026,0.00014432601983015072,-0.00014432601983015072,2189.166609246079,39.63636004258005,-39.63636004258005,43783.332184921586,792.7272008515939,-792.7272008515939,1650075.0436,32474.635367953106,-32474.635367953106,26266.561673963606,26745.746145768757,25795.96240882152,0.8972944437107195,0.9309085299681985,0.8648941252494858,32.451937220000005,0.3885611759867189,-0.3885611759867189,1.090087,0.0010750674397450736,-0.0010750674397450736,10.367566944,0.042320693725324106,-0.042320693725324106,1.095725,0.001152996097131264,-0.001152996097131264,42.819504167999995,0.42325358959935067,-0.42325358959935067,42.39650228399999,0.425093385974344,-0.425093385974344,-1.6219588271957994,1.648700063408228,1.6487000634082156,-2.6980695517507622,1.6487000634082212,-4.276266801688034,,-2.4357854370899648,-0.18155060723177435,-0.6776617611357982,-0.18428555137415084,-2.011232826061396,-2.032487157672158,
062_230℃_240_0.5mm.csv,0.5,240,1.029695,0.300208143,1.03751,0.300093401,0.007815,1.931643512,32.73956296,1.091055,10.35623294,1.096885,43.0957959,42.6679549,230,0.007814999999999905,1631550.1109999998,2239.2834293026503,20.0,44785.668586053005,0.8673853141132546,26871.401151631802,0.007996000000000026,0.00014432601983015072,-0.00014432601983015072,2189.166609246079,39.63636004258005,-39.63636004258005,43783.332184921586,792.7272008515939,-792.7272008515939,1650075.0436,32474.635367953106,-32474.635367953106,26266.561673963606,26745.746145768757,25795.96240882152,0.8972944437107195,0.9309085299681985,0.8648941252494858,32.451937220000005,0.3885611759867189,-0.3885611759867189,1.090087,0.0010750674397450736,-0.0010750674397450736,10.367566944,0.042320693725324106,-0.042320693725324106,1.095725,0.001152996097131264,-0.001152996097131264,42.819504167999995,0.42325358959935067,-0.42325358959935067,42.39650228399999,0.425093385974344,-0.425093385974344,-2.4953212726136105,2.5591810620598854,2.559181062059877,-1.178942794213131,2.5591810620598716,-3.6448456564907916,,0.46012560699016347,0.041261501643588785,-0.18235288888525306,0.06933515794276145,0.3049795773162456,0.30104906978111456,
063_230℃_240_0.5mm.csv,0.5,240,1.030465,0.300158119,1.038615,0.300091433,0.00815,1.987857447,32.41723723,1.090875,10.3803731,1.096525,42.79761034,42.37439986,230,0.008150000000000102,1687766.0140000002,2147.239263803654,20.0,42944.78527607308,0.9357342186462702,25766.871165643846,0.007996000000000026,0.00014432601983015072,-0.00014432601983015072,2189.166609246079,39.63636004258005,-39.63636004258005,43783.332184921586,792.7272008515939,-792.7272008515939,1650075.0436,32474.635367953106,-32474.635367953106,26266.561673963606,26745.746145768757,25795.96240882152,0.8972944437107195,0.9309085299681985,0.8648941252494858,32.451937220000005,0.3885611759867189,-0.3885611759867189,1.090087,0.0010750674397450736,-0.0010750674397450736,10.367566944,0.042320693725324106,-0.042320693725324106,1.095725,0.001152996097131264,-0.001152996097131264,42.819504167999995,0.42325358959935067,-0.42325358959935067,42.39650228399999,0.425093385974344,-0.425093385974344,1.684341859017096,-1.6564417177940851,-1.6564417177940851,2.2259878473796517,-1.6564417177940989,3.9478229514868,,-0.5289188515973523,0.0247569009861492,0.050319935880877034,0.03649218839091855,-0.3890439551752529,-0.38902099663591144,
064_230℃_240_0.5mm.csv,0.5,240,1.02865,0.300258171,1.036665,0.300105906,0.008015,1.951120535,32.58960982,1.089275,10.37515233,1.094985,42.96476215,42.53988896,230,0.008014999999999883,1651014.629,2183.40611353715,20.0,43668.122270743,0.9001960715261772,26200.8733624458,0.007996000000000026,0.00014432601983015072,-0.00014432601983015072,2189.166609246079,39.63636004258005,-39.63636004258005,43783.332184921586,792.7272008515939,-792.7272008515939,1650075.0436,32474.635367953106,-32474.635367953106,26266.561673963606,26745.746145768757,25795.96240882152,0.8972944437107195,0.9309085299681985,0.8648941252494858,32.451937220000005,0.3885611759867189,-0.3885611759867189,1.090087,0.0010750674397450736,-0.0010750674397450736,10.367566944,0.042320693725324106,-0.042320693725324106,1.095725,0.001152996097131264,-0.001152996097131264,42.819504167999995,0.42325358959935067,-0.42325358959935067,42.39650228399999,0.425093385974344,-0.425093385974344,0.0,0.0,0.0,0.0,0.0,0.0,,0.0,-0.12195066041326173,0.0,-0.10400273691412192,0.0,0.0,
065_230℃_240_0.5mm.csv,0.5,240,1.02938,0.300075842,1.037495,0.300127035,0.008115,1.973702393,32.71747924,1.090605,10.42123246,1.096125,43.1387117,42.72499652,230,0.008115000000000094,1673575.358,2156.5003080714473,20.0,43130.006161428944,0.9238819068142966,25878.003696857366,0.007996000000000026,0.00014432601983015072,-0.00014432601983015072,2189.166609246079,39.63636004258005,-39.63636004258005,43783.332184921586,792.7272008515939,-792.7272008515939,1650075.0436,32474.635367953106,-32474.635367953106,26266.561673963606,26745.746145768757,25795.96240882152,0.8972944437107195,0.9309085299681985,0.8648941252494858,32.451937220000005,0.3885611759867189,-0.3885611759867189,1.090087,0.0010750674397450736,-0.0010750674397450736,10.367566944,0.042320693725324106,-0.042320693725324106,1.095725,0.001152996097131264,-0.001152996097131264,42.819504167999995,0.42325358959935067,-0.42325358959935067,42.39650228399999,0.425093385974344,-0.425093385974344,1.2476606363095757,-1.2322858903291585,-1.2322858903291667,1.366476626174101,-1.2322858903291722,2.631186253452855,,0.39236253734320786,0.0,0.44413931029001086,0.0,0.40486561846357905,0.43513879449486637,
001_190℃_010_1.0mm.csv,1.0,10,1.423575,0.300044314,1.63751,0.300055524,0.213935,4.407993939,40.87433674,2.53869,30.18967096,2.54297,10.68466578,40.81192893,190,0.213935,4107938.4149999996,81.80054689508496,40.0,3272.0218758033984,239.13790607157142,490.80328137050975,0.211171,0.0016902270557531552,-0.0016902270557531552,82.87545009141135,0.659448774641245,-0.659448774641245,3315.018003656454,26.377950985649992,-26.377950985649992,4054116.0121999993,35426.30964043251,-35426.30964043251,497.2400577106027,501.22418606955586,493.2875983716645,232.942526129815,236.8551662223589,229.0945194279543,41.333333348,0.32042165520319454,-0.32042165520319454,2.5451159999999997,0.006045698264055283,-0.006045698264055283,30.667789814000002,0.3331502718314355,-0.3331502718314355,2.549342,0.0060206411618699,-0.0060206411618699,10.665543536,0.0445056839992409,-0.0445056839992409,41.272289114,0.3210060531701889,-0.3210060531701889,1.448691198786054,-1.428003832939919,-1.428003832939929,1.3516454116262777,-1.4280038329399245,2.7979815628126925,,-1.4632565837900542,-0.2498968586078828,-1.8118941983560997,-0.2479121637789386,0.35620438020923173,-1.4667861268319282,
002_190℃_010_1.0mm.csv,1.0,10,1.42391,0.300043555,1.63473,0.300031822,0.21082,4.346004036,41.12519494,2.539535,30.47845332,2.54375,10.64674162,41.06483709,190,0.21082,4045972.2139999997,83.00920216298263,40.0,3320.3680865193055,232.10118698108298,498.05521297789585,0.211171,0.0016902270557531552,-0.0016902270557531552,82.87545009141135,0.659448774641245,-0.659448774641245,3315.018003656454,26.377950985649992,-26.377950985649992,4054116.0121999993,35426.30964043251,-35426.30964043251,497.2400577106027,501.22418606955586,493.2875983716645,232.942526129815,236.8551662223589,229.0945194279543,41.333333348,0.32042165520319454,-0.32042165520319454,2.5451159999999997,0.006045698264055283,-0.006045698264055283,30.667789814000002,0.3331502718314355,-0.3331502718314355,2.549342,0.0060206411618699,-0.0060206411618699,10.665543536,0.0445056839992409,-0.0445056839992409,41.272289114,0.3210060531701889,-0.3210060531701889,-0.02845220030346595,0.028460297884426,0.028460297884426,-0.177193581754189,0.028460297884437415,-0.22688610124651054,,-0.8585067074926706,-0.21669515333686712,-0.8726659121353767,-0.21731540938849164,0.0,-0.856183921229462,
003_190℃_010_1.0mm.csv,1.0,10,1.424015,0.300021251,1.63494,0.3000312,0.210925,4.353185343,41.48131481,2.54505,30.7467699,2.54929,10.73454492,41.41946388,190,0.21092500000000003,4053154.1429999997,82.96787957804906,40.0,3318.7151831219626,232.6289898264694,497.80727746829433,0.211171,0.0016902270557531552,-0.0016902270557531552,82.87545009141135,0.659448774641245,-0.659448774641245,3315.018003656454,26.377950985649992,-26.377950985649992,4054116.0121999993,35426.30964043251,-35426.30964043251,497.2400577106027,501.22418606955586,493.2875983716645,232.942526129815,236.8551662223589,229.0945194279543,41.333333348,0.32042165520319454,-0.32042165520319454,2.5451159999999997,0.006045698264055283,-0.006045698264055283,30.667789814000002,0.3331502718314355,-0.3331502718314355,2.549342,0.0060206411618699,-0.0060206411618699,10.665543536,0.0445056839992409,-0.0445056839992409,41.272289114,0.3210060531701889,-0.3210060531701889,0.02133915022765211,-0.021334597605806575,-0.021334597605813424,0.0,-0.02133459760581799,0.0,,0.0,0.0,0.0,0.0,0.8246964483017025,0.0,
004_190℃_010_1.0mm.csv,1.0,10,1.42443,0.300059015,1.63531,0.300050835,0.21088,4.354788936,41.59622268,2.551815,30.96980713,2.55603,10.62641555,41.53573982,190,0.21087999999999996,4054738.101,82.98558421851291,40.0,3319.4233687405167,232.67025054119176,497.9135053110775,0.211171,0.0016902270557531552,-0.0016902270557531552,82.87545009141135,0.659448774641245,-0.659448774641245,3315.018003656454,26.377950985649992,-26.377950985649992,4054116.0121999993,35426.30964043251,-35426.30964043251,497.2400577106027,501.22418606955586,493.2875983716645,232.942526129815,236.8551662223589,229.0945194279543,41.333333348,0.32042165520319454,-0.32042165520319454,2.5451159999999997,0.006045698264055283,-0.006045698264055283,30.667789814000002,0.3331502718314355,-0.3331502718314355,2.549342,0.0060206411618699,-0.0060206411618699,10.665543536,0.0445056839992409,-0.0445056839992409,41.272289114,0.3210060531701889,-0.3210060531701889,0.0,0.0,0.0,0.03907963882241378,0.0,0.017736703732904566,,0.27701115677339866,0.26581010196263855,0.7254005241051328,0.2643873392199297,-0.19091352758872923,0.2807277765276601,
005_190℃_010_1.0mm.csv,1.0,10,1.423935,0.300031328,1.63323,0.300026972,0.209295,4.30880416,41.58959757,2.55049,30.95424776,2.55467,10.63534981,41.52947585,190,0.209295,4008777.1879999996,83.61403760242719,40.0,3344.5615040970874,228.30395144556735,501.6842256145631,0.211171,0.0016902270557531552,-0.0016902270557531552,82.87545009141135,0.659448774641245,-0.659448774641245,3315.018003656454,26.377950985649992,-26.377950985649992,4054116.0121999993,35426.30964043251,-35426.30964043251,497.2400577106027,501.22418606955586,493.2875983716645,232.942526129815,236.8551662223589,229.0945194279543,41.333333348,0.32042165520319454,-0.32042165520319454,2.5451159999999997,0.006045698264055283,-0.006045698264055283,30.667789814000002,0.3331502718314355,-0.3331502718314355,2.549342,0.0060206411618699,-0.0060206411618699,10.665543536,0.0445056839992409,-0.0445056839992409,41.272289114,0.3210060531701889,-0.3210060531701889,-0.7516122913505064,0.7573042834276723,0.757304283427662,-1.0948745948051668,0.7573042834276666,-1.859200086854319,,0.2610398452796815,0.2137482564193282,0.6747956311339257,0.21103915207764368,-0.10699808830338649,0.26560452428529857,
011_190℃_020_1.0mm.csv,1.0,20,1.465185,0.30005817,1.559805,0.300025376,0.09462,4.086547074,33.40277066,1.98957,25.28479609,1.992165,8.117974569,33.36664912,190,0.09462000000000015,3786521.6980000003,184.95032762629435,40.0,7398.013105051774,97.49134233054711,1109.7019657577662,0.094916,0.00019122630572175113,-0.00019122630572175113,184.3741508008487,0.37192500906807036,-0.37192500906807036,7374.966032033948,14.877000362722304,-14.877000362722304,3802203.5494000004,13604.741459273922,-13604.741459273922,1106.2431056978764,1108.4754971473678,1104.0152101272718,98.20068540149047,98.74018160148054,97.66413689862922,33.606925958,0.1408268747485097,-0.1408268747485097,1.9918869999999997,0.0015593131500760235,-0.0015593131500760235,25.457766096,0.12071106544368647,-0.12071106544368647,1.9944700000000002,0.001555084402854027,-0.001555084402854027,8.1491598626,0.020261286705057988,-0.020261286705057988,33.571124002,0.14095625015253052,-0.14095625015253052,-0.37902716361307065,0.3804692454023277,0.38046924540233074,-0.43514095702064925,0.38046924540232246,-0.8594900010869778,,-0.6451632757192937,-0.12148655364735098,-0.7112061627614458,-0.12057736755290566,-0.43889742472943205,-0.646848906120589,
012_190℃_020_1.0mm.csv,1.0,20,1.465235,0.300073154,1.560215,0.300098431,0.09498,4.106584713,33.55383621,1.991405,25.41123567,1.99399,8.142600546,33.51798103,190,0.09497999999999984,3806486.282,184.24931564539935,40.0,7369.9726258159735,98.37824954132229,1105.4958938723962,0.094916,0.00019122630572175113,-0.00019122630572175113,184.3741508008487,0.37192500906807036,-0.37192500906807036,7374.966032033948,14.877000362722304,-14.877000362722304,3802203.5494000004,13604.741459273922,-13604.741459273922,1106.2431056978764,1108.4754971473678,1104.0152101272718,98.20068540149047,98.74018160148054,97.66413689862922,33.606925958,0.1408268747485097,-0.1408268747485097,1.9918869999999997,0.0015593131500760235,-0.0015593131500760235,25.457766096,0.12071106544368647,-0.12071106544368647,1.9944700000000002,0.001555084402854027,-0.001555084402854027,8.1491598626,0.020261286705057988,-0.020261286705057988,33.571124002,0.14095625015253052,-0.14095625015253052,0.0,0.0,0.0,0.08981866300783757,0.0,0.0424201695601834,,-0.1958265063929402,-0.02936761730730755,-0.21470093698064385,-0.029078949347479656,-0.13687757959761893,-0.19624021402559802,
013_190℃_020_1.0mm.csv,1.0,20,1.465345,0.300116319,1.560455,0.300023263,0.09511,4.121982212,33.77805612,1.993725,25.60702738,1.99632,8.171028736,33.74203108,190,0.09511000000000003,3821958.949,183.99747660603506,40.0,7359.899064241403,98.91333758894969,1103.9848596362103,0.094916,0.00019122630572175113,-0.00019122630572175113,184.3741508008487,0.37192500906807036,-0.37192500906807036,7374.966032033948,14.877000362722304,-14.877000362722304,3802203.5494000004,13604.741459273922,-13604.741459273922,1106.2431056978764,1108.4754971473678,1104.0152101272718,98.20068540149047,98.74018160148054,97.66413689862922,33.606925958,0.1408268747485097,-0.1408268747485097,1.9918869999999997,0.0015593131500760235,-0.0015593131500760235,25.457766096,0.12071106544368647,-0.12071106544368647,1.9944700000000002,0.001555084402854027,-0.001555084402854027,8.1491598626,0.020261286705057988,-0.020261286705057988,33.571124002,0.14095625015253052,-0.14095625015253052,0.13687092019392055,-0.13668383976468407,-0.13668383976467485,0.4966653766256789,-0.1366838397646995,0.5865597892223995,,0.4711041735539289,0.08709883081742589,0.5541374851302212,0.08773820923808844,0.21177366543429246,0.47089535569207147,
014_190℃_020_1.0mm.csv,1.0,20,1.46515,0.300003135,1.560175,0.300099659,0.095025,4.103170074,33.61967244,1.99199,25.46591122,1.99457,8.153761217,33.58388612,190,0.09502500000000014,3803070.4150000005,184.16206261510104,40.0,7366.482504604041,98.33653501642871,1104.9723756906062,0.094916,0.00019122630572175113,-0.00019122630572175113,184.3741508008487,0.37192500906807036,-0.37192500906807036,7374.966032033948,14.877000362722304,-14.877000362722304,3802203.5494000004,13604.741459273922,-13604.741459273922,1106.2431056978764,1108.4754971473678,1104.0152101272718,98.20068540149047,98.74018160148054,97.66413689862922,33.606925958,0.1408268747485097,-0.1408268747485097,1.9918869999999997,0.0015593131500760235,-0.0015593131500760235,25.457766096,0.12071106544368647,-0.12071106544368647,1.9944700000000002,0.001555084402854027,-0.001555084402854027,8.1491598626,0.020261286705057988,-0.020261286705057988,33.571124002,0.14095625015253052,-0.14095625015253052,0.0473783954519845,-0.04735595895847895,-0.04735595895847279,0.0,-0.047355958958489236,0.0,,0.0,0.0,0.0,0.0,0.0,0.0,
015_190℃_020_1.0mm.csv,1.0,20,1.465105,0.300008808,1.55995,0.300062805,0.094845,4.093043208,33.68029436,1.992745,25.51986012,1.995305,8.160434245,33.64507266,190,0.09484499999999985,3792980.403,184.51157151141365,40.0,7380.462860456546,97.88985750273046,1107.069429068482,0.094916,0.00019122630572175113,-0.00019122630572175113,184.3741508008487,0.37192500906807036,-0.37192500906807036,7374.966032033948,14.877000362722304,-14.877000362722304,3802203.5494000004,13604.741459273922,-13604.741459273922,1106.2431056978764,1108.4754971473678,1104.0152101272718,98.20068540149047,98.74018160148054,97.66413689862922,33.606925958,0.1408268747485097,-0.1408268747485097,1.9918869999999997,0.0015593131500760235,-0.0015593131500760235,25.457766096,0.12071106544368647,-0.12071106544368647,1.9944700000000002,0.001555084402854027,-0.001555084402854027,8.1491598626,0.020261286705057988,-0.020261286705057988,33.571124002,0.14095625015253052,-0.14095625015253052,-0.14213518635501837,0.14233749802307522,0.1423374980230814,-0.26531225822702964,0.14233749802306492,-0.4542335294035152,,0.18031680739360453,0.03790179669576962,0.21184751464001114,0.03685004788000181,0.08183987514972875,0.18219017233850196,
021_190℃_040_1.0mm.csv,1.0,40,1.481555,0.300143464,1.526925,0.300050392,0.04537,4.021337555,28.880285,1.7254,22.07318408,1.727355,6.807100925,28.8474378,190,0.04537000000000013,3721287.1629999997,385.717434428035,40.0,15428.6973771214,45.94144179192122,2314.30460656821,0.045561000000000004,0.00017519275099154677,-0.00017519275099154677,384.1049840376346,1.4782142991958656,-1.4782142991958656,15364.199361505383,59.12857196783479,-59.12857196783479,3734827.462,11759.46274088721,-11759.46274088721,2304.61625858649,2313.498873724797,2295.767748004097,46.30225632550469,46.62680900899649,45.97996273815523,28.855462798,0.08172314718174281,-0.08172314718174281,1.725142,0.0006390285596122629,-0.0006390285596122629,22.042103994,0.07778175915599636,-0.07778175915599636,1.7270869999999998,0.0006459353682838031,-0.0006459353682838031,6.813358807200001,0.007693361909502638,-0.007693361909502638,28.82285774,0.08152848094217968,-0.08152848094217968,-0.5371040227991426,0.5400044081988638,0.5400044081988608,-0.4462797090749585,0.5400044081988687,-0.9809867456037128,,0.0,0.0,0.0,0.0,-0.053992919134917675,0.0,
022_190℃_040_1.0mm.csv,1.0,40,1.481485,0.300058246,1.5271,0.300072321,0.045615,4.038041281,28.93628848,1.7257,22.11306279,1.727645,6.82322569,28.90373898,190,0.04561499999999996,3737968.96,383.6457305710844,40.0,15345.829222843377,46.39658615248975,2301.8743834265065,0.045561000000000004,0.00017519275099154677,-0.00017519275099154677,384.1049840376346,1.4782142991958656,-1.4782142991958656,15364.199361505383,59.12857196783479,-59.12857196783479,3734827.462,11759.46274088721,-11759.46274088721,2304.61625858649,2313.498873724797,2295.767748004097,46.30225632550469,46.62680900899649,45.97996273815523,28.855462798,0.08172314718174281,-0.08172314718174281,1.725142,0.0006390285596122629,-0.0006390285596122629,22.042103994,0.07778175915599636,-0.07778175915599636,1.7270869999999998,0.0006459353682838031,-0.0006459353682838031,6.813358807200001,0.007693361909502638,-0.007693361909502638,28.82285774,0.08152848094217968,-0.08152848094217968,0.0,0.0,0.0,0.0,0.0,0.0,,0.193915953391738,0.017387272516515992,0.18066586975158314,0.016788674013165996,0.1827607142581802,0.1951687369614448,
023_190℃_040_1.0mm.csv,1.0,40,1.48145,0.30001186,1.527175,0.300154457,0.045725,4.044426621,28.89845956,1.725515,22.07879418,1.72746,6.819665383,28.86578068,190,0.045725000000000016,3744272.1640000003,382.72279934390366,40.0,15308.911973756147,46.5868965167075,2296.336796063422,0.045561000000000004,0.00017519275099154677,-0.00017519275099154677,384.1049840376346,1.4782142991958656,-1.4782142991958656,15364.199361505383,59.12857196783479,-59.12857196783479,3734827.462,11759.46274088721,-11759.46274088721,2304.61625858649,2313.498873724797,2295.767748004097,46.30225632550469,46.62680900899649,45.97996273815523,28.855462798,0.08172314718174281,-0.08172314718174281,1.725142,0.0006390285596122629,-0.0006390285596122629,22.042103994,0.07778175915599636,-0.07778175915599636,1.7270869999999998,0.0006459353682838031,-0.0006459353682838031,6.813358807200001,0.007693361909502638,-0.007693361909502638,28.82285774,0.08152848094217968,-0.08152848094217968,0.24114874493051539,-0.24056861673057184,-0.2405686167305689,0.16862644038650274,-0.2405686167305768,0.41018182586162466,,0.06293068091259663,0.006665121131324053,0.02541590728218308,0.006078657832351876,0.13048611563644152,0.06358582043636031,
024_190℃_040_1.0mm.csv,1.0,40,1.48159,0.300125343,1.52697,0.300002719,0.04538,4.023682395,28.83888743,1.725,22.03286366,1.72695,6.806023775,28.80606901,190,0.045379999999999976,3723679.6759999995,385.6324371970033,40.0,15425.297487880132,45.981111210035344,2313.7946231820197,0.045561000000000004,0.00017519275099154677,-0.00017519275099154677,384.1049840376346,1.4782142991958656,-1.4782142991958656,15364.199361505383,59.12857196783479,-59.12857196783479,3734827.462,11759.46274088721,-11759.46274088721,2304.61625858649,2313.498873724797,2295.767748004097,46.30225632550469,46.62680900899649,45.97996273815523,28.855462798,0.08172314718174281,-0.08172314718174281,1.725142,0.0006390285596122629,-0.0006390285596122629,22.042103994,0.07778175915599636,-0.07778175915599636,1.7270869999999998,0.0006459353682838031,-0.0006459353682838031,6.813358807200001,0.007693361909502638,-0.007693361909502638,28.82285774,0.08152848094217968,-0.08152848094217968,-0.5151814096239952,0.5178492728073705,0.5178492728073735,-0.3822740143888314,0.5178492728073656,-0.8954860193568658,,-0.14334197186766295,-0.023183030022021326,-0.18266698566852374,-0.02344625163906601,-0.06980829233319229,-0.1434054223006243,
025_190℃_040_1.0mm.csv,1.0,40,1.48147,0.300022029,1.527185,0.300122604,0.045715,4.047051951,28.72339352,1.724095,21.91261526,1.726025,6.810778263,28.69126223,190,0.04571499999999995,3746929.347,382.80651864814655,40.0,15312.260745925862,46.609761931457086,2296.8391118888794,0.045561000000000004,0.00017519275099154677,-0.00017519275099154677,384.1049840376346,1.4782142991958656,-1.4782142991958656,15364.199361505383,59.12857196783479,-59.12857196783479,3734827.462,11759.46274088721,-11759.46274088721,2304.61625858649,2313.498873724797,2295.767748004097,46.30225632550469,46.62680900899649,45.97996273815523,28.855462798,0.08172314718174281,-0.08172314718174281,1.725142,0.0006390285596122629,-0.0006390285596122629,22.042103994,0.07778175915599636,-0.07778175915599636,1.7270869999999998,0.0006459353682838031,-0.0006459353682838031,6.813358807200001,0.007693361909502638,-0.007693361909502638,28.82285774,0.08152848094217968,-0.08152848094217968,0.21922613175488123,-0.2187465820846321,-0.21874658208463504,0.2397127182136928,-0.21874658208462716,0.45946436288802994,,-0.5432476860945185,-0.07563463544685936,-0.7274384131353727,-0.0769963325431109,0.0,-0.541384545424003,
031_190℃_080_1.0mm.csv,1.0,80,1.487725,0.300041298,1.51057,0.30010324,0.022845,3.444853107,25.75347656,1.604935,19.6218111,1.607055,6.131665452,25.70017589,190,0.022845000000000004,3144749.867,766.0319544758152,40.0,30641.278179032604,19.548792030371434,4596.1917268548905,0.022474999999999978,0.00028011158490866457,-0.00028011158490866457,778.7392816265273,9.663075933813095,-9.663075933813095,31149.571265061088,386.52303735252445,-386.52303735252445,3095072.8656,56777.660381197325,-56777.660381197325,4672.147069021832,4730.614010385643,4614.402736440926,18.924662743618665,19.503899085470618,18.362628846172914,25.882911528,0.18374680748096717,-0.18374680748096717,1.6053039999999998,0.000611998774508479,-0.000611998774508479,19.75873616,0.17921578922176837,-0.17921578922176837,1.6074179999999998,0.0006000895766466441,-0.0006000895766466441,6.1241753662,0.010222303327709499,-0.010222303327709499,25.829682782,0.18418791751299327,-0.18418791751299327,2.146210596914986,-2.1011162179909637,-2.101116217990964,2.837256700006412,-2.101116217990964,5.0626914672940915,,-0.5287042744867273,-0.023048579553417044,-0.7977710546108737,-0.022707195381429294,0.06044716725479934,-0.5297871518828147,
032_190℃_080_1.0mm.csv,1.0,80,1.48796,0.30000218,1.510655,0.300125258,0.022695,3.468223502,25.65344243,1.6045,19.53727903,1.60663,6.116163398,25.59953028,190,0.02269500000000013,3168098.244,771.0949548358625,40.0,30843.7981934345,19.56462303335521,4626.569729015175,0.022474999999999978,0.00028011158490866457,-0.00028011158490866457,778.7392816265273,9.663075933813095,-9.663075933813095,31149.571265061088,386.52303735252445,-386.52303735252445,3095072.8656,56777.660381197325,-56777.660381197325,4672.147069021832,4730.614010385643,4614.402736440926,18.924662743618665,19.503899085470618,18.362628846172914,25.882911528,0.18374680748096717,-0.18374680748096717,1.6053039999999998,0.000611998774508479,-0.000611998774508479,19.75873616,0.17921578922176837,-0.17921578922176837,1.6074179999999998,0.0006000895766466441,-0.0006000895766466441,6.1241753662,0.010222303327709499,-0.010222303327709499,25.829682782,0.18418791751299327,-0.18418791751299327,1.4755197853796733,-1.4540647719769149,-1.4540647719769062,3.6007778513303084,-1.4540647719769102,5.147773337289861,,-0.9150802460838813,-0.05014623389324425,-1.2251408686729135,-0.04914708041458165,-0.19252528654157616,-0.9193269080221519,
033_190℃_080_1.0mm.csv,1.0,80,1.487915,0.300206734,1.510125,0.300179648,0.02221,3.358166576,25.89036,1.605305,19.77960708,1.60742,6.110752915,25.8370573,190,0.02220999999999984,3057986.928,787.933363349848,40.0,31517.334533993922,18.481058413844764,4727.600180099088,0.022474999999999978,0.00028011158490866457,-0.00028011158490866457,778.7392816265273,9.663075933813095,-9.663075933813095,31149.571265061088,386.52303735252445,-386.52303735252445,3095072.8656,56777.660381197325,-56777.660381197325,4672.147069021832,4730.614010385643,4614.402736440926,18.924662743618665,19.503899085470618,18.362628846172914,25.882911528,0.18374680748096717,-0.18374680748096717,1.6053039999999998,0.000611998774508479,-0.000611998774508479,19.75873616,0.17921578922176837,-0.17921578922176837,1.6074179999999998,0.0006000895766466441,-0.0006000895766466441,6.1241753662,0.010222303327709499,-0.010222303327709499,25.829682782,0.18418791751299327,-0.18418791751299327,-0.6930471719209814,0.6978838361104343,0.697883836110443,0.0,0.6978838361104391,-0.6757177064346968,,0.0,0.0,0.0,0.0,-0.2808170161880921,0.0,
034_190℃_080_1.0mm.csv,1.0,80,1.48778,0.300196482,1.510145,0.300218339,0.022365,3.357671729,26.014901,1.60577,19.88693973,1.607875,6.127961273,25.96193988,190,0.022364999999999968,3057453.39,782.4726134585301,40.0,31298.9045383412,18.606787773428547,4694.83568075118,0.022474999999999978,0.00028011158490866457,-0.00028011158490866457,778.7392816265273,9.663075933813095,-9.663075933813095,31149.571265061088,386.52303735252445,-386.52303735252445,3095072.8656,56777.660381197325,-56777.660381197325,4672.147069021832,4730.614010385643,4614.402736440926,18.924662743618665,19.503899085470618,18.362628846172914,25.882911528,0.18374680748096717,-0.18374680748096717,1.6053039999999998,0.000611998774508479,-0.000611998774508479,19.75873616,0.17921578922176837,-0.17921578922176837,1.6074179999999998,0.0006000895766466441,-0.0006000895766466441,6.1241753662,0.010222303327709499,-0.010222303327709499,25.829682782,0.18418791751299327,-0.18418791751299327,0.0,0.0,0.0,-0.017447360389753423,0.0,0.0,,0.4810323224551421,0.028966458087400074,0.5426429835834738,0.0283062298590208,0.0,0.4833467625587444,
035_190℃_080_1.0mm.csv,1.0,80,1.487825,0.300140468,1.510085,0.300196058,0.02226,3.347271957,26.10237765,1.60601,19.96804386,1.60811,6.134333793,26.04971056,190,0.022259999999999946,3047075.8989999997,786.1635220125805,40.0,31446.54088050322,18.456574016799955,4716.981132075483,0.022474999999999978,0.00028011158490866457,-0.00028011158490866457,778.7392816265273,9.663075933813095,-9.663075933813095,31149.571265061088,386.52303735252445,-386.52303735252445,3095072.8656,56777.660381197325,-56777.660381197325,4672.147069021832,4730.614010385643,4614.402736440926,18.924662743618665,19.503899085470618,18.362628846172914,25.882911528,0.18374680748096717,-0.18374680748096717,1.6053039999999998,0.000611998774508479,-0.000611998774508479,19.75873616,0.17921578922176837,-0.17921578922176837,1.6074179999999998,0.0006000895766466441,-0.0006000895766466441,6.1241753662,0.010222303327709499,-0.010222303327709499,25.829682782,0.18418791751299327,-0.18418791751299327,-0.46948356807521524,0.4716981132076471,0.47169811320765004,-0.3568043048220675,0.47169811320766164,-0.8073062285533493,,0.8189057626081674,0.043916888067996776,0.9526821197097307,0.04292593099500177,0.10399086606628635,0.823055263340689,
041_190℃_120_1.0mm.csv,1.0,120,1.48968,0.300090439,1.50482,0.300177073,0.01514,2.570914425,23.52434317,1.57198,17.8641736,1.574425,5.660169568,23.4558741,190,0.015140000000000153,2270737.352,1155.8784676353912,40.0,46235.13870541565,9.354820002525264,6935.270805812348,0.01532300000000002,0.0002311276703469066,-0.0002311276703469066,1142.2804275942385,17.10656964339106,-17.10656964339106,45691.21710376955,684.2627857356433,-684.2627857356433,2329094.31,68561.11695048682,-68561.11695048682,6853.064755970313,6956.84703075077,6750.830705624143,9.70699749599287,10.146159148337953,9.286844313165243,23.905566636,0.2819877403538862,-0.2819877403538862,1.572824,0.0006086398771029343,-0.0006086398771029343,18.20057979,0.2602995142622299,-0.2602995142622299,1.57523,0.0005792559883160404,-0.0005792559883160404,5.7049868452,0.026424689976071367,-0.026424689976071367,23.838486178,0.2830272044176007,-0.2830272044176007,-0.19775873434393038,0.1981505944516135,0.19815059445161742,-0.9010588517790235,0.19815059445163322,-1.0644267072803828,,-1.4436201729550269,-0.05022984924687452,-1.5607326933627192,-0.047931030104499874,-0.8709085674655451,-1.4534168893637,
042_190℃_120_1.0mm.csv,1.0,120,1.489745,0.300025468,1.505245,0.300182863,0.0155,2.682125198,23.78590932,1.572585,18.07957453,1.575005,5.706334793,23.71828709,190,0.015499999999999847,2381942.335,1129.0322580645272,40.0,45161.29032258109,10.046287399319631,6774.193548387164,0.01532300000000002,0.0002311276703469066,-0.0002311276703469066,1142.2804275942385,17.10656964339106,-17.10656964339106,45691.21710376955,684.2627857356433,-684.2627857356433,2329094.31,68561.11695048682,-68561.11695048682,6853.064755970313,6956.84703075077,6750.830705624143,9.70699749599287,10.146159148337953,9.286844313165243,23.905566636,0.2819877403538862,-0.2819877403538862,1.572824,0.0006086398771029343,-0.0006086398771029343,18.20057979,0.2602995142622299,-0.2602995142622299,1.57523,0.0005792559883160404,-0.0005792559883160404,5.7049868452,0.026424689976071367,-0.026424689976071367,23.838486178,0.2830272044176007,-0.2830272044176007,2.1753460777832343,-2.1290322580627263,-2.1290322580627343,3.952120691861088,-2.129032258062714,6.248458339851279,,-0.3477760661502593,-0.011762686216045686,-0.3737810771755569,-0.011109841414951704,-0.0623962508203091,-0.35092531654502973,
043_190℃_120_1.0mm.csv,1.0,120,1.48976,0.300181844,1.5054,0.300328125,0.01564,2.72261431,23.86891971,1.57277,18.1474061,1.57518,5.721513609,23.80181368,190,0.0156400000000001,2422286.185,1118.925831202039,40.0,44757.03324808156,10.308722702966051,6713.554987212234,0.01532300000000002,0.0002311276703469066,-0.0002311276703469066,1142.2804275942385,17.10656964339106,-17.10656964339106,45691.21710376955,684.2627857356433,-684.2627857356433,2329094.31,68561.11695048682,-68561.11695048682,6853.064755970313,6956.84703075077,6750.830705624143,9.70699749599287,10.146159148337953,9.286844313165243,23.905566636,0.2819877403538862,-0.2819877403538862,1.572824,0.0006086398771029343,-0.0006086398771029343,18.20057979,0.2602995142622299,-0.2602995142622299,1.57523,0.0005792559883160404,-0.0005792559883160404,5.7049868452,0.026424689976071367,-0.026424689976071367,23.838486178,0.2830272044176007,-0.2830272044176007,3.098220171390682,-3.0051150895138545,-3.0051150895138545,5.712796717787782,-3.005115089513855,9.023945972055712,,0.0,0.0,0.0,0.0,0.20343717007369685,0.0,
044_190℃_120_1.0mm.csv,1.0,120,1.489685,0.300007728,1.504855,0.300230099,0.01517,2.579351706,24.09493237,1.573215,18.38503481,1.5756,5.709897555,24.02850478,190,0.015170000000000128,2279121.6070000003,1153.5926170072414,40.0,46143.70468028966,9.407965926038177,6921.555702043448,0.01532300000000002,0.0002311276703469066,-0.0002311276703469066,1142.2804275942385,17.10656964339106,-17.10656964339106,45691.21710376955,684.2627857356433,-684.2627857356433,2329094.31,68561.11695048682,-68561.11695048682,6853.064755970313,6956.84703075077,6750.830705624143,9.70699749599287,10.146159148337953,9.286844313165243,23.905566636,0.2819877403538862,-0.2819877403538862,1.572824,0.0006086398771029343,-0.0006086398771029343,18.20057979,0.2602995142622299,-0.2602995142622299,1.57523,0.0005792559883160404,-0.0005792559883160404,5.7049868452,0.026424689976071367,-0.026424689976071367,23.838486178,0.2830272044176007,-0.2830272044176007,0.0,0.0,0.0,-0.535155330579222,0.0,-0.5023611186852294,,0.9468910312908273,0.028294029006150214,1.3094362284646244,0.02666361939586999,0.0,0.9524110349224448,
045_190℃_120_1.0mm.csv,1.0,120,1.489735,0.300134247,1.5049,0.300294782,0.015165,2.591678853,24.25372861,1.57357,18.52670991,1.57594,5.727018701,24.18795124,190,0.015164999999999873,2291384.071,1153.9729640619944,40.0,46158.918562479776,9.455466513391759,6923.837784371966,0.01532300000000002,0.0002311276703469066,-0.0002311276703469066,1142.2804275942385,17.10656964339106,-17.10656964339106,45691.21710376955,684.2627857356433,-684.2627857356433,2329094.31,68561.11695048682,-68561.11695048682,6853.064755970313,6956.84703075077,6750.830705624143,9.70699749599287,10.146159148337953,9.286844313165243,23.905566636,0.2819877403538862,-0.2819877403538862,1.572824,0.0006086398771029343,-0.0006086398771029343,18.20057979,0.2602995142622299,-0.2602995142622299,1.57523,0.0005792559883160404,-0.0005792559883160404,5.7049868452,0.026424689976071367,-0.026424689976071367,23.838486178,0.2830272044176007,-0.2830272044176007,-0.03295978905902939,0.03297065611772952,0.03297065611772558,0.0,0.03297065611773609,0.0,,1.6121756018927906,0.05086567012340724,2.090126863915828,0.048248454144914986,0.2998503184178412,1.6223030950135633,
051_190℃_160_1.0mm.csv,1.0,160,1.49078,0.300301241,1.5024,0.300161738,0.01162,2.071195204,23.33456837,1.56387,17.8865715,1.56626,5.44799687,23.27251784,190,0.011619999999999964,1771033.466,1506.024096385547,40.0,60240.963855421876,5.599839149638077,9036.144578313282,0.011846000000000023,0.00019866428969501253,-0.00019866428969501253,1477.6254362365248,24.859860350397216,-24.859860350397216,59105.017449461,994.3944140158868,-994.3944140158868,1806756.0732,32859.08006048739,-32859.08006048739,8864.750926258206,9014.922225778393,8717.081192323922,5.822472093781011,6.029703256363021,5.622363131565955,23.5683304,0.17006774281337528,-0.17006774281337528,1.564279,0.0003217996270973966,-0.0003217996270973966,18.084368555999998,0.14563447120424353,-0.14563447120424353,1.566649,0.0003129776349837332,-0.0003129776349837332,5.4839618418,0.025478852872511955,-0.025478852872511955,23.506966614,0.17047222017123334,-0.17047222017123334,-2.3118957545189196,2.3666092943203676,2.3666092943203583,-2.1997127557680374,2.3666092943203623,-4.460753444474745,,-1.0126857658785284,-0.023653659285019012,-1.1680498493622076,-0.022022143424796914,-0.6192324327917458,-1.0178028807315964,
052_190℃_160_1.0mm.csv,1.0,160,1.490665,0.300215361,1.50256,0.300083226,0.011895,2.110950572,23.50016335,1.564115,18.01822051,1.56648,5.481942838,23.43897867,190,0.011894999999999989,1810867.3460000001,1471.2063892391775,40.0,58848.2555695671,5.861297164808158,8827.238335435066,0.011846000000000023,0.00019866428969501253,-0.00019866428969501253,1477.6254362365248,24.859860350397216,-24.859860350397216,59105.017449461,994.3944140158868,-994.3944140158868,1806756.0732,32859.08006048739,-32859.08006048739,8864.750926258206,9014.922225778393,8717.081192323922,5.822472093781011,6.029703256363021,5.622363131565955,23.5683304,0.17006774281337528,-0.17006774281337528,1.564279,0.0003217996270973966,-0.0003217996270973966,18.084368555999998,0.14563447120424353,-0.14563447120424353,1.566649,0.0003129776349837332,-0.0003129776349837332,5.4839618418,0.025478852872511955,-0.025478852872511955,23.506966614,0.17047222017123334,-0.17047222017123334,0.0,0.0,0.0,0.0,0.0,0.0,,-0.3102171338927199,-0.007991101109813888,-0.44062545762224525,-0.007979037472747166,0.0,-0.3098150815181523,
053_190℃_160_1.0mm.csv,1.0,160,1.490635,0.300198262,1.502655,0.300253355,0.01202,2.135137935,23.63845235,1.56446,18.13948513,1.56683,5.498967213,23.57716481,190,0.012020000000000142,1834884.58,1455.906821963377,40.0,58236.272878535085,6.001445619483064,8735.440931780262,0.011846000000000023,0.00019866428969501253,-0.00019866428969501253,1477.6254362365248,24.859860350397216,-24.859860350397216,59105.017449461,994.3944140158868,-994.3944140158868,1806756.0732,32859.08006048739,-32859.08006048739,8864.750926258206,9014.922225778393,8717.081192323922,5.822472093781011,6.029703256363021,5.622363131565955,23.5683304,0.17006774281337528,-0.17006774281337528,1.564279,0.0003217996270973966,-0.0003217996270973966,18.084368555999998,0.14563447120424353,-0.14563447120424353,1.566649,0.0003129776349837332,-0.0003129776349837332,5.4839618418,0.025478852872511955,-0.025478852872511955,23.506966614,0.17047222017123334,-0.17047222017123334,1.0508617066006969,-1.039933444260834,-1.0399334442608368,1.3262834548897948,-1.0399334442608492,2.39108256643892,,0.2764171025357321,0.014064337953248025,0.2294201617339401,0.014362267450947732,0.3105536760067926,0.2779153842040157,
054_190℃_160_1.0mm.csv,1.0,160,1.49076,0.300112658,1.502415,0.30003231,0.011655,2.075148729,23.57329174,1.56424,18.09796475,1.566605,5.475326993,23.51182184,190,0.011654999999999971,1775116.419,1501.5015015015053,40.0,60060.06006006021,5.629654928828558,9009.009009009033,0.011846000000000023,0.00019866428969501253,-0.00019866428969501253,1477.6254362365248,24.859860350397216,-24.859860350397216,59105.017449461,994.3944140158868,-994.3944140158868,1806756.0732,32859.08006048739,-32859.08006048739,8864.750926258206,9014.922225778393,8717.081192323922,5.822472093781011,6.029703256363021,5.622363131565955,23.5683304,0.17006774281337528,-0.17006774281337528,1.564279,0.0003217996270973966,-0.0003217996270973966,18.084368555999998,0.14563447120424353,-0.14563447120424353,1.566649,0.0003129776349837332,-0.0003129776349837332,5.4839618418,0.025478852872511955,-0.025478852872511955,23.506966614,0.17047222017123334,-0.17047222017123334,-2.017654476671023,2.0592020592022253,2.059202059202216,-1.9742432861782986,2.05920205920222,-3.9520643548053567,,0.0,0.0,0.0,0.0,-0.12068431203148906,0.0,
055_190℃_160_1.0mm.csv,1.0,160,1.490635,0.300297535,1.502675,0.300132378,0.01204,2.142010933,23.79517619,1.56471,18.27960089,1.56707,5.515575295,23.73434991,190,0.01204000000000005,1841878.555,1453.4883720930172,40.0,58139.53488372069,6.034344980190501,8720.930232558105,0.011846000000000023,0.00019866428969501253,-0.00019866428969501253,1477.6254362365248,24.859860350397216,-24.859860350397216,59105.017449461,994.3944140158868,-994.3944140158868,1806756.0732,32859.08006048739,-32859.08006048739,8864.750926258206,9014.922225778393,8717.081192323922,5.822472093781011,6.029703256363021,5.622363131565955,23.5683304,0.17006774281337528,-0.17006774281337528,1.564279,0.0003217996270973966,-0.0003217996270973966,18.084368555999998,0.14563447120424353,-0.14563447120424353,1.566649,0.0003129776349837332,-0.0003129776349837332,5.4839618418,0.025478852872511955,-0.025478852872511955,23.506966614,0.17047222017123334,-0.17047222017123334,1.2189995796558375,-1.204318936877578,-1.2043189368775808,1.7125058369681263,-1.2043189368775726,2.9523808555781916,,0.9412535697061755,0.030046540172861607,1.0036274382731458,0.029682019398631923,0.6135134567048819,0.9464518382042963,
061_190℃_200_1.0mm.csv,1.0,200,1.49126,0.300156461,1.50123,0.300054218,0.00997,1.800964095,23.61207583,1.561795,18.21269762,1.56402,5.399378209,23.55712747,190,0.009970000000000034,1500909.8770000003,1755.2657973921705,40.0,70210.63189568682,4.0718561833170215,10531.594784353023,0.009847999999999945,0.00013512031675508762,-0.00013512031675508762,1777.281243064861,24.661296295192532,-24.661296295192532,71091.24972259444,986.4518518077073,-986.4518518077073,1479800.4302,31169.736790933348,-31169.736790933348,10662.872333779806,10811.021497916026,10516.753336250737,3.9644541551105417,4.102681565525244,3.830883897995406,23.779517974,0.17354142340605405,-0.17354142340605405,1.56203,0.00025826343140278665,-0.00025826343140278665,18.373713766,0.15930495241157622,-0.15930495241157622,1.56425,0.00024433583445741927,-0.00024433583445741927,5.4058042092,0.015348855403660737,-0.015348855403660737,23.724703924,0.17418098821427702,-0.17418098821427702,0.6562342251408874,-0.6519558676048529,-0.6519558676048607,0.2713838602658117,-0.6519558676048574,0.9293989991792617,,-0.9458847279205906,-0.02048504751569993,-1.1525769942608903,-0.02045591111907245,-0.2198643483451755,-0.9478099597294615,
062_190℃_200_1.0mm.csv,1.0,200,1.49136,0.300181743,1.50099,0.300142576,0.00963,1.740015016,23.58213883,1.56172,18.19932506,1.56396,5.382813774,23.52634781,190,0.009630000000000027,1439872.44,1817.2377985462047,40.0,72689.51194184819,3.7730534958367445,10903.426791277228,0.009847999999999945,0.00013512031675508762,-0.00013512031675508762,1777.281243064861,24.661296295192532,-24.661296295192532,71091.24972259444,986.4518518077073,-986.4518518077073,1479800.4302,31169.736790933348,-31169.736790933348,10662.872333779806,10811.021497916026,10516.753336250737,3.9644541551105417,4.102681565525244,3.830883897995406,23.779517974,0.17354142340605405,-0.17354142340605405,1.56203,0.00025826343140278665,-0.00025826343140278665,18.373713766,0.15930495241157622,-0.15930495241157622,1.56425,0.00024433583445741927,-0.00024433583445741927,5.4058042092,0.015348855403660737,-0.015348855403660737,23.724703924,0.17418098821427702,-0.17418098821427702,-2.7763755678930626,2.8556593977134206,2.85565939771342,-3.806348166860977,2.85565939771342,-6.477045214220388,,-1.0714722904140284,-0.025286230527196987,-1.2251551000730747,-0.0242913944538941,-0.5259739608442701,-1.0772312032820797,
063_190℃_200_1.0mm.csv,1.0,200,1.491235,0.300080416,1.501045,0.300271035,0.00981,1.753080785,23.89389985,1.562225,18.48262418,1.56444,5.411275675,23.83923938,190,0.009809999999999874,1452809.7500000002,1783.893985728871,40.0,71355.75942915484,3.8781125571428077,10703.363914373225,0.009847999999999945,0.00013512031675508762,-0.00013512031675508762,1777.281243064861,24.661296295192532,-24.661296295192532,71091.24972259444,986.4518518077073,-986.4518518077073,1479800.4302,31169.736790933348,-31169.736790933348,10662.872333779806,10811.021497916026,10516.753336250737,3.9644541551105417,4.102681565525244,3.830883897995406,23.779517974,0.17354142340605405,-0.17354142340605405,1.56203,0.00025826343140278665,-0.00025826343140278665,18.373713766,0.15930495241157622,-0.15930495241157622,1.56425,0.00024433583445741927,-0.00024433583445741927,5.4058042092,0.015348855403660737,-0.015348855403660737,23.724703924,0.17418098821427702,-0.17418098821427702,-0.9591115598178481,0.9683995922523694,0.9683995922523667,-2.942044455486783,0.9683995922523564,-3.8729385268370913,,0.2363844281039269,0.007041735083528069,0.3124198674617744,0.006392472224707479,0.0,0.2384043848475625,
064_190℃_200_1.0mm.csv,1.0,200,1.491335,0.300085739,1.50126,0.300352976,0.009925,1.808915386,23.83755159,1.562115,18.42506063,1.56434,5.412490952,23.78254076,190,0.009924999999999962,1508562.4100000001,1763.2241813602084,40.0,70528.96725440833,4.074144739931957,10579.345088161248,0.009847999999999945,0.00013512031675508762,-0.00013512031675508762,1777.281243064861,24.661296295192532,-24.661296295192532,71091.24972259444,986.4518518077073,-986.4518518077073,1479800.4302,31169.736790933348,-31169.736790933348,10662.872333779806,10811.021497916026,10516.753336250737,3.9644541551105417,4.102681565525244,3.830883897995406,23.779517974,0.17354142340605405,-0.17354142340605405,1.56203,0.00025826343140278665,-0.00025826343140278665,18.373713766,0.15930495241157622,-0.15930495241157622,1.56425,0.00024433583445741927,-0.00024433583445741927,5.4058042092,0.015348855403660737,-0.015348855403660737,23.724703924,0.17418098821427702,-0.17418098821427702,0.20191822312096283,-0.2015113350139168,-0.20151133501393223,0.7826271305679987,-0.2015113350139425,0.9861256204846531,,0.0,0.0,0.0,0.0,0.022458234859749862,0.0,
065_190℃_200_1.0mm.csv,1.0,200,1.491305,0.300187394,1.50121,0.300234126,0.009905,1.7970818,23.97192377,1.562295,18.54886134,1.56449,5.423062436,23.9182642,190,0.00990499999999983,1496847.674,1766.78445229685,40.0,70671.37809187401,4.034360873733265,10600.706713781101,0.009847999999999945,0.00013512031675508762,-0.00013512031675508762,1777.281243064861,24.661296295192532,-24.661296295192532,71091.24972259444,986.4518518077073,-986.4518518077073,1479800.4302,31169.736790933348,-31169.736790933348,10662.872333779806,10811.021497916026,10516.753336250737,3.9644541551105417,4.102681565525244,3.830883897995406,23.779517974,0.17354142340605405,-0.17354142340605405,1.56203,0.00025826343140278665,-0.00025826343140278665,18.373713766,0.15930495241157622,-0.15930495241157622,1.56425,0.00024433583445741927,-0.00024433583445741927,5.4058042092,0.015348855403660737,-0.015348855403660737,23.724703924,0.17418098821427702,-0.17418098821427702,0.0,0.0,0.0,0.0,0.0,0.0,,0.5636995875716099,0.011522839227590094,0.6719148038971614,0.009588708337054122,0.21781852760625886,0.5706851987331549,
071_190℃_240_1.0mm.csv,1.0,240,1.491665,0.300188696,1.50038,0.300204989,0.008715,1.593654151,23.79414281,1.560805,18.42573172,1.56295,5.368411086,23.74132656,190,0.008715000000000028,1293449.162,2008.0321285140496,40.0,80321.28514056199,3.067322298457153,12048.192771084297,0.008816999999999941,0.00017715106547802875,-0.00017715106547802875,1985.4399585786246,39.68552106389414,-39.68552106389414,79417.59834314499,1587.4208425557667,-1587.4208425557667,1300555.0592,40264.48404251207,-40264.48404251207,11910.729284041978,12151.850827015161,11674.392164389437,3.1185756053624365,3.2796207739870304,2.9654385298146506,23.944927655999997,0.1232052838600176,-0.1232052838600176,1.561011,0.0001553785699509974,-0.0001553785699509974,18.56008164,0.11898677234602084,-0.11898677234602084,1.563155,0.0001519457139901031,-0.0001519457139901031,5.3848460158,0.01127153677749324,-0.01127153677749324,23.89204534,0.12328016266668484,-0.12328016266668484,-0.057339449539114726,0.05737234652680156,0.05737234652680156,0.0,0.057372346526786445,0.0,,-0.731727891564263,-0.016335054386115475,-0.7827127536494947,-0.015673028636851365,-0.34554703674768245,-0.7342869078303724,
072_190℃_240_1.0mm.csv,1.0,240,1.491595,0.300283401,1.5006,0.300267748,0.009005,1.647386962,23.84776724,1.560895,18.45768398,1.56305,5.390083257,23.79446346,190,0.00900499999999993,1347119.214,1943.364797334829,40.0,77734.59189339317,3.3009002781142596,11660.188784008975,0.008816999999999941,0.00017715106547802875,-0.00017715106547802875,1985.4399585786246,39.68552106389414,-39.68552106389414,79417.59834314499,1587.4208425557667,-1587.4208425557667,1300555.0592,40264.48404251207,-40264.48404251207,11910.729284041978,12151.850827015161,11674.392164389437,3.1185756053624365,3.2796207739870304,2.9654385298146506,23.944927655999997,0.1232052838600176,-0.1232052838600176,1.561011,0.0001553785699509974,-0.0001553785699509974,18.56008164,0.11898677234602084,-0.11898677234602084,1.563155,0.0001519457139901031,-0.0001519457139901031,5.3848460158,0.01127153677749324,-0.01127153677749324,23.89204534,0.12328016266668484,-0.12328016266668484,3.2683486238543122,-3.164908384232016,-3.1649083842320116,4.149374677935731,-3.1649083842320236,7.6150452065175855,,-0.5080087792009254,-0.010569741073371346,-0.6106589863003963,-0.00927587409119398,0.056756049013254754,-0.5121143069575108,
073_190℃_240_1.0mm.csv,1.0,240,1.491535,0.30020804,1.500255,0.300086464,0.00872,1.562166889,24.01788995,1.561125,18.63762458,1.563265,5.380265368,23.96514685,190,0.008719999999999839,1262080.425,2006.880733944991,40.0,80275.22935779965,2.994650695510149,12041.284403669948,0.008816999999999941,0.00017715106547802875,-0.00017715106547802875,1985.4399585786246,39.68552106389414,-39.68552106389414,79417.59834314499,1587.4208425557667,-1587.4208425557667,1300555.0592,40264.48404251207,-40264.48404251207,11910.729284041978,12151.850827015161,11674.392164389437,3.1185756053624365,3.2796207739870304,2.9654385298146506,23.944927655999997,0.1232052838600176,-0.1232052838600176,1.561011,0.0001553785699509974,-0.0001553785699509974,18.56008164,0.11898677234602084,-0.11898677234602084,1.563155,0.0001519457139901031,-0.0001519457139901031,5.3848460158,0.01127153677749324,-0.01127153677749324,23.89204534,0.12328016266668484,-0.12328016266668484,0.0,0.0,0.0,-2.4252006125618384,0.0,-2.369219660534449,,0.2017367915034396,0.00416383739255402,0.35826960056827456,0.004478008181961592,-0.12549459123678525,0.2015361446514139,
074_190℃_240_1.0mm.csv,1.0,240,1.49155,0.300168697,1.50056,0.300058103,0.00901,1.637440375,23.96953458,1.56106,18.57109001,1.563195,5.398444574,23.91694556,190,0.009009999999999962,1337382.2719999999,1942.2863485016728,40.0,77691.45394006692,3.2788610260462447,11653.718091010038,0.008816999999999941,0.00017715106547802875,-0.00017715106547802875,1985.4399585786246,39.68552106389414,-39.68552106389414,79417.59834314499,1587.4208425557667,-1587.4208425557667,1300555.0592,40264.48404251207,-40264.48404251207,11910.729284041978,12151.850827015161,11674.392164389437,3.1185756053624365,3.2796207739870304,2.9654385298146506,23.944927655999997,0.1232052838600176,-0.1232052838600176,1.561011,0.0001553785699509974,-0.0001553785699509974,18.56008164,0.11898677234602084,-0.11898677234602084,1.563155,0.0001519457139901031,-0.0001519457139901031,5.3848460158,0.01127153677749324,-0.01127153677749324,23.89204534,0.12328016266668484,-0.12328016266668484,3.325688073395973,-3.2186459489470005,-3.218645948946998,3.3965857561860533,-3.218645948947004,6.896527557456042,,0.0,0.0,0.0,0.0,0.21196817013049607,0.0,
075_190℃_240_1.0mm.csv,1.0,240,1.491625,0.300035913,1.50026,0.300178881,0.008635,1.562923104,24.0953037,1.56117,18.70827791,1.563315,5.387025794,24.04234427,190,0.008634999999999948,1262744.223,2026.6357845975801,40.0,81065.43138390321,2.967019419212227,12159.814707585483,0.008816999999999941,0.00017715106547802875,-0.00017715106547802875,1985.4399585786246,39.68552106389414,-39.68552106389414,79417.59834314499,1587.4208425557667,-1587.4208425557667,1300555.0592,40264.48404251207,-40264.48404251207,11910.729284041978,12151.850827015161,11674.392164389437,3.1185756053624365,3.2796207739870304,2.9654385298146506,23.944927655999997,0.1232052838600176,-0.1232052838600176,1.561011,0.0001553785699509974,-0.0001553785699509974,18.56008164,0.11898677234602084,-0.11898677234602084,1.563155,0.0001519457139901031,-0.0001519457139901031,5.3848460158,0.01127153677749324,-0.01127153677749324,23.89204534,0.12328016266668484,-0.12328016266668484,-0.9747706422005996,0.9843659525175612,0.9843659525175658,-2.3738806210614727,0.9843659525175685,-3.270046949268361,,0.5247040553926245,0.0070464940489189725,0.7387175439143795,0.007676585454797388,0.0,0.5243090497714981,
001_210℃_010_1.0mm.csv,1.0,10,1.41992,0.300055991,1.62206,0.300038208,0.20214,3.931667337,42.32801313,2.652715,32.79320864,2.657075,9.534804494,42.26616003,210,0.20214,3631629.1289999997,86.57366181854161,40.0,3462.9464727416644,199.7544250710367,519.4419709112497,0.200229,0.0015177796282727681,-0.0015177796282727681,87.4039358066801,0.6610541240438824,-0.6610541240438824,3496.1574322672045,26.44216496175515,-26.44216496175515,3592578.1141999997,32112.559255434793,-32112.559255434793,524.4115975389142,528.3974056886233,520.4558551435696,195.72758011903443,198.9832586265481,192.52516962319896,41.954754344,0.30919900502159126,-0.30919900502159126,2.6454779999999998,0.006165558166135498,-0.006165558166135498,32.486187040000004,0.26094689070685406,-0.26094689070685406,2.6497349999999997,0.006228997712312903,-0.006228997712312903,9.468567304,0.05085160290267797,-0.05085160290267797,41.89551197,0.30745410262385503,-0.30745410262385503,1.358872787444211,-1.340654991589991,-1.3406549915899877,1.5318904815739995,-1.3406549915899961,2.911579711905758,,0.7947115945914376,0.23730036823123504,0.8435225152831768,0.2420151962152845,0.6271956284550886,0.7908416157364144,
002_210℃_010_1.0mm.csv,1.0,10,1.420055,0.30004228,1.619485,0.300038912,0.19943,3.876874832,41.99427972,2.64542,32.51890436,2.649695,9.475375354,41.93452436,210,0.19943,3576835.92,87.75008775008776,40.0,3510.00351000351,194.102962592,526.5005265005266,0.200229,0.0015177796282727681,-0.0015177796282727681,87.4039358066801,0.6610541240438824,-0.6610541240438824,3496.1574322672045,26.44216496175515,-26.44216496175515,3592578.1141999997,32112.559255434793,-32112.559255434793,524.4115975389142,528.3974056886233,520.4558551435696,195.72758011903443,198.9832586265481,192.52516962319896,41.954754344,0.30919900502159126,-0.30919900502159126,2.6454779999999998,0.006165558166135498,-0.006165558166135498,32.486187040000004,0.26094689070685406,-0.26094689070685406,2.6497349999999997,0.006228997712312903,-0.006228997712312903,9.468567304,0.05085160290267797,-0.05085160290267797,41.89551197,0.30745410262385503,-0.30745410262385503,0.0,0.0,0.0,0.0,0.0,0.0,,0.0,-0.03835348308194859,0.0,-0.036406027178132336,0.0,0.0,
003_210℃_010_1.0mm.csv,1.0,10,1.420055,0.300055563,1.621595,0.300042371,0.20154,3.921373032,42.02116953,2.64714,32.53150714,2.651395,9.489662395,41.96192622,210,0.20153999999999983,3621330.661,86.83139823360135,40.0,3473.255929344054,198.59672963753448,520.9883894016082,0.200229,0.0015177796282727681,-0.0015177796282727681,87.4039358066801,0.6610541240438824,-0.6610541240438824,3496.1574322672045,26.44216496175515,-26.44216496175515,3592578.1141999997,32112.559255434793,-32112.559255434793,524.4115975389142,528.3974056886233,520.4558551435696,195.72758011903443,198.9832586265481,192.52516962319896,41.954754344,0.30919900502159126,-0.30919900502159126,2.6454779999999998,0.006165558166135498,-0.006165558166135498,32.486187040000004,0.26094689070685406,-0.26094689070685406,2.6497349999999997,0.006228997712312903,-0.006228997712312903,9.468567304,0.05085160290267797,-0.05085160290267797,41.89551197,0.30745410262385503,-0.30745410262385503,1.0580153437295463,-1.0469385729879124,-1.046938572987906,1.243969306816845,-1.0469385729879015,2.3151460366837697,,0.0640320781289498,0.026639611401752004,0.038755241752559774,0.02772894298024463,0.1507807391922274,0.06534439204500082,
004_210℃_010_1.0mm.csv,1.0,10,1.42,0.300017804,1.619385,0.300006059,0.199385,3.87577752,41.96244472,2.646435,32.51821409,2.65066,9.444230631,41.90392516,210,0.19938500000000015,3575771.4610000006,87.76989241918895,40.0,3510.795696767558,194.00141299360152,526.6193545151338,0.200229,0.0015177796282727681,-0.0015177796282727681,87.4039358066801,0.6610541240438824,-0.6610541240438824,3496.1574322672045,26.44216496175515,-26.44216496175515,3592578.1141999997,32112.559255434793,-32112.559255434793,524.4115975389142,528.3974056886233,520.4558551435696,195.72758011903443,198.9832586265481,192.52516962319896,41.954754344,0.30919900502159126,-0.30919900502159126,2.6454779999999998,0.006165558166135498,-0.006165558166135498,32.486187040000004,0.26094689070685406,-0.26094689070685406,2.6497349999999997,0.006228997712312903,-0.006228997712312903,9.468567304,0.05085160290267797,-0.05085160290267797,41.89551197,0.30745410262385503,-0.30745410262385503,-0.022564308278519137,0.02256940090771732,0.02256940090772704,-0.029759793957765138,0.02256940090772272,-0.052317387144650083,,-0.07580794387298267,0.0,-0.002122672991556382,0.0,-0.3286911793615959,-0.07296899265461824,
005_210℃_010_1.0mm.csv,1.0,10,1.42009,0.300056757,1.61874,0.300010044,0.19865,3.857333444,41.46786462,2.63568,32.06910097,2.63985,9.398763646,41.41102408,210,0.19865,3557323.4,88.09463881198087,40.0,3523.785552479235,192.28905943129251,528.5678328718852,0.200229,0.0015177796282727681,-0.0015177796282727681,87.4039358066801,0.6610541240438824,-0.6610541240438824,3496.1574322672045,26.44216496175515,-26.44216496175515,3592578.1141999997,32112.559255434793,-32112.559255434793,524.4115975389142,528.3974056886233,520.4558551435696,195.72758011903443,198.9832586265481,192.52516962319896,41.954754344,0.30919900502159126,-0.30919900502159126,2.6454779999999998,0.006165558166135498,-0.006165558166135498,32.486187040000004,0.26094689070685406,-0.26094689070685406,2.6497349999999997,0.006228997712312903,-0.006228997712312903,9.468567304,0.05085160290267797,-0.05085160290267797,41.89551197,0.30745410262385503,-0.30745410262385503,-0.391114676828964,0.3926503901333925,0.39265039013339564,-0.5455246043268325,0.392650390133387,-0.9345056543625663,,-1.2535400142826911,-0.4063957739373939,-1.3832058578003075,-0.40782295730119156,-0.8085348087836788,-1.2483753851739177,
011_210℃_020_1.0mm.csv,1.0,20,1.46213,0.300010621,1.555485,0.300029418,0.093355,3.692246512,33.43846097,2.034095,26.14413383,2.036485,7.294327138,33.40967912,210,0.09335500000000008,3392217.094,187.45648331637284,40.0,7498.259332654914,86.17154471030481,1124.7388998982372,0.09314500000000003,0.0005724071977185954,-0.0005724071977185954,187.88479964069757,1.1566714833400227,-1.1566714833400227,7515.391985627903,46.266859333600664,-46.266859333600664,3385274.7822000002,17401.720294348914,-17401.720294348914,1127.2917283054778,1134.2468624587366,1120.3792426202829,85.79954104820857,86.77402130199545,84.83600429745141,33.232323198,0.21691142868531935,-0.21691142868531935,2.0307690000000003,0.0031117145595313017,-0.0031117145595313017,25.94564947,0.21159839926304214,-0.21159839926304214,2.033113,0.0031364243175946724,-0.0031364243175946724,7.286673725999999,0.0169367192770096,-0.0169367192770096,33.204540298,0.2163381151544777,-0.2163381151544777,0.01607028069434141,-0.016067698570077348,-0.016067698570077348,0.020518491789880067,-0.01606769857005714,0.036592069863440775,,0.4797318197049347,0.14277309662540263,0.6285284061147969,0.14457511390206365,0.0,0.4779512278119413,
012_210℃_020_1.0mm.csv,1.0,20,1.46228,0.300069692,1.55461,0.300086381,0.09233,3.659783448,33.1950459,2.03038,25.93727096,2.032735,7.257774937,33.16710154,210,0.09233000000000002,3359697.0670000003,189.5375284306292,40.0,7581.501137225168,84.40838916900955,1137.2251705837753,0.09314500000000003,0.0005724071977185954,-0.0005724071977185954,187.88479964069757,1.1566714833400227,-1.1566714833400227,7515.391985627903,46.266859333600664,-46.266859333600664,3385274.7822000002,17401.720294348914,-17401.720294348914,1127.2917283054778,1134.2468624587366,1120.3792426202829,85.79954104820857,86.77402130199545,84.83600429745141,33.232323198,0.21691142868531935,-0.21691142868531935,2.0307690000000003,0.0031117145595313017,-0.0031117145595313017,25.94564947,0.21159839926304214,-0.21159839926304214,2.033113,0.0031364243175946724,-0.0031364243175946724,7.286673725999999,0.0169367192770096,-0.0169367192770096,33.204540298,0.2163381151544777,-0.2163381151544777,-1.0820655667451848,1.0939023069424338,1.0939023069424278,-0.9383440667592643,1.093902306942444,-2.0102561354604336,,-0.2517097671676912,-0.040124163361951376,-0.16768486013153885,-0.03983191913628552,-0.501104492689674,-0.2515888005330212,
013_210℃_020_1.0mm.csv,1.0,20,1.46207,0.300052866,1.55541,0.300101369,0.09334,3.691622574,33.27881192,2.031195,25.98083689,2.033545,7.297975029,33.25075672,210,0.09333999999999998,3391521.205,187.48660809942152,40.0,7499.464323976861,86.14002429243534,1124.919648596529,0.09314500000000003,0.0005724071977185954,-0.0005724071977185954,187.88479964069757,1.1566714833400227,-1.1566714833400227,7515.391985627903,46.266859333600664,-46.266859333600664,3385274.7822000002,17401.720294348914,-17401.720294348914,1127.2917283054778,1134.2468624587366,1120.3792426202829,85.79954104820857,86.77402130199545,84.83600429745141,33.232323198,0.21691142868531935,-0.21691142868531935,2.0307690000000003,0.0031117145595313017,-0.0031117145595313017,25.94564947,0.21159839926304214,-0.21159839926304214,2.033113,0.0031364243175946724,-0.0031364243175946724,7.286673725999999,0.0169367192770096,-0.0169367192770096,33.204540298,0.2163381151544777,-0.2163381151544777,0.0,0.0,0.0,0.0,0.0,0.0,,0.0,0.0,0.0,0.0,0.050009972557937106,0.0,
014_210℃_020_1.0mm.csv,1.0,20,1.46218,0.300040961,1.55504,0.300003483,0.09286,3.677453072,33.36854515,2.03238,26.07071338,2.0347,7.29783177,33.34120988,210,0.09285999999999994,3377449.589,188.45573982339016,40.0,7538.229592935606,85.34148811824214,1130.734438940341,0.09314500000000003,0.0005724071977185954,-0.0005724071977185954,187.88479964069757,1.1566714833400227,-1.1566714833400227,7515.391985627903,46.266859333600664,-46.266859333600664,3385274.7822000002,17401.720294348914,-17401.720294348914,1127.2917283054778,1134.2468624587366,1120.3792426202829,85.79954104820857,86.77402130199545,84.83600429745141,33.232323198,0.21691142868531935,-0.21691142868531935,2.0307690000000003,0.0031117145595313017,-0.0031117145595313017,25.94564947,0.21159839926304214,-0.21159839926304214,2.033113,0.0031364243175946724,-0.0031364243175946724,7.286673725999999,0.0169367192770096,-0.0169367192770096,33.204540298,0.2163381151544777,-0.2163381151544777,-0.5142489822155947,0.516907172087047,0.5169071720870347,-0.41490573549281173,0.5169071720870672,-0.9270210691864506,,0.26964072580389226,0.058340041207269204,0.3459337756536824,0.05679736617580604,0.048045994287023504,0.27203338787654124,
015_210℃_020_1.0mm.csv,1.0,20,1.461965,0.300065114,1.555805,0.300063539,0.09384,3.705552495,32.88075205,2.025795,25.59529229,2.0281,7.285459756,32.85395423,210,0.09384000000000015,3405488.9560000002,186.48763853367404,40.0,7459.505541346962,86.95811799484096,1118.9258312020443,0.09314500000000003,0.0005724071977185954,-0.0005724071977185954,187.88479964069757,1.1566714833400227,-1.1566714833400227,7515.391985627903,46.266859333600664,-46.266859333600664,3385274.7822000002,17401.720294348914,-17401.720294348914,1127.2917283054778,1134.2468624587366,1120.3792426202829,85.79954104820857,86.77402130199545,84.83600429745141,33.232323198,0.21691142868531935,-0.21691142868531935,2.0307690000000003,0.0031117145595313017,-0.0031117145595313017,25.94564947,0.21159839926304214,-0.21159839926304214,2.033113,0.0031364243175946724,-0.0031364243175946724,7.286673725999999,0.0169367192770096,-0.0169367192770096,33.204540298,0.2163381151544777,-0.2163381151544777,0.5356760231413832,-0.532821824382109,-0.532821824382115,0.4118432454265066,-0.5328218243820989,0.9497254140865882,,-1.1961360608573204,-0.2658533523369174,-1.4839575862484828,-0.2677590119717226,-0.1215654553496122,-1.1933637882031303,
021_210℃_040_1.0mm.csv,1.0,40,1.4801,0.300117426,1.52579,0.300090675,0.04569,3.680345666,28.32750339,1.7399,22.0039853,1.7417,6.323518087,28.30061928,210,0.04569000000000001,3380254.991,383.0159772379076,40.0,15320.639089516302,42.02553756157552,2298.0958634274452,0.04544899999999998,0.0002513314544580161,-0.0002513314544580161,385.05642873988916,2.136789358228639,-2.136789358228639,15402.257149595567,85.47157432914624,-85.47157432914624,3387577.1456,14711.01118108309,-14711.01118108309,2310.31018026649,2323.1439605662813,2297.5472978187386,41.89358976329843,42.26888252645384,41.52162911231771,28.414457035999998,0.14014369254690917,-0.14014369254690917,1.7403300000000002,0.0008514472972533293,-0.0008514472972533293,22.090052812,0.1330285845944133,-0.1330285845944133,1.742115,0.0008434453153584897,-0.0008434453153584897,6.324404223,0.008179534490296894,-0.008179534490296894,28.387872077999997,0.1403253716375024,-0.1403253716375024,0.5723090468856478,-0.5690523090394991,-0.569052309039505,-0.448530915080321,-0.569052309039509,0.07470003365300774,,-0.2779440208859782,-0.01867574595238597,-0.37831771119675256,-0.018943416588689144,0.0,-0.27706909673338154,
022_210℃_040_1.0mm.csv,1.0,40,1.480305,0.300015983,1.52595,0.300164155,0.045645,3.700152982,28.23341628,1.73919,21.91859043,1.74097,6.314825847,28.20700192,210,0.045644999999999936,3399988.827,383.3935808960461,40.0,15335.743235841845,42.22924898188158,2300.3614853762765,0.04544899999999998,0.0002513314544580161,-0.0002513314544580161,385.05642873988916,2.136789358228639,-2.136789358228639,15402.257149595567,85.47157432914624,-85.47157432914624,3387577.1456,14711.01118108309,-14711.01118108309,2310.31018026649,2323.1439605662813,2297.5472978187386,41.89358976329843,42.26888252645384,41.52162911231771,28.414457035999998,0.14014369254690917,-0.14014369254690917,1.7403300000000002,0.0008514472972533293,-0.0008514472972533293,22.090052812,0.1330285845944133,-0.1330285845944133,1.742115,0.0008434453153584897,-0.0008434453153584897,6.324404223,0.008179534490296894,-0.008179534490296894,28.387872077999997,0.1403253716375024,-0.1403253716375024,0.47325555800149,-0.47102639938673824,-0.4710263993867353,0.13264783318319653,-0.4710263993867431,0.5597945848098801,,-0.6091613513071708,-0.05947506787914765,-0.7649377026322964,-0.06084855025459154,-0.13745892524400144,-0.6069487163367516,
023_210℃_040_1.0mm.csv,1.0,40,1.480485,0.300062121,1.525915,0.30014275,0.04543,3.697205639,28.40645744,1.740225,22.0875464,1.74203,6.318911041,28.37924941,210,0.04542999999999986,3397062.889,385.2080123266576,40.0,15408.320493066303,41.994167904018916,2311.2480739599455,0.04544899999999998,0.0002513314544580161,-0.0002513314544580161,385.05642873988916,2.136789358228639,-2.136789358228639,15402.257149595567,85.47157432914624,-85.47157432914624,3387577.1456,14711.01118108309,-14711.01118108309,2310.31018026649,2323.1439605662813,2297.5472978187386,41.89358976329843,42.26888252645384,41.52162911231771,28.414457035999998,0.14014369254690917,-0.14014369254690917,1.7403300000000002,0.0008514472972533293,-0.0008514472972533293,22.090052812,0.1330285845944133,-0.1330285845944133,1.742115,0.0008434453153584897,-0.0008434453153584897,6.324404223,0.008179534490296894,-0.008179534490296894,28.387872077999997,0.1403253716375024,-0.1403253716375024,0.0,0.0,0.0,0.0464763972628465,0.0,0.0,,0.0,0.0,0.0,0.0,-0.07285574163963454,0.0,
024_210℃_040_1.0mm.csv,1.0,40,1.48045,0.300145067,1.525875,0.300190358,0.045425,3.695675148,28.54637171,1.74114,22.21102304,1.742905,6.33534867,28.52035616,210,0.04542500000000005,3395484.79,385.250412768299,40.0,15410.016510731959,41.97003988727895,2311.5024766097936,0.04544899999999998,0.0002513314544580161,-0.0002513314544580161,385.05642873988916,2.136789358228639,-2.136789358228639,15402.257149595567,85.47157432914624,-85.47157432914624,3387577.1456,14711.01118108309,-14711.01118108309,2310.31018026649,2323.1439605662813,2297.5472978187386,41.89358976329843,42.26888252645384,41.52162911231771,28.414457035999998,0.14014369254690917,-0.14014369254690917,1.7403300000000002,0.0008514472972533293,-0.0008514472972533293,22.090052812,0.1330285845944133,-0.1330285845944133,1.742115,0.0008434453153584897,-0.0008434453153584897,6.324404223,0.008179534490296894,-0.008179534490296894,28.387872077999997,0.1403253716375024,-0.1403253716375024,-0.011005943208916414,0.011007154650108703,0.011007154650105752,0.0,0.011007154650093947,-0.05745563716159745,,0.4925438882885161,0.05257940783519368,0.5590328493888294,0.05022875610637929,0.18708862435803864,0.49721804816401144,
025_210℃_040_1.0mm.csv,1.0,40,1.48048,0.300046538,1.525535,0.300070786,0.045055,3.665165017,28.55853636,1.741195,22.22911889,1.74297,6.32941747,28.53213362,210,0.04505500000000007,3365094.231,388.4141604705354,40.0,15536.566418821418,41.255597436110264,2330.4849628232128,0.04544899999999998,0.0002513314544580161,-0.0002513314544580161,385.05642873988916,2.136789358228639,-2.136789358228639,15402.257149595567,85.47157432914624,-85.47157432914624,3387577.1456,14711.01118108309,-14711.01118108309,2310.31018026649,2323.1439605662813,2297.5472978187386,41.89358976329843,42.26888252645384,41.52162911231771,28.414457035999998,0.14014369254690917,-0.14014369254690917,1.7403300000000002,0.0008514472972533293,-0.0008514472972533293,22.090052812,0.1330285845944133,-0.1330285845944133,1.742115,0.0008434453153584897,-0.0008434453153584897,6.324404223,0.008179534490296894,-0.008179534490296894,28.387872077999997,0.1403253716375024,-0.1403253716375024,-0.825445740699523,0.8323160581506848,0.8323160581506907,-0.8950285711631738,0.8323160581506946,-1.7587453324392912,,0.5353674259496154,0.055739918688683214,0.6409606908624217,0.053960035131423736,0.09329273544940261,0.5387183000905162,
031_210℃_080_1.0mm.csv,1.0,80,1.487185,0.300011312,1.509895,0.300243504,0.02271,3.164981547,25.71504201,1.612645,19.92232801,1.61461,5.792714008,25.67031964,210,0.022710000000000008,2864738.043,770.5856450902684,40.0,30823.425803610735,17.702911824906128,4623.51387054161,0.022487000000000014,0.0003350111938428783,-0.0003350111938428783,778.3666775887451,11.68506813670723,-11.68506813670723,31134.667103549804,467.4027254682884,-467.4027254682884,2833878.0288,46701.64601482814,-46701.64601482814,4669.781210600464,4740.143863953004,4600.463019848406,17.336806876180592,17.891077780707647,16.799707448932367,25.819124172,0.10533497769359651,-0.10533497769359651,1.612903,0.00035125845185556416,-0.00035125845185556416,20.024578306000002,0.09732848394230162,-0.09732848394230162,1.614864,0.00034830661779524985,-0.00034830661779524985,5.7945458668,0.01531534941470188,-0.01531534941470188,25.774560639999997,0.1054541781437896,-0.1054541781437896,0.8213096559373081,-0.8146191105234643,-0.8146191105234615,0.6368112870303588,-0.8146191105234691,1.4633511355581406,,-0.47576585471144056,-0.013640323275654623,-0.5844630615433091,-0.013623725097990931,0.0,-0.4762141834812747,
032_210℃_080_1.0mm.csv,1.0,80,1.48725,0.300087771,1.509775,0.300011846,0.022525,3.146622352,25.70948741,1.61255,19.92645128,1.61451,5.783036127,25.66498284,210,0.022525000000000128,2846610.506,776.9145394006615,40.0,31076.58157602646,17.44759228507493,4661.487236403969,0.022487000000000014,0.0003350111938428783,-0.0003350111938428783,778.3666775887451,11.68506813670723,-11.68506813670723,31134.667103549804,467.4027254682884,-467.4027254682884,2833878.0288,46701.64601482814,-46701.64601482814,4669.781210600464,4740.143863953004,4600.463019848406,17.336806876180592,17.891077780707647,16.799707448932367,25.819124172,0.10533497769359651,-0.10533497769359651,1.612903,0.00035125845185556416,-0.00035125845185556416,20.024578306000002,0.09732848394230162,-0.09732848394230162,1.614864,0.00034830661779524985,-0.00034830661779524985,5.7945458668,0.01531534941470188,-0.01531534941470188,25.774560639999997,0.1054541781437896,-0.1054541781437896,0.0,0.0,0.0,0.0,0.0,0.0,,-0.4972636734110343,-0.01953046287197411,-0.5638872984705292,-0.019816327415275788,-0.1670698913606715,-0.49690494805273777,
033_210℃_080_1.0mm.csv,1.0,80,1.487125,0.300151295,1.50997,0.300211564,0.022845,3.181511015,25.94961832,1.61344,20.13111728,1.615395,5.818501038,25.90538717,210,0.022845000000000004,2881299.451,766.0319544758152,40.0,30641.278179032604,17.911098219889798,4596.1917268548905,0.022487000000000014,0.0003350111938428783,-0.0003350111938428783,778.3666775887451,11.68506813670723,-11.68506813670723,31134.667103549804,467.4027254682884,-467.4027254682884,2833878.0288,46701.64601482814,-46701.64601482814,4669.781210600464,4740.143863953004,4600.463019848406,17.336806876180592,17.891077780707647,16.799707448932367,25.819124172,0.10533497769359651,-0.10533497769359651,1.612903,0.00035125845185556416,-0.00035125845185556416,20.024578306000002,0.09732848394230162,-0.09732848394230162,1.614864,0.00034830661779524985,-0.00034830661779524985,5.7945458668,0.01531534941470188,-0.01531534941470188,25.774560639999997,0.1054541781437896,-0.1054541781437896,1.4206437291892302,-1.4007441453266605,-1.4007441453266634,1.2186052474296543,-1.400744145326675,2.6565610156500634,,0.43210851672838946,0.03565084492502424,0.45742809563568837,0.034988203092581056,0.44516318196249616,0.4351422326532574,
034_210℃_080_1.0mm.csv,1.0,80,1.48734,0.30022873,1.50932,0.300165294,0.02198,3.063846682,25.88350287,1.613015,20.10354376,1.614975,5.77995911,25.83896327,210,0.02197999999999989,2763681.388,796.1783439490487,40.0,31847.133757961947,16.529446777752298,4777.070063694292,0.022487000000000014,0.0003350111938428783,-0.0003350111938428783,778.3666775887451,11.68506813670723,-11.68506813670723,31134.667103549804,467.4027254682884,-467.4027254682884,2833878.0288,46701.64601482814,-46701.64601482814,4669.781210600464,4740.143863953004,4600.463019848406,17.336806876180592,17.891077780707647,16.799707448932367,25.819124172,0.10533497769359651,-0.10533497769359651,1.612903,0.00035125845185556416,-0.00035125845185556416,20.024578306000002,0.09732848394230162,-0.09732848394230162,1.614864,0.00034830661779524985,-0.00034830661779524985,5.7945458668,0.01531534941470188,-0.01531534941470188,25.774560639999997,0.1054541781437896,-0.1054541781437896,-2.4195338512774103,2.4795268425852752,2.4795268425852783,-2.9132583409358164,2.4795268425852703,-5.262304920479107,,0.17622367221356897,0.0093002204152297,0.3198319123629614,0.008979273360047915,-0.22018863666296587,0.17761688472588436,
035_210℃_080_1.0mm.csv,1.0,80,1.48723,0.300166775,1.509605,0.300229186,0.022375,3.113289942,25.83797025,1.612865,20.0394512,1.61483,5.798519051,25.79315028,210,0.022375000000000034,2813060.756,782.1229050279318,40.0,31284.91620111727,17.127138616462613,4692.73743016759,0.022487000000000014,0.0003350111938428783,-0.0003350111938428783,778.3666775887451,11.68506813670723,-11.68506813670723,31134.667103549804,467.4027254682884,-467.4027254682884,2833878.0288,46701.64601482814,-46701.64601482814,4669.781210600464,4740.143863953004,4600.463019848406,17.336806876180592,17.891077780707647,16.799707448932367,25.819124172,0.10533497769359651,-0.10533497769359651,1.612903,0.00035125845185556416,-0.00035125845185556416,20.024578306000002,0.09732848394230162,-0.09732848394230162,1.614864,0.00034830661779524985,-0.00034830661779524985,5.7945458668,0.01531534941470188,-0.01531534941470188,25.774560639999997,0.1054541781437896,-0.1054541781437896,-0.6659267480581295,0.670391061452934,0.6703910614529341,-1.1785858981861006,0.6703910614529145,-1.8366641274993551,,0.0,0.0,0.0,0.0,0.10021283619359567,0.0,
041_210℃_120_1.0mm.csv,1.0,120,1.489415,0.300173674,1.504475,0.300113733,0.01506,2.431497766,23.64155189,1.57641,18.2495838,1.578695,5.391968087,23.58312474,210,0.015060000000000073,2131384.0330000003,1162.018592297471,40.0,46480.74369189884,8.734324771967392,6972.111553784826,0.015401000000000043,0.00022777181564011075,-0.00022777181564011075,1136.4900668774817,16.923462694151702,-16.923462694151702,45459.60267509927,676.9385077660693,-676.9385077660693,2205068.3170000003,52167.403729423575,-52167.403729423575,6818.3383576889355,6920.279179277269,6717.89919966603,9.237994672593166,9.598054652843507,8.891441928347097,23.679920627999998,0.054778372114750576,-0.054778372114750576,1.576446,0.00015574016822895575,-0.00015574016822895575,18.26027363,0.041477248425244445,-0.041477248425244445,1.578738,0.00015778149447894175,-0.00015778149447894175,5.4196469976,0.018317668357691178,-0.018317668357691178,23.621149082,0.05465122374804804,-0.05465122374804804,-2.3979261179519127,2.4568393094288177,2.4568393094288012,-3.9634879927455238,2.4568393094288035,-6.8170225516829674,,-0.08917486967015091,0.0,0.0,0.0,-0.6239984161671566,-0.08644241584188547,
042_210℃_120_1.0mm.csv,1.0,120,1.489385,0.300128703,1.50504,0.300182034,0.015655,2.565919466,23.75617654,1.576685,18.31716457,1.578985,5.439011972,23.69702593,210,0.015654999999999974,2265737.432,1117.8537208559583,40.0,44714.14883423833,9.651733196723795,6707.12232513575,0.015401000000000043,0.00022777181564011075,-0.00022777181564011075,1136.4900668774817,16.923462694151702,-16.923462694151702,45459.60267509927,676.9385077660693,-676.9385077660693,2205068.3170000003,52167.403729423575,-52167.403729423575,6818.3383576889355,6920.279179277269,6717.89919966603,9.237994672593166,9.598054652843507,8.891441928347097,23.679920627999998,0.054778372114750576,-0.054778372114750576,1.576446,0.00015574016822895575,-0.00015574016822895575,18.26027363,0.041477248425244445,-0.041477248425244445,1.578738,0.00015778149447894175,-0.00015778149447894175,5.4196469976,0.018317668357691178,-0.018317668357691178,23.621149082,0.05465122374804804,-0.05465122374804804,1.4581983149703106,-1.4372404982428668,-1.4372404982428748,2.0902459268605655,-1.43724049824288,2.970436786827082,,0.395236788881729,0.01744470030003636,0.37031403423019044,0.018369602741512673,0.24303809347783079,0.39611760245232863,
043_210℃_120_1.0mm.csv,1.0,120,1.489345,0.300053867,1.504665,0.300271016,0.01532,2.476681037,23.62375889,1.576295,18.21200428,1.578585,5.41175461,23.56505108,210,0.01532,2176410.021,1142.2976501305484,40.0,45691.906005221936,9.072816740604082,6853.78590078329,0.015401000000000043,0.00022777181564011075,-0.00022777181564011075,1136.4900668774817,16.923462694151702,-16.923462694151702,45459.60267509927,676.9385077660693,-676.9385077660693,2205068.3170000003,52167.403729423575,-52167.403729423575,6818.3383576889355,6920.279179277269,6717.89919966603,9.237994672593166,9.598054652843507,8.891441928347097,23.679920627999998,0.054778372114750576,-0.054778372114750576,1.576446,0.00015574016822895575,-0.00015574016822895575,18.26027363,0.041477248425244445,-0.041477248425244445,1.578738,0.00015778149447894175,-0.00015778149447894175,5.4196469976,0.018317668357691178,-0.018317668357691178,23.621149082,0.05465122374804804,-0.05465122374804804,-0.7128969539860928,0.7180156657967153,0.7180156657967073,-1.934694133802092,0.7180156657967018,-3.2057886780421048,,-0.16436931205765146,-0.00729505648911687,-0.20591987418365842,-0.00696778035022943,-0.25932534888264197,-0.1630142734339165,
044_210℃_120_1.0mm.csv,1.0,120,1.489455,0.300052953,1.504885,0.300179945,0.01543,2.532642435,23.66265303,1.576335,18.23682788,1.578635,5.42582515,23.6035282,210,0.015430000000000055,2232462.49,1134.1542449773128,40.0,45366.16979909252,9.37330509406806,6804.925469863878,0.015401000000000043,0.00022777181564011075,-0.00022777181564011075,1136.4900668774817,16.923462694151702,-16.923462694151702,45459.60267509927,676.9385077660693,-676.9385077660693,2205068.3170000003,52167.403729423575,-52167.403729423575,6818.3383576889355,6920.279179277269,6717.89919966603,9.237994672593166,9.598054652843507,8.891441928347097,23.679920627999998,0.054778372114750576,-0.054778372114750576,1.576446,0.00015574016822895575,-0.00015574016822895575,18.26027363,0.041477248425244445,-0.041477248425244445,1.578738,0.00015778149447894175,-0.00015778149447894175,5.4196469976,0.018317668357691178,-0.018317668357691178,23.621149082,0.05465122374804804,-0.05465122374804804,0.0,0.0,0.0,0.590934063092054,0.0,0.0,,0.0,-0.004757645536379955,-0.06989704609044306,-0.0038006074637563928,0.0,0.0,
045_210℃_120_1.0mm.csv,1.0,120,1.48931,0.300049952,1.50485,0.300300376,0.01554,2.519647985,23.71546279,1.576505,18.28578762,1.57879,5.429675169,23.65701546,210,0.01554000000000011,2219347.609,1126.1261261261182,40.0,45045.045045044724,9.384669889485782,6756.756756756708,0.015401000000000043,0.00022777181564011075,-0.00022777181564011075,1136.4900668774817,16.923462694151702,-16.923462694151702,45459.60267509927,676.9385077660693,-676.9385077660693,2205068.3170000003,52167.403729423575,-52167.403729423575,6818.3383576889355,6920.279179277269,6717.89919966603,9.237994672593166,9.598054652843507,8.891441928347097,23.679920627999998,0.054778372114750576,-0.054778372114750576,1.576446,0.00015574016822895575,-0.00015574016822895575,18.26027363,0.041477248425244445,-0.041477248425244445,1.578738,0.00015778149447894175,-0.00015778149447894175,5.4196469976,0.018317668357691178,-0.018317668357691178,23.621149082,0.05465122374804804,-0.05465122374804804,0.7128969539860928,-0.7078507078510532,-0.7078507078510652,0.0,-0.7078507078510865,0.12124640458906709,,0.2231776797514865,0.00602635101274137,0.19838162007837556,0.0060176284842833,0.07095729946256366,0.22660705444875273,
051_210℃_160_1.0mm.csv,1.0,160,1.49029,0.300165136,1.50245,0.300030874,0.01216,2.056464351,23.38695506,1.566845,18.16858835,1.569135,5.218366707,23.33257168,210,0.01216000000000017,1756433.477,1439.144736842085,40.0,57565.7894736834,5.8117635592708305,8634.86842105251,0.011948000000000025,0.0002024413495312633,-0.0002024413495312633,1465.0165464398565,24.808820671953104,-24.808820671953104,58600.66185759427,992.3528268781255,-992.3528268781255,1728384.4912,25814.858771715008,-25814.858771715008,8789.090611282516,8939.243599349056,8641.459751578936,5.618103528051618,5.7949545834802985,5.44664963240317,23.417152292,0.050605904742792314,-0.050605904742792314,1.566856,0.0001357110901879018,-0.0001357110901879018,18.206927524,0.05195564838433528,-0.05195564838433528,1.5691510000000002,0.00013744999090578938,-0.00013744999090578938,5.2102247686,0.0065260362268330235,-0.0065260362268330235,23.362414542,0.05049582293744693,-0.05049582293744693,2.0562316407912284,-2.014802631581171,-2.014802631581174,2.4098956966346514,-2.014802631581166,4.876009201673771,,0.0,0.0,-0.047182770665787625,0.0,0.1292279122440178,0.0,
052_210℃_160_1.0mm.csv,1.0,160,1.49034,0.300158691,1.502255,0.300083719,0.011915,2.009292366,23.49548523,1.567065,18.2838534,1.56936,5.211631824,23.44072128,210,0.011914999999999898,1709208.6469999999,1468.7368862778137,40.0,58749.47545111255,5.541556742586347,8812.421317666882,0.011948000000000025,0.0002024413495312633,-0.0002024413495312633,1465.0165464398565,24.808820671953104,-24.808820671953104,58600.66185759427,992.3528268781255,-992.3528268781255,1728384.4912,25814.858771715008,-25814.858771715008,8789.090611282516,8939.243599349056,8641.459751578936,5.618103528051618,5.7949545834802985,5.44664963240317,23.417152292,0.050605904742792314,-0.050605904742792314,1.566856,0.0001357110901879018,-0.0001357110901879018,18.206927524,0.05195564838433528,-0.05195564838433528,1.5691510000000002,0.00013744999090578938,-0.00013744999090578938,5.2102247686,0.0065260362268330235,-0.0065260362268330235,23.362414542,0.05049582293744693,-0.05049582293744693,0.0,0.0,0.0,-0.34357602769829954,0.0,0.0,,0.46406284923182156,0.014040954912571886,0.5869372970928179,0.01433911040159972,0.0,0.46351341585164196,
053_210℃_160_1.0mm.csv,1.0,160,1.49043,0.300028885,1.502235,0.300298053,0.011805,2.005148458,23.44130218,1.56689,18.23776694,1.56919,5.203535247,23.38620794,210,0.011805000000000065,1704850.4049999998,1482.4227022448033,40.0,59296.90808979213,5.4763970152449275,8894.53621346882,0.011948000000000025,0.0002024413495312633,-0.0002024413495312633,1465.0165464398565,24.808820671953104,-24.808820671953104,58600.66185759427,992.3528268781255,-992.3528268781255,1728384.4912,25814.858771715008,-25814.858771715008,8789.090611282516,8939.243599349056,8641.459751578936,5.618103528051618,5.7949545834802985,5.44664963240317,23.417152292,0.050605904742792314,-0.050605904742792314,1.566856,0.0001357110901879018,-0.0001357110901879018,18.206927524,0.05195564838433528,-0.05195564838433528,1.5691510000000002,0.00013744999090578938,-0.00013744999090578938,5.2102247686,0.0065260362268330235,-0.0065260362268330235,23.362414542,0.05049582293744693,-0.05049582293744693,-0.923206042801791,0.9318085556953121,0.9318085556953059,-0.5976859125787851,0.9318085556953225,-1.175837952549923,,0.23238219708625354,0.0028720135048361972,0.33339687752977737,0.0035051158759532015,-0.1553558899290498,0.22987718943117183,
054_210℃_160_1.0mm.csv,1.0,160,1.490295,0.300133678,1.502445,0.300021759,0.01215,2.056350362,23.38121895,1.56677,18.16726409,1.569075,5.21395486,23.32607579,210,0.012150000000000105,1756328.603,1440.3292181069835,40.0,57613.16872427934,5.8066374221633135,8641.975308641902,0.011948000000000025,0.0002024413495312633,-0.0002024413495312633,1465.0165464398565,24.808820671953104,-24.808820671953104,58600.66185759427,992.3528268781255,-992.3528268781255,1728384.4912,25814.858771715008,-25814.858771715008,8789.090611282516,8939.243599349056,8641.459751578936,5.618103528051618,5.7949545834802985,5.44664963240317,23.417152292,0.050605904742792314,-0.050605904742792314,1.566856,0.0001357110901879018,-0.0001357110901879018,18.206927524,0.05195564838433528,-0.05195564838433528,1.5691510000000002,0.00013744999090578938,-0.00013744999090578938,5.2102247686,0.0065260362268330235,-0.0065260362268330235,23.362414542,0.05049582293744693,-0.05049582293744693,1.9723038187176605,-1.9341563786025096,-1.9341563786025096,2.403780955859134,-1.9341563786024891,4.783505644539307,,-0.024526963793623922,-0.004786689174745891,-0.05446806521890959,-0.003823762773754265,0.04457406199152768,-0.027840437346939115,
055_210℃_160_1.0mm.csv,1.0,160,1.490555,0.300285604,1.502265,0.300040757,0.01171,2.015142081,23.38080004,1.56671,18.17716484,1.568995,5.203635205,23.32649602,210,0.011709999999999887,1715101.324,1494.4491887275976,40.0,59777.96754910391,5.464989524908791,8966.695132365587,0.011948000000000025,0.0002024413495312633,-0.0002024413495312633,1465.0165464398565,24.808820671953104,-24.808820671953104,58600.66185759427,992.3528268781255,-992.3528268781255,1728384.4912,25814.858771715008,-25814.858771715008,8789.090611282516,8939.243599349056,8641.459751578936,5.618103528051618,5.7949545834802985,5.44664963240317,23.417152292,0.050605904742792314,-0.050605904742792314,1.566856,0.0001357110901879018,-0.0001357110901879018,18.206927524,0.05195564838433528,-0.05195564838433528,1.5691510000000002,0.00013744999090578938,-0.00013744999090578938,5.2102247686,0.0065260362268330235,-0.0065260362268330235,23.362414542,0.05049582293744693,-0.05049582293744693,-1.7205203524969575,1.7506404782238443,1.7506404782238476,0.0,1.75064047822386,-1.3816914855196534,,-0.026318176026793077,-0.008616040514536936,0.0,-0.008922113138769385,-0.15343791100466728,-0.026039392842445917,
061_210℃_200_1.0mm.csv,1.0,200,1.490995,0.300161371,1.50105,0.300186722,0.010055,1.747462461,23.29964345,1.56361,18.18695133,1.565785,5.11269212,23.25002961,210,0.010054999999999925,1447275.739,1740.427647936363,40.0,69617.10591745452,3.959825185209495,10442.565887618179,0.010047999999999968,9.846319109188764e-05,-9.846319109188764e-05,1741.773520098802,17.016403349074228,-17.016403349074228,69670.94080395208,680.656133962968,-680.656133962968,1450317.9882,40468.514461640734,-40468.514461640734,10450.241339688873,10552.992605526862,10348.490531543406,3.9640244568811362,4.112591080939055,3.8208247757916705,23.501115912,0.1282458719256435,-0.1282458719256435,1.563918,0.00018545889032352776,-0.00018545889032352776,18.374982671999998,0.12030700099083026,-0.12030700099083026,1.566072,0.00017498571370254203,-0.00017498571370254203,5.12613324,0.010609309725922675,-0.010609309725922675,23.452377484,0.1286177014024368,-0.1286177014024368,0.0,0.0,0.0,0.707719865165799,0.0,0.657666326465101,,-1.0824833880517393,-0.023337968957301027,-1.2525878602170513,-0.021709633649932603,-0.25884647435463065,-1.0892313097629507,
062_210℃_200_1.0mm.csv,1.0,200,1.490955,0.300159787,1.501015,0.300299675,0.01006,1.737404736,23.45884352,1.563915,18.33993117,1.566055,5.118912348,23.41071934,210,0.010059999999999958,1437105.061,1739.5626242544804,40.0,69582.50497017922,3.933952901676174,10437.375745526882,0.010047999999999968,9.846319109188764e-05,-9.846319109188764e-05,1741.773520098802,17.016403349074228,-17.016403349074228,69670.94080395208,680.656133962968,-680.656133962968,1450317.9882,40468.514461640734,-40468.514461640734,10450.241339688873,10552.992605526862,10348.490531543406,3.9640244568811362,4.112591080939055,3.8208247757916705,23.501115912,0.1282458719256435,-0.1282458719256435,1.563918,0.00018545889032352776,-0.00018545889032352776,18.374982671999998,0.12030700099083026,-0.12030700099083026,1.566072,0.00017498571370254203,-0.00017498571370254203,5.12613324,0.010609309725922675,-0.010609309725922675,23.452377484,0.1286177014024368,-0.1286177014024368,0.04972650422707899,-0.049701789264738505,-0.04970178926474373,0.0,-0.049701789264747206,0.0,,-0.40660714116230284,-0.003836378458731693,-0.4219723801701215,-0.004469630457339899,-0.137498913940113,-0.4056216549997288,
063_210℃_200_1.0mm.csv,1.0,200,1.491145,0.30006749,1.50134,0.300269847,0.010195,1.820522999,23.55461828,1.563975,18.41764856,1.566125,5.136969719,23.50606503,210,0.010194999999999954,1520253.152,1716.5277096616067,40.0,68661.10838646427,4.217409764527871,10299.16625796964,0.010047999999999968,9.846319109188764e-05,-9.846319109188764e-05,1741.773520098802,17.016403349074228,-17.016403349074228,69670.94080395208,680.656133962968,-680.656133962968,1450317.9882,40468.514461640734,-40468.514461640734,10450.241339688873,10552.992605526862,10348.490531543406,3.9640244568811362,4.112591080939055,3.8208247757916705,23.501115912,0.1282458719256435,-0.1282458719256435,1.563918,0.00018545889032352776,-0.00018545889032352776,18.374982671999998,0.12030700099083026,-0.12030700099083026,1.566072,0.00017498571370254203,-0.00017498571370254203,5.12613324,0.010609309725922675,-0.010609309725922675,23.452377484,0.1286177014024368,-0.1286177014024368,1.3923421183493787,-1.3732221677295602,-1.3732221677295577,5.785804619054224,-1.3732221677295646,7.205395436506685,,0.0,0.0,0.0,0.0,0.21477401212461442,0.0,
064_210℃_200_1.0mm.csv,1.0,200,1.491015,0.300238981,1.50094,0.300240544,0.009925,1.719519237,23.63124645,1.564105,18.50528596,1.56625,5.125960488,23.58287138,210,0.009924999999999962,1419278.6930000002,1763.2241813602084,40.0,70528.96725440833,3.8330179668095092,10579.345088161248,0.010047999999999968,9.846319109188764e-05,-9.846319109188764e-05,1741.773520098802,17.016403349074228,-17.016403349074228,69670.94080395208,680.656133962968,-680.656133962968,1450317.9882,40468.514461640734,-40468.514461640734,10450.241339688873,10552.992605526862,10348.490531543406,3.9640244568811362,4.112591080939055,3.8208247757916705,23.501115912,0.1282458719256435,-0.1282458719256435,1.563918,0.00018545889032352776,-0.00018545889032352776,18.374982671999998,0.12030700099083026,-0.12030700099083026,1.566072,0.00017498571370254203,-0.00017498571370254203,5.12613324,0.010609309725922675,-0.010609309725922675,23.452377484,0.1286177014024368,-0.1286177014024368,-1.2928891098952207,1.3098236775815075,1.3098236775814944,-1.2404359628095265,1.309823677581477,-2.565738263507384,,0.32532121339900283,0.00831215332727093,0.4758338162143671,0.007981482959529457,0.0,0.3267512018790744,
065_210℃_200_1.0mm.csv,1.0,200,1.49097,0.300032459,1.500975,0.300302866,0.010005,1.727980162,23.56122786,1.563985,18.42509634,1.566145,5.136131525,23.51220206,210,0.010005000000000042,1427677.2959999999,1749.125437281352,40.0,69965.01749125408,3.8867785976816482,10494.752623688113,0.010047999999999968,9.846319109188764e-05,-9.846319109188764e-05,1741.773520098802,17.016403349074228,-17.016403349074228,69670.94080395208,680.656133962968,-680.656133962968,1450317.9882,40468.514461640734,-40468.514461640734,10450.241339688873,10552.992605526862,10348.490531543406,3.9640244568811362,4.112591080939055,3.8208247757916705,23.501115912,0.1282458719256435,-0.1282458719256435,1.563918,0.00018545889032352776,-0.00018545889032352776,18.374982671999998,0.12030700099083026,-0.12030700099083026,1.566072,0.00017498571370254203,-0.00017498571370254203,5.12613324,0.010609309725922675,-0.010609309725922675,23.452377484,0.1286177014024368,-0.1286177014024368,-0.4972650422663734,0.49975012493637183,0.49975012493636406,-0.6560247580952699,0.4997501249363675,-1.1991578235322957,,0.028060654269279152,0.0006393964097933479,0.040438278403112725,0.0012770372735196093,0.19842207180119226,0.026108283084254835,
071_210℃_240_1.0mm.csv,1.0,240,1.49136,0.300185636,1.50035,0.300183558,0.00899,1.582722107,23.2916245,1.562195,18.2073215,1.564295,5.084303001,23.24395079,210,0.008990000000000054,1282538.5489999999,1946.6073414905334,40.0,77864.29365962134,3.1374208314313106,11679.644048943203,0.008701000000000025,0.0003861897202153525,-0.0003861897202153525,2014.5279931822474,92.00815347654887,-92.00815347654887,80581.1197272899,3680.3261390619605,-3680.3261390619605,1237274.2847999998,79909.86647526736,-79909.86647526736,12077.27582469599,12633.545591306462,11545.499265555145,2.9220143563033902,3.2648342300427164,2.615191858709287,23.397587272000003,0.1542639958999397,-0.1542639958999397,1.562279,0.00017329166165748884,-0.00017329166165748884,18.320794052,0.15362028955933835,-0.15362028955933835,1.5643639999999999,0.00016253461169849737,-0.00016253461169849737,5.076793217600001,0.02081879860395995,-0.02081879860395995,23.350363112,0.15456649356610294,-0.15456649356610294,3.3927544565834404,-3.2814238042261774,-3.2814238042261703,3.219652642337693,-3.2814238042261588,6.7216420074305585,,-0.11328546262986056,-0.0006401208548215831,-0.12018034037088296,0.0,0.0,-0.1154431402421829,
072_210℃_240_1.0mm.csv,1.0,240,1.491435,0.300021335,1.50052,0.300272979,0.009085,1.624367996,23.31804045,1.562205,18.22922945,1.56429,5.088811008,23.27081535,210,0.00908500000000001,1324095.0169999998,1926.2520638414949,40.0,77050.0825536598,3.2733070012095267,11557.51238304897,0.008701000000000025,0.0003861897202153525,-0.0003861897202153525,2014.5279931822474,92.00815347654887,-92.00815347654887,80581.1197272899,3680.3261390619605,-3680.3261390619605,1237274.2847999998,79909.86647526736,-79909.86647526736,12077.27582469599,12633.545591306462,11545.499265555145,2.9220143563033902,3.2648342300427164,2.615191858709287,23.397587272000003,0.1542639958999397,-0.1542639958999397,1.562279,0.00017329166165748884,-0.00017329166165748884,18.320794052,0.15362028955933835,-0.15362028955933835,1.5643639999999999,0.00016253461169849737,-0.00016253461169849737,5.076793217600001,0.02081879860395995,-0.02081879860395995,23.350363112,0.15456649356610294,-0.15456649356610294,4.485336400228696,-4.292790313702704,-4.2927903137026995,6.564147975711419,-4.292790313702696,11.34390849445959,,0.0,0.0,0.0,-0.00031963280583475345,0.08866519165190272,0.0,
073_210℃_240_1.0mm.csv,1.0,240,1.491475,0.300200193,1.50011,0.300332821,0.008635,1.525927686,23.25095894,1.562075,18.19063615,1.56417,5.060322781,23.2034781,210,0.008634999999999948,1225594.865,2026.6357845975801,40.0,81065.43138390321,2.879731063748282,12159.814707585483,0.008701000000000025,0.0003861897202153525,-0.0003861897202153525,2014.5279931822474,92.00815347654887,-92.00815347654887,80581.1197272899,3680.3261390619605,-3680.3261390619605,1237274.2847999998,79909.86647526736,-79909.86647526736,12077.27582469599,12633.545591306462,11545.499265555145,2.9220143563033902,3.2648342300427164,2.615191858709287,23.397587272000003,0.1542639958999397,-0.1542639958999397,1.562279,0.00017329166165748884,-0.00017329166165748884,18.320794052,0.15362028955933835,-0.15362028955933835,1.5643639999999999,0.00016253461169849737,-0.00016253461169849737,5.076793217600001,0.02081879860395995,-0.02081879860395995,23.350363112,0.15456649356610294,-0.15456649356610294,-0.6900517538834986,0.6948465547211439,0.6948465547211506,-1.3632172349364842,0.6948465547211626,-2.043862084381054,,-0.287680734338898,-0.008321571112623724,-0.21171108798566757,-0.007990820145812058,-0.47165206313006536,-0.28936351815450156,
074_210℃_240_1.0mm.csv,1.0,240,1.491515,0.300170071,1.499615,0.300268023,0.0081,1.411877723,23.54156498,1.562445,18.4913694,1.56451,5.050195574,23.49506425,210,0.008099999999999996,1111609.6999999997,2160.4938271604947,40.0,86419.75308641979,2.450078522448978,12962.962962962969,0.008701000000000025,0.0003861897202153525,-0.0003861897202153525,2014.5279931822474,92.00815347654887,-92.00815347654887,80581.1197272899,3680.3261390619605,-3680.3261390619605,1237274.2847999998,79909.86647526736,-79909.86647526736,12077.27582469599,12633.545591306462,11545.499265555145,2.9220143563033902,3.2648342300427164,2.615191858709287,23.397587272000003,0.1542639958999397,-0.1542639958999397,1.562279,0.00017329166165748884,-0.00017329166165748884,18.320794052,0.15362028955933835,-0.15362028955933835,1.5643639999999999,0.00016253461169849737,-0.00016253461169849737,5.076793217600001,0.02081879860395995,-0.02081879860395995,23.350363112,0.15456649356610294,-0.15456649356610294,-6.843013225993272,7.345679012347188,7.345679012347192,-10.53682776450161,7.345679012347197,-16.65880447296989,圧力差・樹脂粘度,0.9585905405700538,0.015362900515618498,1.4380199158665026,0.01374421065080923,-0.6708378118552725,0.9636486587480021,
075_210℃_240_1.0mm.csv,1.0,240,1.491485,0.300162093,1.50018,0.300026302,0.008695,1.542559595,23.58574749,1.562475,18.48541376,1.564555,5.100333724,23.53850707,210,0.00869500000000012,1242533.2929999998,2012.650948821134,40.0,80506.03795284536,2.9398168660231687,12075.905692926804,0.008701000000000025,0.0003861897202153525,-0.0003861897202153525,2014.5279931822474,92.00815347654887,-92.00815347654887,80581.1197272899,3680.3261390619605,-3680.3261390619605,1237274.2847999998,79909.86647526736,-79909.86647526736,12077.27582469599,12633.545591306462,11545.499265555145,2.9220143563033902,3.2648342300427164,2.615191858709287,23.397587272000003,0.1542639958999397,-0.1542639958999397,1.562279,0.00017329166165748884,-0.00017329166165748884,18.320794052,0.15362028955933835,-0.15362028955933835,1.5643639999999999,0.00016253461169849737,-0.00016253461169849737,5.076793217600001,0.02081879860395995,-0.02081879860395995,23.350363112,0.15456649356610294,-0.15456649356610294,0.0,0.0,0.0,0.0,0.0,0.0,,1.1480683403651855,0.017283263080069035,1.4053490889599938,0.016620905903293622,0.3152983407331761,1.1503323625487063,
001_230℃_010_1.0mm.csv,1.0,10,1.414705,0.300035387,1.609685,0.300009618,0.19498,3.57544647,37.07460121,2.615235,29.0463362,2.618865,8.028265009,37.03332461,230,0.19497999999999993,3275436.8520000004,89.75279515847782,40.0,3590.111806339113,173.78086459944484,538.516770950867,0.194838,0.001870055480460321,-0.001870055480460321,89.82483291128412,0.8628142542311863,-0.8628142542311863,3592.9933164513654,34.51257016924738,-34.51257016924738,3264295.3208,28287.834163047522,-28287.834163047522,538.9291170211445,544.1288039827937,533.7791181927117,173.05202283178053,176.23046611665728,169.93090505898917,37.200226474,0.1456580380035311,-0.1456580380035311,2.619963,0.005245158005246222,-0.005245158005246222,29.194717063999995,0.14345820349652894,-0.14345820349652894,2.623566,0.005257888597145996,-0.005257888597145996,8.0055094142,0.0313493979073331,-0.0313493979073331,37.159741404,0.14551339566718774,-0.14551339566718774,0.0,0.0,0.0,0.0,0.0,0.0,,-0.5407135242340866,-0.27094122043669755,-0.6940418076130472,-0.26999701061137066,0.018007206733037684,-0.5438298859298862,
002_230℃_010_1.0mm.csv,1.0,10,1.41491,0.300016734,1.60809,0.300042284,0.19318,3.53974476,37.01357959,2.613635,29.04301989,2.61719,7.970559706,36.97399627,230,0.19318000000000013,3239702.4760000003,90.5890878972978,40.0,3623.563515891912,170.29815627583142,543.5345273837868,0.194838,0.001870055480460321,-0.001870055480460321,89.82483291128412,0.8628142542311863,-0.8628142542311863,3592.9933164513654,34.51257016924738,-34.51257016924738,3264295.3208,28287.834163047522,-28287.834163047522,538.9291170211445,544.1288039827937,533.7791181927117,173.05202283178053,176.23046611665728,169.93090505898917,37.200226474,0.1456580380035311,-0.1456580380035311,2.619963,0.005245158005246222,-0.005245158005246222,29.194717063999995,0.14345820349652894,-0.14345820349652894,2.623566,0.005257888597145996,-0.005257888597145996,8.0055094142,0.0313493979073331,-0.0313493979073331,37.159741404,0.14551339566718774,-0.14551339566718774,-0.9231716073442416,0.9317734755149671,0.9317734755149638,-1.0909804589326932,0.9317734755149512,-2.0040804444383853,,-0.7044149960427202,-0.33195542912055503,-0.7053798758618368,-0.33378332835101565,-0.7008989834401222,-0.7031612324337353,
003_230℃_010_1.0mm.csv,1.0,10,1.414215,0.300029432,1.610955,0.300040801,0.19674,3.590759805,37.30177902,2.62234,29.2717058,2.625955,8.030073226,37.26106486,230,0.19673999999999991,3290719.0039999997,88.9498830944394,40.0,3557.9953237775762,176.1676345161795,533.6992985666363,0.194838,0.001870055480460321,-0.001870055480460321,89.82483291128412,0.8628142542311863,-0.8628142542311863,3592.9933164513654,34.51257016924738,-34.51257016924738,3264295.3208,28287.834163047522,-28287.834163047522,538.9291170211445,544.1288039827937,533.7791181927117,173.05202283178053,176.23046611665728,169.93090505898917,37.200226474,0.1456580380035311,-0.1456580380035311,2.619963,0.005245158005246222,-0.005245158005246222,29.194717063999995,0.14345820349652894,-0.14345820349652894,2.623566,0.005257888597145996,-0.005257888597145996,8.0055094142,0.0313493979073331,-0.0313493979073331,37.159741404,0.14551339566718774,-0.14551339566718774,0.902656682736683,-0.8945816814069243,-0.8945816814069243,0.46656835990191464,-0.8945816814069453,1.3734365531188002,,0.06873181430761907,0.0,0.07646996782508941,0.0,0.0405343979424284,0.06778609195896769,
004_230℃_010_1.0mm.csv,1.0,10,1.41415,0.300031229,1.610735,0.300035787,0.196585,3.586909612,37.27615844,2.62283,29.24933884,2.62643,8.026819603,37.23582415,230,0.196585,3286873.8249999997,89.02001678663173,40.0,3560.8006714652693,175.8231539830272,534.1201007197903,0.194838,0.001870055480460321,-0.001870055480460321,89.82483291128412,0.8628142542311863,-0.8628142542311863,3592.9933164513654,34.51257016924738,-34.51257016924738,3264295.3208,28287.834163047522,-28287.834163047522,538.9291170211445,544.1288039827937,533.7791181927117,173.05202283178053,176.23046611665728,169.93090505898917,37.200226474,0.1456580380035311,-0.1456580380035311,2.619963,0.005245158005246222,-0.005245158005246222,29.194717063999995,0.14345820349652894,-0.14345820349652894,2.623566,0.005257888597145996,-0.005257888597145996,8.0055094142,0.0313493979073331,-0.0313493979073331,37.159741404,0.14551339566718774,-0.14551339566718774,0.8231613498820798,-0.8164407253860088,-0.8164407253860119,0.34917397332865135,-0.8164407253860245,1.175209588403027,,0.0,0.01868560140943209,0.0,0.018088657269459123,0.0,0.0,
005_230℃_010_1.0mm.csv,1.0,10,1.414815,0.300048229,1.60752,0.30003235,0.192705,3.528776797,37.33501411,2.625775,29.36318459,2.62939,7.971829527,37.29449713,230,0.19270500000000013,3228744.447,90.8123816195739,40.0,3632.495264782956,169.3048159616695,544.8742897174434,0.194838,0.001870055480460321,-0.001870055480460321,89.82483291128412,0.8628142542311863,-0.8628142542311863,3592.9933164513654,34.51257016924738,-34.51257016924738,3264295.3208,28287.834163047522,-28287.834163047522,538.9291170211445,544.1288039827937,533.7791181927117,173.05202283178053,176.23046611665728,169.93090505898917,37.200226474,0.1456580380035311,-0.1456580380035311,2.619963,0.005245158005246222,-0.005245158005246222,29.194717063999995,0.14345820349652894,-0.14345820349652894,2.623566,0.005257888597145996,-0.005257888597145996,8.0055094142,0.0313493979073331,-0.0313493979073331,37.159741404,0.14551339566718774,-0.14551339566718774,-1.1667863370601117,1.1805609610543575,1.180560961054351,-1.4255321384532147,1.1805609610543468,-2.575685561291444,,0.1578909213371178,0.13098987926813752,0.3892250372658318,0.13080955309592424,-0.6850792557920174,0.15757132100432997,
011_230℃_020_1.0mm.csv,1.0,20,1.45873,0.300096609,1.55084,0.300003899,0.09211,3.344066951,29.58038366,2.017615,23.17374342,2.019615,6.406640246,29.560958,230,0.09210999999999991,3044063.0519999997,189.9902290739335,40.0,7599.60916295734,76.29623067203258,1139.941374443601,0.09214999999999995,0.0006980150428178562,-0.0006980150428178562,189.91645924510527,1.4357307779580248,-1.4357307779580248,7596.65836980421,57.429231118321034,-57.429231118321034,3052105.4134,25796.14318355528,-25796.14318355528,1139.4726719106743,1148.1281593794622,1130.8824362717542,76.52709102413617,77.75122681620478,75.32222834837434,29.91703682,0.25212366779235806,-0.25212366779235806,2.022598,0.0039029517675727575,-0.0039029517675727575,23.489289688,0.23295783396425945,-0.23295783396425945,2.024597,0.0038993214153235064,-0.0038993214153235064,6.4277471332000005,0.026696597898811666,-0.026696597898811666,29.897611425999997,0.25215333866476114,-0.25215333866476114,0.0,0.0,0.0,0.0,0.0,0.0,,-1.2246500914672123,-0.25164322034107983,-1.3484384432809953,-0.25164097574466715,-0.38978685595496404,-1.2250688424924916,
012_230℃_020_1.0mm.csv,1.0,20,1.45886,0.300079489,1.550355,0.300060139,0.091495,3.326689127,29.75387174,2.02005,23.35925639,2.02205,6.394615356,29.73446912,230,0.09149499999999988,3026628.988,191.2672823651568,40.0,7650.691294606272,75.35276714477814,1147.6036941909408,0.09214999999999995,0.0006980150428178562,-0.0006980150428178562,189.91645924510527,1.4357307779580248,-1.4357307779580248,7596.65836980421,57.429231118321034,-57.429231118321034,3052105.4134,25796.14318355528,-25796.14318355528,1139.4726719106743,1148.1281593794622,1130.8824362717542,76.52709102413617,77.75122681620478,75.32222834837434,29.91703682,0.25212366779235806,-0.25212366779235806,2.022598,0.0039029517675727575,-0.0039029517675727575,23.489289688,0.23295783396425945,-0.23295783396425945,2.024597,0.0038993214153235064,-0.0038993214153235064,6.4277471332000005,0.026696597898811666,-0.026696597898811666,29.897611425999997,0.25215333866476114,-0.25215333866476114,-0.6676799478884299,0.6721678780261585,0.6721678780261585,-0.572723485098159,0.6721678780261585,-1.2365794731197335,,-0.6453355699273072,-0.13125987229973207,-0.5587022384807894,-0.131376839152257,-0.5767494151031172,-0.6452991025178235,
013_230℃_020_1.0mm.csv,1.0,20,1.4589,0.300001896,1.552005,0.300001262,0.093105,3.39209638,29.94713123,2.022705,23.49049833,2.02471,6.456632898,29.9275916,230,0.093105,3092095.1180000002,187.95983029912466,40.0,7518.393211964986,78.33728325480001,1127.7589817947478,0.09214999999999995,0.0006980150428178562,-0.0006980150428178562,189.91645924510527,1.4357307779580248,-1.4357307779580248,7596.65836980421,57.429231118321034,-57.429231118321034,3052105.4134,25796.14318355528,-25796.14318355528,1139.4726719106743,1148.1281593794622,1130.8824362717542,76.52709102413617,77.75122681620478,75.32222834837434,29.91703682,0.25212366779235806,-0.25212366779235806,2.022598,0.0039029517675727575,-0.0039029517675727575,23.489289688,0.23295783396425945,-0.23295783396425945,2.024597,0.0038993214153235064,-0.0038993214153235064,6.4277471332000005,0.026696597898811666,-0.026696597898811666,29.897611425999997,0.25215333866476114,-0.25215333866476114,1.0802301595918793,-1.0686858922722429,-1.068685892272246,1.5778932689466703,-1.068685892272258,2.675168307515892,,0.0,0.0,0.0,0.0,0.38749710726821546,0.0,
014_230℃_020_1.0mm.csv,1.0,20,1.45905,0.300049975,1.550535,0.30005932,0.091485,3.336124523,30.11264781,2.0253,23.6809376,2.027305,6.431710207,30.09307213,230,0.09148500000000004,3036065.203,191.28818932065357,40.0,7651.527572826143,75.57943540039595,1147.7291359239214,0.09214999999999995,0.0006980150428178562,-0.0006980150428178562,189.91645924510527,1.4357307779580248,-1.4357307779580248,7596.65836980421,57.429231118321034,-57.429231118321034,3052105.4134,25796.14318355528,-25796.14318355528,1139.4726719106743,1148.1281593794622,1130.8824362717542,76.52709102413617,77.75122681620478,75.32222834837434,29.91703682,0.25212366779235806,-0.25212366779235806,2.022598,0.0039029517675727575,-0.0039029517675727575,23.489289688,0.23295783396425945,-0.23295783396425945,2.024597,0.0038993214153235064,-0.0038993214153235064,6.4277471332000005,0.026696597898811666,-0.026696597898811666,29.897611425999997,0.25215333866476114,-0.25215333866476114,-0.6785365324067704,0.6831721047164869,0.6831721047164899,-0.26273598356462247,0.6831721047164819,-0.9394897563391402,,0.5526959451601484,0.1282935475019789,0.8107076628373887,0.12816650285721645,0.0,0.5529363411922528,
015_230℃_020_1.0mm.csv,1.0,20,1.45871,0.30003174,1.551265,0.300016459,0.092555,3.361691165,30.19114966,2.02732,23.7420127,2.029305,6.449136959,30.17196628,230,0.09255499999999994,3061674.706,189.0767651666578,40.0,7563.0706066663115,77.1083816092054,1134.4605909999468,0.09214999999999995,0.0006980150428178562,-0.0006980150428178562,189.91645924510527,1.4357307779580248,-1.4357307779580248,7596.65836980421,57.429231118321034,-57.429231118321034,3052105.4134,25796.14318355528,-25796.14318355528,1139.4726719106743,1148.1281593794622,1130.8824362717542,76.52709102413617,77.75122681620478,75.32222834837434,29.91703682,0.25212366779235806,-0.25212366779235806,2.022598,0.0039029517675727575,-0.0039029517675727575,23.489289688,0.23295783396425945,-0.23295783396425945,2.024597,0.0038993214153235064,-0.0038993214153235064,6.4277471332000005,0.026696597898811666,-0.026696597898811666,29.897611425999997,0.25215333866476114,-0.25215333866476114,0.4831180110737478,-0.48079520285237604,-0.480795202852379,0.5785574641244356,-0.48079520285237104,1.0644705905117822,,0.8148307366267904,0.2281598156923433,1.0707068299133817,0.2269460811671858,0.27095051610119203,0.8165531101406769,
021_230℃_040_1.0mm.csv,1.0,40,1.479245,0.300138459,1.52452,0.300045751,0.045275,3.391806458,25.359254,1.73434,19.66469669,1.73608,5.69455731,25.33577019,230,0.045275000000000176,3091760.707,386.5267807840957,40.0,15461.071231363829,38.08965061480967,2319.160684704574,0.045004,0.0002862123337664765,-0.0002862123337664765,388.86694633117247,2.4809300661007483,-2.4809300661007483,15554.6778532469,99.2372026440286,-99.2372026440286,3066900.0826000003,20810.00917488351,-20810.00917488351,2333.163770866845,2348.0730469074374,2318.3491624569497,37.555914652033145,38.048227401599604,37.0699720242815,25.669296304,0.21697869743828574,-0.21697869743828574,1.7367979999999998,0.0016743416616688863,-0.0016743416616688863,19.959987434,0.20634942052925037,-0.20634942052925037,1.7385179999999998,0.001668193633844743,-0.001668193633844743,5.7093088694,0.01192880532893391,-0.01192880532893391,25.646187308000002,0.21703734156913318,-0.21703734156913318,0.47714158899262266,-0.47487575924918707,-0.4748757592491813,0.7872571912294984,-0.4748757592491968,1.2681551116937966,,-1.683597313215753,-0.1979537110566418,-2.0744807192671457,-0.1968950937191909,-0.20987139735614124,-1.6868111490902191,
022_230℃_040_1.0mm.csv,1.0,40,1.479125,0.300053235,1.52436,0.300005033,0.045235,3.375949059,25.52618092,1.73578,19.82352192,1.737485,5.702658999,25.50349983,230,0.045234999999999914,3075944.0259999996,386.8685752183051,40.0,15474.743008732205,37.8613137458802,2321.2114513098304,0.045004,0.0002862123337664765,-0.0002862123337664765,388.86694633117247,2.4809300661007483,-2.4809300661007483,15554.6778532469,99.2372026440286,-99.2372026440286,3066900.0826000003,20810.00917488351,-20810.00917488351,2333.163770866845,2348.0730469074374,2318.3491624569497,37.555914652033145,38.048227401599604,37.0699720242815,25.669296304,0.21697869743828574,-0.21697869743828574,1.7367979999999998,0.0016743416616688863,-0.0016743416616688863,19.959987434,0.20634942052925037,-0.20634942052925037,1.7385179999999998,0.001668193633844743,-0.001668193633844743,5.7093088694,0.01192880532893391,-0.01192880532893391,25.646187308000002,0.21703734156913318,-0.21703734156913318,0.3883710608073986,-0.3868685752178931,-0.38686857521789314,0.27165457934254084,-0.3868685752179126,0.6610806679214705,,-1.0364310248862625,-0.1150893668933928,-1.283568793809323,-0.11612498958037676,-0.0678992398736232,-1.0359512916810507,
023_230℃_040_1.0mm.csv,1.0,40,1.47915,0.300057018,1.52421,0.300085383,0.04506,3.367696104,25.80075252,1.73778,20.08127895,1.739505,5.719473566,25.77747636,230,0.0450600000000001,3067610.7210000004,388.3710608078109,40.0,15534.842432312436,37.61266369748581,2330.2263648468656,0.045004,0.0002862123337664765,-0.0002862123337664765,388.86694633117247,2.4809300661007483,-2.4809300661007483,15554.6778532469,99.2372026440286,-99.2372026440286,3066900.0826000003,20810.00917488351,-20810.00917488351,2333.163770866845,2348.0730469074374,2318.3491624569497,37.555914652033145,38.048227401599604,37.0699720242815,25.669296304,0.21697869743828574,-0.21697869743828574,1.7367979999999998,0.0016743416616688863,-0.0016743416616688863,19.959987434,0.20634942052925037,-0.20634942052925037,1.7385179999999998,0.001668193633844743,-0.001668193633844743,5.7093088694,0.01192880532893391,-0.01192880532893391,25.646187308000002,0.21703734156913318,-0.21703734156913318,0.0,0.0,0.0,0.0,0.0,0.0,,0.028067638676729425,0.0,0.0,0.0,0.22675541227663606,0.02719011403151727,
024_230℃_040_1.0mm.csv,1.0,40,1.4793,0.300098564,1.52417,0.300140105,0.04487,3.364442634,25.86678119,1.73822,20.14346041,1.739935,5.72332078,25.84372082,230,0.044869999999999965,3064302.529,390.01560062402524,40.0,15600.62402496101,37.4136746874095,2340.093603744151,0.045004,0.0002862123337664765,-0.0002862123337664765,388.86694633117247,2.4809300661007483,-2.4809300661007483,15554.6778532469,99.2372026440286,-99.2372026440286,3066900.0826000003,20810.00917488351,-20810.00917488351,2333.163770866845,2348.0730469074374,2318.3491624569497,37.555914652033145,38.048227401599604,37.0699720242815,25.669296304,0.21697869743828574,-0.21697869743828574,1.7367979999999998,0.0016743416616688863,-0.0016743416616688863,19.959987434,0.20634942052925037,-0.20634942052925037,1.7385179999999998,0.001668193633844743,-0.001668193633844743,5.7093088694,0.01192880532893391,-0.01192880532893391,25.646187308000002,0.21703734156913318,-0.21703734156913318,-0.42166000887735045,0.42344550924924224,0.42344550924924224,-0.107842627402275,0.42344550924922275,-0.5290479070473592,,0.28405708176495803,0.025319660716546163,0.30964890311430043,0.024719675999777545,0.2941731163969804,0.28424581265310883,
025_230℃_040_1.0mm.csv,1.0,40,1.47927,0.300102843,1.52385,0.300060062,0.04458,3.334942492,25.79351289,1.73787,20.0869792,1.739585,5.706533692,25.77046934,230,0.04457999999999984,3034882.43,392.5527142216254,40.0,15702.108568865016,36.81498196718355,2355.316285329752,0.045004,0.0002862123337664765,-0.0002862123337664765,388.86694633117247,2.4809300661007483,-2.4809300661007483,15554.6778532469,99.2372026440286,-99.2372026440286,3066900.0826000003,20810.00917488351,-20810.00917488351,2333.163770866845,2348.0730469074374,2318.3491624569497,37.555914652033145,38.048227401599604,37.0699720242815,25.669296304,0.21697869743828574,-0.21697869743828574,1.7367979999999998,0.0016743416616688863,-0.0016743416616688863,19.959987434,0.20634942052925037,-0.20634942052925037,1.7385179999999998,0.001668193633844743,-0.001668193633844743,5.7093088694,0.01192880532893391,-0.01192880532893391,25.646187308000002,0.21703734156913318,-0.21703734156913318,-1.0652463382162827,1.076716016151325,1.076716016151325,-1.0668984423594403,1.0767160161513054,-2.1207796839860054,,0.0,0.005179021510198268,0.028385891228291226,0.004599009488323285,0.0,0.0,
031_230℃_080_1.0mm.csv,1.0,80,1.486725,0.300228509,1.50952,0.300029372,0.022795,2.987575774,23.10164279,1.60992,17.80566399,1.61187,5.295978795,23.06105309,230,0.0227949999999999,2687546.4020000002,767.7122175915805,40.0,30708.48870366322,16.67010074383394,4606.273305549483,0.022533999999999964,0.00027093357119410244,-0.00027093357119410244,776.6944130199787,9.374941685824162,-9.374941685824162,31067.776520799147,374.99766743296544,-374.99766743296544,2654776.0556,33285.83474074986,-33285.83474074986,4659.89560695397,4716.3726603542755,4604.094848195857,16.276316984159468,16.67527607705099,15.886903062038453,23.38839633,0.21392116513460271,-0.21392116513460271,1.6109649999999998,0.000783996173459991,-0.000783996173459991,18.079623882,0.20549315744475485,-0.20549315744475485,1.6128959999999999,0.0007685001626544845,-0.0007685001626544845,5.3087724478,0.012793776427039175,-0.012793776427039175,23.348282970000003,0.21435751752985246,-0.21435751752985246,1.3786969090506307,-1.3599473568766651,-1.3599473568766651,0.9759768134154674,-1.3599473568766653,2.368129484625718,,-1.6028874679198164,-0.08192448052431592,-1.9677835403320771,-0.08027697104760184,-0.16841619804937957,-1.6084357644821703,
032_230℃_080_1.0mm.csv,1.0,80,1.48663,0.300161963,1.50942,0.300071204,0.02279,2.969431617,23.22502051,1.610375,17.92010738,1.61232,5.304913128,23.18442548,230,0.022790000000000088,2669360.413,767.880649407632,40.0,30715.22597630528,16.553666343474895,4607.2838964457915,0.022533999999999964,0.00027093357119410244,-0.00027093357119410244,776.6944130199787,9.374941685824162,-9.374941685824162,31067.776520799147,374.99766743296544,-374.99766743296544,2654776.0556,33285.83474074986,-33285.83474074986,4659.89560695397,4716.3726603542755,4604.094848195857,16.276316984159468,16.67527607705099,15.886903062038453,23.38839633,0.21392116513460271,-0.21392116513460271,1.6109649999999998,0.000783996173459991,-0.000783996173459991,18.079623882,0.20549315744475485,-0.20549315744475485,1.6128959999999999,0.0007685001626544845,-0.0007685001626544845,5.3087724478,0.012793776427039175,-0.012793776427039175,23.348282970000003,0.21435751752985246,-0.21435751752985246,1.3564598621313035,-1.3383062746828545,-1.3383062746828545,0.2926963304342345,-1.3383062746828545,1.6531265008058127,,-1.0773832209211323,-0.05368536034359349,-1.3376953174407968,-0.052381498482795295,0.0,-1.0820590032735449,
033_230℃_080_1.0mm.csv,1.0,80,1.48684,0.300231025,1.508985,0.30003569,0.022145,2.899163033,23.54516086,1.61155,18.24496518,1.61347,5.300195683,23.50539061,230,0.02214500000000008,2599127.343,790.2461052156214,40.0,31609.844208624854,15.661952383873528,4741.476631293728,0.022533999999999964,0.00027093357119410244,-0.00027093357119410244,776.6944130199787,9.374941685824162,-9.374941685824162,31067.776520799147,374.99766743296544,-374.99766743296544,2654776.0556,33285.83474074986,-33285.83474074986,4659.89560695397,4716.3726603542755,4604.094848195857,16.276316984159468,16.67527607705099,15.886903062038453,23.38839633,0.21392116513460271,-0.21392116513460271,1.6109649999999998,0.000783996173459991,-0.000783996173459991,18.079623882,0.20549315744475485,-0.20549315744475485,1.6128959999999999,0.0007685001626544845,-0.0007685001626544845,5.3087724478,0.012793776427039175,-0.012793776427039175,23.348282970000003,0.21435751752985246,-0.21435751752985246,-1.5121191905705444,1.5353352901322244,1.5353352901322213,-2.34608707534341,1.5353352901322292,-3.822730633020175,,0.2861945268330328,0.01923984012313699,0.45086646751129206,0.018906931405032947,-0.08892596139040528,0.287360731484808,
034_230℃_080_1.0mm.csv,1.0,80,1.48686,0.30009238,1.509315,0.300107599,0.022455,2.956383624,23.4779682,1.61124,18.16307397,1.613165,5.314894234,23.43803889,230,0.02245499999999989,2656276.025,779.3364506791398,40.0,31173.458027165594,16.23038860989788,4676.01870407484,0.022533999999999964,0.00027093357119410244,-0.00027093357119410244,776.6944130199787,9.374941685824162,-9.374941685824162,31067.776520799147,374.99766743296544,-374.99766743296544,2654776.0556,33285.83474074986,-33285.83474074986,4659.89560695397,4716.3726603542755,4604.094848195857,16.276316984159468,16.67527607705099,15.886903062038453,23.38839633,0.21392116513460271,-0.21392116513460271,1.6109649999999998,0.000783996173459991,-0.000783996173459991,18.079623882,0.20549315744475485,-0.20549315744475485,1.6128959999999999,0.0007685001626544845,-0.0007685001626544845,5.3087724478,0.012793776427039175,-0.012793776427039175,23.348282970000003,0.21435751752985246,-0.21435751752985246,-0.13342228152090135,0.13360053440202066,0.13360053440202066,-0.19890778040922863,0.13360053440204012,-0.33206467463138606,,0.0,0.0,0.0,0.0,0.18814834021160778,0.0,
035_230℃_080_1.0mm.csv,1.0,80,1.48686,0.300233366,1.509345,0.300218748,0.022485,2.961788843,23.59218929,1.61174,18.26430889,1.613655,5.327880399,23.55250678,230,0.022484999999999866,2661570.095,778.2966422059197,40.0,31131.86568823679,16.284463560836638,4669.779853235518,0.022533999999999964,0.00027093357119410244,-0.00027093357119410244,776.6944130199787,9.374941685824162,-9.374941685824162,31067.776520799147,374.99766743296544,-374.99766743296544,2654776.0556,33285.83474074986,-33285.83474074986,4659.89560695397,4716.3726603542755,4604.094848195857,16.276316984159468,16.67527607705099,15.886903062038453,23.38839633,0.21392116513460271,-0.21392116513460271,1.6109649999999998,0.000783996173459991,-0.000783996173459991,18.079623882,0.20549315744475485,-0.20549315744475485,1.6128959999999999,0.0007685001626544845,-0.0007685001626544845,5.3087724478,0.012793776427039175,-0.012793776427039175,23.348282970000003,0.21435751752985246,-0.21435751752985246,0.0,0.0,0.0,0.0,0.0,0.0,,0.4865032997190997,0.031032000198601382,0.5573666669375986,0.030375070126124823,0.4329433950346064,0.48838510140384966,
041_230℃_120_1.0mm.csv,1.0,120,1.48909,0.300143228,1.504305,0.300177951,0.015215,2.347563704,21.35702397,1.574805,16.40804871,1.57711,4.948975261,21.30242322,230,0.015214999999999979,2047385.7530000003,1150.1807426881383,40.0,46007.229707525534,8.476455573304749,6901.08445612883,0.015507000000000026,0.00028523236141783897,-0.00028523236141783897,1128.8242528782662,20.501775728932,-20.501775728932,45152.970115130636,820.0710291572798,-820.0710291572798,2102789.3152,41017.90143753085,-41017.90143753085,6772.044330689009,6896.960934516568,6649.390195513942,8.870371108436169,9.206981066015988,8.546067710707996,21.692241454,0.21819462956817934,-0.21819462956817934,1.575671,0.0005664296072770806,-0.0005664296072770806,16.69891609,0.190597613099377,-0.190597613099377,1.577946,0.0005459097910826081,-0.0005459097910826081,4.9933253634,0.03132893195421003,-0.03132893195421003,21.638410824,0.21878893024415066,-0.21878893024415066,-1.7753389283410277,1.8074268813672318,1.807426881367244,-2.373776866970994,1.8074268813672518,-4.106973210520751,,-2.0847912122630574,-0.07360569555796288,-2.2768780755645306,-0.07096557535973906,-0.8493960558869834,-2.0948876853183607,
042_230℃_120_1.0mm.csv,1.0,120,1.489115,0.300267977,1.504645,0.300290657,0.01553,2.424972091,21.58829936,1.575395,16.60646271,1.57768,4.98183665,21.5340424,230,0.015530000000000044,2124681.434,1126.851255634253,40.0,45074.05022537012,8.978585760549686,6761.107533805518,0.015507000000000026,0.00028523236141783897,-0.00028523236141783897,1128.8242528782662,20.501775728932,-20.501775728932,45152.970115130636,820.0710291572798,-820.0710291572798,2102789.3152,41017.90143753085,-41017.90143753085,6772.044330689009,6896.960934516568,6649.390195513942,8.870371108436169,9.206981066015988,8.546067710707996,21.692241454,0.21819462956817934,-0.21819462956817934,1.575671,0.0005664296072770806,-0.0005664296072770806,16.69891609,0.190597613099377,-0.190597613099377,1.577946,0.0005459097910826081,-0.0005459097910826081,4.9933253634,0.03132893195421003,-0.03132893195421003,21.638410824,0.21878893024415066,-0.21878893024415066,0.25823111684983857,-0.25756600128809826,-0.2575660012880942,1.3119405848908456,-0.25756600128809154,1.5735595405654723,,-1.0244666028453284,-0.036168315920719014,-1.0951631833057236,-0.034849166471303324,-0.1910321736771443,-1.0303749020569657,
043_230℃_120_1.0mm.csv,1.0,120,1.489145,0.300215998,1.50448,0.300191213,0.015335,2.388023376,21.81175349,1.575965,16.82038171,1.57823,4.991371776,21.75823378,230,0.015335000000000099,2087832.163,1141.1803064884177,40.0,45647.21225953671,8.712083325062641,6847.081838930506,0.015507000000000026,0.00028523236141783897,-0.00028523236141783897,1128.8242528782662,20.501775728932,-20.501775728932,45152.970115130636,820.0710291572798,-820.0710291572798,2102789.3152,41017.90143753085,-41017.90143753085,6772.044330689009,6896.960934516568,6649.390195513942,8.870371108436169,9.206981066015988,8.546067710707996,21.692241454,0.21819462956817934,-0.21819462956817934,1.575671,0.0005664296072770806,-0.0005664296072770806,16.69891609,0.190597613099377,-0.190597613099377,1.577946,0.0005459097910826081,-0.0005459097910826081,4.9933253634,0.03132893195421003,-0.03132893195421003,21.638410824,0.21878893024415066,-0.21878893024415066,-1.000645577791512,1.0107597000319692,1.0107597000319772,-0.44515631180493276,1.0107597000319692,-1.4413474526480987,,0.0,0.0,0.17889644977013255,0.0,0.0,0.0,
044_230℃_120_1.0mm.csv,1.0,120,1.48885,0.300151777,1.504815,0.300011191,0.015965,2.456890579,21.82132061,1.57602,16.79034438,1.578295,5.030976231,21.76732708,230,0.015965000000000007,2156879.3880000003,1096.1478233636074,40.0,43845.91293454429,9.369953586236742,6576.886940181644,0.015507000000000026,0.00028523236141783897,-0.00028523236141783897,1128.8242528782662,20.501775728932,-20.501775728932,45152.970115130636,820.0710291572798,-820.0710291572798,2102789.3152,41017.90143753085,-41017.90143753085,6772.044330689009,6896.960934516568,6649.390195513942,8.870371108436169,9.206981066015988,8.546067710707996,21.692241454,0.21819462956817934,-0.21819462956817934,1.575671,0.0005664296072770806,-0.0005664296072770806,16.69891609,0.190597613099377,-0.190597613099377,1.577946,0.0005459097910826081,-0.0005459097910826081,4.9933253634,0.03132893195421003,-0.03132893195421003,21.638410824,0.21878893024415066,-0.21878893024415066,3.066494512588787,-2.975258377701247,-2.975258377701247,2.8472470785621633,-2.975258377701247,6.0010522665749235,,0.0438622232017524,0.0034899252204151883,0.0,0.004118537855697949,0.793458327236414,0.041792454718261464,
045_230℃_120_1.0mm.csv,1.0,120,1.489045,0.300008093,1.504535,0.300170506,0.01549,2.397338344,21.88280984,1.57617,16.86934294,1.578415,5.013466899,21.83002764,230,0.015490000000000004,2097167.838,1129.7611362169139,40.0,45190.44544867655,8.839491104930614,6778.566817301483,0.015507000000000026,0.00028523236141783897,-0.00028523236141783897,1128.8242528782662,20.501775728932,-20.501775728932,45152.970115130636,820.0710291572798,-820.0710291572798,2102789.3152,41017.90143753085,-41017.90143753085,6772.044330689009,6896.960934516568,6649.390195513942,8.870371108436169,9.206981066015988,8.546067710707996,21.692241454,0.21819462956817934,-0.21819462956817934,1.575671,0.0005664296072770806,-0.0005664296072770806,16.69891609,0.190597613099377,-0.190597613099377,1.577946,0.0005459097910826081,-0.0005459097910826081,4.9933253634,0.03132893195421003,-0.03132893195421003,21.638410824,0.21878893024415066,-0.21878893024415066,0.0,0.0,0.0,0.0,0.0,0.0,,0.32577091994266444,0.013007903094295288,0.4704999386081605,0.011721992358520603,0.44266634487616485,0.32996180078730475,
051_230℃_160_1.0mm.csv,1.0,160,1.490245,0.300253081,1.50193,0.300067627,0.011685,1.915523388,21.03939114,1.56521,16.29683788,1.56754,4.742553253,20.98744601,230,0.011684999999999945,1615455.761,1497.6465554129295,40.0,59905.862216517184,5.136489950281608,8985.879332477578,0.011912999999999929,0.0002780872165346518,-0.0002780872165346518,1469.6085076084578,33.47356042495383,-33.47356042495383,58784.340304338315,1338.9424169981546,-1338.9424169981546,1645003.8035999998,40606.90534336229,-40606.90534336229,8815.791056067477,9021.444072117849,8614.826110205486,5.330078271858537,5.587278284687943,5.084717985498588,21.381009802,0.25449690636934846,-0.25449690636934846,1.565915,0.0005091291584658057,-0.0005091291584658057,16.592492942,0.22479951378050375,-0.22479951378050375,1.568222,0.0004908996842533658,-0.0004908996842533658,4.7885168616,0.032900078877465495,-0.032900078877465495,21.329749646,0.25502290950542755,-0.25502290950542755,-1.2674271229393728,1.2836970474956955,1.2836970474956986,-0.8414711477006191,1.283697047495711,-2.5920630820416886,,-1.6660704867245648,-0.04948961835521861,-1.7225193089701794,-0.04846011604923127,-1.3639294674946547,-1.6717556936683557,
052_230℃_160_1.0mm.csv,1.0,160,1.490195,0.300264972,1.501955,0.300248386,0.01176,1.921148232,21.22383902,1.565615,16.45920663,1.56793,4.764632396,21.17244772,230,0.011759999999999993,1620899.846,1488.095238095239,40.0,59523.809523809556,5.186879507199997,8928.571428571433,0.011912999999999929,0.0002780872165346518,-0.0002780872165346518,1469.6085076084578,33.47356042495383,-33.47356042495383,58784.340304338315,1338.9424169981546,-1338.9424169981546,1645003.8035999998,40606.90534336229,-40606.90534336229,8815.791056067477,9021.444072117849,8614.826110205486,5.330078271858537,5.587278284687943,5.084717985498588,21.381009802,0.25449690636934846,-0.25449690636934846,1.565915,0.0005091291584658057,-0.0005091291584658057,16.592492942,0.22479951378050375,-0.22479951378050375,1.568222,0.0004908996842533658,-0.0004908996842533658,4.7885168616,0.032900078877465495,-0.032900078877465495,21.329749646,0.25502290950542755,-0.25502290950542755,-0.6337135614687484,0.6377551020393211,0.6377551020393118,-0.5073069616057289,0.637755102039316,-1.6364800225710507,,-0.8039977817635255,-0.02362730166636216,-0.74336054145647,-0.023592424918700595,-0.9047253658079393,-0.8050045258844449,
053_230℃_160_1.0mm.csv,1.0,160,1.48998,0.300095445,1.50237,0.300092773,0.01239,2.015028858,21.39586127,1.565985,16.5824742,1.5683,4.813387069,21.34427006,230,0.012389999999999901,1714936.085,1412.4293785310847,40.0,56497.17514124339,5.781784515142811,8474.576271186508,0.011912999999999929,0.0002780872165346518,-0.0002780872165346518,1469.6085076084578,33.47356042495383,-33.47356042495383,58784.340304338315,1338.9424169981546,-1338.9424169981546,1645003.8035999998,40606.90534336229,-40606.90534336229,8815.791056067477,9021.444072117849,8614.826110205486,5.330078271858537,5.587278284687943,5.084717985498588,21.381009802,0.25449690636934846,-0.25449690636934846,1.565915,0.0005091291584658057,-0.0005091291584658057,16.592492942,0.22479951378050375,-0.22479951378050375,1.568222,0.0004908996842533658,-0.0004908996842533658,4.7885168616,0.032900078877465495,-0.032900078877465495,21.329749646,0.25502290950542755,-0.25502290950542755,4.689480354880369,-4.479418886199263,-4.479418886199266,5.264745324289847,-4.479418886199258,9.645245444972034,,0.0,0.0,0.0,0.0,0.10927892856139784,0.0,
054_230℃_160_1.0mm.csv,1.0,160,1.49022,0.300105564,1.502055,0.300044091,0.011835,1.944606705,21.60974648,1.56632,16.79586769,1.568615,4.813878797,21.55875672,230,0.011834999999999818,1644562.614,1478.664976763859,40.0,59146.59907055436,5.296162867126449,8871.989860583153,0.011912999999999929,0.0002780872165346518,-0.0002780872165346518,1469.6085076084578,33.47356042495383,-33.47356042495383,58784.340304338315,1338.9424169981546,-1338.9424169981546,1645003.8035999998,40606.90534336229,-40606.90534336229,8815.791056067477,9021.444072117849,8614.826110205486,5.330078271858537,5.587278284687943,5.084717985498588,21.381009802,0.25449690636934846,-0.25449690636934846,1.565915,0.0005091291584658057,-0.0005091291584658057,16.592492942,0.22479951378050375,-0.22479951378050375,1.568222,0.0004908996842533658,-0.0004908996842533658,4.7885168616,0.032900078877465495,-0.032900078877465495,21.329749646,0.25502290950542755,-0.25502290950542755,0.0,0.0,0.0,0.945140898681596,0.0,0.4359598600991629,,0.9996569303797757,0.021392286643867865,1.2868615830561727,0.020085442836196215,0.1195059339535112,1.0048910522452514,
055_230℃_160_1.0mm.csv,1.0,160,1.4901,0.300263614,1.501995,0.300104677,0.011895,1.929269389,21.6362111,1.566445,16.82807831,1.568725,4.808132793,21.58582772,230,0.011894999999999989,1629164.7119999998,1471.2063892391775,40.0,58848.2555695671,5.273173945371422,8827.238335435066,0.011912999999999929,0.0002780872165346518,-0.0002780872165346518,1469.6085076084578,33.47356042495383,-33.47356042495383,58784.340304338315,1338.9424169981546,-1338.9424169981546,1645003.8035999998,40606.90534336229,-40606.90534336229,8815.791056067477,9021.444072117849,8614.826110205486,5.330078271858537,5.587278284687943,5.084717985498588,21.381009802,0.25449690636934846,-0.25449690636934846,1.565915,0.0005091291584658057,-0.0005091291584658057,16.592492942,0.22479951378050375,-0.22479951378050375,1.568222,0.0004908996842533658,-0.0004908996842533658,4.7885168616,0.032900078877465495,-0.032900078877465495,21.329749646,0.25502290950542755,-0.25502290950542755,0.5069708491776252,-0.5044136191691623,-0.5044136191691593,0.0,-0.504413619169147,0.0,,1.1233473005221049,0.029374483152784157,1.4811065407838753,0.02709940700120498,0.0,1.131721344046757,
061_230℃_200_1.0mm.csv,1.0,200,1.49091,0.300145261,1.500805,0.300190079,0.009895,1.682004551,21.4115985,1.56292,16.70224298,1.565095,4.709355524,21.36543287,230,0.009894999999999987,1381814.4719999998,1768.569984840831,40.0,70742.79939363324,3.7205589661061174,10611.419909044986,0.00970500000000003,0.0003679504042666693,-0.0003679504042666693,1805.2528768411437,67.90007247510732,-67.90007247510732,72210.11507364575,2716.002899004287,-2716.002899004287,1329242.1584,70964.12292284014,-70964.12292284014,10825.355967514066,11242.02945896592,10424.126022008466,3.504288686798983,3.8375954164778525,3.1999306512873544,21.464675988,0.1144720017841483,-0.1144720017841483,1.562984,0.0001656200470956701,-0.0001656200470956701,16.761565612000002,0.12326512220156027,-0.12326512220156027,1.565165,0.00016105123408405338,-0.00016105123408405338,4.7031103796,0.019737504970856877,-0.019737504970856877,21.418256156,0.11452266107618608,-0.11452266107618608,2.1155830753355134,-2.071753410813657,-2.071753410813657,4.63964731964722,-2.071753410813657,6.8533859884324535,,0.0,0.0,-0.13823508395778944,0.0,0.02635870459707046,0.0,
062_230℃_200_1.0mm.csv,1.0,200,1.49092,0.300178535,1.500355,0.300313235,0.009435,1.579187487,21.40290154,1.56287,16.7253633,1.56506,4.677538247,21.35627204,230,0.009435000000000082,1278874.252,1854.7959724430152,40.0,74191.8388977206,3.283313895951049,11128.77583465809,0.00970500000000003,0.0003679504042666693,-0.0003679504042666693,1805.2528768411437,67.90007247510732,-67.90007247510732,72210.11507364575,2716.002899004287,-2716.002899004287,1329242.1584,70964.12292284014,-70964.12292284014,10825.355967514066,11242.02945896592,10424.126022008466,3.504288686798983,3.8375954164778525,3.1999306512873544,21.464675988,0.1144720017841483,-0.1144720017841483,1.562984,0.0001656200470956701,-0.0001656200470956701,16.761565612000002,0.12326512220156027,-0.12326512220156027,1.565165,0.00016105123408405338,-0.00016105123408405338,4.7031103796,0.019737504970856877,-0.019737504970856877,21.418256156,0.11452266107618608,-0.11452266107618608,-2.631578947367336,2.7027027027015595,2.702702702701562,-3.1556309424311273,2.702702702701555,-5.704166970260842,,-0.0406179856212125,-0.003199140071155626,0.0,-0.002236285976251106,-0.649437876482105,-0.04287687525798774,
063_230℃_200_1.0mm.csv,1.0,200,1.49092,0.300120319,1.50021,0.300199104,0.00929,1.546820614,21.65857337,1.56327,16.96750739,1.56544,4.691065978,21.61242415,230,0.00929000000000002,1246621.51,1883.7459634015029,40.0,75349.83853606011,3.1513234905850407,11302.475780409015,0.00970500000000003,0.0003679504042666693,-0.0003679504042666693,1805.2528768411437,67.90007247510732,-67.90007247510732,72210.11507364575,2716.002899004287,-2716.002899004287,1329242.1584,70964.12292284014,-70964.12292284014,10825.355967514066,11242.02945896592,10424.126022008466,3.504288686798983,3.8375954164778525,3.1999306512873544,21.464675988,0.1144720017841483,-0.1144720017841483,1.562984,0.0001656200470956701,-0.0001656200470956701,16.761565612000002,0.12326512220156027,-0.12326512220156027,1.565165,0.00016105123408405338,-0.00016105123408405338,4.7031103796,0.019737504970856877,-0.019737504970856877,21.418256156,0.11452266107618608,-0.11452266107618608,-4.127966976263745,4.305705059202958,4.305705059202959,-5.598010593504562,4.305705059202941,-9.494893541140701,,1.1534630167850333,0.022393980498032554,1.4477658012965255,0.022043390337330306,-0.36210988296591823,1.1560321829323161,
064_230℃_200_1.0mm.csv,1.0,200,1.49085,0.300090576,1.50054,0.300132119,0.00969,1.620677923,21.47546116,1.56298,16.76734664,1.565175,4.708114526,21.42847159,230,0.009689999999999976,1320545.804,1805.9855521155876,40.0,72239.4220846235,3.481928936261216,10835.913312693525,0.00970500000000003,0.0003679504042666693,-0.0003679504042666693,1805.2528768411437,67.90007247510732,-67.90007247510732,72210.11507364575,2716.002899004287,-2716.002899004287,1329242.1584,70964.12292284014,-70964.12292284014,10825.355967514066,11242.02945896592,10424.126022008466,3.504288686798983,3.8375954164778525,3.1999306512873544,21.464675988,0.1144720017841483,-0.1144720017841483,1.562984,0.0001656200470956701,-0.0001656200470956701,16.761565612000002,0.12326512220156027,-0.12326512220156027,1.565165,0.00016105123408405338,-0.00016105123408405338,4.7031103796,0.019737504970856877,-0.019737504970856877,21.418256156,0.11452266107618608,-0.11452266107618608,0.0,0.0,0.0,0.0,0.0,0.0,,0.29826199104190226,0.0038389680853753855,0.2510160123098673,0.005111510802863725,0.0,0.29505004828859127,
065_230℃_200_1.0mm.csv,1.0,200,1.49075,0.300173872,1.500965,0.30007217,0.010215,1.718426924,21.37484537,1.56288,16.64536775,1.565055,4.729477623,21.32868013,230,0.010215000000000085,1418354.7540000002,1713.1669114047827,40.0,68526.67645619132,3.9424472958122783,10279.001468428698,0.00970500000000003,0.0003679504042666693,-0.0003679504042666693,1805.2528768411437,67.90007247510732,-67.90007247510732,72210.11507364575,2716.002899004287,-2716.002899004287,1329242.1584,70964.12292284014,-70964.12292284014,10825.355967514066,11242.02945896592,10424.126022008466,3.504288686798983,3.8375954164778525,3.1999306512873544,21.464675988,0.1144720017841483,-0.1144720017841483,1.562984,0.0001656200470956701,-0.0001656200470956701,16.761565612000002,0.12326512220156027,-0.12326512220156027,1.565165,0.00016105123408405338,-0.00016105123408405338,4.7031103796,0.019737504970856877,-0.019737504970856877,21.418256156,0.11452266107618608,-0.11452266107618608,5.417956656347885,-5.13950073421541,-5.139500734215393,7.406706356093967,-5.13950073421539,13.225955152477987,,-0.17165056593042793,-0.0025593120569216594,-0.47828886323804476,-0.002555755401417675,0.4537505806629151,-0.17201963668897446,
071_230℃_240_1.0mm.csv,1.0,240,1.49121,0.300240838,1.50007,0.300165128,0.00886,1.515953526,21.21418071,1.561215,16.54673035,1.56334,4.667450361,21.16887051,230,0.00886000000000009,1215788.398,1975.1693002257136,40.0,79006.77200902854,2.9311252261986693,11851.015801354282,0.008845000000000037,0.00011274972283781406,-0.00011274972283781406,1978.7764715543399,25.25438868520272,-25.25438868520272,79151.0588621736,1010.1755474081095,-1010.1755474081095,1207899.683,23037.040484538793,-23037.040484538793,11871.885891445227,12024.285782276076,11721.41756870464,2.9065618038723304,2.9988397193236036,2.817123391187799,21.450541052,0.1859996435053326,-0.1859996435053326,1.561561,0.0002809448344425567,-0.0002809448344425567,16.761705462000002,0.1679100215397678,-0.1679100215397678,1.5636649999999999,0.00026928145127364336,-0.00026928145127364336,4.6888355942,0.018579789553091475,-0.018579789553091475,21.405863948,0.18631534921106505,-0.18631534921106505,0.0,0.0,0.0,0.0,0.0,0.0,,-1.1064911833036635,-0.019852387890045464,-1.3148612553529897,-0.018546587108211245,-0.40956726325143766,-1.1112976580728129,
072_230℃_240_1.0mm.csv,1.0,240,1.49119,0.300129452,1.500125,0.300110137,0.008935,1.529190808,21.3877872,1.561485,16.7008033,1.563585,4.686983905,21.3433712,230,0.008934999999999915,1229080.671,1958.5898153329788,40.0,78343.59261331915,2.988254638199972,11751.538891997872,0.008845000000000037,0.00011274972283781406,-0.00011274972283781406,1978.7764715543399,25.25438868520272,-25.25438868520272,79151.0588621736,1010.1755474081095,-1010.1755474081095,1207899.683,23037.040484538793,-23037.040484538793,11871.885891445227,12024.285782276076,11721.41756870464,2.9065618038723304,2.9988397193236036,2.817123391187799,21.450541052,0.1859996435053326,-0.1859996435053326,1.561561,0.0002809448344425567,-0.0002809448344425567,16.761705462000002,0.1679100215397678,-0.1679100215397678,1.5636649999999999,0.00026928145127364336,-0.00026928145127364336,4.6888355942,0.018579789553091475,-0.018579789553091475,21.405863948,0.18631534921106505,-0.18631534921106505,0.8465011286661901,-0.839395635140756,-0.8393956351407513,1.0933048071412872,-0.8393956351407637,1.949060773339693,,-0.29719502503355716,-0.0025615984374275148,-0.3959660944400037,-0.002877918689208621,0.007224335883105753,-0.29613150248037795,
073_230℃_240_1.0mm.csv,1.0,240,1.491145,0.300245212,1.49989,0.300084703,0.008745,1.475696087,21.46894278,1.561585,16.78229746,1.563685,4.686645326,21.42438163,230,0.008745000000000003,1175611.384,2001.1435105774722,40.0,80045.74042309889,2.797475252538776,12006.861063464832,0.008845000000000037,0.00011274972283781406,-0.00011274972283781406,1978.7764715543399,25.25438868520272,-25.25438868520272,79151.0588621736,1010.1755474081095,-1010.1755474081095,1207899.683,23037.040484538793,-23037.040484538793,11871.885891445227,12024.285782276076,11721.41756870464,2.9065618038723304,2.9988397193236036,2.817123391187799,21.450541052,0.1859996435053326,-0.1859996435053326,1.561561,0.0002809448344425567,-0.0002809448344425567,16.761705462000002,0.1679100215397678,-0.1679100215397678,1.5636649999999999,0.00026928145127364336,-0.00026928145127364336,4.6888355942,0.018579789553091475,-0.018579789553091475,21.405863948,0.18631534921106505,-0.18631534921106505,-1.297968397292168,1.3150371640947593,1.3150371640947665,-3.3046058069062085,1.3150371640947478,-4.559681465169669,,0.08112550386014768,0.0038423976561341626,0.090067237606064,0.003517456175688381,0.0,0.0823023064976263,
074_230℃_240_1.0mm.csv,1.0,240,1.49125,0.300212881,1.499965,0.300180017,0.008715,1.492892556,21.45154011,1.561525,16.76719571,1.56363,4.684344407,21.40676337,230,0.008715000000000028,1192712.5389999999,2008.0321285140496,40.0,80321.28514056199,2.8284325924857234,12048.192771084297,0.008845000000000037,0.00011274972283781406,-0.00011274972283781406,1978.7764715543399,25.25438868520272,-25.25438868520272,79151.0588621736,1010.1755474081095,-1010.1755474081095,1207899.683,23037.040484538793,-23037.040484538793,11871.885891445227,12024.285782276076,11721.41756870464,2.9065618038723304,2.9988397193236036,2.817123391187799,21.450541052,0.1859996435053326,-0.1859996435053326,1.561561,0.0002809448344425567,-0.0002809448344425567,16.761705462000002,0.1679100215397678,-0.1679100215397678,1.5636649999999999,0.00026928145127364336,-0.00026928145127364336,4.6888355942,0.018579789553091475,-0.018579789553091475,21.405863948,0.18631534921106505,-0.18631534921106505,-1.6365688487591452,1.663798049340914,1.6637980493409186,-1.8980160559156916,1.6637980493409064,-3.5035225651592645,,0.0,0.0,0.0,0.0,-0.04909522355435915,0.0,
075_230℃_240_1.0mm.csv,1.0,240,1.491145,0.300168696,1.500115,0.300228532,0.00897,1.526533955,21.73025446,1.561995,17.01150049,1.564085,4.718753972,21.68593303,230,0.008970000000000145,1226305.4230000002,1950.9476031214847,40.0,78037.90412485939,2.9931862977714774,11705.685618728909,0.008845000000000037,0.00011274972283781406,-0.00011274972283781406,1978.7764715543399,25.25438868520272,-25.25438868520272,79151.0588621736,1010.1755474081095,-1010.1755474081095,1207899.683,23037.040484538793,-23037.040484538793,11871.885891445227,12024.285782276076,11721.41756870464,2.9065618038723304,2.9988397193236036,2.817123391187799,21.450541052,0.1859996435053326,-0.1859996435053326,1.561561,0.0002809448344425567,-0.0002809448344425567,16.761705462000002,0.1679100215397678,-0.1679100215397678,1.5636649999999999,0.00026928145127364336,-0.00026928145127364336,4.6888355942,0.018579789553091475,-0.018579789553091475,21.405863948,0.18631534921106505,-0.18631534921106505,1.2415349887139209,-1.2263099219626896,-1.2263099219626896,0.8650374536638851,-1.2263099219626896,2.117312185030528,,1.2992743111720633,0.030098781639741307,1.4570401886243638,0.029098955635276383,0.6851093643009799,1.3041189607917867,
021_190℃_010_1.5mm.csv,1.5,10,1.33557,0.300024766,1.57493,0.300005955,0.23936,2.172752461,19.74564433,2.78196,15.27036462,2.78363,4.475279712,19.7407327,190,0.23936000000000002,1872746.5059999998,73.11163101604278,60.0,4386.697860962567,274.4452675568326,292.4465240641711,0.243245,0.002893391176457181,-0.002893391176457181,71.9520957972435,0.8586787143797305,-0.8586787143797305,4317.125747834611,51.520722862783536,-51.520722862783536,1901037.2015999998,21027.085880149658,-21027.085880149658,287.79202296802293,291.24150085327574,284.38340085931975,283.08299158043786,289.666454459861,276.6491559112679,19.61303513,0.11842753597881277,-0.11842753597881277,2.7805,0.0033673561587691248,-0.0033673561587691248,15.154706798000001,0.10418614363909627,-0.10418614363909627,2.782129,0.003367588900088604,-0.003367588900088604,4.4583283312,0.02217879098399445,-0.02217879098399445,19.608343778,0.11834119464256018,-0.11834119464256018,-1.7587063145149189,1.7901905080213432,1.7901905080213474,-1.701607168310423,1.7901905080213432,-3.430387210108035,,0.8081428858687632,0.0,0.9408090711476332,0.0,0.30483452707505476,0.806456752369046,
022_190℃_010_1.5mm.csv,1.5,10,1.33471,0.300015056,1.578355,0.30001487,0.243645,2.205179799,19.71890887,2.783125,15.24025181,2.78475,4.478657059,19.71418991,190,0.2436449999999999,1905164.929,71.82581214471878,60.0,4309.548728683127,284.19423007726823,287.3032485788751,0.243245,0.002893391176457181,-0.002893391176457181,71.9520957972435,0.8586787143797305,-0.8586787143797305,4317.125747834611,51.520722862783536,-51.520722862783536,1901037.2015999998,21027.085880149658,-21027.085880149658,287.79202296802293,291.24150085327574,284.38340085931975,283.08299158043786,289.666454459861,276.6491559112679,19.61303513,0.11842753597881277,-0.11842753597881277,2.7805,0.0033673561587691248,-0.0033673561587691248,15.154706798000001,0.10418614363909627,-0.10418614363909627,2.782129,0.003367588900088604,-0.003367588900088604,4.4583283312,0.02217879098399445,-0.02217879098399445,19.608343778,0.11834119464256018,-0.11834119464256018,0.0,0.0,0.0,0.0,0.0,0.0,,0.6716493875175982,0.04187695006397865,0.7417561028364039,0.04023523241234603,0.38053129996438567,0.6709154503877921,
023_190℃_010_1.5mm.csv,1.5,10,1.33432,0.300000115,1.58039,0.300010459,0.24607,2.220566253,19.46188884,2.77478,15.00920733,2.77641,4.452681507,19.45718392,190,0.24607,1920555.7939999998,71.11797456008452,60.0,4267.078473605071,289.34152912015105,284.4718982403381,0.243245,0.002893391176457181,-0.002893391176457181,71.9520957972435,0.8586787143797305,-0.8586787143797305,4317.125747834611,51.520722862783536,-51.520722862783536,1901037.2015999998,21027.085880149658,-21027.085880149658,287.79202296802293,291.24150085327574,284.38340085931975,283.08299158043786,289.666454459861,276.6491559112679,19.61303513,0.11842753597881277,-0.11842753597881277,2.7805,0.0033673561587691248,-0.0033673561587691248,15.154706798000001,0.10418614363909627,-0.10418614363909627,2.782129,0.003367588900088604,-0.003367588900088604,4.4583283312,0.02217879098399445,-0.02217879098399445,19.608343778,0.11834119464256018,-0.11834119464256018,0.9953005397197244,-0.9854919331897989,-0.9854919331897989,0.8078494814660615,-0.9854919331897989,1.8111905514349627,,-0.6405241468453717,-0.2580914175617337,-0.7855038757548959,-0.25937355180107363,-0.20166101264639044,-0.6414909131326014,
024_190℃_010_1.5mm.csv,1.5,10,1.334515,0.300003851,1.58033,0.300021678,0.245815,2.22010517,19.58735055,2.782385,15.12567157,2.78399,4.461678974,19.58280584,190,0.24581500000000012,1920083.492,71.19174989321235,60.0,4271.504993592741,288.97060627713074,284.7669995728494,0.243245,0.002893391176457181,-0.002893391176457181,71.9520957972435,0.8586787143797305,-0.8586787143797305,4317.125747834611,51.520722862783536,-51.520722862783536,1901037.2015999998,21027.085880149658,-21027.085880149658,287.79202296802293,291.24150085327574,284.38340085931975,283.08299158043786,289.666454459861,276.6491559112679,19.61303513,0.11842753597881277,-0.11842753597881277,2.7805,0.0033673561587691248,-0.0033673561587691248,15.154706798000001,0.10418614363909627,-0.10418614363909627,2.782129,0.003367588900088604,-0.003367588900088604,4.4583283312,0.02217879098399445,-0.02217879098399445,19.608343778,0.11834119464256018,-0.11834119464256018,0.8906400705946063,-0.8827776986759165,-0.8827776986759085,0.7830588718547675,-0.8827776986759165,1.680673178538454,,0.0,0.015276998950376628,-0.01564703827905147,0.012932753275404345,0.0,0.0,
025_190℃_010_1.5mm.csv,1.5,10,1.33519,0.300007557,1.576525,0.300000018,0.241335,2.186635305,19.55138306,2.78025,15.12803866,2.781865,4.423344404,19.54680652,190,0.24133499999999986,1886635.2869999998,72.51331137215908,60.0,4350.798682329545,278.7619144825375,290.0532454886363,0.243245,0.002893391176457181,-0.002893391176457181,71.9520957972435,0.8586787143797305,-0.8586787143797305,4317.125747834611,51.520722862783536,-51.520722862783536,1901037.2015999998,21027.085880149658,-21027.085880149658,287.79202296802293,291.24150085327574,284.38340085931975,283.08299158043786,289.666454459861,276.6491559112679,19.61303513,0.11842753597881277,-0.11842753597881277,2.7805,0.0033673561587691248,-0.0033673561587691248,15.154706798000001,0.10418614363909627,-0.10418614363909627,2.782129,0.003367588900088604,-0.003367588900088604,4.4583283312,0.02217879098399445,-0.02217879098399445,19.608343778,0.11834119464256018,-0.11834119464256018,-0.948100720310302,0.9571757101125224,0.9571757101125332,-0.9726004146909334,0.9571757101125224,-1.911479903463819,,-0.1836261106788681,-0.06146745460035732,0.0,-0.06340641536411946,-0.8591960610207712,-0.18383126654131393,
031_190℃_020_1.5mm.csv,1.5,20,1.424295,0.300039795,1.541225,0.300006698,0.11693,2.241531484,16.16508298,2.08234,12.50581414,2.083775,3.659268838,16.15963823,190,0.11692999999999998,1941524.7859999998,149.66219105447706,60.0,8979.731463268623,138.99336320019182,598.6487642179081,0.11705200000000002,0.000692076585357305,-0.000692076585357305,149.51035479857055,0.8778868220350969,-0.8778868220350969,8970.621287914231,52.673209322105315,-52.673209322105315,1924908.0266,16488.92262032153,-16488.92262032153,598.033133456727,601.5672324449099,594.5197966626673,137.94158564901835,139.82260808293697,136.085868460406,16.387605561999997,0.13288819005354488,-0.13288819005354488,2.095337,0.0073402585104340515,-0.0073402585104340515,12.752756328,0.1444630099000669,-0.1444630099000669,2.096706,0.00730494729618214,-0.00730494729618214,3.634849234,0.019148894517798606,-0.019148894517798606,16.382667778000002,0.13310168531076716,-0.13310168531076716,0.12844665182383314,-0.12828187804658317,-0.1282818780465832,1.1490037330117033,-0.12828187804660215,1.2789262416599256,,-1.5283776668708093,-0.7374357067608647,-2.2473069987395706,-0.7324393206774025,0.5311583282055465,-1.5332542943300893,
032_190℃_020_1.5mm.csv,1.5,20,1.423255,0.300024061,1.540035,0.300037355,0.11678,2.214746442,16.524117,2.10004,12.88418198,2.101425,3.63993502,16.51904336,190,0.1167800000000001,1914709.087,149.85442712793272,60.0,8991.265627675963,136.89779215093483,599.4177085117309,0.11705200000000002,0.000692076585357305,-0.000692076585357305,149.51035479857055,0.8778868220350969,-0.8778868220350969,8970.621287914231,52.673209322105315,-52.673209322105315,1924908.0266,16488.92262032153,-16488.92262032153,598.033133456727,601.5672324449099,594.5197966626673,137.94158564901835,139.82260808293697,136.085868460406,16.387605561999997,0.13288819005354488,-0.13288819005354488,2.095337,0.0073402585104340515,-0.0073402585104340515,12.752756328,0.1444630099000669,-0.1444630099000669,2.096706,0.00730494729618214,-0.00730494729618214,3.634849234,0.019148894517798606,-0.019148894517798606,16.382667778000002,0.13310168531076716,-0.13310168531076716,0.0,0.0,0.0,-0.2480328939800353,0.0,-0.24803289398003855,,0.658722916895268,0.10630133329519614,0.7102353804301513,0.10837720029535894,0.0,0.6567361644491035,
033_190℃_020_1.5mm.csv,1.5,20,1.42321,0.300060629,1.54147,0.300056492,0.11826,2.24287776,16.41331613,2.097405,12.77060245,2.098765,3.642713681,16.40848216,190,0.11825999999999981,1942821.268,147.9790292575683,60.0,8878.741755454099,140.6681896859263,591.9161170302733,0.11705200000000002,0.000692076585357305,-0.000692076585357305,149.51035479857055,0.8778868220350969,-0.8778868220350969,8970.621287914231,52.673209322105315,-52.673209322105315,1924908.0266,16488.92262032153,-16488.92262032153,598.033133456727,601.5672324449099,594.5197966626673,137.94158564901835,139.82260808293697,136.085868460406,16.387605561999997,0.13288819005354488,-0.13288819005354488,2.095337,0.0073402585104340515,-0.0073402585104340515,12.752756328,0.1444630099000669,-0.1444630099000669,2.096706,0.00730494729618214,-0.00730494729618214,3.634849234,0.019148894517798606,-0.019148894517798606,16.382667778000002,0.13310168531076716,-0.13310168531076716,1.2673402979959776,-1.2514797902923291,-1.2514797902923103,1.216547481926681,-1.2514797902923103,2.4993055764053658,,-0.01623442407981343,-0.0193058475266953,-0.1775680686715927,-0.018340756973043167,0.07633820342211048,-0.01695475674387655,
034_190℃_020_1.5mm.csv,1.5,20,1.423425,0.30001621,1.540205,0.30005485,0.11678,2.219524854,16.41598117,2.09781,12.7933193,2.09915,3.622661872,16.41126465,190,0.1167800000000001,1919470.004,149.85442712793272,60.0,8991.265627675963,137.2381880002777,599.4177085117309,0.11705200000000002,0.000692076585357305,-0.000692076585357305,149.51035479857055,0.8778868220350969,-0.8778868220350969,8970.621287914231,52.673209322105315,-52.673209322105315,1924908.0266,16488.92262032153,-16488.92262032153,598.033133456727,601.5672324449099,594.5197966626673,137.94158564901835,139.82260808293697,136.085868460406,16.387605561999997,0.13288819005354488,-0.13288819005354488,2.095337,0.0073402585104340515,-0.0073402585104340515,12.752756328,0.1444630099000669,-0.1444630099000669,2.096706,0.00730494729618214,-0.00730494729618214,3.634849234,0.019148894517798606,-0.019148894517798606,16.382667778000002,0.13310168531076716,-0.13310168531076716,0.0,0.0,0.0,0.0,0.0,0.0,,0.0,0.0,0.0,0.0,-0.4745455043864954,0.0,
035_190℃_020_1.5mm.csv,1.5,20,1.422925,0.300046391,1.539435,0.300036817,0.11651,2.206051805,16.41953053,2.09909,12.80986377,2.100415,3.609666759,16.41491049,190,0.11651000000000011,1906014.988,150.20169942494192,60.0,9012.101965496515,135.9611058684981,600.8067976997677,0.11705200000000002,0.000692076585357305,-0.000692076585357305,149.51035479857055,0.8778868220350969,-0.8778868220350969,8970.621287914231,52.673209322105315,-52.673209322105315,1924908.0266,16488.92262032153,-16488.92262032153,598.033133456727,601.5672324449099,594.5197966626673,137.94158564901835,139.82260808293697,136.085868460406,16.387605561999997,0.13288819005354488,-0.13288819005354488,2.095337,0.0073402585104340515,-0.0073402585104340515,12.752756328,0.1444630099000669,-0.1444630099000669,2.096706,0.00730494729618214,-0.00730494729618214,3.634849234,0.019148894517798606,-0.019148894517798606,16.382667778000002,0.13310168531076716,-0.13310168531076716,-0.23120397328308975,0.2317397648270524,0.23173976482705624,-0.7009755803404605,0.2317397648270524,-0.9305588702300628,,0.021621369830073615,0.061016011936254846,0.12932116843202277,0.060262487197202286,-0.8315604765933376,0.022215472590046793,
041_190℃_040_1.5mm.csv,1.5,40,1.465685,0.300100055,1.522955,0.300011052,0.05727,2.392776969,14.72155427,1.77547,11.44656299,1.77682,3.274991278,14.71364507,190,0.057270000000000154,2092765.917,305.5701065130077,60.0,18334.206390780462,73.37920657138184,1222.2804260520309,0.05796299999999999,0.0005838728457462991,-0.0005838728457462991,301.941115116305,3.0248948958344295,-3.0248948958344295,18116.466906978305,181.4936937500673,-181.4936937500673,2116100.4592,21210.5823247624,-21210.5823247624,1207.7157982596723,1219.909194425282,1195.6442791245258,75.08918363709611,76.60586910011004,73.60252635365562,14.754269966,0.0645471901333506,-0.0645471901333506,1.7763559999999998,0.0011599321100822545,-0.0011599321100822545,11.459952531999999,0.05930787164953164,-0.05930787164953164,1.7777059999999998,0.001165811948815094,-0.001165811948815094,3.294317433,0.017586585223117467,-0.017586585223117467,14.746392554,0.064467034912511,-0.064467034912511,-1.096623780329368,1.1087829579181303,1.1087829579181163,-0.9126854954632632,1.1087829579181112,-1.9737676864461193,,-0.21335818958591865,-0.054040969810228934,0.0,-0.053156632063291465,-0.5691304241520219,-0.2147754139644179,
042_190℃_040_1.5mm.csv,1.5,40,1.46567,0.300037316,1.52346,0.300095978,0.05779,2.412138198,14.84343323,1.77792,11.54466785,1.77928,3.298765384,14.83542763,190,0.05779000000000001,2112042.22,302.8205571898252,60.0,18169.23343138951,74.72750197579595,1211.2822287593008,0.05796299999999999,0.0005838728457462991,-0.0005838728457462991,301.941115116305,3.0248948958344295,-3.0248948958344295,18116.466906978305,181.4936937500673,-181.4936937500673,2116100.4592,21210.5823247624,-21210.5823247624,1207.7157982596723,1219.909194425282,1195.6442791245258,75.08918363709611,76.60586910011004,73.60252635365562,14.754269966,0.0645471901333506,-0.0645471901333506,1.7763559999999998,0.0011599321100822545,-0.0011599321100822545,11.459952531999999,0.05930787164953164,-0.05930787164953164,1.7777059999999998,0.001165811948815094,-0.001165811948815094,3.294317433,0.017586585223117467,-0.017586585223117467,14.746392554,0.064467034912511,-0.064467034912511,-0.1986011570673784,0.19899636615308167,0.1989963661530716,0.0,0.1989963661530628,-0.1725991440767881,,0.6127700780338694,0.0838760885596388,0.8570682753041785,0.0852193625141643,0.152666928057114,0.6111314257376989,
043_190℃_040_1.5mm.csv,1.5,40,1.465545,0.300097362,1.52443,0.300129912,0.058885,2.451010073,14.75303107,1.77643,11.4319574,1.777765,3.321073668,14.74531438,190,0.058884999999999854,2150880.161,297.1894370382957,60.0,17831.36622229774,77.5436193553988,1188.7577481531825,0.05796299999999999,0.0005838728457462991,-0.0005838728457462991,301.941115116305,3.0248948958344295,-3.0248948958344295,18116.466906978305,181.4936937500673,-181.4936937500673,2116100.4592,21210.5823247624,-21210.5823247624,1207.7157982596723,1219.909194425282,1195.6442791245258,75.08918363709611,76.60586910011004,73.60252635365562,14.754269966,0.0645471901333506,-0.0645471901333506,1.7763559999999998,0.0011599321100822545,-0.0011599321100822545,11.459952531999999,0.05930787164953164,-0.05930787164953164,1.7777059999999998,0.001165811948815094,-0.001165811948815094,3.294317433,0.017586585223117467,-0.017586585223117467,14.746392554,0.064467034912511,-0.064467034912511,1.6924272515326535,-1.6642608474144327,-1.6642608474144516,1.8388809007804607,-1.6642608474144702,3.5894117766415636,,0.0,0.0,-0.12759803980251708,0.0,0.8299609690414118,0.0,
044_190℃_040_1.5mm.csv,1.5,40,1.465525,0.300093425,1.52349,0.300062651,0.057965,2.413384552,14.78198028,1.776945,11.48824334,1.778305,3.293736937,14.7740108,190,0.057965000000000044,2113321.901,301.9063227809883,60.0,18114.3793668593,74.99920652538678,1207.6252911239533,0.05796299999999999,0.0005838728457462991,-0.0005838728457462991,301.941115116305,3.0248948958344295,-3.0248948958344295,18116.466906978305,181.4936937500673,-181.4936937500673,2116100.4592,21210.5823247624,-21210.5823247624,1207.7157982596723,1219.909194425282,1195.6442791245258,75.08918363709611,76.60586910011004,73.60252635365562,14.754269966,0.0645471901333506,-0.0645471901333506,1.7763559999999998,0.0011599321100822545,-0.0011599321100822545,11.459952531999999,0.05930787164953164,-0.05930787164953164,1.7777059999999998,0.001165811948815094,-0.001165811948815094,3.294317433,0.017586585223117467,-0.017586585223117467,14.746392554,0.064467034912511,-0.064467034912511,0.10361799499209251,-0.10351073923948509,-0.10351073923949637,0.06058974521824975,-0.10351073923950388,0.19036707678213693,,0.1962255068984979,0.028990728596119363,0.3641298268870142,0.03037521832188084,0.0,0.19461382280815961,
045_190℃_040_1.5mm.csv,1.5,40,1.465505,0.300047201,1.52341,0.300090719,0.057905,2.411582816,14.67135098,1.775015,11.38833108,1.77636,3.283019898,14.66356489,190,0.05790499999999987,2111492.097,302.2191520594083,60.0,18133.1491235645,74.85670400619473,1208.8766082376335,0.05796299999999999,0.0005838728457462991,-0.0005838728457462991,301.941115116305,3.0248948958344295,-3.0248948958344295,18116.466906978305,181.4936937500673,-181.4936937500673,2116100.4592,21210.5823247624,-21210.5823247624,1207.7157982596723,1219.909194425282,1195.6442791245258,75.08918363709611,76.60586910011004,73.60252635365562,14.754269966,0.0645471901333506,-0.0645471901333506,1.7763559999999998,0.0011599321100822545,-0.0011599321100822545,11.459952531999999,0.05930787164953164,-0.05930787164953164,1.7777059999999998,0.001165811948815094,-0.001165811948815094,3.294317433,0.017586585223117467,-0.017586585223117467,14.746392554,0.064467034912511,-0.064467034912511,0.0,0.0,0.0,-0.026046969837569715,0.0,0.0,,-0.553649549116016,-0.07965413779321133,-0.5087283409952208,-0.07903181804119783,-0.32537628854358513,-0.5544099494472764,
051_190℃_080_1.5mm.csv,1.5,80,1.48174,0.300114663,1.510875,0.300020144,0.029135,2.466313076,15.56661396,1.641785,12.29244253,1.643275,3.274171425,15.55202936,190,0.02913499999999991,2166292.932,600.6521366054592,60.0,36039.128196327554,38.64180280029784,2402.6085464218368,0.028975000000000018,0.00037886343185903135,-0.00037886343185903135,604.0529482365544,8.031256400406217,-8.031256400406217,36243.17689419326,481.87538402437167,-481.87538402437167,2163564.6228,23982.150895890023,-23982.150895890023,2416.0428332469096,2448.110502279329,2384.395216902559,38.376637103158245,39.315230571153485,37.46045117761832,15.483027756000002,0.08062696504910621,-0.08062696504910621,1.641124,0.0006962075839863065,-0.0006962075839863065,12.218248274,0.06770925998586401,-0.06770925998586401,1.6426290000000001,0.0006879989098828207,-0.0006879989098828207,3.2647794812,0.017673652148566046,-0.017673652148566046,15.468202353999999,0.08075906806636919,-0.08075906806636919,0.0515109890105639,-0.05148446885147574,-0.05148446885147448,-0.44345089434538587,-0.05148446885147574,-0.34373042834635154,,0.3268679760919228,0.019494780577112396,0.43195493512102767,0.018563942129192844,0.06551393010463091,0.3286184407863915,
052_190℃_080_1.5mm.csv,1.5,80,1.48187,0.300099122,1.51099,0.300180373,0.02912,2.476444491,15.53728198,1.641615,12.26525419,1.64312,3.272027791,15.52241998,190,0.029120000000000035,2176264.1180000002,600.9615384615378,60.0,36057.69230769227,38.79968027520004,2403.846153846151,0.028975000000000018,0.00037886343185903135,-0.00037886343185903135,604.0529482365544,8.031256400406217,-8.031256400406217,36243.17689419326,481.87538402437167,-481.87538402437167,2163564.6228,23982.150895890023,-23982.150895890023,2416.0428332469096,2448.110502279329,2384.395216902559,38.376637103158245,39.315230571153485,37.46045117761832,15.483027756000002,0.08062696504910621,-0.08062696504910621,1.641124,0.0006962075839863065,-0.0006962075839863065,12.218248274,0.06770925998586401,-0.06770925998586401,1.6426290000000001,0.0006879989098828207,-0.0006879989098828207,3.2647794812,0.017673652148566046,-0.017673652148566046,15.468202353999999,0.08075906806636919,-0.08075906806636919,0.0,0.0,0.0,0.014795935520852021,0.0,0.06343173951255555,,0.13782328772878985,0.009138178395524395,0.20982022666282307,0.009129807604513318,0.0,0.13760361439152513,
053_190℃_080_1.5mm.csv,1.5,80,1.48175,0.300032937,1.510985,0.300201349,0.029235,2.476143516,15.51589746,1.641465,12.23957309,1.64297,3.276324374,15.50108992,190,0.029235000000000122,2175942.167,598.5975714041364,60.0,35915.854284248184,38.94714444015017,2394.3902856165455,0.028975000000000018,0.00037886343185903135,-0.00037886343185903135,604.0529482365544,8.031256400406217,-8.031256400406217,36243.17689419326,481.87538402437167,-481.87538402437167,2163564.6228,23982.150895890023,-23982.150895890023,2416.0428332469096,2448.110502279329,2384.395216902559,38.376637103158245,39.315230571153485,37.46045117761832,15.483027756000002,0.08062696504910621,-0.08062696504910621,1.641124,0.0006962075839863065,-0.0006962075839863065,12.218248274,0.06770925998586401,-0.06770925998586401,1.6426290000000001,0.0006879989098828207,-0.0006879989098828207,3.2647794812,0.017673652148566046,-0.017673652148566046,15.468202353999999,0.08075906806636919,-0.08075906806636919,0.39491758241788155,-0.3933641183515928,-0.3933641183515953,0.0,-0.3933641183515928,0.4437382342787786,,0.0,0.0,0.0,0.0,0.13131254605532502,0.0,
054_190℃_080_1.5mm.csv,1.5,80,1.482055,0.30011688,1.51036,0.30019185,0.028305,2.421639608,15.38315953,1.640255,12.14947555,1.641775,3.233683974,15.3680548,190,0.028305000000000025,2121447.758,618.2653241476766,60.0,37095.91944886059,36.76382374909595,2473.061296590706,0.028975000000000018,0.00037886343185903135,-0.00037886343185903135,604.0529482365544,8.031256400406217,-8.031256400406217,36243.17689419326,481.87538402437167,-481.87538402437167,2163564.6228,23982.150895890023,-23982.150895890023,2416.0428332469096,2448.110502279329,2384.395216902559,38.376637103158245,39.315230571153485,37.46045117761832,15.483027756000002,0.08062696504910621,-0.08062696504910621,1.641124,0.0006962075839863065,-0.0006962075839863065,12.218248274,0.06770925998586401,-0.06770925998586401,1.6426290000000001,0.0006879989098828207,-0.0006879989098828207,3.2647794812,0.017673652148566046,-0.017673652148566046,15.468202353999999,0.08075906806636919,-0.08075906806636919,-2.798763736263768,2.879349938173496,2.8793499381734913,-2.5044052101408627,2.879349938173496,-5.186992724976348,,-0.8554963084939036,-0.07371463905717962,-0.7361166875469867,-0.07273413391602142,-1.171867094328122,-0.8582307482027729,
055_190℃_080_1.5mm.csv,1.5,80,1.481885,0.300109921,1.510965,0.300000209,0.02908,2.477876348,15.41218585,1.6405,12.14449601,1.642005,3.267689842,15.39741771,190,0.029079999999999995,2177876.1390000004,601.7881705639616,60.0,36107.290233837695,38.77508456456327,2407.1526822558462,0.028975000000000018,0.00037886343185903135,-0.00037886343185903135,604.0529482365544,8.031256400406217,-8.031256400406217,36243.17689419326,481.87538402437167,-481.87538402437167,2163564.6228,23982.150895890023,-23982.150895890023,2416.0428332469096,2448.110502279329,2384.395216902559,38.376637103158245,39.315230571153485,37.46045117761832,15.483027756000002,0.08062696504910621,-0.08062696504910621,1.641124,0.0006962075839863065,-0.0006962075839863065,12.218248274,0.06770925998586401,-0.06770925998586401,1.6426290000000001,0.0006879989098828207,-0.0006879989098828207,3.2647794812,0.017673652148566046,-0.017673652148566046,15.468202353999999,0.08075906806636919,-0.08075906806636919,-0.13736263736277457,0.13755158184331828,0.137551581843317,0.08887975192221792,0.13755158184331828,0.0,,-0.6684215996359099,-0.058788947677829426,-0.7768006228720609,-0.058735095589091985,-0.1325767773712774,-0.6688059390342593,
061_190℃_120_1.5mm.csv,1.5,120,1.485805,0.300200898,1.505445,0.300194037,0.01964,2.217336241,13.92329863,1.588,10.82443117,1.590125,3.098867456,13.89642962,190,0.01963999999999988,1917142.204,891.0386965376837,60.0,53462.32179226102,23.05265686932231,3564.1547861507343,0.019818000000000023,0.00021079018003699208,-0.00021079018003699208,883.1157551389391,9.417298801734955,-9.417298801734955,52986.94530833635,565.037928104098,-565.037928104098,1941094.2558,29315.422819486103,-29315.422819486103,3532.302617459322,3570.123482101367,3494.88241621434,23.548986270206896,24.16387014359165,22.94974898718626,13.924299178000002,0.018365482340504457,-0.018365482340504457,1.5880290000000001,8.862843787412382e-05,-8.862843787412382e-05,10.817230714,0.011666707441909833,-0.011666707441909833,1.59016,8.909264840610162e-05,-8.909264840610162e-05,3.1070684636,0.012327005247836248,-0.012327005247836248,13.897287254,0.018396016547793215,-0.018396016547793215,-1.2569130216204283,1.2729124236268183,1.2729124236268228,-1.6593891292267289,1.2729124236268186,-2.8954450728025503,,0.0,0.0,0.02584794495915223,0.0,-0.36146118792956206,0.0,
062_190℃_120_1.5mm.csv,1.5,120,1.485795,0.300008903,1.505755,0.30000149,0.01996,2.262171782,13.9475129,1.58814,10.82733953,1.59027,3.120173369,13.9205771,190,0.019959999999999978,1962170.2919999997,876.7535070140291,60.0,52605.210420841744,23.97852185407344,3507.014028056116,0.019818000000000023,0.00021079018003699208,-0.00021079018003699208,883.1157551389391,9.417298801734955,-9.417298801734955,52986.94530833635,565.037928104098,-565.037928104098,1941094.2558,29315.422819486103,-29315.422819486103,3532.302617459322,3570.123482101367,3494.88241621434,23.548986270206896,24.16387014359165,22.94974898718626,13.924299178000002,0.018365482340504457,-0.018365482340504457,1.5880290000000001,8.862843787412382e-05,-8.862843787412382e-05,10.817230714,0.011666707441909833,-0.011666707441909833,1.59016,8.909264840610162e-05,-8.909264840610162e-05,3.1070684636,0.012327005247836248,-0.012327005247836248,13.897287254,0.018396016547793215,-0.018396016547793215,0.35193564605224636,-0.3507014028045675,-0.3507014028045641,0.650345470024163,-0.3507014028045676,1.004569913607902,,0.1739118770879934,0.008816120906802833,0.05272336876298146,0.009118779970132017,0.3235923258200547,0.17376751194599213,
063_190℃_120_1.5mm.csv,1.5,120,1.485795,0.300185522,1.50535,0.300088694,0.019555,2.204261416,13.90488909,1.58795,10.81459961,1.59008,3.090289477,13.87785564,190,0.01955499999999999,1904172.722,894.9117872666842,60.0,53694.70723600105,22.797610762475504,3579.647149066737,0.019818000000000023,0.00021079018003699208,-0.00021079018003699208,883.1157551389391,9.417298801734955,-9.417298801734955,52986.94530833635,565.037928104098,-565.037928104098,1941094.2558,29315.422819486103,-29315.422819486103,3532.302617459322,3570.123482101367,3494.88241621434,23.548986270206896,24.16387014359165,22.94974898718626,13.924299178000002,0.018365482340504457,-0.018365482340504457,1.5880290000000001,8.862843787412382e-05,-8.862843787412382e-05,10.817230714,0.011666707441909833,-0.011666707441909833,1.59016,8.909264840610162e-05,-8.909264840610162e-05,3.1070684636,0.012327005247836248,-0.012327005247836248,13.897287254,0.018396016547793215,-0.018396016547793215,-1.6842634489703023,1.7131168499115106,1.7131168499115113,-2.3246641306827414,1.7131168499115237,-3.9697741113886154,,-0.13222111002010728,-0.003148614609578433,-0.06500303004148349,-0.0028299661976305484,-0.6372707556688241,-0.13366008757578499,
064_190℃_120_1.5mm.csv,1.5,120,1.485795,0.30009369,1.50584,0.300192618,0.020045,2.272686819,13.93753672,1.588105,10.821634,1.59024,3.115902722,13.91042273,190,0.02004500000000009,1972494.201,873.0356697430741,60.0,52382.140184584445,24.20733444431337,3492.1426789722964,0.019818000000000023,0.00021079018003699208,-0.00021079018003699208,883.1157551389391,9.417298801734955,-9.417298801734955,52986.94530833635,565.037928104098,-565.037928104098,1941094.2558,29315.422819486103,-29315.422819486103,3532.302617459322,3570.123482101367,3494.88241621434,23.548986270206896,24.16387014359165,22.94974898718626,13.924299178000002,0.018365482340504457,-0.018365482340504457,1.5880290000000001,8.862843787412382e-05,-8.862843787412382e-05,10.817230714,0.011666707441909833,-0.011666707441909833,1.59016,8.909264840610162e-05,-8.909264840610162e-05,3.1070684636,0.012327005247836248,-0.012327005247836248,13.897287254,0.018396016547793215,-0.018396016547793215,0.7792860734032366,-0.7732601646291126,-0.7732601646291092,1.1799146983870974,-0.7732601646290997,1.9683956827128872,,0.10226089648987856,0.006612090680102125,0.0,0.007232135838382973,0.18627731222104263,0.10069572100636633,
065_190℃_120_1.5mm.csv,1.5,120,1.485785,0.300030885,1.505675,0.300048982,0.01989,2.249540842,13.90825855,1.58795,10.79814926,1.590085,3.110109294,13.88115118,190,0.019890000000000185,1949491.8599999999,879.8391151332246,60.0,52790.34690799347,23.74003658902063,3519.356460532898,0.019818000000000023,0.00021079018003699208,-0.00021079018003699208,883.1157551389391,9.417298801734955,-9.417298801734955,52986.94530833635,565.037928104098,-565.037928104098,1941094.2558,29315.422819486103,-29315.422819486103,3532.302617459322,3570.123482101367,3494.88241621434,23.548986270206896,24.16387014359165,22.94974898718626,13.924299178000002,0.018365482340504457,-0.018365482340504457,1.5880290000000001,8.862843787412382e-05,-8.862843787412382e-05,10.817230714,0.011666707441909833,-0.011666707441909833,1.59016,8.909264840610162e-05,-8.909264840610162e-05,3.1070684636,0.012327005247836248,-0.012327005247836248,13.897287254,0.018396016547793215,-0.018396016547793215,0.0,0.0,0.0,0.0,0.0,0.0,,-0.10802095393970836,-0.003148614609578433,-0.21701657993606968,-0.0025155255090033805,0.0,-0.1099450752300464,
071_190℃_160_1.5mm.csv,1.5,160,1.4877,0.300103826,1.502565,0.300009564,0.014865,1.903719415,13.16037416,1.57052,10.21628476,1.572965,2.944089394,13.12978177,190,0.014864999999999906,1603709.851,1177.2620248906903,60.0,70635.72149344142,14.595396082723374,4709.048099562761,0.015058000000000016,0.00019807195662192026,-0.00019807195662192026,1162.3332495449608,15.235121466749211,-15.235121466749211,69739.99497269766,914.1072880049521,-914.1072880049521,1636109.4531999999,21242.56956838811,-21242.56956838811,4649.012729801278,4710.461804867216,4588.365272280046,15.081529815321744,15.469012210668273,14.703753444164654,13.169821402,0.02313094513722431,-0.02313094513722431,1.570556,0.00010388695779543558,-0.00010388695779543558,10.211523408,0.01678732550977599,-0.01678732550977599,1.573003,0.00011003408562800875,-0.00011003408562800875,2.9582979918,0.012342740062240223,-0.012342740062240223,13.139093362,0.023047218862596485,-0.023047218862596485,-0.9000000000014478,0.90817356206001,0.908173562060014,-2.3864053375645073,0.90817356206001,-3.2649276895278723,,-0.06093345543535967,-0.0012734473493276849,0.010670281130631249,-0.003178609231323637,-0.4417838123675162,-0.05399237012437409,
072_190℃_160_1.5mm.csv,1.5,160,1.487585,0.300172381,1.502895,0.300234707,0.01531,1.957716602,13.20567671,1.57072,10.23531184,1.57316,2.970364867,13.17519724,190,0.015310000000000157,1657481.895,1143.0437622468858,60.0,68582.62573481315,15.536355803540976,4572.175048987543,0.015058000000000016,0.00019807195662192026,-0.00019807195662192026,1162.3332495449608,15.235121466749211,-15.235121466749211,69739.99497269766,914.1072880049521,-914.1072880049521,1636109.4531999999,21242.56956838811,-21242.56956838811,4649.012729801278,4710.461804867216,4588.365272280046,15.081529815321744,15.469012210668273,14.703753444164654,13.169821402,0.02313094513722431,-0.02313094513722431,1.570556,0.00010388695779543558,-0.00010388695779543558,10.211523408,0.01678732550977599,-0.01678732550977599,1.573003,0.00011003408562800875,-0.00011003408562800875,2.9582979918,0.012342740062240223,-0.012342740062240223,13.139093362,0.023047218862596485,-0.023047218862596485,2.0666666666668663,-2.0248203788375485,-2.024820378837546,0.886557351985403,-2.0248203788375485,2.97154620392663,,0.2830913043506894,0.011461026143864336,0.19693280894730816,0.009217966770808906,0.44675551891009463,0.29171748177169354,
073_190℃_160_1.5mm.csv,1.5,160,1.48762,0.300030397,1.50284,0.300117385,0.01522,1.949364838,13.16839812,1.57054,10.19716172,1.573015,2.971236401,13.13687468,190,0.015220000000000011,1649247.453,1149.802890932982,60.0,68988.17345597893,15.368293613057151,4599.211563731929,0.015058000000000016,0.00019807195662192026,-0.00019807195662192026,1162.3332495449608,15.235121466749211,-15.235121466749211,69739.99497269766,914.1072880049521,-914.1072880049521,1636109.4531999999,21242.56956838811,-21242.56956838811,4649.012729801278,4710.461804867216,4588.365272280046,15.081529815321744,15.469012210668273,14.703753444164654,13.169821402,0.02313094513722431,-0.02313094513722431,1.570556,0.00010388695779543558,-0.00010388695779543558,10.211523408,0.01678732550977599,-0.01678732550977599,1.573003,0.00011003408562800875,-0.00011003408562800875,2.9582979918,0.012342740062240223,-0.012342740062240223,13.139093362,0.023047218862596485,-0.023047218862596485,1.466666666665901,-1.4454664914578568,-1.445466491457848,0.3853485559191259,-1.4454664914578375,1.8576670014051415,,0.0,0.0,-0.17653163161371285,0.0,0.47622757589441467,0.0,
074_190℃_160_1.5mm.csv,1.5,160,1.487805,0.300205985,1.5027,0.30011024,0.014895,1.927301809,13.14230963,1.570435,10.19366395,1.572855,2.948645677,13.11218384,190,0.01489499999999988,1627191.5690000001,1174.8909029875892,60.0,70493.45417925535,14.838990869543759,4699.563611950357,0.015058000000000016,0.00019807195662192026,-0.00019807195662192026,1162.3332495449608,15.235121466749211,-15.235121466749211,69739.99497269766,914.1072880049521,-914.1072880049521,1636109.4531999999,21242.56956838811,-21242.56956838811,4649.012729801278,4710.461804867216,4588.365272280046,15.081529815321744,15.469012210668273,14.703753444164654,13.169821402,0.02313094513722431,-0.02313094513722431,1.570556,0.00010388695779543558,-0.00010388695779543558,10.211523408,0.01678732550977599,-0.01678732550977599,1.573003,0.00011003408562800875,-0.00011003408562800875,2.9582979918,0.012342740062240223,-0.012342740062240223,13.139093362,0.023047218862596485,-0.023047218862596485,-0.7000000000016194,0.7049345417942011,0.7049345417941946,-0.9571350107654573,0.7049345417942011,-1.6504350656917206,,-0.19811437778736543,-0.006685598583927932,-0.21077248632823292,-0.010171549540224346,-0.28770717024840015,-0.187950639717908,
075_190℃_160_1.5mm.csv,1.5,160,1.487795,0.300143912,1.502795,0.300102733,0.015,1.943019231,13.17234839,1.570565,10.21519477,1.57302,2.95715362,13.14142928,190,0.015000000000000124,1642916.498,1166.666666666657,60.0,69999.99999999942,15.088008655102167,4666.666666666628,0.015058000000000016,0.00019807195662192026,-0.00019807195662192026,1162.3332495449608,15.235121466749211,-15.235121466749211,69739.99497269766,914.1072880049521,-914.1072880049521,1636109.4531999999,21242.56956838811,-21242.56956838811,4649.012729801278,4710.461804867216,4588.365272280046,15.081529815321744,15.469012210668273,14.703753444164654,13.169821402,0.02313094513722431,-0.02313094513722431,1.570556,0.00010388695779543558,-0.00010388695779543558,10.211523408,0.01678732550977599,-0.01678732550977599,1.573003,0.00011003408562800875,-0.00011003408562800875,2.9582979918,0.012342740062240223,-0.012342740062240223,13.139093362,0.023047218862596485,-0.023047218862596485,0.0,0.0,0.0,0.0,0.0,0.0,,0.029998105798451687,0.0015918091866454682,0.0,0.0003178609231337753,0.0,0.03467034672207529,
081_190℃_200_1.5mm.csv,1.5,200,1.48873,0.300216211,1.501485,0.300018898,0.012755,1.760575698,13.0651003,1.56493,10.1640296,1.567235,2.901070694,13.03751702,190,0.01275499999999985,1460556.8,1372.010976087825,60.0,82320.65856526949,11.405756316734559,5488.0439043513,0.012584999999999935,0.00011051018052648228,-0.00011051018052648228,1390.6296957490113,12.156711801304805,-12.156711801304805,83437.78174494067,729.4027080782981,-729.4027080782981,1440005.6017999998,13491.968987219767,-13491.968987219767,5562.348241312092,5611.296819884033,5513.826651976529,11.094660857085843,11.293961120724951,10.898877569878833,13.089524946000001,0.02605944184326406,-0.02605944184326406,1.565005,8.796306042873123e-05,-8.796306042873123e-05,10.195141547999999,0.027187050251637847,-0.027187050251637847,1.567318,9.169242062465685e-05,-9.169242062465685e-05,2.8943833968,0.004271649387877903,-0.004271649387877903,13.061776058000001,0.025936358351027373,-0.025936358351027373,1.5121368881807673,-1.4896119168946589,-1.4896119168946578,1.824225402173115,-1.4896119168946589,3.652673184733435,,-0.0808500703297376,-0.0015974900236852673,-0.18443866496176303,-0.00223318254034131,0.2837796572138704,-0.07914472488661375,
082_190℃_200_1.5mm.csv,1.5,200,1.48885,0.30008637,1.50131,0.300046151,0.01246,1.729109801,13.11498634,1.565065,10.2230916,1.567415,2.891894748,13.08634292,190,0.012459999999999916,1429063.65,1404.4943820224814,60.0,84269.66292134889,10.901714129999926,5617.977528089927,0.012584999999999935,0.00011051018052648228,-0.00011051018052648228,1390.6296957490113,12.156711801304805,-12.156711801304805,83437.78174494067,729.4027080782981,-729.4027080782981,1440005.6017999998,13491.968987219767,-13491.968987219767,5562.348241312092,5611.296819884033,5513.826651976529,11.094660857085843,11.293961120724951,10.898877569878833,13.089524946000001,0.02605944184326406,-0.02605944184326406,1.565005,8.796306042873123e-05,-8.796306042873123e-05,10.195141547999999,0.027187050251637847,-0.027187050251637847,1.567318,9.169242062465685e-05,-9.169242062465685e-05,2.8943833968,0.004271649387877903,-0.004271649387877903,13.061776058000001,0.025936358351027373,-0.025936358351027373,-0.8356545961004557,0.8426966292136665,0.8426966292136797,-0.3713520681618025,0.8426966292136828,-0.9279366934794485,,0.3006679123647833,0.0070289561041584235,0.3955780130268678,0.009251756238558879,-0.033413077424983485,0.29506193425661803,
083_190℃_200_1.5mm.csv,1.5,200,1.48875,0.300055951,1.501315,0.300083062,0.012565,1.729531693,13.07567199,1.564955,10.18281064,1.56727,2.892861342,13.0478437,190,0.012564999999999937,1429448.631,1392.7576601671378,60.0,83565.45961002827,10.99654411133566,5571.030640668551,0.012584999999999935,0.00011051018052648228,-0.00011051018052648228,1390.6296957490113,12.156711801304805,-12.156711801304805,83437.78174494067,729.4027080782981,-729.4027080782981,1440005.6017999998,13491.968987219767,-13491.968987219767,5562.348241312092,5611.296819884033,5513.826651976529,11.094660857085843,11.293961120724951,10.898877569878833,13.089524946000001,0.02605944184326406,-0.02605944184326406,1.565005,8.796306042873123e-05,-8.796306042873123e-05,10.195141547999999,0.027187050251637847,-0.027187050251637847,1.567318,9.169242062465685e-05,-9.169242062465685e-05,2.8943833968,0.004271649387877903,-0.004271649387877903,13.061776058000001,0.025936358351027373,-0.025936358351027373,0.0,0.0,0.0,-0.3445127202367038,0.0,-0.0661454373322668,,0.0,0.0,0.0,0.0,0.0,0.0,
084_190℃_200_1.5mm.csv,1.5,200,1.48881,0.300232853,1.50134,0.300135341,0.01253,1.734525629,13.07146368,1.564945,10.18126251,1.56725,2.890201167,13.04397306,190,0.01252999999999993,1434390.288,1396.6480446927453,60.0,83798.88268156472,11.003822637942795,5586.592178770981,0.012584999999999935,0.00011051018052648228,-0.00011051018052648228,1390.6296957490113,12.156711801304805,-12.156711801304805,83437.78174494067,729.4027080782981,-729.4027080782981,1440005.6017999998,13491.968987219767,-13491.968987219767,5562.348241312092,5611.296819884033,5513.826651976529,11.094660857085843,11.293961120724951,10.898877569878833,13.089524946000001,0.02605944184326406,-0.02605944184326406,1.565005,8.796306042873123e-05,-8.796306042873123e-05,10.195141547999999,0.027187050251637847,-0.027187050251637847,1.567318,9.169242062465685e-05,-9.169242062465685e-05,2.8943833968,0.004271649387877903,-0.004271649387877903,13.061776058000001,0.025936358351027373,-0.025936358351027373,-0.27855153203348526,0.2793296089386162,0.27932960893862163,0.0,0.2793296089386162,0.0,,-0.03218427323060446,-0.000638996009474107,-0.015203366287873532,-0.0012761043087603909,-0.09195653318664768,-0.02966497828295426,
085_190℃_200_1.5mm.csv,1.5,200,1.48879,0.30024111,1.501405,0.300012158,0.012615,1.746580798,13.12040242,1.56513,10.22451339,1.56742,2.895889033,13.09320359,190,0.012615000000000043,1446568.6400000001,1387.2374157748666,60.0,83234.24494649199,11.17252860832657,5548.949663099466,0.012584999999999935,0.00011051018052648228,-0.00011051018052648228,1390.6296957490113,12.156711801304805,-12.156711801304805,83437.78174494067,729.4027080782981,-729.4027080782981,1440005.6017999998,13491.968987219767,-13491.968987219767,5562.348241312092,5611.296819884033,5513.826651976529,11.094660857085843,11.293961120724951,10.898877569878833,13.089524946000001,0.02605944184326406,-0.02605944184326406,1.565005,8.796306042873123e-05,-8.796306042873123e-05,10.195141547999999,0.027187050251637847,-0.027187050251637847,1.567318,9.169242062465685e-05,-9.169242062465685e-05,2.8943833968,0.004271649387877903,-0.004271649387877903,13.061776058000001,0.025936358351027373,-0.025936358351027373,0.3979307600485934,-0.3963535473650739,-0.3963535473650717,0.849026384372744,-0.3963535473650739,1.5331578482740298,,0.3420889575251539,0.011182430165711741,0.40954066096627995,0.009570782315752518,0.1046607715358734,0.34764280629756694,
091_190℃_240_1.5mm.csv,1.5,240,1.489375,0.300032289,1.5002,0.300265039,0.010825,1.536575008,13.15131833,1.562605,10.28693611,1.56481,2.864382217,13.12495327,190,0.010825000000000085,1236309.969,1616.6281755196178,60.0,96997.69053117707,8.193707396586799,6466.51270207847,0.010721000000000069,0.00013672051784577863,-0.00013672051784577863,1632.5250619530293,21.03991140376362,-21.03991140376362,97951.50371718177,1262.3946842258154,-1262.3946842258154,1227590.0028,17615.85707267048,-17615.85707267048,6529.669436458644,6613.920891258681,6446.4912191152725,8.056552919610528,8.278463185983732,7.840591120388234,13.143081581999999,0.04667536615046766,-0.04667536615046766,1.5625550000000001,0.00013624426593440692,-0.00013624426593440692,10.281384478,0.04421460657276588,-0.04421460657276588,1.564757,0.0001307000382556438,-0.0001307000382556438,2.8616971062000003,0.007736564827434892,-0.007736564827434892,13.116726980000001,0.04683892770421021,-0.04683892770421021,0.5573618207148001,-0.5542725173205436,-0.5542725173205464,0.19944164001377002,-0.5542725173205577,0.7579150722846183,,0.0,0.00127993037179616,0.0,0.0009585920200472438,0.0055937354018072314,0.0,
092_190℃_240_1.5mm.csv,1.5,240,1.48949,0.300072873,1.49999,0.300150131,0.0105,1.498351531,13.16037877,1.562585,10.30993117,1.564795,2.850447607,13.1338711,190,0.010499999999999954,1198201.4,1666.666666666674,60.0,100000.00000000044,7.702723285714251,6666.666666666695,0.010721000000000069,0.00013672051784577863,-0.00013672051784577863,1632.5250619530293,21.03991140376362,-21.03991140376362,97951.50371718177,1262.3946842258154,-1262.3946842258154,1227590.0028,17615.85707267048,-17615.85707267048,6529.669436458644,6613.920891258681,6446.4912191152725,8.056552919610528,8.278463185983732,7.840591120388234,13.143081581999999,0.04667536615046766,-0.04667536615046766,1.5625550000000001,0.00013624426593440692,-0.00013624426593440692,10.281384478,0.04421460657276588,-0.04421460657276588,1.564757,0.0001307000382556438,-0.0001307000382556438,2.8616971062000003,0.007736564827434892,-0.007736564827434892,13.116726980000001,0.04683892770421021,-0.04683892770421021,-2.461681374827482,2.5238095238112677,2.52380952381126,-2.88915056683266,2.523809523811254,-5.279710260265695,,0.06889377758677481,0.0,0.2235365297704886,0.0,-0.480912198844916,0.06794561334083654,
093_190℃_240_1.5mm.csv,1.5,240,1.48941,0.300263018,1.50024,0.300171736,0.01083,1.543870194,13.20054662,1.56272,10.32946409,1.564905,2.871082537,13.17460641,190,0.010830000000000117,1243698.4579999999,1615.8818097876094,60.0,96952.90858725656,8.2464822245756,6463.527239150438,0.010721000000000069,0.00013672051784577863,-0.00013672051784577863,1632.5250619530293,21.03991140376362,-21.03991140376362,97951.50371718177,1262.3946842258154,-1262.3946842258154,1227590.0028,17615.85707267048,-17615.85707267048,6529.669436458644,6613.920891258681,6446.4912191152725,8.056552919610528,8.278463185983732,7.840591120388234,13.143081581999999,0.04667536615046766,-0.04667536615046766,1.5625550000000001,0.00013624426593440692,-0.00013624426593440692,10.281384478,0.04421460657276588,-0.04421460657276588,1.564757,0.0001307000382556438,-0.0001307000382556438,2.8616971062000003,0.007736564827434892,-0.007736564827434892,13.116726980000001,0.04683892770421021,-0.04683892770421021,0.6038086391080438,-0.6001846722066592,-0.6001846722066648,0.798257868084941,-0.6001846722066592,1.4068864571628557,,0.3743220927722786,0.00863953000958145,0.4134173630052896,0.007029674813637218,0.23952532310694183,0.3783109850264648,
094_190℃_240_1.5mm.csv,1.5,240,1.48942,0.300244285,1.500185,0.300064678,0.010765,1.533913838,13.12987235,1.562515,10.26565035,1.56472,2.864222,13.10337441,190,0.010765000000000136,1233849.16,1625.6386437528824,60.0,97538.31862517295,8.132073188204183,6502.55457501153,0.010721000000000069,0.00013672051784577863,-0.00013672051784577863,1632.5250619530293,21.03991140376362,-21.03991140376362,97951.50371718177,1262.3946842258154,-1262.3946842258154,1227590.0028,17615.85707267048,-17615.85707267048,6529.669436458644,6613.920891258681,6446.4912191152725,8.056552919610528,8.278463185983732,7.840591120388234,13.143081581999999,0.04667536615046766,-0.04667536615046766,1.5625550000000001,0.00013624426593440692,-0.00013624426593440692,10.281384478,0.04421460657276588,-0.04421460657276588,1.564757,0.0001307000382556438,-0.0001307000382556438,2.8616971062000003,0.007736564827434892,-0.007736564827434892,13.116726980000001,0.04683892770421021,-0.04683892770421021,0.0,0.0,0.0,0.0,0.0,0.0,,-0.16307095199026397,-0.00447975630124393,-0.20692030914149034,-0.004792960100193649,0.0,-0.16441094727036676,
095_190℃_240_1.5mm.csv,1.5,240,1.489455,0.300104536,1.50014,0.300242793,0.010685,1.52613382,13.07329184,1.56235,10.21494067,1.564555,2.85835117,13.04682971,190,0.010685000000000056,1225891.027,1637.810014038363,60.0,98268.60084230179,8.019578953160245,6551.240056153453,0.010721000000000069,0.00013672051784577863,-0.00013672051784577863,1632.5250619530293,21.03991140376362,-21.03991140376362,97951.50371718177,1262.3946842258154,-1262.3946842258154,1227590.0028,17615.85707267048,-17615.85707267048,6529.669436458644,6613.920891258681,6446.4912191152725,8.056552919610528,8.278463185983732,7.840591120388234,13.143081581999999,0.04667536615046766,-0.04667536615046766,1.5625550000000001,0.00013624426593440692,-0.00013624426593440692,10.281384478,0.04421460657276588,-0.04421460657276588,1.564757,0.0001307000382556438,-0.0001307000382556438,2.8616971062000003,0.007736564827434892,-0.007736564827434892,13.116726980000001,0.04683892770421021,-0.04683892770421021,-0.7431490942877752,0.7487131492754324,0.7487131492754371,-0.644984270200412,0.7487131492754464,-1.3833401697258976,,-0.5932978583752443,-0.015039181868505409,-0.6998725298780772,-0.015337472320656572,-0.20497119287540075,-0.595229243052382,
021_210℃_010_1.5mm.csv,1.5,10,1.31792,0.30002099,1.560085,0.300018704,0.242165,1.98704298,16.79926095,2.746305,13.19153886,2.74785,3.607722088,16.79562653,210,0.24216499999999996,1687024.276,72.2647781471311,60.0,4335.886688827866,250.12544926379994,289.05911258852444,0.240917,0.004002896763595053,-0.004002896763595053,72.65526355741332,1.214336020404691,-1.214336020404691,4359.3158134447995,72.86016122428144,-72.86016122428144,1676843.284,28250.883984354095,-28250.883984354095,290.5887111310832,295.4717123337157,285.78640699605353,247.27916006711067,255.70636753610896,239.12968453889212,16.831179564000003,0.0355601780746311,-0.0355601780746311,2.751219,0.004182208447698293,-0.004182208447698293,13.23574772,0.04648399250805242,-0.04648399250805242,2.752742,0.00416124620756808,-0.00416124620756808,3.5954318428,0.018833557343570503,-0.018833557343570503,16.827660662,0.035533380855385,-0.035533380855385,0.5626842739088889,-0.5595358536535123,-0.5595358536535083,0.6539574292772654,-0.5595358536534928,1.2665791477395587,,-0.09504091410263975,-0.14779829622924215,-0.29833802584413144,-0.1478967411843374,0.5197592017812517,-0.09538699600853127,
022_210℃_010_1.5mm.csv,1.5,10,1.31787,0.30002056,1.563895,0.300006067,0.246025,2.01380677,16.81524231,2.748535,13.19347443,2.75007,3.621767876,16.81166267,210,0.24602499999999994,1713800.703,71.13098262371712,60.0,4267.858957423027,258.14560282994375,284.52393049486847,0.240917,0.004002896763595053,-0.004002896763595053,72.65526355741332,1.214336020404691,-1.214336020404691,4359.3158134447995,72.86016122428144,-72.86016122428144,1676843.284,28250.883984354095,-28250.883984354095,290.5887111310832,295.4717123337157,285.78640699605353,247.27916006711067,255.70636753610896,239.12968453889212,16.831179564000003,0.0355601780746311,-0.0355601780746311,2.751219,0.004182208447698293,-0.004182208447698293,13.23574772,0.04648399250805242,-0.04648399250805242,2.752742,0.00416124620756808,-0.00416124620756808,3.5954318428,0.018833557343570503,-0.018833557343570503,16.827660662,0.035533380855385,-0.035533380855385,2.165607740542324,-2.1197032821867716,-2.1197032821867716,2.2515357105788567,-2.1197032821867716,4.513643843768763,,0.0,-0.06671829608380883,-0.2837089861304606,-0.0672257914474305,0.9111084224585975,0.0,
023_210℃_010_1.5mm.csv,1.5,10,1.31958,0.300016276,1.554465,0.300016442,0.234885,1.935683512,16.83912533,2.75037,13.26239861,2.75192,3.576726723,16.83548316,210,0.234885,1635667.07,74.5045447772314,60.0,4470.272686633884,235.2206080022143,298.0181791089256,0.240917,0.004002896763595053,-0.004002896763595053,72.65526355741332,1.214336020404691,-1.214336020404691,4359.3158134447995,72.86016122428144,-72.86016122428144,1676843.284,28250.883984354095,-28250.883984354095,290.5887111310832,295.4717123337157,285.78640699605353,247.27916006711067,255.70636753610896,239.12968453889212,16.831179564000003,0.0355601780746311,-0.0355601780746311,2.751219,0.004182208447698293,-0.004182208447698293,13.23574772,0.04648399250805242,-0.04648399250805242,2.752742,0.00416124620756808,-0.00416124620756808,3.5954318428,0.018833557343570503,-0.018833557343570503,16.827660662,0.035533380855385,-0.035533380855385,-2.460445994767642,2.5225110160290845,2.5225110160290845,-2.410198848703066,2.5225110160290845,-4.767841946728824,,0.1420319705164159,0.0,0.23722002519535318,0.0,-0.3438457406655532,0.1416902686401483,
024_210℃_010_1.5mm.csv,1.5,10,1.31797,0.300006006,1.55878,0.300020245,0.24081,1.971681082,16.88938228,2.756495,13.3003147,2.75802,3.589067579,16.88583623,210,0.24080999999999997,1671660.8369999998,72.67140068934016,60.0,4360.28404136041,246.4608037701856,290.68560275736064,0.240917,0.004002896763595053,-0.004002896763595053,72.65526355741332,1.214336020404691,-1.214336020404691,4359.3158134447995,72.86016122428144,-72.86016122428144,1676843.284,28250.883984354095,-28250.883984354095,290.5887111310832,295.4717123337157,285.78640699605353,247.27916006711067,255.70636753610896,239.12968453889212,16.831179564000003,0.0355601780746311,-0.0355601780746311,2.751219,0.004182208447698293,-0.004182208447698293,13.23574772,0.04648399250805242,-0.04648399250805242,2.752742,0.00416124620756808,-0.00416124620756808,3.5954318428,0.018833557343570503,-0.018833557343570503,16.827660662,0.035533380855385,-0.035533380855385,0.0,0.0,0.0,-0.2626807940563523,0.0,-0.2171007977429498,,0.44090931687561835,0.22269730981649508,0.5237898658092043,0.22166342044826864,0.0,0.4412029997030532,
025_210℃_010_1.5mm.csv,1.5,10,1.31832,0.300016,1.55902,0.300013949,0.2407,1.976077483,16.81288695,2.75439,13.231012,2.75585,3.581874948,16.80969472,210,0.24070000000000014,1676063.534,72.70461154964683,60.0,4362.2766929788095,246.99703630640826,290.8184461985873,0.240917,0.004002896763595053,-0.004002896763595053,72.65526355741332,1.214336020404691,-1.214336020404691,4359.3158134447995,72.86016122428144,-72.86016122428144,1676843.284,28250.883984354095,-28250.883984354095,290.5887111310832,295.4717123337157,285.78640699605353,247.27916006711067,255.70636753610896,239.12968453889212,16.831179564000003,0.0355601780746311,-0.0355601780746311,2.751219,0.004182208447698293,-0.004182208447698293,13.23574772,0.04648399250805242,-0.04648399250805242,2.752742,0.00416124620756808,-0.00416124620756808,3.5954318428,0.018833557343570503,-0.018833557343570503,16.827660662,0.035533380855385,-0.035533380855385,-0.04567916614751566,0.04570004154542015,0.04570004154540972,0.0,0.04570004154542015,0.0,,-0.014007291459597478,0.14616215272853073,0.0,0.14280938399372034,-0.2004038888006716,-0.011705861809330127,
031_210℃_020_1.5mm.csv,1.5,20,1.413025,0.300051166,1.53065,0.300022055,0.117625,1.98803528,14.19797684,2.079325,11.10351092,2.08062,3.094465923,14.19411015,210,0.11762500000000009,1688013.225,148.7778958554728,60.0,8926.673751328368,121.56278913711743,595.1115834218913,0.11714600000000001,0.0011475811518146335,-0.0011475811518146335,149.39778887899746,1.4742119053335025,-1.4742119053335025,8963.867332739846,88.45271432001007,-88.45271432001007,1684505.7881999998,15697.011822151868,-15697.011822151868,597.5679932313151,603.4721988813131,591.7215527019342,120.80732177862218,123.14111330684321,118.51776066826025,14.291904642,0.0774975082176484,-0.0774975082176484,2.083616,0.0033113524427339576,-0.0033113524427339576,11.198091258,0.08385009831924062,-0.08385009831924062,2.084918,0.0032881465143755327,-0.0032881465143755327,3.0938133841999997,0.009751791659471222,-0.009751791659471222,14.2879964,0.07765994725888895,-0.07765994725888895,0.1831189847543448,-0.1827842720510736,-0.1827842720510774,0.0,-0.18278427205105452,0.059449911637235085,,-0.7677305963087618,-0.21547018329362758,-0.9277462557026596,-0.2148578005851057,0.0,-0.7685463285456303,
032_210℃_020_1.5mm.csv,1.5,20,1.41319,0.300022867,1.531565,0.300019157,0.118375,2.002716031,14.22592044,2.081405,11.12124229,2.082785,3.104678153,14.22153852,210,0.11837500000000012,1702696.8739999998,147.83526927138317,60.0,8870.11615628299,123.40208722025525,591.3410770855327,0.11714600000000001,0.0011475811518146335,-0.0011475811518146335,149.39778887899746,1.4742119053335025,-1.4742119053335025,8963.867332739846,88.45271432001007,-88.45271432001007,1684505.7881999998,15697.011822151868,-15697.011822151868,597.5679932313151,603.4721988813131,591.7215527019342,120.80732177862218,123.14111330684321,118.51776066826025,14.291904642,0.0774975082176484,-0.0774975082176484,2.083616,0.0033113524427339576,-0.0033113524427339576,11.198091258,0.08385009831924062,-0.08385009831924062,2.084918,0.0032881465143755327,-0.0032881465143755327,3.0938133841999997,0.009751791659471222,-0.009751791659471222,14.2879964,0.07765994725888895,-0.07765994725888895,0.8219061408739499,-0.8152059134108605,-0.8152059134108769,0.8698776041875941,-0.8152059134108605,1.573393082311865,,-0.572427640503345,-0.1156532609660551,-0.7695362264127515,-0.11102585007914675,0.33001591402562824,-0.5767937637017949,
033_210℃_020_1.5mm.csv,1.5,20,1.41339,0.300030553,1.5308,0.300025306,0.11741,1.990124841,14.30782237,2.083815,11.20748797,2.0851,3.100334402,14.30404335,210,0.11741000000000001,1690099.5350000001,149.0503364279022,60.0,8943.020185674133,121.49056310470411,596.2013457116088,0.11714600000000001,0.0011475811518146335,-0.0011475811518146335,149.39778887899746,1.4742119053335025,-1.4742119053335025,8963.867332739846,88.45271432001007,-88.45271432001007,1684505.7881999998,15697.011822151868,-15697.011822151868,597.5679932313151,603.4721988813131,591.7215527019342,120.80732177862218,123.14111330684321,118.51776066826025,14.291904642,0.0774975082176484,-0.0774975082176484,2.083616,0.0033113524427339576,-0.0033113524427339576,11.198091258,0.08385009831924062,-0.08385009831924062,2.084918,0.0032881465143755327,-0.0032881465143755327,3.0938133841999997,0.009751791659471222,-0.009751791659471222,14.2879964,0.07765994725888895,-0.07765994725888895,0.0,0.0,0.0,0.12359559564469975,0.0,0.0,,0.0,0.0,0.0,0.0,0.18964432461129715,0.0,
034_210℃_020_1.5mm.csv,1.5,20,1.41362,0.300029153,1.52891,0.300045779,0.11529,1.959981994,14.35325851,2.086195,11.27378906,2.087465,3.079469445,14.34954666,210,0.11528999999999989,1659936.215,151.79113539769293,60.0,9107.468123861576,117.16778340449987,607.1645415907717,0.11714600000000001,0.0011475811518146335,-0.0011475811518146335,149.39778887899746,1.4742119053335025,-1.4742119053335025,8963.867332739846,88.45271432001007,-88.45271432001007,1684505.7881999998,15697.011822151868,-15697.011822151868,597.5679932313151,603.4721988813131,591.7215527019342,120.80732177862218,123.14111330684321,118.51776066826025,14.291904642,0.0774975082176484,-0.0774975082176484,2.083616,0.0033113524427339576,-0.0033113524427339576,11.198091258,0.08385009831924062,-0.08385009831924062,2.084918,0.0032881465143755327,-0.0032881465143755327,3.0938133841999997,0.009751791659471222,-0.009751791659471222,14.2879964,0.07765994725888895,-0.07765994725888895,-1.8056383612981188,1.8388411831035893,1.8388411831035838,-1.6633169446880376,1.8388411831035893,-3.5581197335292116,,0.3175615326009923,0.11421359381711184,0.5915785069542182,0.11342381660350719,-0.4846224961967382,0.31811501745762727,
035_210℃_020_1.5mm.csv,1.5,20,1.413445,0.300032993,1.530475,0.300057833,0.11703,1.981840925,14.37454505,2.08734,11.28442605,2.08862,3.090118998,14.37074332,210,0.11702999999999997,1681783.092,149.53430744253615,60.0,8972.058446552168,120.50147464699589,598.1372297701445,0.11714600000000001,0.0011475811518146335,-0.0011475811518146335,149.39778887899746,1.4742119053335025,-1.4742119053335025,8963.867332739846,88.45271432001007,-88.45271432001007,1684505.7881999998,15697.011822151868,-15697.011822151868,597.5679932313151,603.4721988813131,591.7215527019342,120.80732177862218,123.14111330684321,118.51776066826025,14.291904642,0.0774975082176484,-0.0774975082176484,2.083616,0.0033113524427339576,-0.0033113524427339576,11.198091258,0.08385009831924062,-0.08385009831924062,2.084918,0.0032881465143755327,-0.0032881465143755327,3.0938133841999997,0.009751791659471222,-0.009751791659471222,14.2879964,0.07765994725888895,-0.07765994725888895,-0.32365215910062767,0.32470306758954603,0.3247030675895282,-0.36908081688756594,0.324703067589527,-0.8141278074872327,,0.4663370726484621,0.16916089000224216,0.6864881783138749,0.16881684331686572,-0.14047415961801535,0.46630150907645396,
041_210℃_040_1.5mm.csv,1.5,40,1.46177,0.300092711,1.52115,0.300110361,0.05938,2.229332367,12.99739182,1.769955,10.05330146,1.771285,2.94409036,12.99048973,210,0.05937999999999999,1929222.006,294.7120242505895,60.0,17682.721455035367,70.13706288751835,1178.848097002358,0.057897999999999915,0.0009924754405022053,-0.0009924754405022053,302.32628351446334,5.148274758119248,-5.148274758119248,18139.5770108678,308.8964854871569,-308.8964854871569,1884948.7034000002,31715.215120367593,-31715.215120367593,1209.1642519348184,1230.000799630058,1188.6806810181195,66.80183663766071,69.0991829314914,64.58087040752788,13.07398001,0.04553582871589205,-0.04553582871589205,1.771524,0.000941477562133092,-0.000941477562133092,10.163434192,0.06387045926161487,-0.06387045926161487,1.7728369999999998,0.0009307228373687855,-0.0009307228373687855,2.9105458174,0.02346617617959268,-0.02346617617959268,13.067236775999998,0.045634577426713376,-0.045634577426713376,2.893779241032858,-2.812394745705729,-2.812394745705729,2.5952849554061364,-2.812394745705729,5.56416601372418,,-0.6689667373134004,-0.10384948597326801,-1.3103190571356167,-0.10236309288815634,1.265233070167871,-0.6711286414089145,
042_210℃_040_1.5mm.csv,1.5,40,1.46188,0.300079214,1.519305,0.300039295,0.057425,2.165670351,13.08492562,1.771795,10.18678079,1.7731,2.898144827,13.07826169,210,0.05742499999999984,1865631.0560000003,304.74531998258686,60.0,18284.719198955212,65.59216125967329,1218.9812799303475,0.057897999999999915,0.0009924754405022053,-0.0009924754405022053,302.32628351446334,5.148274758119248,-5.148274758119248,18139.5770108678,308.8964854871569,-308.8964854871569,1884948.7034000002,31715.215120367593,-31715.215120367593,1209.1642519348184,1230.000799630058,1188.6806810181195,66.80183663766071,69.0991829314914,64.58087040752788,13.07398001,0.04553582871589205,-0.04553582871589205,1.771524,0.000941477562133092,-0.000941477562133092,10.163434192,0.06387045926161487,-0.06387045926161487,1.7728369999999998,0.0009307228373687855,-0.0009307228373687855,2.9105458174,0.02346617617959268,-0.02346617617959268,13.067236775999998,0.045634577426713376,-0.045634577426713376,-0.4938485531105373,0.49629952111466147,0.49629952111467024,-0.7864573301081805,0.49629952111466147,-1.276421975073158,,0.0,0.0,0.0,0.0,-0.31511418105512345,0.0,
043_210℃_040_1.5mm.csv,1.5,40,1.46208,0.300047657,1.51881,0.300085618,0.05673,2.147793333,13.09675914,1.771995,10.21456701,1.77329,2.882192134,13.09019123,210,0.05672999999999995,1847707.715,308.4787590340211,60.0,18508.725542041266,64.1757910236428,1233.9150361360844,0.057897999999999915,0.0009924754405022053,-0.0009924754405022053,302.32628351446334,5.148274758119248,-5.148274758119248,18139.5770108678,308.8964854871569,-308.8964854871569,1884948.7034000002,31715.215120367593,-31715.215120367593,1209.1642519348184,1230.000799630058,1188.6806810181195,66.80183663766071,69.0991829314914,64.58087040752788,13.07398001,0.04553582871589205,-0.04553582871589205,1.771524,0.000941477562133092,-0.000941477562133092,10.163434192,0.06387045926161487,-0.06387045926161487,1.7728369999999998,0.0009307228373687855,-0.0009307228373687855,2.9105458174,0.02346617617959268,-0.02346617617959268,13.067236775999998,0.045634577426713376,-0.045634577426713376,-1.6981459019233793,1.7274810505904858,1.7274810505904934,-1.7396137172575086,1.7274810505904858,-3.4082184401319835,,0.09043628021784436,0.011287987605788365,0.27276742842327734,0.010715695674250438,-0.86382464072384,0.0912165567777423,
044_210℃_040_1.5mm.csv,1.5,40,1.46205,0.300086855,1.520295,0.300043015,0.058245,2.201806,13.11627993,1.77241,10.19528432,1.77372,2.920995605,13.10956049,210,0.05824499999999988,1901762.9849999999,300.45497467593844,60.0,18027.298480556306,67.81725615999476,1201.8198987037538,0.057897999999999915,0.0009924754405022053,-0.0009924754405022053,302.32628351446334,5.148274758119248,-5.148274758119248,18139.5770108678,308.8964854871569,-308.8964854871569,1884948.7034000002,31715.215120367593,-31715.215120367593,1209.1642519348184,1230.000799630058,1188.6806810181195,66.80183663766071,69.0991829314914,64.58087040752788,13.07398001,0.04553582871589205,-0.04553582871589205,1.771524,0.000941477562133092,-0.000941477562133092,10.163434192,0.06387045926161487,-0.06387045926161487,1.7728369999999998,0.0009307228373687855,-0.0009307228373687855,2.9105458174,0.02346617617959268,-0.02346617617959268,13.067236775999998,0.045634577426713376,-0.045634577426713376,0.9270490382948412,-0.9185337797235097,-0.9185337797235035,1.1350247700412903,-0.9185337797235097,2.072596044551207,,0.23962161429542259,0.034710561887804865,0.0834761263180228,0.034967006937006655,0.47086351563645024,0.23931926690174735,
045_210℃_040_1.5mm.csv,1.5,40,1.46201,0.300068013,1.51972,0.300119005,0.05771,2.18053876,13.07454354,1.771465,10.16723738,1.77279,2.907306161,13.06768074,210,0.05770999999999993,1880419.7550000001,303.24033962918077,60.0,18194.420377750845,66.44021881288768,1212.961358516723,0.057897999999999915,0.0009924754405022053,-0.0009924754405022053,302.32628351446334,5.148274758119248,-5.148274758119248,18139.5770108678,308.8964854871569,-308.8964854871569,1884948.7034000002,31715.215120367593,-31715.215120367593,1209.1642519348184,1230.000799630058,1188.6806810181195,66.80183663766071,69.0991829314914,64.58087040752788,13.07398001,0.04553582871589205,-0.04553582871589205,1.771524,0.000941477562133092,-0.000941477562133092,10.163434192,0.06387045926161487,-0.06387045926161487,1.7728369999999998,0.0009307228373687855,-0.0009307228373687855,2.9105458174,0.02346617617959268,-0.02346617617959268,13.067236775999998,0.045634577426713376,-0.045634577426713376,0.0,0.0,0.0,0.0,0.0,0.0,,-0.07934382129104839,-0.01862517954954955,-0.19185069751560546,-0.017483503468490806,0.0,-0.08090486527035987,
051_210℃_080_1.5mm.csv,1.5,80,1.48069,0.300144091,1.50986,0.300029892,0.02917,2.289753199,13.73447494,1.637855,10.79466521,1.63935,2.939809728,13.72117255,210,0.029169999999999918,1989723.3070000003,599.9314364072694,60.0,35995.88618443617,35.534833999095824,2399.7257456290777,0.02902,0.0005286775955154471,-0.0005286775955154471,603.1939883672245,11.089343472441055,-11.089343472441055,36191.63930203347,665.3606083464608,-665.3606083464608,1974128.8096,38945.338267182364,-38945.338267182364,2412.4517567694297,2457.008593300055,2368.7029400752144,35.064838662175305,36.427035735644026,33.75358125012819,13.869860746,0.07811815227589278,-0.07811815227589278,1.639182,0.0007760041881330353,-0.0007760041881330353,10.930036276,0.07870759376133388,-0.07870759376133388,1.640663,0.0007682740396498757,-0.0007682740396498757,2.939824472,0.0171741291363184,-0.0171741291363184,13.856758178000002,0.07824121835510303,-0.07824121835510303,0.0,0.0,0.0,0.0,0.0,0.0,,-1.1586833647637522,-0.09302297209920815,-1.371400166137379,-0.09080714755856703,0.0,-1.163522581428286,
052_210℃_080_1.5mm.csv,1.5,80,1.48057,0.300112788,1.510205,0.300178075,0.029635,2.314190402,13.9021581,1.63965,10.94428586,1.641135,2.95787224,13.88903885,210,0.029635000000000078,2014012.327,590.5179686181864,60.0,35431.07811709118,36.541993047333776,2362.071874472745,0.02902,0.0005286775955154471,-0.0005286775955154471,603.1939883672245,11.089343472441055,-11.089343472441055,36191.63930203347,665.3606083464608,-665.3606083464608,1974128.8096,38945.338267182364,-38945.338267182364,2412.4517567694297,2457.008593300055,2368.7029400752144,35.064838662175305,36.427035735644026,33.75358125012819,13.869860746,0.07811815227589278,-0.07811815227589278,1.639182,0.0007760041881330353,-0.0007760041881330353,10.930036276,0.07870759376133388,-0.07870759376133388,1.640663,0.0007682740396498757,-0.0007682740396498757,2.939824472,0.0171741291363184,-0.0171741291363184,13.856758178000002,0.07824121835510303,-0.07824121835510303,1.5941035310255778,-1.569090602328864,-1.5690906023288802,1.2207235003253536,-1.569090602328883,2.834286627773691,,0.04806275289721953,0.01646964096182657,-0.004347559256899432,0.017978596328705673,0.6144109201342078,0.04565350821204053,
053_210℃_080_1.5mm.csv,1.5,80,1.48067,0.300135511,1.509895,0.300120982,0.029225,2.292762362,13.89547955,1.63938,10.94476169,1.64084,2.950717865,13.88270091,210,0.029225000000000056,1992641.3800000001,598.8023952095797,60.0,35928.14371257478,35.65404754928578,2395.2095808383187,0.02902,0.0005286775955154471,-0.0005286775955154471,603.1939883672245,11.089343472441055,-11.089343472441055,36191.63930203347,665.3606083464608,-665.3606083464608,1974128.8096,38945.338267182364,-38945.338267182364,2412.4517567694297,2457.008593300055,2368.7029400752144,35.064838662175305,36.427035735644026,33.75358125012819,13.869860746,0.07811815227589278,-0.07811815227589278,1.639182,0.0007760041881330353,-0.0007760041881330353,10.930036276,0.07870759376133388,-0.07870759376133388,1.640663,0.0007682740396498757,-0.0007682740396498757,2.939824472,0.0171741291363184,-0.0171741291363184,13.856758178000002,0.07824121835510303,-0.07824121835510303,0.18854988001418727,-0.1881950384949105,-0.1881950384949105,0.14665722564207054,-0.1881950384949105,0.3354836276792165,,0.0,0.0,0.0,0.0,0.3710490817179828,0.0,
054_210℃_080_1.5mm.csv,1.5,80,1.48066,0.30012162,1.509515,0.300052273,0.028855,2.261196783,13.93486581,1.639805,10.99691396,1.64128,2.937951853,13.92185677,210,0.028854999999999853,1961144.51,606.4806792583638,60.0,36388.84075550183,34.64621928737738,2425.9227170334552,0.02902,0.0005286775955154471,-0.0005286775955154471,603.1939883672245,11.089343472441055,-11.089343472441055,36191.63930203347,665.3606083464608,-665.3606083464608,1974128.8096,38945.338267182364,-38945.338267182364,2412.4517567694297,2457.008593300055,2368.7029400752144,35.064838662175305,36.427035735644026,33.75358125012819,13.869860746,0.07811815227589278,-0.07811815227589278,1.639182,0.0007760041881330353,-0.0007760041881330353,10.930036276,0.07870759376133388,-0.07870759376133388,1.640663,0.0007682740396498757,-0.0007682740396498757,2.939824472,0.0171741291363184,-0.0171741291363184,13.856758178000002,0.07824121835510303,-0.07824121835510303,-1.0798765855333086,1.0916652226652734,1.0916652226652646,-1.436320160670473,1.0916652226652734,-2.5006862610954,,0.28344656877999264,0.025924434847314087,0.4765043906588756,0.026815533507227755,-0.06319711722514004,0.2820478540439813,
055_210℃_080_1.5mm.csv,1.5,80,1.480705,0.300033198,1.50892,0.300053429,0.028215,2.213175953,13.88232533,1.63922,10.96955466,1.64071,2.912770674,13.86902181,210,0.0282150000000001,1913122.5239999997,620.2374623427232,60.0,37214.24774056339,33.048215519179706,2480.949849370893,0.02902,0.0005286775955154471,-0.0005286775955154471,603.1939883672245,11.089343472441055,-11.089343472441055,36191.63930203347,665.3606083464608,-665.3606083464608,1974128.8096,38945.338267182364,-38945.338267182364,2412.4517567694297,2457.008593300055,2368.7029400752144,35.064838662175305,36.427035735644026,33.75358125012819,13.869860746,0.07811815227589278,-0.07811815227589278,1.639182,0.0007760041881330353,-0.0007760041881330353,10.930036276,0.07870759376133388,-0.07870759376133388,1.640663,0.0007682740396498757,-0.0007682740396498757,2.939824472,0.0171741291363184,-0.0171741291363184,13.856758178000002,0.07824121835510303,-0.07824121835510303,-3.2739115529647576,3.38472443735535,3.3847244373553345,-3.849820863559925,3.38472443735535,-6.997692686504147,,-0.09466546262520874,-0.009759787236648002,0.22652818491838744,-0.00792277126351049,-0.9197552393431729,-0.09853342003606518,
061_210℃_120_1.5mm.csv,1.5,120,1.485225,0.300149571,1.504885,0.300072218,0.01966,2.091438829,12.46659271,1.58621,9.658617278,1.588335,2.807975434,12.44203793,210,0.01966000000000001,1791366.611,890.1322482197351,60.0,53407.9348931841,21.56220463607756,3560.52899287894,0.01966600000000005,0.00016964669168590253,-0.00016964669168590253,889.9136833742061,7.68157616083085,-7.68157616083085,53394.821002452365,460.89456964984964,-460.89456964984964,1789627.4949999999,15921.023155147683,-15921.023155147683,3559.548689432999,3590.3974912826543,3528.964941404785,21.546519438994245,21.922447932160463,21.177037408030223,12.559708784,0.07748346737697477,-0.07748346737697477,1.58682,0.00047010637094170766,-0.00047010637094170766,9.744804962,0.07259607010294575,-0.07259607010294575,1.588943,0.0004655722285533054,-0.0004655722285533054,2.8149038216,0.009866620720239085,-0.009866620720239085,12.535164618,0.07758080374468339,-0.07758080374468339,0.0,0.0,0.0,0.0,0.0,0.0,,-0.8128944432862408,-0.04316605698549977,-1.0963654307333426,-0.04247927955141762,-0.3177755473905883,-0.8161011579829951,
062_210℃_120_1.5mm.csv,1.5,120,1.485225,0.300096605,1.504995,0.300095457,0.01977,2.105227906,12.494975,1.586475,9.678048059,1.58861,2.816926939,12.4701335,210,0.019770000000000065,1805132.449,885.179564997468,60.0,53110.77389984808,21.849470520447014,3540.718259989872,0.01966600000000005,0.00016964669168590253,-0.00016964669168590253,889.9136833742061,7.68157616083085,-7.68157616083085,53394.821002452365,460.89456964984964,-460.89456964984964,1789627.4949999999,15921.023155147683,-15921.023155147683,3559.548689432999,3590.3974912826543,3528.964941404785,21.546519438994245,21.922447932160463,21.177037408030223,12.559708784,0.07748346737697477,-0.07748346737697477,1.58682,0.00047010637094170766,-0.00047010637094170766,9.744804962,0.07259607010294575,-0.07259607010294575,1.588943,0.0004655722285533054,-0.0004655722285533054,2.8149038216,0.009866620720239085,-0.009866620720239085,12.535164618,0.07758080374468339,-0.07758080374468339,0.5595116988812535,-0.556398583712975,-0.5563985837129733,0.7684545371935587,-0.5563985837129624,1.3322658291110214,,-0.5870783554699548,-0.026466779465551593,-0.8973954531365659,-0.025172906400838004,0.0,-0.5921323685879952,
063_210℃_120_1.5mm.csv,1.5,120,1.48524,0.300073953,1.50468,0.30016349,0.01944,2.065461928,12.56876349,1.586895,9.765684871,1.58901,2.803078623,12.54441303,210,0.019440000000000124,1765298.4379999998,900.2057613168666,60.0,54012.345679011996,21.010654062073602,3600.823045267466,0.01966600000000005,0.00016964669168590253,-0.00016964669168590253,889.9136833742061,7.68157616083085,-7.68157616083085,53394.821002452365,460.89456964984964,-460.89456964984964,1789627.4949999999,15921.023155147683,-15921.023155147683,3559.548689432999,3590.3974912826543,3528.964941404785,21.546519438994245,21.922447932160463,21.177037408030223,12.559708784,0.07748346737697477,-0.07748346737697477,1.58682,0.00047010637094170766,-0.00047010637094170766,9.744804962,0.07259607010294575,-0.07259607010294575,1.588943,0.0004655722285533054,-0.0004655722285533054,2.8149038216,0.009866620720239085,-0.009866620720239085,12.535164618,0.07758080374468339,-0.07758080374468339,-1.1190233977613775,1.1316872427977542,1.1316872427977542,-1.455211503883511,1.1316872427977542,-2.5579507444294993,,0.0,0.0,0.0,0.0,-0.4916107623620481,0.0,
064_210℃_120_1.5mm.csv,1.5,120,1.485245,0.300150653,1.504825,0.300237097,0.01958,2.08464677,12.63318481,1.587265,9.815278383,1.589375,2.817906424,12.60892607,210,0.019580000000000153,1784409.673,893.7691521961115,60.0,53626.14913176669,21.3910661616369,3575.076608784446,0.01966600000000005,0.00016964669168590253,-0.00016964669168590253,889.9136833742061,7.68157616083085,-7.68157616083085,53394.821002452365,460.89456964984964,-460.89456964984964,1789627.4949999999,15921.023155147683,-15921.023155147683,3559.548689432999,3590.3974912826543,3528.964941404785,21.546519438994245,21.922447932160463,21.177037408030223,12.559708784,0.07748346737697477,-0.07748346737697477,1.58682,0.00047010637094170766,-0.00047010637094170766,9.744804962,0.07259607010294575,-0.07259607010294575,1.588943,0.0004655722285533054,-0.0004655722285533054,2.8149038216,0.009866620720239085,-0.009866620720239085,12.535164618,0.07758080374468339,-0.07758080374468339,-0.4069175991854421,0.4085801838603434,0.4085801838603477,-0.3883592536156789,0.40858018386035627,-0.793696550650084,,0.5125509764843162,0.02331597238632559,0.5078344494534457,0.022970277090763977,0.03477140235477652,0.5142770717587043,
065_210℃_120_1.5mm.csv,1.5,120,1.485095,0.300074778,1.504975,0.300121031,0.01988,2.102051335,12.63502791,1.587255,9.806396219,1.589385,2.828631688,12.61031256,210,0.019879999999999898,1801930.304,880.2816901408496,60.0,52816.901408450976,21.932065985828455,3521.1267605633984,0.01966600000000005,0.00016964669168590253,-0.00016964669168590253,889.9136833742061,7.68157616083085,-7.68157616083085,53394.821002452365,460.89456964984964,-460.89456964984964,1789627.4949999999,15921.023155147683,-15921.023155147683,3559.548689432999,3590.3974912826543,3528.964941404785,21.546519438994245,21.922447932160463,21.177037408030223,12.559708784,0.07748346737697477,-0.07748346737697477,1.58682,0.00047010637094170766,-0.00047010637094170766,9.744804962,0.07259607010294575,-0.07259607010294575,1.588943,0.0004655722285533054,-0.0004655722285533054,2.8149038216,0.009866620720239085,-0.009866620720239085,12.535164618,0.07758080374468339,-0.07758080374468339,1.1190233977613775,-1.1066398390336467,-1.1066398390336425,0.5897002285926815,-1.106639839033634,1.7153225098886626,,0.527215107935805,0.022685810970488784,0.41688164770599956,0.02359959975078912,0.415514823545808,0.5253297212265112,
071_210℃_160_1.5mm.csv,1.5,160,1.487335,0.300179798,1.50203,0.300238041,0.014695,1.798123611,11.76325913,1.568835,9.093147774,1.571315,2.670111356,11.73455004,210,0.014694999999999903,1497885.57,1190.8812521265816,60.0,71452.87512759489,13.476384766010117,4763.525008506326,0.01502699999999999,0.00039136939072957524,-0.00039136939072957524,1165.2074924955118,30.577425160533878,-30.577425160533878,69912.4495497307,1834.6455096320392,-1834.6455096320392,1529203.0112,39078.395556338786,-39078.395556338786,4659.5524797940425,4782.991055692522,4539.299584538162,14.061450384667346,14.808777290167352,13.351837430342435,11.828509706,0.059552378042740696,-0.059552378042740696,1.5691469999999998,0.0002821923103133635,-0.0002821923103133635,9.144352939600001,0.038012961565112656,-0.038012961565112656,1.571625,0.00030333562270198764,-0.00030333562270198764,2.684156766,0.02355763273727777,-0.02355763273727777,11.800006849999999,0.0591371381421556,-0.0591371381421556,-3.0353018805683014,3.1303164341621654,3.1303164341621494,-2.738966753617748,3.1303164341621654,-5.691132724805334,,-0.7096580133839411,-0.023578818573735203,-0.7447732263813223,-0.022269376743776343,-0.5898855168563253,-0.7177079476020416,
072_210℃_160_1.5mm.csv,1.5,160,1.487365,0.300232968,1.5019,0.30011577,0.014535,1.77916715,11.76715883,1.56887,9.115102311,1.57131,2.652056522,11.73956199,210,0.014534999999999965,1479051.3800000001,1203.9903680770583,60.0,72239.4220846235,13.16204804589793,4815.961472308233,0.01502699999999999,0.00039136939072957524,-0.00039136939072957524,1165.2074924955118,30.577425160533878,-30.577425160533878,69912.4495497307,1834.6455096320392,-1834.6455096320392,1529203.0112,39078.395556338786,-39078.395556338786,4659.5524797940425,4782.991055692522,4539.299584538162,14.061450384667346,14.808777290167352,13.351837430342435,11.828509706,0.059552378042740696,-0.059552378042740696,1.5691469999999998,0.0002821923103133635,-0.0002821923103133635,9.144352939600001,0.038012961565112656,-0.038012961565112656,1.571625,0.00030333562270198764,-0.00030333562270198764,2.684156766,0.02355763273727777,-0.02355763273727777,11.800006849999999,0.0591371381421556,-0.0591371381421556,-4.0910590564174445,4.265565875473453,4.265565875473443,-3.9619124955669647,4.265565875473453,-7.890887372027171,,-0.6767417490760587,-0.02134838978973265,-0.5051309591704651,-0.02258751069726088,-1.2620796224995174,-0.6753034342669887,
073_210℃_160_1.5mm.csv,1.5,160,1.487075,0.300208371,1.50248,0.300205767,0.015405,1.865704891,11.88137039,1.56942,9.176711285,1.571915,2.704659101,11.85254487,210,0.015405000000000113,1565499.124,1135.9948068808744,60.0,68159.68841285247,14.765212656257251,4543.979227523498,0.01502699999999999,0.00039136939072957524,-0.00039136939072957524,1165.2074924955118,30.577425160533878,-30.577425160533878,69912.4495497307,1834.6455096320392,-1834.6455096320392,1529203.0112,39078.395556338786,-39078.395556338786,4659.5524797940425,4782.991055692522,4539.299584538162,14.061450384667346,14.808777290167352,13.351837430342435,11.828509706,0.059552378042740696,-0.059552378042740696,1.5691469999999998,0.0002821923103133635,-0.0002821923103133635,9.144352939600001,0.038012961565112656,-0.038012961565112656,1.571625,0.00030333562270198764,-0.00030333562270198764,2.684156766,0.02355763273727777,-0.02355763273727777,11.800006849999999,0.0591371381421556,-0.0591371381421556,1.6496205872654768,-1.6228497241160815,-1.6228497241160853,1.6513313140110502,-1.6228497241160815,3.3281926025964146,,0.28728571354305554,0.013701205387446269,0.16735483316919517,0.01590669767411385,0.6963512080154723,0.28060874394559077,
074_210℃_160_1.5mm.csv,1.5,160,1.48712,0.300037239,1.502465,0.300216798,0.015345,1.863728273,11.88342549,1.569405,9.175424054,1.57192,2.708001433,11.85399869,210,0.015344999999999942,1563511.4749999999,1140.4366243075963,60.0,68426.19745845578,14.6890307656377,4561.746497230385,0.01502699999999999,0.00039136939072957524,-0.00039136939072957524,1165.2074924955118,30.577425160533878,-30.577425160533878,69912.4495497307,1834.6455096320392,-1834.6455096320392,1529203.0112,39078.395556338786,-39078.395556338786,4659.5524797940425,4782.991055692522,4539.299584538162,14.061450384667346,14.808777290167352,13.351837430342435,11.828509706,0.059552378042740696,-0.059552378042740696,1.5691469999999998,0.0002821923103133635,-0.0002821923103133635,9.144352939600001,0.038012961565112656,-0.038012961565112656,1.571625,0.00030333562270198764,-0.00030333562270198764,2.684156766,0.02355763273727777,-0.02355763273727777,11.800006849999999,0.0591371381421556,-0.0591371381421556,1.253711646320766,-1.238188334961968,-1.2381883349619784,1.5222688546730123,-1.238188334961968,2.795065362913142,,0.3046322311672635,0.012745307337153398,0.15330420867805192,0.01622483162759839,0.8207885675338623,0.2929090521243969,
075_210℃_160_1.5mm.csv,1.5,160,1.48715,0.300039442,1.502305,0.300041879,0.015155,1.840109386,11.84733469,1.569205,9.161379274,1.571665,2.685955418,11.81937866,210,0.01515500000000003,1540067.5069999998,1154.734411085448,60.0,69284.06466512689,14.289626368521454,4618.937644341792,0.01502699999999999,0.00039136939072957524,-0.00039136939072957524,1165.2074924955118,30.577425160533878,-30.577425160533878,69912.4495497307,1834.6455096320392,-1834.6455096320392,1529203.0112,39078.395556338786,-39078.395556338786,4659.5524797940425,4782.991055692522,4539.299584538162,14.061450384667346,14.808777290167352,13.351837430342435,11.828509706,0.059552378042740696,-0.059552378042740696,1.5691469999999998,0.0002821923103133635,-0.0002821923103133635,9.144352939600001,0.038012961565112656,-0.038012961565112656,1.571625,0.00030333562270198764,-0.00030333562270198764,2.684156766,0.02355763273727777,-0.02355763273727777,11.800006849999999,0.0591371381421556,-0.0591371381421556,0.0,0.0,0.0,0.0,0.0,0.0,,0.0,0.0,0.0,0.0,0.0,0.0,
081_210℃_200_1.5mm.csv,1.5,200,1.4885,0.300216481,1.500785,0.300237249,0.012285,1.628854389,11.75357279,1.563725,9.130851797,1.566125,2.622720993,11.72660685,210,0.012285000000000101,1328617.14,1424.5014245014127,60.0,85470.08547008476,9.993098917285796,5698.005698005651,0.012161,0.0001893541655206558,-0.0001893541655206558,1439.307455209882,22.565089317984818,-22.565089317984818,86358.4473125929,1353.905359079093,-1353.905359079093,1303927.7974,26159.485591637687,-26159.485591637687,5756.666389856117,5847.316856215298,5667.421270129111,9.705888736573197,10.056841053320584,9.367183558661688,11.858656258,0.06967422855165828,-0.06967422855165828,1.5641200000000002,0.0002562225595064451,-0.0002562225595064451,9.238359277,0.06793870143131298,-0.06793870143131298,1.566465,0.00022751373584907963,-0.00022751373584907963,2.6202969816,0.01230290453401848,-0.01230290453401848,11.83283575,0.07020146607840003,-0.07020146607840003,0.8620689655174143,-0.8547008547010376,-0.8547008547010386,2.2199016465042987,-0.8547008547010219,3.1055219692031586,,-0.9115437429365896,-0.03068651487497073,-1.3989721777796371,-0.02425782234975611,0.0397511312871218,-0.9316910866647328,
082_210℃_200_1.5mm.csv,1.5,200,1.488515,0.300229563,1.500395,0.300102911,0.01188,1.564575988,11.86169735,1.564205,9.260402248,1.566505,2.601295103,11.8368901,210,0.01187999999999989,1264473.077,1473.0639730639866,60.0,88383.8383838392,9.197106217199915,5892.2558922559465,0.012161,0.0001893541655206558,-0.0001893541655206558,1439.307455209882,22.565089317984818,-22.565089317984818,86358.4473125929,1353.905359079093,-1353.905359079093,1303927.7974,26159.485591637687,-26159.485591637687,5756.666389856117,5847.316856215298,5667.421270129111,9.705888736573197,10.056841053320584,9.367183558661688,11.858656258,0.06967422855165828,-0.06967422855165828,1.5641200000000002,0.0002562225595064451,-0.0002562225595064451,9.238359277,0.06793870143131298,-0.06793870143131298,1.566465,0.00022751373584907963,-0.00022751373584907963,2.6202969816,0.01230290453401848,-0.01230290453401848,11.83283575,0.07020146607840003,-0.07020146607840003,-2.463054187193654,2.5252525252541322,2.525252525254143,-2.715154219978923,2.5252525252541487,-5.107270029089332,,0.0,0.0,0.0,0.0,-0.7775072462098209,0.0,
083_210℃_200_1.5mm.csv,1.5,200,1.48843,0.300123935,1.50061,0.300263459,0.01218,1.599971477,11.83720158,1.56403,9.215522736,1.56637,2.621678846,11.81142808,210,0.01218000000000008,1299708.018,1436.781609195393,60.0,86206.89655172358,9.692108362800063,5747.126436781571,0.012161,0.0001893541655206558,-0.0001893541655206558,1439.307455209882,22.565089317984818,-22.565089317984818,86358.4473125929,1353.905359079093,-1353.905359079093,1303927.7974,26159.485591637687,-26159.485591637687,5756.666389856117,5847.316856215298,5667.421270129111,9.705888736573197,10.056841053320584,9.367183558661688,11.858656258,0.06967422855165828,-0.06967422855165828,1.5641200000000002,0.0002562225595064451,-0.0002562225595064451,9.238359277,0.06793870143131298,-0.06793870143131298,1.566465,0.00022751373584907963,-0.00022751373584907963,2.6202969816,0.01230290453401848,-0.01230290453401848,11.83283575,0.07020146607840003,-0.07020146607840003,0.0,0.0,0.0,-0.004281316788490656,0.0,0.0,,-0.20651150739400456,-0.011187791881501225,-0.4846389044243991,-0.008617910571622577,0.0,-0.21510734479150978,
084_210℃_200_1.5mm.csv,1.5,200,1.48852,0.30008296,1.50061,0.300258188,0.01209,1.600021853,11.90856957,1.564245,9.288456935,1.566625,2.620112637,11.88202933,210,0.012089999999999934,1299763.6650000003,1447.4772539288747,60.0,86848.63523573248,9.620903699908114,5789.909015715499,0.012161,0.0001893541655206558,-0.0001893541655206558,1439.307455209882,22.565089317984818,-22.565089317984818,86358.4473125929,1353.905359079093,-1353.905359079093,1303927.7974,26159.485591637687,-26159.485591637687,5756.666389856117,5847.316856215298,5667.421270129111,9.705888736573197,10.056841053320584,9.367183558661688,11.858656258,0.06967422855165828,-0.06967422855165828,1.5641200000000002,0.0002562225595064451,-0.0002562225595064451,9.238359277,0.06793870143131298,-0.06793870143131298,1.566465,0.00022751373584907963,-0.00022751373584907963,2.6202969816,0.01230290453401848,-0.01230290453401848,11.83283575,0.07020146607840003,-0.07020146607840003,-0.7389162561588254,0.7444168734503301,0.7444168734503313,0.0,0.7444168734503461,-0.7346663927659393,,0.39515609458707973,0.0025572095729165935,0.30295322221081916,0.0076603649525471005,-0.059740688772370314,0.3813436605278628,
085_210℃_200_1.5mm.csv,1.5,200,1.488405,0.300039599,1.500775,0.300205271,0.01237,1.627282358,11.93224,1.564395,9.296562669,1.5667,2.635677329,11.90722439,210,0.012369999999999992,1327077.0869999998,1414.7130153597423,60.0,84882.78092158453,10.050577693585707,5658.852061438969,0.012161,0.0001893541655206558,-0.0001893541655206558,1439.307455209882,22.565089317984818,-22.565089317984818,86358.4473125929,1353.905359079093,-1353.905359079093,1303927.7974,26159.485591637687,-26159.485591637687,5756.666389856117,5847.316856215298,5667.421270129111,9.705888736573197,10.056841053320584,9.367183558661688,11.858656258,0.06967422855165828,-0.06967422855165828,1.5641200000000002,0.0002562225595064451,-0.0002562225595064451,9.238359277,0.06793870143131298,-0.06793870143131298,1.566465,0.00022751373584907963,-0.00022751373584907963,2.6202969816,0.01230290453401848,-0.01230290453401848,11.83283575,0.07020146607840003,-0.07020146607840003,1.5599343185542793,-1.5359741309613018,-1.5359741309613009,2.1014144906104564,-1.5359741309612862,3.6985691592296788,,0.5947095758601542,0.012146745471336075,0.39048434432542745,0.012448093047896127,0.5339510986007304,0.5941956832056751,
091_210℃_240_1.5mm.csv,1.5,240,1.48925,0.300253915,1.49974,0.300065764,0.01049,1.455593313,11.84285655,1.56151,9.244968343,1.563745,2.597888202,11.81821549,210,0.01049000000000011,1155527.549,1668.25548141085,60.0,100095.328884651,7.421316727965386,6673.021925643399,0.01065700000000005,0.00017676255259532934,-0.00017676255259532934,1642.4750247812385,27.27140983234299,-27.27140983234299,98548.5014868743,1636.2845899405777,-1636.2845899405777,1165648.9014,18994.860363079413,-18994.860363079413,6569.176087880609,6679.108626696761,6461.0529466601565,7.603858164165907,7.854570502020719,7.361148386901322,11.882142516,0.039040013517360084,-0.039040013517360084,1.561666,0.00013064264234930942,-0.00013064264234930942,9.2712463262,0.029939657424490836,-0.029939657424490836,1.5638859999999999,0.00012551892287626727,-0.00012551892287626727,2.6108961872000003,0.013070229047312126,-0.013070229047312126,11.857859379999999,0.03916493475798257,-0.03916493475798257,-1.686972820992012,1.7159199237354175,1.715919923735418,-0.4706292793190667,1.7159199237354035,-2.149662712281314,,-0.2519198053117531,-0.008004431253151522,-0.2849325044581861,-0.006714198932124037,-0.334613008211902,-0.2561248231072285,
092_210℃_240_1.5mm.csv,1.5,240,1.4891,0.300233873,1.49977,0.300003061,0.01067,1.460994576,11.88500605,1.561735,9.278395788,1.563955,2.606610259,11.86076211,210,0.010669999999999957,1160991.5150000001,1640.1124648547395,60.0,98406.74789128437,7.584354774520378,6560.449859418958,0.01065700000000005,0.00017676255259532934,-0.00017676255259532934,1642.4750247812385,27.27140983234299,-27.27140983234299,98548.5014868743,1636.2845899405777,-1636.2845899405777,1165648.9014,18994.860363079413,-18994.860363079413,6569.176087880609,6679.108626696761,6461.0529466601565,7.603858164165907,7.854570502020719,7.361148386901322,11.882142516,0.039040013517360084,-0.039040013517360084,1.561666,0.00013064264234930942,-0.00013064264234930942,9.2712463262,0.029939657424490836,-0.029939657424490836,1.5638859999999999,0.00012551892287626727,-0.00012551892287626727,2.6108961872000003,0.013070229047312126,-0.013070229047312126,11.857859379999999,0.03916493475798257,-0.03916493475798257,0.0,0.0,0.0,0.0,0.0,0.0,,0.10309012733544318,0.0064035450025126854,0.07561171924402248,0.006714198932124037,0.0,0.10296194071676089,
093_210℃_240_1.5mm.csv,1.5,240,1.4892,0.300215629,1.499665,0.300239648,0.010465,1.442812902,11.8727664,1.561635,9.271385534,1.56385,2.601380861,11.8485626,210,0.010464999999999947,1142573.254,1672.2408026755938,60.0,100334.44816053563,7.320630063128534,6688.963210702374,0.01065700000000005,0.00017676255259532934,-0.00017676255259532934,1642.4750247812385,27.27140983234299,-27.27140983234299,98548.5014868743,1636.2845899405777,-1636.2845899405777,1165648.9014,18994.860363079413,-18994.860363079413,6569.176087880609,6679.108626696761,6461.0529466601565,7.603858164165907,7.854570502020719,7.361148386901322,11.882142516,0.039040013517360084,-0.039040013517360084,1.561666,0.00013064264234930942,-0.00013064264234930942,9.2712463262,0.029939657424490836,-0.029939657424490836,1.5638859999999999,0.00012551892287626727,-0.00012551892287626727,2.6108961872000003,0.013070229047312126,-0.013070229047312126,11.857859379999999,0.03916493475798257,-0.03916493475798257,-1.921274601687081,1.958910654562938,1.958910654562941,-1.5864251169828893,1.9589106545629242,-3.477220135822582,,0.0,0.0,0.0,0.0,-0.2006206329444204,0.0,
094_210℃_240_1.5mm.csv,1.5,240,1.489055,0.300028752,1.499875,0.300101537,0.01082,1.478756353,11.86376081,1.5616,9.244247362,1.563815,2.619513449,11.83959077,210,0.010820000000000052,1178654.816,1617.3752310535967,60.0,97042.5138632158,7.807986801502079,6469.500924214387,0.01065700000000005,0.00017676255259532934,-0.00017676255259532934,1642.4750247812385,27.27140983234299,-27.27140983234299,98548.5014868743,1636.2845899405777,-1636.2845899405777,1165648.9014,18994.860363079413,-18994.860363079413,6569.176087880609,6679.108626696761,6461.0529466601565,7.603858164165907,7.854570502020719,7.361148386901322,11.882142516,0.039040013517360084,-0.039040013517360084,1.561666,0.00013064264234930942,-0.00013064264234930942,9.2712463262,0.029939657424490836,-0.029939657424490836,1.5638859999999999,0.00012551892287626727,-0.00012551892287626727,2.6108961872000003,0.013070229047312126,-0.013070229047312126,11.857859379999999,0.03916493475798257,-0.03916493475798257,1.405810684162091,-1.3863216266182434,-1.386321626618236,1.5213979406214675,-1.3863216266182434,2.9485965995814434,,-0.07585081434769264,-0.002241240750880151,-0.2927089149780231,-0.002238066310708012,0.4950180010781521,-0.07572083047440814,
095_210℃_240_1.5mm.csv,1.5,240,1.489105,0.300025958,1.499945,0.300270254,0.01084,1.490767627,11.94632277,1.56185,9.317234604,1.564065,2.629088165,11.92216593,210,0.010840000000000183,1190497.3730000001,1614.391143911412,60.0,96863.46863468472,7.901015218359317,6457.564575645649,0.01065700000000005,0.00017676255259532934,-0.00017676255259532934,1642.4750247812385,27.27140983234299,-27.27140983234299,98548.5014868743,1636.2845899405777,-1636.2845899405777,1165648.9014,18994.860363079413,-18994.860363079413,6569.176087880609,6679.108626696761,6461.0529466601565,7.603858164165907,7.854570502020719,7.361148386901322,11.882142516,0.039040013517360084,-0.039040013517360084,1.561666,0.00013064264234930942,-0.00013064264234930942,9.2712463262,0.029939657424490836,-0.029939657424490836,1.5638859999999999,0.00012551892287626727,-0.00012551892287626727,2.6108961872000003,0.013070229047312126,-0.013070229047312126,11.857859379999999,0.03916493475798257,-0.03916493475798257,1.5932521087181462,-1.5682656826588794,-1.568265682658876,2.5414361447766485,-1.5682656826588655,4.1751797384631795,,0.6195385938023709,0.013767621755394454,0.4945223109519238,0.013748121622922676,0.8623424204822872,0.6212004990377564,
021_230℃_010_1.5mm.csv,1.5,10,1.298105,0.300005303,1.53902,0.300012043,0.240915,1.784945135,14.42198795,2.70342,11.46833906,2.705015,2.953648892,14.41877665,230,0.240915,1484933.0920000002,72.63972770479215,60.0,4358.383662287529,219.02611583215102,290.5589108191686,0.24478,0.005612468262716478,-0.005612468262716478,71.52247361797293,1.6195859483572868,-1.6195859483572868,4291.348417078376,97.17515690143696,-97.17515690143696,1510289.554,32650.83667365982,-32650.83667365982,286.0307260928899,292.6235163159853,279.586471037005,226.25082293989135,236.4784335519795,216.46555295591597,14.468965438000001,0.09247951593377132,-0.09247951593377132,2.711756,0.008662151435988693,-0.008662151435988693,11.508234984000001,0.06665187571634339,-0.06665187571634339,2.713301,0.008621871461579663,-0.008621871461579663,2.9607304534,0.028604947842766085,-0.028604947842766085,14.465951645999999,0.09259015878740252,-0.09259015878740252,-0.7784024216964923,0.7845090592118357,0.7845090592118357,-1.304172586935654,0.7845090592118357,-2.0724232976323607,,-0.032383448870121456,-0.23544173001697738,-0.1587435138673701,-0.23291152312702065,0.0,-0.03267503325181522,
022_230℃_010_1.5mm.csv,1.5,10,1.297195,0.300002892,1.54476,0.300007227,0.247565,1.823046752,14.4894081,2.7098,11.50755146,2.71133,2.981856633,14.48643341,230,0.2475649999999998,1523039.525,70.6885060489165,60.0,4241.31036293499,230.84772245303554,282.754024195666,0.24478,0.005612468262716478,-0.005612468262716478,71.52247361797293,1.6195859483572868,-1.6195859483572868,4291.348417078376,97.17515690143696,-97.17515690143696,1510289.554,32650.83667365982,-32650.83667365982,286.0307260928899,292.6235163159853,279.586471037005,226.25082293989135,236.4784335519795,216.46555295591597,14.468965438000001,0.09247951593377132,-0.09247951593377132,2.711756,0.008662151435988693,-0.008662151435988693,11.508234984000001,0.06665187571634339,-0.06665187571634339,2.713301,0.008621871461579663,-0.008621871461579663,2.9607304534,0.028604947842766085,-0.028604947842766085,14.465951645999999,0.09259015878740252,-0.09259015878740252,1.9604209139019586,-1.9227273645303875,-1.922727364530377,1.2285650528660137,-1.9227273645303875,3.2130710130052393,,0.43494683363921055,0.0,0.18263244871572892,0.0,0.9550133421884093,0.4363984171034415,
023_230℃_010_1.5mm.csv,1.5,10,1.29915,0.30000031,1.538575,0.300018322,0.239425,1.779119235,14.4266598,2.70817,11.48657325,2.709755,2.940086545,14.42348953,230,0.239425,1479100.913,73.09178239532213,60.0,4385.506943719328,216.81657311940305,292.36712958128857,0.24478,0.005612468262716478,-0.005612468262716478,71.52247361797293,1.6195859483572868,-1.6195859483572868,4291.348417078376,97.17515690143696,-97.17515690143696,1510289.554,32650.83667365982,-32650.83667365982,286.0307260928899,292.6235163159853,279.586471037005,226.25082293989135,236.4784335519795,216.46555295591597,14.468965438000001,0.09247951593377132,-0.09247951593377132,2.711756,0.008662151435988693,-0.008662151435988693,11.508234984000001,0.06665187571634339,-0.06665187571634339,2.713301,0.008621871461579663,-0.008621871461579663,2.9607304534,0.028604947842766085,-0.028604947842766085,14.465951645999999,0.09259015878740252,-0.09259015878740252,-1.392063590123827,1.4117155685497276,1.4117155685497393,-1.691807380130849,1.4117155685497473,-3.0603199357008655,,0.0,-0.06015204074101485,0.0,-0.05808957227633236,-0.4591726198985095,0.0,
024_230℃_010_1.5mm.csv,1.5,10,1.296425,0.300001687,1.549615,0.300005234,0.25319,1.859824387,14.62048773,2.726365,11.62233607,2.72785,2.99815166,14.61768841,230,0.25319,1559819.153,69.11805363560961,60.0,4147.083218136577,241.79425184575715,276.47221454243845,0.24478,0.005612468262716478,-0.005612468262716478,71.52247361797293,1.6195859483572868,-1.6195859483572868,4291.348417078376,97.17515690143696,-97.17515690143696,1510289.554,32650.83667365982,-32650.83667365982,286.0307260928899,292.6235163159853,279.586471037005,226.25082293989135,236.4784335519795,216.46555295591597,14.468965438000001,0.09247951593377132,-0.09247951593377132,2.711756,0.008662151435988693,-0.008662151435988693,11.508234984000001,0.06665187571634339,-0.06665187571634339,2.713301,0.008621871461579663,-0.008621871461579663,2.9607304534,0.028604947842766085,-0.028604947842766085,14.465951645999999,0.09259015878740252,-0.09259015878740252,4.277094787998542,-4.10166278289026,-4.101662782890254,3.6731168222091077,-4.10166278289026,8.10731429836743,,1.3435398954926574,0.6112997269171134,1.181926211109132,0.6092950692095876,1.5067047447831887,1.346407050776984,
025_230℃_010_1.5mm.csv,1.5,10,1.298655,0.300011528,1.54146,0.300008913,0.242805,1.804564,14.38628361,2.711025,11.45637508,2.712555,2.929908537,14.38337023,230,0.24280500000000016,1504555.087,72.0742983052243,60.0,4324.457898313458,223.66132524430733,288.2971932208972,0.24478,0.005612468262716478,-0.005612468262716478,71.52247361797293,1.6195859483572868,-1.6195859483572868,4291.348417078376,97.17515690143696,-97.17515690143696,1510289.554,32650.83667365982,-32650.83667365982,286.0307260928899,292.6235163159853,279.586471037005,226.25082293989135,236.4784335519795,216.46555295591597,14.468965438000001,0.09247951593377132,-0.09247951593377132,2.711756,0.008662151435988693,-0.008662151435988693,11.508234984000001,0.06665187571634339,-0.06665187571634339,2.713301,0.008621871461579663,-0.008621871461579663,2.9607304534,0.028604947842766085,-0.028604947842766085,14.465951645999999,0.09259015878740252,-0.09259015878740252,0.0,0.0,0.0,0.0,0.0,0.0,,-0.2798720601978839,0.04520628828695142,-0.2628997294732654,0.045180778437160125,-0.8037636113182175,-0.2781525227758033,
031_230℃_020_1.5mm.csv,1.5,20,1.401395,0.300022731,1.5225,0.300031541,0.121105,1.815542852,12.39202176,2.06116,9.716371047,2.06252,2.675650714,12.38830696,230,0.12110500000000002,1515511.311,144.50270426489408,60.0,8670.162255893645,112.36897795019694,578.0108170595764,0.11960700000000002,0.0014049048010453349,-0.0014049048010453349,146.32880624209355,1.7346576734427925,-1.7346576734427925,8779.728374525614,104.07946040656766,-104.07946040656766,1499898.0134,17111.23362789384,-17111.23362789384,585.2825252364023,592.229885903961,578.4166630230657,109.82383306991954,112.40205520839918,107.30474890167561,12.454271561999999,0.08001729395308095,-0.08001729395308095,2.064293,0.0038530679334784746,-0.0038530679334784746,9.7905604014,0.07568646867725813,-0.07568646867725813,2.065647,0.00382945753338497,-0.00382945753338497,2.66371116,0.013522872735614718,-0.013522872735614718,12.45057617,0.08014488062660761,-0.08014488062660761,0.908219805857444,-0.9000454151354704,-0.9000454151354589,0.818638440140413,-0.9000454151354509,1.7342932824495556,,-0.2320243828510944,-0.07805038855518982,-0.40862582305348255,-0.07848304863042016,0.26146623840714295,-0.23156880682152414,
032_230℃_020_1.5mm.csv,1.5,20,1.402025,0.300012661,1.51934,0.300019244,0.117315,1.770709962,12.38414916,2.060805,9.743568549,2.06218,2.640580608,12.3803444,230,0.11731499999999984,1470690.7179999999,149.17103524698481,60.0,8950.262114819088,105.63311117275701,596.6841409879393,0.11960700000000002,0.0014049048010453349,-0.0014049048010453349,146.32880624209355,1.7346576734427925,-1.7346576734427925,8779.728374525614,104.07946040656766,-104.07946040656766,1499898.0134,17111.23362789384,-17111.23362789384,585.2825252364023,592.229885903961,578.4166630230657,109.82383306991954,112.40205520839918,107.30474890167561,12.454271561999999,0.08001729395308095,-0.08001729395308095,2.064293,0.0038530679334784746,-0.0038530679334784746,9.7905604014,0.07568646867725813,-0.07568646867725813,2.065647,0.00382945753338497,-0.00382945753338497,2.66371116,0.013522872735614718,-0.013522872735614718,12.45057617,0.08014488062660761,-0.08014488062660761,-2.2497187851521594,2.3014959723823623,2.3014959723823627,-2.163029283182636,2.3014959723823623,-4.364085992222672,,-0.295406563745815,-0.09526025683909367,-0.12985542768076203,-0.09495479957754618,-1.052673993088097,-0.29569477028420893,
033_230℃_020_1.5mm.csv,1.5,20,1.401625,0.300001616,1.52164,0.300028726,0.120015,1.803234219,12.42084114,2.06277,9.756237553,2.06414,2.664603586,12.417061,230,0.1200150000000002,1503205.4929999998,145.81510644502745,60.0,8748.906386701647,110.4533921892216,583.2604257801098,0.11960700000000002,0.0014049048010453349,-0.0014049048010453349,146.32880624209355,1.7346576734427925,-1.7346576734427925,8779.728374525614,104.07946040656766,-104.07946040656766,1499898.0134,17111.23362789384,-17111.23362789384,585.2825252364023,592.229885903961,578.4166630230657,109.82383306991954,112.40205520839918,107.30474890167561,12.454271561999999,0.08001729395308095,-0.08001729395308095,2.064293,0.0038530679334784746,-0.0038530679334784746,9.7905604014,0.07568646867725813,-0.07568646867725813,2.065647,0.00382945753338497,-0.00382945753338497,2.66371116,0.013522872735614718,-0.013522872735614718,12.45057617,0.08014488062660761,-0.08014488062660761,0.0,0.0,0.0,0.0,0.0,0.0,,0.0,0.0,0.0,0.0,-0.1524896061311507,0.0,
034_230℃_020_1.5mm.csv,1.5,20,1.401715,0.300036811,1.521795,0.300011688,0.12008,1.807343206,12.50589963,2.067385,9.837226595,2.068755,2.668673035,12.50212869,230,0.12007999999999996,1507331.518,145.73617588274487,60.0,8744.170552964693,110.81655225394282,582.9447035309796,0.11960700000000002,0.0014049048010453349,-0.0014049048010453349,146.32880624209355,1.7346576734427925,-1.7346576734427925,8779.728374525614,104.07946040656766,-104.07946040656766,1499898.0134,17111.23362789384,-17111.23362789384,585.2825252364023,592.229885903961,578.4166630230657,109.82383306991954,112.40205520839918,107.30474890167561,12.454271561999999,0.08001729395308095,-0.08001729395308095,2.064293,0.0038530679334784746,-0.0038530679334784746,9.7905604014,0.07568646867725813,-0.07568646867725813,2.065647,0.00382945753338497,-0.00382945753338497,2.66371116,0.013522872735614718,-0.013522872735614718,12.45057617,0.08014488062660761,-0.08014488062660761,0.0541598966793814,-0.054130579613393,-0.05413057961337611,0.2744817670780119,-0.0541305796133735,0.3287903227988431,,0.6848045880409654,0.2237282876908145,0.8301257688738504,0.22357979594406452,0.0,0.685087155487107,
035_230℃_020_1.5mm.csv,1.5,20,1.40183,0.300023571,1.52135,0.300029086,0.11952,1.802780113,12.56844612,2.069345,9.899398263,2.07064,2.669047857,12.5650398,230,0.11952000000000007,1502751.027,146.41900937081653,60.0,8785.140562248991,109.96457311043272,585.6760374832661,0.11960700000000002,0.0014049048010453349,-0.0014049048010453349,146.32880624209355,1.7346576734427925,-1.7346576734427925,8779.728374525614,104.07946040656766,-104.07946040656766,1499898.0134,17111.23362789384,-17111.23362789384,585.2825252364023,592.229885903961,578.4166630230657,109.82383306991954,112.40205520839918,107.30474890167561,12.454271561999999,0.08001729395308095,-0.08001729395308095,2.064293,0.0038530679334784746,-0.0038530679334784746,9.7905604014,0.07568646867725813,-0.07568646867725813,2.065647,0.00382945753338497,-0.00382945753338497,2.66371116,0.013522872735614718,-0.013522872735614718,12.45057617,0.08014488062660761,-0.08014488062660761,-0.41244844394461805,0.41415662650614615,0.4141566265061475,-0.03023312528567125,0.41415662650614615,-0.442556873175489,,1.1883654121028437,0.3187461520188979,1.4673762218507973,0.3149011210479885,0.014045257515030924,1.191737722799291,
041_230℃_040_1.5mm.csv,1.5,40,1.457475,0.300054012,1.515255,0.300098687,0.05778,1.967968625,11.43428836,1.761435,8.89044404,1.76271,2.543844315,11.42858957,230,0.05777999999999994,1667869.9379999998,302.8729664243686,60.0,18172.377985462117,59.00175001079993,1211.4918656974744,0.05762200000000002,0.00038804961023046513,-0.00038804961023046513,303.7144732227943,2.046742694982532,-2.046742694982532,18222.86839336766,122.80456169895247,-122.80456169895247,1669368.7602,8889.645548297265,-8889.645548297265,1214.835834387624,1223.0474617463262,1206.6793404771215,58.89154946876135,59.58190423072302,58.2091936068603,11.556025794,0.08688993394700313,-0.08688993394700313,1.764288,0.002006270171238061,-0.002006270171238061,9.0037929004,0.08005798871634726,-0.08005798871634726,1.765553,0.00199810410139208,-0.00199810410139208,2.5522328932000002,0.009935031660983702,-0.009935031660983702,11.55038027,0.08693771442550173,-0.08693771442550173,0.3386298515237392,-0.33748701972992,-0.33748701972991124,0.0,-0.33748701972992,0.0,,-1.2832298760073937,-0.19491465401231747,-1.4423316187113013,-0.19505649277667705,-0.4958759411797597,-1.2833222148627765,
042_230℃_040_1.5mm.csv,1.5,40,1.457945,0.300111581,1.51502,0.300034947,0.057075,1.959278825,11.51355528,1.763355,8.973882064,1.76461,2.539673213,11.50799568,230,0.05707499999999999,1659243.8779999998,306.6141042487955,60.0,18396.846254927732,57.98041490011222,1226.456416995182,0.05762200000000002,0.00038804961023046513,-0.00038804961023046513,303.7144732227943,2.046742694982532,-2.046742694982532,18222.86839336766,122.80456169895247,-122.80456169895247,1669368.7602,8889.645548297265,-8889.645548297265,1214.835834387624,1223.0474617463262,1206.6793404771215,58.89154946876135,59.58190423072302,58.2091936068603,11.556025794,0.08688993394700313,-0.08688993394700313,1.764288,0.002006270171238061,-0.002006270171238061,9.0037929004,0.08005798871634726,-0.08005798871634726,1.765553,0.00199810410139208,-0.00199810410139208,2.5522328932000002,0.009935031660983702,-0.009935031660983702,11.55038027,0.08693771442550173,-0.08693771442550173,-0.8856473039854311,0.8935611038107878,0.8935611038107965,-0.5171902079093685,0.8935611038107878,-1.7310251145106017,,-0.5988869528876084,-0.08612507967986208,-0.5173545238909674,-0.08747816584614078,-0.6590313074192169,-0.5974364083046503,
043_230℃_040_1.5mm.csv,1.5,40,1.457635,0.300059811,1.515165,0.300013725,0.05753,1.9635013,11.66606423,1.76679,9.109542742,1.76803,2.55652149,11.660595,230,0.05753000000000008,1663487.575,304.18911872066707,60.0,18251.347123240022,58.592106238622534,1216.7564748826683,0.05762200000000002,0.00038804961023046513,-0.00038804961023046513,303.7144732227943,2.046742694982532,-2.046742694982532,18222.86839336766,122.80456169895247,-122.80456169895247,1669368.7602,8889.645548297265,-8889.645548297265,1214.835834387624,1223.0474617463262,1206.6793404771215,58.89154946876135,59.58190423072302,58.2091936068603,11.556025794,0.08688993394700313,-0.08688993394700313,1.764288,0.002006270171238061,-0.002006270171238061,9.0037929004,0.08005798871634726,-0.08005798871634726,1.765553,0.00199810410139208,-0.00199810410139208,2.5522328932000002,0.009935031660983702,-0.009935031660983702,11.55038027,0.08693771442550173,-0.08693771442550173,-0.09551098376298729,0.09560229445492192,0.0956022944549157,-0.26275208277061085,0.09560229445492192,-0.6942908847659836,,0.717783615931372,0.10850626814930865,0.9865523737340084,0.106162822628822,0.0,0.7206700658498036,
044_230℃_040_1.5mm.csv,1.5,40,1.457875,0.30004573,1.51546,0.300056915,0.057585,1.974747044,11.5829239,1.764875,9.024545367,1.766155,2.558378533,11.57716186,230,0.057585,1674690.129,303.898584700877,60.0,18233.91508205262,59.04308025212143,1215.594338803508,0.05762200000000002,0.00038804961023046513,-0.00038804961023046513,303.7144732227943,2.046742694982532,-2.046742694982532,18222.86839336766,122.80456169895247,-122.80456169895247,1669368.7602,8889.645548297265,-8889.645548297265,1214.835834387624,1223.0474617463262,1206.6793404771215,58.89154946876135,59.58190423072302,58.2091936068603,11.556025794,0.08688993394700313,-0.08688993394700313,1.764288,0.002006270171238061,-0.002006270171238061,9.0037929004,0.08005798871634726,-0.08005798871634726,1.765553,0.00199810410139208,-0.00199810410139208,2.5522328932000002,0.009935031660983702,-0.009935031660983702,11.55038027,0.08693771442550173,-0.08693771442550173,0.0,0.0,0.0,0.4089162376880798,0.0,0.0700491787344124,,0.0,0.0,0.0442886284318025,0.0,0.07263944415346105,0.0,
045_230℃_040_1.5mm.csv,1.5,40,1.45753,0.300003149,1.51567,0.300036011,0.05814,1.981588292,11.5832972,1.764985,9.020550289,1.76626,2.562746915,11.57755924,230,0.05814000000000008,1681552.2810000002,300.99759201926344,60.0,18059.855521155805,59.85639772490214,1203.9903680770537,0.05762200000000002,0.00038804961023046513,-0.00038804961023046513,303.7144732227943,2.046742694982532,-2.046742694982532,18222.86839336766,122.80456169895247,-122.80456169895247,1669368.7602,8889.645548297265,-8889.645548297265,1214.835834387624,1223.0474617463262,1206.6793404771215,58.89154946876135,59.58190423072302,58.2091936068603,11.556025794,0.08688993394700313,-0.08688993394700313,1.764288,0.002006270171238061,-0.002006270171238061,9.0037929004,0.08005798871634726,-0.08005798871634726,1.765553,0.00199810410139208,-0.00199810410139208,2.5522328932000002,0.009935031660983702,-0.009935031660983702,11.55038027,0.08693771442550173,-0.08693771442550173,0.9637926543372114,-0.9545923632612388,-0.9545923632612425,0.820348319030638,-0.9545923632612388,1.4485124830123992,,0.0032228477301805268,0.0062327360294669315,0.0,0.0059451180672150375,0.24351154583878676,0.003432447475507642,
051_230℃_080_1.5mm.csv,1.5,80,1.47919,0.300014794,1.50854,0.300132825,0.02935,2.114439042,12.1849887,1.634415,9.565413816,1.63588,2.619574882,12.17349992,230,0.029349999999999987,1814306.217,596.2521294718912,60.0,35775.12776831347,32.6019719197653,2385.0085178875647,0.02916799999999995,0.000291238733687717,-0.000291238733687717,600.0201758199579,5.959488934847572,-5.959488934847572,36001.21054919747,357.569336090855,-357.569336090855,1804323.6283999998,16156.448670365,-16156.448670365,2399.985663136411,2424.0056789689593,2376.2036670270018,32.219224228049534,32.82020482412458,31.629248367587625,12.301507238,0.08199265807446916,-0.08199265807446916,1.635691,0.0008833416666274529,-0.0008833416666274529,9.6826110266,0.08565246640693765,-0.08565246640693765,1.63715,0.0008819580488889386,-0.0008819580488889386,2.6188962124,0.007227710963348051,-0.007227710963348051,12.290046862,0.08198424220136795,-0.08198424220136795,1.1023079572859085,-1.0902896081775186,-1.0902896081775335,0.5833177663400358,-1.090289608177537,1.9730699979991686,,-0.9291192095703658,-0.07581060798274268,-1.2225389997394385,-0.07482721022781261,0.15727385344806707,-0.9312089626085306,
052_230℃_080_1.5mm.csv,1.5,80,1.479115,0.300072051,1.508705,0.300115477,0.02959,2.125336531,12.27048522,1.63542,9.639334922,1.636875,2.6311503,12.25906804,230,0.029590000000000005,1825221.0539999998,591.4160189253125,60.0,35484.96113551875,33.06630060481225,2365.66407570125,0.02916799999999995,0.000291238733687717,-0.000291238733687717,600.0201758199579,5.959488934847572,-5.959488934847572,36001.21054919747,357.569336090855,-357.569336090855,1804323.6283999998,16156.448670365,-16156.448670365,2399.985663136411,2424.0056789689593,2376.2036670270018,32.219224228049534,32.82020482412458,31.629248367587625,12.301507238,0.08199265807446916,-0.08199265807446916,1.635691,0.0008833416666274529,-0.0008833416666274529,9.6826110266,0.08565246640693765,-0.08565246640693765,1.63715,0.0008819580488889386,-0.0008819580488889386,2.6188962124,0.007227710963348051,-0.007227710963348051,12.290046862,0.08198424220136795,-0.08198424220136795,1.9290389252501483,-1.8925312605613913,-1.8925312605614,1.1884253871219956,-1.8925312605614097,3.4254061210686375,,-0.23398392881983565,-0.014367332964468986,-0.45919103534739275,-0.014049190491749304,0.5998503640721652,-0.23484963657646762,
053_230℃_080_1.5mm.csv,1.5,80,1.479235,0.300009489,1.508265,0.300000373,0.02903,2.094011365,12.29926352,1.635655,9.683802073,1.637105,2.615461445,12.28792619,230,0.02902999999999989,1794010.992,602.8246641405466,60.0,36169.4798484328,31.88579944760804,2411.298656562187,0.02916799999999995,0.000291238733687717,-0.000291238733687717,600.0201758199579,5.959488934847572,-5.959488934847572,36001.21054919747,357.569336090855,-357.569336090855,1804323.6283999998,16156.448670365,-16156.448670365,2399.985663136411,2424.0056789689593,2376.2036670270018,32.219224228049534,32.82020482412458,31.629248367587625,12.301507238,0.08199265807446916,-0.08199265807446916,1.635691,0.0008833416666274529,-0.0008833416666274529,9.6826110266,0.08565246640693765,-0.08565246640693765,1.63715,0.0008819580488889386,-0.0008819580488889386,2.6188962124,0.007227710963348051,-0.007227710963348051,12.290046862,0.08198424220136795,-0.08198424220136795,0.0,0.0,0.0,-0.5418291610015875,0.0,-0.2669879289772277,,0.0,0.0,0.0,0.0,0.0,0.0,
054_230℃_080_1.5mm.csv,1.5,80,1.479205,0.300015623,1.508125,0.300118804,0.02892,2.084414261,12.40016437,1.63677,9.785170859,1.638225,2.614993514,12.38875796,230,0.028919999999999835,1784295.457,605.117565698482,60.0,36307.053941908925,31.592953846799812,2420.470262793928,0.02916799999999995,0.000291238733687717,-0.000291238733687717,600.0201758199579,5.959488934847572,-5.959488934847572,36001.21054919747,357.569336090855,-357.569336090855,1804323.6283999998,16156.448670365,-16156.448670365,2399.985663136411,2424.0056789689593,2376.2036670270018,32.219224228049534,32.82020482412458,31.629248367587625,12.301507238,0.08199265807446916,-0.08199265807446916,1.635691,0.0008833416666274529,-0.0008833416666274529,9.6826110266,0.08565246640693765,-0.08565246640693765,1.63715,0.0008819580488889386,-0.0008819580488889386,2.6188962124,0.007227710963348051,-0.007227710963348051,12.290046862,0.08198424220136795,-0.08198424220136795,-0.37891836031710274,0.38035961272495034,0.3803596127249478,-1.080448681244908,0.38035961272493135,-1.1829559883116743,,0.8203812353148148,0.06816840959737702,1.046787049506439,0.0684134493511418,-0.017890953846585914,0.8205759738535604,
055_230℃_080_1.5mm.csv,1.5,80,1.479445,0.300045044,1.508395,0.300038253,0.02895,2.103822675,12.35263438,1.636195,9.739333463,1.637665,2.613300921,12.3409822,230,0.02895000000000003,1803784.422,604.4905008635573,60.0,36269.43005181343,31.971158581775548,2417.962003454229,0.02916799999999995,0.000291238733687717,-0.000291238733687717,600.0201758199579,5.959488934847572,-5.959488934847572,36001.21054919747,357.569336090855,-357.569336090855,1804323.6283999998,16156.448670365,-16156.448670365,2399.985663136411,2424.0056789689593,2376.2036670270018,32.219224228049534,32.82020482412458,31.629248367587625,12.301507238,0.08199265807446916,-0.08199265807446916,1.635691,0.0008833416666274529,-0.0008833416666274529,9.6826110266,0.08565246640693765,-0.08565246640693765,1.63715,0.0008819580488889386,-0.0008819580488889386,2.6188962124,0.007227710963348051,-0.007227710963348051,12.290046862,0.08198424220136795,-0.08198424220136795,-0.27557698932090346,0.2763385146799976,0.2763385146799825,0.0,0.27633851467997866,0.0,,0.4339354133945684,0.033014297024738404,0.573446148334952,0.03420672467556411,-0.08260584395654201,0.4317735082358826,
061_230℃_120_1.5mm.csv,1.5,120,1.484535,0.300040149,1.50378,0.300037854,0.019245,1.918600647,11.03066572,1.583445,8.542017886,1.585605,2.48864783,11.00789542,230,0.019244999999999957,1618562.793,909.3270979475209,60.0,54559.625876851256,19.070963847725466,3637.3083917900835,0.01922899999999994,0.000267076767990071,-0.000267076767990071,910.2259198554917,12.797745570857893,-12.797745570857893,54613.555191329506,767.8647342514748,-767.8647342514748,1619115.4152000002,24762.622597365153,-24762.622597365153,3640.6181260612943,3691.8510390386355,3590.096187428364,19.058328421221823,19.61855114967096,18.51410328113059,11.223214738,0.1590455538372139,-0.1590455538372139,1.584836,0.0011520818113310487,-0.0011520818113310487,8.721399547599999,0.14595798610060326,-0.14595798610060326,1.586956,0.0011265456049358513,-0.0011265456049358513,2.5018151898,0.01731857081722951,-0.01731857081722951,11.201113196,0.15943003649278478,-0.15943003649278478,-0.2591344908012716,0.25980774227127135,0.25980774227127634,-0.6393270851291671,0.25980774227127135,-0.8968048589438565,,-1.763908961283009,-0.08928233408628801,-2.3290431646707006,-0.08695734364219944,-0.42361455401748643,-1.7722497944282778,
062_230℃_120_1.5mm.csv,1.5,120,1.48464,0.300142175,1.503955,0.300007006,0.019315,1.938496657,11.11248728,1.58406,8.613252326,1.586185,2.499234953,11.09042789,230,0.01931499999999997,1638489.651,906.0315816722768,60.0,54361.894900336614,19.37597608718262,3624.1263266891074,0.01922899999999994,0.000267076767990071,-0.000267076767990071,910.2259198554917,12.797745570857893,-12.797745570857893,54613.555191329506,767.8647342514748,-767.8647342514748,1619115.4152000002,24762.622597365153,-24762.622597365153,3640.6181260612943,3691.8510390386355,3590.096187428364,19.058328421221823,19.61855114967096,18.51410328113059,11.223214738,0.1590455538372139,-0.1590455538372139,1.584836,0.0011520818113310487,-0.0011520818113310487,8.721399547599999,0.14595798610060326,-0.14595798610060326,1.586956,0.0011265456049358513,-0.0011265456049358513,2.5018151898,0.01731857081722951,-0.01731857081722951,11.201113196,0.15943003649278478,-0.15943003649278478,0.10365379631981818,-0.10354646647635127,-0.10354646647634541,0.5839470618622236,-0.10354646647635127,0.6882061414801327,,-1.0352285333632123,-0.050477644713092136,-1.5145358658939196,-0.050410054285335654,0.0,-1.0357803297675323,
063_230℃_120_1.5mm.csv,1.5,120,1.48457,0.300001404,1.503865,0.300169277,0.019295,1.929146563,11.31091899,1.58542,8.797745245,1.58752,2.513173745,11.28911988,230,0.019295000000000062,1628977.286,906.9707178025366,60.0,54418.243068152195,19.24354085716537,3627.8828712101463,0.01922899999999994,0.000267076767990071,-0.000267076767990071,910.2259198554917,12.797745570857893,-12.797745570857893,54613.555191329506,767.8647342514748,-767.8647342514748,1619115.4152000002,24762.622597365153,-24762.622597365153,3640.6181260612943,3691.8510390386355,3590.096187428364,19.058328421221823,19.61855114967096,18.51410328113059,11.223214738,0.1590455538372139,-0.1590455538372139,1.584836,0.0011520818113310487,-0.0011520818113310487,8.721399547599999,0.14595798610060326,-0.14595798610060326,1.586956,0.0011265456049358513,-0.0011265456049358513,2.5018151898,0.01731857081722951,-0.01731857081722951,11.201113196,0.15943003649278478,-0.15943003649278478,0.0,0.0,0.0,0.0,0.0,0.0,,0.731949987257231,0.0353343512991757,0.5949890927936845,0.03371172380330956,0.5577223535253515,0.7372259004795039,
064_230℃_120_1.5mm.csv,1.5,120,1.484625,0.300055414,1.50341,0.300101517,0.018785,1.87687112,11.2287303,1.58486,8.745709229,1.586985,2.483021071,11.20650264,230,0.01878499999999983,1576769.603,931.594357199902,60.0,55895.66143199412,18.134459383074322,3726.3774287996084,0.01922899999999994,0.000267076767990071,-0.000267076767990071,910.2259198554917,12.797745570857893,-12.797745570857893,54613.555191329506,767.8647342514748,-767.8647342514748,1619115.4152000002,24762.622597365153,-24762.622597365153,3640.6181260612943,3691.8510390386355,3590.096187428364,19.058328421221823,19.61855114967096,18.51410328113059,11.223214738,0.1590455538372139,-0.1590455538372139,1.584836,0.0011520818113310487,-0.0011520818113310487,8.721399547599999,0.14595798610060326,-0.14595798610060326,1.586956,0.0011265456049358513,-0.0011265456049358513,2.5018151898,0.01731857081722951,-0.01731857081722951,11.201113196,0.15943003649278478,-0.15943003649278478,-2.6431718061685974,2.7149321266980992,2.714932126698103,-3.204936216649014,2.7149321266981117,-5.763396052333477,,0.0,0.0,0.0,0.0,-0.6487538108627028,0.0,
065_230℃_120_1.5mm.csv,1.5,120,1.48441,0.300160603,1.503915,0.300067661,0.019505,1.932845404,11.4332714,1.586395,8.908273052,1.588485,2.52499835,11.41162015,230,0.019504999999999884,1632777.743,897.205844655222,60.0,53832.35067931332,19.498365230947844,3588.823378620888,0.01922899999999994,0.000267076767990071,-0.000267076767990071,910.2259198554917,12.797745570857893,-12.797745570857893,54613.555191329506,767.8647342514748,-767.8647342514748,1619115.4152000002,24762.622597365153,-24762.622597365153,3640.6181260612943,3691.8510390386355,3590.096187428364,19.058328421221823,19.61855114967096,18.51410328113059,11.223214738,0.1590455538372139,-0.1590455538372139,1.584836,0.0011520818113310487,-0.0011520818113310487,8.721399547599999,0.14595798610060326,-0.14595798610060326,1.586956,0.0011265456049358513,-0.0011265456049358513,2.5018151898,0.01731857081722951,-0.01731857081722951,11.201113196,0.15943003649278478,-0.15943003649278478,1.0883648613621184,-1.0766470135853448,-1.0766470135853448,0.23330325306941918,-1.0766470135853448,1.3242073050583532,,1.821587076501429,0.09685398079326024,1.8587837617668992,0.0945188517849781,1.03085133989001,1.8303436548335932,
071_230℃_160_1.5mm.csv,1.5,160,1.486715,0.30009808,1.50156,0.300210228,0.014845,1.714029286,10.44342613,1.56675,8.05489177,1.569285,2.38853436,10.41668641,230,0.014844999999999997,1413819.058,1178.848097002358,60.0,70730.88582014147,12.849884030210204,4715.392388009432,0.01521100000000004,0.00043171750022453337,-0.00043171750022453337,1151.2293787767735,32.867006698739246,-32.867006698739246,69073.76272660641,1972.0204019243492,-1972.0204019243492,1459682.7446,50494.647273952156,-50494.647273952156,4603.421992978471,4736.363696082624,4474.211738208586,13.58290294596582,14.466237047444741,12.753506792017864,10.493174384,0.03147313238986702,-0.03147313238986702,1.567069,0.0001967993902429723,-0.0001967993902429723,8.0858743222,0.028776486286470754,-0.028776486286470754,1.569615,0.0002031932577620472,-0.0002031932577620472,2.4073000606,0.018526890822646375,-0.018526890822646375,10.466273516,0.031333710489747375,-0.031333710489747375,-3.2268578878756844,3.334456045807583,3.3344560458075776,-4.237647775411085,3.334456045807583,-7.327762791785535,,-0.46540669254238315,-0.021696265051784323,-0.3546040211910308,-0.022298177601789617,-0.7558831780795767,-0.46586939565101215,
072_230℃_160_1.5mm.csv,1.5,160,1.486795,0.300191451,1.501475,0.300043846,0.01468,1.701948685,10.51526238,1.567195,8.125700945,1.56974,2.389561434,10.4882299,230,0.014679999999999804,1401904.8390000002,1192.0980926430677,60.0,71525.88555858406,12.599977369297791,4768.392370572271,0.01521100000000004,0.00043171750022453337,-0.00043171750022453337,1151.2293787767735,32.867006698739246,-32.867006698739246,69073.76272660641,1972.0204019243492,-1972.0204019243492,1459682.7446,50494.647273952156,-50494.647273952156,4603.421992978471,4736.363696082624,4474.211738208586,13.58290294596582,14.466237047444741,12.753506792017864,10.493174384,0.03147313238986702,-0.03147313238986702,1.567069,0.0001967993902429723,-0.0001967993902429723,8.0858743222,0.028776486286470754,-0.028776486286470754,1.569615,0.0002031932577620472,-0.0002031932577620472,2.4073000606,0.018526890822646375,-0.018526890822646375,10.466273516,0.031333710489747375,-0.031333710489747375,-4.302477183835211,4.4959128065418135,4.495912806541817,-5.044634801015935,4.4959128065418135,-9.130067723529656,,0.21925290474656936,0.00670031714833224,0.5213616011016029,0.00668945328054113,-0.7132080322881807,0.21774714009443877,
073_230℃_160_1.5mm.csv,1.5,160,1.486665,0.300179691,1.502005,0.300002406,0.01534,1.776385374,10.49028279,1.56705,8.083556386,1.5696,2.4067264,10.46346818,230,0.015340000000000131,1476382.968,1140.8083441981648,60.0,68448.50065188989,13.865947793338899,4563.233376792659,0.01521100000000004,0.00043171750022453337,-0.00043171750022453337,1151.2293787767735,32.867006698739246,-32.867006698739246,69073.76272660641,1972.0204019243492,-1972.0204019243492,1459682.7446,50494.647273952156,-50494.647273952156,4603.421992978471,4736.363696082624,4474.211738208586,13.58290294596582,14.466237047444741,12.753506792017864,10.493174384,0.03147313238986702,-0.03147313238986702,1.567069,0.0001967993902429723,-0.0001967993902429723,8.0858743222,0.028776486286470754,-0.028776486286470754,1.569615,0.0002031932577620472,-0.0002031932577620472,2.4073000606,0.018526890822646375,-0.018526890822646375,10.466273516,0.031333710489747375,-0.031333710489747375,0.0,0.0,0.0,0.0,0.0,0.0,,-0.01882349859913531,-0.002552501770800656,0.0,-0.00222981776016623,0.0,-0.01885749361156874,
074_230℃_160_1.5mm.csv,1.5,160,1.48663,0.300126345,1.50232,0.300174752,0.01569,1.822020094,10.4922578,1.56709,8.063381094,1.569635,2.428876707,10.4654417,230,0.015690000000000204,1521845.342,1115.3601019757662,60.0,66921.60611854597,14.619032703661416,4461.440407903065,0.01521100000000004,0.00043171750022453337,-0.00043171750022453337,1151.2293787767735,32.867006698739246,-32.867006698739246,69073.76272660641,1972.0204019243492,-1972.0204019243492,1459682.7446,50494.647273952156,-50494.647273952156,4603.421992978471,4736.363696082624,4474.211738208586,13.58290294596582,14.466237047444741,12.753506792017864,10.493174384,0.03147313238986702,-0.03147313238986702,1.567069,0.0001967993902429723,-0.0001967993902429723,8.0858743222,0.028776486286470754,-0.028776486286470754,1.569615,0.0002031932577620472,-0.0002031932577620472,2.4073000606,0.018526890822646375,-0.018526890822646375,10.466273516,0.031333710489747375,-0.031333710489747375,2.2816166883968023,-2.2307202039519947,-2.230720203951992,3.0793076718831287,-2.2307202039519947,5.431182358008687,,0.0,0.0,-0.24958435417041383,0.0,0.9203500239994035,0.0,
075_230℃_160_1.5mm.csv,1.5,160,1.486565,0.300047641,1.502065,0.300072304,0.0155,1.78453382,10.52464282,1.56726,8.101841416,1.569815,2.422801402,10.49754139,230,0.01550000000000007,1484461.516,1129.032258064511,60.0,67741.93548387066,14.08723683551027,4516.129032258044,0.01521100000000004,0.00043171750022453337,-0.00043171750022453337,1151.2293787767735,32.867006698739246,-32.867006698739246,69073.76272660641,1972.0204019243492,-1972.0204019243492,1459682.7446,50494.647273952156,-50494.647273952156,4603.421992978471,4736.363696082624,4474.211738208586,13.58290294596582,14.466237047444741,12.753506792017864,10.493174384,0.03147313238986702,-0.03147313238986702,1.567069,0.0001967993902429723,-0.0001967993902429723,8.0858743222,0.028776486286470754,-0.028776486286470754,1.569615,0.0002031932577620472,-0.0002031932577620472,2.4073000606,0.018526890822646375,-0.018526890822646375,10.466273516,0.031333710489747375,-0.031333710489747375,1.043024771837918,-1.0322580645157133,-1.0322580645157133,0.5471851257498354,-1.0322580645157133,1.5959171739971252,,0.30865635039962075,0.010848132525892161,0.2262003148968878,0.011467634195215385,0.6679197934588661,0.30672083338824385,
081_230℃_200_1.5mm.csv,1.5,200,1.48805,0.300152086,1.500605,0.300245248,0.012555,1.593966662,10.31757772,1.561385,7.956559174,1.563805,2.361018546,10.29277225,230,0.012554999999999872,1293721.4139999999,1393.866985264849,60.0,83632.01911589094,9.944493277206021,5575.467941059396,0.012571999999999939,9.884331034529112e-05,-9.884331034529112e-05,1392.0514841168183,11.018347861455565,-11.018347861455565,83523.0890470091,661.1008716873304,-661.1008716873304,1280244.321,14459.09781619356,-14459.09781619356,5568.067021311568,5612.1654431977095,5524.315109312303,9.853472106886331,10.033495847325229,9.676678401882217,10.461099714,0.10036852312320835,-0.10036852312320835,1.5620100000000001,0.00041305266008096343,-0.00041305266008096343,8.0923258812,0.0946733463967411,-0.0946733463967411,1.564442,0.00043238582307936955,-0.00043238582307936955,2.3687738324,0.008313439784456006,-0.008313439784456006,10.436145046,0.10000818885226193,-0.10000818885226193,-0.3966679888941341,0.39824771007652243,0.39824771007652904,0.7896904752471493,0.39824771007652243,0.15173477371361638,,-1.8778887126921477,-0.05217001664319615,-2.2259025392164444,-0.05656072448855841,-0.11468554724184989,-1.8709784003319605,
082_230℃_200_1.5mm.csv,1.5,200,1.4879,0.300243787,1.500525,0.300182535,0.012625,1.581729287,10.39440314,1.5618,8.030673735,1.56418,2.363729402,10.37049146,230,0.012625000000000108,1281546.7519999999,1386.1386138613743,60.0,83168.31683168246,9.905833312653144,5544.554455445497,0.012571999999999939,9.884331034529112e-05,-9.884331034529112e-05,1392.0514841168183,11.018347861455565,-11.018347861455565,83523.0890470091,661.1008716873304,-661.1008716873304,1280244.321,14459.09781619356,-14459.09781619356,5568.067021311568,5612.1654431977095,5524.315109312303,9.853472106886331,10.033495847325229,9.676678401882217,10.461099714,0.10036852312320835,-0.10036852312320835,1.5620100000000001,0.00041305266008096343,-0.00041305266008096343,8.0923258812,0.0946733463967411,-0.0946733463967411,1.564442,0.00043238582307936955,-0.00043238582307936955,2.3687738324,0.008313439784456006,-0.008313439784456006,10.436145046,0.10000818885226193,-0.10000818885226193,0.1586671955583583,-0.15841584158518565,-0.15841584158517913,-0.15879843538067984,-0.15841584158518565,-0.23761261768497202,,-1.1472644697245633,-0.02560491614389681,-1.3151465010841656,-0.032594315806965625,0.0,-1.1300205853177296,
083_230℃_200_1.5mm.csv,1.5,200,1.48795,0.300068873,1.50036,0.300261484,0.01241,1.555992499,10.531262,1.56229,8.167737716,1.564765,2.363524282,10.5054751,230,0.01240999999999981,1255731.0150000001,1410.1531023368468,60.0,84609.1861402108,9.54099299764271,5640.612409347387,0.012571999999999939,9.884331034529112e-05,-9.884331034529112e-05,1392.0514841168183,11.018347861455565,-11.018347861455565,83523.0890470091,661.1008716873304,-661.1008716873304,1280244.321,14459.09781619356,-14459.09781619356,5568.067021311568,5612.1654431977095,5524.315109312303,9.853472106886331,10.033495847325229,9.676678401882217,10.461099714,0.10036852312320835,-0.10036852312320835,1.5620100000000001,0.00041305266008096343,-0.00041305266008096343,8.0923258812,0.0946733463967411,-0.0946733463967411,1.564442,0.00043238582307936955,-0.00043238582307936955,2.3687738324,0.008313439784456006,-0.008313439784456006,10.436145046,0.10000818885226193,-0.10000818885226193,-1.5470051566851855,1.571313456890987,1.5713134568909881,-2.170019795298866,1.571313456890987,-3.911946688324418,,0.15428911736817436,0.005761106132372518,0.3691628521911705,0.004793281736321396,-0.008677812266767561,0.1568836814274893,
084_230℃_200_1.5mm.csv,1.5,200,1.487955,0.300011232,1.50056,0.300045023,0.012605,1.586682382,10.51503844,1.5622,8.137696364,1.56469,2.37734208,10.48901954,230,0.012604999999999977,1286637.359,1388.3379611265395,60.0,83300.27766759237,9.92942688379284,5553.351844506158,0.012571999999999939,9.884331034529112e-05,-9.884331034529112e-05,1392.0514841168183,11.018347861455565,-11.018347861455565,83523.0890470091,661.1008716873304,-661.1008716873304,1280244.321,14459.09781619356,-14459.09781619356,5568.067021311568,5612.1654431977095,5524.315109312303,9.853472106886331,10.033495847325229,9.676678401882217,10.461099714,0.10036852312320835,-0.10036852312320835,1.5620100000000001,0.00041305266008096343,-0.00041305266008096343,8.0923258812,0.0946733463967411,-0.0946733463967411,1.564442,0.00043238582307936955,-0.00043238582307936955,2.3687738324,0.008313439784456006,-0.008313439784456006,10.436145046,0.10000818885226193,-0.10000818885226193,0.0,0.0,0.0,0.23779444644753595,0.0,0.0,,0.0,0.0,0.0,0.0,0.5758983235763752,0.0,
085_230℃_200_1.5mm.csv,1.5,200,1.487875,0.300233295,1.50054,0.300006874,0.012665,1.583591939,10.54721727,1.562375,8.168962417,1.56477,2.378254852,10.52296688,230,0.012664999999999926,1283585.065,1381.760757994481,60.0,82905.64547966886,9.953023376464227,5527.043031977924,0.012571999999999939,9.884331034529112e-05,-9.884331034529112e-05,1392.0514841168183,11.018347861455565,-11.018347861455565,83523.0890470091,661.1008716873304,-661.1008716873304,1280244.321,14459.09781619356,-14459.09781619356,5568.067021311568,5612.1654431977095,5524.315109312303,9.853472106886331,10.033495847325229,9.676678401882217,10.461099714,0.10036852312320835,-0.10036852312320835,1.5620100000000001,0.00041305266008096343,-0.00041305266008096343,8.0923258812,0.0946733463967411,-0.0946733463967411,1.564442,0.00043238582307936955,-0.00043238582307936955,2.3687738324,0.008313439784456006,-0.008313439784456006,10.436145046,0.10000818885226193,-0.10000818885226193,0.47600158667155174,-0.47374654559769547,-0.47374654559769114,0.0,-0.47374654559769547,0.23764204064891867,,0.30602674620370873,0.011202150812958406,0.3842125781236572,0.0051128338520780485,0.6145140804911741,0.32364645590126334,
091_230℃_240_1.5mm.csv,1.5,240,1.488665,0.300065906,1.499625,0.3001195,0.01096,1.438963778,10.33498924,1.55922,7.990162271,1.561535,2.344826972,10.31120731,230,0.01096000000000008,1138844.2780000002,1596.7153284671415,60.0,95802.9197080285,7.64187752257965,6386.861313868566,0.010848000000000057,0.00021420200746030658,-0.00021420200746030658,1613.702532533719,31.77840612487438,-31.77840612487438,96822.15195202315,1906.7043674924623,-1906.7043674924623,1137033.254,29480.938915671642,-29480.938915671642,6453.807064711221,6582.340730710212,6327.783281438001,7.548558597008034,7.896675155753069,7.21578838797123,10.512860464000001,0.12264359051331253,-0.12264359051331253,1.5598480000000001,0.000424272907454582,-0.000424272907454582,8.1604602214,0.12030806042466564,-0.12030806042466564,1.562158,0.00042042537982387037,-0.00042042537982387037,2.3524002426,0.007412844675106763,-0.007412844675106763,10.489246334,0.12274847355566064,-0.12274847355566064,0.8743672342379673,-0.8667883211674726,-0.8667883211674707,0.0,-0.8667883211674866,0.23059315743765033,,-1.864363487696253,-0.04423332115313431,-2.3726062845479348,-0.04352793949616499,-0.21178651395332382,-1.8704441098139286,
092_230℃_240_1.5mm.csv,1.5,240,1.48874,0.300222895,1.499875,0.300099541,0.011135,1.47943755,10.45327716,1.559665,8.091506983,1.56198,2.361770177,10.42964689,230,0.011135000000000117,1179338.009,1571.6210148181244,60.0,94297.26088908747,8.03995636543784,6286.484059272499,0.010848000000000057,0.00021420200746030658,-0.00021420200746030658,1613.702532533719,31.77840612487438,-31.77840612487438,96822.15195202315,1906.7043674924623,-1906.7043674924623,1137033.254,29480.938915671642,-29480.938915671642,6453.807064711221,6582.340730710212,6327.783281438001,7.548558597008034,7.896675155753069,7.21578838797123,10.512860464000001,0.12264359051331253,-0.12264359051331253,1.5598480000000001,0.000424272907454582,-0.000424272907454582,8.1604602214,0.12030806042466564,-0.12030806042466564,1.562158,0.00042042537982387037,-0.00042042537982387037,2.3524002426,0.007412844675106763,-0.007412844675106763,10.489246334,0.12274847355566064,-0.12274847355566064,2.4850437183616143,-2.4247867085764643,-2.4247867085764634,3.5556863903389524,-2.4247867085764643,5.4517810690745785,,-0.741163448359155,-0.015706034322481983,-1.1343310450933972,-0.015042743796467532,0.509261212751969,-0.7432799440863553,
093_230℃_240_1.5mm.csv,1.5,240,1.488805,0.300238027,1.49967,0.300185759,0.010865,1.446344754,10.64050986,1.560285,8.281896331,1.56259,2.358613526,10.61706454,230,0.010865000000000125,1146158.9949999999,1610.6764841233132,60.0,96640.5890473988,7.624296416739884,6442.705936493254,0.010848000000000057,0.00021420200746030658,-0.00021420200746030658,1613.702532533719,31.77840612487438,-31.77840612487438,96822.15195202315,1906.7043674924623,-1906.7043674924623,1137033.254,29480.938915671642,-29480.938915671642,6453.807064711221,6582.340730710212,6327.783281438001,7.548558597008034,7.896675155753069,7.21578838797123,10.512860464000001,0.12264359051331253,-0.12264359051331253,1.5598480000000001,0.000424272907454582,-0.000424272907454582,8.1604602214,0.12030806042466564,-0.12030806042466564,1.562158,0.00042042537982387037,-0.00042042537982387037,2.3524002426,0.007412844675106763,-0.007412844675106763,10.489246334,0.12274847355566064,-0.12274847355566064,0.0,0.0,0.0,0.6422929931075012,0.0,0.0,,1.0367000562589812,0.024039848452796265,1.191931577117148,0.02400437839862082,0.37492440766982105,1.0403337693772525,
094_230℃_240_1.5mm.csv,1.5,240,1.48878,0.300228242,1.49939,0.300109954,0.01061,1.400958922,10.60419452,1.56016,8.254390978,1.56247,2.349803539,10.58056405,230,0.010610000000000008,1100848.9679999999,1649.3873704052767,60.0,98963.24222431661,7.151025030906127,6597.549481621108,0.010848000000000057,0.00021420200746030658,-0.00021420200746030658,1613.702532533719,31.77840612487438,-31.77840612487438,96822.15195202315,1906.7043674924623,-1906.7043674924623,1137033.254,29480.938915671642,-29480.938915671642,6453.807064711221,6582.340730710212,6327.783281438001,7.548558597008034,7.896675155753069,7.21578838797123,10.512860464000001,0.12264359051331253,-0.12264359051331253,1.5598480000000001,0.000424272907454582,-0.000424272907454582,8.1604602214,0.12030806042466564,-0.12030806042466564,1.562158,0.00042042537982387037,-0.00042042537982387037,2.3524002426,0.007412844675106763,-0.007412844675106763,10.489246334,0.12274847355566064,-0.12274847355566064,-2.3469857340093268,2.4033930254487865,2.403393025448791,-3.3363042458031544,2.403393025448786,-6.2074106247317875,,0.6918686371543101,0.016026565635202255,0.8558588121922546,0.01632297731106898,0.0,0.6929664082341502,
095_230℃_240_1.5mm.csv,1.5,240,1.48884,0.300231878,1.49951,0.300282468,0.01067,1.420258488,10.53133154,1.55991,8.184344544,1.562215,2.346986999,10.50774888,230,0.010669999999999957,1119976.02,1640.1124648547395,60.0,98406.74789128437,7.316414775550992,6560.449859418958,0.010848000000000057,0.00021420200746030658,-0.00021420200746030658,1613.702532533719,31.77840612487438,-31.77840612487438,96822.15195202315,1906.7043674924623,-1906.7043674924623,1137033.254,29480.938915671642,-29480.938915671642,6453.807064711221,6582.340730710212,6327.783281438001,7.548558597008034,7.896675155753069,7.21578838797123,10.512860464000001,0.12264359051331253,-0.12264359051331253,1.5598480000000001,0.000424272907454582,-0.000424272907454582,8.1604602214,0.12030806042466564,-0.12030806042466564,1.562158,0.00042042537982387037,-0.00042042537982387037,2.3524002426,0.007412844675106763,-0.007412844675106763,10.489246334,0.12274847355566064,-0.12274847355566064,-1.7947537965960887,1.8275538894111452,1.8275538894111358,-1.6567899900358583,1.827553889411131,-4.038164630022875,,0.0,0.0,0.0,0.0,-0.11986278653740587,0.0,
021_190℃_010_2.0mm.csv,2.0,10,1.18756,0.300018173,1.49202,0.30000205,0.30446,1.465682,9.450889039,2.80786,7.386092094,2.80944,2.064796944,9.448968468,190,0.30445999999999995,1165679.95,57.478814951060905,80.0,4598.3051960848725,386.2888898797278,172.43644485318273,0.305824,0.018581788934330327,-0.018581788934330327,57.38088329475031,3.2606950333438602,-3.2606950333438602,4590.470663580025,260.8556026675089,-260.8556026675089,1163255.6512,76033.71790799583,-76033.71790799583,171.91014698473077,182.3194509909255,162.0951493419244,386.0341641612835,436.0942139809739,341.720598719529,9.4867714754,0.04067453267213045,-0.04067453267213045,2.816756,0.0072116211769616126,-0.0072116211769616126,7.430585733799999,0.04627577723270489,-0.04627577723270489,2.818264,0.0071828462325179985,-0.0071828462325179985,2.0561857413999998,0.06193868637306985,-0.06193868637306985,9.4850398066,0.04077800372886464,-0.04077800372886464,1.7988498060719342,-1.7670629967811688,-1.7670629967811664,3.127497832075765,-1.7670629967811566,4.9826066268348805,,-0.37561292064896035,-0.24584514597943843,-0.69498039144856,-0.23862280552241563,1.3773372850233199,-0.38050154449931056,
022_190℃_010_2.0mm.csv,2.0,10,1.18622,0.300034169,1.47992,0.300047956,0.2937,1.413767939,9.48652164,2.81478,7.471970447,2.81616,2.014551193,9.485059265,190,0.29369999999999985,1113719.983,59.58461014640793,80.0,4766.7688117126345,356.02673089208145,178.7538304392238,0.305824,0.018581788934330327,-0.018581788934330327,57.38088329475031,3.2606950333438602,-3.2606950333438602,4590.470663580025,260.8556026675089,-260.8556026675089,1163255.6512,76033.71790799583,-76033.71790799583,171.91014698473077,182.3194509909255,162.0951493419244,386.0341641612835,436.0942139809739,341.720598719529,9.4867714754,0.04067453267213045,-0.04067453267213045,2.816756,0.0072116211769616126,-0.0072116211769616126,7.430585733799999,0.04627577723270489,-0.04627577723270489,2.818264,0.0071828462325179985,-0.0071828462325179985,2.0561857413999998,0.06193868637306985,-0.06193868637306985,9.4850398066,0.04077800372886464,-0.04077800372886464,-1.7988498060720084,1.8318011576439117,1.8318011576439093,-1.4693912060750782,1.831801157643916,-3.2418088712861732,,0.0,0.0,0.45964257020430654,0.0,-1.0896270627630655,0.0,
023_190℃_010_2.0mm.csv,2.0,10,1.18302,0.300025084,1.52112,0.300019651,0.3381,1.593786414,9.538660871,2.8262,7.379484087,2.82768,2.159176784,9.537005508,190,0.33810000000000007,1293766.763,51.75983436853001,80.0,4140.7867494824,476.10616878400015,155.27950310559,0.305824,0.018581788934330327,-0.018581788934330327,57.38088329475031,3.2606950333438602,-3.2606950333438602,4590.470663580025,260.8556026675089,-260.8556026675089,1163255.6512,76033.71790799583,-76033.71790799583,171.91014698473077,182.3194509909255,162.0951493419244,386.0341641612835,436.0942139809739,341.720598719529,9.4867714754,0.04067453267213045,-0.04067453267213045,2.816756,0.0072116211769616126,-0.0072116211769616126,7.430585733799999,0.04627577723270489,-0.04627577723270489,2.818264,0.0071828462325179985,-0.0071828462325179985,2.0561857413999998,0.06193868637306985,-0.06193868637306985,9.4850398066,0.04077800372886464,-0.04077800372886464,13.046676474521885,-11.540964211771687,-11.54096421177169,14.45931539484246,-11.540964211771694,29.392451969360177,時間差・流速・流量・圧力差・せん断速度・樹脂粘度,0.5496137886847213,0.4057155443764773,-0.7838241611114865,0.40906766660985083,6.01119578640754,0.5476638737691611,
024_190℃_010_2.0mm.csv,2.0,10,1.18654,0.300056107,1.48032,0.300041278,0.29378,1.412823901,9.51434292,2.82164,7.477598812,2.82316,2.036744108,9.512601775,190,0.29378000000000015,1112782.6230000001,59.56838450541218,80.0,4765.470760432974,355.82397712646554,178.70515351623652,0.305824,0.018581788934330327,-0.018581788934330327,57.38088329475031,3.2606950333438602,-3.2606950333438602,4590.470663580025,260.8556026675089,-260.8556026675089,1163255.6512,76033.71790799583,-76033.71790799583,171.91014698473077,182.3194509909255,162.0951493419244,386.0341641612835,436.0942139809739,341.720598719529,9.4867714754,0.04067453267213045,-0.04067453267213045,2.816756,0.0072116211769616126,-0.0072116211769616126,7.430585733799999,0.04627577723270489,-0.04627577723270489,2.818264,0.0071828462325179985,-0.0071828462325179985,2.0561857413999998,0.06193868637306985,-0.06193868637306985,9.4850398066,0.04077800372886464,-0.04077800372886464,-1.7721011100708375,1.8040710735924337,1.804071073592424,-1.5523192785428779,1.8040710735924175,-3.2969117214468184,,0.29327166537725075,0.24371354066747986,0.5353151842979076,0.2485654224191849,0.0,0.2903778377182334,
025_190℃_010_2.0mm.csv,2.0,10,1.185,0.300017115,1.48408,0.30001664,0.29908,1.430345577,9.443442907,2.8133,7.437783229,2.81488,2.005659678,9.441564017,190,0.29908,1130328.937,58.51277250234051,80.0,4681.021800187241,367.9551330372354,175.53831750702153,0.305824,0.018581788934330327,-0.018581788934330327,57.38088329475031,3.2606950333438602,-3.2606950333438602,4590.470663580025,260.8556026675089,-260.8556026675089,1163255.6512,76033.71790799583,-76033.71790799583,171.91014698473077,182.3194509909255,162.0951493419244,386.0341641612835,436.0942139809739,341.720598719529,9.4867714754,0.04067453267213045,-0.04067453267213045,2.816756,0.0072116211769616126,-0.0072116211769616126,7.430585733799999,0.04627577723270489,-0.04627577723270489,2.818264,0.0071828462325179985,-0.0071828462325179985,2.0561857413999998,0.06193868637306985,-0.06193868637306985,9.4850398066,0.04077800372886464,-0.04077800372886464,0.0,0.0,0.0,0.0,0.0,0.0,,-0.4541046195304917,-0.052579597695021484,0.0,-0.045451962956648335,-1.5261823946319908,-0.45856590649358514,
031_190℃_020_2.0mm.csv,2.0,20,1.347235,0.300031903,1.495745,0.300007214,0.14851,1.463758884,8.610007789,2.129085,6.733241403,2.130355,1.876766386,8.607906975,190,0.14851000000000014,1163751.67,117.83718268130082,80.0,9426.974614504066,188.1129366113743,353.5115480439025,0.15210700000000008,0.004204311180205317,-0.004204311180205317,115.12180461264461,3.2207084819451963,-3.2207084819451963,9209.74436901157,257.65667855561526,-257.65667855561526,1191305.0607999999,33328.172506118404,-33328.172506118404,345.25814416456404,354.99560762212184,335.7877775176468,197.10782917679452,208.4470213400673,186.38547134432207,8.5708008482,0.030639320325275075,-0.030639320325275075,2.127168,0.00182619002297128,-0.00182619002297128,6.6769995476,0.04666355630776904,-0.04666355630776904,2.128458,0.0018461365063288497,-0.0018461365063288497,1.8938013005999998,0.025521408834810792,-0.025521408834810792,8.5686540828,0.03062577906601082,-0.03062577906601082,-4.149993545888687,4.329674769375756,4.329674769375763,-3.959764782100836,4.329674769375777,-8.078913851640394,,0.495995717329083,0.06391803452043981,0.9513072317547053,0.06387990577714028,-1.649750181856115,0.49405372038467493,
032_190℃_020_2.0mm.csv,2.0,20,1.347295,0.300024687,1.49391,0.300005805,0.146615,1.447147531,8.56751329,2.125795,6.710288312,2.12702,1.857224978,8.565588367,190,0.14661500000000016,1147141.7259999998,119.36022917163987,80.0,9548.81833373119,183.06196915100972,358.0806875149196,0.15210700000000008,0.004204311180205317,-0.004204311180205317,115.12180461264461,3.2207084819451963,-3.2207084819451963,9209.74436901157,257.65667855561526,-257.65667855561526,1191305.0607999999,33328.172506118404,-33328.172506118404,345.25814416456404,354.99560762212184,335.7877775176468,197.10782917679452,208.4470213400673,186.38547134432207,8.5708008482,0.030639320325275075,-0.030639320325275075,2.127168,0.00182619002297128,-0.00182619002297128,6.6769995476,0.04666355630776904,-0.04666355630776904,2.128458,0.0018461365063288497,-0.0018461365063288497,1.8938013005999998,0.025521408834810792,-0.025521408834810792,8.5686540828,0.03062577906601082,-0.03062577906601082,-5.373047631341107,5.678136616307946,5.678136616307938,-5.330523656041826,5.678136616307943,-10.547061037157562,,0.0,-0.09070721075325831,0.6071721558272339,-0.09276677493372609,-2.6738000438607608,0.0,
033_190℃_020_2.0mm.csv,2.0,20,1.346935,0.300009867,1.501875,0.300022123,0.15494,1.516295626,8.525955877,2.124765,6.613497604,2.126065,1.912458273,8.523778155,190,0.15494000000000008,1216273.503,112.94694720536977,80.0,9035.755776429582,205.1150112161307,338.8408416161093,0.15210700000000008,0.004204311180205317,-0.004204311180205317,115.12180461264461,3.2207084819451963,-3.2207084819451963,9209.74436901157,257.65667855561526,-257.65667855561526,1191305.0607999999,33328.172506118404,-33328.172506118404,345.25814416456404,354.99560762212184,335.7877775176468,197.10782917679452,208.4470213400673,186.38547134432207,8.5708008482,0.030639320325275075,-0.030639320325275075,2.127168,0.00182619002297128,-0.00182619002297128,6.6769995476,0.04666355630776904,-0.04666355630776904,2.128458,0.0018461365063288497,-0.0018461365063288497,1.8938013005999998,0.025521408834810792,-0.025521408834810792,8.5686540828,0.03062577906601082,-0.03062577906601082,0.0,0.0,0.0,0.37467298965783224,0.0,0.22912275975634608,,-0.4850580511909701,-0.13911572219153565,-0.8440083255577867,-0.13762362053457614,0.22065096615920612,-0.4881183896377597,
034_190℃_020_2.0mm.csv,2.0,20,1.346695,0.300005577,1.502,0.30001549,0.155305,1.51764043,8.584100357,2.12847,6.669791197,2.129855,1.91430916,8.581657821,190,0.15530500000000003,1217624.94,112.68149769807796,80.0,9014.519815846237,205.8266572045714,338.04449309423387,0.15210700000000008,0.004204311180205317,-0.004204311180205317,115.12180461264461,3.2207084819451963,-3.2207084819451963,9209.74436901157,257.65667855561526,-257.65667855561526,1191305.0607999999,33328.172506118404,-33328.172506118404,345.25814416456404,354.99560762212184,335.7877775176468,197.10782917679452,208.4470213400673,186.38547134432207,8.5708008482,0.030639320325275075,-0.030639320325275075,2.127168,0.00182619002297128,-0.00182619002297128,6.6769995476,0.04666355630776904,-0.04666355630776904,2.128458,0.0018461365063288497,-0.0018461365063288497,1.8938013005999998,0.025521408834810792,-0.025521408834810792,8.5686540828,0.03062577906601082,-0.03062577906601082,0.23557506131402384,-0.2350214094845276,-0.2350214094845276,0.4862022193964793,-0.2350214094845276,0.5768674358481028,,0.19360421674933492,0.03501392332186809,0.0,0.040394646300243114,0.31764503009442685,0.18760478920408702,
035_190℃_020_2.0mm.csv,2.0,20,1.34617,0.300015044,1.501335,0.300029224,0.155165,1.511762689,8.566426928,2.127725,6.658179222,2.128995,1.908247706,8.564339096,190,0.155165,1211733.465,112.78316630683466,80.0,9022.653304546773,204.64612037738775,338.349498920504,0.15210700000000008,0.004204311180205317,-0.004204311180205317,115.12180461264461,3.2207084819451963,-3.2207084819451963,9209.74436901157,257.65667855561526,-257.65667855561526,1191305.0607999999,33328.172506118404,-33328.172506118404,345.25814416456404,354.99560762212184,335.7877775176468,197.10782917679452,208.4470213400673,186.38547134432207,8.5708008482,0.030639320325275075,-0.030639320325275075,2.127168,0.00182619002297128,-0.00182619002297128,6.6769995476,0.04666355630776904,-0.04666355630776904,2.128458,0.0018461365063288497,-0.0018461365063288497,1.8938013005999998,0.025521408834810792,-0.025521408834810792,8.5686540828,0.03062577906601082,-0.03062577906601082,0.1452175035497093,-0.14500692810874133,-0.14500692810873883,0.0,-0.14500692810872876,0.0,,-0.01268001534667666,0.0,-0.17409802881420108,0.0,0.0,-0.01458476576826515,
041_190℃_040_2.0mm.csv,2.0,40,1.434425,0.300006744,1.510265,0.300059093,0.07584,1.695658497,8.292797534,1.799865,6.391013716,1.80115,1.901783819,8.288984822,190,0.07583999999999991,1395599.4039999999,230.74894514767962,80.0,18459.91561181437,115.20245855712639,692.2468354430388,0.07349999999999994,0.0016483438658240687,-0.0016483438658240687,238.19008347116014,5.2868664362499755,-5.2868664362499755,19055.20667769281,422.9493148999984,-422.9493148999984,1346220.8747999999,33383.630313413036,-33383.630313413036,714.4284580283445,730.5485372645741,698.6640799417679,107.64990716230072,112.82169420101621,102.71519670148318,8.298579884599999,0.03858715706960406,-0.03858715706960406,1.8002949999999998,0.0016062806417310972,-0.0016062806417310972,6.436142397199999,0.046703574940052346,-0.046703574940052346,1.801567,0.0015891098137007019,-0.0015891098137007019,1.8624374878,0.027339772716769132,-0.027339772716769132,8.29482706,0.038682891242817215,-0.038682891242817215,4.283258851839095,-4.10733122362866,-4.107331223628662,4.944443552653556,-4.107331223628671,9.439485720635878,,-0.11988364808486725,-0.038876685929134625,-0.49542650972074403,-0.039403727259608876,2.8300701989196955,-0.11884587359686628,
042_190℃_040_2.0mm.csv,2.0,40,1.43414,0.30008087,1.506865,0.300006957,0.072725,1.62985288,8.346771809,1.80227,6.497328533,1.803505,1.849443276,8.343223115,190,0.07272499999999993,1329845.9230000002,240.63251976624292,80.0,19250.601581299434,105.26589904780944,721.8975592987288,0.07349999999999994,0.0016483438658240687,-0.0016483438658240687,238.19008347116014,5.2868664362499755,-5.2868664362499755,19055.20667769281,422.9493148999984,-422.9493148999984,1346220.8747999999,33383.630313413036,-33383.630313413036,714.4284580283445,730.5485372645741,698.6640799417679,107.64990716230072,112.82169420101621,102.71519670148318,8.298579884599999,0.03858715706960406,-0.03858715706960406,1.8002949999999998,0.0016062806417310972,-0.0016062806417310972,6.436142397199999,0.046703574940052346,-0.046703574940052346,1.801567,0.0015891098137007019,-0.0015891098137007019,1.8624374878,0.027339772716769132,-0.027339772716769132,8.29482706,0.038682891242817215,-0.038682891242817215,0.0,0.0,0.0,0.0,0.0,0.0,,0.5301933428108626,0.09469249929883496,1.1598368008238589,0.09129455118599095,0.0,0.5347182743682374,
043_190℃_040_2.0mm.csv,2.0,40,1.43423,0.300071733,1.506155,0.300030019,0.071925,1.615948265,8.31062845,1.80089,6.471940812,1.80215,1.838687639,8.306954545,190,0.07192500000000002,1315918.246,243.30900243308997,80.0,19464.720194647198,103.01759982971431,729.9270072992699,0.07349999999999994,0.0016483438658240687,-0.0016483438658240687,238.19008347116014,5.2868664362499755,-5.2868664362499755,19055.20667769281,422.9493148999984,-422.9493148999984,1346220.8747999999,33383.630313413036,-33383.630313413036,714.4284580283445,730.5485372645741,698.6640799417679,107.64990716230072,112.82169420101621,102.71519670148318,8.298579884599999,0.03858715706960406,-0.03858715706960406,1.8002949999999998,0.0016062806417310972,-0.0016062806417310972,6.436142397199999,0.046703574940052346,-0.046703574940052346,1.801567,0.0015891098137007019,-0.0015891098137007019,1.8624374878,0.027339772716769132,-0.027339772716769132,8.29482706,0.038682891242817215,-0.038682891242817215,-1.1000343760741322,1.1122697254082947,1.1122697254082947,-1.0473150880953703,1.1122697254082947,-2.1358286381746474,,0.09487547963281268,0.018049889895678895,0.7645639282792606,0.01609448014828574,-0.5815607939737607,0.09768687572221466,
044_190℃_040_2.0mm.csv,2.0,40,1.434155,0.300021278,1.508735,0.300074572,0.07458,1.665311514,8.302751175,1.800565,6.422834139,1.80186,1.879917036,8.29884766,190,0.07457999999999987,1365236.942,234.64735854116427,80.0,18771.78868329314,110.82380531631001,703.9420756234928,0.07349999999999994,0.0016483438658240687,-0.0016483438658240687,238.19008347116014,5.2868664362499755,-5.2868664362499755,19055.20667769281,422.9493148999984,-422.9493148999984,1346220.8747999999,33383.630313413036,-33383.630313413036,714.4284580283445,730.5485372645741,698.6640799417679,107.64990716230072,112.82169420101621,102.71519670148318,8.298579884599999,0.03858715706960406,-0.03858715706960406,1.8002949999999998,0.0016062806417310972,-0.0016062806417310972,6.436142397199999,0.046703574940052346,-0.046703574940052346,1.801567,0.0015891098137007019,-0.0015891098137007019,1.8624374878,0.027339772716769132,-0.027339772716769132,8.29482706,0.038682891242817215,-0.038682891242817215,2.5507047095220927,-2.4872620005362562,-2.4872620005362633,2.6612871752963105,-2.4872620005362602,5.27987346213259,,0.0,0.0,0.0,0.0,1.647726123609969,0.0,
045_190℃_040_2.0mm.csv,2.0,40,1.434135,0.300006603,1.506565,0.300038362,0.07243,1.624542221,8.239950455,1.797885,6.397594786,1.79917,1.842355669,8.236125158,190,0.07243,1324503.859,241.61259146762393,80.0,19329.007317409916,104.41775728693331,724.8377744028719,0.07349999999999994,0.0016483438658240687,-0.0016483438658240687,238.19008347116014,5.2868664362499755,-5.2868664362499755,19055.20667769281,422.9493148999984,-422.9493148999984,1346220.8747999999,33383.630313413036,-33383.630313413036,714.4284580283445,730.5485372645741,698.6640799417679,107.64990716230072,112.82169420101621,102.71519670148318,8.298579884599999,0.03858715706960406,-0.03858715706960406,1.8002949999999998,0.0016062806417310972,-0.0016062806417310972,6.436142397199999,0.046703574940052346,-0.046703574940052346,1.801567,0.0015891098137007019,-0.0015891098137007019,1.8624374878,0.027339772716769132,-0.027339772716769132,8.29482706,0.038682891242817215,-0.038682891242817215,-0.40563767617729046,0.4072897970453353,0.40728979704534474,-0.40170548389162863,0.40728979704535107,-0.8057136912790008,,-0.7563844643338776,-0.14884216898584698,-0.39296286427115396,-0.14929017792725743,-0.3832292177854221,-0.7557977272232485,
051_190℃_080_2.0mm.csv,2.0,80,1.47061,0.300009636,1.50783,0.300147752,0.03722,1.851118188,8.323595235,1.642955,6.410375412,1.64445,1.913219823,8.315663664,190,0.03722000000000003,1550970.436,470.17732401934404,80.0,37614.18592154753,62.83223905079733,1410.5319720580324,0.036846000000000025,0.0007351989526652968,-0.0007351989526652968,475.10475214106884,9.708184845702666,-9.708184845702666,38008.38017128551,776.6547876562126,-776.6547876562126,1538353.2693999999,32675.208044000246,-32675.208044000246,1425.079952070403,1454.149517701316,1396.591509381583,61.67356449375669,64.2971473747764,59.1570343734677,8.324871276600001,0.021317931385387404,-0.021317931385387404,1.643,0.0004470039149716959,-0.0004470039149716959,6.4175978512,0.010372838861511238,-0.010372838861511238,1.6444960000000002,0.00043878240621063265,-0.00043878240621063265,1.9072734254,0.024544571773871628,-0.024544571773871628,8.316914466,0.021417601367587105,-0.021417601367587105,0.3234501347706133,-0.3224073078987051,-0.3224073078986859,0.1871764030189161,-0.32240730789867306,0.5112319601173312,,0.0,0.0,-0.16105867541186808,0.0,0.0,0.0,
052_190℃_080_2.0mm.csv,2.0,80,1.470705,0.300056827,1.507805,0.300084788,0.0371,1.848157597,8.334682751,1.64329,6.420716533,1.644795,1.913966218,8.326617878,190,0.03710000000000013,1548072.809,471.6981132075455,80.0,37735.849056603634,62.51265438247642,1415.0943396226362,0.036846000000000025,0.0007351989526652968,-0.0007351989526652968,475.10475214106884,9.708184845702666,-9.708184845702666,38008.38017128551,776.6547876562126,-776.6547876562126,1538353.2693999999,32675.208044000246,-32675.208044000246,1425.079952070403,1454.149517701316,1396.591509381583,61.67356449375669,64.2971473747764,59.1570343734677,8.324871276600001,0.021317931385387404,-0.021317931385387404,1.643,0.0004470039149716959,-0.0004470039149716959,6.4175978512,0.010372838861511238,-0.010372838861511238,1.6444960000000002,0.00043878240621063265,-0.00043878240621063265,1.9072734254,0.024544571773871628,-0.024544571773871628,8.316914466,0.021417601367587105,-0.021417601367587105,0.0,0.0,0.0,0.0,0.0,0.0,,0.13320585260294565,0.020390089807692493,0.0,0.020979658852506293,0.039012506091945155,0.13172988281648051,
053_190℃_080_2.0mm.csv,2.0,80,1.47076,0.300094531,1.506325,0.300074114,0.035565,1.781165639,8.296206179,1.642425,6.430489996,1.643955,1.865716183,8.287890599,190,0.03556499999999985,1481091.525,492.05679741318926,80.0,39364.54379305514,57.33335519632628,1476.1703922395677,0.036846000000000025,0.0007351989526652968,-0.0007351989526652968,475.10475214106884,9.708184845702666,-9.708184845702666,38008.38017128551,776.6547876562126,-776.6547876562126,1538353.2693999999,32675.208044000246,-32675.208044000246,1425.079952070403,1454.149517701316,1396.591509381583,61.67356449375669,64.2971473747764,59.1570343734677,8.324871276600001,0.021317931385387404,-0.021317931385387404,1.643,0.0004470039149716959,-0.0004470039149716959,6.4175978512,0.010372838861511238,-0.010372838861511238,1.6444960000000002,0.00043878240621063265,-0.00043878240621063265,1.9072734254,0.024544571773871628,-0.024544571773871628,8.316914466,0.021417601367587105,-0.021417601367587105,-4.137466307278385,4.316041051596498,4.31604105159651,-4.3267528252283896,4.31604105159651,-8.285201192163747,,-0.3290531942835459,-0.03225894805395884,0.15221763723360668,-0.030101249657935005,-2.482915942482369,-0.3339849484321312,
054_190℃_080_2.0mm.csv,2.0,80,1.470875,0.300015518,1.50782,0.300150756,0.036945,1.847959422,8.316286257,1.64276,6.404157441,1.644225,1.912128816,8.308691168,190,0.036945000000000006,1547808.666,473.677087562593,80.0,37894.16700500744,62.24086113237552,1421.031262687779,0.036846000000000025,0.0007351989526652968,-0.0007351989526652968,475.10475214106884,9.708184845702666,-9.708184845702666,38008.38017128551,776.6547876562126,-776.6547876562126,1538353.2693999999,32675.208044000246,-32675.208044000246,1425.079952070403,1454.149517701316,1396.591509381583,61.67356449375669,64.2971473747764,59.1570343734677,8.324871276600001,0.021317931385387404,-0.021317931385387404,1.643,0.0004470039149716959,-0.0004470039149716959,6.4175978512,0.010372838861511238,-0.010372838861511238,1.6444960000000002,0.00043878240621063265,-0.00043878240621063265,1.9072734254,0.024544571773871628,-0.024544571773871628,8.316914466,0.021417601367587105,-0.021417601367587105,-0.41778975741274044,0.41954256327007405,0.41954256327008377,-0.01706269876095496,0.4195425632700902,-0.43478116996594546,,-0.08781034869724867,-0.011868858246266344,-0.25790099772966407,-0.01368238620814982,-0.05702465481928399,-0.08384773941960227,
055_190℃_080_2.0mm.csv,2.0,80,1.470745,0.300008389,1.508145,0.300132724,0.0374,1.863955635,8.353585961,1.64357,6.422249874,1.645055,1.931336087,8.345709021,190,0.0374000000000001,1563822.9109999998,467.91443850267257,80.0,37433.15508021381,63.65929455390492,1403.7433155080178,0.036846000000000025,0.0007351989526652968,-0.0007351989526652968,475.10475214106884,9.708184845702666,-9.708184845702666,38008.38017128551,776.6547876562126,-776.6547876562126,1538353.2693999999,32675.208044000246,-32675.208044000246,1425.079952070403,1454.149517701316,1396.591509381583,61.67356449375669,64.2971473747764,59.1570343734677,8.324871276600001,0.021317931385387404,-0.021317931385387404,1.643,0.0004470039149716959,-0.0004470039149716959,6.4175978512,0.010372838861511238,-0.010372838861511238,1.6444960000000002,0.00043878240621063265,-0.00043878240621063265,1.9072734254,0.024544571773871628,-0.024544571773871628,8.316914466,0.021417601367587105,-0.021417601367587105,0.8086253369271318,-0.8021390374330594,-0.8021390374330426,1.0174005969508606,-0.8021390374330395,1.8342528928829618,,0.3603097598245887,0.037432552930544795,0.023881150836035845,0.03679041624859173,0.9468992419069299,0.36131039221884975,
061_190℃_120_2.0mm.csv,2.0,120,1.47995,0.300176768,1.50436,0.300083252,0.02441,1.823116192,8.063099915,1.59228,6.187314453,1.59452,1.875785462,8.046842722,190,0.02440999999999982,1523032.94,716.919295370755,80.0,57353.5436296604,40.46501666982282,2150.757886112265,0.02484999999999995,0.0004714207250428727,-0.0004714207250428727,704.4290255000551,13.420746158963627,-13.420746158963627,56354.32204000441,1073.6596927170933,-1073.6596927170933,1544474.4854000001,23776.240906865038,-23776.240906865038,2112.9811088331608,2153.5389238551124,2073.1871232183,41.764366819780136,43.22057358670713,40.35722321819475,8.082450891799999,0.036736359636875104,-0.036736359636875104,1.5924960000000001,0.0004328885537872463,-0.0004328885537872463,6.188512491599999,0.037100808919946486,-0.037100808919946486,1.594745,0.00041469868579491496,-0.00041469868579491496,1.8939384000000001,0.01768581968099037,-0.01768581968099037,8.0660547248,0.036995214391422705,-0.036995214391422705,-2.3600000000003702,2.4170421958217743,2.417042195821774,-1.3954098719935015,2.417042195821774,-3.7224781990148266,,-0.12479488205865807,-0.007535795026382818,0.0,-0.006584620208514337,-1.1118366316501038,-0.12702374376912057,
062_190℃_120_2.0mm.csv,2.0,120,1.48002,0.300150171,1.504315,0.300054302,0.024295,1.818607017,8.094242816,1.5926,6.218737446,1.59486,1.87550537,8.077682429,190,0.024295000000000178,1518552.715,720.3128215682186,80.0,57625.02572545749,40.155905535700974,2160.938464704656,0.02484999999999995,0.0004714207250428727,-0.0004714207250428727,704.4290255000551,13.420746158963627,-13.420746158963627,56354.32204000441,1073.6596927170933,-1073.6596927170933,1544474.4854000001,23776.240906865038,-23776.240906865038,2112.9811088331608,2153.5389238551124,2073.1871232183,41.764366819780136,43.22057358670713,40.35722321819475,8.082450891799999,0.036736359636875104,-0.036736359636875104,1.5924960000000001,0.0004328885537872463,-0.0004328885537872463,6.188512491599999,0.037100808919946486,-0.037100808919946486,1.594745,0.00041469868579491496,-0.00041469868579491496,1.8939384000000001,0.01768581968099037,-0.01768581968099037,8.0660547248,0.036995214391422705,-0.036995214391422705,-2.8199999999989447,2.9018316526022927,2.9018316526022865,-1.6854697506762526,2.9018316526022816,-4.457939503706139,,0.2609629106181113,0.012559658377290754,0.5078615809604403,0.014737007133337632,-1.1266025971697684,0.25574169994202517,
063_190℃_120_2.0mm.csv,2.0,120,1.47973,0.300157077,1.50494,0.300129566,0.02521,1.865661424,8.139122854,1.593175,6.226475838,1.5954,1.912647016,8.123082641,190,0.025209999999999955,1565531.858,694.1689805632698,80.0,55533.51844506158,42.957342193393124,2082.506941689809,0.02484999999999995,0.0004714207250428727,-0.0004714207250428727,704.4290255000551,13.420746158963627,-13.420746158963627,56354.32204000441,1073.6596927170933,-1073.6596927170933,1544474.4854000001,23776.240906865038,-23776.240906865038,2112.9811088331608,2153.5389238551124,2073.1871232183,41.764366819780136,43.22057358670713,40.35722321819475,8.082450891799999,0.036736359636875104,-0.036736359636875104,1.5924960000000001,0.0004328885537872463,-0.0004328885537872463,6.188512491599999,0.037100808919946486,-0.037100808919946486,1.594745,0.00041469868579491496,-0.00041469868579491496,1.8939384000000001,0.01768581968099037,-0.01768581968099037,8.0660547248,0.036995214391422705,-0.036995214391422705,0.8400000000001769,-0.8330027766761015,-0.8330027766761144,1.3560660023718714,-0.8330027766761231,2.207456956791995,,0.8168785073741824,0.04866867621200516,0.6329302526560934,0.04860076820568912,0.831440703529095,0.8192241056198807,
064_190℃_120_2.0mm.csv,2.0,120,1.47967,0.300058532,1.50467,0.300126863,0.025,1.844713112,8.073174824,1.5924,6.176299203,1.594625,1.89687562,8.057077123,190,0.02499999999999991,1544586.249,700.0000000000025,80.0,56000.000000000204,42.029557795918215,2100.0000000000077,0.02484999999999995,0.0004714207250428727,-0.0004714207250428727,704.4290255000551,13.420746158963627,-13.420746158963627,56354.32204000441,1073.6596927170933,-1073.6596927170933,1544474.4854000001,23776.240906865038,-23776.240906865038,2112.9811088331608,2153.5389238551124,2073.1871232183,41.764366819780136,43.22057358670713,40.35722321819475,8.082450891799999,0.036736359636875104,-0.036736359636875104,1.5924960000000001,0.0004328885537872463,-0.0004328885537872463,6.188512491599999,0.037100808919946486,-0.037100808919946486,1.594745,0.00041469868579491496,-0.00041469868579491496,1.8939384000000001,0.01768581968099037,-0.01768581968099037,8.0660547248,0.036995214391422705,-0.036995214391422705,0.0,0.0,0.0,0.0,0.0,0.0,,0.0,0.0,-0.1780295810674197,0.0,0.0,0.0,
065_190℃_120_2.0mm.csv,2.0,120,1.47967,0.300098454,1.505005,0.300133589,0.025335,1.870802254,8.04261405,1.592025,6.133735518,1.59432,1.908878532,8.025588709,190,0.025334999999999885,1570668.6649999998,690.7440299980295,80.0,55259.52239984236,43.31198979893858,2072.2320899940887,0.02484999999999995,0.0004714207250428727,-0.0004714207250428727,704.4290255000551,13.420746158963627,-13.420746158963627,56354.32204000441,1073.6596927170933,-1073.6596927170933,1544474.4854000001,23776.240906865038,-23776.240906865038,2112.9811088331608,2153.5389238551124,2073.1871232183,41.764366819780136,43.22057358670713,40.35722321819475,8.082450891799999,0.036736359636875104,-0.036736359636875104,1.5924960000000001,0.0004328885537872463,-0.0004328885537872463,6.188512491599999,0.037100808919946486,-0.037100808919946486,1.594745,0.00041469868579491496,-0.00041469868579491496,1.8939384000000001,0.01768581968099037,-0.01768581968099037,8.0660547248,0.036995214391422705,-0.036995214391422705,1.3399999999999015,-1.3222814288532765,-1.3222814288532863,1.6886344816863468,-1.3222814288532818,3.051262183740876,,-0.37854715977597836,-0.02354935945742365,-0.8659481493464672,-0.019126753939013856,0.6327727486950256,-0.39081683741254475,
071_190℃_160_2.0mm.csv,2.0,160,1.48337,0.300186407,1.501925,0.300104359,0.018555,1.691268382,8.000251139,1.57431,6.168945367,1.57722,1.831305772,7.978483214,190,0.018554999999999877,1391164.023,943.1420102398338,80.0,75451.3608191867,28.095835044097775,2829.426030719501,0.018466999999999966,0.00020977964629581211,-0.00020977964629581211,947.7343216971688,10.783750465621448,-10.783750465621448,75818.7457357735,862.7000372497233,-862.7000372497233,1396261.6247999999,18418.4940580072,-18418.4940580072,2843.055884316635,2875.5638305069506,2810.9154370335955,28.061645568908876,28.723603158515488,27.414943302529636,7.9833107624,0.018516295530024717,-0.018516295530024717,1.574146,0.00017928329537357678,-0.00017928329537357678,6.1513074818,0.015459179431975492,-0.015459179431975492,1.57701,0.00017772872587168138,-0.00017772872587168138,1.8320032808,0.008568350653421347,-0.008568350653421347,7.9622833298,0.018620104359803304,-0.018620104359803304,0.0,0.0,0.0,0.0,0.0,0.0,,0.2333593393274589,0.01207023606841502,0.2078375902336599,0.0174387819486428,0.0,0.21991766877940835,
072_190℃_160_2.0mm.csv,2.0,160,1.483695,0.300164615,1.5019,0.300152688,0.018205,1.689526016,7.981625271,1.574105,6.159363287,1.576945,1.822261984,7.960975622,190,0.018205000000000027,1389373.328,961.2743751716547,80.0,76901.95001373238,27.53038523672385,2883.8231255149644,0.018466999999999966,0.00020977964629581211,-0.00020977964629581211,947.7343216971688,10.783750465621448,-10.783750465621448,75818.7457357735,862.7000372497233,-862.7000372497233,1396261.6247999999,18418.4940580072,-18418.4940580072,2843.055884316635,2875.5638305069506,2810.9154370335955,28.061645568908876,28.723603158515488,27.414943302529636,7.9833107624,0.018516295530024717,-0.018516295530024717,1.574146,0.00017928329537357678,-0.00017928329537357678,6.1513074818,0.015459179431975492,-0.015459179431975492,1.57701,0.00017772872587168138,-0.00017772872587168138,1.8320032808,0.008568350653421347,-0.008568350653421347,7.9622833298,0.018620104359803304,-0.018620104359803304,-1.8862840204788616,1.922548750342485,1.9225487503424972,-0.12871918554495748,1.9225487503425134,-2.0125751965956025,,0.0,-0.0009529133738137006,0.052187076362499474,0.0,-0.49384369002032785,0.0,
073_190℃_160_2.0mm.csv,2.0,160,1.483435,0.300051214,1.501735,0.300056537,0.0183,1.672394873,7.955533331,1.57388,6.129321543,1.576785,1.826211788,7.933914507,190,0.018299999999999983,1372338.336,956.2841530054653,80.0,76502.73224043722,27.33473910073467,2868.8524590163956,0.018466999999999966,0.00020977964629581211,-0.00020977964629581211,947.7343216971688,10.783750465621448,-10.783750465621448,75818.7457357735,862.7000372497233,-862.7000372497233,1396261.6247999999,18418.4940580072,-18418.4940580072,2843.055884316635,2875.5638305069506,2810.9154370335955,28.061645568908876,28.723603158515488,27.414943302529636,7.9833107624,0.018516295530024717,-0.018516295530024717,1.574146,0.00017928329537357678,-0.00017928329537357678,6.1513074818,0.015459179431975492,-0.015459179431975492,1.57701,0.00017772872587168138,-0.00017772872587168138,1.8320032808,0.008568350653421347,-0.008568350653421347,7.9622833298,0.018620104359803304,-0.018620104359803304,-1.374292643491759,1.3934426229502386,1.393442622950246,-1.3532327381068385,1.3934426229502428,-2.7089280036294667,,-0.3269000875648925,-0.015246613981146163,-0.435808524925078,-0.01014620040647822,-0.2781613031469309,-0.3399220935335809,
074_190℃_160_2.0mm.csv,2.0,160,1.483535,0.300079567,1.50209,0.300148541,0.018555,1.70859974,7.97881093,1.57412,6.14275664,1.57694,1.83605429,7.958365981,190,0.018554999999999877,1408451.199,943.1420102398338,80.0,75451.3608191867,28.444965439395734,2829.426030719501,0.018466999999999966,0.00020977964629581211,-0.00020977964629581211,947.7343216971688,10.783750465621448,-10.783750465621448,75818.7457357735,862.7000372497233,-862.7000372497233,1396261.6247999999,18418.4940580072,-18418.4940580072,2843.055884316635,2875.5638305069506,2810.9154370335955,28.061645568908876,28.723603158515488,27.414943302529636,7.9833107624,0.018516295530024717,-0.018516295530024717,1.574146,0.00017928329537357678,-0.00017928329537357678,6.1513074818,0.015459179431975492,-0.015459179431975492,1.57701,0.00017772872587168138,-0.00017772872587168138,1.8320032808,0.008568350653421347,-0.008568350653421347,7.9622833298,0.018620104359803304,-0.018620104359803304,0.0,0.0,0.0,1.2426411058791431,0.0,1.2426411058791507,,-0.03526024969157629,0.0,-0.21756992203730668,-0.00031706876270464444,0.25929684013467846,-0.03278041692262669,
075_190℃_160_2.0mm.csv,2.0,160,1.483485,0.300008781,1.502205,0.300197511,0.01872,1.720178749,8.000333141,1.574315,6.156150572,1.57716,1.84418257,7.979677325,190,0.01872000000000007,1419981.2380000001,934.8290598290563,80.0,74786.3247863245,28.93284220447358,2804.4871794871688,0.018466999999999966,0.00020977964629581211,-0.00020977964629581211,947.7343216971688,10.783750465621448,-10.783750465621448,75818.7457357735,862.7000372497233,-862.7000372497233,1396261.6247999999,18418.4940580072,-18418.4940580072,2843.055884316635,2875.5638305069506,2810.9154370335955,28.061645568908876,28.723603158515488,27.414943302529636,7.9833107624,0.018516295530024717,-0.018516295530024717,1.574146,0.00017928329537357678,-0.00017928329537357678,6.1513074818,0.015459179431975492,-0.015459179431975492,1.57701,0.00017772872587168138,-0.00017772872587168138,1.8320032808,0.008568350653421347,-0.008568350653421347,7.9622833298,0.018620104359803304,-0.018620104359803304,0.8892481810843107,-0.8814102564112873,-0.8814102564112754,2.071446251021982,-0.8814102564112756,2.979114730215641,,0.23438672406699196,0.01238787385967685,0.0,0.01363395679620115,0.70314844177753,0.23491722482251845,
081_190℃_200_2.0mm.csv,2.0,200,1.48541,0.300158617,1.500265,0.300006993,0.014855,1.531303909,7.933354228,1.566485,6.157845758,1.56946,1.77550847,7.911305026,190,0.014855000000000063,1231296.916,1178.0545270952491,80.0,94244.36216761993,19.90847965951573,3534.163581285747,0.015511000000000007,0.000499604843851619,-0.000499604843851619,1129.179991777409,36.81011820737451,-36.81011820737451,90334.39934219272,2944.809456589956,-2944.809456589956,1305579.5414,60328.46487059123,-60328.46487059123,3386.111358124726,3497.6552403164956,3278.124726948149,22.013584412928424,23.8130545927823,20.350093971228965,7.983887880599999,0.033741313290519784,-0.033741313290519784,1.566821,0.00020132063977647212,-0.00020132063977647212,6.175770255,0.02495923794204026,-0.02495923794204026,1.56966,0.0001980845778954301,-0.0001980845778954301,1.8081176254,0.02376171458658673,-0.02376171458658673,7.9638817498,0.034109740828905145,-0.034109740828905145,-5.502544529261425,5.822955233927228,5.822955233927215,-7.3386825900905,5.822955233927207,-12.437412841971042,,-0.8238385766370473,-0.02744245858902062,-0.2451354145967889,-0.01688193791905969,-2.0889539386935567,-0.8610692432014079,
082_190℃_200_2.0mm.csv,2.0,200,1.485255,0.300037161,1.501145,0.300137782,0.01589,1.636762698,7.999255178,1.566975,6.180214604,1.569765,1.819040574,7.980018511,190,0.01588999999999996,1336624.9160000002,1101.3215859030865,80.0,88105.72687224692,23.11724616624757,3303.964757709259,0.015511000000000007,0.000499604843851619,-0.000499604843851619,1129.179991777409,36.81011820737451,-36.81011820737451,90334.39934219272,2944.809456589956,-2944.809456589956,1305579.5414,60328.46487059123,-60328.46487059123,3386.111358124726,3497.6552403164956,3278.124726948149,22.013584412928424,23.8130545927823,20.350093971228965,7.983887880599999,0.033741313290519784,-0.033741313290519784,1.566821,0.00020132063977647212,-0.00020132063977647212,6.175770255,0.02495923794204026,-0.02495923794204026,1.56966,0.0001980845778954301,-0.0001980845778954301,1.8081176254,0.02376171458658673,-0.02376171458658673,7.9638817498,0.034109740828905145,-0.034109740828905145,1.0814249363867936,-1.0698552548772995,-1.0698552548773157,0.5877818664735814,-1.0698552548773266,1.6755632225359907,,0.0,0.003829180268230822,0.11723176564035827,0.002548217044389304,0.31163941915710436,0.0,
083_190℃_200_2.0mm.csv,2.0,200,1.48536,0.300165347,1.50108,0.300114357,0.01572,1.628928743,7.965589212,1.566785,6.152199874,1.56945,1.813389338,7.947941648,190,0.015719999999999956,1328814.386,1113.231552162853,80.0,89058.52417302824,22.736285331069325,3339.6946564885593,0.015511000000000007,0.000499604843851619,-0.000499604843851619,1129.179991777409,36.81011820737451,-36.81011820737451,90334.39934219272,2944.809456589956,-2944.809456589956,1305579.5414,60328.46487059123,-60328.46487059123,3386.111358124726,3497.6552403164956,3278.124726948149,22.013584412928424,23.8130545927823,20.350093971228965,7.983887880599999,0.033741313290519784,-0.033741313290519784,1.566821,0.00020132063977647212,-0.00020132063977647212,6.175770255,0.02495923794204026,-0.02495923794204026,1.56966,0.0001980845778954301,-0.0001980845778954301,1.8081176254,0.02376171458658673,-0.02376171458658673,7.9638817498,0.034109740828905145,-0.034109740828905145,0.0,0.0,0.0,0.0,0.0,0.0,,-0.4208637585732991,-0.00829655724783817,-0.33659668466078513,-0.017518992180160554,0.0,-0.4019647693270914,
084_190℃_200_2.0mm.csv,2.0,200,1.485485,0.300159497,1.501465,0.300072235,0.01598,1.676218914,8.010672153,1.566915,6.172977913,1.5699,1.83769424,7.988793441,190,0.015980000000000105,1376146.6789999998,1095.118898623272,80.0,87609.51188986175,23.93559067256614,3285.356695869815,0.015511000000000007,0.000499604843851619,-0.000499604843851619,1129.179991777409,36.81011820737451,-36.81011820737451,90334.39934219272,2944.809456589956,-2944.809456589956,1305579.5414,60328.46487059123,-60328.46487059123,3386.111358124726,3497.6552403164956,3278.124726948149,22.013584412928424,23.8130545927823,20.350093971228965,7.983887880599999,0.033741313290519784,-0.033741313290519784,1.566821,0.00020132063977647212,-0.00020132063977647212,6.175770255,0.02495923794204026,-0.02495923794204026,1.56966,0.0001980845778954301,-0.0001980845778954301,1.8081176254,0.02376171458658673,-0.02376171458658673,7.9638817498,0.034109740828905145,-0.034109740828905145,1.6539440203571867,-1.6270337922412197,-1.6270337922412281,3.5619943235623452,-1.6270337922412468,5.274851736039541,,0.1427254756342703,0.0,0.0,0.011148449569194365,1.3403024651510402,0.10996127374773208,
085_190℃_200_2.0mm.csv,2.0,200,1.485355,0.30019605,1.500465,0.30010323,0.01511,1.55511804,8.010568632,1.566945,6.215613126,1.569725,1.794955505,7.991350123,190,0.015109999999999957,1255014.81,1158.1733951025844,80.0,92653.87160820675,20.640297990857086,3474.5201853077533,0.015511000000000007,0.000499604843851619,-0.000499604843851619,1129.179991777409,36.81011820737451,-36.81011820737451,90334.39934219272,2944.809456589956,-2944.809456589956,1305579.5414,60328.46487059123,-60328.46487059123,3386.111358124726,3497.6552403164956,3278.124726948149,22.013584412928424,23.8130545927823,20.350093971228965,7.983887880599999,0.033741313290519784,-0.033741313290519784,1.566821,0.00020132063977647212,-0.00020132063977647212,6.175770255,0.02495923794204026,-0.02495923794204026,1.56966,0.0001980845778954301,-0.0001980845778954301,1.8081176254,0.02376171458658673,-0.02376171458658673,7.9638817498,0.034109740828905145,-0.034109740828905145,-3.8804071246819407,4.0370615486432975,4.037061548643289,-5.553791167339145,4.037061548643283,-9.218688583873705,,0.14143134264693316,0.001914590134115411,0.6906749643508665,0.0,-1.0165402770224081,0.14199982098262345,
091_190℃_240_2.0mm.csv,2.0,240,1.486625,0.30009742,1.49963,0.300159023,0.013005,1.451596406,7.928154831,1.562715,6.153977543,1.56535,1.774177288,7.909683709,190,0.013004999999999933,1151437.383,1345.6362937331864,80.0,107650.90349865492,16.298713649975422,4036.9088811995593,0.012964999999999938,0.0007242237223399443,-0.0007242237223399443,1353.3209568267662,79.1360975763636,-79.1360975763636,108265.6765461413,6330.887806109087,-6330.887806109087,1144803.5476,83012.76580626689,-83012.76580626689,4054.578935632942,4293.115403945012,3829.296163380966,16.098963463355087,18.366768268255104,14.111171917075893,7.9833170226,0.04596389605391628,-0.04596389605391628,1.563052,0.0002602306669091992,-0.0002602306669091992,6.2044090768,0.03849505494308081,-0.03849505494308081,1.565704,0.000269615466915307,-0.000269615466915307,1.7789079458,0.03419321615138777,-0.03419321615138777,7.9646432892,0.04585061862260938,-0.04585061862260938,0.0,0.0,0.0,0.0,0.0,0.0,,-0.8101366546502882,-0.024950339228643655,-0.7044714142726253,-0.02554686252594322,-0.352797735708897,-0.8113347561060344,
092_190℃_240_2.0mm.csv,2.0,240,1.48655,0.300205282,1.500225,0.300190173,0.013675,1.530265435,8.011395029,1.563205,6.197638132,1.565885,1.813756897,7.99237388,190,0.013674999999999882,1230075.2619999999,1279.7074954296272,80.0,102376.59963437018,18.308875328271945,3839.122486288882,0.012964999999999938,0.0007242237223399443,-0.0007242237223399443,1353.3209568267662,79.1360975763636,-79.1360975763636,108265.6765461413,6330.887806109087,-6330.887806109087,1144803.5476,83012.76580626689,-83012.76580626689,4054.578935632942,4293.115403945012,3829.296163380966,16.098963463355087,18.366768268255104,14.111171917075893,7.9833170226,0.04596389605391628,-0.04596389605391628,1.563052,0.0002602306669091992,-0.0002602306669091992,6.2044090768,0.03849505494308081,-0.03849505494308081,1.565704,0.000269615466915307,-0.000269615466915307,1.7789079458,0.03419321615138777,-0.03419321615138777,7.9646432892,0.04585061862260938,-0.04585061862260938,5.151864667435231,-4.8994515539301915,-4.899451553930191,6.829540204358639,-4.89945155393018,12.333253540530508,,0.23128900371041972,0.006397522879140492,0.0,0.008622066102506546,1.8702029363437587,0.2256128630442438,
093_190℃_240_2.0mm.csv,2.0,240,1.48659,0.30006756,1.499505,0.300140419,0.012915,1.435547036,8.038831428,1.563365,6.258372722,1.566015,1.780458706,8.020141592,190,0.01291500000000001,1135406.617,1355.0135501355003,80.0,108401.08401084002,15.960573016114303,4065.0406504065004,0.012964999999999938,0.0007242237223399443,-0.0007242237223399443,1353.3209568267662,79.1360975763636,-79.1360975763636,108265.6765461413,6330.887806109087,-6330.887806109087,1144803.5476,83012.76580626689,-83012.76580626689,4054.578935632942,4293.115403945012,3829.296163380966,16.098963463355087,18.366768268255104,14.111171917075893,7.9833170226,0.04596389605391628,-0.04596389605391628,1.563052,0.0002602306669091992,-0.0002602306669091992,6.2044090768,0.03849505494308081,-0.03849505494308081,1.565704,0.000269615466915307,-0.000269615466915307,1.7789079458,0.03419321615138777,-0.03419321615138777,7.9646432892,0.04585061862260938,-0.04585061862260938,-0.6920415224907647,0.6968641114976615,0.696864111497648,-1.39223949445107,0.6968641114976503,-2.074646141547675,,0.5745482772121853,0.016633559485762436,0.9799634748987962,0.016924796423436674,0.0,0.573824294940436,
094_190℃_240_2.0mm.csv,2.0,240,1.486525,0.300169133,1.49996,0.300042499,0.013435,1.495126063,7.992908311,1.563105,6.191520363,1.56575,1.801387948,7.974382647,190,0.013434999999999864,1195083.564,1302.5679196129645,80.0,104205.43356903715,17.475861422954928,3907.7037588388935,0.012964999999999938,0.0007242237223399443,-0.0007242237223399443,1353.3209568267662,79.1360975763636,-79.1360975763636,108265.6765461413,6330.887806109087,-6330.887806109087,1144803.5476,83012.76580626689,-83012.76580626689,4054.578935632942,4293.115403945012,3829.296163380966,16.098963463355087,18.366768268255104,14.111171917075893,7.9833170226,0.04596389605391628,-0.04596389605391628,1.563052,0.0002602306669091992,-0.0002602306669091992,6.2044090768,0.03849505494308081,-0.03849505494308081,1.565704,0.000269615466915307,-0.000269615466915307,1.7789079458,0.03419321615138777,-0.03419321615138777,7.9646432892,0.04585061862260938,-0.04585061862260938,3.306420607458152,-3.2005954596199073,-3.2005954596199206,3.79058224480107,-3.2005954596199073,7.222335444744016,,0.0,0.0,-0.09871129726680508,0.0,1.1754971867345299,0.0,
095_190℃_240_2.0mm.csv,2.0,240,1.486745,0.300197159,1.49854,0.300100981,0.011795,1.312115893,7.945295514,1.56287,6.220536624,1.56552,1.72475889,7.926634618,190,0.011795,1012014.9120000001,1483.679525222552,80.0,118694.36201780416,12.992343822628573,4451.038575667656,0.012964999999999938,0.0007242237223399443,-0.0007242237223399443,1353.3209568267662,79.1360975763636,-79.1360975763636,108265.6765461413,6330.887806109087,-6330.887806109087,1144803.5476,83012.76580626689,-83012.76580626689,4054.578935632942,4293.115403945012,3829.296163380966,16.098963463355087,18.366768268255104,14.111171917075893,7.9833170226,0.04596389605391628,-0.04596389605391628,1.563052,0.0002602306669091992,-0.0002602306669091992,6.2044090768,0.03849505494308081,-0.03849505494308081,1.565704,0.000269615466915307,-0.000269615466915307,1.7789079458,0.03419321615138777,-0.03419321615138777,7.9646432892,0.04585061862260938,-0.04585061862260938,-9.304113802383233,10.258584145823942,10.258584145823935,-12.10855866401897,10.258584145823942,-20.286078388473527,圧力差・樹脂粘度,-0.5956880167694971,-0.015034178765980868,0.3694712648963736,-0.014689445952415931,-3.128396958171293,-0.5987677179996261,
021_210℃_010_2.0mm.csv,2.0,10,1.15142,0.300018876,1.47714,0.300022383,0.32572,1.411217366,8.169906517,2.74846,6.371902984,2.74996,1.798003533,8.168446296,210,0.3257199999999998,1111194.983,53.72712759425277,80.0,4298.170207540222,393.9465903268133,161.18138278275833,0.312296,0.014039482896460145,-0.014039482896460145,56.13102677514257,2.627483904840918,-2.627483904840918,4490.482142011406,210.1987123872737,-210.1987123872737,1059754.647,52336.87486980075,-52336.87486980075,168.24944249134398,176.14886419655195,160.704271513561,359.5651680515043,395.92721330037966,326.5426213020113,8.2897280342,0.07185291465886881,-0.07185291465886881,2.770164,0.01248315985638246,-0.01248315985638246,6.515727685,0.08588975787554022,-0.08588975787554022,2.7717280000000004,0.012536942210921932,-0.012536942210921932,1.7740003492,0.03375024772232424,-0.03375024772232424,8.288025482,0.07167947960795439,-0.07167947960795439,2.90660937697456,-2.8245118506692446,-2.824511850669252,3.5793574569658517,-2.8245118506692486,6.590004773420001,,-1.5293258020637686,-0.8978279055008979,-2.6315377604962484,-0.9073416115943613,0.6020920988678768,-1.5210589522436737,
022_210℃_010_2.0mm.csv,2.0,10,1.15206,0.300032279,1.46236,0.30002278,0.3103,1.352441422,8.356770113,2.77988,6.578400974,2.78174,1.778369139,8.35437982,210,0.3103,1052418.6420000002,56.397035127296164,80.0,4511.762810183693,355.44544719738786,169.19110538188846,0.312296,0.014039482896460145,-0.014039482896460145,56.13102677514257,2.627483904840918,-2.627483904840918,4490.482142011406,210.1987123872737,-210.1987123872737,1059754.647,52336.87486980075,-52336.87486980075,168.24944249134398,176.14886419655195,160.704271513561,359.5651680515043,395.92721330037966,326.5426213020113,8.2897280342,0.07185291465886881,-0.07185291465886881,2.770164,0.01248315985638246,-0.01248315985638246,6.515727685,0.08588975787554022,-0.08588975787554022,2.7717280000000004,0.012536942210921932,-0.012536942210921932,1.7740003492,0.03375024772232424,-0.03375024772232424,8.288025482,0.07167947960795439,-0.07167947960795439,-1.9651206874762714,2.004511762810152,2.004511762810131,-1.899443048427984,2.0045117628101172,-3.827237387612767,,0.7229134668780163,0.23509389332795175,0.5239389930475583,0.2378258394171163,-0.4964936809930171,0.7205590844402411,
023_210℃_010_2.0mm.csv,2.0,10,1.1513,0.300000756,1.471,0.300040784,0.3197,1.388028483,8.331356496,2.77668,6.54411381,2.77792,1.787242686,8.330301982,210,0.3197000000000001,1087987.6990000003,54.73881764153893,80.0,4379.105411323115,378.5901141445443,164.21645292461682,0.312296,0.014039482896460145,-0.014039482896460145,56.13102677514257,2.627483904840918,-2.627483904840918,4490.482142011406,210.1987123872737,-210.1987123872737,1059754.647,52336.87486980075,-52336.87486980075,168.24944249134398,176.14886419655195,160.704271513561,359.5651680515043,395.92721330037966,326.5426213020113,8.2897280342,0.07185291465886881,-0.07185291465886881,2.770164,0.01248315985638246,-0.01248315985638246,6.515727685,0.08588975787554022,-0.08588975787554022,2.7717280000000004,0.012536942210921932,-0.012536942210921932,1.7740003492,0.03375024772232424,-0.03375024772232424,8.288025482,0.07167947960795439,-0.07167947960795439,1.0046758498673651,-0.9946825148577313,-0.9946825148577312,1.4161047409109786,-0.9946825148577312,2.435007853119073,,0.4166069020977571,0.1197103874001208,0.0,0.1001751262999346,0.0,0.4302762199840499,
024_210℃_010_2.0mm.csv,2.0,10,1.15312,0.300009715,1.44236,0.300032851,0.28924,1.274408975,8.293815555,2.77244,6.578831279,2.77388,1.714984276,8.292387074,210,0.28924000000000016,974376.1240000001,60.503388189738594,80.0,4840.271055179088,306.75216338041923,181.5101645692158,0.312296,0.014039482896460145,-0.014039482896460145,56.13102677514257,2.627483904840918,-2.627483904840918,4490.482142011406,210.1987123872737,-210.1987123872737,1059754.647,52336.87486980075,-52336.87486980075,168.24944249134398,176.14886419655195,160.704271513561,359.5651680515043,395.92721330037966,326.5426213020113,8.2897280342,0.07185291465886881,-0.07185291465886881,2.770164,0.01248315985638246,-0.01248315985638246,6.515727685,0.08588975787554022,-0.08588975787554022,2.7717280000000004,0.012536942210921932,-0.012536942210921932,1.7740003492,0.03375024772232424,-0.03375024772232424,8.288025482,0.07167947960795439,-0.07167947960795439,-8.618728674333298,9.431613884663168,9.431613884663163,-9.174128402873746,9.431613884663152,-17.002163841928414,,-0.03586850415111809,-0.03317275795424359,0.5305144440940015,-0.045403114797805406,-4.043010530468042,-0.026826618727328794,
025_210℃_010_2.0mm.csv,2.0,10,1.15134,0.300017978,1.46786,0.300026154,0.31652,1.372821941,8.29679149,2.77336,6.505389378,2.77514,1.791402112,8.294612238,210,0.3165199999999999,1072795.787,55.288765322886405,80.0,4423.101225830913,369.5905551033904,165.86629596865924,0.312296,0.014039482896460145,-0.014039482896460145,56.13102677514257,2.627483904840918,-2.627483904840918,4490.482142011406,210.1987123872737,-210.1987123872737,1059754.647,52336.87486980075,-52336.87486980075,168.24944249134398,176.14886419655195,160.704271513561,359.5651680515043,395.92721330037966,326.5426213020113,8.2897280342,0.07185291465886881,-0.07185291465886881,2.770164,0.01248315985638246,-0.01248315985638246,6.515727685,0.08588975787554022,-0.08588975787554022,2.7717280000000004,0.012536942210921932,-0.012536942210921932,1.7740003492,0.03375024772232424,-0.03375024772232424,8.288025482,0.07167947960795439,-0.07167947960795439,0.0,0.0,0.0,0.0,0.0,0.0,,0.0,0.0,-0.5917444763999227,0.0,0.23272866256956604,0.0,
031_210℃_020_2.0mm.csv,2.0,20,1.32667,0.300003057,1.475085,0.300020319,0.148415,1.306694307,7.519706478,2.1004,5.890322599,2.101635,1.629383879,7.517956146,210,0.14841499999999996,1006673.9880000001,117.91260991139713,80.0,9433.00879291177,162.61825298396732,353.7378297341914,0.15152099999999996,0.002635378056370668,-0.002635378056370668,115.5233871042345,2.001358114537449,-2.001358114537449,9241.87096833876,160.10864916299607,-160.10864916299607,1027512.7962000001,20461.383260730894,-20461.383260730894,346.52844593669676,352.59638308084357,340.56493374683794,169.41110971111303,175.80793981644203,163.2470303873424,7.593098973400001,0.04471538541450695,-0.04471538541450695,2.1080639999999997,0.004574843439944119,-0.004574843439944119,5.9452523458,0.031674088905957874,-0.031674088905957874,2.109337,0.00459920862757948,-0.00459920862757948,1.6478466278,0.017306630868225814,-0.017306630868225814,7.5912340916000005,0.04465118021206049,-0.04465118021206049,-1.3526088401462344,1.3711552066839656,1.3711552066839632,-1.2024130124905128,1.3711552066839532,-2.538757907934723,,-1.0594630332071218,-0.4070678549159935,-1.0282908077610067,-0.40989724136788486,-0.7276587169134727,-1.0616151541314258,
032_210℃_020_2.0mm.csv,2.0,20,1.32583,0.300005321,1.479105,0.300014806,0.153275,1.337634164,7.613155745,2.10993,5.951467986,2.111315,1.661687759,7.610958886,210,0.15327499999999983,1037619.3579999999,114.17387049420988,80.0,9133.90963953679,173.1059669087889,342.5216114826297,0.15152099999999996,0.002635378056370668,-0.002635378056370668,115.5233871042345,2.001358114537449,-2.001358114537449,9241.87096833876,160.10864916299607,-160.10864916299607,1027512.7962000001,20461.383260730894,-20461.383260730894,346.52844593669676,352.59638308084357,340.56493374683794,169.41110971111303,175.80793981644203,163.2470303873424,7.593098973400001,0.04471538541450695,-0.04471538541450695,2.1080639999999997,0.004574843439944119,-0.004574843439944119,5.9452523458,0.031674088905957874,-0.031674088905957874,2.109337,0.00459920862757948,-0.00459920862757948,1.6478466278,0.017306630868225814,-0.017306630868225814,7.5912340916000005,0.04465118021206049,-0.04465118021206049,1.8777002326353314,-1.8430924808350129,-1.84309248083502,1.8346455793479033,-1.8430924808350166,3.7467949562946945,,0.17009568470075587,0.04480828455393242,-0.0008999715378284881,0.04880857324956782,1.2404973704635833,0.1623266597265805,
033_210℃_020_2.0mm.csv,2.0,20,1.32653,0.300020261,1.481605,0.300002924,0.155075,1.358126736,7.639555872,2.112595,5.969389632,2.113855,1.670166241,7.637725636,210,0.15507500000000007,1058123.8120000002,112.84862163469283,80.0,9027.889730775427,178.599782471728,338.5458649040785,0.15152099999999996,0.002635378056370668,-0.002635378056370668,115.5233871042345,2.001358114537449,-2.001358114537449,9241.87096833876,160.10864916299607,-160.10864916299607,1027512.7962000001,20461.383260730894,-20461.383260730894,346.52844593669676,352.59638308084357,340.56493374683794,169.41110971111303,175.80793981644203,163.2470303873424,7.593098973400001,0.04471538541450695,-0.04471538541450695,2.1080639999999997,0.004574843439944119,-0.004574843439944119,5.9452523458,0.031674088905957874,-0.031674088905957874,2.109337,0.00459920862757948,-0.00459920862757948,1.6478466278,0.017306630868225814,-0.017306630868225814,7.5912340916000005,0.04465118021206049,-0.04465118021206049,3.074111000332404,-2.9824278574883816,-2.9824278574883887,3.847005689815377,-2.9824278574884016,7.039377915241815,,0.5174553521310473,0.17117238861346426,0.30022715797786653,0.16917146262234015,1.757059961707004,0.5145845023028771,
034_210℃_020_2.0mm.csv,2.0,20,1.325845,0.300002412,1.476235,0.300005704,0.15039,1.316226844,7.600228085,2.10841,5.963559964,2.109595,1.636668121,7.598624293,210,0.15039000000000002,1016221.1400000001,116.36411995478421,80.0,9309.129596382738,166.34503101453066,349.0923598643527,0.15152099999999996,0.002635378056370668,-0.002635378056370668,115.5233871042345,2.001358114537449,-2.001358114537449,9241.87096833876,160.10864916299607,-160.10864916299607,1027512.7962000001,20461.383260730894,-20461.383260730894,346.52844593669676,352.59638308084357,340.56493374683794,169.41110971111303,175.80793981644203,163.2470303873424,7.593098973400001,0.04471538541450695,-0.04471538541450695,2.1080639999999997,0.004574843439944119,-0.004574843439944119,5.9452523458,0.031674088905957874,-0.031674088905957874,2.109337,0.00459920862757948,-0.00459920862757948,1.6478466278,0.017306630868225814,-0.017306630868225814,7.5912340916000005,0.04465118021206049,-0.04465118021206049,-0.03988035892319641,0.03989626969875139,0.03989626969874894,-0.2654308400625358,0.039896269698755454,-0.30520534421400963,,0.0,-0.02726430012541541,0.2022745931928233,-0.03269700538079356,-0.2838567576990454,0.0,
035_210℃_020_2.0mm.csv,2.0,20,1.32617,0.300002167,1.47662,0.300003033,0.15045,1.318928716,7.592848687,2.108985,5.951521548,2.110285,1.641327139,7.590905497,210,0.15044999999999997,1018925.683,116.31771352608843,80.0,9305.417082087075,166.8542791916734,348.95314057826533,0.15152099999999996,0.002635378056370668,-0.002635378056370668,115.5233871042345,2.001358114537449,-2.001358114537449,9241.87096833876,160.10864916299607,-160.10864916299607,1027512.7962000001,20461.383260730894,-20461.383260730894,346.52844593669676,352.59638308084357,340.56493374683794,169.41110971111303,175.80793981644203,163.2470303873424,7.593098973400001,0.04471538541450695,-0.04471538541450695,2.1080639999999997,0.004574843439944119,-0.004574843439944119,5.9452523458,0.031674088905957874,-0.031674088905957874,2.109337,0.00459920862757948,-0.00459920862757948,1.6478466278,0.017306630868225814,-0.017306630868225814,7.5912340916000005,0.04465118021206049,-0.04465118021206049,0.0,0.0,0.0,0.0,0.0,0.0,,-0.09709442818649718,0.0,0.0,0.0,0.0,-0.1015814929435503,
041_210℃_040_2.0mm.csv,2.0,40,1.42496,0.300004145,1.49993,0.300066721,0.07497,1.498866432,7.314659339,1.7895,5.662543991,1.79068,1.652115348,7.311780286,210,0.07496999999999998,1198799.711,233.42670401493936,80.0,18674.13632119515,97.82205641759997,700.2801120448181,0.07400200000000004,0.0009047554918319171,-0.0009047554918319171,236.50851501088127,2.9057495403310916,-2.9057495403310916,18920.681200870506,232.45996322648608,-232.45996322648608,1186832.5546,13247.603770192583,-13247.603770192583,709.4828444491558,718.2319685470737,700.8402975795331,95.58457270924367,97.84059979084994,93.3805655273909,7.373969356000001,0.036551626665551354,-0.036551626665551354,1.792005,0.0015189840354658242,-0.0015189840354658242,5.726126416,0.04129058159158546,-0.04129058159158546,1.793199,0.0015270003274393549,-0.0015270003274393549,1.6478429397999999,0.00965855337794255,-0.00965855337794255,7.3710040262000005,0.03649669047284135,-0.03649669047284135,0.7999999999998663,-0.7936507936506708,-0.7936507936506708,0.6514808884583511,-0.7936507936506867,1.4566927355659114,,-1.0448811964994353,-0.17989373718779017,-1.2184343425356798,-0.18227932774045455,0.035754109084366645,-1.0420487537159673,
042_210℃_040_2.0mm.csv,2.0,40,1.42509,0.300053658,1.499465,0.300012434,0.074375,1.491052745,7.364001578,1.791675,5.712476718,1.792865,1.65152486,7.361071529,210,0.07437500000000008,1191040.311,235.29411764705858,80.0,18823.529411764688,96.41754898571436,705.8823529411759,0.07400200000000004,0.0009047554918319171,-0.0009047554918319171,236.50851501088127,2.9057495403310916,-2.9057495403310916,18920.681200870506,232.45996322648608,-232.45996322648608,1186832.5546,13247.603770192583,-13247.603770192583,709.4828444491558,718.2319685470737,700.8402975795331,95.58457270924367,97.84059979084994,93.3805655273909,7.373969356000001,0.036551626665551354,-0.036551626665551354,1.792005,0.0015189840354658242,-0.0015189840354658242,5.726126416,0.04129058159158546,-0.04129058159158546,1.793199,0.0015270003274393549,-0.0015270003274393549,1.6478429397999999,0.00965855337794255,-0.00965855337794255,7.3710040262000005,0.03649669047284135,-0.03649669047284135,0.0,0.0,0.0,0.0,0.0,0.0,,-0.3773631487015738,-0.0585700539681209,-0.34737127292486636,-0.06048106134507665,0.0,-0.37493893492091085,
043_210℃_040_2.0mm.csv,2.0,40,1.425395,0.300014435,1.4999,0.300057238,0.074505,1.498347679,7.391895869,1.792725,5.732389392,1.79395,1.659506477,7.388774923,210,0.07450500000000004,1198290.441,234.88356486141856,80.0,18790.685188913485,97.1740182930123,704.6506945842557,0.07400200000000004,0.0009047554918319171,-0.0009047554918319171,236.50851501088127,2.9057495403310916,-2.9057495403310916,18920.681200870506,232.45996322648608,-232.45996322648608,1186832.5546,13247.603770192583,-13247.603770192583,709.4828444491558,718.2319685470737,700.8402975795331,95.58457270924367,97.84059979084994,93.3805655273909,7.373969356000001,0.036551626665551354,-0.036551626665551354,1.792005,0.0015189840354658242,-0.0015189840354658242,5.726126416,0.04129058159158546,-0.04129058159158546,1.793199,0.0015270003274393549,-0.0015270003274393549,1.6478429397999999,0.00965855337794255,-0.00965855337794255,7.3710040262000005,0.03649669047284135,-0.03649669047284135,0.17478991596633725,-0.17448493389700934,-0.17448493389701655,0.6087224700155528,-0.17448493389702943,0.7845763714757108,,0.0,0.0,0.0,0.0,0.4832877296197646,0.0,
044_210℃_040_2.0mm.csv,2.0,40,1.42518,0.300064001,1.49861,0.300033474,0.07343,1.476791889,7.406248556,1.793275,5.765677604,1.79447,1.640570952,7.403250183,210,0.0734300000000001,1176758.415,238.32221163012358,80.0,19065.776930409887,94.05101541600014,714.9666348903708,0.07400200000000004,0.0009047554918319171,-0.0009047554918319171,236.50851501088127,2.9057495403310916,-2.9057495403310916,18920.681200870506,232.45996322648608,-232.45996322648608,1186832.5546,13247.603770192583,-13247.603770192583,709.4828444491558,718.2319685470737,700.8402975795331,95.58457270924367,97.84059979084994,93.3805655273909,7.373969356000001,0.036551626665551354,-0.036551626665551354,1.792005,0.0015189840354658242,-0.0015189840354658242,5.726126416,0.04129058159158546,-0.04129058159158546,1.793199,0.0015270003274393549,-0.0015270003274393549,1.6478429397999999,0.00965855337794255,-0.00965855337794255,7.3710040262000005,0.03649669047284135,-0.03649669047284135,-1.270588235294081,1.2869399428026225,1.2869399428026225,-1.1991110517501158,1.2869399428026063,-2.45446352309252,,0.1941678732271193,0.030679552078542466,0.5807039564768008,0.028986315114695283,-0.6632602551317374,0.19590879612452652,
045_210℃_040_2.0mm.csv,2.0,40,1.425445,0.300056577,1.498175,0.300043376,0.07273,1.469317271,7.393041438,1.79285,5.757544375,1.79403,1.635497062,7.39014321,210,0.07272999999999996,1169273.8949999998,240.61597690086634,80.0,19249.278152069306,92.56194871657137,721.8479307025989,0.07400200000000004,0.0009047554918319171,-0.0009047554918319171,236.50851501088127,2.9057495403310916,-2.9057495403310916,18920.681200870506,232.45996322648608,-232.45996322648608,1186832.5546,13247.603770192583,-13247.603770192583,709.4828444491558,718.2319685470737,700.8402975795331,95.58457270924367,97.84059979084994,93.3805655273909,7.373969356000001,0.036551626665551354,-0.036551626665551354,1.792005,0.0015189840354658242,-0.0015189840354658242,5.726126416,0.04129058159158546,-0.04129058159158546,1.793199,0.0015270003274393549,-0.0015270003274393549,1.6478429397999999,0.00965855337794255,-0.00965855337794255,7.3710040262000005,0.03649669047284135,-0.03649669047284135,-2.2117647058825103,2.2617901828682996,2.261790182868285,-1.82751295644436,2.261790182868259,-3.9988573757607746,,0.015497634440501878,0.006972625472403897,0.4388219515426838,0.004459433094572313,-0.9704848160747693,0.018518455552635375,
051_210℃_080_2.0mm.csv,2.0,80,1.467695,0.300084068,1.505035,0.30001672,0.03734,1.700324369,7.410601264,1.639275,5.704679754,1.64075,1.70592151,7.403739319,210,0.03733999999999993,1400307.6490000002,468.6663095875745,80.0,37493.30476700596,56.91155114411963,1405.9989287627236,0.037174,0.0008829949037224829,-0.0008829949037224829,470.97233712943626,11.223462313965054,-11.223462313965054,37677.78697035489,897.8769851172026,-897.8769851172026,1396069.9096000001,32073.363385133,-32073.363385133,1412.5968217977065,1446.6065912001443,1379.3866232128241,56.4623978814003,59.16275995237887,53.88528826382738,7.506868539200001,0.05659645468302897,-0.05659645468302897,1.641085,0.0010643131588023518,-0.0010643131588023518,5.792637812400001,0.0605255960894407,-0.0605255960894407,1.6425429999999999,0.0010500452371207591,-0.0010500452371207591,1.7142307265999999,0.023320677554343222,-0.023320677554343222,7.500078791,0.05666800440473669,-0.05666800440473669,0.416834745192699,-0.4151044456344617,-0.4151044456344666,0.33737428418349313,-0.4151044456344698,0.7556153226140115,,-1.4642277893646622,-0.13402579996649233,-1.5114938639686304,-0.1314740308355395,-0.5387984803758431,-1.4695254947545122,
052_210℃_080_2.0mm.csv,2.0,80,1.46771,0.300025012,1.506095,0.30015197,0.038385,1.742504914,7.520721762,1.641475,5.771923665,1.64291,1.748798096,7.514161843,210,0.03838499999999989,1442352.9440000001,455.90725543832355,80.0,36472.58043506589,60.26091728483249,1367.7217663149709,0.037174,0.0008829949037224829,-0.0008829949037224829,470.97233712943626,11.223462313965054,-11.223462313965054,37677.78697035489,897.8769851172026,-897.8769851172026,1396069.9096000001,32073.363385133,-32073.363385133,1412.5968217977065,1446.6065912001443,1379.3866232128241,56.4623978814003,59.16275995237887,53.88528826382738,7.506868539200001,0.05659645468302897,-0.05659645468302897,1.641085,0.0010643131588023518,-0.0010643131588023518,5.792637812400001,0.0605255960894407,-0.0605255960894407,1.6425429999999999,0.0010500452371207591,-0.0010500452371207591,1.7142307265999999,0.023320677554343222,-0.023320677554343222,7.500078791,0.05666800440473669,-0.05666800440473669,3.2271077047192875,-3.1262211801481627,-3.126221180148155,3.350079745241716,-3.126221180148158,6.685298131533936,,0.0,0.0,-0.3505606255181213,0.0,1.9610567214144756,0.0,
053_210℃_080_2.0mm.csv,2.0,80,1.46792,0.300037526,1.503825,0.300044851,0.035905,1.652354759,7.54777196,1.641745,5.863582423,1.643195,1.684189537,7.54100302,210,0.035905000000000076,1352309.908,487.39729842640196,80.0,38991.78387411216,52.84863918012528,1462.1918952792062,0.037174,0.0008829949037224829,-0.0008829949037224829,470.97233712943626,11.223462313965054,-11.223462313965054,37677.78697035489,897.8769851172026,-897.8769851172026,1396069.9096000001,32073.363385133,-32073.363385133,1412.5968217977065,1446.6065912001443,1379.3866232128241,56.4623978814003,59.16275995237887,53.88528826382738,7.506868539200001,0.05659645468302897,-0.05659645468302897,1.641085,0.0010643131588023518,-0.0010643131588023518,5.792637812400001,0.0605255960894407,-0.0605255960894407,1.6425429999999999,0.0010500452371207591,-0.0010500452371207591,1.7142307265999999,0.023320677554343222,-0.023320677554343222,7.500078791,0.05666800440473669,-0.05666800440473669,-3.442248218367479,3.564963097061532,3.5649630970615367,-3.1018465948508642,3.5649630970615394,-6.437321554070602,,0.35967555849063754,0.016448620904978294,1.2318830065497917,0.017347267957457724,-1.8058486543149936,0.3572078637753086,
054_210℃_080_2.0mm.csv,2.0,80,1.467745,0.300130076,1.50493,0.300036603,0.037185,1.695635859,7.54785599,1.6419,5.830774281,1.64334,1.717081709,7.541195524,210,0.037185000000000024,1395599.256,470.61987360494794,80.0,37649.589888395836,56.484743765289835,1411.859620814844,0.037174,0.0008829949037224829,-0.0008829949037224829,470.97233712943626,11.223462313965054,-11.223462313965054,37677.78697035489,897.8769851172026,-897.8769851172026,1396069.9096000001,32073.363385133,-32073.363385133,1412.5968217977065,1446.6065912001443,1379.3866232128241,56.4623978814003,59.16275995237887,53.88528826382738,7.506868539200001,0.05659645468302897,-0.05659645468302897,1.641085,0.0010643131588023518,-0.0010643131588023518,5.792637812400001,0.0605255960894407,-0.0605255960894407,1.6425429999999999,0.0010500452371207591,-0.0010500452371207591,1.7142307265999999,0.023320677554343222,-0.023320677554343222,7.500078791,0.05666800440473669,-0.05666800440473669,0.0,0.0,0.0,0.0,0.0,0.0,,0.3607928714648336,0.025891347720793656,0.6654664794146515,0.02617307095336509,0.11188022625356979,0.3597697463115423,
055_210℃_080_2.0mm.csv,2.0,80,1.467755,0.300045603,1.50481,0.300128742,0.037055,1.689908533,7.50739172,1.64103,5.792228939,1.64252,1.715162781,7.500294249,210,0.03705500000000006,1389779.791,472.27094858993314,80.0,37781.67588719465,56.05256071347492,1416.8128457697994,0.037174,0.0008829949037224829,-0.0008829949037224829,470.97233712943626,11.223462313965054,-11.223462313965054,37677.78697035489,897.8769851172026,-897.8769851172026,1396069.9096000001,32073.363385133,-32073.363385133,1412.5968217977065,1446.6065912001443,1379.3866232128241,56.4623978814003,59.16275995237887,53.88528826382738,7.506868539200001,0.05659645468302897,-0.05659645468302897,1.641085,0.0010643131588023518,-0.0010643131588023518,5.792637812400001,0.0605255960894407,-0.0605255960894407,1.6425429999999999,0.0010500452371207591,-0.0010500452371207591,1.7142307265999999,0.023320677554343222,-0.023320677554343222,7.500078791,0.05666800440473669,-0.05666800440473669,-0.3496033346778631,0.3508298475238555,0.3508298475238531,-0.4169868230425657,0.3508298475238434,-0.7651323578819096,,-0.17724418509075227,-0.027109764084133396,0.0,-0.02373836667864414,0.0,-0.18455277234836778,
061_210℃_120_2.0mm.csv,2.0,120,1.478305,0.300145953,1.503455,0.300002502,0.02515,1.729033441,7.168057438,1.58945,5.462541523,1.59171,1.705515915,7.153399923,210,0.025150000000000006,1429030.939,695.8250497017891,80.0,55666.003976143125,39.11850679276192,2087.475149105367,0.024914000000000103,0.000633999211355971,-0.000633999211355971,702.7802290490083,17.879010265687512,-17.879010265687512,56222.41832392067,1430.320821254998,-1430.320821254998,1412019.5568,41202.92253670331,-41202.92253670331,2107.7947917797005,2162.117384961475,2054.8370385231387,38.26711302534154,40.415079649831405,36.23330578541549,7.2823103934,0.0701742282692959,-0.0701742282692959,1.5909369999999998,0.0009181135550680778,-0.0009181135550680778,5.5786485952,0.0728451039002662,-0.0728451039002662,1.593185,0.0009129553658312605,-0.0009129553658312605,1.703661798,0.022296635234090575,-0.022296635234090575,7.2677410708,0.07023801264413589,-0.07023801264413589,0.17924716191934054,-0.17892644135128868,-0.17892644135129845,0.0,-0.17892644135129412,0.0,,-1.8753876827124154,-0.11406019739012045,-2.3544870747054074,-0.11765924001544134,0.0,-1.8673342295955895,
062_210℃_120_2.0mm.csv,2.0,120,1.478165,0.300107429,1.50391,0.300057854,0.025745,1.759679451,7.30505555,1.591265,5.570919706,1.593585,1.734135844,7.289519618,210,0.02574500000000013,1459621.5969999998,679.7436395416552,80.0,54379.491163332415,40.90117879158115,2039.2309186249654,0.024914000000000103,0.000633999211355971,-0.000633999211355971,702.7802290490083,17.879010265687512,-17.879010265687512,56222.41832392067,1430.320821254998,-1430.320821254998,1412019.5568,41202.92253670331,-41202.92253670331,2107.7947917797005,2162.117384961475,2054.8370385231387,38.26711302534154,40.415079649831405,36.23330578541549,7.2823103934,0.0701742282692959,-0.0701742282692959,1.5909369999999998,0.0009181135550680778,-0.0009181135550680778,5.5786485952,0.0728451039002662,-0.0728451039002662,1.593185,0.0009129553658312605,-0.0009129553658312605,1.703661798,0.022296635234090575,-0.022296635234090575,7.2677410708,0.07023801264413589,-0.07023801264413589,2.5492929695278628,-2.4859195960379465,-2.4859195960379465,2.1406575018877056,-2.4859195960379465,4.55710645670422,,0.0,0.0,-0.4171758022165306,0.0,1.6780804417178357,0.0,
063_210℃_120_2.0mm.csv,2.0,120,1.47823,0.300101864,1.502385,0.300083437,0.024155,1.658670856,7.269826197,1.590745,5.594257595,1.59297,1.675568601,7.255555395,210,0.02415500000000015,1358587.419,724.4876837093725,80.0,57959.0146967498,35.71883440102879,2173.4630511281175,0.024914000000000103,0.000633999211355971,-0.000633999211355971,702.7802290490083,17.879010265687512,-17.879010265687512,56222.41832392067,1430.320821254998,-1430.320821254998,1412019.5568,41202.92253670331,-41202.92253670331,2107.7947917797005,2162.117384961475,2054.8370385231387,38.26711302534154,40.415079649831405,36.23330578541549,7.2823103934,0.0701742282692959,-0.0701742282692959,1.5909369999999998,0.0009181135550680778,-0.0009181135550680778,5.5786485952,0.0728451039002662,-0.0728451039002662,1.593185,0.0009129553658312605,-0.0009129553658312605,1.703661798,0.022296635234090575,-0.022296635234090575,7.2677410708,0.07023801264413589,-0.07023801264413589,-3.7841067516431006,3.9329331401366288,3.9329331401366256,-4.92946080294767,3.9329331401366345,-8.69070082287028,,-0.48225989191826457,-0.03267840365997203,0.0,-0.03859223072506532,-1.7559093841701363,-0.4659322531505656,
064_210℃_120_2.0mm.csv,2.0,120,1.47831,0.300132552,1.502725,0.300169536,0.024415,1.680928643,7.351093091,1.59184,5.6609123,1.594075,1.690180791,7.33670917,210,0.024415000000000076,1380759.1069999998,716.7724759369218,80.0,57341.79807495374,36.69249915363821,2150.3174278107654,0.024914000000000103,0.000633999211355971,-0.000633999211355971,702.7802290490083,17.879010265687512,-17.879010265687512,56222.41832392067,1430.320821254998,-1430.320821254998,1412019.5568,41202.92253670331,-41202.92253670331,2107.7947917797005,2162.117384961475,2054.8370385231387,38.26711302534154,40.415079649831405,36.23330578541549,7.2823103934,0.0701742282692959,-0.0701742282692959,1.5909369999999998,0.0009181135550680778,-0.0009181135550680778,5.5786485952,0.0728451039002662,-0.0728451039002662,1.593185,0.0009129553658312605,-0.0009129553658312605,1.703661798,0.022296635234090575,-0.022296635234090575,7.2677410708,0.07023801264413589,-0.07023801264413589,-2.7484564827726556,2.8261314765516152,2.8261314765516086,-3.3779417003931065,2.826131476551626,-6.201687738174591,,0.6302147969292371,0.03613477327786335,1.191484372467469,0.03074828139069327,-0.8991486895623688,0.6473616160312508,
065_210℃_120_2.0mm.csv,2.0,120,1.4784,0.30006384,1.503505,0.300008339,0.025105,1.732107061,7.317519691,1.591385,5.604611852,1.593585,1.712907839,7.303521248,210,0.025105000000000155,1432098.722,697.0722963553034,80.0,55765.78370842427,39.13234113285466,2091.21688906591,0.024914000000000103,0.000633999211355971,-0.000633999211355971,702.7802290490083,17.879010265687512,-17.879010265687512,56222.41832392067,1430.320821254998,-1430.320821254998,1412019.5568,41202.92253670331,-41202.92253670331,2107.7947917797005,2162.117384961475,2054.8370385231387,38.26711302534154,40.415079649831405,36.23330578541549,7.2823103934,0.0701742282692959,-0.0701742282692959,1.5909369999999998,0.0009181135550680778,-0.0009181135550680778,5.5786485952,0.0728451039002662,-0.0728451039002662,1.593185,0.0009129553658312605,-0.0009129553658312605,1.703661798,0.022296635234090575,-0.022296635234090575,7.2677410708,0.07023801264413589,-0.07023801264413589,0.0,0.0,0.0,0.214675757975318,0.0,0.03536520492981163,,0.17062349375290645,0.007541170075387821,0.1850872403382683,0.0,0.4334127834861039,0.1920789123802602,
071_210℃_160_2.0mm.csv,2.0,160,1.482555,0.300064641,1.50051,0.300000392,0.017955,1.546552487,7.245248124,1.57309,5.623473163,1.575985,1.621774961,7.226845329,210,0.017954999999999943,1246552.095,974.6588693957145,80.0,77972.70955165716,24.36118951371421,2923.9766081871435,0.018811000000000043,0.0007780536613884954,-0.0007780536613884954,931.5461378361149,37.48213489008544,-37.48213489008544,74523.69102688921,2998.5707912068324,-2998.5707912068324,1316924.6870000002,61447.39169323522,-61447.39169323522,2792.795788696403,2909.085394458946,2681.154816636455,26.922282730166195,29.364460680080146,24.683215377243112,7.242085165000001,0.04001565071063416,-0.04001565071063416,1.573023,0.0004319809023557063,-0.0004319809023557063,5.5849321966,0.042893434076458924,-0.042893434076458924,1.5759409999999998,0.0004321082040415765,-0.0004321082040415765,1.6571529682000001,0.026372983853887838,-0.026372983853887838,7.223447124400001,0.0399176212815431,-0.0399176212815431,-4.0865384615391225,4.260651629073401,4.260651629073391,-4.885757667114478,4.260651629073401,-8.77263776244937,,0.0,0.0,0.7681453775938605,0.0,-2.019409220392757,0.0,
072_210℃_160_2.0mm.csv,2.0,160,1.482495,0.300016145,1.501215,0.300099023,0.01872,1.610683079,7.235806223,1.573015,5.580605996,1.57584,1.655200227,7.218186531,210,0.01872000000000007,1310584.0559999999,934.8290598290563,80.0,74786.3247863245,26.70381880633479,2804.4871794871688,0.018811000000000043,0.0007780536613884954,-0.0007780536613884954,931.5461378361149,37.48213489008544,-37.48213489008544,74523.69102688921,2998.5707912068324,-2998.5707912068324,1316924.6870000002,61447.39169323522,-61447.39169323522,2792.795788696403,2909.085394458946,2681.154816636455,26.922282730166195,29.364460680080146,24.683215377243112,7.242085165000001,0.04001565071063416,-0.04001565071063416,1.573023,0.0004319809023557063,-0.0004319809023557063,5.5849321966,0.042893434076458924,-0.042893434076458924,1.5759409999999998,0.0004321082040415765,-0.0004321082040415765,1.6571529682000001,0.026372983853887838,-0.026372983853887838,7.223447124400001,0.0399176212815431,-0.0399176212815431,0.0,0.0,0.0,0.0,0.0,0.0,,-0.13031853206963756,-0.004767686527792259,0.0,-0.009200595183333708,0.0,-0.11981435337011781,
073_210℃_160_2.0mm.csv,2.0,160,1.482535,0.300100308,1.501315,0.300081609,0.01878,1.62016903,7.1805495,1.572315,5.527328222,1.575265,1.653221278,7.161804519,210,0.01878000000000002,1320087.421,931.8423855165059,80.0,74547.39084132048,26.98366450762452,2795.5271565495177,0.018811000000000043,0.0007780536613884954,-0.0007780536613884954,931.5461378361149,37.48213489008544,-37.48213489008544,74523.69102688921,2998.5707912068324,-2998.5707912068324,1316924.6870000002,61447.39169323522,-61447.39169323522,2792.795788696403,2909.085394458946,2681.154816636455,26.922282730166195,29.364460680080146,24.683215377243112,7.242085165000001,0.04001565071063416,-0.04001565071063416,1.573023,0.0004319809023557063,-0.0004319809023557063,5.5849321966,0.042893434076458924,-0.042893434076458924,1.5759409999999998,0.0004321082040415765,-0.0004321082040415765,1.6571529682000001,0.026372983853887838,-0.026372983853887838,7.223447124400001,0.0399176212815431,-0.0399176212815431,0.3205128205125468,-0.3194888178911014,-0.3194888178911014,0.7251244173536798,-0.3194888178911014,1.0479613545885205,,-0.8929801007875054,-0.04926609412050118,-0.9546951359437931,-0.04568571401377894,-0.119559493028027,-0.8999889583772118,
074_210℃_160_2.0mm.csv,2.0,160,1.482275,0.300030383,1.50235,0.300019109,0.020075,1.714529329,7.258934815,1.573225,5.562985166,1.57624,1.695949648,7.239103172,210,0.020075000000000065,1414510.2200000002,871.7310087173073,80.0,69738.48069738458,30.907529432925276,2615.193026151922,0.018811000000000043,0.0007780536613884954,-0.0007780536613884954,931.5461378361149,37.48213489008544,-37.48213489008544,74523.69102688921,2998.5707912068324,-2998.5707912068324,1316924.6870000002,61447.39169323522,-61447.39169323522,2792.795788696403,2909.085394458946,2681.154816636455,26.922282730166195,29.364460680080146,24.683215377243112,7.242085165000001,0.04001565071063416,-0.04001565071063416,1.573023,0.0004319809023557063,-0.0004319809023557063,5.5849321966,0.042893434076458924,-0.042893434076458924,1.5759409999999998,0.0004321082040415765,-0.0004321082040415765,1.6571529682000001,0.026372983853887838,-0.026372983853887838,7.223447124400001,0.0399176212815431,-0.0399176212815431,7.2382478632478096,-6.749688667496831,-6.749688667496834,7.929759523947723,-6.749688667496828,15.741983036498375,,0.18890575955104716,0.00858183575002042,-0.31575119283874015,0.016180357046552872,2.46190281606336,0.16961540536659844,
075_210℃_160_2.0mm.csv,2.0,160,1.482495,0.300085772,1.50102,0.300201777,0.018525,1.59309142,7.289887163,1.57347,5.630268436,1.576375,1.659618727,7.271296071,210,0.018525000000000125,1292889.643,944.669365721991,80.0,75573.54925775928,26.068876883347112,2834.0080971659727,0.018811000000000043,0.0007780536613884954,-0.0007780536613884954,931.5461378361149,37.48213489008544,-37.48213489008544,74523.69102688921,2998.5707912068324,-2998.5707912068324,1316924.6870000002,61447.39169323522,-61447.39169323522,2792.795788696403,2909.085394458946,2681.154816636455,26.922282730166195,29.364460680080146,24.683215377243112,7.242085165000001,0.04001565071063416,-0.04001565071063416,1.573023,0.0004319809023557063,-0.0004319809023557063,5.5849321966,0.042893434076458924,-0.042893434076458924,1.5759409999999998,0.0004321082040415765,-0.0004321082040415765,1.6571529682000001,0.026372983853887838,-0.026372983853887838,7.223447124400001,0.0399176212815431,-0.0399176212815431,-1.04166666666637,1.0526315789470737,1.0526315789470762,-1.350116607858378,1.0526315789470697,-2.3777195598595626,,0.6161147035411131,0.024156278407454428,0.8899112396681668,0.02474642842413554,0.2669465559467993,0.6150780869991472,
081_210℃_200_2.0mm.csv,2.0,200,1.48479,0.300100234,1.50068,0.300181141,0.01589,1.57525667,7.179135173,1.565335,5.530959914,1.568495,1.648175259,7.15818345,210,0.01588999999999996,1275075.529,1101.3215859030865,80.0,88105.72687224692,22.052734863466615,3303.964757709259,0.015362999999999927,0.00035462303929666253,-0.00035462303929666253,1139.5833608238322,26.158899429302288,-26.158899429302288,91166.66886590657,2092.71195434418,-2092.71195434418,1213475.6088,37496.33014446645,-37496.33014446645,3418.026962970686,3497.616469449225,3340.248544013271,20.279357557040196,21.38587052273376,19.23009598740023,7.230490123200001,0.03720334288154092,-0.03720334288154092,1.56576,0.00028412145290362695,-0.00028412145290362695,5.6008850398,0.042990264035463105,-0.042990264035463105,1.568808,0.00025574890029084283,-0.00025574890029084283,1.6296050836,0.014807586714867831,-0.014807586714867831,7.2109643148,0.03761508996347182,-0.03761508996347182,3.686786296900003,-3.5556954059152166,-3.555695405915228,5.403164471376817,-3.5556954059152357,9.718721483798802,,-0.8854073954136464,-0.029378047573285583,-1.355019618211258,-0.02677009270738612,1.234263386754573,-0.8963505689651773,
082_210℃_200_2.0mm.csv,2.0,200,1.484855,0.300001302,1.49976,0.300220467,0.014905,1.473786029,7.208406925,1.56568,5.600739332,1.56858,1.607667593,7.190681754,210,0.014904999999999946,1173565.5620000002,1174.1026501174144,80.0,93928.21200939316,19.038905797670683,3522.3079503522436,0.015362999999999927,0.00035462303929666253,-0.00035462303929666253,1139.5833608238322,26.158899429302288,-26.158899429302288,91166.66886590657,2092.71195434418,-2092.71195434418,1213475.6088,37496.33014446645,-37496.33014446645,3418.026962970686,3497.616469449225,3340.248544013271,20.279357557040196,21.38587052273376,19.23009598740023,7.230490123200001,0.03720334288154092,-0.03720334288154092,1.56576,0.00028412145290362695,-0.00028412145290362695,5.6008850398,0.042990264035463105,-0.042990264035463105,1.568808,0.00025574890029084283,-0.00025574890029084283,1.6296050836,0.014807586714867831,-0.014807586714867831,7.2109643148,0.03761508996347182,-0.03761508996347182,-2.7406199021212796,2.8178463602823687,2.8178463602823687,-2.9880809912165027,2.8178463602823687,-5.275948062500755,,-0.48128382002619935,-0.007344511893324941,-0.11049978319323278,-0.021352335849932864,-1.253799521988977,-0.4464179080860861,
083_210℃_200_2.0mm.csv,2.0,200,1.48482,0.300193951,1.500085,0.300112281,0.015265,1.50982504,7.275107409,1.566105,5.647337918,1.56908,1.627769491,7.256558225,210,0.015264999999999862,1209712.7589999998,1146.4133639043666,80.0,91713.06911234933,20.099336344092332,3439.2400917131004,0.015362999999999927,0.00035462303929666253,-0.00035462303929666253,1139.5833608238322,26.158899429302288,-26.158899429302288,91166.66886590657,2092.71195434418,-2092.71195434418,1213475.6088,37496.33014446645,-37496.33014446645,3418.026962970686,3497.616469449225,3340.248544013271,20.279357557040196,21.38587052273376,19.23009598740023,7.230490123200001,0.03720334288154092,-0.03720334288154092,1.56576,0.00028412145290362695,-0.00028412145290362695,5.6008850398,0.042990264035463105,-0.042990264035463105,1.568808,0.00025574890029084283,-0.00025574890029084283,1.6296050836,0.014807586714867831,-0.014807586714867831,7.2109643148,0.03761508996347182,-0.03761508996347182,-0.3915171288755034,0.39305601048260563,0.39305601048260164,0.0,0.39305601048261224,0.0,,0.43957797444899116,0.01979824945155863,0.7205886125396412,0.010516822135040503,-0.01910022311685313,0.46562894476982214,
084_210℃_200_2.0mm.csv,2.0,200,1.484665,0.300088553,1.49999,0.300091771,0.015325,1.499050087,7.246533509,1.565885,5.618453052,1.56897,1.628080458,7.226471955,210,0.015325000000000033,1198958.316,1141.9249592169633,80.0,91353.99673735707,19.998950958040858,3425.77487765089,0.015362999999999927,0.00035462303929666253,-0.00035462303929666253,1139.5833608238322,26.158899429302288,-26.158899429302288,91166.66886590657,2092.71195434418,-2092.71195434418,1213475.6088,37496.33014446645,-37496.33014446645,3418.026962970686,3497.616469449225,3340.248544013271,20.279357557040196,21.38587052273376,19.23009598740023,7.230490123200001,0.03720334288154092,-0.03720334288154092,1.56576,0.00028412145290362695,-0.00028412145290362695,5.6008850398,0.042990264035463105,-0.042990264035463105,1.568808,0.00025574890029084283,-0.00025574890029084283,1.6296050836,0.014807586714867831,-0.014807586714867831,7.2109643148,0.03761508996347182,-0.03761508996347182,0.0,0.0,0.0,-0.8890079830925995,0.0,-0.49944627192121266,,0.045088890544366565,0.005747878873027661,0.2054254068385224,0.003505607378342117,0.0,0.049090422727968444,
085_210℃_200_2.0mm.csv,2.0,200,1.48466,0.300183486,1.50009,0.300038634,0.01543,1.510104512,7.2432676,1.565795,5.606934983,1.568915,1.636332617,7.22292619,210,0.015429999999999833,1210065.878,1134.1542449773292,80.0,90732.33959818634,20.322521357866446,3402.462734931988,0.015362999999999927,0.00035462303929666253,-0.00035462303929666253,1139.5833608238322,26.158899429302288,-26.158899429302288,91166.66886590657,2092.71195434418,-2092.71195434418,1213475.6088,37496.33014446645,-37496.33014446645,3418.026962970686,3497.616469449225,3340.248544013271,20.279357557040196,21.38587052273376,19.23009598740023,7.230490123200001,0.03720334288154092,-0.03720334288154092,1.56576,0.00028412145290362695,-0.00028412145290362695,5.6008850398,0.042990264035463105,-0.042990264035463105,1.568808,0.00025574890029084283,-0.00025574890029084283,1.6296050836,0.014807586714867831,-0.014807586714867831,7.2109643148,0.03761508996347182,-0.03761508996347182,0.685154975528871,-0.6804925469851034,-0.6804925469850994,0.029190317897620912,-0.6804925469850966,1.1104098660437247,,0.0,0.0,0.0,0.0,0.5068643235321115,0.0,
091_210℃_240_2.0mm.csv,2.0,240,1.486215,0.300163564,1.49849,0.300020919,0.012275,1.31629969,7.123467316,1.561555,5.552999181,1.56432,1.570468136,7.105927464,210,0.012275000000000036,1016278.7709999998,1425.661914460281,80.0,114052.95315682248,13.578037457442216,4276.985743380843,0.01326900000000002,0.0006795163721353229,-0.0006795163721353229,1321.713657818273,69.60566714297639,-69.60566714297639,105737.09262546184,5568.453371438109,-5568.453371438109,1117601.1674,75142.9802159021,-75142.9802159021,3960.8235928807017,4172.033426228515,3760.3062898041853,16.093993955779712,18.143727313562465,14.275823097002709,7.2362059904,0.06796069797596838,-0.06796069797596838,1.562235,0.0004508186997007532,-0.0004508186997007532,5.611883658,0.043313402579882976,-0.043313402579882976,1.564971,0.0004304561534001215,-0.0004304561534001215,1.6243223327999998,0.0365250664012686,-0.0365250664012686,7.2191266736,0.06828358604198603,-0.06828358604198603,-9.342688330871947,10.305498981670617,10.305498981670622,-11.762815539263869,10.305498981670617,-20.006540675367027,圧力差・樹脂粘度,-1.7216227132532465,-0.043207466250166825,-0.9141175058465404,-0.0405762466013504,-4.285572196075843,-1.737803504018829,
092_210℃_240_2.0mm.csv,2.0,240,1.485955,0.300005217,1.499665,0.30025798,0.01371,1.458973684,7.238038031,1.562195,5.595010528,1.564955,1.643027502,7.220659268,210,0.013710000000000111,1158715.704,1276.4405543398875,80.0,102115.24434719101,17.290875974791973,3829.321663019663,0.01326900000000002,0.0006795163721353229,-0.0006795163721353229,1321.713657818273,69.60566714297639,-69.60566714297639,105737.09262546184,5568.453371438109,-5568.453371438109,1117601.1674,75142.9802159021,-75142.9802159021,3960.8235928807017,4172.033426228515,3760.3062898041853,16.093993955779712,18.143727313562465,14.275823097002709,7.2362059904,0.06796069797596838,-0.06796069797596838,1.562235,0.0004508186997007532,-0.0004508186997007532,5.611883658,0.043313402579882976,-0.043313402579882976,1.564971,0.0004304561534001215,-0.0004304561534001215,1.6243223327999998,0.0365250664012686,-0.0365250664012686,7.2191266736,0.06828358604198603,-0.06828358604198603,1.2555391432791887,-1.2399708242159186,-1.2399708242159044,0.6041002025415078,-1.2399708242159069,1.867224060328199,,-0.14095652145480972,-0.0022403871388980653,-0.1644809118945232,0.0,0.13666219334288096,-0.15126900502461435,
093_210℃_240_2.0mm.csv,2.0,240,1.48605,0.300146795,1.499985,0.300179868,0.013935,1.498346284,7.266534304,1.56239,5.604228414,1.565145,1.662305891,7.249245545,210,0.013934999999999809,1198166.4159999997,1255.8306422676885,80.0,100466.45138141509,18.173005721860967,3767.491926803066,0.01326900000000002,0.0006795163721353229,-0.0006795163721353229,1321.713657818273,69.60566714297639,-69.60566714297639,105737.09262546184,5568.453371438109,-5568.453371438109,1117601.1674,75142.9802159021,-75142.9802159021,3960.8235928807017,4172.033426228515,3760.3062898041853,16.093993955779712,18.143727313562465,14.275823097002709,7.2362059904,0.06796069797596838,-0.06796069797596838,1.562235,0.0004508186997007532,-0.0004508186997007532,5.611883658,0.043313402579882976,-0.043313402579882976,1.564971,0.0004304561534001215,-0.0004304561534001215,1.6243223327999998,0.0365250664012686,-0.0365250664012686,7.2191266736,0.06828358604198603,-0.06828358604198603,2.9172821270287885,-2.834589163973499,-2.834589163973489,4.029360919565145,-2.8345891639734933,7.064190872533847,,0.2521901506538402,0.010241769777813636,0.0,0.012140924179922902,1.311611197285267,0.24402779217648193,
094_210℃_240_2.0mm.csv,2.0,240,1.48607,0.300057851,1.49961,0.300044747,0.01354,1.451802679,7.304735382,1.562805,5.663950214,1.565505,1.640785169,7.288202656,210,0.013540000000000108,1151757.932,1292.4667651403147,80.0,103397.34121122517,16.97393458425048,3877.400295420944,0.01326900000000002,0.0006795163721353229,-0.0006795163721353229,1321.713657818273,69.60566714297639,-69.60566714297639,105737.09262546184,5568.453371438109,-5568.453371438109,1117601.1674,75142.9802159021,-75142.9802159021,3960.8235928807017,4172.033426228515,3760.3062898041853,16.093993955779712,18.143727313562465,14.275823097002709,7.2362059904,0.06796069797596838,-0.06796069797596838,1.562235,0.0004508186997007532,-0.0004508186997007532,5.611883658,0.043313402579882976,-0.043313402579882976,1.564971,0.0004304561534001215,-0.0004304561534001215,1.6243223327999998,0.0365250664012686,-0.0365250664012686,7.2191266736,0.06828358604198603,-0.06828358604198603,0.0,0.0,0.0,0.0,0.0,0.0,,0.779228429893468,0.03680636013903152,1.0656560651740803,0.03514478052083468,0.0,0.7827345711847415,
095_210℃_240_2.0mm.csv,2.0,240,1.48599,0.300061177,1.498875,0.300052427,0.012885,1.363139441,7.248254919,1.56223,5.643229953,1.56493,1.605024966,7.231598435,210,0.012885000000000035,1063087.014,1358.1684128831937,80.0,108653.4730306555,14.909252980016369,4074.505238649581,0.01326900000000002,0.0006795163721353229,-0.0006795163721353229,1321.713657818273,69.60566714297639,-69.60566714297639,105737.09262546184,5568.453371438109,-5568.453371438109,1117601.1674,75142.9802159021,-75142.9802159021,3960.8235928807017,4172.033426228515,3760.3062898041853,16.093993955779712,18.143727313562465,14.275823097002709,7.2362059904,0.06796069797596838,-0.06796069797596838,1.562235,0.0004508186997007532,-0.0004508186997007532,5.611883658,0.043313402579882976,-0.043313402579882976,1.564971,0.0004304561534001215,-0.0004304561534001215,1.6243223327999998,0.0365250664012686,-0.0365250664012686,7.2191266736,0.06828358604198603,-0.06828358604198603,-4.837518463811425,5.0834303453633645,5.083430345363375,-7.69874602435124,5.083430345363358,-12.163836227752734,,0.0,0.0,0.6959305745384994,-0.0015974900236852673,-2.179456742761425,0.0,
021_230℃_010_2.0mm.csv,2.0,10,1.11706,0.3000112,1.4279,0.300003288,0.31084,1.240699585,6.50429497,2.57866,5.025165176,2.58,1.479129794,6.503303467,230,0.31084,940696.297,56.29906060996011,80.0,4503.924848796809,318.26507424161093,168.89718182988034,0.308816,0.009535527253382496,-0.009535527253382496,56.71187084934072,1.774930769058781,-1.774930769058781,4536.949667947258,141.99446152470244,-141.99446152470244,932797.6414000001,28359.457975605077,-28359.457975605077,170.06957014102392,175.43928847366809,164.86420424746444,313.2991006788571,333.1021342846252,294.67336406289473,6.532493356400001,0.018022493616889335,-0.018022493616889335,2.5866480000000003,0.004996650878338244,-0.004996650878338244,5.0523701314,0.021511507693761756,-0.021511507693761756,2.588068,0.0050194541535907855,-0.0050194541535907855,1.480123225,0.02145927225314138,-0.02145927225314138,6.5313499664000005,0.017990970923717504,-0.017990970923717504,0.4264667872835319,-0.42465577145798455,-0.424655771457977,0.0,-0.4246557714579803,0.0,,-0.4360205358471918,-0.3393315400550269,-0.4340957483477098,-0.3483943731605019,0.0,-0.4343241299837473,
022_230℃_010_2.0mm.csv,2.0,10,1.11952,0.300046601,1.42904,0.300013068,0.30952,1.247847039,6.532779229,2.58578,5.047074311,2.58718,1.485704918,6.531672095,230,0.30952,947833.9710000001,56.539157405014215,80.0,4523.132592401137,319.31817219474294,169.61747221504265,0.308816,0.009535527253382496,-0.009535527253382496,56.71187084934072,1.774930769058781,-1.774930769058781,4536.949667947258,141.99446152470244,-141.99446152470244,932797.6414000001,28359.457975605077,-28359.457975605077,170.06957014102392,175.43928847366809,164.86420424746444,313.2991006788571,333.1021342846252,294.67336406289473,6.532493356400001,0.018022493616889335,-0.018022493616889335,2.5866480000000003,0.004996650878338244,-0.004996650878338244,5.0523701314,0.021511507693761756,-0.021511507693761756,2.588068,0.0050194541535907855,-0.0050194541535907855,1.480123225,0.02145927225314138,-0.02145927225314138,6.5313499664000005,0.017990970923717504,-0.017990970923717504,0.0,0.0,0.0,0.758764972580743,0.0,0.330887061874892,,0.0,-0.06415607704912087,0.0,-0.07106936215247714,0.4445265065088548,0.0,
023_230℃_010_2.0mm.csv,2.0,10,1.11494,0.300018841,1.42354,0.300033632,0.3086,1.230268293,6.538650781,2.58964,5.064237996,2.59108,1.474412785,6.537465174,230,0.3086,930234.661,56.707712248865846,80.0,4536.616979909268,312.45759606487076,170.12313674659754,0.308816,0.009535527253382496,-0.009535527253382496,56.71187084934072,1.774930769058781,-1.774930769058781,4536.949667947258,141.99446152470244,-141.99446152470244,932797.6414000001,28359.457975605077,-28359.457975605077,170.06957014102392,175.43928847366809,164.86420424746444,313.2991006788571,333.1021342846252,294.67336406289473,6.532493356400001,0.018022493616889335,-0.018022493616889335,2.5866480000000003,0.004996650878338244,-0.004996650878338244,5.0523701314,0.021511507693761756,-0.021511507693761756,2.588068,0.0050194541535907855,-0.0050194541535907855,1.480123225,0.02145927225314138,-0.02145927225314138,6.5313499664000005,0.017990970923717504,-0.017990970923717504,-0.29723442750065643,0.2981205443940384,0.29812054439404095,-1.1121162093827246,0.29812054439403424,-1.8247299646619186,,0.08987831662725755,0.08502612620969768,0.3400719692712262,0.07956678588808618,-0.3189043327458091,0.088692128382174,
024_230℃_010_2.0mm.csv,2.0,10,1.11654,0.300037598,1.41076,0.30002727,0.29422,1.185798189,6.532659819,2.58744,5.081780039,2.58902,1.45087978,6.531266102,230,0.2942199999999999,885770.919,59.47930120318131,80.0,4758.344096254505,283.6587970483591,178.43790360954392,0.308816,0.009535527253382496,-0.009535527253382496,56.71187084934072,1.774930769058781,-1.774930769058781,4536.949667947258,141.99446152470244,-141.99446152470244,932797.6414000001,28359.457975605077,-28359.457975605077,170.06957014102392,175.43928847366809,164.86420424746444,313.2991006788571,333.1021342846252,294.67336406289473,6.532493356400001,0.018022493616889335,-0.018022493616889335,2.5866480000000003,0.004996650878338244,-0.004996650878338244,5.0523701314,0.021511507693761756,-0.021511507693761756,2.588068,0.0050194541535907855,-0.0050194541535907855,1.480123225,0.02145927225314138,-0.02145927225314138,6.5313499664000005,0.017990970923717504,-0.017990970923717504,-4.943137761695557,5.200190333763876,5.20019033376388,-5.838800277535272,5.200190333763873,-10.873413388419898,,-0.0018278591058129108,0.0,0.6876405192679479,0.0,-1.9099077115878955,-0.006215759059782002,
025_230℃_010_2.0mm.csv,2.0,10,1.1124,0.300024584,1.4333,0.300006465,0.3209,1.259458824,6.554081983,2.59172,5.043593135,2.59306,1.510488848,6.553042994,230,0.32089999999999996,959452.3589999999,54.53412277968215,80.0,4362.729822374572,335.1164756496326,163.60236833904645,0.308816,0.009535527253382496,-0.009535527253382496,56.71187084934072,1.774930769058781,-1.774930769058781,4536.949667947258,141.99446152470244,-141.99446152470244,932797.6414000001,28359.457975605077,-28359.457975605077,170.06957014102392,175.43928847366809,164.86420424746444,313.2991006788571,333.1021342846252,294.67336406289473,6.532493356400001,0.018022493616889335,-0.018022493616889335,2.5866480000000003,0.004996650878338244,-0.004996650878338244,5.0523701314,0.021511507693761756,-0.021511507693761756,2.588068,0.0050194541535907855,-0.0050194541535907855,1.480123225,0.02145927225314138,-0.02145927225314138,6.5313499664000005,0.017990970923717504,-0.017990970923717504,3.6766606358231924,-3.5462760984730335,-3.5462760984730313,1.993848818137733,-3.5462760984730375,5.294769288831526,,0.3260902175514142,0.16541446371703544,-0.06897413799541333,0.1560435995086875,2.1201015710187185,0.3271887916167642,
031_230℃_020_2.0mm.csv,2.0,20,1.30343,0.300019234,1.461085,0.30002279,0.157655,1.229759503,6.495312563,2.065,5.014770625,2.065965,1.480541938,6.494364381,230,0.15765499999999988,929736.713,111.00187117439988,80.0,8880.149693951991,159.54029005498217,333.00561352319966,0.156665,0.0023875798415968446,-0.0023875798415968446,111.72414480454877,1.7084358485151971,-1.7084358485151971,8937.931584363901,136.6748678812156,-136.6748678812156,921404.8892000001,14874.597747861317,-14874.597747861317,335.14115459001357,340.29684389927485,330.06357688457757,157.08667221919728,162.09144685207053,152.23642621576312,6.5223950148,0.02286599941294289,-0.02286599941294289,2.068447,0.0025985755713466025,-0.0025985755713466025,5.055802633,0.03436161776113469,-0.03436161776113469,2.069673,0.0027052139471769716,-0.0027052139471769716,1.4665923822,0.014751398872604009,-0.014751398872604009,6.520857821,0.022704234862572857,-0.022704234862572857,0.0,0.0,0.0,0.2085190435159349,0.0,0.0,,-0.5541795294525786,-0.18344011852311198,-1.1420046786754197,-0.1978203530332435,0.5106006369489611,-0.5442178607395742,
032_230℃_020_2.0mm.csv,2.0,20,1.302275,0.300020148,1.460435,0.300006544,0.15816,1.227808613,6.545721794,2.07017,5.072701109,2.07139,1.473020685,6.544221999,230,0.15815999999999986,927802.0690000001,110.64744562468397,80.0,8851.795649974718,159.71828596793455,331.94233687405193,0.156665,0.0023875798415968446,-0.0023875798415968446,111.72414480454877,1.7084358485151971,-1.7084358485151971,8937.931584363901,136.6748678812156,-136.6748678812156,921404.8892000001,14874.597747861317,-14874.597747861317,335.14115459001357,340.29684389927485,330.06357688457757,157.08667221919728,162.09144685207053,152.23642621576312,6.5223950148,0.02286599941294289,-0.02286599941294289,2.068447,0.0025985755713466025,-0.0025985755713466025,5.055802633,0.03436161776113469,-0.03436161776113469,2.069673,0.0027052139471769716,-0.0027052139471769716,1.4665923822,0.014751398872604009,-0.014751398872604009,6.520857821,0.022704234862572857,-0.022704234862572857,0.3203196853889684,-0.3192969145169268,-0.3192969145169293,0.0,-0.3192969145169225,0.11156800134376127,,0.2176058600051164,0.06646381105909013,0.0,0.06424934542961439,0.0,0.21931003866465007,
033_230℃_020_2.0mm.csv,2.0,20,1.30311,0.300014096,1.462355,0.300006322,0.159245,1.238137851,6.500789749,2.06678,5.022816206,2.068115,1.477973543,6.498994787,230,0.15924500000000008,938131.5290000001,109.89356023737004,80.0,8791.484818989604,162.6043595489579,329.68068071211013,0.156665,0.0023875798415968446,-0.0023875798415968446,111.72414480454877,1.7084358485151971,-1.7084358485151971,8937.931584363901,136.6748678812156,-136.6748678812156,921404.8892000001,14874.597747861317,-14874.597747861317,335.14115459001357,340.29684389927485,330.06357688457757,157.08667221919728,162.09144685207053,152.23642621576312,6.5223950148,0.02286599941294289,-0.02286599941294289,2.068447,0.0025985755713466025,-0.0025985755713466025,5.055802633,0.03436161776113469,-0.03436161776113469,2.069673,0.0027052139471769716,-0.0027052139471769716,1.4665923822,0.014751398872604009,-0.014751398872604009,6.520857821,0.022704234862572857,-0.022704234862572857,1.0085312866703902,-0.9984614901567974,-0.9984614901567974,1.113325820789904,-0.9984614901567974,1.9205615665608706,,-0.4703216318753993,-0.09739969402478736,-0.983399217263043,-0.09395862921845945,0.33623818391932525,-0.47330704894409337,
034_230℃_020_2.0mm.csv,2.0,20,1.30388,0.300013433,1.457785,0.300019149,0.153905,1.205411431,6.53864212,2.07149,5.088500831,2.072835,1.45014129,6.536806668,230,0.15390500000000018,905392.282,113.70650726097254,80.0,9096.520580877803,151.66737323669136,341.11952178291756,0.156665,0.0023875798415968446,-0.0023875798415968446,111.72414480454877,1.7084358485151971,-1.7084358485151971,8937.931584363901,136.6748678812156,-136.6748678812156,921404.8892000001,14874.597747861317,-14874.597747861317,335.14115459001357,340.29684389927485,330.06357688457757,157.08667221919728,162.09144685207053,152.23642621576312,6.5223950148,0.02286599941294289,-0.02286599941294289,2.068447,0.0025985755713466025,-0.0025985755713466025,5.055802633,0.03436161776113469,-0.03436161776113469,2.069673,0.0027052139471769716,-0.0027052139471769716,1.4665923822,0.014751398872604009,-0.014751398872604009,6.520857821,0.022704234862572857,-0.022704234862572857,-2.37861152516552,2.4365680127349303,2.4365680127349147,-2.415362904304983,2.4365680127349045,-4.934751475992409,,0.10921323335853977,0.1302690696758098,0.3114656602173675,0.1340540853888387,-1.5532297158474822,0.10575041971499495,
035_230℃_020_2.0mm.csv,2.0,20,1.303145,0.300014405,1.457505,0.300011154,0.15436,1.205973007,6.531508848,2.068795,5.080224394,2.07006,1.451284455,6.52990127,230,0.15436000000000005,905961.8530000001,113.3713397253174,80.0,9069.707178025392,152.21145211328442,340.1140191759522,0.156665,0.0023875798415968446,-0.0023875798415968446,111.72414480454877,1.7084358485151971,-1.7084358485151971,8937.931584363901,136.6748678812156,-136.6748678812156,921404.8892000001,14874.597747861317,-14874.597747861317,335.14115459001357,340.29684389927485,330.06357688457757,157.08667221919728,162.09144685207053,152.23642621576312,6.5223950148,0.02286599941294289,-0.02286599941294289,2.068447,0.0025985755713466025,-0.0025985755713466025,5.055802633,0.03436161776113469,-0.03436161776113469,2.069673,0.0027052139471769716,-0.0027052139471769716,1.4665923822,0.014751398872604009,-0.014751398872604009,6.520857821,0.022704234862572857,-0.022704234862572857,-2.0900066601121616,2.134620367970862,2.134620367970854,-2.3539736253810846,2.1346203679708577,-4.593722337581319,,0.0,0.0,0.1483092506012744,0.0,-1.4756228626891368,0.0,
041_230℃_040_2.0mm.csv,2.0,40,1.414645,0.300060173,1.489085,0.300043407,0.07444,1.337298195,6.442515042,1.776505,4.982875254,1.7777,1.459639788,6.439846322,230,0.07444000000000006,1037254.7880000001,235.08866200967202,80.0,18807.092960773763,84.04162875506945,705.2659860290162,0.074932,0.0013731469331430292,-0.0013731469331430292,233.60652392435404,4.191313882576543,-4.191313882576543,18688.521913948323,335.30511060612326,-335.30511060612326,1038789.1688000001,19610.827787681545,-19610.827787681545,700.7280508508404,713.5504864647947,688.1360332075732,84.69908772497303,87.86211783166657,81.64992648125201,6.4278774702,0.04156668515085404,-0.04156668515085404,1.7762799999999999,0.0021642637316187153,-0.0021642637316187153,4.9654881628,0.030486486817464308,-0.030486486817464308,1.7774720000000002,0.0021850646443526555,-0.0021850646443526555,1.4623893074,0.018566402828315388,-0.018566402828315388,6.425225802599999,0.041493706010411295,-0.041493706010411295,0.0,0.0,0.0,0.45668769832440903,0.0,0.04007802358913746,,0.013695362997602555,0.0,0.09413505531701344,0.0,0.30970223036791206,0.010864684863437913,
042_230℃_040_2.0mm.csv,2.0,40,1.414295,0.300031957,1.488545,0.300051175,0.07425,1.330724292,6.441632837,1.776705,4.986499629,1.77786,1.455133208,6.439146729,230,0.07424999999999993,1030673.1170000001,235.6902356902359,80.0,18855.218855218875,83.29521516979584,707.0707070707078,0.074932,0.0013731469331430292,-0.0013731469331430292,233.60652392435404,4.191313882576543,-4.191313882576543,18688.521913948323,335.30511060612326,-335.30511060612326,1038789.1688000001,19610.827787681545,-19610.827787681545,700.7280508508404,713.5504864647947,688.1360332075732,84.69908772497303,87.86211783166657,81.64992648125201,6.4278774702,0.04156668515085404,-0.04156668515085404,1.7762799999999999,0.0021642637316187153,-0.0021642637316187153,4.9654881628,0.030486486817464308,-0.030486486817464308,1.7774720000000002,0.0021850646443526555,-0.0021850646443526555,1.4623893074,0.018566402828315388,-0.018566402828315388,6.425225802599999,0.041493706010411295,-0.041493706010411295,-0.2552391187535389,0.25589225589243353,0.2558922558924335,-0.18073801021820193,0.2558922558924335,-0.848425381387234,,0.0,0.011258060067378249,0.16694014519959033,0.009000393767223827,0.0,0.0,
043_230℃_040_2.0mm.csv,2.0,40,1.414025,0.300029941,1.488775,0.300012534,0.07475,1.332551842,6.420720406,1.77635,4.967388613,1.777565,1.453331792,6.417971151,230,0.07474999999999987,1032539.3080000001,234.11371237458235,80.0,18729.096989966587,84.00796002503387,702.341137123747,0.074932,0.0013731469331430292,-0.0013731469331430292,233.60652392435404,4.191313882576543,-4.191313882576543,18688.521913948323,335.30511060612326,-335.30511060612326,1038789.1688000001,19610.827787681545,-19610.827787681545,700.7280508508404,713.5504864647947,688.1360332075732,84.69908772497303,87.86211783166657,81.64992648125201,6.4278774702,0.04156668515085404,-0.04156668515085404,1.7762799999999999,0.0021642637316187153,-0.0021642637316187153,4.9654881628,0.030486486817464308,-0.030486486817464308,1.7774720000000002,0.0021850646443526555,-0.0021850646443526555,1.4623893074,0.018566402828315388,-0.018566402828315388,6.425225802599999,0.041493706010411295,-0.041493706010411295,0.4164427727025929,-0.4147157190632871,-0.41471571906330157,0.0,-0.4147157190633112,0.0,,-0.3246448769927024,-0.008724996552213768,-0.21695479879138233,-0.0075940822410978355,-0.12379732591464195,-0.3288568950390857,
044_230℃_040_2.0mm.csv,2.0,40,1.41408,0.300040656,1.491405,0.300035832,0.077325,1.372315735,6.473076125,1.77894,4.978189033,1.78017,1.494887092,6.47026079,230,0.07732500000000009,1072279.903,226.31749110895544,80.0,18105.399288716435,90.24657795861235,678.9524733268663,0.074932,0.0013731469331430292,-0.0013731469331430292,233.60652392435404,4.191313882576543,-4.191313882576543,18688.521913948323,335.30511060612326,-335.30511060612326,1038789.1688000001,19610.827787681545,-19610.827787681545,700.7280508508404,713.5504864647947,688.1360332075732,84.69908772497303,87.86211783166657,81.64992648125201,6.4278774702,0.04156668515085404,-0.04156668515085404,1.7762799999999999,0.0021642637316187153,-0.0021642637316187153,4.9654881628,0.030486486817464308,-0.030486486817464308,1.7774720000000002,0.0021850646443526555,-0.0021850646443526555,1.4623893074,0.018566402828315388,-0.018566402828315388,6.425225802599999,0.041493706010411295,-0.041493706010411295,3.875604513702343,-3.7310054962819605,-3.7310054962819694,3.8488215114034046,-3.7310054962819756,7.426222386211272,,0.48812605119921676,0.1370668813203433,0.0,0.13894357878157013,2.7319755869388436,0.4832016152058126,
045_230℃_040_2.0mm.csv,2.0,40,1.414065,0.300057586,1.48796,0.300021377,0.073895,1.321220105,6.361442941,1.7729,4.912488285,1.774065,1.448954657,6.358904021,230,0.07389500000000004,1021198.7280000001,236.82251843832452,80.0,18945.80147506596,82.13494422373884,710.4675553149734,0.074932,0.0013731469331430292,-0.0013731469331430292,233.60652392435404,4.191313882576543,-4.191313882576543,18688.521913948323,335.30511060612326,-335.30511060612326,1038789.1688000001,19610.827787681545,-19610.827787681545,700.7280508508404,713.5504864647947,688.1360332075732,84.69908772497303,87.86211783166657,81.64992648125201,6.4278774702,0.04156668515085404,-0.04156668515085404,1.7762799999999999,0.0021642637316187153,-0.0021642637316187153,4.9654881628,0.030486486817464308,-0.030486486817464308,1.7774720000000002,0.0021850646443526555,-0.0021850646443526555,1.4623893074,0.018566402828315388,-0.018566402828315388,6.425225802599999,0.041493706010411295,-0.041493706010411295,-0.7321332616872881,0.7375329859936703,0.7375329859936534,-1.0983194452873999,0.7375329859936339,-2.229569436916309,,-1.2448690887720066,-0.20292653271451982,-1.3197720609738721,-0.20447769589919867,-0.42460380713130325,-1.246169894508085,
051_230℃_080_2.0mm.csv,2.0,80,1.46416,0.300084993,1.500965,0.300079013,0.036805,1.534220274,6.47490324,1.631665,4.964857668,1.6332,1.510045572,6.468181467,230,0.0368050000000002,1234141.261,475.4788751528299,80.0,38038.31001222639,49.43953100528462,1426.4366254584897,0.036839000000000066,0.0007032282701939556,-0.0007032282701939556,475.17549538161313,8.870219241550037,-8.870219241550037,38014.03963052905,709.6175393240022,-709.6175393240022,1235373.3095999998,22469.975079923664,-22469.975079923664,1425.3248012401905,1452.4878363762416,1398.6697431483003,49.52102886710122,51.380710139204886,47.72865718305976,6.5930491858,0.07550706559089922,-0.07550706559089922,1.6344850000000002,0.0018146556147105057,-0.0018146556147105057,5.0753848184,0.06846461478690773,-0.06846461478690773,1.635996,0.0018032900487719176,-0.0018032900487719176,1.5176643673999999,0.020238871644831857,-0.020238871644831857,6.586485947599999,0.07557460779893121,-0.07557460779893121,0.960087779454317,-0.9509577503058564,-0.950957750305861,0.8778291213403362,-0.9509577503058642,1.9022506054879047,,-2.2823477104417194,-0.2253340263552243,-2.7359342573705496,-0.22085574728970125,0.0,-2.292512519550536,
052_230℃_080_2.0mm.csv,2.0,80,1.464045,0.300105537,1.50211,0.300037667,0.038065,1.574599243,6.657551367,1.63608,5.10451381,1.637605,1.553037557,6.650859505,230,0.038065000000000015,1274561.576,459.73991856035707,80.0,36779.19348482857,52.80673348619321,1379.219755681071,0.036839000000000066,0.0007032282701939556,-0.0007032282701939556,475.17549538161313,8.870219241550037,-8.870219241550037,38014.03963052905,709.6175393240022,-709.6175393240022,1235373.3095999998,22469.975079923664,-22469.975079923664,1425.3248012401905,1452.4878363762416,1398.6697431483003,49.52102886710122,51.380710139204886,47.72865718305976,6.5930491858,0.07550706559089922,-0.07550706559089922,1.6344850000000002,0.0018146556147105057,-0.0018146556147105057,5.0753848184,0.06846461478690773,-0.06846461478690773,1.635996,0.0018032900487719176,-0.0018032900487719176,1.5176643673999999,0.020238871644831857,-0.020238871644831857,6.586485947599999,0.07557460779893121,-0.07557460779893121,4.41640378548864,-4.229607250754997,-4.229607250754997,4.181756928029837,-4.229607250755012,8.84255736147818,,0.47413304362822145,0.044638762344445984,0.0,0.04826446482956647,2.847065399692455,0.46699758416283005,
053_230℃_080_2.0mm.csv,2.0,80,1.46416,0.300009896,1.500615,0.300073162,0.036455,1.521605191,6.626134673,1.63535,5.123349512,1.636815,1.502785161,6.619944524,230,0.036455000000000126,1221532.029,480.0438897270591,80.0,38403.51117816473,48.46906135204915,1440.1316691811774,0.036839000000000066,0.0007032282701939556,-0.0007032282701939556,475.17549538161313,8.870219241550037,-8.870219241550037,38014.03963052905,709.6175393240022,-709.6175393240022,1235373.3095999998,22469.975079923664,-22469.975079923664,1425.3248012401905,1452.4878363762416,1398.6697431483003,49.52102886710122,51.380710139204886,47.72865718305976,6.5930491858,0.07550706559089922,-0.07550706559089922,1.6344850000000002,0.0018146556147105057,-0.0018146556147105057,5.0753848184,0.06846461478690773,-0.06846461478690773,1.635996,0.0018032900487719176,-0.0018032900487719176,1.5176643673999999,0.020238871644831857,-0.020238871644831857,6.586485947599999,0.07557460779893121,-0.07557460779893121,0.0,0.0,0.0,-0.15284053637506276,0.0,-0.09803216010813143,,0.0,0.0,0.3690009019683624,0.0,-0.480807409698484,0.0,
054_230℃_080_2.0mm.csv,2.0,80,1.464225,0.300025555,1.50066,0.300071964,0.036435,1.523473847,6.644439765,1.63563,5.129687151,1.637145,1.514752614,6.637814368,230,0.036434999999999995,1223401.883,480.30739673390974,80.0,38424.59173871278,48.51662324582856,1440.9221902017293,0.036839000000000066,0.0007032282701939556,-0.0007032282701939556,475.17549538161313,8.870219241550037,-8.870219241550037,38014.03963052905,709.6175393240022,-709.6175393240022,1235373.3095999998,22469.975079923664,-22469.975079923664,1425.3248012401905,1452.4878363762416,1398.6697431483003,49.52102886710122,51.380710139204886,47.72865718305976,6.5930491858,0.07550706559089922,-0.07550706559089922,1.6344850000000002,0.0018146556147105057,-0.0018146556147105057,5.0753848184,0.06846461478690773,-0.06846461478690773,1.635996,0.0018032900487719176,-0.0018032900487719176,1.5176643673999999,0.020238871644831857,-0.020238871644831857,6.586485947599999,0.07557460779893121,-0.07557460779893121,-0.05486215882630903,0.054892273912804684,0.054892273912795206,0.0,0.05489227391280467,0.0,,0.27625596072759295,0.01712171706361549,0.49315844636728406,0.020161105561725883,0.31171522815472763,0.2699394826529788,
055_230℃_080_2.0mm.csv,2.0,80,1.46422,0.300090751,1.500655,0.300027562,0.036435,1.523257361,6.562216884,1.6337,5.054515951,1.635215,1.507700933,6.555629874,230,0.036434999999999995,1223229.7989999999,480.30739673390974,80.0,38424.59173871278,48.50979888605713,1440.9221902017293,0.036839000000000066,0.0007032282701939556,-0.0007032282701939556,475.17549538161313,8.870219241550037,-8.870219241550037,38014.03963052905,709.6175393240022,-709.6175393240022,1235373.3095999998,22469.975079923664,-22469.975079923664,1425.3248012401905,1452.4878363762416,1398.6697431483003,49.52102886710122,51.380710139204886,47.72865718305976,6.5930491858,0.07550706559089922,-0.07550706559089922,1.6344850000000002,0.0018146556147105057,-0.0018146556147105057,5.0753848184,0.06846461478690773,-0.06846461478690773,1.635996,0.0018032900487719176,-0.0018032900487719176,1.5176643673999999,0.020238871644831857,-0.020238871644831857,6.586485947599999,0.07557460779893121,-0.07557460779893121,-0.05486215882630903,0.054892273912804684,0.054892273912795206,-0.014066023797351937,0.05489227391280467,-0.014066023797349385,,-0.9646316012931487,-0.10089583269637394,-0.9794832742356772,-0.09775081484467237,-0.1552694199086017,-0.9715285342170645,
061_230℃_120_2.0mm.csv,2.0,120,1.47648,0.300109856,1.5012,0.300127514,0.02472,1.571507448,6.406299986,1.5866,4.881565887,1.58882,1.524734099,6.393420749,230,0.024720000000000075,1271379.9340000001,707.9288025889946,80.0,56634.30420711957,34.2079041833797,2123.7864077669838,0.024878000000000046,0.0007574430671673474,-0.0007574430671673474,703.9587499977439,21.601895775648316,-21.601895775648316,56316.69999981951,1728.151662051865,-1728.151662051865,1282798.9262,43918.66724882606,-43918.66724882606,2111.085040196236,2176.613509508477,2047.529351201515,34.70646649311598,37.03333418266512,32.525799877927625,6.439601433199999,0.02590682594718936,-0.02590682594718936,1.587107,0.0004120467206518078,-0.0004120467206518078,4.9080892468,0.035341859066329244,-0.035341859066329244,1.589347,0.00041702218166433247,-0.00041702218166433247,1.5315121866,0.02681663807807677,-0.02681663807807677,6.4265094423999995,0.02584923152596103,-0.02584923152596103,0.0,0.0,0.0,0.0,0.0,0.0,,-0.4698114506399417,-0.028039532590445053,-0.15430327986914447,-0.030516483620203094,0.0,-0.4644023011407275,
062_230℃_120_2.0mm.csv,2.0,120,1.476515,0.300144419,1.502255,0.300125737,0.02574,1.634488009,6.453786642,1.587335,4.889109944,1.589545,1.564676699,6.44104076,230,0.025739999999999874,1334362.2719999999,679.8756798756832,80.0,54390.054390054655,37.38392912248145,2039.6270396270495,0.024878000000000046,0.0007574430671673474,-0.0007574430671673474,703.9587499977439,21.601895775648316,-21.601895775648316,56316.69999981951,1728.151662051865,-1728.151662051865,1282798.9262,43918.66724882606,-43918.66724882606,2111.085040196236,2176.613509508477,2047.529351201515,34.70646649311598,37.03333418266512,32.525799877927625,6.439601433199999,0.02590682594718936,-0.02590682594718936,1.587107,0.0004120467206518078,-0.0004120467206518078,4.9080892468,0.035341859066329244,-0.035341859066329244,1.589347,0.00041702218166433247,-0.00041702218166433247,1.5315121866,0.02681663807807677,-0.02681663807807677,6.4265094423999995,0.02584923152596103,-0.02584923152596103,4.126213592232183,-3.962703962703197,-3.9627039627032006,4.953856539315159,-3.962703962703203,9.284476833412237,,0.26795540941771406,0.018272953822979277,0.0,0.015100940348140727,2.6196436497482734,0.27696706017537964,
063_230℃_120_2.0mm.csv,2.0,120,1.4765,0.300159188,1.50196,0.300151658,0.02546,1.616635627,6.427035251,1.586885,4.877118394,1.58914,1.549916858,6.413773241,230,0.025460000000000038,1316483.969,687.3527101335418,80.0,54988.21681068334,36.48183058583952,2062.0581304006255,0.024878000000000046,0.0007574430671673474,-0.0007574430671673474,703.9587499977439,21.601895775648316,-21.601895775648316,56316.69999981951,1728.151662051865,-1728.151662051865,1282798.9262,43918.66724882606,-43918.66724882606,2111.085040196236,2176.613509508477,2047.529351201515,34.70646649311598,37.03333418266512,32.525799877927625,6.439601433199999,0.02590682594718936,-0.02590682594718936,1.587107,0.0004120467206518078,-0.0004120467206518078,4.9080892468,0.035341859066329244,-0.035341859066329244,1.589347,0.00041702218166433247,-0.00041702218166433247,1.5315121866,0.02681663807807677,-0.02681663807807677,6.4265094423999995,0.02584923152596103,-0.02584923152596103,2.9935275080904558,-2.9065200314216835,-2.906520031421687,3.5476440829213143,-2.9065200314216786,6.647371292523167,,-0.14766218513862053,-0.01008162969543636,-0.24527061443395298,-0.01038189648934413,1.651616437024407,-0.14754571756640622,
064_230℃_120_2.0mm.csv,2.0,120,1.47657,0.300071318,1.50038,0.300105225,0.02381,1.522901,6.436539586,1.587045,4.941366546,1.589305,1.49517304,6.423250472,230,0.02381000000000011,1222795.7750000001,734.9853002939908,80.0,58798.824023519264,31.689542751292667,2204.9559008819724,0.024878000000000046,0.0007574430671673474,-0.0007574430671673474,703.9587499977439,21.601895775648316,-21.601895775648316,56316.69999981951,1728.151662051865,-1728.151662051865,1282798.9262,43918.66724882606,-43918.66724882606,2111.085040196236,2176.613509508477,2047.529351201515,34.70646649311598,37.03333418266512,32.525799877927625,6.439601433199999,0.02590682594718936,-0.02590682594718936,1.587107,0.0004120467206518078,-0.0004120467206518078,4.9080892468,0.035341859066329244,-0.035341859066329244,1.589347,0.00041702218166433247,-0.00041702218166433247,1.5315121866,0.02681663807807677,-0.02681663807807677,6.4265094423999995,0.02584923152596103,-0.02584923152596103,-3.6812297734626362,3.82192356152862,3.82192356152862,-3.821372172136231,3.82192356152862,-7.36192845544338,,0.0,0.0,1.0688367125826272,0.0,-1.9387681445169769,0.0,
065_230℃_120_2.0mm.csv,2.0,120,1.4765,0.300037055,1.50116,0.300021705,0.02466,1.568994386,6.474345701,1.58767,4.951285463,1.589925,1.523060237,6.46106199,230,0.024660000000000126,1268972.6809999999,709.651257096509,80.0,56772.100567720714,34.060262654106296,2128.9537712895267,0.024878000000000046,0.0007574430671673474,-0.0007574430671673474,703.9587499977439,21.601895775648316,-21.601895775648316,56316.69999981951,1728.151662051865,-1728.151662051865,1282798.9262,43918.66724882606,-43918.66724882606,2111.085040196236,2176.613509508477,2047.529351201515,34.70646649311598,37.03333418266512,32.525799877927625,6.439601433199999,0.02590682594718936,-0.02590682594718936,1.587107,0.0004120467206518078,-0.0004120467206518078,4.9080892468,0.035341859066329244,-0.035341859066329244,1.589347,0.00041702218166433247,-0.00041702218166433247,1.5315121866,0.02681663807807677,-0.02681663807807677,6.4265094423999995,0.02584923152596103,-0.02584923152596103,-0.24271844660173464,0.2433090024328899,0.24330900243288348,-0.18934174872703777,0.24330900243287917,-0.43160062797749754,,0.5873670859141599,0.03938136599780571,1.2717144779348264,0.03901076256603138,-0.10978058410957604,0.5886664106409428,
071_230℃_160_2.0mm.csv,2.0,160,1.48159,0.300033587,1.50029,0.300046134,0.0187,1.524253532,6.355443078,1.569515,4.852977749,1.57247,1.502465329,6.337869794,230,0.01869999999999994,1224207.3979999998,935.8288770053507,80.0,74866.31016042805,24.91720091711556,2807.486631016052,0.018866000000000004,0.0007691098751153941,-0.0007691098751153941,928.8222649372374,37.65516141216665,-37.65516141216665,74305.781194979,3012.4129129733305,-3012.4129129733305,1221776.1369999999,50125.573081285744,-50125.573081285744,2784.6281273535897,2900.194543038229,2673.6667808241405,25.054878257590897,27.183926314915695,23.092577475030133,6.4050328919999995,0.05665514180987417,-0.05665514180987417,1.570049,0.0005989407316254557,-0.0005989407316254557,4.902406179,0.040648469173330246,-0.040648469173330246,1.5730650000000002,0.000655486460577175,-0.000655486460577175,1.5026267132000002,0.024884415979129788,-0.024884415979129788,6.3870292178,0.05629867447136621,-0.05629867447136621,0.0,0.0,0.0,0.0,0.0,0.0,,-0.37013691750330346,-0.02006586700471167,-0.9847231140444602,-0.018438922658250558,0.0,-0.37929592443956994,
072_230℃_160_2.0mm.csv,2.0,160,1.48153,0.300173699,1.499895,0.300106431,0.018365,1.491564194,6.373332475,1.56968,4.884364718,1.572725,1.488967757,6.354732556,230,0.018364999999999965,1191457.7629999998,952.8995371630838,80.0,76231.9629730467,23.816187012239407,2858.698611489251,0.018866000000000004,0.0007691098751153941,-0.0007691098751153941,928.8222649372374,37.65516141216665,-37.65516141216665,74305.781194979,3012.4129129733305,-3012.4129129733305,1221776.1369999999,50125.573081285744,-50125.573081285744,2784.6281273535897,2900.194543038229,2673.6667808241405,25.054878257590897,27.183926314915695,23.092577475030133,6.4050328919999995,0.05665514180987417,-0.05665514180987417,1.570049,0.0005989407316254557,-0.0005989407316254557,4.902406179,0.040648469173330246,-0.040648469173330246,1.5730650000000002,0.000655486460577175,-0.000655486460577175,1.5026267132000002,0.024884415979129788,-0.024884415979129788,6.3870292178,0.05629867447136621,-0.05629867447136621,-1.7914438502672474,1.8241219711406138,1.8241219711406138,-2.6751704861041867,1.8241219711406138,-4.418690159213954,,-0.08969727673175194,-0.009555174764152456,-0.34433496745008063,-0.002225387217376284,-0.8983616286828888,-0.1142415327117844,
073_230℃_160_2.0mm.csv,2.0,160,1.48148,0.300001106,1.499455,0.300150847,0.017975,1.455196566,6.379054313,1.56983,4.909485551,1.57276,1.469568762,6.362000603,230,0.017975000000000074,1155045.7189999998,973.5744089012477,80.0,77885.95271209981,22.5980373322722,2920.7232267037425,0.018866000000000004,0.0007691098751153941,-0.0007691098751153941,928.8222649372374,37.65516141216665,-37.65516141216665,74305.781194979,3012.4129129733305,-3012.4129129733305,1221776.1369999999,50125.573081285744,-50125.573081285744,2784.6281273535897,2900.194543038229,2673.6667808241405,25.054878257590897,27.183926314915695,23.092577475030133,6.4050328919999995,0.05665514180987417,-0.05665514180987417,1.570049,0.0005989407316254557,-0.0005989407316254557,4.902406179,0.040648469173330246,-0.040648469173330246,1.5730650000000002,0.000655486460577175,-0.000655486460577175,1.5026267132000002,0.024884415979129788,-0.024884415979129788,6.3870292178,0.05629867447136621,-0.05629867447136621,-3.877005347592872,4.033379694018693,4.0333796940186915,-5.649506702294901,4.033379694018682,-9.307480372927182,,0.0,0.0,0.16820524265359588,0.0,-2.1895058984086613,0.0,
074_230℃_160_2.0mm.csv,2.0,160,1.48127,0.300061572,1.500715,0.300039498,0.019445,1.559225153,6.420281304,1.5702,4.901241406,1.573245,1.519039898,6.402045187,230,0.019444999999999935,1259185.655,899.9742864489616,80.0,71997.94291591692,26.650193264190392,2699.9228593468847,0.018866000000000004,0.0007691098751153941,-0.0007691098751153941,928.8222649372374,37.65516141216665,-37.65516141216665,74305.781194979,3012.4129129733305,-3012.4129129733305,1221776.1369999999,50125.573081285744,-50125.573081285744,2784.6281273535897,2900.194543038229,2673.6667808241405,25.054878257590897,27.183926314915695,23.092577475030133,6.4050328919999995,0.05665514180987417,-0.05665514180987417,1.570049,0.0005989407316254557,-0.0005989407316254557,4.902406179,0.040648469173330246,-0.040648469173330246,1.5730650000000002,0.000655486460577175,-0.000655486460577175,1.5026267132000002,0.024884415979129788,-0.024884415979129788,6.3870292178,0.05629867447136621,-0.05629867447136621,3.9839572192513266,-3.831319105168422,-3.831319105168425,2.857216600483264,-3.831319105168419,6.955004106759209,,0.6462868785422154,0.02356943108489336,0.0,0.03083750858364078,1.1031581681176932,0.6294338290555399,
075_230℃_160_2.0mm.csv,2.0,160,1.48111,0.300085033,1.500955,0.300103652,0.019845,1.579087802,6.49705329,1.57102,4.963961471,1.574125,1.53309182,6.478497949,230,0.019845000000000113,1278984.1500000001,881.8342151675434,80.0,70546.73721340348,27.62605764000016,2645.5026455026305,0.018866000000000004,0.0007691098751153941,-0.0007691098751153941,928.8222649372374,37.65516141216665,-37.65516141216665,74305.781194979,3012.4129129733305,-3012.4129129733305,1221776.1369999999,50125.573081285744,-50125.573081285744,2784.6281273535897,2900.194543038229,2673.6667808241405,25.054878257590897,27.183926314915695,23.092577475030133,6.4050328919999995,0.05665514180987417,-0.05665514180987417,1.570049,0.0005989407316254557,-0.0005989407316254557,4.902406179,0.040648469173330246,-0.040648469173330246,1.5730650000000002,0.000655486460577175,-0.000655486460577175,1.5026267132000002,0.024884415979129788,-0.024884415979129788,6.3870292178,0.05629867447136621,-0.05629867447136621,6.122994652407366,-5.769715293525671,-5.769715293525659,4.474466670393404,-5.769715293525659,10.871432677752702,,1.8497879342323145,0.07580438646222995,1.2796771226820205,0.08679010147766096,2.0384158229051574,1.83114327189887,
081_230℃_200_2.0mm.csv,2.0,200,1.48382,0.300030797,1.49947,0.300020043,0.01565,1.446761865,6.290070027,1.562305,4.817445614,1.5655,1.472624413,6.271047779,230,0.015650000000000164,1146741.8220000002,1118.2108626197967,80.0,89456.86900958374,19.533615797877758,3354.6325878593902,0.015610000000000035,0.0003844964239105782,-0.0003844964239105782,1121.6369429685244,28.456877749803184,-28.456877749803184,89730.95543748196,2276.5502199842613,-2276.5502199842613,1151796.6806,32598.983205761335,-32598.983205761335,3364.061366436422,3449.2253855133054,3281.0001122805525,19.55834605566945,20.633191959406247,18.53949215351208,6.353911532,0.05159807913666328,-0.05159807913666328,1.5628540000000002,0.00044703747046531515,-0.00044703747046531515,4.875718949,0.04255263344126189,-0.04255263344126189,1.5659379999999998,0.0003258565635368017,-0.0003258565635368017,1.4781925827999998,0.017370195452865875,-0.017370195452865875,6.3362169881999995,0.053123708438251614,-0.053123708438251614,-0.7923930269409191,0.7987220447279986,0.7987220447280069,-1.4152257974690767,0.7987220447280124,-2.1964046738753913,,-0.7960802916756757,-0.02367734813700747,-1.2226354254463747,-0.03129011040939606,-0.9005570123415944,-0.7784128939763301,
082_230℃_200_2.0mm.csv,2.0,200,1.48386,0.30019537,1.499635,0.300038162,0.015775,1.463241944,6.340545863,1.562675,4.852989115,1.56599,1.487556748,6.320245384,230,0.015775000000000095,1163203.7820000001,1109.3502377179013,80.0,88748.0190174321,19.972288066449103,3328.050713153704,0.015610000000000035,0.0003844964239105782,-0.0003844964239105782,1121.6369429685244,28.456877749803184,-28.456877749803184,89730.95543748196,2276.5502199842613,-2276.5502199842613,1151796.6806,32598.983205761335,-32598.983205761335,3364.061366436422,3449.2253855133054,3281.0001122805525,19.55834605566945,20.633191959406247,18.53949215351208,6.353911532,0.05159807913666328,-0.05159807913666328,1.5628540000000002,0.00044703747046531515,-0.00044703747046531515,4.875718949,0.04255263344126189,-0.04255263344126189,1.5659379999999998,0.0003258565635368017,-0.0003258565635368017,1.4781925827999998,0.017370195452865875,-0.017370195452865875,6.3362169881999995,0.053123708438251614,-0.053123708438251614,0.0,0.0,0.0,0.0,0.0,0.0,,0.0,0.0,-0.4938480892012231,0.0,0.10430618831018597,0.0,
083_230℃_200_2.0mm.csv,2.0,200,1.484045,0.30016881,1.498985,0.30019216,0.01494,1.39776478,6.32755598,1.56267,4.877074454,1.565745,1.450481526,6.309955947,230,0.014939999999999953,1097572.62,1171.3520749665365,80.0,93708.16599732293,17.847874767673414,3514.0562248996093,0.015610000000000035,0.0003844964239105782,-0.0003844964239105782,1121.6369429685244,28.456877749803184,-28.456877749803184,89730.95543748196,2276.5502199842613,-2276.5502199842613,1151796.6806,32598.983205761335,-32598.983205761335,3364.061366436422,3449.2253855133054,3281.0001122805525,19.55834605566945,20.633191959406247,18.53949215351208,6.353911532,0.05159807913666328,-0.05159807913666328,1.5628540000000002,0.00044703747046531515,-0.00044703747046531515,4.875718949,0.04255263344126189,-0.04255263344126189,1.5659379999999998,0.0003258565635368017,-0.0003258565635368017,1.4781925827999998,0.017370195452865875,-0.017370195452865875,6.3362169881999995,0.053123708438251614,-0.053123708438251614,-5.293185419969167,5.589022757698435,5.589022757698443,-5.6422754994103,5.589022757698435,-10.636804815290205,,-0.20487010551886878,-0.0003199641640157266,0.0,-0.01564505520469803,-2.390650310040213,-0.16280122645313982,
084_230℃_200_2.0mm.csv,2.0,200,1.48395,0.300198922,1.49974,0.300006802,0.01579,1.473618419,6.392696088,1.56322,4.906689337,1.566115,1.486006751,6.377088766,230,0.01578999999999997,1173611.6169999999,1108.2963901203314,80.0,88663.7112096265,20.170152307406767,3324.889170360994,0.015610000000000035,0.0003844964239105782,-0.0003844964239105782,1121.6369429685244,28.456877749803184,-28.456877749803184,89730.95543748196,2276.5502199842613,-2276.5502199842613,1151796.6806,32598.983205761335,-32598.983205761335,3364.061366436422,3449.2253855133054,3281.0001122805525,19.55834605566945,20.633191959406247,18.53949215351208,6.353911532,0.05159807913666328,-0.05159807913666328,1.5628540000000002,0.00044703747046531515,-0.00044703747046531515,4.875718949,0.04255263344126189,-0.04255263344126189,1.5659379999999998,0.0003258565635368017,-0.0003258565635368017,1.4781925827999998,0.017370195452865875,-0.017370195452865875,6.3362169881999995,0.053123708438251614,-0.053123708438251614,0.09508716323217835,-0.09499683343809484,-0.09499683343809484,0.8947559456954834,-0.09499683343809485,0.9906939069742857,,0.8224879391586873,0.03487609387748685,0.6072263870343757,0.007982171022799042,0.0,0.8993856811936762,
085_230℃_200_2.0mm.csv,2.0,200,1.483885,0.300168826,1.49978,0.300016845,0.015895,1.477870407,6.418689702,1.5634,4.924396225,1.56634,1.494293476,6.402747065,230,0.015894999999999992,1177853.562,1100.9751494180566,80.0,88078.01195344453,20.377667883526517,3302.92544825417,0.015610000000000035,0.0003844964239105782,-0.0003844964239105782,1121.6369429685244,28.456877749803184,-28.456877749803184,89730.95543748196,2276.5502199842613,-2276.5502199842613,1151796.6806,32598.983205761335,-32598.983205761335,3364.061366436422,3449.2253855133054,3281.0001122805525,19.55834605566945,20.633191959406247,18.53949215351208,6.353911532,0.05159807913666328,-0.05159807913666328,1.5628540000000002,0.00044703747046531515,-0.00044703747046531515,4.875718949,0.04255263344126189,-0.04255263344126189,1.5659379999999998,0.0003258565635368017,-0.0003258565635368017,1.4781925827999998,0.017370195452865875,-0.017370195452865875,6.3362169881999995,0.053123708438251614,-0.053123708438251614,0.7606973058630571,-0.7549543881717214,-0.7549543881717214,1.2594336630174225,-0.7549543881717078,2.029711446824163,,1.2324465541051477,0.04639480378196775,0.970290108267435,0.022350078863854334,0.5576505621137687,1.3053556624376803,
091_230℃_240_2.0mm.csv,2.0,240,1.485665,0.300157445,1.49807,0.300123064,0.012405,1.279433696,6.308964255,1.55938,4.887327474,1.56229,1.42163678,6.292135563,230,0.012405,979310.6319999999,1410.721483272874,80.0,112857.71866182992,13.222692125126528,4232.1644498186215,0.013190999999999998,0.0005430170347235972,-0.0005430170347235972,1328.476019089871,55.132136325554406,-55.132136325554406,106278.08152718967,4410.5709060443505,-4410.5709060443505,1037267.743,48416.70472962489,-48416.70472962489,3982.698931381236,4150.74542735868,3821.4559422207035,14.869698477795287,16.221834455059664,13.630266874754287,6.3910867162,0.061925798918740324,-0.061925798918740324,1.5600049999999999,0.00047486840282336444,-0.00047486840282336444,4.9299506316,0.0561933383178674,-0.0561933383178674,1.56291,0.00046223641137415375,-0.00046223641137415375,1.4611360844,0.025961125297506937,-0.025961125297506937,6.374343763600001,0.062141294524179734,-0.062141294524179734,-5.808656036445788,6.166868198306374,6.166868198306381,-4.886341285916292,6.166868198306362,-10.411166564296368,,-1.220914643141577,-0.03782124015206,-0.1223413207645165,-0.03743101655603024,-2.6704859926872473,-1.2252535155251247,
092_230℃_240_2.0mm.csv,2.0,240,1.485315,0.300106202,1.499245,0.300121103,0.01393,1.413076073,6.386943382,1.55997,4.893314019,1.562875,1.493629363,6.370186497,230,0.013929999999999998,1112954.9700000002,1256.281407035176,80.0,100502.51256281408,16.874517259428572,3768.8442211055285,0.013190999999999998,0.0005430170347235972,-0.0005430170347235972,1328.476019089871,55.132136325554406,-55.132136325554406,106278.08152718967,4410.5709060443505,-4410.5709060443505,1037267.743,48416.70472962489,-48416.70472962489,3982.698931381236,4150.74542735868,3821.4559422207035,14.869698477795287,16.221834455059664,13.630266874754287,6.3910867162,0.061925798918740324,-0.061925798918740324,1.5600049999999999,0.00047486840282336444,-0.00047486840282336444,4.9299506316,0.0561933383178674,-0.0561933383178674,1.56291,0.00046223641137415375,-0.00046223641137415375,1.4611360844,0.025961125297506937,-0.025961125297506937,6.374343763600001,0.062141294524179734,-0.062141294524179734,5.770690964313587,-5.455850681982008,-5.455850681982004,8.093607606951116,-5.455850681982001,14.331355654126018,,0.0,0.0,0.0,0.0,2.2583419710357475,0.0,
093_230℃_240_2.0mm.csv,2.0,240,1.485335,0.300182161,1.498505,0.300184261,0.01317,1.329805711,6.434783339,1.560315,4.974140291,1.56321,1.460643048,6.418211344,230,0.013169999999999904,1029621.4499999998,1328.7775246773065,80.0,106302.20197418451,14.759308295510095,3986.3325740319196,0.013190999999999998,0.0005430170347235972,-0.0005430170347235972,1328.476019089871,55.132136325554406,-55.132136325554406,106278.08152718967,4410.5709060443505,-4410.5709060443505,1037267.743,48416.70472962489,-48416.70472962489,3982.698931381236,4150.74542735868,3821.4559422207035,14.869698477795287,16.221834455059664,13.630266874754287,6.3910867162,0.061925798918740324,-0.061925798918740324,1.5600049999999999,0.00047486840282336444,-0.00047486840282336444,4.9299506316,0.0561933383178674,-0.0561933383178674,1.56291,0.00046223641137415375,-0.00046223641137415375,1.4611360844,0.025961125297506937,-0.025961125297506937,6.374343763600001,0.062141294524179734,-0.062141294524179734,0.0,0.0,0.0,0.0,0.0,0.0,,0.749027416382378,0.022115809919409837,1.651769571422642,0.021434855634646033,0.0,0.7539001726655515,
094_230℃_240_2.0mm.csv,2.0,240,1.4853,0.300021433,1.498445,0.300069436,0.013145,1.322813216,6.466048534,1.5606,5.006239869,1.563485,1.459808665,6.449644955,230,0.013144999999999962,1022743.7799999999,1331.3046785850172,80.0,106504.37428680138,14.632889238748254,3993.914035755052,0.013190999999999998,0.0005430170347235972,-0.0005430170347235972,1328.476019089871,55.132136325554406,-55.132136325554406,106278.08152718967,4410.5709060443505,-4410.5709060443505,1037267.743,48416.70472962489,-48416.70472962489,3982.698931381236,4150.74542735868,3821.4559422207035,14.869698477795287,16.221834455059664,13.630266874754287,6.3910867162,0.061925798918740324,-0.061925798918740324,1.5600049999999999,0.00047486840282336444,-0.00047486840282336444,4.9299506316,0.0561933383178674,-0.0561933383178674,1.56291,0.00046223641137415375,-0.00046223641137415375,1.4611360844,0.025961125297506937,-0.025961125297506937,6.374343763600001,0.062141294524179734,-0.062141294524179734,-0.18982536066774425,0.19018638265457158,0.19018638265457843,-0.6679804504849746,0.19018638265457158,-0.8565378148534201,,1.2385447508887821,0.04038539202676387,2.307758087086295,0.03903063264816441,-0.05712436047552123,1.2473490067743052,
095_230℃_240_2.0mm.csv,2.0,240,1.48531,0.30008296,1.498615,0.300044869,0.013305,1.341752752,6.358694071,1.55976,4.888731505,1.56269,1.469962566,6.341540459,230,0.013305000000000122,1041707.8830000001,1315.2950018789809,80.0,105223.60015031847,15.085630893404224,3945.8850056369424,0.013190999999999998,0.0005430170347235972,-0.0005430170347235972,1328.476019089871,55.132136325554406,-55.132136325554406,106278.08152718967,4410.5709060443505,-4410.5709060443505,1037267.743,48416.70472962489,-48416.70472962489,3982.698931381236,4150.74542735868,3821.4559422207035,14.869698477795287,16.221834455059664,13.630266874754287,6.3910867162,0.061925798918740324,-0.061925798918740324,1.5600049999999999,0.00047486840282336444,-0.00047486840282336444,4.9299506316,0.0561933383178674,-0.0561933383178674,1.56291,0.00046223641137415375,-0.00046223641137415375,1.4611360844,0.025961125297506937,-0.025961125297506937,6.374343763600001,0.062141294524179734,-0.062141294524179734,1.0250569476098652,-1.0146561443082671,-1.0146561443082671,1.1738715233642725,-1.0146561443082784,2.210961322580397,,-0.44229781462621587,-0.013461797342259368,-0.0936484759041985,-0.011837159081826873,0.6380421289623568,-0.4496891576642291,
