元ファイル,キャビ厚,射出速度[mm/s],CH03_立ち上がり時間(s),CH03_立ち上がり圧力(MPa),CH04_立ち上がり時間(s),CH04_立ち上がり圧力(MPa),立ち上がり時間差(s),CH03圧力@CH04立ち上がり時(MPa),CH03_最大圧力(MPa),CH03_最大圧力時間(s),CH04_最大圧力(MPa),CH04_最大圧力時間(s),最大圧力差(MPa),先行列圧力@後発列最大時(MPa),温度,時間差ΔT34(s),圧力差ΔP34(Pa),流速V34(mm/s),流路断面積(mm²),流量Q34(mm³/s),樹脂粘度η34(Pa・s),せん断速度γ34(1/s),時間差ΔT34(s)_平均,時間差ΔT34(s)_標準偏差上,時間差ΔT34(s)_標準偏差下,流速V34(mm/s)_平均,流速V34(mm/s)_標準偏差上,流速V34(mm/s)_標準偏差下,流量Q34(mm³/s)_平均,流量Q34(mm³/s)_標準偏差上,流量Q34(mm³/s)_標準偏差下,圧力差ΔP34(Pa)_平均,圧力差ΔP34(Pa)_標準偏差上,圧力差ΔP34(Pa)_標準偏差下,せん断速度γ34(1/s)_幾何平均,せん断速度γ34(1/s)_幾何標準偏差上,せん断速度γ34(1/s)_幾何標準偏差下,樹脂粘度η34(Pa・s)_幾何平均,樹脂粘度η34(Pa・s)_幾何標準偏差上,樹脂粘度η34(Pa・s)_幾何標準偏差下,CH03_最大圧力(MPa)_平均,CH03_最大圧力(MPa)_標準偏差上,CH03_最大圧力(MPa)_標準偏差下,CH03_最大圧力時間(s)_平均,CH03_最大圧力時間(s)_標準偏差上,CH03_最大圧力時間(s)_標準偏差下,CH04_最大圧力(MPa)_平均,CH04_最大圧力(MPa)_標準偏差上,CH04_最大圧力(MPa)_標準偏差下,CH04_最大圧力時間(s)_平均,CH04_最大圧力時間(s)_標準偏差上,CH04_最大圧力時間(s)_標準偏差下,最大圧力差(MPa)_平均,最大圧力差(MPa)_標準偏差上,最大圧力差(MPa)_標準偏差下,先行列圧力@後発列最大時(MPa)_平均,先行列圧力@後発列最大時(MPa)_標準偏差上,先行列圧力@後発列最大時(MPa)_標準偏差下,時間差ΔT34(s)_中央値からのずれ(%),流速V34(mm/s)_中央値からのずれ(%),流量Q34(mm³/s)_中央値からのずれ(%),圧力差ΔP34(Pa)_中央値からのずれ(%),せん断速度γ34(1/s)_中央値からのずれ(%),樹脂粘度η34(Pa・s)_中央値からのずれ(%),外れ値判定,CH03_最大圧力(MPa)_中央値からのずれ(%),CH03_最大圧力時間(s)_中央値からのずれ(%),CH04_最大圧力(MPa)_中央値からのずれ(%),CH04_最大圧力時間(s)_中央値からのずれ(%),最大圧力差(MPa)_中央値からのずれ(%),先行列圧力@後発列最大時(MPa)_中央値からのずれ(%),追加列の外れ値判定
001_190℃_020_0.5mm.csv,0.5,20,1.48514,0.300161041,1.54663,0.300052004,0.06149,11.93697051,63.09068894,1.814665,49.78289984,1.821615,13.3077891,62.81622117,190,0.061490000000000045,11636918.506000001,284.59912180842394,20.0,5691.982436168479,48.67715094788711,3415.1894617010867,0.06369800000000007,0.0016514334682330041,-0.0016514334682330041,274.8827319393848,7.176701077435627,-7.176701077435627,5497.654638787697,143.53402154871253,-143.53402154871253,11737901.1456,122644.91052280764,-122644.91052280764,3297.6975891996453,3384.6285583426643,3212.999359415135,50.846684920704504,52.704428208661355,49.05442398861888,63.532169892,0.5287068877298673,-0.5287068877298673,1.81965,0.0033145078820241668,-0.0033145078820241668,50.316370998000004,0.4328039824193508,-0.4328039824193508,1.826253,0.003088961395032202,-0.003088961395032202,13.215798896,0.16398585800695195,-0.16398585800695195,63.265973722,0.5321041208152444,-0.5321041208152444,-3.7865748709123515,3.9355992844366514,3.9355992844366474,-0.5461240728559327,3.9355992844366305,-4.312019546861535,,-0.43573646573783165,-0.28217386525992477,-0.9457875327811714,-0.2617177554691075,1.2690296420007268,-0.4347290426433374,
002_190℃_020_0.5mm.csv,0.5,20,1.484785,0.300123439,1.54739,0.300082438,0.062605,11.91678325,64.41710809,1.81935,50.95886521,1.82597,13.45824288,64.15164834,190,0.06260500000000002,11616700.811999999,279.53038894656964,20.0,5590.607778931393,49.4737111792694,3354.364667358836,0.06369800000000007,0.0016514334682330041,-0.0016514334682330041,274.8827319393848,7.176701077435627,-7.176701077435627,5497.654638787697,143.53402154871253,-143.53402154871253,11737901.1456,122644.91052280764,-122644.91052280764,3297.6975891996453,3384.6285583426643,3212.999359415135,50.846684920704504,52.704428208661355,49.05442398861888,63.532169892,0.5287068877298673,-0.5287068877298673,1.81965,0.0033145078820241668,-0.0033145078820241668,50.316370998000004,0.4328039824193508,-0.4328039824193508,1.826253,0.003088961395032202,-0.003088961395032202,13.215798896,0.16398585800695195,-0.16398585800695195,63.265973722,0.5321041208152444,-0.5321041208152444,-2.041933969644983,2.0844980432874567,2.084498043287461,-0.7189127737110973,2.084498043287464,-2.7461670192175585,,1.6575034088986043,-0.02472799208704591,1.3940585587170535,-0.0232698841159715,2.413946216202447,1.681956194837425,
003_190℃_020_0.5mm.csv,0.5,20,1.48427,0.300106092,1.54962,0.300086689,0.06535,12.17978488,63.20065559,1.82392,50.13728392,1.830245,13.06337167,62.93434005,190,0.06535000000000002,11879698.191,267.78882938026004,20.0,5355.776587605201,52.812127672234716,3213.4659525631205,0.06369800000000007,0.0016514334682330041,-0.0016514334682330041,274.8827319393848,7.176701077435627,-7.176701077435627,5497.654638787697,143.53402154871253,-143.53402154871253,11737901.1456,122644.91052280764,-122644.91052280764,3297.6975891996453,3384.6285583426643,3212.999359415135,50.846684920704504,52.704428208661355,49.05442398861888,63.532169892,0.5287068877298673,-0.5287068877298673,1.81965,0.0033145078820241668,-0.0033145078820241668,50.316370998000004,0.4328039824193508,-0.4328039824193508,1.826253,0.003088961395032202,-0.003088961395032202,13.215798896,0.16398585800695195,-0.16398585800695195,63.265973722,0.5321041208152444,-0.5321041208152444,2.2531685182285757,-2.20351951032882,-2.20351951032882,1.5287706389332423,-2.20351951032882,3.816384935914198,,-0.2621966185031302,0.22639850533025066,-0.24066115267594745,0.2107977737564935,-0.5909273935140361,-0.24750768368014378,
004_190℃_020_0.5mm.csv,0.5,20,1.484465,0.300020869,1.548375,0.300021212,0.06391,12.00084071,63.3668012,1.820515,50.25823597,1.82704,13.10856524,63.09049387,190,0.06391000000000013,11700819.498,273.8225629791889,20.0,5476.451259583778,50.87070572225725,3285.8707557502667,0.06369800000000007,0.0016514334682330041,-0.0016514334682330041,274.8827319393848,7.176701077435627,-7.176701077435627,5497.654638787697,143.53402154871253,-143.53402154871253,11737901.1456,122644.91052280764,-122644.91052280764,3297.6975891996453,3384.6285583426643,3212.999359415135,50.846684920704504,52.704428208661355,49.05442398861888,63.532169892,0.5287068877298673,-0.5287068877298673,1.81965,0.0033145078820241668,-0.0033145078820241668,50.316370998000004,0.4328039824193508,-0.4328039824193508,1.826253,0.003088961395032202,-0.003088961395032202,13.215798896,0.16398585800695195,-0.16398585800695195,63.265973722,0.5321041208152444,-0.5321041208152444,0.0,0.0,0.0,0.0,0.0,0.0,,0.0,0.03929003187163541,0.0,0.03531547118777738,-0.24701534730059937,0.0,
005_190℃_020_0.5mm.csv,0.5,20,1.484395,0.300019322,1.54953,0.300046099,0.065135,12.15541482,63.58559564,1.8198,50.44457005,1.826395,13.14102559,63.33716518,190,0.06513500000000016,11855368.721,268.67275658248184,20.0,5373.455131649636,52.53057426138348,3224.0730789897816,0.06369800000000007,0.0016514334682330041,-0.0016514334682330041,274.8827319393848,7.176701077435627,-7.176701077435627,5497.654638787697,143.53402154871253,-143.53402154871253,11737901.1456,122644.91052280764,-122644.91052280764,3297.6975891996453,3384.6285583426643,3212.999359415135,50.846684920704504,52.704428208661355,49.05442398861888,63.532169892,0.5287068877298673,-0.5287068877298673,1.81965,0.0033145078820241668,-0.0033145078820241668,50.316370998000004,0.4328039824193508,-0.4328039824193508,1.826253,0.003088961395032202,-0.003088961395032202,13.215798896,0.16398585800695195,-0.16398585800695195,63.265973722,0.5321041208152444,-0.5321041208152444,1.916757940854372,-1.8807092960774188,-1.8807092960774268,1.3208410148230898,-1.8807092960774323,3.262916280715158,,0.3452824442083459,0.0,0.37075332311947384,0.0,0.0,0.39098015385371787,
006_190℃_040_0.5mm.csv,0.5,40,1.488185,0.300092188,1.532275,0.300282124,0.04409,10.72541802,56.47268197,1.665885,42.73080557,1.674685,13.7418764,55.95378336,190,0.04408999999999996,10425135.895999998,396.91540031753266,20.0,7938.308006350653,31.268315758819014,4762.984803810392,0.04411999999999998,0.0001599609327304554,-0.0001599609327304554,396.6496805573489,1.4371223324430547,-1.4371223324430547,7932.993611146978,28.742446648860703,-28.742446648860703,10357992.712000001,70933.6828398221,-70933.6828398221,4759.77116231572,4777.053664198427,4742.551185347388,31.087323191645005,31.394645750980434,30.7830090164852,54.634949848,1.4765521568886164,-1.4765521568886164,1.6670189999999998,0.0014149178421378134,-0.0014149178421378134,41.291721949999996,1.233453909698643,-1.233453909698643,1.675686,0.0008353322692198325,-0.0008353322692198325,13.343227898,0.2575547755797783,-0.2575547755797783,54.151040339999994,1.484521681215721,-1.484521681215721,0.0,0.0,0.0,0.6858170469286541,0.0,0.36711900517930945,,3.879650107197535,-0.07407985028071616,4.038041084480431,-0.05251959786698767,3.390195219470502,3.8167143052014927,
007_190℃_040_0.5mm.csv,0.5,40,1.488,0.300028569,1.531935,0.300129432,0.043935,10.55668043,52.58732744,1.665565,39.5569948,1.675255,13.03033264,52.06397775,190,0.04393500000000006,10256550.998,398.3156936383288,20.0,7966.313872766576,30.654528441981668,4779.788323659946,0.04411999999999998,0.0001599609327304554,-0.0001599609327304554,396.6496805573489,1.4371223324430547,-1.4371223324430547,7932.993611146978,28.742446648860703,-28.742446648860703,10357992.712000001,70933.6828398221,-70933.6828398221,4759.77116231572,4777.053664198427,4742.551185347388,31.087323191645005,31.394645750980434,30.7830090164852,54.634949848,1.4765521568886164,-1.4765521568886164,1.6670189999999998,0.0014149178421378134,-0.0014149178421378134,41.291721949999996,1.233453909698643,-1.233453909698643,1.675686,0.0008353322692198325,-0.0008353322692198325,13.343227898,0.2575547755797783,-0.2575547755797783,54.151040339999994,1.484521681215721,-1.484521681215721,-0.3515536402810282,0.3527939000794416,0.35279390007944444,-0.9423735460990792,0.352793900079456,-1.603056336148712,,-3.267332381312994,-0.09327462930082857,-3.6893361759999577,-0.018501221975872766,-1.963269337494674,-3.4004355185730035,
008_190℃_040_0.5mm.csv,0.5,40,1.4881,0.300161384,1.532115,0.300193741,0.044015,10.62939209,55.56889301,1.66913,42.19136272,1.6769,13.37753029,55.12738496,190,0.044014999999999915,10329198.349,397.59173009201487,20.0,7951.834601840297,30.927868389879873,4771.100761104179,0.04411999999999998,0.0001599609327304554,-0.0001599609327304554,396.6496805573489,1.4371223324430547,-1.4371223324430547,7932.993611146978,28.742446648860703,-28.742446648860703,10357992.712000001,70933.6828398221,-70933.6828398221,4759.77116231572,4777.053664198427,4742.551185347388,31.087323191645005,31.394645750980434,30.7830090164852,54.634949848,1.4765521568886164,-1.4765521568886164,1.6670189999999998,0.0014149178421378134,-0.0014149178421378134,41.291721949999996,1.233453909698643,-1.233453909698643,1.675686,0.0008353322692198325,-0.0008353322692198325,13.343227898,0.2575547755797783,-0.2575547755797783,54.151040339999994,1.484521681215721,-1.484521681215721,-0.1701066001361926,0.17039645575383272,0.17039645575382986,-0.24074644361339378,0.1703964557538375,-0.725671596555537,,2.2171598967020842,0.12056720572004818,2.7246425505096328,0.07967461721867466,0.6489527323560919,2.2834137588722543,
009_190℃_040_0.5mm.csv,0.5,40,1.48802,0.300035566,1.53225,0.300190512,0.04423,10.65431605,54.18228099,1.66712,40.90715702,1.675565,13.27512397,53.71335534,190,0.04422999999999999,10354125.538,395.659054940086,20.0,7913.18109880172,31.153943710594557,4747.908659281032,0.04411999999999998,0.0001599609327304554,-0.0001599609327304554,396.6496805573489,1.4371223324430547,-1.4371223324430547,7932.993611146978,28.742446648860703,-28.742446648860703,10357992.712000001,70933.6828398221,-70933.6828398221,4759.77116231572,4777.053664198427,4742.551185347388,31.087323191645005,31.394645750980434,30.7830090164852,54.634949848,1.4765521568886164,-1.4765521568886164,1.6670189999999998,0.0014149178421378134,-0.0014149178421378134,41.291721949999996,1.233453909698643,-1.233453909698643,1.675686,0.0008353322692198325,-0.0008353322692198325,13.343227898,0.2575547755797783,-0.2575547755797783,54.151040339999994,1.484521681215721,-1.484521681215721,0.3175323202540919,-0.31652724395213705,-0.31652724395213705,0.0,-0.31652724395213705,0.0,,-0.33346752964456244,0.0,-0.4020536021911473,0.0,-0.1215249744953226,-0.34017843209970405,
010_190℃_040_0.5mm.csv,0.5,40,1.48805,0.300092719,1.53238,0.300250611,0.04433,10.72520339,54.36356583,1.667395,41.07228964,1.676025,13.29127619,53.89670029,190,0.04432999999999998,10424952.779000001,394.76652379878203,20.0,7895.330475975641,31.437969843065975,4737.198285585384,0.04411999999999998,0.0001599609327304554,-0.0001599609327304554,396.6496805573489,1.4371223324430547,-1.4371223324430547,7932.993611146978,28.742446648860703,-28.742446648860703,10357992.712000001,70933.6828398221,-70933.6828398221,4759.77116231572,4777.053664198427,4742.551185347388,31.087323191645005,31.394645750980434,30.7830090164852,54.634949848,1.4765521568886164,-1.4765521568886164,1.6670189999999998,0.0014149178421378134,-0.0014149178421378134,41.291721949999996,1.233453909698643,-1.233453909698643,1.675686,0.0008353322692198325,-0.0008353322692198325,13.343227898,0.2575547755797783,-0.2575547755797783,54.151040339999994,1.484521681215721,-1.484521681215721,0.5443411204355142,-0.5413940897812287,-0.5413940897812229,0.6840485054972721,-0.5413940897812383,0.9116859653785296,,0.0,0.016495513220405565,0.0,0.02745342615775138,0.0,0.0,
011_190℃_080_0.5mm.csv,0.5,80,1.4913,0.300142713,1.51244,0.30007825,0.02114,6.342926807,45.59135034,1.58582,33.70229905,1.592865,11.88905129,45.04857235,190,0.021139999999999937,6042848.556999999,827.8145695364263,20.0,16556.291390728526,8.690191734352355,9933.774834437116,0.021334999999999972,0.00012614475811547815,-0.00012614475811547815,820.2714353584579,4.866225228039646,-4.866225228039646,16405.428707169158,97.32450456079258,-97.32450456079258,6123421.772,51257.017027216934,-51257.017027216934,9843.118965183603,9901.5880033817,9784.995187607,8.886918212680609,9.008910846670574,8.766577521195247,45.26790813,0.3300710422675989,-0.3300710422675989,1.584411,0.0018186547225902511,-0.0018186547225902511,33.312705672,0.35772135377641473,-0.35772135377641473,1.592654,0.000723156276333167,-0.000723156276333167,11.955202457999999,0.16683089240441903,-0.16683089240441903,44.622588702,0.3789395318246389,-0.3789395318246389,-0.9139910944454948,0.922421948911756,0.9224219489117477,-1.3017167035374637,0.9224219489117514,-2.5084960558889917,,0.4840018267719376,0.10668316362924565,1.7540778520817826,0.0,-0.07130787914283593,1.1403492582895327,
012_190℃_080_0.5mm.csv,0.5,80,1.491175,0.300259248,1.5126,0.300044516,0.021425,6.415926447,44.95616467,1.58413,33.05680921,1.592935,11.89935546,44.2856313,190,0.021425000000000027,6115881.931000001,816.8028004667434,20.0,16336.056009334869,8.913793902835046,9801.63360560092,0.021334999999999972,0.00012614475811547815,-0.00012614475811547815,820.2714353584579,4.866225228039646,-4.866225228039646,16405.428707169158,97.32450456079258,-97.32450456079258,6123421.772,51257.017027216934,-51257.017027216934,9843.118965183603,9901.5880033817,9784.995187607,8.886918212680609,9.008910846670574,8.766577521195247,45.26790813,0.3300710422675989,-0.3300710422675989,1.584411,0.0018186547225902511,-0.0018186547225902511,33.312705672,0.35772135377641473,-0.35772135377641473,1.592654,0.000723156276333167,-0.000723156276333167,11.955202457999999,0.16683089240441903,-0.16683089240441903,44.622588702,0.3789395318246389,-0.3789395318246389,0.42184204359102895,-0.42007001166929675,-0.420070011669294,-0.10885731459933537,-0.42007001166930147,0.0,,-0.9159566642276341,0.0,-0.194786922236578,0.00439459715669655,0.015299723631758584,-0.5725601689164627,
013_190℃_080_0.5mm.csv,0.5,80,1.491285,0.30023435,1.512595,0.300009254,0.02131,6.422556025,45.5391747,1.586355,33.69952935,1.593595,11.83964535,44.98825849,190,0.02130999999999994,6122546.771,821.2106992022548,20.0,16424.213984045095,8.875610319048274,9854.528390427056,0.021334999999999972,0.00012614475811547815,-0.00012614475811547815,820.2714353584579,4.866225228039646,-4.866225228039646,16405.428707169158,97.32450456079258,-97.32450456079258,6123421.772,51257.017027216934,-51257.017027216934,9843.118965183603,9901.5880033817,9784.995187607,8.886918212680609,9.008910846670574,8.766577521195247,45.26790813,0.3300710422675989,-0.3300710422675989,1.584411,0.0018186547225902511,-0.0018186547225902511,33.312705672,0.35772135377641473,-0.35772135377641473,1.592654,0.000723156276333167,-0.000723156276333167,11.955202457999999,0.16683089240441903,-0.16683089240441903,44.622588702,0.3789395318246389,-0.3789395318246389,-0.11717834544148992,0.11731581417147169,0.11731581417146614,0.0,0.11731581417146245,-0.4283651181864048,,0.36900595439758255,0.14045564442311687,1.7457155659063208,0.04582937034840488,-0.48656985814986886,1.0049362019528947,
014_190℃_080_0.5mm.csv,0.5,80,1.49124,0.300312612,1.512705,0.300052827,0.021465,6.468095571,44.8811007,1.58403,32.98356553,1.592105,11.89753517,44.24982803,190,0.021465000000000067,6168042.744,815.2806894945234,20.0,16305.613789890467,9.006601190473498,9783.36827393428,0.021334999999999972,0.00012614475811547815,-0.00012614475811547815,820.2714353584579,4.866225228039646,-4.866225228039646,16405.428707169158,97.32450456079258,-97.32450456079258,6123421.772,51257.017027216934,-51257.017027216934,9843.118965183603,9901.5880033817,9784.995187607,8.886918212680609,9.008910846670574,8.766577521195247,45.26790813,0.3300710422675989,-0.3300710422675989,1.584411,0.0018186547225902511,-0.0018186547225902511,33.312705672,0.35772135377641473,-0.35772135377641473,1.592654,0.000723156276333167,-0.000723156276333167,11.955202457999999,0.16683089240441903,-0.16683089240441903,44.622588702,0.3789395318246389,-0.3789395318246389,0.6093273962980372,-0.6056370836253799,-0.6056370836253799,0.7430890232720809,-0.6056370836253799,1.041164835647981,,-1.0813987501135458,-0.006312613232499163,-0.4159244507427437,-0.04771276912983033,0.0,-0.6529435205630851,
015_190℃_080_0.5mm.csv,0.5,80,1.491335,0.300179653,1.51267,0.300262174,0.021335,6.468051031,45.37175024,1.58172,33.12132522,1.59177,12.25042502,44.54065334,190,0.021334999999999882,6167788.857,820.2484180923411,20.0,16404.968361846823,8.951685392115255,9842.981017108094,0.021334999999999972,0.00012614475811547815,-0.00012614475811547815,820.2714353584579,4.866225228039646,-4.866225228039646,16405.428707169158,97.32450456079258,-97.32450456079258,6123421.772,51257.017027216934,-51257.017027216934,9843.118965183603,9901.5880033817,9784.995187607,8.886918212680609,9.008910846670574,8.766577521195247,45.26790813,0.3300710422675989,-0.3300710422675989,1.584411,0.0018186547225902511,-0.0018186547225902511,33.312705672,0.35772135377641473,-0.35772135377641473,1.592654,0.000723156276333167,-0.000723156276333167,11.955202457999999,0.16683089240441903,-0.16683089240441903,44.622588702,0.3789395318246389,-0.3789395318246389,0.0,0.0,0.0,0.7389422685065207,0.0,0.42508823620162356,,0.0,-0.15213397890324803,0.0,-0.06874405552260035,2.966075283305932,0.0,
016_190℃_120_0.5mm.csv,0.5,120,1.492355,0.300265526,1.50675,0.300168286,0.014395,4.15533211,45.01954547,1.567085,33.74802329,1.57416,11.27152217,44.48028844,190,0.014394999999999936,3855163.824,1215.6998957971573,20.0,24313.997915943146,3.7751757310530447,14588.398749565886,0.014380999999999932,0.0002159108612367662,-0.0002159108612367662,1217.1025927681308,18.251602675355976,-18.251602675355976,24342.051855362613,365.03205350711977,-365.03205350711977,3863709.5038,89047.12239257865,-89047.12239257865,14603.916340620231,14824.702694075406,14386.418188950818,3.778723176802175,3.924541220277173,3.638323066433094,45.319659214,0.25400828166658374,-0.25400828166658374,1.566098,0.0011097893944348133,-0.0011097893944348133,33.886426670000006,0.22426067780551634,-0.22426067780551634,1.573306,0.0008209323967295411,-0.0008209323967295411,11.433232542,0.12801599330572672,-0.12801599330572672,44.746014078,0.25962752956165064,-0.25962752956165064,0.0,0.0,0.0,0.0,0.0,0.0,,-0.8271775606386397,0.04245349267757931,-0.6604862125111163,0.049574800747435636,-1.1124686341632364,-0.8730391785816335,
017_190℃_120_0.5mm.csv,0.5,120,1.492375,0.300187282,1.506875,0.300193588,0.0145,4.225946306,45.39504308,1.56713,34.01592001,1.57403,11.37912307,44.87203892,190,0.014499999999999957,3925752.718,1206.8965517241415,20.0,24137.93103448283,3.8723411163945465,14482.7586206897,0.014380999999999932,0.0002159108612367662,-0.0002159108612367662,1217.1025927681308,18.251602675355976,-18.251602675355976,24342.051855362613,365.03205350711977,-365.03205350711977,3863709.5038,89047.12239257865,-89047.12239257865,14603.916340620231,14824.702694075406,14386.418188950818,3.778723176802175,3.924541220277173,3.638323066433094,45.319659214,0.25400828166658374,-0.25400828166658374,1.566098,0.0011097893944348133,-0.0011097893944348133,33.886426670000006,0.22426067780551634,-0.22426067780551634,1.573306,0.0008209323967295411,-0.0008209323967295411,11.433232542,0.12801599330572672,-0.12801599330572672,44.746014078,0.25962752956165064,-0.25962752956165064,0.7294199374784454,-0.7241379310346352,-0.724137931034639,1.8310219026375636,-0.7241379310346165,2.573797678933439,,0.0,0.045326285415149735,0.1280853041486186,0.04131233395619872,-0.16846238431861416,0.0,
018_190℃_120_0.5mm.csv,0.5,120,1.49238,0.300053488,1.5066,0.300136114,0.01422,4.081602857,45.52450175,1.56642,34.12617679,1.57338,11.39832496,44.97732523,190,0.0142199999999999,3781466.7430000002,1230.6610407876317,20.0,24613.220815752633,3.6579902779224236,14767.93248945158,0.014380999999999932,0.0002159108612367662,-0.0002159108612367662,1217.1025927681308,18.251602675355976,-18.251602675355976,24342.051855362613,365.03205350711977,-365.03205350711977,3863709.5038,89047.12239257865,-89047.12239257865,14603.916340620231,14824.702694075406,14386.418188950818,3.778723176802175,3.924541220277173,3.638323066433094,45.319659214,0.25400828166658374,-0.25400828166658374,1.566098,0.0011097893944348133,-0.0011097893944348133,33.886426670000006,0.22426067780551634,-0.22426067780551634,1.573306,0.0008209323967295411,-0.0008209323967295411,11.433232542,0.12801599330572672,-0.12801599330572672,44.746014078,0.25962752956165064,-0.25962752956165064,-1.215699895797409,1.2306610407878738,1.2306610407878702,-1.9116458953366586,1.2306610407878802,-3.1041059139764466,,0.285182392649903,0.0,0.452633347240068,0.0,0.0,0.23463678614583616,
019_190℃_120_0.5mm.csv,0.5,120,1.49234,0.300207997,1.507005,0.300235504,0.014665,4.279851249,45.08447881,1.56478,33.56960691,1.57229,11.5148719,44.44977691,190,0.014664999999999928,3979615.745,1193.3174224343734,20.0,23866.348448687466,3.970140469416648,14319.809069212479,0.014380999999999932,0.0002159108612367662,-0.0002159108612367662,1217.1025927681308,18.251602675355976,-18.251602675355976,24342.051855362613,365.03205350711977,-365.03205350711977,3863709.5038,89047.12239257865,-89047.12239257865,14603.916340620231,14824.702694075406,14386.418188950818,3.778723176802175,3.924541220277173,3.638323066433094,45.319659214,0.25400828166658374,-0.25400828166658374,1.566098,0.0011097893944348133,-0.0011097893944348133,33.886426670000006,0.22426067780551634,-0.22426067780551634,1.573306,0.0008209323967295411,-0.0008209323967295411,11.433232542,0.12801599330572672,-0.12801599330572672,44.746014078,0.25962752956165064,-0.25962752956165064,1.875651267801276,-1.8411183088987026,-1.84111830889871,3.2281876122938034,-1.8411183088987026,5.16438842197208,,-0.6841369650265358,-0.1046973353251276,-1.185666496067926,-0.06927760617270053,1.0224918170783508,-0.941035932761676,
020_190℃_120_0.5mm.csv,0.5,120,1.49244,0.300238383,1.506565,0.30000642,0.014125,4.076554909,45.57472696,1.565075,33.97240635,1.57267,11.60232061,44.95064089,190,0.014124999999999943,3776548.4890000005,1238.9380530973501,20.0,24778.761061947003,3.6288263542261765,14867.2566371682,0.014380999999999932,0.0002159108612367662,-0.0002159108612367662,1217.1025927681308,18.251602675355976,-18.251602675355976,24342.051855362613,365.03205350711977,-365.03205350711977,3863709.5038,89047.12239257865,-89047.12239257865,14603.916340620231,14824.702694075406,14386.418188950818,3.778723176802175,3.924541220277173,3.638323066433094,45.319659214,0.25400828166658374,-0.25400828166658374,1.566098,0.0011097893944348133,-0.0011097893944348133,33.886426670000006,0.22426067780551634,-0.22426067780551634,1.573306,0.0008209323967295411,-0.0008209323967295411,11.433232542,0.12801599330572672,-0.12801599330572672,44.746014078,0.25962752956165064,-0.25962752956165064,-1.875651267801276,1.9115044247787099,1.9115044247787136,-2.039221641129394,1.911504424778716,-3.8766242223655536,,0.39582268857712233,-0.08586458293432984,0.0,-0.04512578016753666,1.7896984926809765,0.17516915186344986,
021_190℃_160_0.5mm.csv,0.5,160,1.49295,0.30018433,1.504085,0.300181684,0.011135,3.054006512,44.17085717,1.55962,33.09545192,1.565955,11.07540526,43.68293168,190,0.011134999999999895,2753824.8279999997,1571.6210148181558,20.0,31432.420296363118,2.085975473454402,18859.452177817868,0.011207000000000012,0.00012862736878283513,-0.00012862736878283513,1561.6882416737271,17.882744609644064,-17.882744609644064,31233.764833474543,357.6548921928842,-357.6548921928842,2802693.0614,59234.4044330139,-59234.4044330139,18739.274468292322,18955.34503941748,18525.66686956937,2.136228137537556,2.2059686709256816,2.0686924142454957,44.365181545999995,0.5586288427711986,-0.5586288427711986,1.559027,0.0004719586846324829,-0.0004719586846324829,33.257529796,0.5201843804611691,-0.5201843804611691,1.565577,0.00047436273040787083,-0.00047436273040787083,11.107651749999999,0.06550132483890612,-0.06550132483890612,43.856358197999995,0.5529213789378258,-0.5529213789378258,-0.2240143369190291,0.22451728783263117,0.22451728783263405,-0.3876812251071898,0.22451728783260697,-0.6108271005004228,,-0.07995999756093836,0.043940254083720404,0.0,0.018203069612376218,-0.002720277922129081,-0.010428569469264,
022_190℃_160_0.5mm.csv,0.5,160,1.49295,0.300033386,1.50411,0.30028796,0.01116,3.0648304,44.20620445,1.55852,33.08172174,1.56506,11.1244827,43.68748766,190,0.011160000000000059,2764542.44,1568.1003584229309,20.0,31362.00716845862,2.098795485061235,18817.204301075173,0.011207000000000012,0.00012862736878283513,-0.00012862736878283513,1561.6882416737271,17.882744609644064,-17.882744609644064,31233.764833474543,357.6548921928842,-357.6548921928842,2802693.0614,59234.4044330139,-59234.4044330139,18739.274468292322,18955.34503941748,18525.66686956937,2.136228137537556,2.2059686709256816,2.0686924142454957,44.365181545999995,0.5586288427711986,-0.5586288427711986,1.559027,0.0004719586846324829,-0.0004719586846324829,33.257529796,0.5201843804611691,-0.5201843804611691,1.565577,0.00047436273040787083,-0.00047436273040787083,11.107651749999999,0.06550132483890612,-0.06550132483890612,43.856358197999995,0.5529213789378258,-0.5529213789378258,0.0,0.0,0.0,0.0,0.0,0.0,,0.0,-0.026620737875540305,-0.041486606779663954,-0.03896095601244193,0.4403886088874405,0.0,
023_190℃_160_0.5mm.csv,0.5,160,1.492975,0.300322002,1.504285,0.300073054,0.01131,3.147763036,44.93417235,1.558935,33.72008589,1.56567,11.21408646,44.40333748,190,0.011310000000000153,2847689.9820000003,1547.3032714411816,20.0,30946.065428823633,2.190977802477581,18567.639257294177,0.011207000000000012,0.00012862736878283513,-0.00012862736878283513,1561.6882416737271,17.882744609644064,-17.882744609644064,31233.764833474543,357.6548921928842,-357.6548921928842,2802693.0614,59234.4044330139,-59234.4044330139,18739.274468292322,18955.34503941748,18525.66686956937,2.136228137537556,2.2059686709256816,2.0686924142454957,44.365181545999995,0.5586288427711986,-0.5586288427711986,1.559027,0.0004719586846324829,-0.0004719586846324829,33.257529796,0.5201843804611691,-0.5201843804611691,1.565577,0.00047436273040787083,-0.00047436273040787083,11.107651749999999,0.06550132483890612,-0.06550132483890612,43.856358197999995,0.5529213789378258,-0.5529213789378258,1.3440860215062163,-1.3262599469504204,-1.3262599469504175,3.0076420892276254,-1.3262599469504444,4.392153407632107,,1.646755040513314,0.0,1.8873710246045128,0.0,1.2494002922098109,1.6385694356497025,
024_190℃_160_0.5mm.csv,0.5,160,1.49299,0.300370426,1.50436,0.300328999,0.01137,3.184380522,44.904723,1.5594,33.82901645,1.56609,11.07570655,44.4036941,190,0.01136999999999988,2884051.523,1539.138082673719,20.0,30782.76165347438,2.2307255657489558,18469.656992084627,0.011207000000000012,0.00012862736878283513,-0.00012862736878283513,1561.6882416737271,17.882744609644064,-17.882744609644064,31233.764833474543,357.6548921928842,-357.6548921928842,2802693.0614,59234.4044330139,-59234.4044330139,18739.274468292322,18955.34503941748,18525.66686956937,2.136228137537556,2.2059686709256816,2.0686924142454957,44.365181545999995,0.5586288427711986,-0.5586288427711986,1.559027,0.0004719586846324829,-0.0004719586846324829,33.257529796,0.5201843804611691,-0.5201843804611691,1.565577,0.00047436273040787083,-0.00047436273040787083,11.107651749999999,0.06550132483890612,-0.06550132483890612,43.856358197999995,0.5529213789378258,-0.5529213789378258,1.8817204301059172,-1.8469656992068886,-1.8469656992068972,4.32292451983483,-1.8469656992069126,6.285990303808537,,1.5801369031581622,0.02982805569186257,2.2165115973433585,0.02682557627086723,0.0,1.6393857334482405,
025_190℃_160_0.5mm.csv,0.5,160,1.49302,0.300317001,1.50408,0.300141669,0.01106,3.063498203,43.60995076,1.55866,32.56137298,1.56511,11.04857778,43.10434007,190,0.01106000000000007,2763356.534,1582.2784810126482,20.0,31645.569620252965,2.079096820819061,18987.34177215178,0.011207000000000012,0.00012862736878283513,-0.00012862736878283513,1561.6882416737271,17.882744609644064,-17.882744609644064,31233.764833474543,357.6548921928842,-357.6548921928842,2802693.0614,59234.4044330139,-59234.4044330139,18739.274468292322,18955.34503941748,18525.66686956937,2.136228137537556,2.2059686709256816,2.0686924142454957,44.365181545999995,0.5586288427711986,-0.5586288427711986,1.559027,0.0004719586846324829,-0.0004719586846324829,33.257529796,0.5201843804611691,-0.5201843804611691,1.565577,0.00047436273040787083,-0.00047436273040787083,11.107651749999999,0.06550132483890612,-0.06550132483890612,43.856358197999995,0.5529213789378258,-0.5529213789378258,-0.8960573476701474,0.9041591320071197,0.9041591320071226,-0.04289700830203059,0.9041591320071146,-0.9385699741773273,,-1.348800914754862,-0.017640247989815176,-1.6137532773113452,-0.0357674350278088,-0.24493940749991372,-1.3348160336853825,
026_190℃_200_0.5mm.csv,0.5,200,1.493285,0.300292943,1.50287,0.300365055,0.009585,2.569723241,44.25067202,1.559675,33.46362592,1.5663,10.7870461,43.79972922,190,0.009584999999999955,2269358.186,1825.7694314032428,20.0,36515.38862806486,1.4797141641367277,21909.233176838916,0.0095260000000001,0.00033608778615120235,-0.00033608778615120235,1838.9093476052433,64.94468381159659,-64.94468381159659,36778.186952104865,1298.893676231929,-1298.893676231929,2254287.5846,124491.91448616484,-124491.91448616484,22055.914456671377,22848.335702489076,21290.975800351647,1.4583551288827112,1.5952458595304981,1.333211222102438,44.691659576,0.6438125964435024,-0.6438125964435024,1.557669,0.0011492954363434514,-0.0011492954363434514,33.65209206,0.5354182549804901,-0.5354182549804901,1.564452,0.0010464260604552478,-0.0010464260604552478,11.039567514,0.16156806150267475,-0.16156806150267475,44.186958157999996,0.6408139558105198,-0.6408139558105198,0.10443864229601411,-0.1043296817928437,-0.10432968179284867,1.3082366401446335,-0.10432968179285199,1.4140415870256433,,-1.0944536033016652,0.16730140584559258,-0.4452011614007604,0.14513788098693722,-3.0557530066055274,-0.9218550896868211,
027_190℃_200_0.5mm.csv,0.5,200,1.49334,0.300056576,1.50275,0.300320336,0.00941,2.515829847,43.87768265,1.55707,32.90792582,1.56403,10.96975683,43.35486355,190,0.00941000000000014,2215509.511,1859.7236981933836,20.0,37194.47396386767,1.4182275169054634,22316.684378320602,0.0095260000000001,0.00033608778615120235,-0.00033608778615120235,1838.9093476052433,64.94468381159659,-64.94468381159659,36778.186952104865,1298.893676231929,-1298.893676231929,2254287.5846,124491.91448616484,-124491.91448616484,22055.914456671377,22848.335702489076,21290.975800351647,1.4583551288827112,1.5952458595304981,1.333211222102438,44.691659576,0.6438125964435024,-0.6438125964435024,1.557669,0.0011492954363434514,-0.0011492954363434514,33.65209206,0.5354182549804901,-0.5354182549804901,1.564452,0.0010464260604552478,-0.0010464260604552478,11.039567514,0.16156806150267475,-0.16156806150267475,44.186958157999996,0.6408139558105198,-0.6408139558105198,-1.7232375979109014,1.7534537725820227,1.753453772582005,-1.0956651957633754,1.7534537725820014,-2.8000218790736326,,-1.928129472073497,0.0,-2.098417456680488,0.0,-1.4137136592939936,-1.928173304498016,
028_190℃_200_0.5mm.csv,0.5,200,1.493275,0.300014638,1.50327,0.300145172,0.009995,2.745653116,45.10637232,1.55702,33.93285254,1.563795,11.17351978,44.5852259,190,0.009995000000000198,2445507.944,1750.8754377188247,20.0,35017.5087543765,1.6627790408354073,21010.5052526259,0.0095260000000001,0.00033608778615120235,-0.00033608778615120235,1838.9093476052433,64.94468381159659,-64.94468381159659,36778.186952104865,1298.893676231929,-1298.893676231929,2254287.5846,124491.91448616484,-124491.91448616484,22055.914456671377,22848.335702489076,21290.975800351647,1.4583551288827112,1.5952458595304981,1.333211222102438,44.691659576,0.6438125964435024,-0.6438125964435024,1.557669,0.0011492954363434514,-0.0011492954363434514,33.65209206,0.5354182549804901,-0.5354182549804901,1.564452,0.0010464260604552478,-0.0010464260604552478,11.039567514,0.16156806150267475,-0.16156806150267475,44.186958157999996,0.6408139558105198,-0.6408139558105198,4.386422976502162,-4.2021010505260525,-4.202101050526057,9.171879090974649,-4.2021010505260605,13.960619479300346,,0.8181389486276333,-0.0032111594212131424,0.9507552085243761,-0.015025287238734886,0.4175240650819749,0.854995024995448,
029_190℃_200_0.5mm.csv,0.5,200,1.493245,0.300043351,1.50282,0.300028244,0.009575,2.540081236,44.74033422,1.55698,33.6132726,1.563895,11.12706162,44.20725606,190,0.009575000000000111,2240052.992,1827.6762402088561,20.0,36553.52480417713,1.459082135945595,21932.114882506277,0.0095260000000001,0.00033608778615120235,-0.00033608778615120235,1838.9093476052433,64.94468381159659,-64.94468381159659,36778.186952104865,1298.893676231929,-1298.893676231929,2254287.5846,124491.91448616484,-124491.91448616484,22055.914456671377,22848.335702489076,21290.975800351647,1.4583551288827112,1.5952458595304981,1.333211222102438,44.691659576,0.6438125964435024,-0.6438125964435024,1.557669,0.0011492954363434514,-0.0011492954363434514,33.65209206,0.5354182549804901,-0.5354182549804901,1.564452,0.0010464260604552478,-0.0010464260604552478,11.039567514,0.16156806150267475,-0.16156806150267475,44.186958157999996,0.6408139558105198,-0.6408139558105198,0.0,0.0,0.0,0.0,0.0,0.0,,0.0,-0.0057800869581922125,0.0,-0.008631547988209703,0.0,0.0,
030_190℃_200_0.5mm.csv,0.5,200,1.49338,0.300029109,1.502445,0.30019056,0.009065,2.40119985,45.48323667,1.5576,34.34278342,1.56424,11.14045324,44.98771606,190,0.0090650000000001,2101009.29,1930.501930501909,20.0,38610.03861003818,1.2956223955000143,23166.02316602291,0.0095260000000001,0.00033608778615120235,-0.00033608778615120235,1838.9093476052433,64.94468381159659,-64.94468381159659,36778.186952104865,1298.893676231929,-1298.893676231929,2254287.5846,124491.91448616484,-124491.91448616484,22055.914456671377,22848.335702489076,21290.975800351647,1.4583551288827112,1.5952458595304981,1.333211222102438,44.691659576,0.6438125964435024,-0.6438125964435024,1.557669,0.0011492954363434514,-0.0011492954363434514,33.65209206,0.5354182549804901,-0.5354182549804901,1.564452,0.0010464260604552478,-0.0010464260604552478,11.039567514,0.16156806150267475,-0.16156806150267475,44.186958157999996,0.6408139558105198,-0.6408139558105198,-5.326370757180204,5.626034197462819,5.626034197462804,-6.207161281298832,5.62603419746281,-11.202915615140913,,1.6604758613267137,0.034038289864947724,2.1703058451975945,0.01342685242610714,0.12035180946540099,1.765456781440413,
031_190℃_240_0.5mm.csv,0.5,240,1.493475,0.300225828,1.502435,0.300308874,0.00896,2.396931295,45.49044769,1.559385,34.43399109,1.565795,11.05645659,45.02413945,190,0.008959999999999857,2096622.4209999996,1953.1250000000312,20.0,39062.500000000626,1.2779412851809318,23437.500000000375,0.009042999999999957,7.496665925602293e-05,-7.496665925602293e-05,1935.3043943444384,15.968139340442569,-15.968139340442569,38706.08788688877,319.3627868088533,-319.3627868088533,2108726.838,31561.368762168648,-31561.368762168648,23223.01833386605,23415.880576234176,23031.744579464892,1.2970737028094919,1.3254625104571358,1.2692929277491878,45.19767883,0.2832373842560063,-0.2832373842560063,1.556839,0.001440027777509818,-0.001440027777509818,34.003383312,0.310128958640229,-0.310128958640229,1.563689,0.001240803167307423,-0.001240803167307423,11.194295516,0.09586618028385716,-0.09586618028385716,44.675465058,0.30045925065495366,-0.30045925065495366,-0.7751937984522238,0.7812500000026477,0.7812500000026595,-0.1686067824172146,0.7812500000026595,-0.9424935515483573,,0.3828572440504479,0.2004799953735393,1.174033080119464,0.17722045392747646,-1.2586441658270093,0.5028105394227212,
032_190℃_240_0.5mm.csv,0.5,240,1.49337,0.300307174,1.502375,0.300377445,0.009005,2.366906661,44.78053045,1.556265,33.58313854,1.563025,11.19739191,44.25636304,190,0.00900499999999993,2066529.2159999998,1943.364797334829,20.0,38867.295946696584,1.2659248700734593,23320.37756801795,0.009042999999999957,7.496665925602293e-05,-7.496665925602293e-05,1935.3043943444384,15.968139340442569,-15.968139340442569,38706.08788688877,319.3627868088533,-319.3627868088533,2108726.838,31561.368762168648,-31561.368762168648,23223.01833386605,23415.880576234176,23031.744579464892,1.2970737028094919,1.3254625104571358,1.2692929277491878,45.19767883,0.2832373842560063,-0.2832373842560063,1.556839,0.001440027777509818,-0.001440027777509818,34.003383312,0.310128958640229,-0.310128958640229,1.563689,0.001240803167307423,-0.001240803167307423,11.194295516,0.09586618028385716,-0.09586618028385716,44.675465058,0.30045925065495366,-0.30045925065495366,-0.27685492801952954,0.2776235424782148,0.27762354247822657,-1.601505024581111,0.27762354247822657,-1.8739261070175983,,-1.1837028708036468,0.0,-1.325943870417753,0.0,0.0,-1.2110187089199358,
033_190℃_240_0.5mm.csv,0.5,240,1.493415,0.300109336,1.502445,0.300095381,0.00903,2.40025882,45.31694847,1.556205,34.08484072,1.5629,11.23210775,44.79888593,190,0.009030000000000094,2100163.4390000002,1937.984496124011,20.0,38759.68992248022,1.2901003982428705,23255.81395348813,0.009042999999999957,7.496665925602293e-05,-7.496665925602293e-05,1935.3043943444384,15.968139340442569,-15.968139340442569,38706.08788688877,319.3627868088533,-319.3627868088533,2108726.838,31561.368762168648,-31561.368762168648,23223.01833386605,23415.880576234176,23031.744579464892,1.2970737028094919,1.3254625104571358,1.2692929277491878,45.19767883,0.2832373842560063,-0.2832373842560063,1.556839,0.001440027777509818,-0.001440027777509818,34.003383312,0.310128958640229,-0.310128958640229,1.563689,0.001240803167307423,-0.001240803167307423,11.194295516,0.09586618028385716,-0.09586618028385716,44.675465058,0.30045925065495366,-0.30045925065495366,0.0,0.0,0.0,0.0,0.0,0.0,,0.0,-0.003855384526410925,0.14815864715039812,-0.007997312902874412,0.31003505351096083,0.0,
034_190℃_240_0.5mm.csv,0.5,240,1.493475,0.300014343,1.502535,0.300312557,0.00906,2.442467149,45.04705253,1.556475,33.88053042,1.563835,11.16652211,44.49527091,190,0.009059999999999846,2142154.592,1931.567328918355,20.0,38631.3465783671,1.3202667077224268,23178.807947020257,0.009042999999999957,7.496665925602293e-05,-7.496665925602293e-05,1935.3043943444384,15.968139340442569,-15.968139340442569,38706.08788688877,319.3627868088533,-319.3627868088533,2108726.838,31561.368762168648,-31561.368762168648,23223.01833386605,23415.880576234176,23031.744579464892,1.2970737028094919,1.3254625104571358,1.2692929277491878,45.19767883,0.2832373842560063,-0.2832373842560063,1.556839,0.001440027777509818,-0.001440027777509818,34.003383312,0.310128958640229,-0.310128958640229,1.563689,0.001240803167307423,-0.001240803167307423,11.194295516,0.09586618028385716,-0.09586618028385716,44.675465058,0.30045925065495366,-0.30045925065495366,0.33222591361851755,-0.3311258278118486,-0.3311258278118533,1.9994231029940297,-0.33112582781185645,2.3382916182835967,,-0.5955739499509108,0.013493845842452506,-0.4521463537070973,0.0518225876105614,-0.2756874122842023,-0.6777289517297495,
035_190℃_240_0.5mm.csv,0.5,240,1.49338,0.30017759,1.50254,0.300430855,0.00916,2.438595377,45.35341501,1.555865,34.03441579,1.56289,11.31899922,44.80266596,190,0.009160000000000057,2138164.522,1910.4803493449663,20.0,38209.60698689932,1.332352858606811,22925.76419213959,0.009042999999999957,7.496665925602293e-05,-7.496665925602293e-05,1935.3043943444384,15.968139340442569,-15.968139340442569,38706.08788688877,319.3627868088533,-319.3627868088533,2108726.838,31561.368762168648,-31561.368762168648,23223.01833386605,23415.880576234176,23031.744579464892,1.2970737028094919,1.3254625104571358,1.2692929277491878,45.19767883,0.2832373842560063,-0.2832373842560063,1.556839,0.001440027777509818,-0.001440027777509818,34.003383312,0.310128958640229,-0.310128958640229,1.563689,0.001240803167307423,-0.001240803167307423,11.194295516,0.09586618028385716,-0.09586618028385716,44.675465058,0.30045925065495366,-0.30045925065495366,1.439645625691718,-1.4192139737987228,-1.4192139737987275,1.8094345561074037,-1.4192139737987308,3.275129627235892,,0.08046998138928146,-0.02570256350942519,0.0,-0.008637097935107774,1.086032452712463,0.008437776791833468,
001_190℃_280_0.5mm.csv,0.5,280,1.493345,0.300018239,1.50198,0.300038163,0.008635,2.205758962,44.12918176,1.556505,33.2617687,1.56153,10.86741306,43.72807697,190,0.00863500000000017,1905720.799,2026.635784597528,20.0,40532.715691950565,1.1194489183241718,24319.62941517034,0.008773333333333374,0.000132884661768387,-0.000132884661768387,1994.9865973129865,30.280138965468748,-30.280138965468748,39899.73194625973,605.602779309379,-605.602779309379,1986630.392,76707.56309049243,-76707.56309049243,23938.003341929067,24303.73422438658,23577.77610253925,1.1849884932096122,1.250639965235149,1.1227833493831822,44.49420527,1.0327959987827464,-1.0327959987827464,1.55788,0.0017391161548327202,-0.0017391161548327202,33.670055579999996,1.0021292650428313,-1.0021292650428313,1.5631283333333332,0.0015433108349691249,-0.0015433108349691249,10.824149686666667,0.05897931254485888,-0.05897931254485888,44.106382599999996,1.0953545030970087,-1.0953545030970087,-1.7074558907213628,1.7371163867964015,1.7371163867964203,-4.516871079742161,1.7371163867964323,-6.147203389136192,,0.0,-0.05104989404738196,0.0,-0.10970769137274777,0.17833056210553366,0.0,
002_190℃_280_0.5mm.csv,0.5,280,1.493435,0.30010582,1.502335,0.300379475,0.0089,2.358678099,45.65994434,1.559835,34.8118767,1.56461,10.84806764,45.34074598,190,0.008899999999999908,2058298.6239999998,1966.292134831481,20.0,39325.84269662962,1.246180799564613,23595.50561797777,0.008773333333333374,0.000132884661768387,-0.000132884661768387,1994.9865973129865,30.280138965468748,-30.280138965468748,39899.73194625973,605.602779309379,-605.602779309379,1986630.392,76707.56309049243,-76707.56309049243,23938.003341929067,24303.73422438658,23577.77610253925,1.1849884932096122,1.250639965235149,1.1227833493831822,44.49420527,1.0327959987827464,-1.0327959987827464,1.55788,0.0017391161548327202,-0.0017391161548327202,33.670055579999996,1.0021292650428313,-1.0021292650428313,1.5631283333333332,0.0015433108349691249,-0.0015433108349691249,10.824149686666667,0.05897931254485888,-0.05897931254485888,44.106382599999996,1.0953545030970087,-1.0953545030970087,1.30904951621929,-1.2921348314591756,-1.2921348314591736,3.127799714894798,-1.2921348314591643,4.477793678150223,,3.4688215800718285,0.16278173762282003,4.660329443034103,0.08731836660280766,0.0,3.6879486173297527,
003_190℃_280_0.5mm.csv,0.5,280,1.49341,0.300364858,1.502195,0.300141405,0.008785,2.296013158,43.69348971,1.5573,32.93652134,1.563245,10.75696836,43.25032485,190,0.008785000000000043,1995871.753,1992.0318725099505,20.0,39840.63745019901,1.192770976197625,23904.382470119403,0.008773333333333374,0.000132884661768387,-0.000132884661768387,1994.9865973129865,30.280138965468748,-30.280138965468748,39899.73194625973,605.602779309379,-605.602779309379,1986630.392,76707.56309049243,-76707.56309049243,23938.003341929067,24303.73422438658,23577.77610253925,1.1849884932096122,1.250639965235149,1.1227833493831822,44.49420527,1.0327959987827464,-1.0327959987827464,1.55788,0.0017391161548327202,-0.0017391161548327202,33.670055579999996,1.0021292650428313,-1.0021292650428313,1.5631283333333332,0.0015433108349691249,-0.0015433108349691249,10.824149686666667,0.05897931254485888,-0.05897931254485888,44.106382599999996,1.0953545030970087,-1.0953545030970087,0.0,0.0,0.0,0.0,0.0,0.0,,-0.9873105111478054,0.0,-0.977841445936093,0.0,-0.8397742623219844,-1.0925523213100907,
005_190℃_320_0.5mm.csv,0.5,320,1.493545,0.300057785,1.50172,0.30033524,0.008175,2.112854819,44.89865504,1.55632,33.877253,1.56193,11.02140204,44.45438627,190,0.008175000000000043,1812519.579,2140.6727828746066,20.0,42813.45565749213,1.0079828270969442,25688.073394495277,0.008175000000000043,,,2140.6727828746066,,,42813.45565749213,,,1812519.579,,,25688.07339449526,,,1.0079828270969442,,,44.89865504,,,1.55632,,,33.877253,,,1.56193,,,11.02140204,,,44.45438627,,,0.0,0.0,0.0,0.0,0.0,0.0,,0.368974982490379,0.0,0.7650886697782308,0.0,0.0,0.471134355333966,
001_210℃_020_0.5mm.csv,0.5,20,1.479935,0.300073337,1.57586,0.300018704,0.095925,13.59349601,61.47215702,1.845575,47.77603926,1.8548,13.69611776,61.05376796,210,0.09592500000000004,13293477.306000002,182.43419338024492,20.0,3648.6838676048983,86.74672180803066,2189.210320562939,0.09654200000000004,0.00058674525988717,-0.00058674525988717,181.2736072522804,1.1005487296729335,-1.1005487296729335,3625.472145045608,22.010974593458254,-22.010974593458254,13292346.364599999,68323.02233751758,-68323.02233751758,2175.251192395352,2188.50486933785,2162.077780274266,87.29504713794717,88.20682647703137,86.39269271070239,61.407867534000005,0.2785615386443517,-0.2785615386443517,1.852655,0.004247151986920305,-0.004247151986920305,48.012079168,0.3180102189230404,-0.3180102189230404,1.862822,0.004693648101423822,-0.004693648101423822,13.395788362,0.16913834606814715,-0.16913834606814715,60.956802962000005,0.27434939870367087,-0.27434939870367087,-0.4875771564914886,0.48996611936405676,0.48996611936405676,0.0,0.48996611936407763,-0.4214830137044821,,0.0,-0.40741989881955865,-0.16405014502958276,-0.47006804181245043,2.7164631308376666,0.0,
002_210℃_020_0.5mm.csv,0.5,20,1.48003,0.300018378,1.576425,0.300081733,0.096395,13.58473564,61.1931916,1.853125,47.85454471,1.86356,13.33864688,60.7332659,210,0.09639500000000001,13284653.907,181.54468592769334,20.0,3630.8937185538666,87.11389206566429,2178.5362311323197,0.09654200000000004,0.00058674525988717,-0.00058674525988717,181.2736072522804,1.1005487296729335,-1.1005487296729335,3625.472145045608,22.010974593458254,-22.010974593458254,13292346.364599999,68323.02233751758,-68323.02233751758,2175.251192395352,2188.50486933785,2162.077780274266,87.29504713794717,88.20682647703137,86.39269271070239,61.407867534000005,0.2785615386443517,-0.2785615386443517,1.852655,0.004247151986920305,-0.004247151986920305,48.012079168,0.3180102189230404,-0.3180102189230404,1.862822,0.004693648101423822,-0.004693648101423822,13.395788362,0.16913834606814715,-0.16913834606814715,60.956802962000005,0.27434939870367087,-0.27434939870367087,0.0,0.0,0.0,-0.0663738974904605,0.0,0.0,,-0.4538077619583727,0.0,0.0,0.0,0.035546895354888475,-0.5249504997136013,
003_210℃_020_0.5mm.csv,0.5,20,1.48027,0.300144928,1.57635,0.300026456,0.09608,13.49547232,61.05421245,1.852685,47.72030535,1.863335,13.33390709,60.60263477,210,0.09607999999999994,13195445.864,182.13988343047473,20.0,3642.7976686094944,86.24615228660674,2185.6786011656964,0.09654200000000004,0.00058674525988717,-0.00058674525988717,181.2736072522804,1.1005487296729335,-1.1005487296729335,3625.472145045608,22.010974593458254,-22.010974593458254,13292346.364599999,68323.02233751758,-68323.02233751758,2175.251192395352,2188.50486933785,2162.077780274266,87.29504713794717,88.20682647703137,86.39269271070239,61.407867534000005,0.2785615386443517,-0.2785615386443517,1.852655,0.004247151986920305,-0.004247151986920305,48.012079168,0.3180102189230404,-0.3180102189230404,1.862822,0.004693648101423822,-0.004693648101423822,13.395788362,0.16913834606814715,-0.16913834606814715,60.956802962000005,0.27434939870367087,-0.27434939870367087,-0.32678043466991563,0.32785179017492555,0.32785179017492555,-0.7374401726759277,0.3278517901749256,-0.9960980487514706,,-0.6798924753267036,-0.02374367622259675,-0.28051538430361606,-0.012073665457519036,0.0,-0.7389112991282777,
004_210℃_020_0.5mm.csv,0.5,20,1.48006,0.300078949,1.577285,0.300170222,0.097225,13.68823502,61.59638091,1.856225,48.30999264,1.86607,13.28638827,61.17834975,210,0.09722500000000012,13388064.798,179.9948572897915,20.0,3599.89714579583,88.54793197180624,2159.938287477498,0.09654200000000004,0.00058674525988717,-0.00058674525988717,181.2736072522804,1.1005487296729335,-1.1005487296729335,3625.472145045608,22.010974593458254,-22.010974593458254,13292346.364599999,68323.02233751758,-68323.02233751758,2175.251192395352,2188.50486933785,2162.077780274266,87.29504713794717,88.20682647703137,86.39269271070239,61.407867534000005,0.2785615386443517,-0.2785615386443517,1.852655,0.004247151986920305,-0.004247151986920305,48.012079168,0.3180102189230404,-0.3180102189230404,1.862822,0.004693648101423822,-0.004693648101423822,13.395788362,0.16913834606814715,-0.16913834606814715,60.956802962000005,0.27434939870367087,-0.27434939870367087,0.8610405104000294,-0.853689894574559,-0.8536898945745528,0.711533106219745,-0.8536898945745487,1.64616672741588,,0.20208155370176276,0.16728499156830234,0.9517339110841544,0.13468844577044956,-0.3563758145250472,0.20405258211355867,
005_210℃_020_0.5mm.csv,0.5,20,1.4802,0.300110277,1.577285,0.300060262,0.097085,13.60015021,61.72339569,1.855665,48.39951388,1.866345,13.32388181,61.21599643,210,0.09708500000000009,13300089.948,180.25441623319756,20.0,3605.0883246639514,87.83940357833885,2163.052994798371,0.09654200000000004,0.00058674525988717,-0.00058674525988717,181.2736072522804,1.1005487296729335,-1.1005487296729335,3625.472145045608,22.010974593458254,-22.010974593458254,13292346.364599999,68323.02233751758,-68323.02233751758,2175.251192395352,2188.50486933785,2162.077780274266,87.29504713794717,88.20682647703137,86.39269271070239,61.407867534000005,0.2785615386443517,-0.2785615386443517,1.852655,0.004247151986920305,-0.004247151986920305,48.012079168,0.3180102189230404,-0.3180102189230404,1.862822,0.004693648101423822,-0.004693648101423822,13.395788362,0.16913834606814715,-0.16913834606814715,60.956802962000005,0.27434939870367087,-0.27434939870367087,0.7158047616578447,-0.7107174125766881,-0.7107174125766786,0.04974350839726826,-0.7107174125766621,0.8328310163523465,,0.4087031953641365,0.13706576728499087,1.1388033744810058,0.14944514799629824,-0.07518636459916035,0.26571409991645534,
006_210℃_040_0.5mm.csv,0.5,40,1.487495,0.300209803,1.53315,0.300012997,0.045655,9.911528502,52.52130571,1.67817,39.8927808,1.685165,12.62852491,52.15093355,210,0.045655,9611515.504999999,383.30960464352205,20.0,7666.192092870441,29.85127485583503,4599.715255722264,0.045691000000000016,0.00024988497353785436,-0.00024988497353785436,383.0168032370188,2.1047667006909467,-2.1047667006909467,7660.336064740377,42.09533401381932,-42.09533401381932,9644908.601799998,100703.14755654855,-100703.14755654855,4596.146297983804,4621.412147908725,4571.018579684456,29.976937492239003,30.453322444093672,29.508004686952912,50.944335562000006,1.5771855884836634,-1.5771855884836634,1.67233,0.006337763801215724,-0.006337763801215724,38.377658708,1.5528674436381769,-1.5528674436381769,1.6818750000000002,0.003410368381861423,-0.003410368381861423,12.566676855999999,0.06053438649067407,-0.06053438649067407,50.466430179999996,1.7113511270474044,-1.7113511270474044,-0.20765027322394822,0.2080823568063871,0.20808235680639303,-0.12172412854854263,0.20808235680637716,-0.3291216412869787,,3.0839956689295653,0.3006323439759893,3.7849522514297873,0.10930747181917122,0.5087573978678798,3.256194754707395,
007_210℃_040_0.5mm.csv,0.5,40,1.487555,0.300103177,1.53342,0.300109643,0.045865,10.03918334,51.93453618,1.67681,39.36993462,1.683875,12.56460157,51.54340876,210,0.045865000000000045,9739073.696999999,381.5545623024089,20.0,7631.091246048178,30.386572456660225,4578.654747628907,0.045691000000000016,0.00024988497353785436,-0.00024988497353785436,383.0168032370188,2.1047667006909467,-2.1047667006909467,7660.336064740377,42.09533401381932,-42.09533401381932,9644908.601799998,100703.14755654855,-100703.14755654855,4596.146297983804,4621.412147908725,4571.018579684456,29.976937492239003,30.453322444093672,29.508004686952912,50.944335562000006,1.5771855884836634,-1.5771855884836634,1.67233,0.006337763801215724,-0.006337763801215724,38.377658708,1.5528674436381769,-1.5528674436381769,1.6818750000000002,0.003410368381861423,-0.003410368381861423,12.566676855999999,0.06053438649067407,-0.06053438649067407,50.466430179999996,1.7113511270474044,-1.7113511270474044,0.2513661202187702,-0.2507358552274797,-0.2507358552274797,1.203799643806809,-0.2507358552274797,1.4581917084854172,,1.93233832013553,0.21934805216538006,2.4247170224496624,0.03267342907638456,0.0,2.0533265841039055,
008_210℃_040_0.5mm.csv,0.5,40,1.487615,0.300068801,1.53352,0.300057974,0.045905,10.04655697,50.95000962,1.67145,38.33183045,1.68036,12.61817917,50.50634848,210,0.045905000000000085,9746498.996,381.22208909704756,20.0,7624.441781940951,30.43626098036604,4574.665069164571,0.045691000000000016,0.00024988497353785436,-0.00024988497353785436,383.0168032370188,2.1047667006909467,-2.1047667006909467,7660.336064740377,42.09533401381932,-42.09533401381932,9644908.601799998,100703.14755654855,-100703.14755654855,4596.146297983804,4621.412147908725,4571.018579684456,29.976937492239003,30.453322444093672,29.508004686952912,50.944335562000006,1.5771855884836634,-1.5771855884836634,1.67233,0.006337763801215724,-0.006337763801215724,38.377658708,1.5528674436381769,-1.5528674436381769,1.6818750000000002,0.003410368381861423,-0.003410368381861423,12.566676855999999,0.06053438649067407,-0.06053438649067407,50.466430179999996,1.7113511270474044,-1.7113511270474044,0.33879781420792876,-0.3376538503433725,-0.3376538503433725,1.2809598025314421,-0.3376538503433725,1.6240974805512356,,0.0,-0.1010076861470032,-0.2760120206222252,-0.17613948583903194,0.4264170232657746,0.0,
009_210℃_040_0.5mm.csv,0.5,40,1.487655,0.300157934,1.532935,0.300241949,0.04528,9.804467463,50.91746227,1.67314,38.43792374,1.683325,12.47953853,50.44267252,210,0.04527999999999999,9504225.514,386.4840989399294,20.0,7729.681978798589,29.275600766933323,4637.809187279154,0.045691000000000016,0.00024988497353785436,-0.00024988497353785436,383.0168032370188,2.1047667006909467,-2.1047667006909467,7660.336064740377,42.09533401381932,-42.09533401381932,9644908.601799998,100703.14755654855,-100703.14755654855,4596.146297983804,4621.412147908725,4571.018579684456,29.976937492239003,30.453322444093672,29.508004686952912,50.944335562000006,1.5771855884836634,-1.5771855884836634,1.67233,0.006337763801215724,-0.006337763801215724,38.377658708,1.5528674436381769,-1.5528674436381769,1.6818750000000002,0.003410368381861423,-0.003410368381861423,12.566676855999999,0.06053438649067407,-0.06053438649067407,50.466430179999996,1.7113511270474044,-1.7113511270474044,-1.0273224043715212,1.0379858657243142,1.0379858657243202,-1.236630442102203,1.0379858657243242,-2.251248664882733,,-0.06388094966566078,0.0,0.0,0.0,-0.6770054706955696,-0.12607516068046906,
010_210℃_040_0.5mm.csv,0.5,40,1.48747,0.300041352,1.53322,0.30016363,0.04575,9.923392927,48.39836403,1.66208,35.85582393,1.67665,12.5425401,47.68878759,210,0.04574999999999996,9623229.297,382.51366120218614,20.0,7650.273224043723,29.949846281479562,4590.163934426234,0.045691000000000016,0.00024988497353785436,-0.00024988497353785436,383.0168032370188,2.1047667006909467,-2.1047667006909467,7660.336064740377,42.09533401381932,-42.09533401381932,9644908.601799998,100703.14755654855,-100703.14755654855,4596.146297983804,4621.412147908725,4571.018579684456,29.976937492239003,30.453322444093672,29.508004686952912,50.944335562000006,1.5771855884836634,-1.5771855884836634,1.67233,0.006337763801215724,-0.006337763801215724,38.377658708,1.5528674436381769,-1.5528674436381769,1.6818750000000002,0.003410368381861423,-0.003410368381861423,12.566676855999999,0.06053438649067407,-0.06053438649067407,50.466430179999996,1.7113511270474044,-1.7113511270474044,0.0,0.0,0.0,0.0,0.0,0.0,,-5.008135639288225,-0.6610325495774454,-6.717583986756727,-0.39653661651790273,-0.1755843181902073,-5.578627192016719,
011_210℃_080_0.5mm.csv,0.5,80,1.491045,0.300044982,1.51251,0.300162091,0.021465,6.121825241,45.20421465,1.587295,33.75002546,1.593345,11.45418919,44.69581484,210,0.021465000000000067,5821663.15,815.2806894945234,20.0,16305.613789890467,8.500816293520435,9783.36827393428,0.02152799999999999,0.00021990338787753047,-0.00021990338787753047,812.9622999449323,8.256166888222637,-8.256166888222637,16259.245998898647,165.12333776445217,-165.12333776445217,5824435.5501999995,77048.03583424453,-77048.03583424453,9755.143582081419,9855.009513945046,9656.289643593636,8.528875796263158,8.725577695506699,8.336608175014295,44.772350236,0.7384455617989657,-0.7384455617989657,1.584637,0.0017972812801560992,-0.0017972812801560992,33.081906812,0.6603354109935804,-0.6603354109935804,1.591855,0.0016654466367914858,-0.0016654466367914858,11.690443424,0.24541628098370274,-0.24541628098370274,44.178646184,0.7438145420071756,-0.7438145420071756,0.0,0.0,0.0,0.0,0.0,-0.10836651836086583,,0.6084731680291059,0.17544800775000582,2.407376312730454,0.1024052672746076,-1.5549714706395703,0.9610097188733127,
012_210℃_080_0.5mm.csv,0.5,80,1.49089,0.30013134,1.51248,0.30035278,0.02159,6.103209482,43.90946648,1.583135,32.27435462,1.58995,11.63511186,43.34650262,210,0.021589999999999998,5802856.702,810.5604446503012,20.0,16211.208893006024,8.522699060964623,9726.725335803614,0.02152799999999999,0.00021990338787753047,-0.00021990338787753047,812.9622999449323,8.256166888222637,-8.256166888222637,16259.245998898647,165.12333776445217,-165.12333776445217,5824435.5501999995,77048.03583424453,-77048.03583424453,9755.143582081419,9855.009513945046,9656.289643593636,8.528875796263158,8.725577695506699,8.336608175014295,44.772350236,0.7384455617989657,-0.7384455617989657,1.584637,0.0017972812801560992,-0.0017972812801560992,33.081906812,0.6603354109935804,-0.6603354109935804,1.591855,0.0016654466367914858,-0.0016654466367914858,11.690443424,0.24541628098370274,-0.24541628098370274,44.178646184,0.7438145420071756,-0.7438145420071756,0.5823433496386226,-0.5789717461784537,-0.5789717461784537,-0.3230425312395615,-0.5789717461784537,0.148774126681061,,-2.273174871415367,-0.087092895933452,-2.070237465804565,-0.11088668511636923,0.0,-2.0868802154499875,
013_210℃_080_0.5mm.csv,0.5,80,1.49106,0.300294805,1.51249,0.300107723,0.02143,6.137604848,44.13794941,1.585355,32.66885999,1.593725,11.46908943,43.50931597,210,0.021429999999999838,5837497.125,816.612225851616,20.0,16332.24451703232,8.510038325765242,9799.346710219394,0.02152799999999999,0.00021990338787753047,-0.00021990338787753047,812.9622999449323,8.256166888222637,-8.256166888222637,16259.245998898647,165.12333776445217,-165.12333776445217,5824435.5501999995,77048.03583424453,-77048.03583424453,9755.143582081419,9855.009513945046,9656.289643593636,8.528875796263158,8.725577695506699,8.336608175014295,44.772350236,0.7384455617989657,-0.7384455617989657,1.584637,0.0017972812801560992,-0.0017972812801560992,33.081906812,0.6603354109935804,-0.6603354109935804,1.591855,0.0016654466367914858,-0.0016654466367914858,11.690443424,0.24541628098370274,-0.24541628098370274,44.178646184,0.7438145420071756,-0.7438145420071756,-0.1630561378999729,0.1633224451713944,0.16332244517139718,0.271983702801486,0.16332244517140837,0.0,,-1.7646532897389666,0.053013067089940705,-0.8731936315453825,0.12627888786623656,-1.4269087568531544,-1.719109759299772,
014_210℃_080_0.5mm.csv,0.5,80,1.490995,0.300131185,1.51228,0.300202374,0.021285,6.022956312,45.67929799,1.584515,33.75965876,1.591715,11.91963922,45.07122523,210,0.021285,5722753.937999999,822.175240779892,20.0,16443.50481559784,8.28631412043061,9866.102889358703,0.02152799999999999,0.00021990338787753047,-0.00021990338787753047,812.9622999449323,8.256166888222637,-8.256166888222637,16259.245998898647,165.12333776445217,-165.12333776445217,5824435.5501999995,77048.03583424453,-77048.03583424453,9755.143582081419,9855.009513945046,9656.289643593636,8.528875796263158,8.725577695506699,8.336608175014295,44.772350236,0.7384455617989657,-0.7384455617989657,1.584637,0.0017972812801560992,-0.0017972812801560992,33.081906812,0.6603354109935804,-0.6603354109935804,1.591855,0.0016654466367914858,-0.0016654466367914858,11.690443424,0.24541628098370274,-0.24541628098370274,44.178646184,0.7438145420071756,-0.7438145420071756,-0.8385744234804026,0.8456659619453579,0.8456659619453635,-1.6989854866474234,0.8456659619453485,-2.628944744670277,,1.6658393856494387,0.0,2.436606541886944,0.0,2.4454200649171947,1.8090043727136282,
015_210℃_080_0.5mm.csv,0.5,80,1.490845,0.300143495,1.512715,0.30009226,0.02187,6.237499096,44.93082265,1.582885,32.95663523,1.59054,11.97418742,44.27037226,210,0.021870000000000056,5937406.835999999,800.182898948329,20.0,16003.657978966581,8.83340731315104,9602.194787379947,0.02152799999999999,0.00021990338787753047,-0.00021990338787753047,812.9622999449323,8.256166888222637,-8.256166888222637,16259.245998898647,165.12333776445217,-165.12333776445217,5824435.5501999995,77048.03583424453,-77048.03583424453,9755.143582081419,9855.009513945046,9656.289643593636,8.528875796263158,8.725577695506699,8.336608175014295,44.772350236,0.7384455617989657,-0.7384455617989657,1.584637,0.0017972812801560992,-0.0017972812801560992,33.081906812,0.6603354109935804,-0.6603354109935804,1.591855,0.0016654466367914858,-0.0016654466367914858,11.690443424,0.24541628098370274,-0.24541628098370274,44.178646184,0.7438145420071756,-0.7438145420071756,1.88679245283013,-1.8518518518517868,-1.8518518518517812,1.988154982824776,-1.8518518518517961,3.799853478999699,,0.0,-0.10287059447211282,0.0,-0.07381974788199686,2.9142440921921615,0.0,
016_210℃_120_0.5mm.csv,0.5,120,1.49217,0.300259399,1.50629,0.300263586,0.01412,3.857518604,43.02166179,1.561085,31.77113095,1.567345,11.25053083,42.41619525,210,0.01411999999999991,3557255.018,1239.3767705382515,20.0,24787.53541076503,3.4169007383782093,14872.521246459019,0.014182000000000005,0.00011071359446797637,-0.00011071359446797637,1234.0185425044176,9.607795006881547,-9.607795006881547,24680.370850088348,192.15590013763008,-192.15590013763008,3601807.9622,53348.13294838831,-53348.13294838831,14807.862805543118,14923.76076593691,14692.864908976006,3.4744988293658827,3.551244463765692,3.3994117381780447,42.591822007999994,0.6926179497554963,-0.6926179497554963,1.561606,0.00044143799111538517,-0.00044143799111538517,31.505097921999997,0.5906692035233482,-0.5906692035233482,1.567742,0.0005807064662977308,-0.0005807064662977308,11.086724082,0.12133547276025969,-0.12133547276025969,42.022055390000006,0.6640188136993751,-0.6640188136993751,0.0,0.0,0.0,-0.98699688036457,0.0,-0.7761814017566032,,0.2683167174819263,-0.028497691366802344,0.0,-0.010207303963938742,1.5226654389687475,0.15546490582679268,
017_210℃_120_0.5mm.csv,0.5,120,1.492255,0.300029377,1.506345,0.300251898,0.01409,3.892966901,42.90653638,1.56199,31.82474416,1.567955,11.08179221,42.35035531,210,0.014089999999999936,3592715.003,1242.0156139105804,20.0,24840.312278211608,3.4436295504945424,14904.187366926964,0.014182000000000005,0.00011071359446797637,-0.00011071359446797637,1234.0185425044176,9.607795006881547,-9.607795006881547,24680.370850088348,192.15590013763008,-192.15590013763008,3601807.9622,53348.13294838831,-53348.13294838831,14807.862805543118,14923.76076593691,14692.864908976006,3.4744988293658827,3.551244463765692,3.3994117381780447,42.591822007999994,0.6926179497554963,-0.6926179497554963,1.561606,0.00044143799111538517,-0.00044143799111538517,31.505097921999997,0.5906692035233482,-0.5906692035233482,1.567742,0.0005807064662977308,-0.0005807064662977308,11.086724082,0.12133547276025969,-0.12133547276025969,42.022055390000006,0.6640188136993751,-0.6640188136993751,-0.21246458923494818,0.2129169623844784,0.21291696238447477,0.0,0.2129169623844723,0.0,,0.0,0.029458287705001175,0.16874819497101265,0.028708042398592763,0.0,0.0,
018_210℃_120_0.5mm.csv,0.5,120,1.492175,0.300010024,1.50627,0.300198375,0.014095,3.850655672,43.11024792,1.56212,31.99209609,1.56866,11.11815183,42.5086656,210,0.014094999999999969,3550457.297,1241.5750266051818,20.0,24831.500532103637,3.404333034096251,14898.90031926218,0.014182000000000005,0.00011071359446797637,-0.00011071359446797637,1234.0185425044176,9.607795006881547,-9.607795006881547,24680.370850088348,192.15590013763008,-192.15590013763008,3601807.9622,53348.13294838831,-53348.13294838831,14807.862805543118,14923.76076593691,14692.864908976006,3.4744988293658827,3.551244463765692,3.3994117381780447,42.591822007999994,0.6926179497554963,-0.6926179497554963,1.561606,0.00044143799111538517,-0.00044143799111538517,31.505097921999997,0.5906692035233482,-0.5906692035233482,1.567742,0.0005807064662977308,-0.0005807064662977308,11.086724082,0.12133547276025969,-0.12133547276025969,42.022055390000006,0.6640188136993751,-0.6640188136993751,-0.17705382436219472,0.17736786094317494,0.17736786094317494,-1.1762053478974557,0.17736786094316273,-1.1411365776161393,,0.4747797356464234,0.03778345596945742,0.6954903190186894,0.07368397548971245,0.32810234401607413,0.3738110078208051,
019_210℃_120_0.5mm.csv,0.5,120,1.492135,0.300331108,1.506445,0.300223346,0.01431,3.930369544,42.4935985,1.56153,31.42159885,1.567505,11.07199965,41.93370209,210,0.014310000000000045,3630146.198,1222.921034241785,20.0,24458.4206848357,3.5338361968285823,14675.052410901419,0.014182000000000005,0.00011071359446797637,-0.00011071359446797637,1234.0185425044176,9.607795006881547,-9.607795006881547,24680.370850088348,192.15590013763008,-192.15590013763008,3601807.9622,53348.13294838831,-53348.13294838831,14807.862805543118,14923.76076593691,14692.864908976006,3.4744988293658827,3.551244463765692,3.3994117381780447,42.591822007999994,0.6926179497554963,-0.6926179497554963,1.561606,0.00044143799111538517,-0.00044143799111538517,31.505097921999997,0.5906692035233482,-0.5906692035233482,1.567742,0.0005807064662977308,-0.0005807064662977308,11.086724082,0.12133547276025969,-0.12133547276025969,42.022055390000006,0.6640188136993751,-0.6640188136993751,1.3456090651567685,-1.3277428371777467,-1.327742837177754,1.0418637428447266,-1.3277428371777589,2.619522367645068,,-0.9624125246159085,0.0,-1.1001563040046616,0.0,-0.08836621202085583,-0.9838246148117161,
020_210℃_120_0.5mm.csv,0.5,120,1.492225,0.300067813,1.50652,0.300125373,0.014295,3.978591668,41.42706545,1.561305,30.51591956,1.567245,10.91114589,40.9013587,210,0.014295000000000169,3678466.295,1224.2042672262885,20.0,24484.08534452577,3.577120795035756,14690.451206715463,0.014182000000000005,0.00011071359446797637,-0.00011071359446797637,1234.0185425044176,9.607795006881547,-9.607795006881547,24680.370850088348,192.15590013763008,-192.15590013763008,3601807.9622,53348.13294838831,-53348.13294838831,14807.862805543118,14923.76076593691,14692.864908976006,3.4744988293658827,3.551244463765692,3.3994117381780447,42.591822007999994,0.6926179497554963,-0.6926179497554963,1.561606,0.00044143799111538517,-0.00044143799111538517,31.505097921999997,0.5906692035233482,-0.5906692035233482,1.567742,0.0005807064662977308,-0.0005807064662977308,11.086724082,0.12133547276025969,-0.12133547276025969,42.022055390000006,0.6640188136993751,-0.6640188136993751,1.2393767705400807,-1.224204267228097,-1.2242042672280933,2.3868103072020905,-1.2242042672280908,3.876469364192875,,-3.4481248192516025,-0.014408945073110458,-3.9507922836470493,-0.016586868941402228,-1.5398801634812413,-3.421450893135363,
021_210℃_160_0.5mm.csv,0.5,160,1.49285,0.30011942,1.503915,0.300352311,0.011065,2.960787756,42.45564787,1.55568,31.82764402,1.561685,10.62800385,41.9573069,210,0.01106499999999988,2660435.4450000003,1581.5634884771973,20.0,31631.269769543946,2.0025658638724275,18978.76186172637,0.010991999999999936,0.0001183532847030165,-0.0001183532847030165,1592.215731464769,17.27217762780054,-17.27217762780054,31844.314629295382,345.44355255600874,-345.44355255600874,2643943.8970000003,45601.069474136,-45601.069474136,19105.69389372533,19313.300021794483,18900.319404183163,1.9766950343996985,2.0318183851259555,1.9230671833783044,42.69498984,0.3128842997045423,-0.3128842997045423,1.555014,0.0008025070093152431,-0.0008025070093152431,31.952221206,0.31500489770568935,-0.31500489770568935,1.560942,0.0008071214282869534,-0.0008071214282869534,10.742768634,0.08099676968684348,-0.08099676968684348,42.176467764,0.31957690017354456,-0.31957690017354456,0.4083484573509396,-0.4066877541805127,-0.40668775418051556,0.0,-0.4066877541805079,0.31895702606055304,,-0.4333590969000138,0.01864484148669475,0.0,0.02754194542210788,-1.2186290281251777,-0.2692331408774317,
022_210℃_160_0.5mm.csv,0.5,160,1.492895,0.300294208,1.503915,0.300082527,0.01102,2.962888612,43.0154238,1.555705,32.30187352,1.561585,10.71355028,42.51515088,210,0.011019999999999808,2662806.085,1588.0217785844197,20.0,31760.435571688395,1.996198847394523,19056.261343013037,0.010991999999999936,0.0001183532847030165,-0.0001183532847030165,1592.215731464769,17.27217762780054,-17.27217762780054,31844.314629295382,345.44355255600874,-345.44355255600874,2643943.8970000003,45601.069474136,-45601.069474136,19105.69389372533,19313.300021794483,18900.319404183163,1.9766950343996985,2.0318183851259555,1.9230671833783044,42.69498984,0.3128842997045423,-0.3128842997045423,1.555014,0.0008025070093152431,-0.0008025070093152431,31.952221206,0.31500489770568935,-0.31500489770568935,1.560942,0.0008071214282869534,-0.0008071214282869534,10.742768634,0.08099676968684348,-0.08099676968684348,42.176467764,0.31957690017354456,-0.31957690017354456,0.0,0.0,0.0,0.08910721755925427,0.0,0.0,,0.8794228721602761,0.020252155407958338,1.489992472273478,0.021136841835570835,-0.42352265100908104,1.0567387105986972,
023_210℃_160_0.5mm.csv,0.5,160,1.492885,0.300198736,1.503995,0.300120098,0.01111,3.001385605,43.01957926,1.55539,32.26046167,1.561255,10.75911758,42.51205174,210,0.011109999999999953,2701265.507,1575.1575157515817,20.0,31503.150315031635,2.0415686927054337,18901.89018901898,0.010991999999999936,0.0001183532847030165,-0.0001183532847030165,1592.215731464769,17.27217762780054,-17.27217762780054,31844.314629295382,345.44355255600874,-345.44355255600874,2643943.8970000003,45601.069474136,-45601.069474136,19105.69389372533,19313.300021794483,18900.319404183163,1.9766950343996985,2.0318183851259555,1.9230671833783044,42.69498984,0.3128842997045423,-0.3128842997045423,1.555014,0.0008025070093152431,-0.0008025070093152431,31.952221206,0.31500489770568935,-0.31500489770568935,1.560942,0.0008071214282869534,-0.0008071214282869534,10.742768634,0.08099676968684348,-0.08099676968684348,42.176467764,0.31957690017354456,-0.31957690017354456,0.8166969147018792,-0.8100810081021269,-0.8100810081021269,1.5347135025108611,-0.8100810081021269,2.272811918017507,,0.8891682232352159,0.0,1.3598796371104975,0.0,0.0,1.049372184202216,
024_210℃_160_0.5mm.csv,0.5,160,1.49284,0.300150712,1.5038,0.300247813,0.01096,2.90526855,42.64043407,1.55407,31.79023237,1.560315,10.85020171,42.07057483,210,0.01096000000000008,2605020.737,1596.7153284671415,20.0,31934.30656934283,1.9422467535728036,19160.5839416057,0.010991999999999936,0.0001183532847030165,-0.0001183532847030165,1592.215731464769,17.27217762780054,-17.27217762780054,31844.314629295382,345.44355255600874,-345.44355255600874,2643943.8970000003,45601.069474136,-45601.069474136,19105.69389372533,19313.300021794483,18900.319404183163,1.9766950343996985,2.0318183851259555,1.9230671833783044,42.69498984,0.3128842997045423,-0.3128842997045423,1.555014,0.0008025070093152431,-0.0008025070093152431,31.952221206,0.31500489770568935,-0.31500489770568935,1.560942,0.0008071214282869534,-0.0008071214282869534,10.742768634,0.08099676968684348,-0.08099676968684348,42.176467764,0.31957690017354456,-0.31957690017354456,-0.5444646097978946,0.5474452554719547,0.5474452554719518,-2.082918723103995,0.5474452554719594,-2.702741457452427,,0.0,-0.0848661750429145,-0.11754451563079531,-0.06020797371346532,0.8465762115037736,0.0,
025_210℃_160_0.5mm.csv,0.5,160,1.492945,0.300024952,1.50375,0.300283155,0.010805,2.890474866,42.3438642,1.554225,31.58089445,1.55987,10.76296975,41.82725447,210,0.010804999999999954,2590191.711,1619.6205460435053,20.0,32392.410920870105,1.9038790093438696,19435.446552522062,0.010991999999999936,0.0001183532847030165,-0.0001183532847030165,1592.215731464769,17.27217762780054,-17.27217762780054,31844.314629295382,345.44355255600874,-345.44355255600874,2643943.8970000003,45601.069474136,-45601.069474136,19105.69389372533,19313.300021794483,18900.319404183163,1.9766950343996985,2.0318183851259555,1.9230671833783044,42.69498984,0.3128842997045423,-0.3128842997045423,1.555014,0.0008025070093152431,-0.0008025070093152431,31.952221206,0.31500489770568935,-0.31500489770568935,1.560942,0.0008071214282869534,-0.0008071214282869534,10.742768634,0.08099676968684348,-0.08099676968684348,42.176467764,0.31957690017354456,-0.31957690017354456,-1.9509981851166782,1.9898195279949553,1.9898195279949495,-2.640309658030442,1.9898195279949455,-4.6247816529476005,,-0.695513252780541,-0.07490082873106312,-0.7752680966424929,-0.08871068467354594,0.0358037726733352,-0.5783623375321455,
026_210℃_200_0.5mm.csv,0.5,200,1.49326,0.300004448,1.502485,0.300465809,0.009225,2.402044848,42.93947506,1.553,32.26283045,1.559665,10.67664461,42.40051251,210,0.009225000000000039,2101579.0390000003,1897.0189701896938,20.0,37940.37940379388,1.318848070392863,22764.227642276328,0.009206000000000002,0.00012381437719422413,-0.00012381437719422413,1901.211569060518,25.782844837863873,-25.782844837863873,38024.23138121036,515.6568967572773,-515.6568967572773,2104867.889,61399.89887680035,-61399.89887680035,22812.86979457363,23123.056826760054,22506.843803708754,1.3176402664752596,1.3751556268047653,1.2625304641854056,42.72899674,0.3955535285691604,-0.3955535285691604,1.5525829999999998,0.0009032552241753072,-0.0009032552241753072,32.054674698,0.35502894511743044,-0.35502894511743044,1.558765,0.0012760045062616783,-0.0012760045062616783,10.67432204,0.0543842570440637,-0.0543842570440637,42.209237444,0.3743340561521496,-0.3743340561521496,0.0,0.0,0.0,-0.284063861516168,0.0,0.0,,0.06321313269004414,0.02189790424175331,0.09348444893703413,0.05677517032551256,-0.028149890127681782,0.018181741084690544,
027_210℃_200_0.5mm.csv,0.5,200,1.49327,0.300251921,1.502575,0.300248822,0.009305,2.44168119,43.0335917,1.55378,32.33665528,1.56036,10.69693642,42.50920612,210,0.009304999999999897,2141432.3680000002,1880.7092960773987,20.0,37614.18592154797,1.355512121376856,22568.511552928783,0.009206000000000002,0.00012381437719422413,-0.00012381437719422413,1901.211569060518,25.782844837863873,-25.782844837863873,38024.23138121036,515.6568967572773,-515.6568967572773,2104867.889,61399.89887680035,-61399.89887680035,22812.86979457363,23123.056826760054,22506.843803708754,1.3176402664752596,1.3751556268047653,1.2625304641854056,42.72899674,0.3955535285691604,-0.3955535285691604,1.5525829999999998,0.0009032552241753072,-0.0009032552241753072,32.054674698,0.35502894511743044,-0.35502894511743044,1.558765,0.0012760045062616783,-0.0012760045062616783,10.67432204,0.0543842570440637,-0.0543842570440637,42.209237444,0.3743340561521496,-0.3743340561521496,0.8672086720851775,-0.8597528210624203,-0.8597528210624323,1.6069009490963995,-0.8597528210624323,2.7800056585040496,,0.2825361075166709,0.07213427279636302,0.322521528774224,0.10136132103311017,0.16185454121565843,0.2745781050793693,
028_210℃_200_0.5mm.csv,0.5,200,1.49324,0.300110452,1.502255,0.300059527,0.009015,2.306077506,42.70478728,1.551405,31.97202038,1.557445,10.7327669,42.16556193,210,0.009014999999999995,2006017.9789999996,1941.2090959511934,20.0,38824.18191902387,1.2302212299785704,23294.50915141432,0.009206000000000002,0.00012381437719422413,-0.00012381437719422413,1901.211569060518,25.782844837863873,-25.782844837863873,38024.23138121036,515.6568967572773,-515.6568967572773,2104867.889,61399.89887680035,-61399.89887680035,22812.86979457363,23123.056826760054,22506.843803708754,1.3176402664752596,1.3751556268047653,1.2625304641854056,42.72899674,0.3955535285691604,-0.3955535285691604,1.5525829999999998,0.0009032552241753072,-0.0009032552241753072,32.054674698,0.35502894511743044,-0.35502894511743044,1.558765,0.0012760045062616783,-0.0012760045062616783,10.67432204,0.0543842570440637,-0.0543842570440637,42.209237444,0.3743340561521496,-0.3743340561521496,-2.276422764228104,2.3294509151419134,2.3294509151419085,-4.818254762477993,2.3294509151419054,-6.720018962297303,,-0.48368720358477074,-0.08082902889235288,-0.8087362432074631,-0.08564390099950513,0.497356893009752,-0.5360410364128841,
029_210℃_200_0.5mm.csv,0.5,200,1.493325,0.300158059,1.50249,0.300012184,0.009165,2.407578056,42.91234882,1.55266,32.23269789,1.55878,10.67965092,42.39280476,210,0.00916500000000009,2107565.8720000004,1909.438079650827,20.0,38188.76159301654,1.314002803869401,22913.256955809928,0.009206000000000002,0.00012381437719422413,-0.00012381437719422413,1901.211569060518,25.782844837863873,-25.782844837863873,38024.23138121036,515.6568967572773,-515.6568967572773,2104867.889,61399.89887680035,-61399.89887680035,22812.86979457363,23123.056826760054,22506.843803708754,1.3176402664752596,1.3751556268047653,1.2625304641854056,42.72899674,0.3955535285691604,-0.3955535285691604,1.5525829999999998,0.0009032552241753072,-0.0009032552241753072,32.054674698,0.35502894511743044,-0.35502894511743044,1.558765,0.0012760045062616783,-0.0012760045062616783,10.67432204,0.0543842570440637,-0.0543842570440637,42.209237444,0.3743340561521496,-0.3743340561521496,-0.650406504064485,0.6546644844511607,0.654664484451163,0.0,0.6546644844511725,-0.36738625412847065,,0.0,0.0,0.0,0.0,0.0,0.0,
030_210℃_200_0.5mm.csv,0.5,200,1.49331,0.300411708,1.50263,0.300426318,0.00932,2.468170505,42.05478084,1.55207,31.46916949,1.557575,10.58561135,41.5781019,210,0.009319999999999995,2167744.187,1877.6824034334775,20.0,37553.64806866955,1.3743793076761894,22532.188841201732,0.009206000000000002,0.00012381437719422413,-0.00012381437719422413,1901.211569060518,25.782844837863873,-25.782844837863873,38024.23138121036,515.6568967572773,-515.6568967572773,2104867.889,61399.89887680035,-61399.89887680035,22812.86979457363,23123.056826760054,22506.843803708754,1.3176402664752596,1.3751556268047653,1.2625304641854056,42.72899674,0.3955535285691604,-0.3955535285691604,1.5525829999999998,0.0009032552241753072,-0.0009032552241753072,32.054674698,0.35502894511743044,-0.35502894511743044,1.558765,0.0012760045062616783,-0.0012760045062616783,10.67432204,0.0543842570440637,-0.0543842570440637,42.209237444,0.3743340561521496,-0.3743340561521496,1.0298102981025021,-1.019313304720553,-1.0193133047205554,2.8553468149914827,-1.019313304720549,4.210586384433554,,-1.9984177132721184,-0.037999304419503846,-2.3688007829989264,-0.07730404547146631,-0.8805490994456551,-1.9217951362555636,
031_210℃_240_0.5mm.csv,0.5,240,1.49341,0.300259034,1.50204,0.300100699,0.00863,2.234555449,42.64166933,1.553045,32.05337445,1.55934,10.58829487,42.12924249,210,0.008630000000000138,1934454.75,2027.809965237511,20.0,40556.19930475022,1.1356696933673653,24333.71958285013,0.008508750000000065,0.00013798399665672525,-0.00013798399665672525,2057.1158210171943,33.669598264897886,-33.669598264897886,41142.31642034388,673.3919652979575,-673.3919652979575,1877818.54925,54663.00355753387,-54663.00355753387,24682.92522024337,25088.364861920913,24284.037671695383,1.086474789815896,1.1369349282570225,1.038254203972033,42.4853475525,0.4750533876727972,-0.4750533876727972,1.5522075,0.0016264711289577845,-0.0016264711289577845,31.86573268,0.4977008266706471,-0.4977008266706471,1.55815,0.0019586730201847243,-0.0019586730201847243,10.6196148725,0.06140638860736781,-0.06140638860736781,41.9831861825,0.4769716161149582,-0.4769716161149582,1.5891701000587874,-1.5643105446117516,-1.5643105446117582,2.9465474233900637,-1.5643105446117553,4.582543174085451,,0.743195655539252,0.13443286738536872,1.3840902611672634,0.17345050878815427,0.0,0.7450255860617934,
032_210℃_240_0.5mm.csv,0.5,240,1.4934,0.30039998,1.50172,0.300330081,0.00832,2.104038932,43.04646648,1.554085,32.46411351,1.56028,10.58235298,42.55575396,210,0.008319999999999883,1803708.8509999998,2103.3653846154143,20.0,42067.307692308284,1.0208746694095094,25240.38461538497,0.008508750000000065,0.00013798399665672525,-0.00013798399665672525,2057.1158210171943,33.669598264897886,-33.669598264897886,41142.31642034388,673.3919652979575,-673.3919652979575,1877818.54925,54663.00355753387,-54663.00355753387,24682.92522024337,25088.364861920913,24284.037671695383,1.086474789815896,1.1369349282570225,1.038254203972033,42.4853475525,0.4750533876727972,-0.4750533876727972,1.5522075,0.0016264711289577845,-0.0016264711289577845,31.86573268,0.4977008266706471,-0.4977008266706471,1.55815,0.0019586730201847243,-0.0019586730201847243,10.6196148725,0.06140638860736781,-0.06140638860736781,41.9831861825,0.4769716161149582,-0.4769716161149582,-2.0600353148941184,2.103365384618528,2.1033653846185234,-4.011402299557599,2.1033653846185203,-5.988801310458341,,1.6995502993421872,0.2014881105895732,2.683248513531134,0.23383698221810215,-0.056117534248465654,1.7649563139427311,
033_210℃_240_0.5mm.csv,0.5,240,1.493355,0.300296683,1.501945,0.30023896,0.00859,2.194262983,41.92615821,1.55074,31.32965929,1.55634,10.59649892,41.43005828,210,0.008590000000000098,1894024.0229999998,2037.2526193247731,20.0,40745.05238649546,1.1067800243245023,24447.031431897274,0.008508750000000065,0.00013798399665672525,-0.00013798399665672525,2057.1158210171943,33.669598264897886,-33.669598264897886,41142.31642034388,673.3919652979575,-673.3919652979575,1877818.54925,54663.00355753387,-54663.00355753387,24682.92522024337,25088.364861920913,24284.037671695383,1.086474789815896,1.1369349282570225,1.038254203972033,42.4853475525,0.4750533876727972,-0.4750533876727972,1.5522075,0.0016264711289577845,-0.0016264711289577845,31.86573268,0.4977008266706471,-0.4977008266706471,1.55815,0.0019586730201847243,-0.0019586730201847243,10.6196148725,0.06140638860736781,-0.06140638860736781,41.9831861825,0.4769716161149582,-0.4769716161149582,1.11830488522607,-1.1059371362043637,-1.1059371362043726,0.7949314424695191,-1.1059371362043786,1.9221260848509323,,-0.947237150879076,-0.014184762985498464,-0.9050042371130953,-0.01927227875423778,0.07748225848190603,-0.9269563192036713,
035_210℃_240_0.5mm.csv,0.5,240,1.49341,0.300286993,1.501905,0.300151172,0.008495,2.179237745,42.32709619,1.55096,31.61578347,1.55664,10.71131272,41.81769,210,0.008495000000000141,1879086.5729999999,2060.035314891078,20.0,41200.70629782156,1.0859075127643036,24720.423778692937,0.008508750000000065,0.00013798399665672525,-0.00013798399665672525,2057.1158210171943,33.669598264897886,-33.669598264897886,41142.31642034388,673.3919652979575,-673.3919652979575,1877818.54925,54663.00355753387,-54663.00355753387,24682.92522024337,25088.364861920913,24284.037671695383,1.086474789815896,1.1369349282570225,1.038254203972033,42.4853475525,0.4750533876727972,-0.4750533876727972,1.5522075,0.0016264711289577845,-0.0016264711289577845,31.86573268,0.4977008266706471,-0.4977008266706471,1.55815,0.0019586730201847243,-0.0019586730201847243,10.6196148725,0.06140638860736781,-0.06140638860736781,41.9831861825,0.4769716161149582,-0.4769716161149582,0.0,0.0,0.0,0.0,0.0,0.0,,0.0,0.0,0.0,0.0,1.161828712841656,0.0,
001_210℃_280_0.5mm.csv,0.5,280,1.493445,0.300419393,1.501725,0.300091596,0.00828,2.110961805,42.40449731,1.552715,31.91705206,1.55849,10.48744525,41.93452351,210,0.008280000000000065,1810870.209,2113.5265700482923,20.0,42270.53140096585,1.0200003626204164,25362.318840579508,0.00817000000000001,0.000153215534460482,-0.000153215534460482,2142.4901693808597,40.57742066875526,-40.57742066875526,42849.8033876172,811.5484133751079,-811.5484133751079,1778055.289,59789.813261552335,-59789.813261552335,25706.828010243524,26195.93134164505,25226.85671028872,0.9877176888250824,1.0410955445573227,0.937076561241826,41.99101441333334,0.36263543838900686,-0.36263543838900686,1.5512133333333333,0.0013555656875760518,-0.0013555656875760518,31.456409216666668,0.4035573138366149,-0.4035573138366149,1.5568383333333333,0.0015639879581803788,-0.0015639879581803788,10.534605196666666,0.04100812420498792,-0.04100812420498792,41.504301129999995,0.3759382948682095,-0.3759382948682095,0.546448087432578,-0.5434782608704408,-0.543478260870445,0.0,-0.5434782608704338,0.3590235163019291,,1.3454746716609844,0.12057942605483066,2.0136662298596537,0.11852413363354357,-0.6352675612216088,1.4398463061002562,
002_210℃_280_0.5mm.csv,0.5,280,1.49347,0.300390848,1.501465,0.300388284,0.007995,2.009431859,41.72701581,1.55008,31.16514,1.55538,10.56187581,41.23907877,210,0.007994999999999974,1709043.5750000002,2188.868042526586,20.0,43777.360850531724,0.9295104341581603,26266.416510319035,0.00817000000000001,0.000153215534460482,-0.000153215534460482,2142.4901693808597,40.57742066875526,-40.57742066875526,42849.8033876172,811.5484133751079,-811.5484133751079,1778055.289,59789.813261552335,-59789.813261552335,25706.828010243524,26195.93134164505,25226.85671028872,0.9877176888250824,1.0410955445573227,0.937076561241826,41.99101441333334,0.36263543838900686,-0.36263543838900686,1.5512133333333333,0.0013555656875760518,-0.0013555656875760518,31.456409216666668,0.4035573138366149,-0.4035573138366149,1.5568383333333333,0.0015639879581803788,-0.0015639879581803788,10.534605196666666,0.04100812420498792,-0.04100812420498792,41.504301129999995,0.3759382948682095,-0.3759382948682095,-2.9143897996359223,3.0018761726081236,3.0018761726081236,-5.623077429510015,3.001876172608138,-8.544385924849053,,-0.27368576070612427,-0.049327947022437875,-0.3896041529704976,-0.0812645143883205,0.0699349455250568,-0.24243839955910168,
003_210℃_280_0.5mm.csv,0.5,280,1.493495,0.300113756,1.50173,0.300081365,0.008235,2.114333448,41.84153012,1.550845,31.28703559,1.556645,10.55449453,41.33930111,210,0.008234999999999992,1814252.0829999999,2125.0758955677006,20.0,42501.517911354014,1.0163514220071417,25500.910746812406,0.00817000000000001,0.000153215534460482,-0.000153215534460482,2142.4901693808597,40.57742066875526,-40.57742066875526,42849.8033876172,811.5484133751079,-811.5484133751079,1778055.289,59789.813261552335,-59789.813261552335,25706.828010243524,26195.93134164505,25226.85671028872,0.9877176888250824,1.0410955445573227,0.937076561241826,41.99101441333334,0.36263543838900686,-0.36263543838900686,1.5512133333333333,0.0013555656875760518,-0.0013555656875760518,31.456409216666668,0.4035573138366149,-0.4035573138366149,1.5568383333333333,0.0015639879581803788,-0.0015639879581803788,10.534605196666666,0.04100812420498792,-0.04100812420498792,41.504301129999995,0.3759382948682095,-0.3759382948682095,0.0,0.0,0.0,0.18675408006559327,0.0,0.0,,0.0,0.0,0.0,0.0,0.0,0.0,
004_210℃_320_0.5mm.csv,0.5,320,1.493475,0.300114877,1.501385,0.300085835,0.00791,1.979394443,42.41895449,1.552295,31.80572716,1.558275,10.61322733,41.91541095,210,0.007909999999999862,1679308.608,2212.389380531012,20.0,44247.787610620246,0.903627965257127,26548.672566372145,0.008095000000000038,0.00016255768207023137,-0.00016255768207023137,2162.4155890620523,43.86997911244722,-43.86997911244722,43248.31178124104,877.3995822489478,-877.3995822489478,1754145.093333333,64812.555304730246,-64812.555304730246,25945.45102703051,26474.4986513406,25426.975515623268,0.9653963908040587,1.0224103338219668,0.9115617874220265,42.305523990000005,0.28685337267548794,-0.28685337267548794,1.551445,0.0008601744009211419,-0.0008601744009211419,31.649161806666665,0.27295685724021385,-0.27295685724021385,1.5571633333333335,0.0012006907734022655,-0.0012006907734022655,10.656362183333334,0.04958721650530975,-0.04958721650530975,41.80269473333333,0.2719624123337126,-0.2719624123337126,-3.06372549019976,3.1605562579053017,3.1605562579053017,-6.237428381295506,3.160556257905287,-9.110056188244561,,0.0,0.05349782302532679,0.0,0.06100203875234818,-0.30146582742294004,0.0,
005_210℃_320_0.5mm.csv,0.5,320,1.49351,0.300249263,1.50167,0.30033831,0.00816,2.091360654,41.97929993,1.550575,31.3339806,1.55589,10.64531933,41.49249643,210,0.008160000000000167,1791022.344,2144.607843137211,20.0,42892.156862744225,0.9942001583020611,25735.294117646536,0.008095000000000038,0.00016255768207023137,-0.00016255768207023137,2162.4155890620523,43.86997911244722,-43.86997911244722,43248.31178124104,877.3995822489478,-877.3995822489478,1754145.093333333,64812.555304730246,-64812.555304730246,25945.45102703051,26474.4986513406,25426.975515623268,0.9653963908040587,1.0224103338219668,0.9115617874220265,42.305523990000005,0.28685337267548794,-0.28685337267548794,1.551445,0.0008601744009211419,-0.0008601744009211419,31.649161806666665,0.27295685724021385,-0.27295685724021385,1.5571633333333335,0.0012006907734022655,-0.0012006907734022655,10.656362183333334,0.04958721650530975,-0.04958721650530975,41.80269473333333,0.2719624123337126,-0.2719624123337126,0.0,0.0,0.0,0.0,0.0,0.0,,-1.036457794129838,-0.05736513553319329,-1.4832126227671498,-0.0921451848522354,0.0,-1.0089714270116181,
006_210℃_320_0.5mm.csv,0.5,320,1.49346,0.300156427,1.501675,0.300242099,0.008215,2.092346427,42.51831755,1.551465,31.80777766,1.557325,10.71053989,42.00017682,210,0.008215000000000083,1792104.3279999997,2130.2495435179335,20.0,42604.99087035867,1.0015059220762004,25562.994522215202,0.008095000000000038,0.00016255768207023137,-0.00016255768207023137,2162.4155890620523,43.86997911244722,-43.86997911244722,43248.31178124104,877.3995822489478,-877.3995822489478,1754145.093333333,64812.555304730246,-64812.555304730246,25945.45102703051,26474.4986513406,25426.975515623268,0.9653963908040587,1.0224103338219668,0.9115617874220265,42.305523990000005,0.28685337267548794,-0.28685337267548794,1.551445,0.0008601744009211419,-0.0008601744009211419,31.649161806666665,0.27295685724021385,-0.27295685724021385,1.5571633333333335,0.0012006907734022655,-0.0012006907734022655,10.656362183333334,0.04958721650530975,-0.04958721650530975,41.80269473333333,0.2719624123337126,-0.2719624123337126,0.6740196078420968,-0.669506999390332,-0.6695069993903361,0.06041152996356508,-0.669506999390339,0.7348383233630116,,0.2342421240566548,0.0,0.006446952115523615,0.0,0.6126688921035891,0.2022307978827015,
001_230℃_020_0.5mm.csv,0.5,20,1.47935,0.300005116,1.58471,0.300067527,0.10536,12.93687818,58.51198984,1.868485,45.62146242,1.877715,12.89052742,58.09345735,230,0.10536000000000012,12636810.653,166.09719058466192,20.0,3321.9438116932383,90.57240614966541,1993.166287015943,0.10430600000000005,0.0007884747935095719,-0.0007884747935095719,167.78324809036496,1.2674606474481827,-1.2674606474481827,3355.6649618072997,25.349212948964134,-25.349212948964134,12624486.110800002,15022.002227871057,-15022.002227871057,2013.3529986241617,2028.6250184399926,1998.19595056858,89.57679029464684,90.2781869401446,88.88084299711441,58.538222483999995,0.2167375911843463,-0.2167375911843463,1.8733429999999998,0.004605156892007067,-0.004605156892007067,45.734395905999996,0.13720589010030756,-0.13720589010030756,1.8832809999999998,0.003968660668285925,-0.003968660668285925,12.803826577999999,0.1847743911183799,-0.1847743911183799,58.108463182,0.16389582051853196,-0.16389582051853196,0.9098745330907052,-0.9016704631738951,-0.9016704631738984,0.06462849695365942,-0.9016704631739006,1.2182003318393337,,0.0,-0.3222149611234871,-0.19005219834086906,-0.30131836741194734,1.1484613790643083,0.0,
002_230℃_020_0.5mm.csv,0.5,20,1.47971,0.300051572,1.584385,0.300116063,0.104675,12.93037321,58.80234493,1.868495,45.71857405,1.881295,13.08377087,58.2587215,230,0.10467499999999985,12630257.147,167.18414139001695,20.0,3343.682827800339,89.93688209947096,2006.2096966802033,0.10430600000000005,0.0007884747935095719,-0.0007884747935095719,167.78324809036496,1.2674606474481827,-1.2674606474481827,3355.6649618072997,25.349212948964134,-25.349212948964134,12624486.110800002,15022.002227871057,-15022.002227871057,2013.3529986241617,2028.6250184399926,1998.19595056858,89.57679029464684,90.2781869401446,88.88084299711441,58.538222483999995,0.2167375911843463,-0.2167375911843463,1.8733429999999998,0.004605156892007067,-0.004605156892007067,45.734395905999996,0.13720589010030756,-0.13720589010030756,1.8832809999999998,0.003968660668285925,-0.003968660668285925,12.803826577999999,0.1847743911183799,-0.1847743911183799,58.108463182,0.16389582051853196,-0.16389582051853196,0.25380710659873323,-0.25316455696178736,-0.25316455696178736,0.012734537215727188,-0.2531645569617986,0.5079773912895624,,0.4962317822278295,-0.3216814926448023,0.022407161948837576,-0.11123559114150326,2.664790153072084,0.28447979779258004,
003_230℃_020_0.5mm.csv,0.5,20,1.479615,0.300056865,1.584025,0.300055505,0.10441,12.89837254,58.71350475,1.877615,45.96933915,1.88743,12.7441656,58.29137496,230,0.10441000000000011,12598317.035,167.6084666219709,20.0,3352.169332439418,89.48233208328921,2011.301599463651,0.10430600000000005,0.0007884747935095719,-0.0007884747935095719,167.78324809036496,1.2674606474481827,-1.2674606474481827,3355.6649618072997,25.349212948964134,-25.349212948964134,12624486.110800002,15022.002227871057,-15022.002227871057,2013.3529986241617,2028.6250184399926,1998.19595056858,89.57679029464684,90.2781869401446,88.88084299711441,58.538222483999995,0.2167375911843463,-0.2167375911843463,1.8733429999999998,0.004605156892007067,-0.004605156892007067,45.734395905999996,0.13720589010030756,-0.13720589010030756,1.8832809999999998,0.003968660668285925,-0.003968660668285925,12.803826577999999,0.1847743911183799,-0.1847743911183799,58.108463182,0.16389582051853196,-0.16389582051853196,0.0,0.0,0.0,-0.24018334920305134,0.0,0.0,,0.34439934541798894,0.16484175991251315,0.5710272677897601,0.21450682014877662,0.0,0.3406882961149798,
004_230℃_020_0.5mm.csv,0.5,20,1.479725,0.300066012,1.58309,0.300144583,0.103365,12.92879353,58.35783248,1.877595,45.70833211,1.886575,12.64950038,57.96631703,230,0.10336500000000015,12628648.947,169.30295554588085,20.0,3386.059110917617,88.80002029977257,2031.6354665505703,0.10430600000000005,0.0007884747935095719,-0.0007884747935095719,167.78324809036496,1.2674606474481827,-1.2674606474481827,3355.6649618072997,25.349212948964134,-25.349212948964134,12624486.110800002,15022.002227871057,-15022.002227871057,2013.3529986241617,2028.6250184399926,1998.19595056858,89.57679029464684,90.2781869401446,88.88084299711441,58.538222483999995,0.2167375911843463,-0.2167375911843463,1.8733429999999998,0.004605156892007067,-0.004605156892007067,45.734395905999996,0.13720589010030756,-0.13720589010030756,1.8832809999999998,0.003968660668285925,-0.003968660668285925,12.803826577999999,0.1847743911183799,-0.1847743911183799,58.108463182,0.16389582051853196,-0.16389582051853196,-1.0008619863997332,1.010980505973928,1.010980505973928,0.0,1.010980505973928,-0.7625100593953563,,-0.2634628567948891,0.16377482295514362,0.0,0.16910995598362494,-0.7428122245994773,-0.21885480017828943,
005_230℃_020_0.5mm.csv,0.5,20,1.47977,0.300118927,1.58349,0.300016308,0.10372,12.92841308,58.30544042,1.874525,45.6542718,1.88339,12.65116862,57.93244507,230,0.10372000000000003,12628396.772,168.7234863092942,20.0,3374.469726185884,89.10321858447894,2024.6818357115305,0.10430600000000005,0.0007884747935095719,-0.0007884747935095719,167.78324809036496,1.2674606474481827,-1.2674606474481827,3355.6649618072997,25.349212948964134,-25.349212948964134,12624486.110800002,15022.002227871057,-15022.002227871057,2013.3529986241617,2028.6250184399926,1998.19595056858,89.57679029464684,90.2781869401446,88.88084299711441,58.538222483999995,0.2167375911843463,-0.2167375911843463,1.8733429999999998,0.004605156892007067,-0.004605156892007067,45.734395905999996,0.13720589010030756,-0.13720589010030756,1.8832809999999998,0.003968660668285925,-0.003968660668285925,12.803826577999999,0.1847743911183799,-0.1847743911183799,58.108463182,0.16389582051853196,-0.16389582051853196,-0.660856239823847,0.6652526031624318,0.6652526031624318,-0.001996848602404539,0.6652526031624318,-0.4236741376581412,,-0.35300358194073983,0.0,-0.1182723313331682,0.0,-0.7297219992182192,-0.2771607808258658,
006_230℃_040_0.5mm.csv,0.5,40,1.4872,0.300180945,1.533005,0.300160246,0.045805,9.267831486,48.13499634,1.672135,35.92232914,1.68412,12.2126672,47.56580214,230,0.045804999999999874,8967671.24,382.0543608776345,20.0,7641.08721755269,27.943141574707408,4584.652330531614,0.04581499999999998,0.0003303596525001533,-0.0003303596525001533,381.9868189030916,2.7474798300351018,-2.7474798300351018,7639.7363780618325,54.94959660070195,-54.94959660070195,8963025.296600001,99414.34631249539,-99414.34631249539,4583.746813456991,4616.876552460957,4550.854806520148,27.93281689202241,28.35978001846635,27.512281795387732,48.56897891,1.0601218866608138,-1.0601218866608138,1.6717330000000001,0.012675222187401749,-0.012675222187401749,36.274938674,1.3210558182106176,-1.3210558182106176,1.685304,0.005913465988741333,-0.005913465988741333,12.294040236,0.3566223883713393,-0.3566223883713393,47.911972792,1.4609718091324628,-1.4609718091324628,0.0,0.0,0.0,0.2696013997091235,0.0,0.0,,-1.1553039794700772,-0.006577983489264701,-1.5028304171324316,0.0,-0.1187256198974278,-1.574155133748374,
007_230℃_040_0.5mm.csv,0.5,40,1.487495,0.300194276,1.53338,0.300179485,0.045885,9.429203032,47.06739323,1.65126,34.21280565,1.68114,12.85458758,45.59426617,230,0.045884999999999954,9129023.547,381.38825324180056,20.0,7627.765064836011,28.495594928849968,4576.659038901607,0.04581499999999998,0.0003303596525001533,-0.0003303596525001533,381.9868189030916,2.7474798300351018,-2.7474798300351018,7639.7363780618325,54.94959660070195,-54.94959660070195,8963025.296600001,99414.34631249539,-99414.34631249539,4583.746813456991,4616.876552460957,4550.854806520148,27.93281689202241,28.35978001846635,27.512281795387732,48.56897891,1.0601218866608138,-1.0601218866608138,1.6717330000000001,0.012675222187401749,-0.012675222187401749,36.274938674,1.3210558182106176,-1.3210558182106176,1.685304,0.005913465988741333,-0.005913465988741333,12.294040236,0.3566223883713393,-0.3566223883713393,47.911972792,1.4609718091324628,-1.4609718091324628,0.17465342211566473,-0.17434891576785214,-0.17434891576784917,2.0737187758734956,-0.17434891576783726,1.9770624310997686,,-3.347615455576494,-1.2548998502013777,-6.190255456978437,-0.17694701090183496,5.131218929886073,-5.65376873850394,
008_230℃_040_0.5mm.csv,0.5,40,1.487295,0.300171271,1.532705,0.300164013,0.04541,9.178954449,48.69760167,1.672245,36.47041767,1.67962,12.227184,48.3265368,230,0.04540999999999995,8878790.436,385.3776701167148,20.0,7707.553402334296,27.42761045569793,4624.532041400578,0.04581499999999998,0.0003303596525001533,-0.0003303596525001533,381.9868189030916,2.7474798300351018,-2.7474798300351018,7639.7363780618325,54.94959660070195,-54.94959660070195,8963025.296600001,99414.34631249539,-99414.34631249539,4583.746813456991,4616.876552460957,4550.854806520148,27.93281689202241,28.35978001846635,27.512281795387732,48.56897891,1.0601218866608138,-1.0601218866608138,1.6717330000000001,0.012675222187401749,-0.012675222187401749,36.274938674,1.3210558182106176,-1.3210558182106176,1.685304,0.005913465988741333,-0.005913465988741333,12.294040236,0.3566223883713393,-0.3566223883713393,47.911972792,1.4609718091324628,-1.4609718091324628,-0.8623512716950644,0.8698524554061267,0.8698524554061295,-0.7241953788139065,0.8698524554061415,-1.8449289877846358,,0.0,0.0,0.0,-0.267201862100098,0.0,0.0,
009_230℃_040_0.5mm.csv,0.5,40,1.487105,0.300182361,1.533415,0.300136468,0.04631,9.243695747,49.02341746,1.6855,37.15735867,1.69456,11.86605879,48.6215463,230,0.04631000000000007,8943559.279000001,377.8881451090471,20.0,7557.762902180943,28.175253755815692,4534.657741308566,0.04581499999999998,0.0003303596525001533,-0.0003303596525001533,381.9868189030916,2.7474798300351018,-2.7474798300351018,7639.7363780618325,54.94959660070195,-54.94959660070195,8963025.296600001,99414.34631249539,-99414.34631249539,4583.746813456991,4616.876552460957,4550.854806520148,27.93281689202241,28.35978001846635,27.512281795387732,48.56897891,1.0601218866608138,-1.0601218866608138,1.6717330000000001,0.012675222187401749,-0.012675222187401749,36.274938674,1.3210558182106176,-1.3210558182106176,1.685304,0.005913465988741333,-0.005913465988741333,12.294040236,0.3566223883713393,-0.3566223883713393,47.911972792,1.4609718091324628,-1.4609718091324628,1.1024997271044672,-1.0904772187436855,-1.0904772187436824,0.0,-1.0904772187436707,0.8306588594833584,,0.6690592120078016,0.7926470104560048,1.883556712225603,0.6199083200722042,-2.9534618109942494,0.6104503230200411,
010_230℃_040_0.5mm.csv,0.5,40,1.487285,0.300017279,1.53295,0.300184754,0.045665,9.196266735,49.92148585,1.677525,37.61178224,1.68708,12.30970361,49.45171255,230,0.04566500000000007,8896081.981,383.22566517026115,20.0,7664.513303405223,27.635345827371808,4598.707982043134,0.04581499999999998,0.0003303596525001533,-0.0003303596525001533,381.9868189030916,2.7474798300351018,-2.7474798300351018,7639.7363780618325,54.94959660070195,-54.94959660070195,8963025.296600001,99414.34631249539,-99414.34631249539,4583.746813456991,4616.876552460957,4550.854806520148,27.93281689202241,28.35978001846635,27.512281795387732,48.56897891,1.0601218866608138,-1.0601218866608138,1.6717330000000001,0.012675222187401749,-0.012675222187401749,36.274938674,1.3210558182106176,-1.3210558182106176,1.685304,0.005913465988741333,-0.005913465988741333,12.294040236,0.3566223883713393,-0.3566223883713393,47.911972792,1.4609718091324628,-1.4609718091324628,-0.3056434887016861,0.3065805321357902,0.3065805321357931,-0.5308546241928522,0.3065805321357852,-1.1015073108823235,,2.51323296841942,0.3157432074845463,3.1295626508244294,0.17575944707027122,0.6748864660906412,2.328277225112485,
011_230℃_080_0.5mm.csv,0.5,80,1.49077,0.300148195,1.51194,0.300007239,0.02117,5.618363932,45.50139597,1.586605,33.81547125,1.593805,11.68592472,44.93228167,230,0.021170000000000133,5318356.693,826.6414737836509,20.0,16532.829475673017,7.659157223864674,9919.697685403811,0.021474000000000038,0.0003404298753047527,-0.0003404298753047527,815.1004513190306,12.731287522668177,-12.731287522668177,16302.00902638061,254.62575045336445,-254.62575045336445,5436076.104799999,133077.03841690888,-133077.03841690888,9780.241434431384,9935.361995777906,9627.54276657628,7.9384391916418515,8.261194885020343,7.628293204130137,45.290187076,0.22824563249518806,-0.22824563249518806,1.5858,0.0007047339923687618,-0.0007047339923687618,33.509747176000005,0.2736898458498787,-0.2736898458498787,1.592722,0.0006974829747026045,-0.0006974829747026045,11.780439900000001,0.07195860210537261,-0.07195860210537261,44.730112840000004,0.24134347259924835,-0.24134347259924835,-0.935891436592218,0.9447331128944404,0.9447331128944346,-0.9293000651368023,0.9447331128944495,-1.8564942619991451,,0.33463847691964743,0.040353980068915385,0.6516103074045666,0.07094981713154619,-0.6729952803109002,0.274285363175523,
012_230℃_080_0.5mm.csv,0.5,80,1.490775,0.300115775,1.51227,0.300211047,0.021495,5.777030888,45.34963863,1.585965,33.59718448,1.592675,11.75245415,44.80937611,230,0.021495000000000042,5476819.840999999,814.1428239125362,20.0,16282.856478250724,8.008451869543892,9769.713886950434,0.021474000000000038,0.0003404298753047527,-0.0003404298753047527,815.1004513190306,12.731287522668177,-12.731287522668177,16302.00902638061,254.62575045336445,-254.62575045336445,5436076.104799999,133077.03841690888,-133077.03841690888,9780.241434431384,9935.361995777906,9627.54276657628,7.9384391916418515,8.261194885020343,7.628293204130137,45.290187076,0.22824563249518806,-0.22824563249518806,1.5858,0.0007047339923687618,-0.0007047339923687618,33.509747176000005,0.2736898458498787,-0.2736898458498787,1.592722,0.0006974829747026045,-0.0006974829747026045,11.780439900000001,0.07195860210537261,-0.07195860210537261,44.730112840000004,0.24134347259924835,-0.24134347259924835,0.5849321478715649,-0.5815305885096734,-0.5815305885096762,2.022561927667246,-0.5815305885096689,2.6193246904643654,,0.0,0.0,0.001880639381621851,0.0,-0.10751422802423732,0.0,
013_230℃_080_0.5mm.csv,0.5,80,1.49063,0.300283407,1.512675,0.300241813,0.022045,5.950556642,45.33890247,1.585605,33.46443367,1.59245,11.8744688,44.78155537,230,0.022045000000000092,5650314.828999999,793.8308006350613,20.0,15876.616012701226,8.473550367707858,9525.969607620736,0.021474000000000038,0.0003404298753047527,-0.0003404298753047527,815.1004513190306,12.731287522668177,-12.731287522668177,16302.00902638061,254.62575045336445,-254.62575045336445,5436076.104799999,133077.03841690888,-133077.03841690888,9780.241434431384,9935.361995777906,9627.54276657628,7.9384391916418515,8.261194885020343,7.628293204130137,45.290187076,0.22824563249518806,-0.22824563249518806,1.5858,0.0007047339923687618,-0.0007047339923687618,33.509747176000005,0.2736898458498787,-0.2736898458498787,1.592722,0.0006974829747026045,-0.0006974829747026045,11.780439900000001,0.07195860210537261,-0.07195860210537261,44.730112840000004,0.24134347259924835,-0.24134347259924835,3.158633598503541,-3.0619188024504465,-3.061918802450452,5.254438029353659,-3.061918802450437,8.579040072864943,,-0.023674190852092436,-0.022699113788774528,-0.393251597496868,-0.014127175977530994,0.9295752626927001,-0.06208687202363011,
014_230℃_080_0.5mm.csv,0.5,80,1.49069,0.300083675,1.51206,0.300262764,0.02137,5.66850655,44.89934235,1.584715,33.07509383,1.59189,11.82424852,44.31090815,230,0.02136999999999989,5368243.786,818.9050070191901,20.0,16378.100140383802,7.804038755565945,9826.86008423028,0.021474000000000038,0.0003404298753047527,-0.0003404298753047527,815.1004513190306,12.731287522668177,-12.731287522668177,16302.00902638061,254.62575045336445,-254.62575045336445,5436076.104799999,133077.03841690888,-133077.03841690888,9780.241434431384,9935.361995777906,9627.54276657628,7.9384391916418515,8.261194885020343,7.628293204130137,45.290187076,0.22824563249518806,-0.22824563249518806,1.5858,0.0007047339923687618,-0.0007047339923687618,33.509747176000005,0.2736898458498787,-0.2736898458498787,1.592722,0.0006974829747026045,-0.0006974829747026045,11.780439900000001,0.07195860210537261,-0.07195860210537261,44.730112840000004,0.24134347259924835,-0.24134347259924835,0.0,0.0,0.0,0.0,0.0,0.0,,-0.9929434800437866,-0.07881636732210189,-1.552120020861722,-0.0492881472993571,0.5027173025308412,-1.1124188803172321,
015_230℃_080_0.5mm.csv,0.5,80,1.490775,0.30000186,1.512065,0.300096918,0.02129,5.666742293,45.36165596,1.58611,33.59655265,1.59279,11.76510331,44.8164429,230,0.02129000000000003,5366645.375,821.9821512447146,20.0,16439.643024894292,7.772508845833344,9863.785814936575,0.021474000000000038,0.0003404298753047527,-0.0003404298753047527,815.1004513190306,12.731287522668177,-12.731287522668177,16302.00902638061,254.62575045336445,-254.62575045336445,5436076.104799999,133077.03841690888,-133077.03841690888,9780.241434431384,9935.361995777906,9627.54276657628,7.9384391916418515,8.261194885020343,7.628293204130137,45.290187076,0.22824563249518806,-0.22824563249518806,1.5858,0.0007047339923687618,-0.0007047339923687618,33.509747176000005,0.2736898458498787,-0.2736898458498787,1.592722,0.0006974829747026045,-0.0006974829747026045,11.780439900000001,0.07195860210537261,-0.07195860210537261,44.730112840000004,0.24134347259924835,-0.24134347259924835,-0.3743565746366793,0.37576326913976554,0.3757632691397655,-0.029775305737210662,0.37576326913976554,-0.4040204145592385,,0.026499285028589538,0.009142698609353907,0.0,0.007220556610725051,0.0,0.01577078418286441,
016_230℃_120_0.5mm.csv,0.5,120,1.4921,0.300123839,1.50668,0.300348847,0.01458,3.969347274,43.02289978,1.56347,32.06060317,1.569585,10.96229661,42.47646844,230,0.014580000000000037,3668998.427,1200.2743484224934,20.0,24005.48696844987,3.6390474194326625,14403.292181069923,0.014249000000000001,0.0002230582883463597,-0.0002230582883463597,1228.3961708963855,19.151140329594412,-19.151140329594412,24567.92341792771,383.0228065918892,-383.0228065918892,3507067.0039999997,101568.60680974128,-101568.60680974128,14739.317089689115,14971.385589971715,14510.845837536943,3.398011947122829,3.549255669440952,3.253213143309054,43.162659102000006,0.3660490297403791,-0.3660490297403791,1.5636649999999999,0.0006541024384604922,-0.0006541024384604922,32.215027731999996,0.3588640118094025,-0.3588640118094025,1.570037,0.0007203349915143634,-0.0007203349915143634,10.94763137,0.06274158970328735,-0.06274158970328735,42.603703834,0.3761199200445254,-0.3761199200445254,2.1723896285916773,-2.1262002743486392,-2.126200274348628,5.612458586588991,-2.126200274348621,8.677893856818017,,-0.49973334962653426,-0.004477020095425412,-0.5777518476174052,-0.031208700221333468,0.0,-0.44527392238680463,
017_230℃_120_0.5mm.csv,0.5,120,1.492105,0.300235927,1.506265,0.300034885,0.01416,3.774055352,43.23897938,1.56354,32.24691029,1.570075,10.99206909,42.66645102,230,0.01415999999999995,3474020.4669999997,1235.8757062146935,20.0,24717.51412429387,3.3464033886203963,14830.508474576322,0.014249000000000001,0.0002230582883463597,-0.0002230582883463597,1228.3961708963855,19.151140329594412,-19.151140329594412,24567.92341792771,383.0228065918892,-383.0228065918892,3507067.0039999997,101568.60680974128,-101568.60680974128,14739.317089689115,14971.385589971715,14510.845837536943,3.398011947122829,3.549255669440952,3.253213143309054,43.162659102000006,0.3660490297403791,-0.3660490297403791,1.5636649999999999,0.0006541024384604922,-0.0006541024384604922,32.215027731999996,0.3588640118094025,-0.3588640118094025,1.570037,0.0007203349915143634,-0.0007203349915143634,10.94763137,0.06274158970328735,-0.06274158970328735,42.603703834,0.3761199200445254,-0.3761199200445254,-0.7708479327263803,0.7768361581924815,0.7768361581924815,0.0,0.7768361581924815,-0.061738594414280284,,0.0,0.0,0.0,0.0,0.2715898051220501,0.0,
018_230℃_120_0.5mm.csv,0.5,120,1.492155,0.300003786,1.50612,0.300379096,0.013965,3.70825901,43.33832823,1.56454,32.49018279,1.57104,10.84814544,42.79506604,230,0.013965000000000005,3407879.914,1253.1328320802,20.0,25062.656641604,3.2374859183000013,15037.593984962401,0.014249000000000001,0.0002230582883463597,-0.0002230582883463597,1228.3961708963855,19.151140329594412,-19.151140329594412,24567.92341792771,383.0228065918892,-383.0228065918892,3507067.0039999997,101568.60680974128,-101568.60680974128,14739.317089689115,14971.385589971715,14510.845837536943,3.398011947122829,3.549255669440952,3.253213143309054,43.162659102000006,0.3660490297403791,-0.3660490297403791,1.5636649999999999,0.0006541024384604922,-0.0006541024384604922,32.215027731999996,0.3588640118094025,-0.3588640118094025,1.570037,0.0007203349915143634,-0.0007203349915143634,10.94763137,0.06274158970328735,-0.06274158970328735,42.603703834,0.3761199200445254,-0.3761199200445254,-2.1373510861948115,2.1840315073397747,2.1840315073397862,-1.9038619267869685,2.184031507339794,-3.314491283324947,,0.22976687106067945,0.06395742993464267,0.7544056091334641,0.061462032068524276,-1.0413070733359726,0.30144297668375686,
019_230℃_120_0.5mm.csv,0.5,120,1.49213,0.300354219,1.5064,0.300178623,0.01427,3.83524419,43.59308937,1.563995,32.58756104,1.57033,11.00552833,43.04080191,230,0.014270000000000005,3535065.5670000003,1226.34898388227,20.0,24526.9796776454,3.4316588871489815,14716.187806587239,0.014249000000000001,0.0002230582883463597,-0.0002230582883463597,1228.3961708963855,19.151140329594412,-19.151140329594412,24567.92341792771,383.0228065918892,-383.0228065918892,3507067.0039999997,101568.60680974128,-101568.60680974128,14739.317089689115,14971.385589971715,14510.845837536943,3.398011947122829,3.549255669440952,3.253213143309054,43.162659102000006,0.3660490297403791,-0.3660490297403791,1.5636649999999999,0.0006541024384604922,-0.0006541024384604922,32.215027731999996,0.3588640118094025,-0.3588640118094025,1.570037,0.0007203349915143634,-0.0007203349915143634,10.94763137,0.06274158970328735,-0.06274158970328735,42.603703834,0.3761199200445254,-0.3761199200445254,0.0,0.0,0.0,1.7571888415705343,0.0,2.484363984607397,,0.8189601028459746,0.029100630620265185,1.0563826020430644,0.0162412623600716,0.3943673624062013,0.8773893329551231,
020_230℃_120_0.5mm.csv,0.5,120,1.49199,0.300091499,1.50626,0.300377751,0.01427,3.749748396,42.61999875,1.56278,31.68988137,1.569155,10.93011738,42.03973176,230,0.014270000000000005,3449370.645,1226.34898388227,20.0,24526.9796776454,3.348470687357145,14716.187806587239,0.014249000000000001,0.0002230582883463597,-0.0002230582883463597,1228.3961708963855,19.151140329594412,-19.151140329594412,24567.92341792771,383.0228065918892,-383.0228065918892,3507067.0039999997,101568.60680974128,-101568.60680974128,14739.317089689115,14971.385589971715,14510.845837536943,3.398011947122829,3.549255669440952,3.253213143309054,43.162659102000006,0.3660490297403791,-0.3660490297403791,1.5636649999999999,0.0006541024384604922,-0.0006541024384604922,32.215027731999996,0.3588640118094025,-0.3588640118094025,1.570037,0.0007203349915143634,-0.0007203349915143634,10.94763137,0.06274158970328735,-0.06274158970328735,42.603703834,0.3761199200445254,-0.3761199200445254,0.0,0.0,0.0,-0.7095474029053755,0.0,0.0,,-1.4315338587439224,-0.048607646750314794,-1.7273869496041074,-0.058595926946167026,-0.29354460242066727,-1.4688806896693103,
021_230℃_160_0.5mm.csv,0.5,160,1.492755,0.30025651,1.503875,0.300438468,0.01112,2.905139405,42.87274225,1.55676,32.25097838,1.56229,10.62176386,42.42241951,230,0.011120000000000019,2604700.937,1573.741007194242,20.0,31474.82014388484,1.9703588040435405,18884.892086330907,0.010955000000000048,0.00010541584321153026,-0.00010541584321153026,1597.5617229260781,15.281290853120357,-15.281290853120357,31951.23445852156,305.6258170624062,-305.6258170624062,2515042.1273999996,58432.11633449171,-58432.11633449171,19170.036264984086,19354.839050989456,18986.99800254956,1.8738347720507076,1.9352705739835987,1.8143492698897847,42.573435066,0.2834836333919522,-0.2834836333919522,1.556358,0.0006674072969333862,-0.0006674072969333862,31.998304782,0.253236981103777,-0.253236981103777,1.5621829999999999,0.000672417281158101,-0.000672417281158101,10.57513028,0.042375789715844096,-0.042375789715844096,42.099184474000005,0.2900347025278408,-0.2900347025278408,1.7383348581876543,-1.7086330935243834,-1.708633093524386,3.6563735330490976,-1.7086330935243785,4.930257049386014,,0.837974153827869,0.015740291612983407,1.0761983469586025,0.0,0.4243479685601232,0.9836823390131729,
022_230℃_160_0.5mm.csv,0.5,160,1.49267,0.300294462,1.503565,0.300382769,0.010895,2.763917422,42.86006022,1.557165,32.28317914,1.56317,10.57688108,42.3854364,230,0.010895000000000099,2463534.653,1606.2413951353685,20.0,32124.82790270737,1.8258646288731462,19274.89674162442,0.010955000000000048,0.00010541584321153026,-0.00010541584321153026,1597.5617229260781,15.281290853120357,-15.281290853120357,31951.23445852156,305.6258170624062,-305.6258170624062,2515042.1273999996,58432.11633449171,-58432.11633449171,19170.036264984086,19354.839050989456,18986.99800254956,1.8738347720507076,1.9352705739835987,1.8143492698897847,42.573435066,0.2834836333919522,-0.2834836333919522,1.556358,0.0006674072969333862,-0.0006674072969333862,31.998304782,0.253236981103777,-0.253236981103777,1.5621829999999999,0.000672417281158101,-0.000672417281158101,10.57513028,0.042375789715844096,-0.042375789715844096,42.099184474000005,0.2900347025278408,-0.2900347025278408,-0.3202195791400449,0.3212482790271384,0.3212482790271298,-1.9614633774063508,0.32124827902711467,-2.7646921708543033,,0.8081456393395492,0.04175995734058569,1.177117158361279,0.05632757042546467,0.0,0.895646562758878,
023_230℃_160_0.5mm.csv,0.5,160,1.492685,0.30031019,1.50367,0.30016035,0.010985,2.812983101,42.36625508,1.556515,31.81647913,1.56235,10.54977594,41.89871564,230,0.010985000000000023,2512822.7509999997,1593.0814747382763,20.0,31861.629494765526,1.8777794503221126,19116.977696859314,0.010955000000000048,0.00010541584321153026,-0.00010541584321153026,1597.5617229260781,15.281290853120357,-15.281290853120357,31951.23445852156,305.6258170624062,-305.6258170624062,2515042.1273999996,58432.11633449171,-58432.11633449171,19170.036264984086,19354.839050989456,18986.99800254956,1.8738347720507076,1.9352705739835987,1.8143492698897847,42.573435066,0.2834836333919522,-0.2834836333919522,1.556358,0.0006674072969333862,-0.0006674072969333862,31.998304782,0.253236981103777,-0.253236981103777,1.5621829999999999,0.000672417281158101,-0.000672417281158101,10.57513028,0.042375789715844096,-0.042375789715844096,42.099184474000005,0.2900347025278408,-0.2900347025278408,0.5032021957906285,-0.5006827492026893,-0.5006827492026922,0.0,-0.5006827492027035,0.0,,-0.35329884335731554,0.0,-0.285544290958994,0.0038405161653693605,-0.25626779572338493,-0.26295907980843136,
024_230℃_160_0.5mm.csv,0.5,160,1.49277,0.300083852,1.5037,0.300175592,0.01093,2.831274147,42.25165252,1.55575,31.73329783,1.56155,10.51835468,41.78016822,230,0.010930000000000106,2531098.5549999997,1601.097895699893,20.0,32021.95791399786,1.8819664766088617,19213.174748398716,0.010955000000000048,0.00010541584321153026,-0.00010541584321153026,1597.5617229260781,15.281290853120357,-15.281290853120357,31951.23445852156,305.6258170624062,-305.6258170624062,2515042.1273999996,58432.11633449171,-58432.11633449171,19170.036264984086,19354.839050989456,18986.99800254956,1.8738347720507076,1.9352705739835987,1.8143492698897847,42.573435066,0.2834836333919522,-0.2834836333919522,1.556358,0.0006674072969333862,-0.0006674072969333862,31.998304782,0.253236981103777,-0.253236981103777,1.5621829999999999,0.000672417281158101,-0.000672417281158101,10.57513028,0.042375789715844096,-0.042375789715844096,42.099184474000005,0.2900347025278408,-0.2900347025278408,0.0,0.0,0.0,0.72730175627099,0.0,0.22297753263999792,,-0.6228474977413878,-0.04914825748548049,-0.5462386946603007,-0.04736636603959335,-0.5533427062035179,-0.5451531446841396,
025_230℃_160_0.5mm.csv,0.5,160,1.492715,0.300243423,1.50356,0.300267964,0.010845,2.763321705,42.51646526,1.5556,31.90758943,1.561555,10.60887584,42.0091826,230,0.010844999999999994,2463053.741,1613.6468418626105,20.0,32272.936837252208,1.8171304640234685,19363.762102351327,0.010955000000000048,0.00010541584321153026,-0.00010541584321153026,1597.5617229260781,15.281290853120357,-15.281290853120357,31951.23445852156,305.6258170624062,-305.6258170624062,2515042.1273999996,58432.11633449171,-58432.11633449171,19170.036264984086,19354.839050989456,18986.99800254956,1.8738347720507076,1.9352705739835987,1.8143492698897847,42.573435066,0.2834836333919522,-0.2834836333919522,1.556358,0.0006674072969333862,-0.0006674072969333862,31.998304782,0.253236981103777,-0.253236981103777,1.5621829999999999,0.000672417281158101,-0.000672417281158101,10.57513028,0.042375789715844096,-0.042375789715844096,42.099184474000005,0.2900347025278408,-0.2900347025278408,-0.7776761207695511,0.7837713231914545,0.783771323191443,-1.980601695053651,0.7837713231914545,-3.2298247958907234,,0.0,-0.058785170717917855,0.0,-0.047046323025810195,0.3024971138278119,0.0,
026_230℃_200_0.5mm.csv,0.5,200,1.49317,0.300237333,1.50229,0.300096289,0.00912,2.302331552,42.19819231,1.55449,31.80550846,1.56058,10.39268385,41.74027304,230,0.009119999999999795,2002235.2630000003,1918.8596491228502,20.0,38377.192982457,1.2422031019428295,23026.315789474203,0.00923699999999994,0.00012392538077410186,-0.00012392538077410186,1894.8287153830381,25.548219336780548,-25.548219336780548,37896.57430766076,510.96438673561363,-510.96438673561363,2041655.7554000001,47477.75307249485,-47477.75307249485,22736.296557680056,23044.170370401316,22432.535988483553,1.2825379265257122,1.3304911293530315,1.236313040115291,42.150924587999995,0.25240921921010734,-0.25240921921010734,1.554328,0.0005470214803825182,-0.0005470214803825182,31.742822644,0.21278259428398988,-0.21278259428398988,1.560398,0.0007878181896858312,-0.0007878181896858312,10.408101944,0.047959984731735676,-0.047959984731735676,41.687286078,0.2467899710609833,-0.2467899710609833,-2.0933977455734625,2.1381578947387325,2.138157894738735,-3.050439642219326,2.138157894738745,-5.079979553092497,,0.0,0.0,0.0,0.0,0.0,0.0,
027_230℃_200_0.5mm.csv,0.5,200,1.49313,0.300293879,1.502445,0.300255742,0.009315,2.365489721,42.45348631,1.554985,31.99418938,1.561375,10.45929693,41.98118815,230,0.009314999999999962,2065233.9789999998,1878.6902844873935,20.0,37573.80568974787,1.308683980570403,22544.28341384872,0.00923699999999994,0.00012392538077410186,-0.00012392538077410186,1894.8287153830381,25.548219336780548,-25.548219336780548,37896.57430766076,510.96438673561363,-510.96438673561363,2041655.7554000001,47477.75307249485,-47477.75307249485,22736.296557680056,23044.170370401316,22432.535988483553,1.2825379265257122,1.3304911293530315,1.236313040115291,42.150924587999995,0.25240921921010734,-0.25240921921010734,1.554328,0.0005470214803825182,-0.0005470214803825182,31.742822644,0.21278259428398988,-0.21278259428398988,1.560398,0.0007878181896858312,-0.0007878181896858312,10.408101944,0.047959984731735676,-0.047959984731735676,41.687286078,0.2467899710609833,-0.2467899710609833,0.0,0.0,0.0,0.0,0.0,0.0,,0.6049880007288854,0.031843241191653486,0.5932334653203121,0.05094259826473997,0.6409612854720059,0.5771766508789544,
028_230℃_200_0.5mm.csv,0.5,200,1.49313,0.300160247,1.502475,0.300001531,0.009345,2.377143121,42.28077185,1.55457,31.82187508,1.56069,10.45889677,41.81336688,230,0.009344999999999937,2077141.59,1872.6591760299752,20.0,37453.1835205995,1.3204685822142772,22471.9101123597,0.00923699999999994,0.00012392538077410186,-0.00012392538077410186,1894.8287153830381,25.548219336780548,-25.548219336780548,37896.57430766076,510.96438673561363,-510.96438673561363,2041655.7554000001,47477.75307249485,-47477.75307249485,22736.296557680056,23044.170370401316,22432.535988483553,1.2825379265257122,1.3304911293530315,1.236313040115291,42.150924587999995,0.25240921921010734,-0.25240921921010734,1.554328,0.0005470214803825182,-0.0005470214803825182,31.742822644,0.21278259428398988,-0.21278259428398988,1.560398,0.0007878181896858312,-0.0007878181896858312,10.408101944,0.047959984731735676,-0.047959984731735676,41.687286078,0.2467899710609833,-0.2467899710609833,0.3220611916261365,-0.3210272873191453,-0.3210272873191502,0.5765744279379914,-0.3210272873191534,0.9004925420373723,,0.1956944965636078,0.005146382414816436,0.0514584447552108,0.0070486613951115905,0.6371108844997886,0.1751158645511307,
029_230℃_200_0.5mm.csv,0.5,200,1.493165,0.300357184,1.502485,0.300345587,0.00932,2.384402452,41.79034138,1.553555,31.422828,1.55925,10.36751338,41.33528382,230,0.009319999999999995,2084056.865,1877.6824034334775,20.0,37553.64806866955,1.3213204069251692,22532.188841201732,0.00923699999999994,0.00012392538077410186,-0.00012392538077410186,1894.8287153830381,25.548219336780548,-25.548219336780548,37896.57430766076,510.96438673561363,-510.96438673561363,2041655.7554000001,47477.75307249485,-47477.75307249485,22736.296557680056,23044.170370401316,22432.535988483553,1.2825379265257122,1.3304911293530315,1.236313040115291,42.150924587999995,0.25240921921010734,-0.25240921921010734,1.554328,0.0005470214803825182,-0.0005470214803825182,31.742822644,0.21278259428398988,-0.21278259428398988,1.560398,0.0007878181896858312,-0.0007878181896858312,10.408101944,0.047959984731735676,-0.047959984731735676,41.687286078,0.2467899710609833,-0.2467899710609833,0.053676865271420036,-0.053648068669870395,-0.053648068669863144,0.911416633243384,-0.05364806866985023,0.9655827183930636,,-0.9665127998939207,-0.06014834447310102,-1.2031892540918667,-0.0852247241410279,-0.24219412774688664,-0.970260112126946,
030_230℃_200_0.5mm.csv,0.5,200,1.493145,0.300148444,1.50223,0.300175749,0.009085,2.279786829,42.03183109,1.55404,31.6697123,1.560095,10.36211879,41.5663185,230,0.00908500000000001,1979611.0799999998,1926.2520638414949,20.0,38525.0412768299,1.2234535144081644,23115.02476609794,0.00923699999999994,0.00012392538077410186,-0.00012392538077410186,1894.8287153830381,25.548219336780548,-25.548219336780548,37896.57430766076,510.96438673561363,-510.96438673561363,2041655.7554000001,47477.75307249485,-47477.75307249485,22736.296557680056,23044.170370401316,22432.535988483553,1.2825379265257122,1.3304911293530315,1.236313040115291,42.150924587999995,0.25240921921010734,-0.25240921921010734,1.554328,0.0005470214803825182,-0.0005470214803825182,31.742822644,0.21278259428398988,-0.21278259428398988,1.560398,0.0007878181896858312,-0.0007878181896858312,10.408101944,0.047959984731735676,-0.047959984731735676,41.687286078,0.2467899710609833,-0.2467899710609833,-2.469135802468635,2.531645569619731,2.531645569619741,-4.145917599199058,2.531645569619747,-6.512685065885039,,-0.39423778814473576,-0.02894840108330317,-0.4269579911630131,-0.031078188878498295,-0.29410170116931755,-0.4167546767921116,
031_230℃_240_0.5mm.csv,0.5,240,1.493315,0.300043328,1.50158,0.300135737,0.008265,2.040766155,41.57896793,1.55236,31.2415602,1.557945,10.33740773,41.12738698,230,0.008264999999999967,1740630.418,2117.3623714458645,20.0,42347.24742891729,0.9786605717530573,25408.348457350374,0.008419,0.00011550973984910105,-0.00011550973984910105,2078.944483768231,28.502374263853326,-28.502374263853326,41578.88967536462,570.0474852770673,-570.0474852770673,1800970.175,40114.27172301729,-40114.27172301729,24945.45729173641,25289.942500255664,24605.664464739464,1.0311703524118152,1.0686475310039654,0.9950074882914428,41.747674331999995,0.2023148603271267,-0.2023148603271267,1.553171,0.0005433047027221429,-0.0005433047027221429,31.464945446,0.19780264875196255,-0.19780264875196255,1.5589410000000001,0.0007215902576948028,-0.0007215902576948028,10.282728886,0.06625457769741945,-0.06625457769741945,41.296978558,0.1962038162361877,-0.1962038162361877,-1.8991097922841518,1.9358741681783282,1.9358741681783371,-3.4623779986149663,1.9358741681783431,-5.4009934884195605,,-0.22891986766799985,-0.04764664219946964,-0.6891190414521996,-0.058376179952605495,0.5863565047903357,-0.2726025075966216,
032_230℃_240_0.5mm.csv,0.5,240,1.493325,0.300172668,1.50175,0.30025315,0.008425,2.10531855,41.58266298,1.55351,31.36160335,1.5594,10.22105964,41.1358194,230,0.008424999999999905,1805065.3999999997,2077.151335311596,20.0,41543.02670623192,1.0345357819727774,24925.81602373915,0.008419,0.00011550973984910105,-0.00011550973984910105,2078.944483768231,28.502374263853326,-28.502374263853326,41578.88967536462,570.0474852770673,-570.0474852770673,1800970.175,40114.27172301729,-40114.27172301729,24945.45729173641,25289.942500255664,24605.664464739464,1.0311703524118152,1.0686475310039654,0.9950074882914428,41.747674331999995,0.2023148603271267,-0.2023148603271267,1.553171,0.0005433047027221429,-0.0005433047027221429,31.464945446,0.19780264875196255,-0.19780264875196255,1.5589410000000001,0.0007215902576948028,-0.0007215902576948028,10.282728886,0.06625457769741945,-0.06625457769741945,41.296978558,0.1962038162361877,-0.1962038162361877,0.0,0.0,0.0,0.11126972789627496,0.0,0.0,,-0.22005338665615548,0.026398815272681828,-0.3075250716497832,0.03496155832324338,-0.5457484450249213,-0.25215522506995924,
033_230℃_240_0.5mm.csv,0.5,240,1.49329,0.300261628,1.501745,0.300141508,0.008455,2.102614228,41.8516195,1.553085,31.48961263,1.558855,10.36200686,41.3891059,230,0.008455000000000101,1802472.7200000002,2069.7811945594076,20.0,41395.62389118815,1.0367283569796044,24837.37433471289,0.008419,0.00011550973984910105,-0.00011550973984910105,2078.944483768231,28.502374263853326,-28.502374263853326,41578.88967536462,570.0474852770673,-570.0474852770673,1800970.175,40114.27172301729,-40114.27172301729,24945.45729173641,25289.942500255664,24605.664464739464,1.0311703524118152,1.0686475310039654,0.9950074882914428,41.747674331999995,0.2023148603271267,-0.2023148603271267,1.553171,0.0005433047027221429,-0.0005433047027221429,31.464945446,0.19780264875196255,-0.19780264875196255,1.5589410000000001,0.0007215902576948028,-0.0007215902576948028,10.282728886,0.06625457769741945,-0.06625457769741945,41.296978558,0.1962038162361877,-0.1962038162361877,0.35608308605574923,-0.3548196333553562,-0.3548196333553475,-0.032523669726918655,-0.3548196333553416,0.21193805424940906,,0.42532296213174886,-0.0009658103148461931,0.09939168558916768,0.0,0.8257140811299835,0.3620244084973925,
034_230℃_240_0.5mm.csv,0.5,240,1.493295,0.300125671,1.501875,0.300412234,0.00858,2.15403543,42.05075241,1.5538,31.7736054,1.559835,10.27714701,41.59277278,230,0.008580000000000032,1853623.196,2039.627039627032,20.0,40792.54079254064,1.0819106817469428,24475.524475524384,0.008419,0.00011550973984910105,-0.00011550973984910105,2078.944483768231,28.502374263853326,-28.502374263853326,41578.88967536462,570.0474852770673,-570.0474852770673,1800970.175,40114.27172301729,-40114.27172301729,24945.45729173641,25289.942500255664,24605.664464739464,1.0311703524118152,1.0686475310039654,0.9950074882914428,41.747674331999995,0.2023148603271267,-0.2023148603271267,1.553171,0.0005433047027221429,-0.0005433047027221429,31.464945446,0.19780264875196255,-0.19780264875196255,1.5589410000000001,0.0007215902576948028,-0.0007215902576948028,10.282728886,0.06625457769741945,-0.06625457769741945,41.296978558,0.1962038162361877,-0.1962038162361877,1.8397626112774956,-1.8065268065282796,-1.8065268065282711,2.80434811317151,-1.8065268065282654,4.579338926665761,,0.9031536181028856,0.045071148026536924,1.0021498063106276,0.06286665533356091,0.0,0.8558843249485599,
035_230℃_240_0.5mm.csv,0.5,240,1.493365,0.300382639,1.501735,0.300231195,0.00837,2.103290336,41.67436884,1.5531,31.45834565,1.55867,10.21602319,41.23980773,230,0.008369999999999989,1803059.141,2090.800477897255,20.0,41816.0095579451,1.0266397966102025,25089.60573476706,0.008419,0.00011550973984910105,-0.00011550973984910105,2078.944483768231,28.502374263853326,-28.502374263853326,41578.88967536462,570.0474852770673,-570.0474852770673,1800970.175,40114.27172301729,-40114.27172301729,24945.45729173641,25289.942500255664,24605.664464739464,1.0311703524118152,1.0686475310039654,0.9950074882914428,41.747674331999995,0.2023148603271267,-0.2023148603271267,1.553171,0.0005433047027221429,-0.0005433047027221429,31.464945446,0.19780264875196255,-0.19780264875196255,1.5589410000000001,0.0007215902576948028,-0.0007215902576948028,10.282728886,0.06625457769741945,-0.06625457769741945,41.296978558,0.1962038162361877,-0.1962038162361877,-0.652818991096936,0.6571087216238551,0.6571087216238682,0.0,0.657108721623877,-0.7632394645178766,,0.0,0.0,0.0,-0.011867684935423867,-0.5947547499371677,0.0,
001_230℃_280_0.5mm.csv,0.5,280,1.49332,0.300330918,1.501675,0.300367702,0.008355,2.07764945,40.87852037,1.55244,30.69994416,1.558005,10.17857621,40.4465143,230,0.008355000000000112,1777281.7480000001,2094.554159186088,20.0,41891.083183721756,1.010148911873483,25134.649910233053,0.008298333333333444,0.00012964695651397114,-0.00012964695651397114,2109.203290380758,33.22857737245024,-33.22857737245024,42184.06580761517,664.5715474490067,-664.5715474490067,1773514.563,43940.26415689306,-43940.26415689306,25308.357085907177,25708.558470871107,24914.38557760897,1.0008838650138518,1.0417859220565446,0.9615876832617573,41.00744399,0.1985352451144807,-0.1985352451144807,1.5528133333333332,0.001093873088311942,-0.001093873088311942,30.849134356666667,0.13041415687784375,-0.13041415687784375,1.55816,0.001080867706983628,-0.001080867706983628,10.158309635333334,0.18274618176059804,-0.18274618176059804,40.59996507333333,0.1809037778287625,-0.1809037778287625,0.0,0.0,0.0,0.0,0.0,0.0,,-0.07142917133250253,0.0,-0.6666968347094765,0.0,0.0,-0.26491440782069986,
002_230℃_280_0.5mm.csv,0.5,280,1.49338,0.300025773,1.50177,0.300405279,0.00839,2.11585523,41.23607117,1.551955,30.90599344,1.557165,10.33007774,40.79943337,230,0.00839000000000012,1815449.9510000001,2085.8164481525328,20.0,41716.328963050655,1.0361649720333483,25029.797377830393,0.008298333333333444,0.00012964695651397114,-0.00012964695651397114,2109.203290380758,33.22857737245024,-33.22857737245024,42184.06580761517,664.5715474490067,-664.5715474490067,1773514.563,43940.26415689306,-43940.26415689306,25308.357085907177,25708.558470871107,24914.38557760897,1.0008838650138518,1.0417859220565446,0.9615876832617573,41.00744399,0.1985352451144807,-0.1985352451144807,1.5528133333333332,0.001093873088311942,-0.001093873088311942,30.849134356666667,0.13041415687784375,-0.13041415687784375,1.55816,0.001080867706983628,-0.001080867706983628,10.158309635333334,0.18274618176059804,-0.18274618176059804,40.59996507333333,0.1809037778287625,-0.1809037778287625,0.4189108318373044,-0.4171632896305942,-0.4171632896305898,2.147560624135773,-0.41716328963058685,2.5754678200478778,,0.8026127489535495,-0.031241142974934213,0.0,-0.05391510296823013,1.4884353850114849,0.605331502432261,
003_230℃_280_0.5mm.csv,0.5,280,1.493385,0.300304955,1.501535,0.300462192,0.00815,2.028274182,40.90774043,1.554045,30.94146547,1.55931,9.966274956,40.55394755,230,0.008150000000000102,1727811.9900000002,2147.239263803654,20.0,42944.78527607308,0.957936579489808,25766.871165643846,0.008298333333333444,0.00012964695651397114,-0.00012964695651397114,2109.203290380758,33.22857737245024,-33.22857737245024,42184.06580761517,664.5715474490067,-664.5715474490067,1773514.563,43940.26415689306,-43940.26415689306,25308.357085907177,25708.558470871107,24914.38557760897,1.0008838650138518,1.0417859220565446,0.9615876832617573,41.00744399,0.1985352451144807,-0.1985352451144807,1.5528133333333332,0.001093873088311942,-0.001093873088311942,30.849134356666667,0.13041415687784375,-0.13041415687784375,1.55816,0.001080867706983628,-0.001080867706983628,10.158309635333334,0.18274618176059804,-0.18274618176059804,40.59996507333333,0.1809037778287625,-0.1809037778287625,-2.4536205864752603,2.5153374233129773,2.515337423312986,-2.783450516816983,2.5153374233129777,-5.168775788397259,,0.0,0.10338563809228418,0.11477395175426239,0.08376096353990452,-2.0857657261673124,0.0,
004_230℃_320_0.5mm.csv,0.5,320,1.493455,0.300396058,1.501175,0.300149348,0.00772,1.895174112,40.76751968,1.552455,30.57086298,1.557955,10.1966567,40.3206047,230,0.007719999999999949,1595024.7640000002,2266.839378238357,20.0,45336.78756476714,0.8376592638149605,27202.07253886028,0.0077866666666666084,5.965176722726282e-05,-5.965176722726282e-05,2247.5197235689784,17.273185889082136,-17.273185889082136,44950.39447137957,345.46371778164325,-345.46371778164325,1600457.5703333335,9748.512493013508,-9748.512493013508,26969.706809693816,27177.445864213078,26763.555671676648,0.8477436421109213,0.8585308193895143,0.837092002417016,41.00898125333333,0.29701653867115985,-0.29701653867115985,1.552665,0.0007960527620704343,-0.0007960527620704343,30.797761873333332,0.28893174179724757,-0.28893174179724757,1.5582683333333334,0.0009352317003466503,-0.0009352317003466503,10.211219380000001,0.012643335023153438,-0.012643335023153438,40.5612792,0.2954155038790018,-0.2954155038790018,-1.08904548366294,1.1010362694286335,1.1010362694286373,0.0,1.1010362694286129,-1.0649316291836342,,-0.36966722583863826,0.0,-0.4186558409723782,0.0,-0.2050332495736907,-0.37473161486165196,
005_230℃_320_0.5mm.csv,0.5,320,1.49339,0.300065241,1.501225,0.300038386,0.007835,1.911750331,41.34064107,1.553545,31.12303488,1.55932,10.21760619,40.89096582,230,0.007835000000000036,1611711.9449999998,2233.567326100819,20.0,44671.346522016385,0.8590315026581672,26802.80791320983,0.0077866666666666084,5.965176722726282e-05,-5.965176722726282e-05,2247.5197235689784,17.273185889082136,-17.273185889082136,44950.39447137957,345.46371778164325,-345.46371778164325,1600457.5703333335,9748.512493013508,-9748.512493013508,26969.706809693816,27177.445864213078,26763.555671676648,0.8477436421109213,0.8585308193895143,0.837092002417016,41.00898125333333,0.29701653867115985,-0.29701653867115985,1.552665,0.0007960527620704343,-0.0007960527620704343,30.797761873333332,0.28893174179724757,-0.28893174179724757,1.5582683333333334,0.0009352317003466503,-0.0009352317003466503,10.211219380000001,0.012643335023153438,-0.012643335023153438,40.5612792,0.2954155038790018,-0.2954155038790018,0.38436899423699106,-0.3828972559055168,-0.38289725590551277,1.0462020011621356,-0.382897255905537,1.4593213726397425,,1.0309643370793842,0.07021137488687501,1.3799855662007452,0.08761485408757382,0.0,1.0345324594057714,
006_230℃_320_0.5mm.csv,0.5,320,1.49337,0.300387669,1.501175,0.300252326,0.007805,1.894888328,40.91878301,1.551995,30.69938776,1.55753,10.21939525,40.47226708,230,0.00780499999999984,1594636.0019999999,2242.152466367759,20.0,44843.049327355184,0.8466757820142683,26905.829596413114,0.0077866666666666084,5.965176722726282e-05,-5.965176722726282e-05,2247.5197235689784,17.273185889082136,-17.273185889082136,44950.39447137957,345.46371778164325,-345.46371778164325,1600457.5703333335,9748.512493013508,-9748.512493013508,26969.706809693816,27177.445864213078,26763.555671676648,0.8477436421109213,0.8585308193895143,0.837092002417016,41.00898125333333,0.29701653867115985,-0.29701653867115985,1.552665,0.0007960527620704343,-0.0007960527620704343,30.797761873333332,0.28893174179724757,-0.28893174179724757,1.5582683333333334,0.0009352317003466503,-0.0009352317003466503,10.211219380000001,0.012643335023153438,-0.012643335023153438,40.5612792,0.2954155038790018,-0.2954155038790018,0.0,0.0,0.0,-0.024373414681374633,0.0,0.0,,0.0,-0.029630488484362182,0.0,-0.02727935017377894,0.01750958068584673,0.0,
001_190℃_010_1.0mm.csv,1.0,10,1.42086,0.300063586,1.6322,0.300032316,0.21134,4.235279425,40.3108929,2.53074,29.79225185,2.53484,10.51864105,40.25561089,190,0.21134000000000008,3935247.1089999997,82.80495883410615,40.0,3312.198353364246,226.30615619484632,496.8297530046369,0.20716,0.00594452689454766,-0.00594452689454766,84.53230455316815,2.463513532336628,-2.463513532336628,3381.2921821267255,98.54054129346517,-98.54054129346517,3859035.3307999996,136964.19198156003,-136964.19198156003,507.023312843424,521.9003093197133,492.570391655467,217.35105386015735,231.84955759631347,203.75920102627873,40.631105118,0.20348227747642836,-0.20348227747642836,2.535568,0.003493239184481758,-0.003493239184481758,30.205261086,0.2458059125852664,-0.2458059125852664,2.5398,0.0035351096164053493,-0.0035351096164053493,10.425844029999999,0.06376753114887514,-0.06376753114887514,40.571186428,0.20133921825867437,-0.20133921825867437,2.1262201604330646,-2.081953250686183,-2.0819532506861824,1.757827217625852,-2.0819532506861824,3.9214226547456423,,-0.8264385770546736,-0.1798603715536495,-1.5525233758503831,-0.18664503579331884,0.9884665795419053,-0.8129634465974293,
002_190℃_010_1.0mm.csv,1.0,10,1.42174,0.300139415,1.62868,0.300048295,0.20694,4.167315528,40.61112853,2.53412,30.19544305,2.5384,10.41568548,40.55046141,190,0.2069399999999999,3867267.2329999995,84.56557456267521,40.0,3382.6229825070086,217.7666071284407,507.3934473760513,0.20716,0.00594452689454766,-0.00594452689454766,84.53230455316815,2.463513532336628,-2.463513532336628,3381.2921821267255,98.54054129346517,-98.54054129346517,3859035.3307999996,136964.19198156003,-136964.19198156003,507.023312843424,521.9003093197133,492.570391655467,217.35105386015735,231.84955759631347,203.75920102627873,40.631105118,0.20348227747642836,-0.20348227747642836,2.535568,0.003493239184481758,-0.003493239184481758,30.205261086,0.2458059125852664,-0.2458059125852664,2.5398,0.0035351096164053493,-0.0035351096164053493,10.425844029999999,0.06376753114887514,-0.06376753114887514,40.571186428,0.20133921825867437,-0.20133921825867437,0.0,0.0,0.0,0.0,0.0,0.0,,-0.08779364634012737,-0.046542815445893455,-0.22019185432214303,-0.0464643759991706,0.0,-0.08647219088295233,
003_190℃_010_1.0mm.csv,1.0,10,1.4218,0.300231014,1.61988,0.300029578,0.19808,3.955447194,40.64681385,2.5353,30.26207768,2.53958,10.38473617,40.58555663,190,0.19808000000000003,3655417.616,88.34814216478189,40.0,3533.9256865912757,197.02452282374966,530.0888529886913,0.20716,0.00594452689454766,-0.00594452689454766,84.53230455316815,2.463513532336628,-2.463513532336628,3381.2921821267255,98.54054129346517,-98.54054129346517,3859035.3307999996,136964.19198156003,-136964.19198156003,507.023312843424,521.9003093197133,492.570391655467,217.35105386015735,231.84955759631347,203.75920102627873,40.631105118,0.20348227747642836,-0.20348227747642836,2.535568,0.003493239184481758,-0.003493239184481758,30.205261086,0.2458059125852664,-0.2458059125852664,2.5398,0.0035351096164053493,-0.0035351096164053493,10.425844029999999,0.06376753114887514,-0.06376753114887514,40.571186428,0.20133921825867437,-0.20133921825867437,-4.281434232144521,4.472940226171178,4.4729402261711755,-5.478018565467975,4.472940226171161,-9.52491503550734,,0.0,0.0,0.0,0.0,-0.29714136490995935,0.0,
004_190℃_010_1.0mm.csv,1.0,10,1.42176,0.300079616,1.63524,0.300051199,0.21348,4.320160889,40.86332657,2.53982,30.40825555,2.54402,10.45507101,40.80323746,190,0.21348000000000011,4020109.69,81.97489226157013,40.0,3278.995690462805,233.52735146155112,491.84935356942077,0.20716,0.00594452689454766,-0.00594452689454766,84.53230455316815,2.463513532336628,-2.463513532336628,3381.2921821267255,98.54054129346517,-98.54054129346517,3859035.3307999996,136964.19198156003,-136964.19198156003,507.023312843424,521.9003093197133,492.570391655467,217.35105386015735,231.84955759631347,203.75920102627873,40.631105118,0.20348227747642836,-0.20348227747642836,2.535568,0.003493239184481758,-0.003493239184481758,30.205261086,0.2458059125852664,-0.2458059125852664,2.5398,0.0035351096164053493,-0.0035351096164053493,10.425844029999999,0.06376753114887514,-0.06376753114887514,40.571186428,0.20133921825867437,-0.20133921825867437,3.1603363293709363,-3.06351883080391,-3.0635188308039196,3.9522083112274133,-3.0635188308039263,7.2374477156704655,,0.5326683680521671,0.17828264899618593,0.4830397686032208,0.17483205884438457,0.37813670617863915,0.5363504854312973,
005_190℃_010_1.0mm.csv,1.0,10,1.42134,0.300088953,1.6273,0.300148121,0.20596,4.117283127,40.72336374,2.53786,30.3682773,2.54216,10.35508644,40.66106575,190,0.20595999999999992,3817135.0060000005,84.96795494270735,40.0,3398.718197708294,213.92574852673735,509.8077296562441,0.20716,0.00594452689454766,-0.00594452689454766,84.53230455316815,2.463513532336628,-2.463513532336628,3381.2921821267255,98.54054129346517,-98.54054129346517,3859035.3307999996,136964.19198156003,-136964.19198156003,507.023312843424,521.9003093197133,492.570391655467,217.35105386015735,231.84955759631347,203.75920102627873,40.631105118,0.20348227747642836,-0.20348227747642836,2.535568,0.003493239184481758,-0.003493239184481758,30.205261086,0.2458059125852664,-0.2458059125852664,2.5398,0.0035351096164053493,-0.0035351096164053493,10.425844029999999,0.06376753114887514,-0.06376753114887514,40.571186428,0.20133921825867437,-0.20133921825867437,-0.4735672175509719,0.4758205476791507,0.47582054767914733,-1.296321768824581,0.4758205476791338,-1.7637500314444383,,0.18832937381635032,0.10097424367924489,0.35093300969941255,0.10159160176092215,-0.5818055865488881,0.18604924083801963,
006_190℃_020_1.0mm.csv,1.0,20,1.46472,0.300069263,1.557365,0.300062065,0.092645,3.946787246,32.67671052,1.98314,24.83757634,1.98574,7.839134183,32.64107885,190,0.09264500000000009,3646725.181,188.89308651303344,40.0,7555.723460521338,91.9322052772096,1133.3585190782007,0.09265600000000007,0.0005290368607196072,-0.0005290368607196072,188.87557680907048,1.0761366876060083,-1.0761366876060083,7555.023072362819,43.04546750423996,-43.04546750423996,3639150.4894000003,28057.218285171242,-28057.218285171242,1133.238724865904,1139.7207661309783,1126.7935495246693,91.74876336343698,92.979423175578,90.53439235500642,32.934724058,0.23738872554927493,-0.23738872554927493,1.9867640000000002,0.002914762854847739,-0.002914762854847739,25.11142702,0.2359098001004823,-0.2359098001004823,1.9893560000000001,0.0029102564320003807,-0.0029102564320003807,7.8232970347999995,0.015493999461472797,-0.015493999461472797,32.89918739,0.23745194105841025,-0.23745194105841025,0.0,0.0,0.0,0.08695843575514739,0.0,0.08155708883468646,,-0.6338662179283798,-0.1573304669820011,-0.878332088988922,-0.15662278044402325,0.16357552480228343,-0.6348765812774658,
007_190℃_020_1.0mm.csv,1.0,20,1.46452,0.300068123,1.556505,0.300011753,0.091985,3.896907985,32.75266621,1.98502,24.95533506,1.98761,7.797331145,32.71720107,190,0.09198499999999998,3596896.232,190.24841006685875,40.0,7609.93640267435,90.03006800014148,1141.4904604011524,0.09265600000000007,0.0005290368607196072,-0.0005290368607196072,188.87557680907048,1.0761366876060083,-1.0761366876060083,7555.023072362819,43.04546750423996,-43.04546750423996,3639150.4894000003,28057.218285171242,-28057.218285171242,1133.238724865904,1139.7207661309783,1126.7935495246693,91.74876336343698,92.979423175578,90.53439235500642,32.934724058,0.23738872554927493,-0.23738872554927493,1.9867640000000002,0.002914762854847739,-0.002914762854847739,25.11142702,0.2359098001004823,-0.2359098001004823,1.9893560000000001,0.0029102564320003807,-0.0029102564320003807,7.8232970347999995,0.015493999461472797,-0.015493999461472797,32.89918739,0.23745194105841025,-0.23745194105841025,-0.7123967834206966,0.7175082893951223,0.7175082893951102,-1.280632402579639,0.7175082893951021,-1.9891955914873094,,-0.40289366487931516,-0.06268045804562536,-0.4083812138438369,-0.06259883199126838,-0.37055766594719813,-0.403147298677257,
008_190℃_020_1.0mm.csv,1.0,20,1.46467,0.300066389,1.558135,0.300036966,0.093465,3.974675756,32.88515843,1.986265,25.05766586,1.988855,7.827492566,32.84963348,190,0.09346500000000013,3674638.79,187.23586369229096,40.0,7489.434547691639,93.45581347138787,1123.4151821537457,0.09265600000000007,0.0005290368607196072,-0.0005290368607196072,188.87557680907048,1.0761366876060083,-1.0761366876060083,7555.023072362819,43.04546750423996,-43.04546750423996,3639150.4894000003,28057.218285171242,-28057.218285171242,1133.238724865904,1139.7207661309783,1126.7935495246693,91.74876336343698,92.979423175578,90.53439235500642,32.934724058,0.23738872554927493,-0.23738872554927493,1.9867640000000002,0.002914762854847739,-0.002914762854847739,25.11142702,0.2359098001004823,-0.2359098001004823,1.9893560000000001,0.0029102564320003807,-0.0029102564320003807,7.8232970347999995,0.015493999461472797,-0.015493999461472797,32.89918739,0.23745194105841025,-0.23745194105841025,0.8850990339468315,-0.8773337613010674,-0.8773337613010705,0.8530672279205139,-0.8773337613010825,1.7402258872918703,,0.0,0.0,0.0,0.0,0.014826191471694988,0.0,
009_190℃_020_1.0mm.csv,1.0,20,1.46468,0.300108115,1.55733,0.300085353,0.09265,3.943642154,33.22058296,1.990115,25.39438789,1.992685,7.826195061,33.18561171,190,0.09265000000000012,3643556.801,188.88289260658368,40.0,7555.3157042633475,91.85728914629942,1133.2973556395023,0.09265600000000007,0.0005290368607196072,-0.0005290368607196072,188.87557680907048,1.0761366876060083,-1.0761366876060083,7555.023072362819,43.04546750423996,-43.04546750423996,3639150.4894000003,28057.218285171242,-28057.218285171242,1133.238724865904,1139.7207661309783,1126.7935495246693,91.74876336343698,92.979423175578,90.53439235500642,32.934724058,0.23738872554927493,-0.23738872554927493,1.9867640000000002,0.002914762854847739,-0.002914762854847739,25.11142702,0.2359098001004823,-0.2359098001004823,1.9893560000000001,0.0029102564320003807,-0.0029102564320003807,7.8232970347999995,0.015493999461472797,-0.015493999461472797,32.89918739,0.23745194105841025,-0.23745194105841025,0.00539694532897917,-0.005396654074501441,-0.005396654074504449,0.0,-0.0053966540744964245,0.0,,1.0199875749846115,0.19383113532182922,1.3437884912397848,0.19257311367595928,-0.001752519522072797,1.0227761908045556,
010_190℃_020_1.0mm.csv,1.0,20,1.464655,0.300086903,1.55719,0.300105313,0.092535,3.934040756,33.13850217,1.98928,25.31216995,1.99189,7.826332219,33.10241184,190,0.09253500000000003,3633935.443,189.11763116658554,40.0,7564.705246663421,91.5010112157837,1134.7057869995133,0.09265600000000007,0.0005290368607196072,-0.0005290368607196072,188.87557680907048,1.0761366876060083,-1.0761366876060083,7555.023072362819,43.04546750423996,-43.04546750423996,3639150.4894000003,28057.218285171242,-28057.218285171242,1133.238724865904,1139.7207661309783,1126.7935495246693,91.74876336343698,92.979423175578,90.53439235500642,32.934724058,0.23738872554927493,-0.23738872554927493,1.9867640000000002,0.002914762854847739,-0.002914762854847739,25.11142702,0.2359098001004823,-0.2359098001004823,1.9893560000000001,0.0029102564320003807,-0.0029102564320003807,7.8232970347999995,0.015493999461472797,-0.015493999461472797,32.89918739,0.23745194105841025,-0.23745194105841025,-0.11873279723682272,0.11887393959048248,0.11887393959047345,-0.26406499268405415,0.11887393959047746,-0.3878602708907282,,0.7703892944267788,0.151792434544232,1.0156735723987385,0.1526003655369496,0.0,0.7695013101254261,
011_190℃_040_1.0mm.csv,1.0,40,1.48141,0.300050846,1.52602,0.300111704,0.04461,3.910933551,27.92314343,1.71995,21.41793213,1.72193,6.505211297,27.88999069,190,0.04461000000000004,3610821.847,392.2887245012326,40.0,15691.548980049303,43.830955808073504,2353.7323470073957,0.044848,0.00032151205265123546,-0.00032151205265123546,390.22285336890764,2.778028100059228,-2.778028100059228,15608.914134756304,111.12112400236936,-111.12112400236936,3633037.2027999996,30554.43033951273,-30554.43033951273,2341.2894342524646,2358.0754905419312,2324.6228701874343,44.333750007446646,45.02696005193936,43.65121223941299,28.124604956000002,0.1174116359422012,-0.1174116359422012,1.721517,0.0008981480946925811,-0.0008981480946925811,21.601200314,0.10440772178290054,-0.10440772178290054,1.723482,0.0008895897931069348,-0.0008895897931069348,6.5234046408,0.018666807955939956,-0.018666807955939956,28.091805376000003,0.11764199740940601,-0.11764199740940601,-0.4685408299862162,0.47074646940107984,0.4707464694010769,-0.5443596946871332,0.47074646940108467,-1.0103499772422477,,-0.8814233271010096,-0.10454479454042699,-1.0276577894520513,-0.10326563052950408,-0.34769077924133296,-0.8837790172815505,
012_190℃_040_1.0mm.csv,1.0,40,1.481475,0.300154817,1.526295,0.300186548,0.04482,3.933439459,28.19909736,1.722195,21.67118912,1.72416,6.527908232,28.1664113,190,0.04481999999999986,3633252.911,390.4506916555122,40.0,15618.027666220487,44.310855910481486,2342.704149933073,0.044848,0.00032151205265123546,-0.00032151205265123546,390.22285336890764,2.778028100059228,-2.778028100059228,15608.914134756304,111.12112400236936,-111.12112400236936,3633037.2027999996,30554.43033951273,-30554.43033951273,2341.2894342524646,2358.0754905419312,2324.6228701874343,44.333750007446646,45.02696005193936,43.65121223941299,28.124604956000002,0.1174116359422012,-0.1174116359422012,1.721517,0.0008981480946925811,-0.0008981480946925811,21.601200314,0.10440772178290054,-0.10440772178290054,1.723482,0.0008895897931069348,-0.0008895897931069348,6.5234046408,0.018666807955939956,-0.018666807955939956,28.091805376000003,0.11764199740940601,-0.11764199740940601,0.0,0.0,0.0,0.07347633472067006,0.0,0.07347633472016242,,0.09812830674212913,0.025845796428054523,0.14264368173359734,0.026106479628234414,0.0,0.09857219858892421,
013_190℃_040_1.0mm.csv,1.0,40,1.481435,0.300156783,1.526035,0.30004496,0.0446,3.906994936,28.12222916,1.7217,21.61780981,1.72367,6.504419351,28.08931728,190,0.04459999999999997,3606949.976,392.37668161435,40.0,15695.067264574,43.77414120533331,2354.2600896861,0.044848,0.00032151205265123546,-0.00032151205265123546,390.22285336890764,2.778028100059228,-2.778028100059228,15608.914134756304,111.12112400236936,-111.12112400236936,3633037.2027999996,30554.43033951273,-30554.43033951273,2341.2894342524646,2358.0754905419312,2324.6228701874343,44.333750007446646,45.02696005193936,43.65121223941299,28.124604956000002,0.1174116359422012,-0.1174116359422012,1.721517,0.0008981480946925811,-0.0008981480946925811,21.601200314,0.10440772178290054,-0.10440772178290054,1.723482,0.0008895897931069348,-0.0008895897931069348,6.5234046408,0.018666807955939956,-0.018666807955939956,28.091805376000003,0.11764199740940601,-0.11764199740940601,-0.4908522980809631,0.4932735426006326,0.4932735426006326,-0.6510056123760763,0.4932735426006326,-1.1386624344485343,,-0.17473017692063655,-0.0029040220705609686,-0.10402230376940949,-0.002320575966957319,-0.35982247551913155,-0.17540666385314743,
014_190℃_040_1.0mm.csv,1.0,40,1.481425,0.300117268,1.526245,0.300011165,0.04482,3.930596455,28.17145319,1.72175,21.64032057,1.72371,6.531132622,28.13867439,190,0.04482000000000008,3630585.29,390.45069165551024,40.0,15618.027666220409,44.27832182253069,2342.704149933061,0.044848,0.00032151205265123546,-0.00032151205265123546,390.22285336890764,2.778028100059228,-2.778028100059228,15608.914134756304,111.12112400236936,-111.12112400236936,3633037.2027999996,30554.43033951273,-30554.43033951273,2341.2894342524646,2358.0754905419312,2324.6228701874343,44.333750007446646,45.02696005193936,43.65121223941299,28.124604956000002,0.1174116359422012,-0.1174116359422012,1.721517,0.0008981480946925811,-0.0008981480946925811,21.601200314,0.10440772178290054,-0.10440772178290054,1.723482,0.0008895897931069348,-0.0008895897931069348,6.5234046408,0.018666807955939956,-0.018666807955939956,28.091805376000003,0.11764199740940601,-0.11764199740940601,4.954141118363053e-13,-4.949859950491876e-13,-5.008093596968252e-13,0.0,-5.046916027952501e-13,0.0,,0.0,0.0,0.0,0.0,0.04939392352659887,0.0,
015_190℃_040_1.0mm.csv,1.0,40,1.481385,0.30006945,1.526775,0.30008394,0.04539,3.98365993,28.20710164,1.72199,21.65874994,1.72394,6.548351702,28.17463322,190,0.04539000000000004,3683575.99,385.5474774179331,40.0,15421.899096717325,45.495922227510256,2313.2848645075987,0.044848,0.00032151205265123546,-0.00032151205265123546,390.22285336890764,2.778028100059228,-2.778028100059228,15608.914134756304,111.12112400236936,-111.12112400236936,3633037.2027999996,30554.43033951273,-30554.43033951273,2341.2894342524646,2358.0754905419312,2324.6228701874343,44.333750007446646,45.02696005193936,43.65121223941299,28.124604956000002,0.1174116359422012,-0.1174116359422012,1.721517,0.0008981480946925811,-0.0008981480946925811,21.601200314,0.10440772178290054,-0.10440772178290054,1.723482,0.0008895897931069348,-0.0008895897931069348,6.5234046408,0.018666807955939956,-0.018666807955939956,28.091805376000003,0.11764199740940601,-0.11764199740940601,1.2717536813926444,-1.2557832121616703,-1.2557832121616703,1.459563562546142,-1.2557832121616703,2.7498792972772446,,0.12654104053337994,0.01393930593872618,0.08516218574667712,0.013343311809988483,0.313170303157534,0.12779148548938446,
016_190℃_080_1.0mm.csv,1.0,80,1.48773,0.300231641,1.509805,0.300015938,0.022075,3.273168684,24.94010296,1.60279,19.09456697,1.60495,5.84553599,24.88578381,190,0.022075000000000067,2973152.746,792.7519818799523,40.0,31710.07927519809,17.859142004884408,4756.511891279713,0.02227100000000006,0.00016573321936173702,-0.00016573321936173702,785.8100349569876,5.847495017539746,-5.847495017539746,31432.401398279508,233.89980070158944,-233.89980070158944,3005716.0658,28985.581058486147,-28985.581058486147,4714.755775275215,4749.971778638895,4679.800861229683,18.213967763544836,18.527302573167503,17.90593209029313,25.193120994,0.205720399511604,-0.205720399511604,1.603754,0.0007394034757830228,-0.0007394034757830228,19.317940634000003,0.18418521657713244,-0.18418521657713244,1.6059,0.0007247154614054306,-0.0007247154614054306,5.8751803602,0.02289510820721193,-0.02289510820721193,25.139259134,0.2062044069320366,-0.2062044069320366,-1.0976702508962788,1.1098527746321551,1.1098527746321551,-1.314918915243938,1.1098527746321358,-2.4855342459268464,,-1.330326032291974,-0.08228862110453697,-1.5943517997773742,-0.0809338521400689,-0.45792029233433046,-1.3362896138833231,
017_190℃_080_1.0mm.csv,1.0,80,1.48772,0.300104638,1.51004,0.30011069,0.02232,3.316862041,25.00725442,1.60314,19.14512073,1.605305,5.862133693,24.95273286,190,0.022320000000000118,3016751.351,784.0501792114654,40.0,31362.00716845862,18.32214698076744,4704.301075268793,0.02227100000000006,0.00016573321936173702,-0.00016573321936173702,785.8100349569876,5.847495017539746,-5.847495017539746,31432.401398279508,233.89980070158944,-233.89980070158944,3005716.0658,28985.581058486147,-28985.581058486147,4714.755775275215,4749.971778638895,4679.800861229683,18.213967763544836,18.527302573167503,17.90593209029313,25.193120994,0.205720399511604,-0.205720399511604,1.603754,0.0007394034757830228,-0.0007394034757830228,19.317940634000003,0.18418521657713244,-0.18418521657713244,1.6059,0.0007247154614054306,-0.0007247154614054306,5.8751803602,0.02289510820721193,-0.02289510820721193,25.139259134,0.2062044069320366,-0.2062044069320366,0.0,0.0,0.0,0.1322088434612817,0.0,0.042564968042280917,,-1.0646570141936063,-0.06046966853893533,-1.3338182391276636,-0.05883268482490109,-0.17528241655758522,-1.070859289073883,
018_190℃_080_1.0mm.csv,1.0,80,1.48773,0.300006395,1.509865,0.300039716,0.022135,3.281181783,25.27636097,1.60411,19.40393394,1.60625,5.872427025,25.22283392,190,0.022135000000000016,2981142.067,790.6031172351474,40.0,31624.124689405893,17.955803987223142,4743.618703410883,0.02227100000000006,0.00016573321936173702,-0.00016573321936173702,785.8100349569876,5.847495017539746,-5.847495017539746,31432.401398279508,233.89980070158944,-233.89980070158944,3005716.0658,28985.581058486147,-28985.581058486147,4714.755775275215,4749.971778638895,4679.800861229683,18.213967763544836,18.527302573167503,17.90593209029313,25.193120994,0.205720399511604,-0.205720399511604,1.603754,0.0007394034757830228,-0.0007394034757830228,19.317940634000003,0.18418521657713244,-0.18418521657713244,1.6059,0.0007247154614054306,-0.0007247154614054306,5.8751803602,0.02289510820721193,-0.02289510820721193,25.139259134,0.2062044069320366,-0.2062044069320366,-0.8288530465954337,0.8357804382204638,0.835780438220458,-1.0497368482418734,0.8357804382204348,-1.9577406059012874,,0.0,0.0,0.0,0.0,0.0,0.0,
019_190℃_080_1.0mm.csv,1.0,80,1.487685,0.300008886,1.51017,0.300169364,0.022485,3.344935324,25.38750496,1.604425,19.48765776,1.60656,5.8998472,25.33381968,190,0.022485000000000088,3044765.9600000004,778.296642205912,40.0,31131.86568823648,18.62899662873477,4669.779853235472,0.02227100000000006,0.00016573321936173702,-0.00016573321936173702,785.8100349569876,5.847495017539746,-5.847495017539746,31432.401398279508,233.89980070158944,-233.89980070158944,3005716.0658,28985.581058486147,-28985.581058486147,4714.755775275215,4749.971778638895,4679.800861229683,18.213967763544836,18.527302573167503,17.90593209029313,25.193120994,0.205720399511604,-0.205720399511604,1.603754,0.0007394034757830228,-0.0007394034757830228,19.317940634000003,0.18418521657713244,-0.18418521657713244,1.6059,0.0007247154614054306,-0.0007247154614054306,5.8751803602,0.02289510820721193,-0.02289510820721193,25.139259134,0.2062044069320366,-0.2062044069320366,0.739247311827822,-0.7338225483654465,-0.7338225483654465,1.0620715840965387,-0.7338225483654658,1.718025047825299,,0.4397151557216514,0.019637057309041476,0.4314785870684089,0.019299610894943656,0.46693087684643647,0.4400209760410694,
020_190℃_080_1.0mm.csv,1.0,80,1.487675,0.30003306,1.510015,0.300107057,0.02234,3.312875262,25.35438166,1.604305,19.45842377,1.606435,5.895957893,25.3011254,190,0.022340000000000027,3012768.205,783.3482542524611,40.0,31333.930170098443,18.314351482911587,4700.089525514767,0.02227100000000006,0.00016573321936173702,-0.00016573321936173702,785.8100349569876,5.847495017539746,-5.847495017539746,31432.401398279508,233.89980070158944,-233.89980070158944,3005716.0658,28985.581058486147,-28985.581058486147,4714.755775275215,4749.971778638895,4679.800861229683,18.213967763544836,18.527302573167503,17.90593209029313,25.193120994,0.205720399511604,-0.205720399511604,1.603754,0.0007394034757830228,-0.0007394034757830228,19.317940634000003,0.18418521657713244,-0.18418521657713244,1.6059,0.0007247154614054306,-0.0007247154614054306,5.8751803602,0.02289510820721193,-0.02289510820721193,25.139259134,0.2062044069320366,-0.2062044069320366,0.08960573476661682,-0.08952551477130104,-0.08952551477130104,0.0,-0.08952551477130102,0.0,,0.3086705799644325,0.012156273572271682,0.28081846788640347,0.011517509727632793,0.4007009010043837,0.31039922099285167,
021_190℃_120_1.0mm.csv,1.0,120,1.489645,0.30013079,1.504635,0.300081601,0.01499,2.517351118,23.08797553,1.57144,17.63766909,1.573905,5.450306435,23.01885302,190,0.014989999999999837,2217269.517,1167.4449633088852,40.0,46697.79853235541,9.044046274783577,7004.669779853311,0.015147999999999894,0.0001424166422859507,-0.0001424166422859507,1155.3499217542048,10.889019313653842,-10.889019313653842,46213.996870168194,435.56077254615343,-435.56077254615343,2276837.0544,37594.12329202518,-37594.12329202518,6931.85362570826,6997.414401975469,6866.907107099356,9.38354107493616,9.625698529974756,9.147475669513303,23.317019482,0.15127690293597537,-0.15127690293597537,1.571957,0.0003453729867839234,-0.0003453729867839234,17.843607058,0.1368175885854687,-0.1368175885854687,1.574394,0.000332103146627662,-0.000332103146627662,5.473412420200001,0.016438246617937188,-0.016438246617937188,23.249048514000002,0.1517916157696462,-0.1517916157696462,-1.5435139573069818,1.5677118078718282,1.567711807871824,-3.3698199246147533,1.5677118078718215,-4.861320241049169,,-1.0606712248473986,-0.03466954201217045,-1.2585975505234694,-0.03239298406073293,-0.49729786348098526,-1.070081124718988,
022_190℃_120_1.0mm.csv,1.0,120,1.48971,0.300048712,1.504935,0.300259238,0.015225,2.594852413,23.3039676,1.571935,17.82642144,1.57437,5.477546155,23.23620424,190,0.015224999999999822,2294593.1750000003,1149.4252873563353,40.0,45977.01149425341,9.50617172499989,6896.551724138012,0.015147999999999894,0.0001424166422859507,-0.0001424166422859507,1155.3499217542048,10.889019313653842,-10.889019313653842,46213.996870168194,435.56077254615343,-435.56077254615343,2276837.0544,37594.12329202518,-37594.12329202518,6931.85362570826,6997.414401975469,6866.907107099356,9.38354107493616,9.625698529974756,9.147475669513303,23.317019482,0.15127690293597537,-0.15127690293597537,1.571957,0.0003453729867839234,-0.0003453729867839234,17.843607058,0.1368175885854687,-0.1368175885854687,1.574394,0.000332103146627662,-0.000332103146627662,5.473412420200001,0.016438246617937188,-0.016438246617937188,23.249048514000002,0.1517916157696462,-0.1517916157696462,0.0,0.0,0.0,0.0,0.0,0.0,,-0.13507641040436555,-0.003180691927714544,-0.20190056525110334,-0.0028582044759387277,0.0,-0.1359538446429315,
023_190℃_120_1.0mm.csv,1.0,120,1.489805,0.300259117,1.504805,0.30029931,0.015,2.563665566,23.33548834,1.571985,17.87171575,1.574415,5.463772584,23.26783776,190,0.014999999999999902,2263366.2560000005,1166.6666666666742,40.0,46666.66666666697,9.238229616326473,7000.0000000000455,0.015147999999999894,0.0001424166422859507,-0.0001424166422859507,1155.3499217542048,10.889019313653842,-10.889019313653842,46213.996870168194,435.56077254615343,-435.56077254615343,2276837.0544,37594.12329202518,-37594.12329202518,6931.85362570826,6997.414401975469,6866.907107099356,9.38354107493616,9.625698529974756,9.147475669513303,23.317019482,0.15127690293597537,-0.15127690293597537,1.571957,0.0003453729867839234,-0.0003453729867839234,17.843607058,0.1368175885854687,-0.1368175885854687,1.574394,0.000332103146627662,-0.000332103146627662,5.473412420200001,0.016438246617937188,-0.016438246617937188,23.249048514000002,0.1517916157696462,-0.1517916157696462,-1.4778325123147609,1.4999999999994729,1.4999999999994689,-1.3608913048388092,1.4999999999994662,-2.8186121229933887,,0.0,0.0,0.05167169929018973,0.0,-0.251455133562444,0.0,
024_190℃_120_1.0mm.csv,1.0,120,1.489715,0.300139024,1.504945,0.30001982,0.01523,2.598166433,23.51117892,1.57241,18.01974311,1.57484,5.491435808,23.44336457,190,0.015230000000000077,2298146.613,1149.0479317137172,40.0,45961.917268548685,9.524019841085762,6894.2875902823025,0.015147999999999894,0.0001424166422859507,-0.0001424166422859507,1155.3499217542048,10.889019313653842,-10.889019313653842,46213.996870168194,435.56077254615343,-435.56077254615343,2276837.0544,37594.12329202518,-37594.12329202518,6931.85362570826,6997.414401975469,6866.907107099356,9.38354107493616,9.625698529974756,9.147475669513303,23.317019482,0.15127690293597537,-0.15127690293597537,1.571957,0.0003453729867839234,-0.0003453729867839234,17.843607058,0.1368175885854687,-0.1368175885854687,1.574394,0.000332103146627662,-0.000332103146627662,5.473412420200001,0.016438246617937188,-0.016438246617937188,23.249048514000002,0.1517916157696462,-0.1517916157696462,0.03284072249756886,-0.032829940907775454,-0.032829940907783364,0.15486135140272156,-0.03282994090778864,0.18775293148696554,,0.7528900935783789,0.027035881385644247,0.8803769580582339,0.026994153383962917,0.2535743671885236,0.7543752531305294,
025_190℃_120_1.0mm.csv,1.0,120,1.489705,0.300202266,1.505,0.300305947,0.015295,2.611115658,23.34648702,1.572015,17.8624859,1.57444,5.484001119,23.27898298,190,0.015294999999999837,2310809.711,1144.1647597254128,40.0,45766.59038901651,9.617369940066563,6864.9885583524765,0.015147999999999894,0.0001424166422859507,-0.0001424166422859507,1155.3499217542048,10.889019313653842,-10.889019313653842,46213.996870168194,435.56077254615343,-435.56077254615343,2276837.0544,37594.12329202518,-37594.12329202518,6931.85362570826,6997.414401975469,6866.907107099356,9.38354107493616,9.625698529974756,9.147475669513303,23.317019482,0.15127690293597537,-0.15127690293597537,1.571957,0.0003453729867839234,-0.0003453729867839234,17.843607058,0.1368175885854687,-0.1368175885854687,1.574394,0.000332103146627662,-0.000332103146627662,5.473412420200001,0.016438246617937188,-0.016438246617937188,23.249048514000002,0.1517916157696462,-0.1517916157696462,0.4597701149426293,-0.4576659038902543,-0.4576659038902662,0.7067281545452974,-0.4576659038902609,1.1697475943364046,,0.0471328469314568,0.0019084151566315514,0.0,0.0015878913755371857,0.1178440823197491,0.04789968073079564,
026_190℃_160_1.0mm.csv,1.0,160,1.490725,0.300226298,1.502235,0.300261206,0.01151,2.025635582,22.92653312,1.563525,17.67708064,1.56592,5.249452479,22.86470803,190,0.01150999999999991,1725374.376,1520.417028670733,40.0,60816.68114682932,5.4038255966693445,9122.502172024399,0.01163599999999998,0.00013107249902245347,-0.00013107249902245347,1504.1057574045212,16.924280609721077,-16.924280609721077,60164.23029618085,676.9712243888438,-676.9712243888438,1753376.269,35953.34142173665,-35953.34142173665,9024.17717338636,9126.349099207015,8923.149089677421,5.550424723210206,5.728260949368757,5.3781094961146945,23.137230136,0.15551008314911735,-0.15551008314911735,1.5639150000000002,0.0002770153425352699,-0.0002770153425352699,17.869415242,0.14024703068399477,-0.14024703068399477,1.5662800000000001,0.00026270230299716704,-0.00026270230299716704,5.2678148938,0.015747746050367373,-0.015747746050367373,23.076484446000002,0.15599521552291262,-0.15599521552291262,-1.3710368466166158,1.3900955690717793,1.3900955690717824,-1.9657629757437134,1.3900955690717742,-3.3098484876457417,,-1.002122375152465,-0.027174781802480747,-1.213300454476997,-0.02553756575922902,-0.28431102674950587,-1.0085476229726986,
027_190℃_160_1.0mm.csv,1.0,160,1.490705,0.300274135,1.502375,0.3001712,0.01167,2.060142439,23.03857689,1.563765,17.7808007,1.56612,5.257776189,22.97826101,190,0.01167000000000007,1759971.2389999998,1499.5715509854238,40.0,59982.86203941695,5.588806628334726,8997.429305912543,0.01163599999999998,0.00013107249902245347,-0.00013107249902245347,1504.1057574045212,16.924280609721077,-16.924280609721077,60164.23029618085,676.9712243888438,-676.9712243888438,1753376.269,35953.34142173665,-35953.34142173665,9024.17717338636,9126.349099207015,8923.149089677421,5.550424723210206,5.728260949368757,5.3781094961146945,23.137230136,0.15551008314911735,-0.15551008314911735,1.5639150000000002,0.0002770153425352699,-0.0002770153425352699,17.869415242,0.14024703068399477,-0.14024703068399477,1.5662800000000001,0.00026270230299716704,-0.00026270230299716704,5.2678148938,0.015747746050367373,-0.015747746050367373,23.076484446000002,0.15599521552291262,-0.15599521552291262,0.0,0.0,0.0,0.0,0.0,0.0,,-0.5183119633021591,-0.011829022666957364,-0.633670672120374,-0.01276878287961451,-0.1261984462882297,-0.5169264574108621,
028_190℃_160_1.0mm.csv,1.0,160,1.49067,0.300213246,1.50217,0.300105696,0.0115,2.008099111,23.15861074,1.56395,17.89419094,1.56632,5.264419805,23.09765892,190,0.011500000000000066,1707993.415,1521.7391304347739,40.0,60869.565217390955,5.3447412986394855,9130.434782608643,0.01163599999999998,0.00013107249902245347,-0.00013107249902245347,1504.1057574045212,16.924280609721077,-16.924280609721077,60164.23029618085,676.9712243888438,-676.9712243888438,1753376.269,35953.34142173665,-35953.34142173665,9024.17717338636,9126.349099207015,8923.149089677421,5.550424723210206,5.728260949368757,5.3781094961146945,23.137230136,0.15551008314911735,-0.15551008314911735,1.5639150000000002,0.0002770153425352699,-0.0002770153425352699,17.869415242,0.14024703068399477,-0.14024703068399477,1.5662800000000001,0.00026270230299716704,-0.00026270230299716704,5.2678148938,0.015747746050367373,-0.015747746050367373,23.076484446000002,0.15599521552291262,-0.15599521552291262,-1.4567266495287274,1.4782608695652422,1.4782608695652453,-2.953333716381248,1.478260869565237,-4.367038366613948,,0.0,0.0,0.0,0.0,0.0,0.0,
029_190℃_160_1.0mm.csv,1.0,160,1.490685,0.300087445,1.502495,0.300007991,0.01181,2.091923602,23.29975487,1.56421,18.01174152,1.566565,5.288013352,23.23937046,190,0.011809999999999876,1791915.611,1481.7950889077208,40.0,59271.803556308834,5.758509759431232,8890.770533446324,0.01163599999999998,0.00013107249902245347,-0.00013107249902245347,1504.1057574045212,16.924280609721077,-16.924280609721077,60164.23029618085,676.9712243888438,-676.9712243888438,1753376.269,35953.34142173665,-35953.34142173665,9024.17717338636,9126.349099207015,8923.149089677421,5.550424723210206,5.728260949368757,5.3781094961146945,23.137230136,0.15551008314911735,-0.15551008314911735,1.5639150000000002,0.0002770153425352699,-0.0002770153425352699,17.869415242,0.14024703068399477,-0.14024703068399477,1.5662800000000001,0.00026270230299716704,-0.00026270230299716704,5.2678148938,0.015747746050367373,-0.015747746050367373,23.076484446000002,0.15599521552291262,-0.15599521552291262,1.1996572407866848,-1.1854360711245406,-1.1854360711245344,1.815050796974996,-1.1854360711245506,3.0364824260715406,,0.6094671722091421,0.016624572396825285,0.656920340205108,0.015641759027532735,0.4481699384534538,0.6135320488142324,
030_190℃_160_1.0mm.csv,1.0,160,1.49076,0.300306953,1.50245,0.300227327,0.01169,2.081854031,23.26267506,1.564125,17.98326241,1.566475,5.279412644,23.20242381,190,0.011689999999999978,1781626.7040000001,1497.0059880239548,40.0,59880.239520958195,5.667269706057133,8982.03592814373,0.01163599999999998,0.00013107249902245347,-0.00013107249902245347,1504.1057574045212,16.924280609721077,-16.924280609721077,60164.23029618085,676.9712243888438,-676.9712243888438,1753376.269,35953.34142173665,-35953.34142173665,9024.17717338636,9126.349099207015,8923.149089677421,5.550424723210206,5.728260949368757,5.3781094961146945,23.137230136,0.15551008314911735,-0.15551008314911735,1.5639150000000002,0.0002770153425352699,-0.0002770153425352699,17.869415242,0.14024703068399477,-0.14024703068399477,1.5662800000000001,0.00026270230299716704,-0.00026270230299716704,5.2678148938,0.015747746050367373,-0.015747746050367373,23.076484446000002,0.15599521552291262,-0.15599521552291262,0.17137960582612563,-0.171086398630528,-0.17108639863052194,1.2304442550041195,-0.1710863986305179,1.4039325913443848,,0.4493547612519658,0.011189616036320614,0.49776751739521125,0.00989580673171046,0.28479565755299013,0.45357362996335404,
031_190℃_200_1.0mm.csv,1.0,200,1.49134,0.300278395,1.500895,0.300036933,0.009555,1.715319101,23.028947,1.5612,17.84796817,1.563455,5.180978829,22.9729472,190,0.00955499999999998,1415282.168,1831.5018315018353,40.0,73260.07326007342,3.679733636799992,10989.010989011012,0.009583999999999992,0.0003075995773729299,-0.0003075995773729299,1827.4588353709976,58.39360718473655,-58.39360718473655,73098.3534148399,2335.744287389463,-2335.744287389463,1421533.7375999999,65172.98385292443,-65172.98385292443,10960.262014869804,11316.976236977707,10614.791523736461,3.7025857204984463,4.001036486787637,3.4263974005010467,23.231222154,0.11607870678042934,-0.11607870678042934,1.5615089999999998,0.00018575521527000558,-0.00018575521527000558,18.036901821999997,0.10950983751666277,-0.10950983751666277,1.5637409999999998,0.000171733805641157,-0.000171733805641157,5.1943203324,0.017246328594402685,-0.017246328594402685,23.176114574000003,0.1166190804940199,-0.1166190804940199,0.0,0.0,0.0,0.0,0.0,0.0,,-1.069074213357931,-0.024974545175117185,-1.186205906579259,-0.023340282129653587,-0.11280651381283353,-1.0787763375774313,
032_190℃_200_1.0mm.csv,1.0,200,1.49132,0.300138738,1.5007,0.300312053,0.00938,1.666024768,23.31655748,1.56167,18.12972757,1.56389,5.186829911,23.2620584,190,0.009379999999999944,1365712.7149999999,1865.671641791056,40.0,74626.86567164224,3.4858191201904547,11194.029850746336,0.009583999999999992,0.0003075995773729299,-0.0003075995773729299,1827.4588353709976,58.39360718473655,-58.39360718473655,73098.3534148399,2335.744287389463,-2335.744287389463,1421533.7375999999,65172.98385292443,-65172.98385292443,10960.262014869804,11316.976236977707,10614.791523736461,3.7025857204984463,4.001036486787637,3.4263974005010467,23.231222154,0.11607870678042934,-0.11607870678042934,1.5615089999999998,0.00018575521527000558,-0.00018575521527000558,18.036901821999997,0.10950983751666277,-0.10950983751666277,1.5637409999999998,0.000171733805641157,-0.000171733805641157,5.1943203324,0.017246328594402685,-0.017246328594402685,23.176114574000003,0.1166190804940199,-0.1166190804940199,-1.8315018315022147,1.865671641791438,1.865671641791438,-3.50244312553228,1.865671641791438,-5.269797647043041,,0.1664825427690707,0.005122983625654491,0.37373162077938754,0.004476218490620052,0.0,0.16613287801121768,
033_190℃_200_1.0mm.csv,1.0,200,1.49127,0.300158892,1.501265,0.300094206,0.009995,1.808375905,23.277804,1.561605,18.05631788,1.56382,5.22148612,23.22347657,190,0.009994999999999976,1508281.6989999998,1750.8754377188636,40.0,70035.01750875455,4.102115804491146,10505.252626313182,0.009583999999999992,0.0003075995773729299,-0.0003075995773729299,1827.4588353709976,58.39360718473655,-58.39360718473655,73098.3534148399,2335.744287389463,-2335.744287389463,1421533.7375999999,65172.98385292443,-65172.98385292443,10960.262014869804,11316.976236977707,10614.791523736461,3.7025857204984463,4.001036486787637,3.4263974005010467,23.231222154,0.11607870678042934,-0.11607870678042934,1.5615089999999998,0.00018575521527000558,-0.00018575521527000558,18.036901821999997,0.10950983751666277,-0.10950983751666277,1.5637409999999998,0.000171733805641157,-0.000171733805641157,5.1943203324,0.017246328594402685,-0.017246328594402685,23.176114574000003,0.1166190804940199,-0.1166190804940199,4.604918890633144,-4.402201100550247,-4.402201100550246,6.57109466244612,-4.402201100550247,11.478607132511646,,0.0,0.000960559429803996,-0.03269503367388963,0.0,0.6681578072668662,0.0,
034_190℃_200_1.0mm.csv,1.0,200,1.49132,0.300266561,1.50109,0.300120176,0.00977,1.76411293,23.28936544,1.56159,18.08827216,1.563825,5.201093279,23.23399355,190,0.009770000000000056,1463992.754,1791.1975435005015,40.0,71647.90174002005,3.892029716076213,10747.185261003007,0.009583999999999992,0.0003075995773729299,-0.0003075995773729299,1827.4588353709976,58.39360718473655,-58.39360718473655,73098.3534148399,2335.744287389463,-2335.744287389463,1421533.7375999999,65172.98385292443,-65172.98385292443,10960.262014869804,11316.976236977707,10614.791523736461,3.7025857204984463,4.001036486787637,3.4263974005010467,23.231222154,0.11607870678042934,-0.11607870678042934,1.5615089999999998,0.00018575521527000558,-0.00018575521527000558,18.036901821999997,0.10950983751666277,-0.10950983751666277,1.5637409999999998,0.000171733805641157,-0.000171733805641157,5.1943203324,0.017246328594402685,-0.017246328594402685,23.176114574000003,0.1166190804940199,-0.1166190804940199,2.2501308215601954,-2.2006141248728217,-2.200614124872839,3.441757912405202,-2.200614124872842,5.769332789555933,,0.0496672280598344,0.0,0.1442171848065649,0.00031972989218917496,0.2749920133249564,0.04528598450064881,
035_190℃_200_1.0mm.csv,1.0,200,1.49143,0.30029108,1.50065,0.30012353,0.00922,1.654522882,23.24343685,1.56148,18.06222333,1.563715,5.181213523,23.18809715,190,0.009220000000000006,1354399.352,1898.047722342732,40.0,75921.90889370927,3.39797606134422,11388.28633405639,0.009583999999999992,0.0003075995773729299,-0.0003075995773729299,1827.4588353709976,58.39360718473655,-58.39360718473655,73098.3534148399,2335.744287389463,-2335.744287389463,1421533.7375999999,65172.98385292443,-65172.98385292443,10960.262014869804,11316.976236977707,10614.791523736461,3.7025857204984463,4.001036486787637,3.4263974005010467,23.231222154,0.11607870678042934,-0.11607870678042934,1.5615089999999998,0.00018575521527000558,-0.00018575521527000558,18.036901821999997,0.10950983751666277,-0.10950983751666277,1.5637409999999998,0.000171733805641157,-0.000171733805641157,5.1943203324,0.017246328594402685,-0.017246328594402685,23.176114574000003,0.1166190804940199,-0.1166190804940199,-3.506017791731815,3.6334056399129477,3.6334056399129353,-4.301814675305095,3.6334056399129353,-7.657010079153369,,-0.14763914156164107,-0.007044102485290921,0.0,-0.006714327735930077,-0.10828170763974704,-0.15234334055608698,
036_190℃_240_1.0mm.csv,1.0,240,1.491565,0.300163193,1.500195,0.300071117,0.00863,1.546990376,22.98905522,1.56001,17.84024586,1.5622,5.148809363,22.93433957,190,0.008629999999999916,1246919.2589999998,2027.8099652375633,40.0,81112.39860950253,2.9281396476652772,12166.85979142538,0.008775999999999983,0.00012939281278343475,-0.00012939281278343475,1994.4201291020552,29.283442540624716,-29.283442540624716,79776.80516408221,1171.3377016249913,-1171.3377016249913,1289685.598,37964.06744857057,-37964.06744857057,11965.486028302676,12142.842389963387,11790.720104532153,3.078468536022231,3.2151636012279448,2.9475851629010066,23.257031922,0.16769322601756226,-0.16769322601756226,1.560378,0.0002268700068321804,-0.0002268700068321804,18.08373469,0.15250884324610456,-0.15250884324610456,1.562543,0.0002105528437233931,-0.0002105528437233931,5.1732972316,0.016653421466870048,-0.016653421466870048,23.20348396,0.16846317088726115,-0.16846317088726115,-1.5963511972637388,1.6222479721903924,1.622247972190383,-3.920956192477686,1.622247972190392,-6.150294503801201,,-1.1245061528464775,-0.02435288613744301,-1.3332805466284867,-0.022719200284142524,-0.5020432290893955,-1.1321662901716365,
037_190℃_240_1.0mm.csv,1.0,240,1.49157,0.300211804,1.500405,0.300147765,0.008835,1.597953415,23.24740751,1.56036,18.07261847,1.56253,5.174789041,23.19357874,190,0.008834999999999926,1297805.6500000001,1980.7583474816238,40.0,79230.33389926495,3.1200307259183417,11884.550084889743,0.008775999999999983,0.00012939281278343475,-0.00012939281278343475,1994.4201291020552,29.283442540624716,-29.283442540624716,79776.80516408221,1171.3377016249913,-1171.3377016249913,1289685.598,37964.06744857057,-37964.06744857057,11965.486028302676,12142.842389963387,11790.720104532153,3.078468536022231,3.2151636012279448,2.9475851629010066,23.257031922,0.16769322601756226,-0.16769322601756226,1.560378,0.0002268700068321804,-0.0002268700068321804,18.08373469,0.15250884324610456,-0.15250884324610456,1.562543,0.0002105528437233931,-0.0002105528437233931,5.1732972316,0.016653421466870048,-0.016653421466870048,23.20348396,0.16846317088726115,-0.16846317088726115,0.7411630558720883,-0.7357102433501069,-0.7357102433501137,0.0,-0.7357102433501107,0.0,,-0.01333781574711592,-0.0019225962740067864,-0.048127679373237454,-0.0015999436819786655,0.0,-0.014610012939189388,
038_190℃_240_1.0mm.csv,1.0,240,1.491695,0.300249034,1.500465,0.300174261,0.00877,1.613436169,23.40842244,1.56057,18.22942214,1.562725,5.179000298,23.35538234,190,0.008769999999999945,1313261.908,1995.43899657926,40.0,79817.5598631704,3.133961070247599,11972.63397947556,0.008775999999999983,0.00012939281278343475,-0.00012939281278343475,1994.4201291020552,29.283442540624716,-29.283442540624716,79776.80516408221,1171.3377016249913,-1171.3377016249913,1289685.598,37964.06744857057,-37964.06744857057,11965.486028302676,12142.842389963387,11790.720104532153,3.078468536022231,3.2151636012279448,2.9475851629010066,23.257031922,0.16769322601756226,-0.16769322601756226,1.560378,0.0002268700068321804,-0.0002268700068321804,18.08373469,0.15250884324610456,-0.15250884324610456,1.562543,0.0002105528437233931,-0.0002105528437233931,5.1732972316,0.016653421466870048,-0.016653421466870048,23.20348396,0.16846317088726115,-0.16846317088726115,0.0,0.0,0.0,1.19095320628323,0.0,0.44648099820097464,,0.679184367881572,0.011535577644054948,0.8190859139011581,0.010879617037480504,0.08138026432833845,0.6829104615277142,
039_190℃_240_1.0mm.csv,1.0,240,1.491595,0.300043595,1.500555,0.300277105,0.00896,1.635828028,23.38976582,1.56056,18.19506639,1.562705,5.194699429,23.33715133,190,0.008960000000000079,1335550.923,1953.1249999999827,40.0,78124.9999999993,3.2562003456000292,11718.749999999894,0.008775999999999983,0.00012939281278343475,-0.00012939281278343475,1994.4201291020552,29.283442540624716,-29.283442540624716,79776.80516408221,1171.3377016249913,-1171.3377016249913,1289685.598,37964.06744857057,-37964.06744857057,11965.486028302676,12142.842389963387,11790.720104532153,3.078468536022231,3.2151636012279448,2.9475851629010066,23.257031922,0.16769322601756226,-0.16769322601756226,1.560378,0.0002268700068321804,-0.0002268700068321804,18.08373469,0.15250884324610456,-0.15250884324610456,1.562543,0.0002105528437233931,-0.0002105528437233931,5.1732972316,0.016653421466870048,-0.016653421466870048,23.20348396,0.16846317088726115,-0.16846317088726115,2.166476624859016,-2.1205357142871963,-2.1205357142872123,2.9083917919451046,-2.1205357142872154,4.364367906716934,,0.5989425963792073,0.010894712219381274,0.629079051133622,0.009599662091900414,0.3847574817494779,0.6043182500737717,
040_190℃_240_1.0mm.csv,1.0,240,1.491545,0.300179446,1.50023,0.300195636,0.008685,1.555085886,23.25050862,1.56039,18.08132059,1.562555,5.169188027,23.19696782,190,0.008685000000000054,1254890.25,2014.9683362118471,40.0,80598.73344847388,2.965638590816345,12089.810017271082,0.008775999999999983,0.00012939281278343475,-0.00012939281278343475,1994.4201291020552,29.283442540624716,-29.283442540624716,79776.80516408221,1171.3377016249913,-1171.3377016249913,1289685.598,37964.06744857057,-37964.06744857057,11965.486028302676,12142.842389963387,11790.720104532153,3.078468536022231,3.2151636012279448,2.9475851629010066,23.257031922,0.16769322601756226,-0.16769322601756226,1.560378,0.0002268700068321804,-0.0002268700068321804,18.08373469,0.15250884324610456,-0.15250884324610456,1.562543,0.0002105528437233931,-0.0002105528437233931,5.1732972316,0.016653421466870048,-0.016653421466870048,23.20348396,0.16846317088726115,-0.16846317088726115,-0.9692132269086803,0.9786989061587901,0.9786989061587784,-3.3067663097321343,0.9786989061587786,-4.948417136390649,,0.0,0.0,0.0,0.0,-0.10823656685564742,0.0,
001_190℃_280_1.0mm.csv,1.0,280,1.491655,0.300332854,1.500305,0.300070939,0.00865,1.574515781,23.10590892,1.559495,17.94199317,1.56167,5.16391575,23.05094211,190,0.008650000000000047,1274444.842,2023.121387283226,40.0,80924.85549132904,2.999713709741513,12138.728323699357,0.00864333333333341,7.522189397591257e-05,-7.522189397591257e-05,2024.7841939211266,17.64233734161842,-17.64233734161842,80991.36775684507,705.693493664736,-705.693493664736,1273698.9153333332,29397.929379712943,-29397.929379712943,12148.397963782514,12254.649639229505,12043.067523855727,2.995039395536003,3.091798291996698,2.901308602192036,23.242445083333337,0.13762183725174568,-0.13762183725174568,1.5596633333333332,0.00016064972248119636,-0.00016064972248119636,18.062695373333334,0.11953865466137469,-0.11953865466137469,1.5618283333333334,0.0001486887128645985,-0.0001486887128645985,5.179749709,0.01850471713091389,-0.01850471713091389,23.18800810666667,0.1382297369643302,-0.1382297369643302,0.0,0.0,0.0,0.0,0.0,0.0,,-0.5782624437199374,-0.011861407468190891,-0.681228444117855,-0.011524794314439223,-0.2188421025945177,-0.5812510984945284,
002_190℃_280_1.0mm.csv,1.0,280,1.491615,0.300152631,1.50018,0.300188705,0.008565,1.544123826,23.24029884,1.55968,18.06505748,1.56185,5.175241357,23.1857093,190,0.008565000000000156,1243935.121,2043.1990659661042,40.0,81727.96263864417,2.8991304248612773,12259.194395796625,0.00864333333333341,7.522189397591257e-05,-7.522189397591257e-05,2024.7841939211266,17.64233734161842,-17.64233734161842,80991.36775684507,705.693493664736,-705.693493664736,1273698.9153333332,29397.929379712943,-29397.929379712943,12148.397963782514,12254.649639229505,12043.067523855727,2.995039395536003,3.091798291996698,2.901308602192036,23.242445083333337,0.13762183725174568,-0.13762183725174568,1.5596633333333332,0.00016064972248119636,-0.00016064972248119636,18.062695373333334,0.11953865466137469,-0.11953865466137469,1.5618283333333334,0.0001486887128645985,-0.0001486887128645985,5.179749709,0.01850471713091389,-0.01850471713091389,23.18800810666667,0.1382297369643302,-0.1382297369643302,-0.9826589595363037,0.9924109748965494,0.9924109748965517,-2.3939616682131706,0.9924109748965456,-3.353096148928927,,0.0,0.0,0.0,0.0,0.0,0.0,
003_190℃_280_1.0mm.csv,1.0,280,1.491705,0.30032946,1.50042,0.30009537,0.008715,1.602812153,23.38112749,1.559815,18.18103547,1.561965,5.20009202,23.32737291,190,0.008715000000000028,1302716.7829999998,2008.0321285140496,40.0,80321.28514056199,3.089299799685724,12048.192771084297,0.00864333333333341,7.522189397591257e-05,-7.522189397591257e-05,2024.7841939211266,17.64233734161842,-17.64233734161842,80991.36775684507,705.693493664736,-705.693493664736,1273698.9153333332,29397.929379712943,-29397.929379712943,12148.397963782514,12254.649639229505,12043.067523855727,2.995039395536003,3.091798291996698,2.901308602192036,23.242445083333337,0.13762183725174568,-0.13762183725174568,1.5596633333333332,0.00016064972248119636,-0.00016064972248119636,18.062695373333334,0.11953865466137469,-0.11953865466137469,1.5618283333333334,0.0001486887128645985,-0.0001486887128645985,5.179749709,0.01850471713091389,-0.01850471713091389,23.18800810666667,0.1382297369643302,-0.1382297369643302,0.7514450867049872,-0.7458405048764408,-0.7458405048764364,2.2183730569015774,-0.7458405048764484,2.986487998947426,,0.6059674661223055,0.008655621665982525,0.6420017767914741,0.007363063034227823,0.4801836530075404,0.6109953685997519,
004_190℃_320_1.0mm.csv,1.0,320,1.491725,0.300333031,1.49992,0.300032194,0.008195,1.481509961,23.41182962,1.559905,18.2222327,1.562025,5.189596918,23.35768809,190,0.008194999999999952,1181477.767,2135.448444173289,40.0,85417.93776693156,2.6346150477727734,12812.690665039734,0.008134999999999892,8.485281374247056e-05,-8.485281374247056e-05,2151.3155533560166,22.439481001868735,-22.439481001868735,86052.62213424066,897.5792400747404,-897.5792400747404,1165090.226,23175.482736145106,-23175.482736145106,12907.542229970693,13042.882520214547,12773.606306754982,2.578724793644804,2.6581188544768186,2.5017021154485883,23.372961875,0.05496729211785922,-0.05496729211785922,1.5598550000000002,7.071067811872547e-05,-7.071067811872547e-05,18.19209929,0.04261507710254955,-0.04261507710254955,1.5619800000000001,6.363961030681368e-05,-6.363961030681368e-05,5.1808625855,0.012352211479775783,-0.012352211479775783,23.31867606,0.05517134192170775,-0.05517134192170775,0.0,0.0,0.0,0.0,0.0,0.0,,0.0,0.0,0.0,0.0,0.0,0.0,
005_190℃_320_1.0mm.csv,1.0,320,1.491705,0.300326562,1.49978,0.30007254,0.008075,1.448775225,23.33409413,1.559805,18.16196588,1.561935,5.172128253,23.27966403,190,0.008074999999999832,1148702.685,2167.182662538745,40.0,86687.30650154979,2.5240201854081112,13003.095975232467,0.008134999999999892,8.485281374247056e-05,-8.485281374247056e-05,2151.3155533560166,22.439481001868735,-22.439481001868735,86052.62213424066,897.5792400747404,-897.5792400747404,1165090.226,23175.482736145106,-23175.482736145106,12907.542229970693,13042.882520214547,12773.606306754982,2.578724793644804,2.6581188544768186,2.5017021154485883,23.372961875,0.05496729211785922,-0.05496729211785922,1.5598550000000002,7.071067811872547e-05,-7.071067811872547e-05,18.19209929,0.04261507710254955,-0.04261507710254955,1.5619800000000001,6.363961030681368e-05,-6.363961030681368e-05,5.1808625855,0.012352211479775783,-0.012352211479775783,23.31867606,0.05517134192170775,-0.05517134192170775,-1.4643075045774339,1.4860681114566283,1.4860681114566154,-2.7740752230337935,1.486068111456607,-4.197761735937699,,-0.3320350919246031,-0.006410646802208402,-0.33073235860937583,-0.005761751572473134,-0.33660928345726276,-0.33404016570203554,
001_210℃_010_1.0mm.csv,1.0,10,1.41948,0.300201944,1.62114,0.300202657,0.20166,3.919031554,40.19222936,2.60388,31.08293968,2.60798,9.109289674,40.1384485,210,0.20165999999999995,3618828.8970000003,86.77972825547954,40.0,3471.1891302191816,198.57769669905304,520.6783695328772,0.20176000000000002,0.0015861904047118713,-0.0015861904047118713,86.74100611787956,0.6819990517381638,-0.6819990517381638,3469.6402447151827,27.279962069526608,-27.279962069526608,3608817.1755999997,41188.87352301091,-41188.87352301091,520.4331684827941,524.5409893287494,516.3575170810686,198.1112520245149,201.95368505880612,194.34192630499595,40.262457256,0.1745983865267313,-0.1745983865267313,2.6058399999999997,0.0036139452126450465,-0.0036139452126450465,31.146771364,0.16399298201603793,-0.16399298201603793,2.6100079999999997,0.0036021271493383504,-0.0036021271493383504,9.1156858898,0.023681824867775016,-0.023681824867775016,40.206336468,0.17411994144671095,-0.17411994144671095,0.0,0.0,0.0,0.0,0.0,0.0,,0.0,-0.059874723655121816,-0.041557908266633366,-0.0666738194135713,-0.16622398989935186,0.0,
002_210℃_010_1.0mm.csv,1.0,10,1.41902,0.30016008,1.623,0.300065278,0.20398,3.957469295,40.25565863,2.60544,31.12294581,2.60972,9.132712819,40.19637993,210,0.20398000000000005,3657404.017,85.7927247769389,40.0,3431.7089910775558,203.00333915310483,514.7563486616334,0.20176000000000002,0.0015861904047118713,-0.0015861904047118713,86.74100611787956,0.6819990517381638,-0.6819990517381638,3469.6402447151827,27.279962069526608,-27.279962069526608,3608817.1755999997,41188.87352301091,-41188.87352301091,520.4331684827941,524.5409893287494,516.3575170810686,198.1112520245149,201.95368505880612,194.34192630499595,40.262457256,0.1745983865267313,-0.1745983865267313,2.6058399999999997,0.0036139452126450465,-0.0036139452126450465,31.146771364,0.16399298201603793,-0.16399298201603793,2.6100079999999997,0.0036021271493383504,-0.0036021271493383504,9.1156858898,0.023681824867775016,-0.023681824867775016,40.206336468,0.17411994144671095,-0.17411994144671095,1.1504512545869783,-1.1373664084714632,-1.1373664084714665,1.0659558961734368,-1.1373664084714579,2.2286704537412945,,0.15781475924579147,0.0,0.08709628178388579,0.0,0.09048329410069075,0.14432902158636363,
003_210℃_010_1.0mm.csv,1.0,10,1.4193,0.300048891,1.6208,0.300183613,0.2015,3.903910668,40.56374241,2.6113,31.42905754,2.6155,9.134684865,40.50700568,210,0.2015,3603727.0549999997,86.848635235732,40.0,3473.94540942928,197.59210927414966,521.091811414392,0.20176000000000002,0.0015861904047118713,-0.0015861904047118713,86.74100611787956,0.6819990517381638,-0.6819990517381638,3469.6402447151827,27.279962069526608,-27.279962069526608,3608817.1755999997,41188.87352301091,-41188.87352301091,520.4331684827941,524.5409893287494,516.3575170810686,198.1112520245149,201.95368505880612,194.34192630499595,40.262457256,0.1745983865267313,-0.1745983865267313,2.6058399999999997,0.0036139452126450465,-0.0036139452126450465,31.146771364,0.16399298201603793,-0.16399298201603793,2.6100079999999997,0.0036021271493383504,-0.0036021271493383504,9.1156858898,0.023681824867775016,-0.023681824867775016,40.206336468,0.17411994144671095,-0.17411994144671095,-0.07934146583355053,0.07940446650121104,0.07940446650120776,-0.41731296034802945,0.07940446650121649,-0.4963233239617245,,0.9243404904773471,0.2249140260378191,1.0715093376858462,0.22147969897154174,0.11209604390791253,0.9182148134101302,
004_210℃_010_1.0mm.csv,1.0,10,1.41926,0.300091458,1.62138,0.300033784,0.20212,3.919962894,40.12750803,2.60168,31.00305132,2.60592,9.12445671,40.06908125,210,0.20212000000000008,3619929.1100000003,86.58222837918065,40.0,3463.289135167226,199.09117597638104,519.4933702750839,0.20176000000000002,0.0015861904047118713,-0.0015861904047118713,86.74100611787956,0.6819990517381638,-0.6819990517381638,3469.6402447151827,27.279962069526608,-27.279962069526608,3608817.1755999997,41188.87352301091,-41188.87352301091,520.4331684827941,524.5409893287494,516.3575170810686,198.1112520245149,201.95368505880612,194.34192630499595,40.262457256,0.1745983865267313,-0.1745983865267313,2.6058399999999997,0.0036139452126450465,-0.0036139452126450465,31.146771364,0.16399298201603793,-0.16399298201603793,2.6100079999999997,0.0036021271493383504,-0.0036021271493383504,9.1156858898,0.023681824867775016,-0.023681824867775016,40.206336468,0.17411994144671095,-0.17411994144671095,0.2281067142716092,-0.22758757173962577,-0.22758757173962246,0.030402459782281014,-0.22758757173963118,0.2585785241059507,,-0.16102946024787906,-0.1443134365020959,-0.2984678430757135,-0.14560949067332993,0.0,-0.1728199583997351,
005_210℃_010_1.0mm.csv,1.0,10,1.41886,0.300167141,1.6184,0.300006003,0.19954,3.844202802,40.17314785,2.6069,31.09586247,2.61092,9.077285381,40.12076698,210,0.19954000000000005,3544196.7989999996,87.70171394206673,40.0,3508.068557682669,192.43783109454697,526.2102836524003,0.20176000000000002,0.0015861904047118713,-0.0015861904047118713,86.74100611787956,0.6819990517381638,-0.6819990517381638,3469.6402447151827,27.279962069526608,-27.279962069526608,3608817.1755999997,41188.87352301091,-41188.87352301091,520.4331684827941,524.5409893287494,516.3575170810686,198.1112520245149,201.95368505880612,194.34192630499595,40.262457256,0.1745983865267313,-0.1745983865267313,2.6058399999999997,0.0036139452126450465,-0.0036139452126450465,31.146771364,0.16399298201603793,-0.16399298201603793,2.6100079999999997,0.0036021271493383504,-0.0036021271493383504,9.1156858898,0.023681824867775016,-0.023681824867775016,40.206336468,0.17411994144671095,-0.17411994144671095,-1.0512744222949024,1.0624436203267034,1.0624436203266967,-2.0623273474429946,1.0624436203266923,-3.0919210498302396,,-0.04747561979975591,0.056036600343887966,0.0,0.04598194442316846,-0.5169768513264292,-0.04405132898946893,
006_210℃_020_1.0mm.csv,1.0,20,1.461795,0.300093764,1.555565,0.300018412,0.09377,3.681642376,31.75220035,2.0127,24.76286496,2.01507,6.989335394,31.72439419,210,0.09377000000000013,3381623.964,186.62685293803963,40.0,7465.074117521585,86.28432084470215,1119.7611176282378,0.09342800000000002,0.0007678020578248813,-0.0007678020578248813,187.32007906736496,1.5309273906597785,-1.5309273906597785,7492.8031626945985,61.23709562639108,-61.23709562639108,3367467.9277999997,35048.139473049436,-35048.139473049436,1123.8903348486344,1133.1390189221077,1114.717138562328,85.60374506442436,87.20649774691267,84.03044908788792,31.886443852000003,0.12564930455443155,-0.12564930455443155,2.014436,0.0018715782110294249,-0.0018715782110294249,24.899012856,0.13454916889679824,-0.13454916889679824,2.016789,0.0018773165689356015,-0.0018773165689356015,6.9874309974,0.013014905024265375,-0.013014905024265375,31.85902163,0.12556862808280794,-0.12556862808280794,0.7791928636682104,-0.7731683907433939,-0.7731683907433939,0.95810524388902,-0.7731683907433939,1.821366267485928,,-0.38732449753059983,-0.07471930612821771,-0.5413783244065367,-0.07339267560932909,0.09731560026675083,-0.3894789856620954,
007_210℃_020_1.0mm.csv,1.0,20,1.46171,0.300032184,1.554755,0.300009091,0.093045,3.64598656,31.99869532,2.016325,25.02061864,2.018685,6.978076684,31.97111125,210,0.09304500000000004,3345977.4689999996,188.0810360578214,40.0,7523.241442312856,84.71468669472249,1128.4862163469284,0.09342800000000002,0.0007678020578248813,-0.0007678020578248813,187.32007906736496,1.5309273906597785,-1.5309273906597785,7492.8031626945985,61.23709562639108,-61.23709562639108,3367467.9277999997,35048.139473049436,-35048.139473049436,1123.8903348486344,1133.1390189221077,1114.717138562328,85.60374506442436,87.20649774691267,84.03044908788792,31.886443852000003,0.12564930455443155,-0.12564930455443155,2.014436,0.0018715782110294249,-0.0018715782110294249,24.899012856,0.13454916889679824,-0.13454916889679824,2.016789,0.0018773165689356015,-0.0018773165689356015,6.9874309974,0.013014905024265375,-0.013014905024265375,31.85902163,0.12556862808280794,-0.12556862808280794,0.0,0.0,0.0,-0.10611793175021612,0.0,-0.030908770741324886,,0.3859769804440119,0.10525244451285354,0.49387449411917844,0.10587389353103062,-0.06392528811432671,0.3851808783699837,
008_210℃_020_1.0mm.csv,1.0,20,1.46178,0.300035073,1.554515,0.300004335,0.092735,3.637620669,32.02907629,2.016395,25.04653599,2.018755,6.982540293,32.00152069,210,0.09273500000000001,3337616.334,188.7097643823799,40.0,7548.390575295196,84.22145598190204,1132.2585862942792,0.09342800000000002,0.0007678020578248813,-0.0007678020578248813,187.32007906736496,1.5309273906597785,-1.5309273906597785,7492.8031626945985,61.23709562639108,-61.23709562639108,3367467.9277999997,35048.139473049436,-35048.139473049436,1123.8903348486344,1133.1390189221077,1114.717138562328,85.60374506442436,87.20649774691267,84.03044908788792,31.886443852000003,0.12564930455443155,-0.12564930455443155,2.014436,0.0018715782110294249,-0.0018715782110294249,24.899012856,0.13454916889679824,-0.13454916889679824,2.016789,0.0018773165689356015,-0.0018773165689356015,6.9874309974,0.013014905024265375,-0.013014905024265375,31.85902163,0.12556862808280794,-0.12556862808280794,-0.3331721210167471,0.3342858683345437,0.33428586833454976,-0.35573892931668044,0.3342858683345336,-0.6129545534838756,,0.48128784623288334,0.10872776107695772,0.5979700385017768,0.10934516872877005,0.0,0.48066261220586676,
009_210℃_020_1.0mm.csv,1.0,20,1.46186,0.300041212,1.556475,0.300111145,0.094615,3.722701094,31.7765847,2.012555,24.76738922,2.014885,7.009195484,31.74964486,210,0.09461500000000012,3422589.949,184.96010146382687,40.0,7398.404058553075,88.11655728561507,1109.7606087829613,0.09342800000000002,0.0007678020578248813,-0.0007678020578248813,187.32007906736496,1.5309273906597785,-1.5309273906597785,7492.8031626945985,61.23709562639108,-61.23709562639108,3367467.9277999997,35048.139473049436,-35048.139473049436,1123.8903348486344,1133.1390189221077,1114.717138562328,85.60374506442436,87.20649774691267,84.03044908788792,31.886443852000003,0.12564930455443155,-0.12564930455443155,2.014436,0.0018715782110294249,-0.0018715782110294249,24.899012856,0.13454916889679824,-0.13454916889679824,2.016789,0.0018773165689356015,-0.0018773165689356015,6.9874309974,0.013014905024265375,-0.013014905024265375,31.85902163,0.12556862808280794,-0.12556862808280794,1.6873555806331029,-1.6593563388469728,-1.6593563388469754,2.1811413558514574,-1.6593563388469674,3.9835298669956094,,-0.3108261661672799,-0.08191817615387467,-0.5232068945486207,-0.08256676006050073,0.38174059699623103,-0.31019512669864235,
010_210℃_020_1.0mm.csv,1.0,20,1.46175,0.300019821,1.554725,0.300097439,0.092975,3.649629362,31.8756626,2.014205,24.89765547,2.01655,6.978007132,31.84843716,210,0.09297499999999981,3349531.9230000004,188.22264049475703,40.0,7528.905619790281,84.74087905875494,1129.335842968542,0.09342800000000002,0.0007678020578248813,-0.0007678020578248813,187.32007906736496,1.5309273906597785,-1.5309273906597785,7492.8031626945985,61.23709562639108,-61.23709562639108,3367467.9277999997,35048.139473049436,-35048.139473049436,1123.8903348486344,1133.1390189221077,1114.717138562328,85.60374506442436,87.20649774691267,84.03044908788792,31.886443852000003,0.12564930455443155,-0.12564930455443155,2.014436,0.0018715782110294249,-0.0018715782110294249,24.899012856,0.13454916889679824,-0.13454916889679824,2.016789,0.0018773165689356015,-0.0018773165689356015,6.9874309974,0.013014905024265375,-0.013014905024265375,31.85902163,0.12556862808280794,-0.12556862808280794,-0.07523241442338277,0.07528905619815061,0.07528905619814759,0.0,0.0752890561981355,0.0,,0.0,0.0,0.0,0.0,-0.06492137259191971,0.0,
011_210℃_040_1.0mm.csv,1.0,40,1.48026,0.300038645,1.525145,0.300082317,0.044885,3.609023699,27.20940731,1.73267,21.16887035,1.7345,6.040536964,27.18211806,210,0.044885000000000064,3308941.382,389.8852623370831,40.0,15595.410493483323,40.414104471039515,2339.3115740224985,0.045196000000000014,0.0003986132210551743,-0.0003986132210551743,387.2262595702501,3.3805892972352596,-3.3805892972352596,15489.05038281,135.22357188941098,-135.22357188941098,3341087.3544,30301.026953232195,-30301.026953232195,2323.2862424676177,2343.762651085163,2302.9887270966556,41.08684994697967,41.822025428308905,40.364597871028636,27.264658794000002,0.10301224107631636,-0.10301224107631636,1.7331869999999998,0.0006890174163255816,-0.0006890174163255816,21.21765262,0.09991751586148098,-0.09991751586148098,1.734996,0.0006827371382897424,-0.0006827371382897424,6.0470061752,0.008965371433768392,-0.008965371433768392,27.237900584,0.10312998052507619,-0.10312998052507619,-0.36625971143167724,0.36760610448917186,0.36760610448916886,-0.7479993929893175,0.36760610448915715,-1.111519484002709,,-0.015765002135843743,-0.013272548906467454,-0.04643074525310008,-0.011529371072806709,-0.14769479741408484,-0.018531581420150493,
012_210℃_040_1.0mm.csv,1.0,40,1.48022,0.300104303,1.52611,0.300112296,0.04589,3.691160991,27.16951309,1.73267,21.11378233,1.73449,6.055730761,27.14253406,210,0.045889999999999986,3391048.695,381.346698627152,40.0,15253.86794508608,42.34427880640814,2288.080191762912,0.045196000000000014,0.0003986132210551743,-0.0003986132210551743,387.2262595702501,3.3805892972352596,-3.3805892972352596,15489.05038281,135.22357188941098,-135.22357188941098,3341087.3544,30301.026953232195,-30301.026953232195,2323.2862424676177,2343.762651085163,2302.9887270966556,41.08684994697967,41.822025428308905,40.364597871028636,27.264658794000002,0.10301224107631636,-0.10301224107631636,1.7331869999999998,0.0006890174163255816,-0.0006890174163255816,21.21765262,0.09991751586148098,-0.09991751586148098,1.734996,0.0006827371382897424,-0.0006827371382897424,6.0470061752,0.008965371433768392,-0.008965371433768392,27.237900584,0.10312998052507619,-0.10312998052507619,1.86459489456149,-1.8304641534102242,-1.8304641534102328,1.7148170002072114,-1.8304641534102482,3.6113862850056346,,-0.16236110480326962,-0.013272548906467454,-0.3065411871963013,-0.012105839626438084,0.10346427408434052,-0.1641297440484385,
013_210℃_040_1.0mm.csv,1.0,40,1.480385,0.30008024,1.5254,0.300025459,0.045015,3.631632444,27.21369755,1.7329,21.17870378,1.7347,6.034993773,27.18715627,210,0.04501500000000003,3331606.985,388.75930245473705,40.0,15550.372098189482,40.80878596728574,2332.5558147284223,0.045196000000000014,0.0003986132210551743,-0.0003986132210551743,387.2262595702501,3.3805892972352596,-3.3805892972352596,15489.05038281,135.22357188941098,-135.22357188941098,3341087.3544,30301.026953232195,-30301.026953232195,2323.2862424676177,2343.762651085163,2302.9887270966556,41.08684994697967,41.822025428308905,40.364597871028636,27.264658794000002,0.10301224107631636,-0.10301224107631636,1.7331869999999998,0.0006890174163255816,-0.0006890174163255816,21.21765262,0.09991751586148098,-0.09991751586148098,1.734996,0.0006827371382897424,-0.0006827371382897424,6.0470061752,0.008965371433768392,-0.008965371433768392,27.237900584,0.10312998052507619,-0.10312998052507619,-0.07769145394008262,0.07775186049095238,0.07775186049094945,-0.06814254966424318,0.07775186049093773,-0.14578106266671062,,0.0,0.0,0.0,0.0,-0.23932579029219397,0.0,
014_210℃_040_1.0mm.csv,1.0,40,1.480385,0.300173463,1.525435,0.300010317,0.04505,3.633889092,27.30421928,1.733395,21.25474756,1.73518,6.049471719,27.27809672,210,0.045050000000000034,3333878.775,388.4572697003327,40.0,15538.290788013308,40.86836430306125,2330.7436182019965,0.045196000000000014,0.0003986132210551743,-0.0003986132210551743,387.2262595702501,3.3805892972352596,-3.3805892972352596,15489.05038281,135.22357188941098,-135.22357188941098,3341087.3544,30301.026953232195,-30301.026953232195,2323.2862424676177,2343.762651085163,2302.9887270966556,41.08684994697967,41.822025428308905,40.364597871028636,27.264658794000002,0.10301224107631636,-0.10301224107631636,1.7331869999999998,0.0006890174163255816,-0.0006890174163255816,21.21765262,0.09991751586148098,-0.09991751586148098,1.734996,0.0006827371382897424,-0.0006827371382897424,6.0470061752,0.008965371433768392,-0.008965371433768392,27.237900584,0.10312998052507619,-0.10312998052507619,0.0,0.0,0.0,0.0,0.0,0.0,,0.3326329685030343,0.028564833516066257,0.35905776288259283,0.02767049057474122,0.0,0.3344978382323526,
015_210℃_040_1.0mm.csv,1.0,40,1.48034,0.300035561,1.52548,0.300026052,0.04514,3.639986987,27.42645674,1.7343,21.37215908,1.73611,6.054297659,27.39959781,210,0.04513999999999996,3339960.9349999996,387.68276473194544,40.0,15507.310589277819,41.024717443782265,2326.096588391673,0.045196000000000014,0.0003986132210551743,-0.0003986132210551743,387.2262595702501,3.3805892972352596,-3.3805892972352596,15489.05038281,135.22357188941098,-135.22357188941098,3341087.3544,30301.026953232195,-30301.026953232195,2323.2862424676177,2343.762651085163,2302.9887270966556,41.08684994697967,41.822025428308905,40.364597871028636,27.264658794000002,0.10301224107631636,-0.10301224107631636,1.7331869999999998,0.0006890174163255816,-0.0006890174163255816,21.21765262,0.09991751586148098,-0.09991751586148098,1.734996,0.0006827371382897424,-0.0006827371382897424,6.0470061752,0.008965371433768392,-0.008965371433768392,27.237900584,0.10312998052507619,-0.10312998052507619,0.19977802441714407,-0.19937970757626025,-0.19937970757625736,0.1824349477134088,-0.1993797075762651,0.38257743706494446,,0.7818091959355957,0.08078942812625343,0.9134425884113296,0.08128206606330395,0.07977456915524768,0.7814040493614317,
016_210℃_080_1.0mm.csv,1.0,80,1.487215,0.300073342,1.510015,0.30018675,0.0228,3.179797152,24.73108629,1.609415,19.16181971,1.61143,5.569266579,24.68518729,210,0.022800000000000153,2879610.402,767.5438596491176,40.0,30701.754385964705,17.865338004245015,4605.263157894706,0.022675999999999964,0.00022542737189623697,-0.00022542737189623697,771.802258912925,7.6969393059354685,-7.6969393059354685,30872.090356517,307.8775722374201,-307.8775722374201,2856559.0752,41249.824621432475,-41249.824621432475,4630.629723157073,4676.9670403130685,4584.751495608233,17.62375577126724,18.052782275727587,17.2049251323925,24.799286594,0.10713350640767545,-0.10713350640767545,1.6096980000000003,0.00042427290745463905,-0.00042427290745463905,19.234938242000002,0.1081309200829622,-0.1081309200829622,1.6117029999999999,0.00041112042031504477,-0.00041112042031504477,5.5643483512000005,0.011144734545859979,-0.011144734545859979,24.75382386,0.10762969507535392,-0.10762969507535392,0.5956320317680065,-0.5921052631588454,-0.5921052631588395,0.269039462121338,-0.5921052631588356,0.8662739791038065,,-0.14819895995653332,-0.008387437482525937,-0.14143117492574278,-0.008376950355709898,0.03340864317947821,-0.14861644201834917,
017_210℃_080_1.0mm.csv,1.0,80,1.487295,0.300060779,1.509915,0.300193727,0.02262,3.161092014,24.90730332,1.61019,19.33989674,1.61218,5.567406584,24.86245305,210,0.022619999999999862,2860898.287,773.6516357206059,40.0,30946.065428824237,17.609120884881527,4641.909814323635,0.022675999999999964,0.00022542737189623697,-0.00022542737189623697,771.802258912925,7.6969393059354685,-7.6969393059354685,30872.090356517,307.8775722374201,-307.8775722374201,2856559.0752,41249.824621432475,-41249.824621432475,4630.629723157073,4676.9670403130685,4584.751495608233,17.62375577126724,18.052782275727587,17.2049251323925,24.799286594,0.10713350640767545,-0.10713350640767545,1.6096980000000003,0.00042427290745463905,-0.00042427290745463905,19.234938242000002,0.1081309200829622,-0.1081309200829622,1.6117029999999999,0.00041112042031504477,-0.00041112042031504477,5.5643483512000005,0.011144734545859979,-0.011144734545859979,24.75382386,0.10762969507535392,-0.10762969507535392,-0.19854401058933552,0.19893899204276236,0.1989389920427712,-0.3825229145291991,0.19893899204276727,-0.5803074487826129,,0.5632775847087185,0.039762666583826156,0.7865870209212679,0.03816166273157038,0.0,0.5684221279352036,
018_210℃_080_1.0mm.csv,1.0,80,1.487305,0.300211633,1.50997,0.300141734,0.022665,3.172025635,24.67561649,1.609235,19.12328028,1.61125,5.552336207,24.62982707,210,0.022664999999999935,2871883.901,772.1155967350562,40.0,30884.623869402247,17.711904385350973,4632.693580410337,0.022675999999999964,0.00022542737189623697,-0.00022542737189623697,771.802258912925,7.6969393059354685,-7.6969393059354685,30872.090356517,307.8775722374201,-307.8775722374201,2856559.0752,41249.824621432475,-41249.824621432475,4630.629723157073,4676.9670403130685,4584.751495608233,17.62375577126724,18.052782275727587,17.2049251323925,24.799286594,0.10713350640767545,-0.10713350640767545,1.6096980000000003,0.00042427290745463905,-0.00042427290745463905,19.234938242000002,0.1081309200829622,-0.1081309200829622,1.6117029999999999,0.00041112042031504477,-0.00041112042031504477,5.5643483512000005,0.011144734545859979,-0.011144734545859979,24.75382386,0.10762969507535392,-0.10762969507535392,0.0,0.0,0.0,0.0,0.0,0.0,,-0.3721583674966173,-0.019570687459231788,-0.3422728685319993,-0.019546217496647245,-0.27068935549472867,-0.3725480855636782,
019_210℃_080_1.0mm.csv,1.0,80,1.48711,0.300151382,1.51006,0.300220347,0.02295,3.185963051,24.7677919,1.60955,19.18895888,1.611565,5.578833023,24.72192814,210,0.022950000000000026,2885742.704,762.5272331154675,40.0,30501.0893246187,18.021168722938796,4575.163398692805,0.022675999999999964,0.00022542737189623697,-0.00022542737189623697,771.802258912925,7.6969393059354685,-7.6969393059354685,30872.090356517,307.8775722374201,-307.8775722374201,2856559.0752,41249.824621432475,-41249.824621432475,4630.629723157073,4676.9670403130685,4584.751495608233,17.62375577126724,18.052782275727587,17.2049251323925,24.799286594,0.10713350640767545,-0.10713350640767545,1.6096980000000003,0.00042427290745463905,-0.00042427290745463905,19.234938242000002,0.1081309200829622,-0.1081309200829622,1.6117029999999999,0.00041112042031504477,-0.00041112042031504477,5.5643483512000005,0.011144734545859979,-0.011144734545859979,24.75382386,0.10762969507535392,-0.10762969507535392,1.257445400397492,-1.2418300653598673,-1.2418300653598642,0.4825683585319781,-1.2418300653598722,1.746081792557593,,0.0,0.0,0.0,0.0,0.20523809115787,0.0,
020_210℃_080_1.0mm.csv,1.0,80,1.48717,0.300203462,1.509515,0.300069378,0.022345,3.08472946,24.91463497,1.6101,19.3607356,1.61209,5.553899363,24.86972375,210,0.022344999999999837,2784660.0820000004,783.1729693443781,40.0,31326.918773775124,16.931491029194436,4699.0378160662685,0.022675999999999964,0.00022542737189623697,-0.00022542737189623697,771.802258912925,7.6969393059354685,-7.6969393059354685,30872.090356517,307.8775722374201,-307.8775722374201,2856559.0752,41249.824621432475,-41249.824621432475,4630.629723157073,4676.9670403130685,4584.751495608233,17.62375577126724,18.052782275727587,17.2049251323925,24.799286594,0.10713350640767545,-0.10713350640767545,1.6096980000000003,0.00042427290745463905,-0.00042427290745463905,19.234938242000002,0.1081309200829622,-0.1081309200829622,1.6117029999999999,0.00041112042031504477,-0.00041112042031504477,5.5643483512000005,0.011144734545859979,-0.011144734545859979,24.75382386,0.10762969507535392,-0.10762969507535392,-1.4118685197445353,1.432087715373026,1.432087715373032,-3.0371638271877224,1.432087715373036,-4.406151586963143,,0.5928791334846557,0.03417104159548013,0.8951852003760218,0.03257702916110171,-0.24261244075146632,0.5978320508134901,
021_210℃_120_1.0mm.csv,1.0,120,1.48937,0.300200691,1.5049,0.300028243,0.01553,2.529061832,22.79955929,1.574585,17.58579087,1.576915,5.213768419,22.73971486,210,0.015529999999999822,2229033.589,1126.8512556342691,40.0,45074.05022537077,9.419562350250233,6761.107533805615,0.015513999999999983,0.0003113157561062274,-0.0003113157561062274,1128.372854527662,22.393429288804416,-22.393429288804416,45134.91418110648,895.7371715521773,-895.7371715521773,2218048.1906,72078.89601208424,-72078.89601208424,6769.162680047217,6905.60888963978,6635.412477194929,9.358060953629492,9.859215143595861,8.882380953896611,22.962187644,0.1240975328362197,-0.1240975328362197,1.575086,0.00035979855474984284,-0.00035979855474984284,17.740263978,0.1167525294093531,-0.1167525294093531,1.577406,0.0003502570484658378,-0.0003502570484658378,5.221923662,0.022540640830530704,-0.022540640830530704,22.902829181999998,0.1246034137262035,-0.1246034137262035,0.0,0.0,0.0,0.0,0.0,0.0,,-0.9530283560087995,-0.03618691493854138,-1.2115279502790757,-0.03486606675899804,-0.07105585505395733,-0.9592575074172577,
022_210℃_120_1.0mm.csv,1.0,120,1.48936,0.300169642,1.50493,0.300281012,0.01557,2.535032359,22.86417234,1.574865,17.64485084,1.5772,5.219321492,22.8041138,210,0.015570000000000084,2234751.347,1123.956326268459,40.0,44958.253050738356,9.46804856402454,6743.737957610753,0.015513999999999983,0.0003113157561062274,-0.0003113157561062274,1128.372854527662,22.393429288804416,-22.393429288804416,45134.91418110648,895.7371715521773,-895.7371715521773,2218048.1906,72078.89601208424,-72078.89601208424,6769.162680047217,6905.60888963978,6635.412477194929,9.358060953629492,9.859215143595861,8.882380953896611,22.962187644,0.1240975328362197,-0.1240975328362197,1.575086,0.00035979855474984284,-0.00035979855474984284,17.740263978,0.1167525294093531,-0.1167525294093531,1.577406,0.0003502570484658378,-0.0003502570484658378,5.221923662,0.022540640830530704,-0.022540640830530704,22.902829181999998,0.1246034137262035,-0.1246034137262035,0.25756600128952034,-0.25690430314875234,-0.25690430314876045,0.25651286854609684,-0.2569043031487658,0.5147395597739116,,-0.6723331526594709,-0.018410886547680923,-0.8797575886995204,-0.01679910489297447,0.03537632164717325,-0.678773830616426,
023_210℃_120_1.0mm.csv,1.0,120,1.489305,0.300012986,1.504545,0.300035096,0.01524,2.441330673,23.03639699,1.575415,17.83706716,1.577735,5.199329826,22.97744519,210,0.01523999999999992,2141295.577,1148.2939632545992,40.0,45931.75853018397,8.87982165808975,6889.763779527595,0.015513999999999983,0.0003113157561062274,-0.0003113157561062274,1128.372854527662,22.393429288804416,-22.393429288804416,45134.91418110648,895.7371715521773,-895.7371715521773,2218048.1906,72078.89601208424,-72078.89601208424,6769.162680047217,6905.60888963978,6635.412477194929,9.358060953629492,9.859215143595861,8.882380953896611,22.962187644,0.1240975328362197,-0.1240975328362197,1.575086,0.00035979855474984284,-0.00035979855474984284,17.740263978,0.1167525294093531,-0.1167525294093531,1.577406,0.0003502570484658378,-0.0003502570484658378,5.221923662,0.022540640830530704,-0.022540640830530704,22.902829181999998,0.1246034137262035,-0.1246034137262035,-1.8673535093361542,1.9028871391069877,1.9028871391069875,-3.9361458002686067,1.902887139106974,-5.729997552870865,,0.07585367884776001,0.016506312077219507,0.2000207787444803,0.01711606913625434,-0.34779107562314837,0.0761551413852731,
024_210℃_120_1.0mm.csv,1.0,120,1.489315,0.300135276,1.50531,0.300214288,0.015995,2.624302759,23.09187332,1.57541,17.83215048,1.577715,5.259722832,23.03291206,210,0.01599499999999998,2324088.471,1094.0919037199137,40.0,43763.67614879655,10.11531839282856,6564.551422319482,0.015513999999999983,0.0003113157561062274,-0.0003113157561062274,1128.372854527662,22.393429288804416,-22.393429288804416,45134.91418110648,895.7371715521773,-895.7371715521773,2218048.1906,72078.89601208424,-72078.89601208424,6769.162680047217,6905.60888963978,6635.412477194929,9.358060953629492,9.859215143595861,8.882380953896611,22.962187644,0.1240975328362197,-0.1240975328362197,1.575086,0.00035979855474984284,-0.00035979855474984284,17.740263978,0.1167525294093531,-0.1167525294093531,1.577406,0.0003502570484658378,-0.0003502570484658378,5.221923662,0.022540640830530704,-0.022540640830530704,22.902829181999998,0.1246034137262035,-0.1246034137262035,2.994204764972087,-2.9071584870281932,-2.9071584870281977,4.264398817006779,-2.9071584870282,7.386288414555089,,0.31685669186796545,0.016188882998809273,0.1724012472518082,0.015848212163191166,0.8097228065290822,0.31773600650873174,
025_210℃_120_1.0mm.csv,1.0,120,1.48938,0.300118076,1.504615,0.300002752,0.015235,2.461074721,23.01893628,1.575155,17.80146054,1.577465,5.217475741,22.95996,210,0.01523500000000011,2161071.969,1148.6708237610683,40.0,45946.83295044273,8.958892910942922,6892.02494256641,0.015513999999999983,0.0003113157561062274,-0.0003113157561062274,1128.372854527662,22.393429288804416,-22.393429288804416,45134.91418110648,895.7371715521773,-895.7371715521773,2218048.1906,72078.89601208424,-72078.89601208424,6769.162680047217,6905.60888963978,6635.412477194929,9.358060953629492,9.859215143595861,8.882380953896611,22.962187644,0.1240975328362197,-0.1240975328362197,1.575086,0.00035979855474984284,-0.00035979855474984284,17.740263978,0.1167525294093531,-0.1167525294093531,1.577406,0.0003502570484658378,-0.0003502570484658378,5.221923662,0.022540640830530704,-0.022540640830530704,22.902829181999998,0.1246034137262035,-0.1246034137262035,-1.8995492594959147,1.936330817195353,1.9363308171953488,-3.048927586169277,1.9363308171953462,-4.890560964279554,,0.0,0.0,0.0,0.0,0.0,0.0,
026_210℃_160_1.0mm.csv,1.0,160,1.49047,0.300082122,1.502225,0.300108309,0.011755,2.003130191,22.53800136,1.56547,17.54000014,1.567805,4.998001224,22.48202143,210,0.01175499999999996,1703021.8819999998,1488.7282007656368,40.0,59549.12803062547,5.44735298582583,8932.36920459382,0.01182599999999998,0.00038031894509741665,-0.00038031894509741665,1481.0104837838555,47.43253303987221,-47.43253303987221,59240.41935135422,1897.3013215948902,-1897.3013215948902,1707211.128,75989.96518633307,-75989.96518633307,8882.406610146209,9172.157359703977,8601.809159379205,5.487120876982538,5.923313484315044,5.083049478698877,22.758542408,0.18526283842061958,-0.18526283842061958,1.565967,0.00040631884032120283,-0.00040631884032120283,17.752253533999998,0.17300182472479636,-0.17300182472479636,1.568288,0.00039359878048594545,-0.00039359878048594545,5.0062888744,0.024954701088099045,-0.024954701088099045,22.703195578,0.18582530384325527,-0.18582530384325527,0.0,0.0,0.0,0.0,0.0,0.0,,-1.140485626030569,-0.03384418901661184,-1.5147098150431493,-0.03251897737380631,0.0,-1.1471061866097338,
027_210℃_160_1.0mm.csv,1.0,160,1.490355,0.300242416,1.502615,0.300353965,0.01226,2.097460931,22.63466862,1.565715,17.62132637,1.56805,5.013342243,22.57876216,210,0.012259999999999938,1797106.966,1427.4061990212144,40.0,57096.247960848574,5.995246640315616,8564.437194127288,0.01182599999999998,0.00038031894509741665,-0.00038031894509741665,1481.0104837838555,47.43253303987221,-47.43253303987221,59240.41935135422,1897.3013215948902,-1897.3013215948902,1707211.128,75989.96518633307,-75989.96518633307,8882.406610146209,9172.157359703977,8601.809159379205,5.487120876982538,5.923313484315044,5.083049478698877,22.758542408,0.18526283842061958,-0.18526283842061958,1.565967,0.00040631884032120283,-0.00040631884032120283,17.752253533999998,0.17300182472479636,-0.17300182472479636,1.568288,0.00039359878048594545,-0.00039359878048594545,5.0062888744,0.024954701088099045,-0.024954701088099045,22.703195578,0.18582530384325527,-0.18582530384325527,4.296044236494934,-4.119086460032468,-4.119086460032475,5.5245963069780615,-4.119086460032459,10.057979644708562,,-0.7164693955398334,-0.01819923371648089,-1.0580714286538102,-0.01689711569422978,0.30694308209317206,-0.7217395824591433,
028_210℃_160_1.0mm.csv,1.0,160,1.490465,0.300048296,1.501895,0.300236341,0.01143,1.921462078,22.79800938,1.566,17.81319,1.568315,4.984819375,22.74290672,210,0.011430000000000051,1621225.737,1531.058617672784,40.0,61242.34470691136,5.042342904465328,9186.351706036705,0.01182599999999998,0.00038031894509741665,-0.00038031894509741665,1481.0104837838555,47.43253303987221,-47.43253303987221,59240.41935135422,1897.3013215948902,-1897.3013215948902,1707211.128,75989.96518633307,-75989.96518633307,8882.406610146209,9172.157359703977,8601.809159379205,5.487120876982538,5.923313484315044,5.083049478698877,22.758542408,0.18526283842061958,-0.18526283842061958,1.565967,0.00040631884032120283,-0.00040631884032120283,17.752253533999998,0.17300182472479636,-0.17300182472479636,1.568288,0.00039359878048594545,-0.00039359878048594545,5.0062888744,0.024954701088099045,-0.024954701088099045,22.703195578,0.18582530384325527,-0.18582530384325527,-2.7647809442782627,2.843394575677228,2.843394575677225,-4.803000235319336,2.843394575677233,-7.434988744337849,,0.0,0.0,0.01922304829419408,0.0,-0.263742412400826,0.0,
029_210℃_160_1.0mm.csv,1.0,160,1.49049,0.300083581,1.501995,0.300269121,0.011505,1.945952958,22.79865094,1.56611,17.80976642,1.568425,4.988884522,22.74354004,210,0.011504999999999876,1645683.837,1521.0777922642492,40.0,60843.11169056997,5.151997971342802,9126.466753585495,0.01182599999999998,0.00038031894509741665,-0.00038031894509741665,1481.0104837838555,47.43253303987221,-47.43253303987221,59240.41935135422,1897.3013215948902,-1897.3013215948902,1707211.128,75989.96518633307,-75989.96518633307,8882.406610146209,9172.157359703977,8601.809159379205,5.487120876982538,5.923313484315044,5.083049478698877,22.758542408,0.18526283842061958,-0.18526283842061958,1.565967,0.00040631884032120283,-0.00040631884032120283,17.752253533999998,0.17300182472479636,-0.17300182472479636,1.568288,0.00039359878048594545,-0.00039359878048594545,5.0062888744,0.024954701088099045,-0.024954701088099045,22.703195578,0.18582530384325527,-0.18582530384325527,-2.1267545725230486,2.17296827466393,2.17296827466393,-3.3668413545375517,2.17296827466393,-5.421991474603357,,0.0028141053427438206,0.007024265644944601,0.0,0.007013897080628222,-0.18240695813002927,0.002784692422106566,
030_210℃_160_1.0mm.csv,1.0,160,1.490325,0.300239228,1.502505,0.300327657,0.01218,2.069344875,23.02338174,1.56654,17.97698474,1.568845,5.046397008,22.96874754,210,0.01218000000000008,1769017.218,1436.781609195393,40.0,57471.26436781572,5.863028493942895,8620.689655172358,0.01182599999999998,0.00038031894509741665,-0.00038031894509741665,1481.0104837838555,47.43253303987221,-47.43253303987221,59240.41935135422,1897.3013215948902,-1897.3013215948902,1707211.128,75989.96518633307,-75989.96518633307,8882.406610146209,9172.157359703977,8601.809159379205,5.487120876982538,5.923313484315044,5.083049478698877,22.758542408,0.18526283842061958,-0.18526283842061958,1.565967,0.00040631884032120283,-0.00040631884032120283,17.752253533999998,0.17300182472479636,-0.17300182472479636,1.568288,0.00039359878048594545,-0.00039359878048594545,5.0062888744,0.024954701088099045,-0.024954701088099045,22.703195578,0.18582530384325527,-0.18582530384325527,3.615482773288994,-3.4893267651897903,-3.489326765189793,3.875190136869913,-3.4893267651897846,7.630779741989638,,0.9885615723876041,0.03448275862068869,0.9389136053587834,0.03379423138847371,0.968302764065096,0.9930165162283109,
031_210℃_200_1.0mm.csv,1.0,200,1.49105,0.300022057,1.500825,0.300185632,0.009775,1.691861839,22.9878471,1.56335,18.06091861,1.565525,4.92692849,22.93844514,210,0.00977500000000009,1391676.207,1790.2813299232573,40.0,71611.2531969303,3.7016693669184013,10741.687979539545,0.009747000000000039,9.087078738518313e-05,-9.087078738518313e-05,1795.550138777573,16.88161379034512,-16.88161379034512,71822.00555110292,675.2645516138016,-675.2645516138016,1379587.901,20749.697380441517,-20749.697380441517,10772.922047023003,10874.255977687471,10672.532416872058,3.6585416772170447,3.7478052397532693,3.571404154612709,23.008252088,0.15671316380352499,-0.15671316380352499,1.563395,0.00024884734276254156,-0.00024884734276254156,18.079822042,0.15638274989059195,-0.15638274989059195,1.5655670000000002,0.00023615672761961648,-0.00023615672761961648,4.9284300466,0.003810828463661947,-0.003810828463661947,22.958955836,0.15728459857048382,-0.15728459857048382,0.10240655402012788,-0.10230179028200354,-0.10230179028200351,0.2745985806146906,-0.10230179028198662,0.11480540591122868,,0.11265365818575403,0.0,0.18798103584134818,0.0,0.0,0.11342922084651333,
032_210℃_200_1.0mm.csv,1.0,200,1.49106,0.300078095,1.500825,0.300254303,0.009765,1.691758156,22.94268906,1.56331,18.01578345,1.5655,4.926905611,22.89261033,210,0.009765000000000024,1391503.853,1792.1146953404975,40.0,71684.5878136199,3.6974245236857226,10752.688172042985,0.009747000000000039,9.087078738518313e-05,-9.087078738518313e-05,1795.550138777573,16.88161379034512,-16.88161379034512,71822.00555110292,675.2645516138016,-675.2645516138016,1379587.901,20749.697380441517,-20749.697380441517,10772.922047023003,10874.255977687471,10672.532416872058,3.6585416772170447,3.7478052397532693,3.571404154612709,23.008252088,0.15671316380352499,-0.15671316380352499,1.563395,0.00024884734276254156,-0.00024884734276254156,18.079822042,0.15638274989059195,-0.15638274989059195,1.5655670000000002,0.00023615672761961648,-0.00023615672761961648,4.9284300466,0.003810828463661947,-0.003810828463661947,22.958955836,0.15728459857048382,-0.15728459857048382,0.0,0.0,0.0,0.26217993892430475,0.0,0.0,,-0.08401074447605696,-0.0025586081171868106,-0.06239385658665995,-0.001596908385376393,-0.0004643663906781959,-0.08661398080816632,
033_210℃_200_1.0mm.csv,1.0,200,1.49103,0.300030957,1.500625,0.300286948,0.009595,1.643185105,23.27764097,1.563815,18.349388,1.56596,4.928252969,23.22944414,210,0.00959500000000002,1342898.1570000001,1823.8665971860305,40.0,72954.66388744122,3.5061517867795993,10943.199583116182,0.009747000000000039,9.087078738518313e-05,-9.087078738518313e-05,1795.550138777573,16.88161379034512,-16.88161379034512,71822.00555110292,675.2645516138016,-675.2645516138016,1379587.901,20749.697380441517,-20749.697380441517,10772.922047023003,10874.255977687471,10672.532416872058,3.6585416772170447,3.7478052397532693,3.571404154612709,23.008252088,0.15671316380352499,-0.15671316380352499,1.563395,0.00024884734276254156,-0.00024884734276254156,18.079822042,0.15638274989059195,-0.15638274989059195,1.5655670000000002,0.00023615672761961648,-0.00023615672761961648,4.9284300466,0.003810828463661947,-0.003810828463661947,22.958955836,0.15728459857048382,-0.15728459857048382,-1.7409114183308045,1.7717561229807448,1.771756122980737,-3.2400116129726273,1.7717561229807406,-5.173134317707612,,1.3747132679164693,0.02974381936226294,1.7881856765254949,0.027786205905364857,0.026882448216738568,1.3834764107074844,
034_210℃_200_1.0mm.csv,1.0,200,1.490975,0.300029304,1.500815,0.300197512,0.00984,1.688062661,22.96197959,1.56335,18.02703121,1.56553,4.934948384,22.91245572,210,0.009840000000000071,1387865.149,1778.4552845528326,40.0,71138.21138211331,3.7160797458939046,10670.731707316996,0.009747000000000039,9.087078738518313e-05,-9.087078738518313e-05,1795.550138777573,16.88161379034512,-16.88161379034512,71822.00555110292,675.2645516138016,-675.2645516138016,1379587.901,20749.697380441517,-20749.697380441517,10772.922047023003,10874.255977687471,10672.532416872058,3.6585416772170447,3.7478052397532693,3.571404154612709,23.008252088,0.15671316380352499,-0.15671316380352499,1.563395,0.00024884734276254156,-0.00024884734276254156,18.079822042,0.15638274989059195,-0.15638274989059195,1.5655670000000002,0.00023615672761961648,-0.00023615672761961648,4.9284300466,0.003810828463661947,-0.003810828463661947,22.958955836,0.15728459857048382,-0.15728459857048382,0.7680491551464114,-0.7621951219517038,-0.7621951219516987,0.0,-0.7621951219516954,0.504546396787182,,0.0,0.0,0.0,0.00031938167707527864,0.16277674856206914,0.0,
035_210℃_200_1.0mm.csv,1.0,200,1.491035,0.300041344,1.500795,0.300192179,0.00976,1.684188318,22.87110372,1.56315,17.94598894,1.56532,4.925114779,22.82182385,210,0.009759999999999991,1383996.139,1793.0327868852476,40.0,71721.31147540991,3.6755924671129216,10758.196721311488,0.009747000000000039,9.087078738518313e-05,-9.087078738518313e-05,1795.550138777573,16.88161379034512,-16.88161379034512,71822.00555110292,675.2645516138016,-675.2645516138016,1379587.901,20749.697380441517,-20749.697380441517,10772.922047023003,10874.255977687471,10672.532416872058,3.6585416772170447,3.7478052397532693,3.571404154612709,23.008252088,0.15671316380352499,-0.15671316380352499,1.563395,0.00024884734276254156,-0.00024884734276254156,18.079822042,0.15638274989059195,-0.15638274989059195,1.5655670000000002,0.00023615672761961648,-0.00023615672761961648,4.9284300466,0.003810828463661947,-0.003810828463661947,22.958955836,0.15728459857048382,-0.15728459857048382,-0.05120327701006394,0.051229508197052416,0.051229508197057495,-0.27877420243513945,0.05122950819707779,-0.5904665918924019,,-0.395766704886257,-0.01279304058591985,-0.44955971427533287,-0.013094648760001324,-0.036812204676419144,-0.39555720743144884,
036_210℃_240_1.0mm.csv,1.0,240,1.491375,0.300167264,1.500235,0.300015203,0.00886,1.555178785,22.59364471,1.561375,17.7045694,1.5635,4.889075312,22.54504907,210,0.00886000000000009,1255163.582,1975.1693002257136,40.0,79006.77200902854,3.0260542412299625,11851.015801354282,0.008953000000000034,0.0001970596356435977,-0.0001970596356435977,1955.4070040947104,42.87917633897216,-42.87917633897216,78216.28016378841,1715.167053558882,-1715.167053558882,1277382.8812,40176.559236739675,-40176.559236739675,11730.179825506413,11990.750470985518,11475.271633053053,3.1101224192298305,3.2792324786732565,2.9497333676414286,22.77661128,0.10957286477607675,-0.10957286477607675,1.5616590000000001,0.00016505302178393955,-0.00016505302178393955,17.869992008,0.10218444594897581,-0.10218444594897581,1.563765,0.0001534600925322895,-0.0001534600925322895,4.9066192725999995,0.015789194801870583,-0.015789194801870583,22.728863156,0.11001068302093286,-0.11001068302093286,-0.33745781777248907,0.3386004514669774,0.3386004514669797,-1.6315548488172258,0.3386004514669735,-1.9635068572011436,,-0.9067559927465536,-0.02081065505539673,-1.0492622001853684,-0.019823380078144562,-0.243134953430794,-0.9117943228925535,
037_210℃_240_1.0mm.csv,1.0,240,1.49143,0.300226064,1.50032,0.300198897,0.00889,1.576180824,22.8003886,1.56169,17.89939726,1.5638,4.900991335,22.75250512,210,0.008890000000000065,1275981.927,1968.5039370078598,40.0,78740.15748031439,3.086661042457165,11811.02362204716,0.008953000000000034,0.0001970596356435977,-0.0001970596356435977,1955.4070040947104,42.87917633897216,-42.87917633897216,78216.28016378841,1715.167053558882,-1715.167053558882,1277382.8812,40176.559236739675,-40176.559236739675,11730.179825506413,11990.750470985518,11475.271633053053,3.1101224192298305,3.2792324786732565,2.9497333676414286,22.77661128,0.10957286477607675,-0.10957286477607675,1.5616590000000001,0.00016505302178393955,-0.00016505302178393955,17.869992008,0.10218444594897581,-0.10218444594897581,1.563765,0.0001534600925322895,-0.0001534600925322895,4.9066192725999995,0.015789194801870583,-0.015789194801870583,22.728863156,0.11001068302093286,-0.11001068302093286,0.0,0.0,0.0,0.0,0.0,0.0,,0.0,-0.0006403278478622982,0.03962960256917979,-0.0006394638734784576,0.0,0.0,
038_210℃_240_1.0mm.csv,1.0,240,1.4913,0.300306277,1.500385,0.300116148,0.009085,1.590965052,22.78038946,1.561725,17.86950563,1.563815,4.910883829,22.733459,210,0.00908500000000001,1290848.9039999999,1926.2520638414949,40.0,77050.0825536598,3.191118991248983,11557.51238304897,0.008953000000000034,0.0001970596356435977,-0.0001970596356435977,1955.4070040947104,42.87917633897216,-42.87917633897216,78216.28016378841,1715.167053558882,-1715.167053558882,1277382.8812,40176.559236739675,-40176.559236739675,11730.179825506413,11990.750470985518,11475.271633053053,3.1101224192298305,3.2792324786732565,2.9497333676414286,22.77661128,0.10957286477607675,-0.10957286477607675,1.5616590000000001,0.00016505302178393955,-0.00016505302178393955,17.869992008,0.10218444594897581,-0.10218444594897581,1.563765,0.0001534600925322895,-0.0001534600925322895,4.9066192725999995,0.015789194801870583,-0.015789194801870583,22.728863156,0.11001068302093286,-0.11001068302093286,2.193475815522427,-2.146395156851354,-2.146395156851345,1.1651400921448911,-2.1463951568513537,3.38417297380547,,-0.08771403133016348,0.0016008196196415274,-0.1274345476913305,0.0003197319367463283,0.20184679636861053,-0.08370999105174017,
039_210℃_240_1.0mm.csv,1.0,240,1.49141,0.300170773,1.500125,0.300344834,0.008715,1.529288124,22.88507514,1.561805,17.98418114,1.5639,4.900894007,22.83779395,210,0.008715000000000028,1228943.29,2008.0321285140496,40.0,80321.28514056199,2.9143512305714383,12048.192771084297,0.008953000000000034,0.0001970596356435977,-0.0001970596356435977,1955.4070040947104,42.87917633897216,-42.87917633897216,78216.28016378841,1715.167053558882,-1715.167053558882,1277382.8812,40176.559236739675,-40176.559236739675,11730.179825506413,11990.750470985518,11475.271633053053,3.1101224192298305,3.2792324786732565,2.9497333676414286,22.77661128,0.10957286477607675,-0.10957286477607675,1.5616590000000001,0.00016505302178393955,-0.00016505302178393955,17.869992008,0.10218444594897581,-0.10218444594897581,1.563765,0.0001534600925322895,-0.0001534600925322895,4.9066192725999995,0.015789194801870583,-0.015789194801870583,22.728863156,0.11001068302093286,-0.11001068302093286,-1.9685039370082675,2.0080321285144582,2.0080321285144658,-3.6864657723322027,2.0080321285144467,-5.582401485475648,,0.37142586245218584,0.006723442402511477,0.5134862262457166,0.005755174861405511,-0.001985883943617319,0.3748546788592027,
040_210℃_240_1.0mm.csv,1.0,240,1.491355,0.300238452,1.50057,0.300310082,0.009215,1.636286785,22.82355849,1.5617,17.89230661,1.56381,4.93125188,22.77550864,210,0.009214999999999973,1335976.703,1899.077590884433,40.0,75963.10363537732,3.349938862080262,11394.465545306599,0.008953000000000034,0.0001970596356435977,-0.0001970596356435977,1955.4070040947104,42.87917633897216,-42.87917633897216,78216.28016378841,1715.167053558882,-1715.167053558882,1277382.8812,40176.559236739675,-40176.559236739675,11730.179825506413,11990.750470985518,11475.271633053053,3.1101224192298305,3.2792324786732565,2.9497333676414286,22.77661128,0.10957286477607675,-0.10957286477607675,1.5616590000000001,0.00016505302178393955,-0.00016505302178393955,17.869992008,0.10218444594897581,-0.10218444594897581,1.563765,0.0001534600925322895,-0.0001534600925322895,4.9066192725999995,0.015789194801870583,-0.015789194801870583,22.728863156,0.11001068302093286,-0.11001068302093286,3.6557930258707128,-3.5268583830701075,-3.5268583830700986,4.701851549030605,-3.526858383070107,8.529534535917561,,0.10162059255427935,0.0,0.0,0.0,0.617437227115603,0.10110324062638061,
001_210℃_280_1.0mm.csv,1.0,280,1.491585,0.300137759,1.49976,0.300139725,0.008175,1.444465899,22.60839557,1.560685,17.74434517,1.562795,4.864050399,22.55988882,210,0.008175000000000043,1144326.174,2140.6727828746066,40.0,85626.91131498426,2.5455418972653203,12844.036697247639,0.008341666666666617,0.00015118972628230004,-0.00015118972628230004,2098.3646582047118,38.282890684446805,-38.282890684446805,83934.58632818848,1531.31562737787,-1531.31562737787,1169528.4086666666,26380.180431901805,-26380.180431901805,12588.79715163188,12819.821813812823,12361.935760618893,2.653902486753224,2.7630002072988944,2.549112515659334,22.733788713333336,0.12185458983565445,-0.12185458983565445,1.5608816666666667,0.00018817102150247178,-0.00018817102150247178,17.850156403333333,0.10944645001455622,-0.10944645001455622,1.5629799999999998,0.00017585505395063992,-0.00017585505395063992,4.883632311333334,0.017562107892499974,-0.017562107892499974,22.68572218,0.12237979399023068,-0.12237979399023068,-2.446300715987981,2.507645259936256,2.5076452599362518,-1.9691517435147305,2.507645259936249,-4.367281086302216,,-0.5840014752358376,-0.013774104683186251,-0.5541103601979152,-0.013115802943058908,-0.5074369844577842,-0.5863531715895648,
002_210℃_280_1.0mm.csv,1.0,280,1.491515,0.300198098,1.499985,0.300187487,0.00847,1.497134214,22.74120454,1.5609,17.84321628,1.563,4.897988261,22.69294965,210,0.008469999999999978,1196946.7269999997,2066.1157024793442,40.0,82644.62809917377,2.75867721841904,12396.694214876066,0.008341666666666617,0.00015118972628230004,-0.00015118972628230004,2098.3646582047118,38.282890684446805,-38.282890684446805,83934.58632818848,1531.31562737787,-1531.31562737787,1169528.4086666666,26380.180431901805,-26380.180431901805,12588.79715163188,12819.821813812823,12361.935760618893,2.653902486753224,2.7630002072988944,2.549112515659334,22.733788713333336,0.12185458983565445,-0.12185458983565445,1.5608816666666667,0.00018817102150247178,-0.00018817102150247178,17.850156403333333,0.10944645001455622,-0.10944645001455622,1.5629799999999998,0.00017585505395063992,-0.00017585505395063992,4.883632311333334,0.017562107892499974,-0.017562107892499974,22.68572218,0.12237979399023068,-0.12237979399023068,1.0739856801926888,-1.0625737898482353,-1.0625737898482308,2.5386866364149605,-1.062573789848228,3.639937447547703,,0.0,0.0,0.0,0.0,0.18675090355052645,0.0,
003_210℃_280_1.0mm.csv,1.0,280,1.491475,0.300117268,1.499855,0.300042356,0.00838,1.467354681,22.85176603,1.56106,17.96290776,1.563145,4.888858274,22.80432807,210,0.008379999999999832,1167312.325,2088.305489260185,40.0,83532.2195704074,2.6617897370067496,12529.83293556111,0.008341666666666617,0.00015118972628230004,-0.00015118972628230004,2098.3646582047118,38.282890684446805,-38.282890684446805,83934.58632818848,1531.31562737787,-1531.31562737787,1169528.4086666666,26380.180431901805,-26380.180431901805,12588.79715163188,12819.821813812823,12361.935760618893,2.653902486753224,2.7630002072988944,2.549112515659334,22.733788713333336,0.12185458983565445,-0.12185458983565445,1.5608816666666667,0.00018817102150247178,-0.00018817102150247178,17.850156403333333,0.10944645001455622,-0.10944645001455622,1.5629799999999998,0.00017585505395063992,-0.00017585505395063992,4.883632311333334,0.017562107892499974,-0.017562107892499974,22.68572218,0.12237979399023068,-0.12237979399023068,0.0,0.0,0.0,0.0,0.0,0.0,,0.4861725323543572,0.010250496508420652,0.6707954335237155,0.009277031349971961,0.0,0.4908062711891718,
004_210℃_320_1.0mm.csv,1.0,320,1.491605,0.300031515,1.49997,0.300236015,0.008365,1.493876601,22.8298507,1.560955,17.91729206,1.56299,4.912558644,22.78269831,210,0.008364999999999956,1193640.586,2092.050209205032,40.0,83682.00836820128,2.716953333847605,12552.301255230192,0.008071666666666625,0.00025526130402653903,-0.00025526130402653903,2169.499314752665,67.43365777320007,-67.43365777320007,86779.97259010661,2697.346310927995,-2697.346310927995,1135791.8046666665,50520.49716100468,-50520.49716100468,13012.754726827538,13427.280692671597,12611.025974379987,2.4921793222107085,2.687164533581412,2.311342568136963,22.914232246666668,0.07501925591508946,-0.07501925591508946,1.5610783333333333,0.00010866615541803954,-0.00010866615541803954,18.013914936666666,0.08538124377216574,-0.08538124377216574,1.5630983333333333,9.543758868140198e-05,-9.543758868140198e-05,4.900317309666667,0.010601309423769762,-0.010601309423769762,22.86769311,0.0755606342444848,-0.0755606342444848,5.220125786164269,-4.96114763897259,-4.96114763897259,7.208394527057427,-4.96114763897259,12.804807574697108,,-0.47782491155951357,-0.010569334836525744,-0.7091314492332129,-0.00927623014006082,0.37501783967136765,-0.4823458694712972,
005_210℃_320_1.0mm.csv,1.0,320,1.49167,0.300291767,1.49957,0.300097192,0.0079,1.40044851,22.93946116,1.56112,18.04525665,1.563135,4.894204504,22.89312234,210,0.007900000000000018,1100351.318,2215.1898734177166,40.0,88607.59493670866,2.365381064544223,13291.139240506298,0.008071666666666625,0.00025526130402653903,-0.00025526130402653903,2169.499314752665,67.43365777320007,-67.43365777320007,86779.97259010661,2697.346310927995,-2697.346310927995,1135791.8046666665,50520.49716100468,-50520.49716100468,13012.754726827538,13427.280692671597,12611.025974379987,2.4921793222107085,2.687164533581412,2.311342568136963,22.914232246666668,0.07501925591508946,-0.07501925591508946,1.5610783333333333,0.00010866615541803954,-0.00010866615541803954,18.013914936666666,0.08538124377216574,-0.08538124377216574,1.5630983333333333,9.543758868140198e-05,-9.543758868140198e-05,4.900317309666667,0.010601309423769762,-0.010601309423769762,22.86769311,0.0755606342444848,-0.0755606342444848,-0.6289308176086049,0.6329113924035878,0.6329113924035796,-1.1705034144074973,0.6329113924035741,-1.7920725753217186,,0.0,0.0,0.0,0.0,0.0,0.0,
006_210℃_320_1.0mm.csv,1.0,320,1.491675,0.30024748,1.499625,0.300298392,0.00795,1.413681902,22.97338488,1.56116,18.0791961,1.56317,4.894188781,22.92725868,210,0.007949999999999902,1113383.51,2201.2578616352475,40.0,88050.3144654099,2.4085439195918066,13207.547169811485,0.008071666666666625,0.00025526130402653903,-0.00025526130402653903,2169.499314752665,67.43365777320007,-67.43365777320007,86779.97259010661,2697.346310927995,-2697.346310927995,1135791.8046666665,50520.49716100468,-50520.49716100468,13012.754726827538,13427.280692671597,12611.025974379987,2.4921793222107085,2.687164533581412,2.311342568136963,22.914232246666668,0.07501925591508946,-0.07501925591508946,1.5610783333333333,0.00010866615541803954,-0.00010866615541803954,18.013914936666666,0.08538124377216574,-0.08538124377216574,1.5630983333333333,9.543758868140198e-05,-9.543758868140198e-05,4.900317309666667,0.010601309423769762,-0.010601309423769762,22.86769311,0.0755606342444848,-0.0755606342444848,0.0,0.0,0.0,0.0,0.0,0.0,,0.1478836828964149,0.002562262990675925,0.18807961924998098,0.0022390900338107233,-0.0003212575197234845,0.14911177030821685,
001_230℃_010_1.0mm.csv,1.0,10,1.41534,0.300170522,1.60852,0.300010092,0.19318,3.561573568,36.0957761,2.59174,28.32215095,2.59544,7.773625147,36.05445684,230,0.1931799999999999,3261563.4760000003,90.5890878972979,40.0,3623.563515891916,171.44730130440266,543.5345273837873,0.19261199999999995,0.007037593338635057,-0.007037593338635057,90.95059293786726,3.2296515991538826,-3.2296515991538826,3638.0237175146904,129.18606396615513,-129.18606396615513,3207058.6708,131991.93576175903,-131991.93576175903,545.4230854961078,565.4288288370357,526.1251761852316,167.88619442280697,181.19958145045737,155.55098997554222,36.374959674,0.205525659935129,-0.205525659935129,2.605124,0.008492271780860506,-0.008492271780860506,28.647864293999998,0.19150307758349486,-0.19150307758349486,2.608752,0.008469505298422119,-0.008469505298422119,7.7270953784,0.10635320434828947,-0.10635320434828947,36.334750958,0.20509271679839122,-0.20509271679839122,1.257993500366893,-1.2423646340200665,-1.2423646340200758,2.612638973624436,-1.2423646340200716,3.9034993024675875,,-0.7069334429263807,-0.5861098112020521,-1.2552764900697304,-0.5807094154600414,0.0,-0.7185035379231973,
002_230℃_010_1.0mm.csv,1.0,10,1.41336,0.300208596,1.60276,0.300121564,0.1894,3.415729684,36.47844281,2.60702,28.68219176,2.61078,7.796251051,36.43522821,230,0.1894,3115608.12,92.39704329461456,40.0,3695.8817317845824,160.57038855183677,554.3822597676874,0.19261199999999995,0.007037593338635057,-0.007037593338635057,90.95059293786726,3.2296515991538826,-3.2296515991538826,3638.0237175146904,129.18606396615513,-129.18606396615513,3207058.6708,131991.93576175903,-131991.93576175903,545.4230854961078,565.4288288370357,526.1251761852316,167.88619442280697,181.19958145045737,155.55098997554222,36.374959674,0.205525659935129,-0.205525659935129,2.605124,0.008492271780860506,-0.008492271780860506,28.647864293999998,0.19150307758349486,-0.19150307758349486,2.608752,0.008469505298422119,-0.008469505298422119,7.7270953784,0.10635320434828947,-0.10635320434828947,36.334750958,0.20509271679839122,-0.20509271679839122,-0.723346262710943,0.7286166842660621,0.7286166842660559,-1.9792889044319355,0.7286166842660724,-2.6883180548243986,,0.34571468409937145,0.0,0.0,0.00689496667433889,0.2910598796847268,0.3300090382411572,
003_230℃_010_1.0mm.csv,1.0,10,1.4144,0.300072743,1.60518,0.300137892,0.19078,3.47865811,36.30035942,2.60456,28.66401641,2.6081,7.636343002,36.26203568,230,0.19077999999999995,3178520.218,91.72869273508756,40.0,3669.1477094035026,165.00628222858225,550.3721564105253,0.19261199999999995,0.007037593338635057,-0.007037593338635057,90.95059293786726,3.2296515991538826,-3.2296515991538826,3638.0237175146904,129.18606396615513,-129.18606396615513,3207058.6708,131991.93576175903,-131991.93576175903,545.4230854961078,565.4288288370357,526.1251761852316,167.88619442280697,181.19958145045737,155.55098997554222,36.374959674,0.205525659935129,-0.205525659935129,2.605124,0.008492271780860506,-0.008492271780860506,28.647864293999998,0.19150307758349486,-0.19150307758349486,2.608752,0.008469505298422119,-0.008469505298422119,7.7270953784,0.10635320434828947,-0.10635320434828947,36.334750958,0.20509271679839122,-0.20509271679839122,0.0,0.0,0.0,0.0,0.0,0.0,,-0.14416107995101174,-0.09436061096576492,-0.06336806528623504,-0.0957634260323277,-1.7659990339639602,-0.14690325115372238,
004_230℃_010_1.0mm.csv,1.0,10,1.41432,0.300043189,1.59984,0.300058423,0.18552,3.373433573,36.35276596,2.6071,28.76009954,2.6106,7.592666419,36.31538416,230,0.1855199999999999,3073375.15,94.32945235015097,40.0,3773.178094006039,155.14899532734688,565.9767141009058,0.19261199999999995,0.007037593338635057,-0.007037593338635057,90.95059293786726,3.2296515991538826,-3.2296515991538826,3638.0237175146904,129.18606396615513,-129.18606396615513,3207058.6708,131991.93576175903,-131991.93576175903,545.4230854961078,565.4288288370357,526.1251761852316,167.88619442280697,181.19958145045737,155.55098997554222,36.374959674,0.205525659935129,-0.205525659935129,2.605124,0.008492271780860506,-0.008492271780860506,28.647864293999998,0.19150307758349486,-0.19150307758349486,2.608752,0.008469505298422119,-0.008469505298422119,7.7270953784,0.10635320434828947,-0.10635320434828947,36.334750958,0.20509271679839122,-0.20509271679839122,-2.7571024216375113,2.8352738249245553,2.835273824924552,-3.307988019222345,2.835273824924561,-5.973885823074376,,0.0,0.0030686377549876877,0.27162422123071506,0.0,-2.327855081484538,0.0,
005_230℃_010_1.0mm.csv,1.0,10,1.41316,0.300108546,1.61734,0.300042999,0.20418,3.706269389,36.64745408,2.6152,28.81086281,2.61884,7.836591273,36.6066499,230,0.20418000000000003,3406226.39,85.70868841218531,40.0,3428.3475364874125,189.2471576354286,514.252130473112,0.19261199999999995,0.007037593338635057,-0.007037593338635057,90.95059293786726,3.2296515991538826,-3.2296515991538826,3638.0237175146904,129.18606396615513,-129.18606396615513,3207058.6708,131991.93576175903,-131991.93576175903,545.4230854961078,565.4288288370357,526.1251761852316,167.88619442280697,181.19958145045737,155.55098997554222,36.374959674,0.205525659935129,-0.205525659935129,2.605124,0.008492271780860506,-0.008492271780860506,28.647864293999998,0.19150307758349486,-0.19150307758349486,2.608752,0.008469505298422119,-0.008469505298422119,7.7270953784,0.10635320434828947,-0.10635320434828947,36.334750958,0.20509271679839122,-0.20509271679839122,7.023797043715317,-6.562836712704523,-6.562836712704521,7.163905099942336,-6.562836712704502,14.690880298281982,,0.8106346579631862,0.3137682104471887,0.4486095451723639,0.3156362522025683,0.8099969423442032,0.802045047125835,
006_230℃_020_1.0mm.csv,1.0,20,1.45837,0.300033094,1.55196,0.300022437,0.09359,3.373236315,28.87292456,2.01023,22.67028669,2.012285,6.202637869,28.85298236,230,0.09359000000000006,3073213.878,186.9857890800298,40.0,7479.431563201192,78.26451342640006,1121.9147344801788,0.09254000000000003,0.000805923383455299,-0.000805923383455299,189.11885037214785,1.641625530247956,-1.641625530247956,7564.754014885913,65.66502120991764,-65.66502120991764,3028588.7517999997,29988.702342075772,-29988.702342075772,1134.678827157253,1144.587631253805,1124.8558045211525,76.25746142027666,77.680716392942,74.8602831216081,29.194364168,0.22637369451389772,-0.22637369451389772,2.015979,0.0038839194121403045,-0.0038839194121403045,23.01204475,0.23022306430776648,-0.23022306430776648,2.0180029999999998,0.0038671898712113804,-0.0038671898712113804,6.1823194164,0.019308387443524203,-0.019308387443524203,29.174865849999996,0.2266542660264956,-0.2266542660264956,1.5461400748657395,-1.5225985682231031,-1.5225985682231002,1.9986904956658038,-1.522598568223108,3.575733125257558,,-1.6334720916308103,-0.4082299959870717,-2.0782845507971817,-0.40584315152055,0.35148792791388106,-1.6377723193372884,
007_230℃_020_1.0mm.csv,1.0,20,1.458265,0.300047683,1.55043,0.30001542,0.092165,3.313008884,29.35308959,2.01847,23.17217688,2.02049,6.180912707,29.33365099,230,0.09216500000000005,3012993.464,189.87685129930006,40.0,7595.074051972002,75.56259662845176,1139.2611077958004,0.09254000000000003,0.000805923383455299,-0.000805923383455299,189.11885037214785,1.641625530247956,-1.641625530247956,7564.754014885913,65.66502120991764,-65.66502120991764,3028588.7517999997,29988.702342075772,-29988.702342075772,1134.678827157253,1144.587631253805,1124.8558045211525,76.25746142027666,77.680716392942,74.8602831216081,29.194364168,0.22637369451389772,-0.22637369451389772,2.015979,0.0038839194121403045,-0.0038839194121403045,23.01204475,0.23022306430776648,-0.23022306430776648,2.0180029999999998,0.0038671898712113804,-0.0038671898712113804,6.1823194164,0.019308387443524203,-0.019308387443524203,29.174865849999996,0.2266542660264956,-0.2266542660264956,0.0,0.0,0.0,0.0,0.0,0.0,,0.002391526062851493,0.0,0.08957283203885695,0.00024746533630562966,0.0,0.0008672026747524586,
008_230℃_020_1.0mm.csv,1.0,20,1.458265,0.300065713,1.55016,0.300039578,0.091895,3.303752156,29.35714738,2.019045,23.19007934,2.02107,6.167068045,29.33765586,230,0.09189500000000006,3003712.578,190.43473529571781,40.0,7617.389411828713,75.10916118511842,1142.608411774307,0.09254000000000003,0.000805923383455299,-0.000805923383455299,189.11885037214785,1.641625530247956,-1.641625530247956,7564.754014885913,65.66502120991764,-65.66502120991764,3028588.7517999997,29988.702342075772,-29988.702342075772,1134.678827157253,1144.587631253805,1124.8558045211525,76.25746142027666,77.680716392942,74.8602831216081,29.194364168,0.22637369451389772,-0.22637369451389772,2.015979,0.0038839194121403045,-0.0038839194121403045,23.01204475,0.23022306430776648,-0.23022306430776648,2.0180029999999998,0.0038671898712113804,-0.0038671898712113804,6.1823194164,0.019308387443524203,-0.019308387443524203,29.174865849999996,0.2266542660264956,-0.2266542660264956,-0.2929528562903405,0.29381359159910087,0.29381359159910386,-0.30802874652369105,0.29381359159909587,-0.6000792238029051,,0.016215921040642227,0.02848692326365971,0.16690046436801506,0.028953444346286054,-0.22399057641310804,0.014520139132297001,
009_230℃_020_1.0mm.csv,1.0,20,1.458105,0.300045848,1.551315,0.300061382,0.09321,3.345746508,29.35238762,2.01849,23.15143948,2.020485,6.200948134,29.33339661,230,0.09321000000000002,3045685.126,187.74809569788647,40.0,7509.923827915459,77.24851988964899,1126.4885741873188,0.09254000000000003,0.000805923383455299,-0.000805923383455299,189.11885037214785,1.641625530247956,-1.641625530247956,7564.754014885913,65.66502120991764,-65.66502120991764,3028588.7517999997,29988.702342075772,-29988.702342075772,1134.678827157253,1144.587631253805,1124.8558045211525,76.25746142027666,77.680716392942,74.8602831216081,29.194364168,0.22637369451389772,-0.22637369451389772,2.015979,0.0038839194121403045,-0.0038839194121403045,23.01204475,0.23022306430776648,-0.23022306430776648,2.0180029999999998,0.0038671898712113804,-0.0038671898712113804,6.1823194164,0.019308387443524203,-0.019308387443524203,29.174865849999996,0.2266542660264956,-0.2266542660264956,1.133836054901494,-1.1211243428816193,-1.1211243428816164,1.0850226656847473,-1.1211243428816244,2.2311610987736055,,0.0,0.0009908495048074498,0.0,0.0,0.32414997508878146,0.0,
010_230℃_020_1.0mm.csv,1.0,20,1.458385,0.300081325,1.550225,0.30010739,0.09184,3.307446103,29.03627169,2.01366,22.87624136,2.015685,6.160030327,29.01664343,230,0.09183999999999992,3007338.713,190.54878048780503,40.0,7621.9512195122015,75.15482650392374,1143.2926829268304,0.09254000000000003,0.000805923383455299,-0.000805923383455299,189.11885037214785,1.641625530247956,-1.641625530247956,7564.754014885913,65.66502120991764,-65.66502120991764,3028588.7517999997,29988.702342075772,-29988.702342075772,1134.678827157253,1144.587631253805,1124.8558045211525,76.25746142027666,77.680716392942,74.8602831216081,29.194364168,0.22637369451389772,-0.22637369451389772,2.015979,0.0038839194121403045,-0.0038839194121403045,23.01204475,0.23022306430776648,-0.23022306430776648,2.0180029999999998,0.0038671898712113804,-0.0038671898712113804,6.1823194164,0.019308387443524203,-0.019308387443524203,29.174865849999996,0.2266542660264956,-0.2266542660264956,-0.3526284381274134,0.35387630662034925,0.3538763066203552,-0.18767883394254065,0.3538763066203592,-0.539645463129142,,-1.0769683682720415,-0.23829930590994292,-1.1886868643210555,-0.23756672284129385,-0.33785269247291044,-1.0798380569811643,
011_230℃_040_1.0mm.csv,1.0,40,1.478965,0.300057483,1.524485,0.300183403,0.04552,3.369971902,24.89681998,1.73261,19.39122157,1.734355,5.505598409,24.87357168,230,0.045520000000000005,3069788.499,384.44639718804916,40.0,15377.855887521966,38.02361155768164,2306.6783831282946,0.04562900000000005,0.00021122854920680332,-0.00021122854920680332,383.5345734014144,1.7697158442674248,-1.7697158442674248,15341.382936056576,70.78863377069673,-70.78863377069673,3074898.4298,9630.382891319667,-9630.382891319667,2301.1877998224654,2311.8479196177796,2290.5768347111966,38.177629985644415,38.47285283837757,37.88467253634111,25.050088272,0.08888231669788443,-0.08888231669788443,1.733932,0.0007995358028256601,-0.0007995358028256601,19.535132678,0.08339060206269239,-0.08339060206269239,1.735662,0.000787603961391778,-0.000787603961391778,5.5149555962,0.009172503118776336,-0.009172503118776336,25.027156034,0.0891308861121415,-0.0891308861121415,-0.08779631255496041,0.08787346221450218,0.08787346221449627,-0.18359433136978848,0.08787346221449233,-0.27122945487174216,,-0.7181373000767202,-0.08189016337664151,-0.8989564472714493,-0.08180783799743498,-0.1726780173609012,-0.7202180109157762,
012_230℃_040_1.0mm.csv,1.0,40,1.47897,0.300050549,1.524655,0.300144545,0.045685,3.377363046,25.0769066,1.734335,19.57101971,1.736065,5.505886893,25.05401521,230,0.0456850000000002,3077218.501,383.05789646492116,40.0,15322.315858596847,38.25380332467636,2298.347378789527,0.04562900000000005,0.00021122854920680332,-0.00021122854920680332,383.5345734014144,1.7697158442674248,-1.7697158442674248,15341.382936056576,70.78863377069673,-70.78863377069673,3074898.4298,9630.382891319667,-9630.382891319667,2301.1877998224654,2311.8479196177796,2290.5768347111966,38.177629985644415,38.47285283837757,37.88467253634111,25.050088272,0.08888231669788443,-0.08888231669788443,1.733932,0.0007995358028256601,-0.0007995358028256601,19.535132678,0.08339060206269239,-0.08339060206269239,1.735662,0.000787603961391778,-0.000787603961391778,5.5149555962,0.009172503118776336,-0.009172503118776336,25.027156034,0.0891308861121415,-0.0891308861121415,0.2743634767343122,-0.273612783189566,-0.273612783189566,0.05799758741952177,-0.27361278318956606,0.3325201883510996,,0.0,0.01758908438723665,0.019922398938332992,0.01670723452059751,-0.16744723534314437,0.0,
013_230℃_040_1.0mm.csv,1.0,40,1.478835,0.300044853,1.5248,0.300030734,0.045965,3.389030029,25.12814011,1.73473,19.60400254,1.736435,5.524137577,25.10589617,230,0.045965000000000034,3088999.2950000004,380.7244642662893,40.0,15228.978570651572,38.63560614821092,2284.346785597736,0.04562900000000005,0.00021122854920680332,-0.00021122854920680332,383.5345734014144,1.7697158442674248,-1.7697158442674248,15341.382936056576,70.78863377069673,-70.78863377069673,3074898.4298,9630.382891319667,-9630.382891319667,2301.1877998224654,2311.8479196177796,2290.5768347111966,38.177629985644415,38.47285283837757,37.88467253634111,25.050088272,0.08888231669788443,-0.08888231669788443,1.733932,0.0007995358028256601,-0.0007995358028256601,19.535132678,0.08339060206269239,-0.08339060206269239,1.735662,0.000787603961391778,-0.000787603961391778,5.5149555962,0.009172503118776336,-0.009172503118776336,25.027156034,0.0891308861121415,-0.0891308861121415,0.8889376646180603,-0.8811051887305188,-0.8811051887305247,0.44105867237232826,-0.881105188730509,1.3339170736521622,,0.20430554221547975,0.040368390396944974,0.1884849033954494,0.038023361322745336,0.16347354251329832,0.20707642892822314,
014_230℃_040_1.0mm.csv,1.0,40,1.47902,0.300034,1.52458,0.300091214,0.04556,3.375526037,25.08224328,1.73403,19.56712147,1.735775,5.515121812,25.05877742,230,0.045560000000000045,3075434.8230000003,384.10886742756765,40.0,15364.354697102706,38.12702327506943,2304.6532045654058,0.04562900000000005,0.00021122854920680332,-0.00021122854920680332,383.5345734014144,1.7697158442674248,-1.7697158442674248,15341.382936056576,70.78863377069673,-70.78863377069673,3074898.4298,9630.382891319667,-9630.382891319667,2301.1877998224654,2311.8479196177796,2290.5768347111966,38.177629985644415,38.47285283837757,37.88467253634111,25.050088272,0.08888231669788443,-0.08888231669788443,1.733932,0.0007995358028256601,-0.0007995358028256601,19.535132678,0.08339060206269239,-0.08339060206269239,1.735662,0.000787603961391778,-0.000787603961391778,5.5149555962,0.009172503118776336,-0.009172503118776336,25.027156034,0.0891308861121415,-0.0891308861121415,0.0,0.0,0.0,0.0,0.0,0.0,,0.021281253246758933,0.0,0.0,0.0,0.0,0.019007771648906494,
015_230℃_040_1.0mm.csv,1.0,40,1.47901,0.300102853,1.524425,0.300051389,0.045415,3.36310242,25.06633139,1.733955,19.5422981,1.73568,5.52403329,25.04351969,230,0.04541499999999998,3063051.031,385.33524166024455,40.0,15413.409666409781,37.85264287697005,2312.0114499614674,0.04562900000000005,0.00021122854920680332,-0.00021122854920680332,383.5345734014144,1.7697158442674248,-1.7697158442674248,15341.382936056576,70.78863377069673,-70.78863377069673,3074898.4298,9630.382891319667,-9630.382891319667,2301.1877998224654,2311.8479196177796,2290.5768347111966,38.177629985644415,38.47285283837757,37.88467253634111,25.050088272,0.08888231669788443,-0.08888231669788443,1.733932,0.0007995358028256601,-0.0007995358028256601,19.535132678,0.08339060206269239,-0.08339060206269239,1.735662,0.000787603961391778,-0.000787603961391778,5.5149555962,0.009172503118776336,-0.009172503118776336,25.027156034,0.0891308861121415,-0.0891308861121415,-0.31826163301154875,0.3192777716614844,0.31927777166147847,-0.4026680034766701,0.3192777716614943,-0.7196480987247544,,-0.042171110530843936,-0.004325184685388791,-0.1268626560021044,-0.005473059584345798,0.16158261419738731,-0.041891568724721,
016_230℃_080_1.0mm.csv,1.0,80,1.48678,0.300192169,1.508855,0.300208468,0.022075,2.865253463,22.6452516,1.608805,17.56040689,1.610765,5.084844703,22.60498353,230,0.022075000000000067,2565044.995,792.7519818799523,40.0,31710.07927519809,15.407719255680322,4756.511891279713,0.022671000000000018,0.00038851319153922485,-0.00038851319153922485,772.0944290296432,13.362448960084945,-13.362448960084945,30883.777161185724,534.4979584033979,-534.4979584033979,2640963.0916,52174.6595277282,-52174.6595277282,4632.01520574842,4712.47876654249,4552.92552586425,16.287562099663063,16.901635744868965,15.695799102220997,22.99117292,0.26460817173516066,-0.26460817173516066,1.6103650000000003,0.0011219402836158828,-0.0011219402836158828,17.858054838,0.23339538386422382,-0.23339538386422382,1.6123,0.0011032168871078752,-0.0011032168871078752,5.133118081,0.03449087060465645,-0.03449087060465645,22.95154165,0.2651302784159698,-0.2651302784159698,-3.073545554335557,3.1710079275194487,3.1710079275194487,-3.499954691107824,3.1710079275194287,-6.46592754363106,,-1.614285825483947,-0.09811318411435245,-1.694433191053523,-0.09644487446660545,-0.8871257735250018,-1.6199544291284989,
017_230℃_080_1.0mm.csv,1.0,80,1.486655,0.300001089,1.50943,0.300162672,0.022775,2.958239139,22.88698201,1.610045,17.75662458,1.61199,5.130357426,22.84691509,230,0.02277499999999999,2658076.4669999997,768.386388583974,40.0,30735.455543358963,16.472841234265296,4610.318331503845,0.022671000000000018,0.00038851319153922485,-0.00038851319153922485,772.0944290296432,13.362448960084945,-13.362448960084945,30883.777161185724,534.4979584033979,-534.4979584033979,2640963.0916,52174.6595277282,-52174.6595277282,4632.01520574842,4712.47876654249,4552.92552586425,16.287562099663063,16.901635744868965,15.695799102220997,22.99117292,0.26460817173516066,-0.26460817173516066,1.6103650000000003,0.0011219402836158828,-0.0011219402836158828,17.858054838,0.23339538386422382,-0.23339538386422382,1.6123,0.0011032168871078752,-0.0011032168871078752,5.133118081,0.03449087060465645,-0.03449087060465645,22.95154165,0.2651302784159698,-0.2651302784159698,0.0,0.0,0.0,0.0,0.0,0.0,,-0.5640515668569215,-0.021112963670178682,-0.5959796441498472,-0.020467401012202385,0.0,-0.5670344893176801,
018_230℃_080_1.0mm.csv,1.0,80,1.486635,0.300140825,1.50917,0.300000504,0.022535,2.912739241,23.03193914,1.610675,17.91129266,1.6126,5.120646487,22.99264377,230,0.02253499999999997,2612738.7369999997,776.5697803416916,40.0,31062.791213667664,16.02124284035236,4659.41868205015,0.022671000000000018,0.00038851319153922485,-0.00038851319153922485,772.0944290296432,13.362448960084945,-13.362448960084945,30883.777161185724,534.4979584033979,-534.4979584033979,2640963.0916,52174.6595277282,-52174.6595277282,4632.01520574842,4712.47876654249,4552.92552586425,16.287562099663063,16.901635744868965,15.695799102220997,22.99117292,0.26460817173516066,-0.26460817173516066,1.6103650000000003,0.0011219402836158828,-0.0011219402836158828,17.858054838,0.23339538386422382,-0.23339538386422382,1.6123,0.0011032168871078752,-0.0011032168871078752,5.133118081,0.03449087060465645,-0.03449087060465645,22.95154165,0.2651302784159698,-0.2651302784159698,-1.0537870472009576,1.0650099844686722,1.0650099844686662,-1.7056593579179369,1.065009984468662,-2.7414723877357674,,0.06573656761176233,0.018008116071630293,0.2698734859567252,0.01736627964672385,-0.18928386842573258,0.06719708003321682,
019_230℃_080_1.0mm.csv,1.0,80,1.486565,0.300086274,1.509655,0.300216797,0.02309,2.99584591,23.37488317,1.611915,18.19886513,1.613825,5.176018033,23.3359621,230,0.023090000000000055,2695629.113,757.9038544824581,40.0,30316.154179298323,16.93661937936603,4547.423126894749,0.022671000000000018,0.00038851319153922485,-0.00038851319153922485,772.0944290296432,13.362448960084945,-13.362448960084945,30883.777161185724,534.4979584033979,-534.4979584033979,2640963.0916,52174.6595277282,-52174.6595277282,4632.01520574842,4712.47876654249,4552.92552586425,16.287562099663063,16.901635744868965,15.695799102220997,22.99117292,0.26460817173516066,-0.26460817173516066,1.6103650000000003,0.0011219402836158828,-0.0011219402836158828,17.858054838,0.23339538386422382,-0.23339538386422382,1.6123,0.0011032168871078752,-0.0011032168871078752,5.133118081,0.03449087060465645,-0.03449087060465645,22.95154165,0.2651302784159698,-0.2651302784159698,1.3830954994514395,-1.36422693806872,-1.364226938068726,1.4127752330008565,-1.3642269380687297,2.815410763117318,,1.5557086778548133,0.09500833651580408,1.8797436238803242,0.09334375310112691,0.8900083017334843,1.5613664036202175,
020_230℃_080_1.0mm.csv,1.0,80,1.486635,0.300082193,1.509515,0.300202991,0.02288,2.973529137,23.01680868,1.610385,17.86308493,1.61232,5.153723756,22.97720376,230,0.02288000000000001,2673326.146,764.8601398601395,40.0,30594.40559440558,16.643728495368716,4589.160839160837,0.022671000000000018,0.00038851319153922485,-0.00038851319153922485,772.0944290296432,13.362448960084945,-13.362448960084945,30883.777161185724,534.4979584033979,-534.4979584033979,2640963.0916,52174.6595277282,-52174.6595277282,4632.01520574842,4712.47876654249,4552.92552586425,16.287562099663063,16.901635744868965,15.695799102220997,22.99117292,0.26460817173516066,-0.26460817173516066,1.6103650000000003,0.0011219402836158828,-0.0011219402836158828,17.858054838,0.23339538386422382,-0.23339538386422382,1.6123,0.0011032168871078752,-0.0011032168871078752,5.133118081,0.03449087060465645,-0.03449087060465645,22.95154165,0.2651302784159698,-0.2651302784159698,0.4610318331504799,-0.4589160839161826,-0.45891608391618555,0.5737110722481134,-0.45891608391619737,1.0373878960719671,,0.0,0.0,0.0,0.0,0.455452282556034,0.0,
021_230℃_120_1.0mm.csv,1.0,120,1.489025,0.3000814,1.50493,0.300217617,0.015905,2.481525515,21.12024936,1.57464,16.27220954,1.57696,4.84803982,21.06555566,230,0.015905000000000058,2181307.898,1100.282929896255,40.0,44011.3171958502,9.440463161276226,6601.69757937753,0.015330999999999984,0.0003342603775502604,-0.0003342603775502604,1141.902364621781,24.328644732422163,-24.328644732422163,45676.09458487124,973.1457892968893,-973.1457892968893,2048835.9596000002,79052.77167677309,-79052.77167677309,6850.150924127295,6999.400849832759,6704.083490866683,8.540564256660911,9.057815149250457,8.05285122518645,21.14990306,0.03523543876021626,-0.03523543876021626,1.574729,7.979661646960437e-05,-7.979661646960437e-05,16.335862331999998,0.044804776961436164,-0.044804776961436164,1.577046,8.134801780001569e-05,-8.134801780001569e-05,4.8140407298,0.020723258241365637,-0.020723258241365637,21.09521348,0.035134715675798685,-0.035134715675798685,4.2950819672135925,-4.118201823326449,-4.118201823326441,8.452622507915741,-4.118201823326436,13.73360298764961,,-0.16016021563744998,-0.006667746206530057,-0.44941225770498017,-0.006340912837811434,0.8231104299780377,-0.16283720266905977,
022_230℃_120_1.0mm.csv,1.0,120,1.488875,0.300029069,1.504125,0.300156205,0.01525,2.300441785,21.11604661,1.574745,16.31224358,1.57706,4.80380303,21.0614609,230,0.015249999999999986,2000285.5799999998,1147.5409836065585,40.0,45901.63934426234,8.300504787755093,6885.24590163935,0.015330999999999984,0.0003342603775502604,-0.0003342603775502604,1141.902364621781,24.328644732422163,-24.328644732422163,45676.09458487124,973.1457892968893,-973.1457892968893,2048835.9596000002,79052.77167677309,-79052.77167677309,6850.150924127295,6999.400849832759,6704.083490866683,8.540564256660911,9.057815149250457,8.05285122518645,21.14990306,0.03523543876021626,-0.03523543876021626,1.574729,7.979661646960437e-05,-7.979661646960437e-05,16.335862331999998,0.044804776961436164,-0.044804776961436164,1.577046,8.134801780001569e-05,-8.134801780001569e-05,4.8140407298,0.020723258241365637,-0.020723258241365637,21.09521348,0.035134715675798685,-0.035134715675798685,0.0,0.0,0.0,-0.5476406541818379,0.0,0.0,,-0.1800274946407069,0.0,-0.2044908656898466,0.0,-0.09686773209031199,-0.1822437271080214,
023_230℃_120_1.0mm.csv,1.0,120,1.489095,0.300206181,1.504155,0.30007122,0.01506,2.311371498,21.15412986,1.574765,16.34566898,1.577075,4.808460877,21.09991417,230,0.015059999999999851,2011300.2780000002,1162.0185922974883,40.0,46480.74369189954,8.24222644535502,6972.111553784931,0.015330999999999984,0.0003342603775502604,-0.0003342603775502604,1141.902364621781,24.328644732422163,-24.328644732422163,45676.09458487124,973.1457892968893,-973.1457892968893,2048835.9596000002,79052.77167677309,-79052.77167677309,6850.150924127295,6999.400849832759,6704.083490866683,8.540564256660911,9.057815149250457,8.05285122518645,21.14990306,0.03523543876021626,-0.03523543876021626,1.574729,7.979661646960437e-05,-7.979661646960437e-05,16.335862331999998,0.044804776961436164,-0.044804776961436164,1.577046,8.134801780001569e-05,-8.134801780001569e-05,4.8140407298,0.020723258241365637,-0.020723258241365637,21.09521348,0.035134715675798685,-0.035134715675798685,-1.2459016393451456,1.261620185923886,1.261620185923898,0.0,1.261620185923906,-0.7021060030716005,,0.0,0.0012700468964758724,0.0,0.0009511369256780508,0.0,0.0,
024_230℃_120_1.0mm.csv,1.0,120,1.489085,0.300092775,1.504385,0.300057329,0.0153,2.36180199,21.20368412,1.574835,16.38731825,1.57716,4.816365875,21.14879083,230,0.015300000000000091,2061744.661,1143.7908496731957,40.0,45751.63398692783,8.583590017224541,6862.745098039175,0.015330999999999984,0.0003342603775502604,-0.0003342603775502604,1141.902364621781,24.328644732422163,-24.328644732422163,45676.09458487124,973.1457892968893,-973.1457892968893,2048835.9596000002,79052.77167677309,-79052.77167677309,6850.150924127295,6999.400849832759,6704.083490866683,8.540564256660911,9.057815149250457,8.05285122518645,21.14990306,0.03523543876021626,-0.03523543876021626,1.574729,7.979661646960437e-05,-7.979661646960437e-05,16.335862331999998,0.044804776961436164,-0.044804776961436164,1.577046,8.134801780001569e-05,-8.134801780001569e-05,4.8140407298,0.020723258241365637,-0.020723258241365637,21.09521348,0.035134715675798685,-0.035134715675798685,0.3278688524597086,-0.3267973856216154,-0.32679738562160354,2.5080483283262343,-0.32679738562159566,3.410457998735873,,0.2342533601143223,0.005715211034162577,0.25480309218889263,0.006340912837811434,0.16439767739010525,0.2316438806632249,
025_230℃_120_1.0mm.csv,1.0,120,1.48893,0.300022025,1.50407,0.300002278,0.01514,2.289543659,21.15540535,1.57466,16.36187131,1.576975,4.793534047,21.10034584,230,0.015139999999999931,1989541.381,1155.8784676354082,40.0,46235.13870541633,8.19636911791561,6935.27080581245,0.015330999999999984,0.0003342603775502604,-0.0003342603775502604,1141.902364621781,24.328644732422163,-24.328644732422163,45676.09458487124,973.1457892968893,-973.1457892968893,2048835.9596000002,79052.77167677309,-79052.77167677309,6850.150924127295,6999.400849832759,6704.083490866683,8.540564256660911,9.057815149250457,8.05285122518645,21.14990306,0.03523543876021626,-0.03523543876021626,1.574729,7.979661646960437e-05,-7.979661646960437e-05,16.335862331999998,0.044804776961436164,-0.044804776961436164,1.577046,8.134801780001569e-05,-8.134801780001569e-05,4.8140407298,0.020723258241365637,-0.020723258241365637,21.09521348,0.035134715675798685,-0.035134715675798685,-0.7213114754101941,0.7265521796569068,0.7265521796569068,-1.0818323468655193,0.7265521796569201,-1.2545703243627282,,0.006029508225764495,-0.0053976993100541834,0.09912307669895236,-0.005389775912133382,-0.31042843815988647,0.0020458377058770404,
026_230℃_160_1.0mm.csv,1.0,160,1.49015,0.300106942,1.50191,0.300064118,0.01176,1.908094291,20.90773635,1.565295,16.282183,1.567635,4.625553348,20.85557421,230,0.011759999999999993,1608030.173,1488.095238095239,40.0,59523.809523809556,5.145696553599997,8928.571428571433,0.011817000000000012,0.00019279522815668305,-0.00019279522815668305,1481.2327113046435,24.165590284823324,-24.165590284823324,59249.30845218573,966.6236113929311,-966.6236113929311,1612475.641,35172.89935392413,-35172.89935392413,8886.450061942525,9032.624269847931,8742.641379095889,5.183385833113401,5.383490047036662,4.99071948869115,21.05872231,0.19604026319095666,-0.19604026319095666,1.565616,0.0003844216435114801,-0.0003844216435114801,16.422992466,0.18363459539337382,-0.18363459539337382,1.567938,0.0003703309330854178,-0.0003703309330854178,4.6357298432,0.020154213311503803,-0.020154213311503803,21.007308508,0.1965050945818969,-0.1965050945818969,0.0,0.0,0.0,-0.20196942566582735,0.0,0.0,,-0.06132539635111023,-0.004471800506577856,-0.09134458197612148,-0.003189416241152114,-0.024349879716184623,-0.06386028619431598,
027_230℃_160_1.0mm.csv,1.0,160,1.49005,0.300155419,1.50202,0.300329038,0.01197,1.931991474,20.9201858,1.565365,16.29350586,1.567685,4.626679939,20.86890115,230,0.011969999999999814,1631662.436,1461.98830409359,40.0,58479.5321637436,5.314557648685632,8771.92982456154,0.011817000000000012,0.00019279522815668305,-0.00019279522815668305,1481.2327113046435,24.165590284823324,-24.165590284823324,59249.30845218573,966.6236113929311,-966.6236113929311,1612475.641,35172.89935392413,-35172.89935392413,8886.450061942525,9032.624269847931,8742.641379095889,5.183385833113401,5.383490047036662,4.99071948869115,21.05872231,0.19604026319095666,-0.19604026319095666,1.565616,0.0003844216435114801,-0.0003844216435114801,16.422992466,0.18363459539337382,-0.18363459539337382,1.567938,0.0003703309330854178,-0.0003703309330854178,4.6357298432,0.020154213311503803,-0.020154213311503803,21.007308508,0.1965050945818969,-0.1965050945818969,1.7857142857127684,-1.754385964910815,-1.754385964910806,1.264702870050299,-1.7543859649108102,3.2815983866654097,,-0.0018172070514002445,0.0,-0.02186669205887148,0.0,0.0,0.0,
028_230℃_160_1.0mm.csv,1.0,160,1.49019,0.300277533,1.501925,0.300224594,0.011735,1.911509069,20.92056597,1.56535,16.29706949,1.567685,4.623496478,20.86883456,230,0.011735000000000051,1611284.475,1491.265445249248,40.0,59650.61780996992,5.1451492011224715,8947.592671495488,0.011817000000000012,0.00019279522815668305,-0.00019279522815668305,1481.2327113046435,24.165590284823324,-24.165590284823324,59249.30845218573,966.6236113929311,-966.6236113929311,1612475.641,35172.89935392413,-35172.89935392413,8886.450061942525,9032.624269847931,8742.641379095889,5.183385833113401,5.383490047036662,4.99071948869115,21.05872231,0.19604026319095666,-0.19604026319095666,1.565616,0.0003844216435114801,-0.0003844216435114801,16.422992466,0.18363459539337382,-0.18363459539337382,1.567938,0.0003703309330854178,-0.0003703309330854178,4.6357298432,0.020154213311503803,-0.020154213311503803,21.007308508,0.1965050945818969,-0.1965050945818969,-0.2125850340131101,0.21303792074940123,0.2130379207494074,0.0,0.21303792074941147,-0.0106370920209535,,0.0,-0.0009582429656901888,0.0,0.0,-0.06880659656539703,-0.00031908723665319765,
029_230℃_160_1.0mm.csv,1.0,160,1.490125,0.300269894,1.501695,0.300179451,0.01157,1.858617903,21.29701839,1.566075,16.66549348,1.56837,4.631524909,21.24658041,230,0.01157000000000008,1558438.452,1512.5324114088055,40.0,60501.29645635222,4.906430718269421,9075.194468452832,0.011817000000000012,0.00019279522815668305,-0.00019279522815668305,1481.2327113046435,24.165590284823324,-24.165590284823324,59249.30845218573,966.6236113929311,-966.6236113929311,1612475.641,35172.89935392413,-35172.89935392413,8886.450061942525,9032.624269847931,8742.641379095889,5.183385833113401,5.383490047036662,4.99071948869115,21.05872231,0.19604026319095666,-0.19604026319095666,1.565616,0.0003844216435114801,-0.0003844216435114801,16.422992466,0.18363459539337382,-0.18363459539337382,1.567938,0.0003703309330854178,-0.0003703309330854178,4.6357298432,0.020154213311503803,-0.020154213311503803,21.007308508,0.1965050945818969,-0.1965050945818969,-1.6156462585026579,1.6421780466716691,1.6421780466716722,-3.279745061777502,1.6421780466716642,-4.649824039141646,,1.7994370732600369,0.04535683370972332,2.2606763150029385,0.04369500250369473,0.10471807135740183,1.8097707075487333,
030_230℃_160_1.0mm.csv,1.0,160,1.49006,0.300091461,1.50211,0.300004503,0.01205,1.952967172,21.24810504,1.565995,16.5767105,1.568315,4.671394542,21.19665221,230,0.012050000000000116,1652962.669,1452.2821576763345,40.0,58091.28630705338,5.419918411278965,8713.692946058007,0.011817000000000012,0.00019279522815668305,-0.00019279522815668305,1481.2327113046435,24.165590284823324,-24.165590284823324,59249.30845218573,966.6236113929311,-966.6236113929311,1612475.641,35172.89935392413,-35172.89935392413,8886.450061942525,9032.624269847931,8742.641379095889,5.183385833113401,5.383490047036662,4.99071948869115,21.05872231,0.19604026319095666,-0.19604026319095666,1.565616,0.0003844216435114801,-0.0003844216435114801,16.422992466,0.18363459539337382,-0.18363459539337382,1.567938,0.0003703309330854178,-0.0003703309330854178,4.6357298432,0.020154213311503803,-0.020154213311503803,21.007308508,0.1965050945818969,-0.1965050945818969,2.4659863945588745,-2.406639004150382,-2.4066390041503762,2.5866440499279246,-2.4066390041503722,5.329149412961758,,1.565631974152563,0.04024620455932837,1.7158975125656315,0.040186644638425986,0.9664511829116191,1.5705238030704873,
031_230℃_200_1.0mm.csv,1.0,200,1.4908,0.300195145,1.50044,0.300166459,0.00964,1.597568327,20.90791049,1.56235,16.36708085,1.564565,4.540829634,20.86073733,230,0.009640000000000093,1297401.868,1815.352697095418,40.0,72614.10788381673,3.4032527911619375,10892.11618257251,0.009887000000000024,0.00022320394261749358,-0.00022320394261749358,1770.7265837093353,40.176256517044926,-40.176256517044926,70829.06334837343,1607.0502606817988,-1607.0502606817988,1354155.762,49745.78513050059,-49745.78513050059,10622.178918940184,10865.351776563302,10384.448410529554,3.6404177573794434,3.86347928136079,3.4302348953132586,21.104389392,0.1739386295195617,-0.1739386295195617,1.562675,0.0002717075633841034,-0.0002717075633841034,16.537256329999998,0.15347767350649988,-0.15347767350649988,1.564875,0.0002536976546994758,-0.0002536976546994758,4.5671330604,0.02503996429657491,-0.02503996429657491,21.057718012,0.17455827401638174,-0.17455827401638174,-3.2128514056212545,3.3195020746874726,3.3195020746874784,-5.482686070316211,3.319502074687481,-8.51938691946152,,-0.9156651105636328,-0.022397133166959265,-1.1324253099922033,-0.022365431988323487,-0.5008523407780029,-0.9175475975942315,
032_230℃_200_1.0mm.csv,1.0,200,1.49077,0.300172562,1.500835,0.300163175,0.010065,1.687029957,20.95671717,1.56245,16.3930302,1.564665,4.563686967,20.9095834,230,0.01006499999999999,1386866.7820000001,1738.698460009937,40.0,69547.93840039748,3.798316778457139,10432.190760059622,0.009887000000000024,0.00022320394261749358,-0.00022320394261749358,1770.7265837093353,40.176256517044926,-40.176256517044926,70829.06334837343,1607.0502606817988,-1607.0502606817988,1354155.762,49745.78513050059,-49745.78513050059,10622.178918940184,10865.351776563302,10384.448410529554,3.6404177573794434,3.86347928136079,3.4302348953132586,21.104389392,0.1739386295195617,-0.1739386295195617,1.562675,0.0002717075633841034,-0.0002717075633841034,16.537256329999998,0.15347767350649988,-0.15347767350649988,1.564875,0.0002536976546994758,-0.0002536976546994758,4.5671330604,0.02503996429657491,-0.02503996429657491,21.057718012,0.17455827401638174,-0.17455827401638174,1.0542168674701011,-1.0432190760061804,-1.043219076006178,1.034942407639836,-1.0432190760061848,2.1000698125398545,,-0.6843661757286695,-0.01599795226211579,-0.9756747371322958,-0.01597530856309023,0.0,-0.6855429311599625,
033_230℃_200_1.0mm.csv,1.0,200,1.49082,0.300132571,1.50048,0.300269452,0.00966,1.605960509,21.10112614,1.5627,16.55454875,1.564915,4.546577396,21.05391704,230,0.009660000000000002,1305691.057,1811.5942028985503,40.0,72463.76811594202,3.432102206971429,10869.565217391302,0.009887000000000024,0.00022320394261749358,-0.00022320394261749358,1770.7265837093353,40.176256517044926,-40.176256517044926,70829.06334837343,1607.0502606817988,-1607.0502606817988,1354155.762,49745.78513050059,-49745.78513050059,10622.178918940184,10865.351776563302,10384.448410529554,3.6404177573794434,3.86347928136079,3.4302348953132586,21.104389392,0.1739386295195617,-0.1739386295195617,1.562675,0.0002717075633841034,-0.0002717075633841034,16.537256329999998,0.15347767350649988,-0.15347767350649988,1.564875,0.0002536976546994758,-0.0002536976546994758,4.5671330604,0.02503996429657491,-0.02503996429657491,21.057718012,0.17455827401638174,-0.17455827401638174,-3.012048192770762,3.105590062111456,3.105590062111458,-4.878808506810589,3.105590062111451,-7.743904636123233,,0.0,0.0,0.0,0.0,-0.3749067612156355,0.0,
034_230℃_200_1.0mm.csv,1.0,200,1.49081,0.300186456,1.50077,0.300124131,0.00996,1.672784667,21.26694938,1.56292,16.68229302,1.5651,4.584656356,21.2209649,230,0.009959999999999969,1372660.5359999998,1757.0281124498047,40.0,70281.12449799219,3.7201901873632535,10542.168674698829,0.009887000000000024,0.00022320394261749358,-0.00022320394261749358,1770.7265837093353,40.176256517044926,-40.176256517044926,70829.06334837343,1607.0502606817988,-1607.0502606817988,1354155.762,49745.78513050059,-49745.78513050059,10622.178918940184,10865.351776563302,10384.448410529554,3.6404177573794434,3.86347928136079,3.4302348953132586,21.104389392,0.1739386295195617,-0.1739386295195617,1.562675,0.0002717075633841034,-0.0002717075633841034,16.537256329999998,0.15347767350649988,-0.15347767350649988,1.564875,0.0002536976546994758,-0.0002536976546994758,4.5671330604,0.02503996429657491,-0.02503996429657491,21.057718012,0.17455827401638174,-0.17455827401638174,0.0,0.0,0.0,0.0,0.0,0.0,,0.7858501906476834,0.01407819799066417,0.7716566119025196,0.011821728336675136,0.4594835086549491,0.7934288887080972,
035_230℃_200_1.0mm.csv,1.0,200,1.490815,0.300053959,1.500925,0.300103324,0.01011,1.708261891,21.28924378,1.562955,16.68932883,1.56513,4.599914949,21.24338739,230,0.010110000000000063,1408158.567,1730.9594460929663,40.0,69238.37784371866,3.873872955746963,10385.756676557798,0.009887000000000024,0.00022320394261749358,-0.00022320394261749358,1770.7265837093353,40.176256517044926,-40.176256517044926,70829.06334837343,1607.0502606817988,-1607.0502606817988,1354155.762,49745.78513050059,-49745.78513050059,10622.178918940184,10865.351776563302,10384.448410529554,3.6404177573794434,3.86347928136079,3.4302348953132586,21.104389392,0.1739386295195617,-0.1739386295195617,1.562675,0.0002717075633841034,-0.0002717075633841034,16.537256329999998,0.15347767350649988,-0.15347767350649988,1.564875,0.0002536976546994758,-0.0002536976546994758,4.5671330604,0.02503996429657491,-0.02503996429657491,21.057718012,0.17455827401638174,-0.17455827401638174,1.5060240963864957,-1.4836795252234791,-1.4836795252234818,2.586075003179096,-1.483679525223492,4.1310460122640835,,0.8915052151808897,0.016317911307360097,0.8141573777418868,0.013738765364243694,0.7938314407181087,0.8999292133621754,
036_230℃_240_1.0mm.csv,1.0,240,1.491145,0.300088869,1.49969,0.300033719,0.008545,1.432406363,21.14244687,1.561355,16.62022441,1.563475,4.522222464,21.09768264,230,0.008545000000000025,1132372.6439999999,2047.98127559976,40.0,81919.2510239904,2.63295897768164,12287.887653598558,0.008874999999999966,0.00022734885088775765,-0.00022734885088775765,1972.880384193566,51.21291634615951,-51.21291634615951,78915.21536774262,2048.516653846383,-2048.516653846383,1209986.1864,49992.24392441055,-49992.24392441055,11834.119786469877,12143.286204318127,11532.824703638924,2.919267345359624,3.122987060488038,2.728836741434097,21.138694598,0.10289276249678911,-0.10289276249678911,1.5613489999999999,0.00015481440501451278,-0.00015481440501451278,16.595550378000002,0.0938184656170479,-0.0938184656170479,1.563475,0.00015074813431687297,-0.00015074813431687297,4.5431442224000005,0.01662476138503783,-0.01662476138503783,21.093701193999998,0.10297924527324542,-0.10297924527324542,-4.897050639953075,5.149210064362463,5.149210064362461,-7.745579007617562,5.149210064362451,-12.263324721210031,,0.0,0.0,0.0,0.0,-0.42436769317470147,0.0,
037_230℃_240_1.0mm.csv,1.0,240,1.491135,0.300164918,1.50012,0.300299797,0.008985,1.527745194,21.01439258,1.561175,16.47289748,1.56331,4.541495102,20.96912201,230,0.008984999999999799,1227445.3969999999,1947.6905954368829,40.0,77907.62381747531,3.0009787461346265,11686.143572621297,0.008874999999999966,0.00022734885088775765,-0.00022734885088775765,1972.880384193566,51.21291634615951,-51.21291634615951,78915.21536774262,2048.516653846383,-2048.516653846383,1209986.1864,49992.24392441055,-49992.24392441055,11834.119786469877,12143.286204318127,11532.824703638924,2.919267345359624,3.122987060488038,2.728836741434097,21.138694598,0.10289276249678911,-0.10289276249678911,1.5613489999999999,0.00015481440501451278,-0.00015481440501451278,16.595550378000002,0.0938184656170479,-0.0938184656170479,1.563475,0.00015074813431687297,-0.00015074813431687297,4.5431442224000005,0.01662476138503783,-0.01662476138503783,21.093701193999998,0.10297924527324542,-0.10297924527324542,0.0,0.0,0.0,0.0,0.0,0.0,,-0.6056739354123842,-0.01152844804673306,-0.8864316531812607,-0.010553414669244518,0.0,-0.6093590096774679,
038_230℃_240_1.0mm.csv,1.0,240,1.49121,0.300167456,1.49995,0.300276206,0.00874,1.489811666,21.07209708,1.561235,16.53944535,1.56337,4.532651735,21.02684709,230,0.00873999999999997,1189535.4600000002,2002.2883295194576,40.0,80091.53318077831,2.8289904545306026,12013.729977116745,0.008874999999999966,0.00022734885088775765,-0.00022734885088775765,1972.880384193566,51.21291634615951,-51.21291634615951,78915.21536774262,2048.516653846383,-2048.516653846383,1209986.1864,49992.24392441055,-49992.24392441055,11834.119786469877,12143.286204318127,11532.824703638924,2.919267345359624,3.122987060488038,2.728836741434097,21.138694598,0.10289276249678911,-0.10289276249678911,1.5613489999999999,0.00015481440501451278,-0.00015481440501451278,16.595550378000002,0.0938184656170479,-0.0938184656170479,1.563475,0.00015074813431687297,-0.00015074813431687297,4.5431442224000005,0.01662476138503783,-0.01662476138503783,21.093701193999998,0.10297924527324542,-0.10297924527324542,-2.7267668336097293,2.803203661325277,2.8032036613252864,-3.088523293390923,2.803203661325277,-5.731073298188174,,-0.33274195003334367,-0.007685632031160115,-0.4860286961672714,-0.006715809334976367,-0.19472369343975304,-0.3357503817300676,
039_230℃_240_1.0mm.csv,1.0,240,1.491125,0.300009428,1.500225,0.300210008,0.0091,1.551332959,21.28194384,1.56157,16.72021784,1.5637,4.561726004,21.23664351,230,0.009099999999999886,1251122.9510000001,1923.0769230769472,40.0,76923.07692307788,3.0980187358094855,11538.461538461683,0.008874999999999966,0.00022734885088775765,-0.00022734885088775765,1972.880384193566,51.21291634615951,-51.21291634615951,78915.21536774262,2048.516653846383,-2048.516653846383,1209986.1864,49992.24392441055,-49992.24392441055,11834.119786469877,12143.286204318127,11532.824703638924,2.919267345359624,3.122987060488038,2.728836741434097,21.138694598,0.10289276249678911,-0.10289276249678911,1.5613489999999999,0.00015481440501451278,-0.00015481440501451278,16.595550378000002,0.0938184656170479,-0.0938184656170479,1.563475,0.00015074813431687297,-0.00015074813431687297,4.5431442224000005,0.01662476138503783,-0.01662476138503783,21.093701193999998,0.10297924527324542,-0.10297924527324542,1.279910962716637,-1.2637362637372398,-1.2637362637372398,1.929010777821202,-1.2637362637372398,3.2336113609551616,,0.659795769419378,0.013770090722472095,0.6016370629739373,0.014391020003526872,0.4454678810749001,0.65865466066183,
040_230℃_240_1.0mm.csv,1.0,240,1.49121,0.3001072,1.500215,0.300282883,0.009005,1.549737363,21.18259262,1.56141,16.62496681,1.56352,4.557625807,21.13821072,230,0.009005000000000152,1249454.48,1943.3647973347813,40.0,77734.59189339125,3.0615884605170587,11660.188784008687,0.008874999999999966,0.00022734885088775765,-0.00022734885088775765,1972.880384193566,51.21291634615951,-51.21291634615951,78915.21536774262,2048.516653846383,-2048.516653846383,1209986.1864,49992.24392441055,-49992.24392441055,11834.119786469877,12143.286204318127,11532.824703638924,2.919267345359624,3.122987060488038,2.728836741434097,21.138694598,0.10289276249678911,-0.10289276249678911,1.5613489999999999,0.00015481440501451278,-0.00015481440501451278,16.595550378000002,0.0938184656170479,-0.0938184656170479,1.563475,0.00015074813431687297,-0.00015074813431687297,4.5431442224000005,0.01662476138503783,-0.01662476138503783,21.093701193999998,0.10297924527324542,-0.10297924527324542,0.22259321091100187,-0.22209883398503716,-0.22209883398503716,1.793080413498842,-0.22209883398503716,2.019664899676475,,0.1898822319235212,0.0035225813476061642,0.028533910752420268,0.002878204000708215,0.355184903599179,0.19209730609542155,
001_230℃_280_1.0mm.csv,1.0,280,1.49133,0.300043647,1.49958,0.3002322,0.00825,1.406588143,20.93824748,1.560265,16.42642392,1.562385,4.511823561,20.89266962,230,0.008249999999999869,1106355.943,2121.212121212155,40.0,84848.4848484862,2.483656198571389,12727.27272727293,0.008303333333333255,6.806859285548645e-05,-6.806859285548645e-05,2107.681393506877,17.214417597055945,-17.214417597055945,84307.2557402751,688.576703882245,-688.576703882245,1120793.733,15665.758571140903,-15665.758571140903,12645.806468469333,12749.707664823238,12542.751994164873,2.5321118652135213,2.5885820303745106,2.476873602119336,21.076687773333333,0.13432555624053794,-0.13432555624053794,1.5604433333333334,0.0001775058684475325,-0.0001775058684475325,16.549604400000003,0.12534635851073414,-0.12534635851073414,1.5625483333333332,0.00016250641013004595,-0.00016250641013004595,4.527083373666667,0.014217189884732816,-0.014217189884732816,21.03168787,0.1348806161044224,-0.1348806161044224,-0.3623188405820809,0.3636363636387677,0.3636363636387634,-1.0923310185767325,0.36363636363876056,-1.4506921380769997,,-0.6975824640297772,-0.011535171056978554,-0.7189653777097627,-0.010559662090825431,-0.38961247824054623,-0.7020515418388795,
002_230℃_280_1.0mm.csv,1.0,280,1.491355,0.300231385,1.499635,0.300197957,0.00828,1.418772436,21.20648076,1.56062,16.67700981,1.56271,4.529470945,21.16201003,230,0.008280000000000065,1118574.479,2113.5265700482923,40.0,84541.0628019317,2.520216785338796,12681.159420289754,0.008303333333333255,6.806859285548645e-05,-6.806859285548645e-05,2107.681393506877,17.214417597055945,-17.214417597055945,84307.2557402751,688.576703882245,-688.576703882245,1120793.733,15665.758571140903,-15665.758571140903,12645.806468469333,12749.707664823238,12542.751994164873,2.5321118652135213,2.5885820303745106,2.476873602119336,21.076687773333333,0.13432555624053794,-0.13432555624053794,1.5604433333333334,0.0001775058684475325,-0.0001775058684475325,16.549604400000003,0.12534635851073414,-0.12534635851073414,1.5625483333333332,0.00016250641013004595,-0.00016250641013004595,4.527083373666667,0.014217189884732816,-0.014217189884732816,21.03168787,0.1348806161044224,-0.1348806161044224,0.0,0.0,0.0,0.0,0.0,0.0,,0.5745494654951505,0.011214749638712943,0.7955715989389813,0.010239672330481453,0.0,0.5780601258571393,
003_230℃_280_1.0mm.csv,1.0,280,1.49134,0.300014024,1.49972,0.300228714,0.00838,1.437679491,21.08533508,1.560445,16.54537947,1.56255,4.539955615,21.04038396,230,0.008379999999999832,1137450.777,2088.305489260185,40.0,83532.2195704074,2.5936972819754582,12529.83293556111,0.008303333333333255,6.806859285548645e-05,-6.806859285548645e-05,2107.681393506877,17.214417597055945,-17.214417597055945,84307.2557402751,688.576703882245,-688.576703882245,1120793.733,15665.758571140903,-15665.758571140903,12645.806468469333,12749.707664823238,12542.751994164873,2.5321118652135213,2.5885820303745106,2.476873602119336,21.076687773333333,0.13432555624053794,-0.13432555624053794,1.5604433333333334,0.0001775058684475325,-0.0001775058684475325,16.549604400000003,0.12534635851073414,-0.12534635851073414,1.5625483333333332,0.00016250641013004595,-0.00016250641013004595,4.527083373666667,0.014217189884732816,-0.014217189884732816,21.03168787,0.1348806161044224,-0.1348806161044224,1.2077294685962097,-1.1933174224316068,-1.1933174224316068,1.6875316176420605,-1.1933174224316068,2.915641902876398,,0.0,0.0,0.0,0.0,0.23147670284923988,0.0,
004_230℃_320_1.0mm.csv,1.0,320,1.4913,0.300125255,1.500015,0.300140941,0.008715,1.503927067,21.20243423,1.560615,16.61492825,1.56265,4.587505976,21.15856379,230,0.008715000000000028,1203786.126,2008.0321285140496,40.0,80321.28514056199,2.8546928130857236,12048.192771084297,0.008395000000000005,0.00028844410203709986,-0.00028844410203709986,2086.195020568424,70.76967681305831,-70.76967681305831,83447.80082273694,2830.7870725223274,-2830.7870725223274,1152916.3526666667,47120.68065253906,-47120.68065253906,12512.327282223558,12946.95927686266,12092.285969977467,2.631185130892104,2.835408764318444,2.441670943586801,21.1206549,0.07083235762250513,-0.07083235762250513,1.5604933333333335,0.00010774197572597105,-0.00010774197572597105,16.56735089333333,0.04121066824365257,-0.04121066824365257,1.5625283333333335,0.00010610529361614064,-0.00010610529361614064,4.553304007,0.02962206198484781,-0.02962206198484781,21.076957566666668,0.07067708183401714,-0.07067708183401714,4.810583283225318,-4.589787722319874,-4.589787722319876,5.20753286331895,-4.589787722319871,10.26862885193557,,0.5764277923313011,0.010253419675681774,0.42661992631817736,0.010880139265782823,1.1227596553188535,0.5782959589090169,
005_230℃_320_1.0mm.csv,1.0,320,1.49144,0.300145652,1.499755,0.300042785,0.008315,1.444244244,21.07861251,1.560455,16.54277766,1.56248,4.53583486,21.03540071,230,0.00831499999999985,1144201.459,2104.63018641014,40.0,84185.20745640561,2.5888530970298853,12627.78111846084,0.008395000000000005,0.00028844410203709986,-0.00028844410203709986,2086.195020568424,70.76967681305831,-70.76967681305831,83447.80082273694,2830.7870725223274,-2830.7870725223274,1152916.3526666667,47120.68065253906,-47120.68065253906,12512.327282223558,12946.95927686266,12092.285969977467,2.631185130892104,2.835408764318444,2.441670943586801,21.1206549,0.07083235762250513,-0.07083235762250513,1.5604933333333335,0.00010774197572597105,-0.00010774197572597105,16.56735089333333,0.04121066824365257,-0.04121066824365257,1.5625283333333335,0.00010610529361614064,-0.00010610529361614064,4.553304007,0.02962206198484781,-0.02962206198484781,21.076957566666668,0.07067708183401714,-0.07067708183401714,0.0,0.0,0.0,0.0,0.0,0.0,,-0.010936193596388748,0.0,-0.009484266872640796,0.0,-0.01623087062834424,-0.0071659294496424965,
006_230℃_320_1.0mm.csv,1.0,320,1.49145,0.300183634,1.499605,0.30023403,0.008155,1.410995503,21.08091796,1.56041,16.54434677,1.562455,4.536571185,21.0369082,230,0.008155000000000134,1110761.4730000002,2145.9227467810806,40.0,85836.90987124323,2.4648326019905173,12875.536480686485,0.008395000000000005,0.00028844410203709986,-0.00028844410203709986,2086.195020568424,70.76967681305831,-70.76967681305831,83447.80082273694,2830.7870725223274,-2830.7870725223274,1152916.3526666667,47120.68065253906,-47120.68065253906,12512.327282223558,12946.95927686266,12092.285969977467,2.631185130892104,2.835408764318444,2.441670943586801,21.1206549,0.07083235762250513,-0.07083235762250513,1.5604933333333335,0.00010774197572597105,-0.00010774197572597105,16.56735089333333,0.04121066824365257,-0.04121066824365257,1.5625283333333335,0.00010610529361614064,-0.00010610529361614064,4.553304007,0.02962206198484781,-0.02962206198484781,21.076957566666668,0.07067708183401714,-0.07067708183401714,-1.9242333132858545,1.9619865113392216,1.9619865113392259,-2.922561034769647,1.9619865113392434,-4.790557455023346,,0.0,-0.002883774283773048,0.0,-0.0016000204802726293,0.0,0.0,
001_190℃_003_1.5mm.csv,1.5,3,1.02052,0.300017089,1.9184,0.300022614,0.89788,2.858128352,27.58541805,5.43076,19.79609531,5.75794,7.789322742,26.88061878,190,0.89788,2558105.738,19.490355058582438,60.0,1169.4213035149462,1406.2481510421062,77.96142023432975,0.8908066666666666,0.01663865779843244,-0.01663865779843244,19.64973099387193,0.37064979173667,-0.37064979173667,1178.983859632316,22.238987504200146,-22.238987504200146,2524613.4173333333,64313.18583696367,-64313.18583696367,78.5896625022648,80.07884739899934,77.12817120663335,1376.4416091179808,1438.9221537115106,1316.6740802651807,27.58808818,0.1720559448209416,-0.1720559448209416,5.462953333333334,0.03203124932520314,-0.03203124932520314,19.920912623333333,0.16521081937253043,-0.16521081937253043,5.793379999999999,0.04014685043686457,-0.04014685043686457,7.667175553666667,0.11579449859646235,-0.11579449859646235,26.985444496666663,0.2110529980105051,-0.2110529980105051,0.0,0.0,0.0,0.0,0.0,0.0,,0.0,-0.5952468114392797,-0.3136489840280493,-0.47154645804308554,1.778611591969691,0.0,
002_190℃_003_1.5mm.csv,1.5,3,1.01496,0.300011026,1.88676,0.300005088,0.8718,2.750471263,27.41738284,5.46328,19.85838092,5.78522,7.559001915,26.8473264,190,0.8717999999999999,2450466.1750000003,20.073411332874514,60.0,1204.4046799724708,1307.948823284694,80.29364533149806,0.8908066666666666,0.01663865779843244,-0.01663865779843244,19.64973099387193,0.37064979173667,-0.37064979173667,1178.983859632316,22.238987504200146,-22.238987504200146,2524613.4173333333,64313.18583696367,-64313.18583696367,78.5896625022648,80.07884739899934,77.12817120663335,1376.4416091179808,1438.9221537115106,1316.6740802651807,27.58808818,0.1720559448209416,-0.1720559448209416,5.462953333333334,0.03203124932520314,-0.03203124932520314,19.920912623333333,0.16521081937253043,-0.16521081937253043,5.793379999999999,0.04014685043686457,-0.04014685043686457,7.667175553666667,0.11579449859646235,-0.11579449859646235,26.985444496666663,0.2110529980105051,-0.2110529980105051,-2.9046197710161827,2.991511814636396,2.9915118146364015,-4.207783962994246,2.991511814636396,-6.990183609099645,,-0.6091450551716502,0.0,0.0,0.0,-1.2308585210577971,-0.12385272925625301,
003_190℃_003_1.5mm.csv,1.5,3,1.0167,0.300007173,1.91944,0.300030593,0.90274,2.865298932,27.76146365,5.49482,20.10826164,5.83698,7.653202004,27.22838831,190,0.9027400000000001,2565268.339,19.385426590158847,60.0,1163.125595409531,1417.8185757237918,77.54170636063539,0.8908066666666666,0.01663865779843244,-0.01663865779843244,19.64973099387193,0.37064979173667,-0.37064979173667,1178.983859632316,22.238987504200146,-22.238987504200146,2524613.4173333333,64313.18583696367,-64313.18583696367,78.5896625022648,80.07884739899934,77.12817120663335,1376.4416091179808,1438.9221537115106,1316.6740802651807,27.58808818,0.1720559448209416,-0.1720559448209416,5.462953333333334,0.03203124932520314,-0.03203124932520314,19.920912623333333,0.16521081937253043,-0.16521081937253043,5.793379999999999,0.04014685043686457,-0.04014685043686457,7.667175553666667,0.11579449859646235,-0.11579449859646235,26.985444496666663,0.2110529980105051,-0.2110529980105051,0.5412750033412134,-0.5383609898752779,-0.538360989875267,0.2799962837189124,-0.5383609898752779,0.8227868369541532,,0.6381835492973373,0.5773088693971329,1.258313661152191,0.8946937195128242,0.0,1.2937556714979788,
004_190℃_005_1.5mm.csv,1.5,5,0.43852,0.300003329,0.9298,0.300058085,0.49128,2.387084477,28.11764359,3.42776,20.99010272,3.43052,7.12754087,28.10579784,190,0.49127999999999994,2087026.3920000002,35.621234326656904,60.0,2137.274059599414,627.7434648133224,142.48493730662761,0.4937133333333333,0.004180063795366492,-0.004180063795366492,35.44735596925417,0.29865815805082924,-0.29865815805082924,2126.84135815525,17.919489483049535,-17.919489483049535,2092402.1446666664,8597.610329015853,-8597.610329015853,141.7860578319431,142.9886672829397,140.59356295519288,632.4590380114076,640.4448708390913,624.5727821010443,28.221866950000003,0.09104719697546618,-0.09104719697546618,3.427606666666667,0.0001331665623695654,-0.0001331665623695654,21.099996106666666,0.10435151819138262,-0.10435151819138262,3.4304666666666663,5.033222956834554e-05,-5.033222956834554e-05,7.121870844666667,0.031241946778957506,-0.031241946778957506,28.209263306666667,0.09040172892628492,-0.09040172892628492,-0.008141333550443703,0.008141996417535163,0.008141996417536494,-0.04002027030558594,0.008141996417535163,-0.048158345672349306,,-0.5108935109397282,0.006418597594779608,-0.5780573291029495,0.0017490365723532408,0.0,-0.5069663533089253,
005_190℃_005_1.5mm.csv,1.5,5,0.41702,0.300037558,0.91556,0.3000345,0.49854,2.402352582,28.26203248,3.42754,21.11214301,3.43046,7.149889476,28.24901082,190,0.49854000000000004,2102318.082,35.10249929795001,60.0,2106.149957877001,641.6875448573143,140.40999719180004,0.4937133333333333,0.004180063795366492,-0.004180063795366492,35.44735596925417,0.29865815805082924,-0.29865815805082924,2126.84135815525,17.919489483049535,-17.919489483049535,2092402.1446666664,8597.610329015853,-8597.610329015853,141.7860578319431,142.9886672829397,140.59356295519288,632.4590380114076,640.4448708390913,624.5727821010443,28.221866950000003,0.09104719697546618,-0.09104719697546618,3.427606666666667,0.0001331665623695654,-0.0001331665623695654,21.099996106666666,0.10435151819138262,-0.10435151819138262,3.4304666666666663,5.033222956834554e-05,-5.033222956834554e-05,7.121870844666667,0.031241946778957506,-0.031241946778957506,28.209263306666667,0.09040172892628492,-0.09040172892628492,1.469510705853631,-1.4482288281782953,-1.448228828178285,0.692388782254561,-1.4482288281782953,2.1720742153895434,,0.0,0.0,0.0,0.0,0.3135528284946956,0.0,
006_190℃_005_1.5mm.csv,1.5,5,0.41298,0.300041659,0.9043,0.300028923,0.49132,2.387890883,28.28592478,3.42752,21.19774259,3.43042,7.088182188,28.27298126,190,0.49132,2087861.9599999997,35.61833428315558,60.0,2137.100056989335,628.0459213391019,142.47333713262233,0.4937133333333333,0.004180063795366492,-0.004180063795366492,35.44735596925417,0.29865815805082924,-0.29865815805082924,2126.84135815525,17.919489483049535,-17.919489483049535,2092402.1446666664,8597.610329015853,-8597.610329015853,141.7860578319431,142.9886672829397,140.59356295519288,632.4590380114076,640.4448708390913,624.5727821010443,28.221866950000003,0.09104719697546618,-0.09104719697546618,3.427606666666667,0.0001331665623695654,-0.0001331665623695654,21.099996106666666,0.10435151819138262,-0.10435151819138262,3.4304666666666663,5.033222956834554e-05,-5.033222956834554e-05,7.121870844666667,0.031241946778957506,-0.031241946778957506,28.209263306666667,0.09040172892628492,-0.09040172892628492,0.0,0.0,0.0,0.0,0.0,0.0,,0.08453850591569337,-0.0005835088722562253,0.40545187648385594,-0.0011660243815774574,-0.5522056304953827,0.08485408622886047,
001_190℃_010_1.5mm.csv,1.5,10,1.33088,0.300061022,1.59466,0.300069781,0.26378,2.346396609,19.24878572,2.75004,14.8044304,2.75194,4.444355322,19.24237942,190,0.2637799999999999,2046326.8280000002,66.34316475851091,60.0,3980.5898855106543,330.4776065447999,265.37265903404364,0.25589,0.0072664067231793614,-0.0072664067231793614,68.43032236781369,1.9518168156797209,-1.9518168156797209,4105.819342068821,117.10900894078317,-117.10900894078317,1987427.5707500002,47713.76052938084,-47713.76052938084,273.6380309375586,281.53834002058795,265.95941415975074,311.2033575344531,327.866233991149,295.38732476895177,19.11847771,0.26908493421925894,-0.26908493421925894,2.753145,0.007328581035916841,-0.007328581035916841,14.77163902,0.0923487360744459,-0.0923487360744459,2.75495,0.007342669814175333,-0.007342669814175333,4.3468386905,0.1818537357903807,-0.1818537357903807,19.11276707,0.26870264572898955,-0.26870264572898955,4.153834004580218,-3.9881719614829914,-3.9881719614829954,3.5213840901686138,-3.9881719614829914,7.821490544518126,,1.4730432486530594,0.0,0.32164662323196613,0.0,1.368242671848791,1.4665239354043027,
002_190℃_010_1.5mm.csv,1.5,10,1.32992,0.300020977,1.58932,0.300037094,0.2594,2.295655892,19.42606644,2.76282,14.87242141,2.76466,4.553645033,19.42018256,190,0.2594000000000001,1995618.7980000002,67.46337702390129,60.0,4047.802621434077,316.93684665379607,269.85350809560515,0.25589,0.0072664067231793614,-0.0072664067231793614,68.43032236781369,1.9518168156797209,-1.9518168156797209,4105.819342068821,117.10900894078317,-117.10900894078317,1987427.5707500002,47713.76052938084,-47713.76052938084,273.6380309375586,281.53834002058795,265.95941415975074,311.2033575344531,327.866233991149,295.38732476895177,19.11847771,0.26908493421925894,-0.26908493421925894,2.753145,0.007328581035916841,-0.007328581035916841,14.77163902,0.0923487360744459,-0.0923487360744459,2.75495,0.007342669814175333,-0.007342669814175333,4.3468386905,0.1818537357903807,-0.1818537357903807,19.11276707,0.26870264572898955,-0.26870264572898955,2.424386006475572,-2.3670007710100354,-2.367000771010038,0.9561216021542625,-2.3670007710100354,3.403687686957351,,2.4076068325273896,0.4647205131561809,0.7823850572332255,0.46221937978299993,3.8609564950088098,2.404093357918071,
004_190℃_010_1.5mm.csv,1.5,10,1.33388,0.300009177,1.58714,0.300031676,0.25326,2.276750637,18.82969982,2.7456,14.65273915,2.74736,4.176960676,18.82424235,190,0.25326000000000004,1976718.961,69.0989496959646,60.0,4145.936981757876,306.50439432420006,276.3957987838584,0.25589,0.0072664067231793614,-0.0072664067231793614,68.43032236781369,1.9518168156797209,-1.9518168156797209,4105.819342068821,117.10900894078317,-117.10900894078317,1987427.5707500002,47713.76052938084,-47713.76052938084,273.6380309375586,281.53834002058795,265.95941415975074,311.2033575344531,327.866233991149,295.38732476895177,19.11847771,0.26908493421925894,-0.26908493421925894,2.753145,0.007328581035916841,-0.007328581035916841,14.77163902,0.0923487360744459,-0.0923487360744459,2.75495,0.007342669814175333,-0.007342669814175333,4.3468386905,0.1818537357903807,-0.1818537357903807,19.11276707,0.26870264572898955,-0.26870264572898955,0.0,0.0,0.0,0.0,0.0,0.0,,-0.7362348987687479,-0.16145219705894379,-0.7062832306809701,-0.1664280471231134,-4.730577832152546,-0.7383445008420733,
005_190℃_010_1.5mm.csv,1.5,10,1.33424,0.300076902,1.58136,0.30006855,0.24712,2.231114246,18.96935886,2.75412,14.75696512,2.75584,4.212393731,18.96426395,190,0.24712,1931045.6960000002,70.81579799287795,60.0,4248.947879572677,292.1632728952164,283.26319197151184,0.25589,0.0072664067231793614,-0.0072664067231793614,68.43032236781369,1.9518168156797209,-1.9518168156797209,4105.819342068821,117.10900894078317,-117.10900894078317,1987427.5707500002,47713.76052938084,-47713.76052938084,273.6380309375586,281.53834002058795,265.95941415975074,311.2033575344531,327.866233991149,295.38732476895177,19.11847771,0.26908493421925894,-0.26908493421925894,2.753145,0.007328581035916841,-0.007328581035916841,14.77163902,0.0923487360744459,-0.0923487360744459,2.75495,0.007342669814175333,-0.007342669814175333,4.3468386905,0.1818537357903807,-0.1818537357903807,19.11276707,0.26870264572898955,-0.26870264572898955,-2.424386006475572,2.4846228552929874,2.4846228552929994,-2.3105593613011166,2.484622855293008,-4.678928489949999,,0.0,0.14836147837849936,0.0,0.1417182060655478,-3.922409659804756,0.0,
006_190℃_020_1.5mm.csv,1.5,20,1.42236,0.300023885,1.541255,0.300023501,0.118895,2.231733624,15.9623097,2.0884,12.46703639,2.089855,3.495273313,15.95685771,190,0.11889499999999997,1931710.1229999997,147.1886959081543,60.0,8831.321754489258,140.61469902494994,588.7547836326172,0.11837199999999996,0.0008486356697665069,-0.0008486356697665069,147.84510352165498,1.0614104365687431,-1.0614104365687431,8870.706211299299,63.68462619412432,-63.68462619412432,1919548.7939999998,15344.630434902969,-15344.630434902969,591.3682332396932,595.6261265551049,587.1407779032032,139.10837229823238,141.2298366802836,137.0187751988326,15.889613036,0.07361001800210948,-0.07361001800210948,2.087348,0.001798331170835862,-0.001798331170835862,12.407417454,0.06963165451971982,-0.06963165451971982,2.088768,0.0018105165008914278,-0.0018105165008914278,3.482195581,0.013083554550066292,-0.013083554550066292,15.884422688,0.0734859511677076,-0.0734859511677076,0.22338362977321052,-0.22288573951802557,-0.22288573951803073,0.44987350571329826,-0.22288573951802557,0.6742620792529788,,0.40897918704031183,0.04718755015174336,0.5396892994768626,0.04787311709045816,0.5343536178829532,0.4082585733108919,
007_190℃_020_1.5mm.csv,1.5,20,1.422235,0.300031183,1.541575,0.300058007,0.11934,2.235921501,15.89729308,2.087415,12.4001143,2.088855,3.497178779,15.89197735,190,0.11934,1935863.494,146.63985252220547,60.0,8798.39115133233,141.44445880038364,586.5594100888219,0.11837199999999996,0.0008486356697665069,-0.0008486356697665069,147.84510352165498,1.0614104365687431,-1.0614104365687431,8870.706211299299,63.68462619412432,-63.68462619412432,1919548.7939999998,15344.630434902969,-15344.630434902969,591.3682332396932,595.6261265551049,587.1407779032032,139.10837229823238,141.2298366802836,137.0187751988326,15.889613036,0.07361001800210948,-0.07361001800210948,2.087348,0.001798331170835862,-0.001798331170835862,12.407417454,0.06963165451971982,-0.06963165451971982,2.088768,0.0018105165008914278,-0.0018105165008914278,3.482195581,0.013083554550066292,-0.013083554550066292,15.884422688,0.0734859511677076,-0.0734859511677076,0.5984995363735888,-0.594938830232937,-0.5949388302329293,0.6658508340944291,-0.594938830232937,1.2683354846230133,,0.0,0.0,0.0,0.0,0.5891604313983194,0.0,
008_190℃_020_1.5mm.csv,1.5,20,1.42246,0.300026053,1.539765,0.300030451,0.117305,2.202191534,15.95355137,2.089495,12.48412748,2.090895,3.469423889,15.94849821,190,0.11730499999999999,1902161.0829999999,149.1837517582371,60.0,8951.025105494225,136.61204439264182,596.7350070329484,0.11837199999999996,0.0008486356697665069,-0.0008486356697665069,147.84510352165498,1.0614104365687431,-1.0614104365687431,8870.706211299299,63.68462619412432,-63.68462619412432,1919548.7939999998,15344.630434902969,-15344.630434902969,591.3682332396932,595.6261265551049,587.1407779032032,139.10837229823238,141.2298366802836,137.0187751988326,15.889613036,0.07361001800210948,-0.07361001800210948,2.087348,0.001798331170835862,-0.001798331170835862,12.407417454,0.06963165451971982,-0.06963165451971982,2.088768,0.0018105165008914278,-0.0018105165008914278,3.482195581,0.013083554550066292,-0.013083554550066292,15.884422688,0.0734859511677076,-0.0734859511677076,-1.1169181488662399,1.1295341204552412,1.1295341204552385,-1.0866910620623003,1.1295341204552412,-2.1914717612342374,,0.35388597113288434,0.09964477595494235,0.6775193999623009,0.0976611588645474,-0.20915193962781972,0.3556565602580657,
009_190℃_020_1.5mm.csv,1.5,20,1.422225,0.300026947,1.539915,0.300011454,0.11769,2.204961933,15.78721957,2.084745,12.31481311,2.08613,3.472406459,15.78227555,190,0.11768999999999985,1904950.4789999998,148.6957260599883,60.0,8921.743563599297,137.26140114704677,594.7829042399532,0.11837199999999996,0.0008486356697665069,-0.0008486356697665069,147.84510352165498,1.0614104365687431,-1.0614104365687431,8870.706211299299,63.68462619412432,-63.68462619412432,1919548.7939999998,15344.630434902969,-15344.630434902969,591.3682332396932,595.6261265551049,587.1407779032032,139.10837229823238,141.2298366802836,137.0187751988326,15.889613036,0.07361001800210948,-0.07361001800210948,2.087348,0.001798331170835862,-0.001798331170835862,12.407417454,0.06963165451971982,-0.06963165451971982,2.088768,0.0018105165008914278,-0.0018105165008914278,3.482195581,0.013083554550066292,-0.013083554550066292,15.884422688,0.0734859511677076,-0.0734859511677076,-0.7923796678750424,0.7987084714080656,0.7987084714080603,-0.9416411024326495,0.7987084714080656,-1.7265593976676283,,-0.692404105819009,-0.12790939990371689,-0.6879064816362291,-0.1304542440715277,-0.12336444313796231,-0.6902967301296831,
010_190℃_020_1.5mm.csv,1.5,20,1.422315,0.300030799,1.540945,0.300014813,0.11863,2.223073604,15.84769146,2.086685,12.37099599,2.088105,3.476695465,15.84250462,190,0.11863000000000001,1923058.7910000002,147.51749135968979,60.0,8851.049481581387,139.67293737326327,590.0699654387591,0.11837199999999996,0.0008486356697665069,-0.0008486356697665069,147.84510352165498,1.0614104365687431,-1.0614104365687431,8870.706211299299,63.68462619412432,-63.68462619412432,1919548.7939999998,15344.630434902969,-15344.630434902969,591.3682332396932,595.6261265551049,587.1407779032032,139.10837229823238,141.2298366802836,137.0187751988326,15.889613036,0.07361001800210948,-0.07361001800210948,2.087348,0.001798331170835862,-0.001798331170835862,12.407417454,0.06963165451971982,-0.06963165451971982,2.088768,0.0018105165008914278,-0.0018105165008914278,3.482195581,0.013083554550066292,-0.013083554550066292,15.884422688,0.0734859511677076,-0.0734859511677076,0.0,0.0,0.0,0.0,0.0,0.0,,-0.31201299334666777,-0.03497148386879932,-0.23482291610811543,-0.035904837817848936,0.0,-0.3113063208588058,
011_190℃_040_1.5mm.csv,1.5,40,1.46566,0.300090075,1.5234,0.30008441,0.05774,2.400745504,14.31315888,1.77074,11.13705082,1.772125,3.176108056,14.30501417,190,0.057740000000000125,2100661.094,303.08278489781713,60.0,18184.96709386903,74.26051320462874,1212.3311395912688,0.05789900000000001,0.0003096045865293624,-0.0003096045865293624,302.2573686720788,1.612514630627418,-1.612514630627418,18135.44212032473,96.75087783764688,-96.75087783764688,2101214.43,13048.616434218318,-13048.616434218318,1209.0156892498749,1215.4904536390218,1202.5754151142464,74.4826219953436,75.33922116036467,73.6357622743759,14.320503539999999,0.007019938120115833,-0.007019938120115833,1.771141,0.0002309328906847218,-0.0002309328906847218,11.147518798,0.008187666895292902,-0.008187666895292902,1.772516,0.00022916696969685094,-0.00022916696969685094,3.1729847407999996,0.006661139716925883,-0.006661139716925883,14.312494462,0.006981310522339218,-0.006981310522339218,-0.25911210917234834,0.25978524419790316,0.25978524419790944,-0.01060477455573819,0.259785244197922,-0.27425549257117104,,-0.06360696131158486,-0.026535532206794814,-0.1259976935281832,-0.024822785060068093,0.09185257991757365,-0.06364615566821659,
012_190℃_040_1.5mm.csv,1.5,40,1.46553,0.300048821,1.523065,0.300006573,0.057535,2.383341435,14.31419625,1.77117,11.15118262,1.77253,3.163013625,14.30637862,190,0.05753499999999989,2083334.862,304.162683583906,60.0,18249.76101503436,73.38653343989986,1216.650734335624,0.05789900000000001,0.0003096045865293624,-0.0003096045865293624,302.2573686720788,1.612514630627418,-1.612514630627418,18135.44212032473,96.75087783764688,-96.75087783764688,2101214.43,13048.616434218318,-13048.616434218318,1209.0156892498749,1215.4904536390218,1202.5754151142464,74.4826219953436,75.33922116036467,73.6357622743759,14.320503539999999,0.007019938120115833,-0.007019938120115833,1.771141,0.0002309328906847218,-0.0002309328906847218,11.147518798,0.008187666895292902,-0.008187666895292902,1.772516,0.00022916696969685094,-0.00022916696969685094,3.1729847407999996,0.006661139716925883,-0.006661139716925883,14.312494462,0.006981310522339218,-0.006981310522339218,-0.6132319917085943,0.6170157295561052,0.6170157295561065,-0.835316320917984,0.6170157295561052,-1.4479382340551288,,-0.05636390498029068,-0.0022583431665381295,0.000732394051191373,-0.001974539720687662,-0.32080524977872427,-0.05411396252373751,
013_190℃_040_1.5mm.csv,1.5,40,1.46555,0.300123339,1.52351,0.300117666,0.05796,2.401001554,14.33029587,1.771315,11.15710247,1.7727,3.173193396,14.3221752,190,0.05796000000000001,2100883.8880000003,301.9323671497584,60.0,18115.942028985504,74.55136539702859,1207.7294685990337,0.05789900000000001,0.0003096045865293624,-0.0003096045865293624,302.2573686720788,1.612514630627418,-1.612514630627418,18135.44212032473,96.75087783764688,-96.75087783764688,2101214.43,13048.616434218318,-13048.616434218318,1209.0156892498749,1215.4904536390218,1202.5754151142464,74.4826219953436,75.33922116036467,73.6357622743759,14.320503539999999,0.007019938120115833,-0.007019938120115833,1.771141,0.0002309328906847218,-0.0002309328906847218,11.147518798,0.008187666895292902,-0.008187666895292902,1.772516,0.00022916696969685094,-0.00022916696969685094,3.1729847407999996,0.006661139716925883,-0.006661139716925883,14.312494462,0.006981310522339218,-0.006981310522339218,0.12091898428055708,-0.1207729468599196,-0.12077294685992211,0.0,-0.1207729468599196,0.11633501343256854,,0.056045798955976965,0.005928150812157889,0.053819977300087765,0.0076160817797934766,0.0,0.05624262920344772,
014_190℃_040_1.5mm.csv,1.5,40,1.465555,0.300041721,1.523445,0.300096623,0.05789,2.401076703,14.32259786,1.77121,11.15110095,1.772565,3.171496912,14.31477976,190,0.05789,2100980.08,302.2974607013301,60.0,18137.847642079807,74.46473683542857,1209.1898428053205,0.05789900000000001,0.0003096045865293624,-0.0003096045865293624,302.2573686720788,1.612514630627418,-1.612514630627418,18135.44212032473,96.75087783764688,-96.75087783764688,2101214.43,13048.616434218318,-13048.616434218318,1209.0156892498749,1215.4904536390218,1202.5754151142464,74.4826219953436,75.33922116036467,73.6357622743759,14.320503539999999,0.007019938120115833,-0.007019938120115833,1.771141,0.0002309328906847218,-0.0002309328906847218,11.147518798,0.008187666895292902,-0.008187666895292902,1.772516,0.00022916696969685094,-0.00022916696969685094,3.1729847407999996,0.006661139716925883,-0.006661139716925883,14.312494462,0.006981310522339218,-0.006981310522339218,0.0,0.0,0.0,0.004578644281544715,0.0,0.0,,0.0022972617235173217,0.0,0.0,0.0,-0.053462987857548105,0.004577297041493909,
015_190℃_040_1.5mm.csv,1.5,40,1.46555,0.300022761,1.52392,0.300099247,0.05837,2.420311473,14.32226884,1.77127,11.14115713,1.77266,3.181111715,14.31412456,190,0.05837000000000003,2120212.2260000003,299.8115470275825,60.0,17988.69282165495,75.76946181527761,1199.24618811033,0.05789900000000001,0.0003096045865293624,-0.0003096045865293624,302.2573686720788,1.612514630627418,-1.612514630627418,18135.44212032473,96.75087783764688,-96.75087783764688,2101214.43,13048.616434218318,-13048.616434218318,1209.0156892498749,1215.4904536390218,1202.5754151142464,74.4826219953436,75.33922116036467,73.6357622743759,14.320503539999999,0.007019938120115833,-0.007019938120115833,1.771141,0.0002309328906847218,-0.0002309328906847218,11.147518798,0.008187666895292902,-0.008187666895292902,1.772516,0.00022916696969685094,-0.00022916696969685094,3.1729847407999996,0.006661139716925883,-0.006661139716925883,14.312494462,0.006981310522339218,-0.006981310522339218,0.829158749352282,-0.8223402432757166,-0.8223402432757142,0.9200098163635394,-0.8223402432757166,1.7521380391534316,,0.0,0.003387514749800926,-0.08917343717527872,0.005359464956148645,0.24953786333924052,0.0,
016_190℃_080_1.5mm.csv,1.5,80,1.481655,0.300110854,1.5107,0.300187571,0.029045,2.441174308,14.99076482,1.63811,11.85467155,1.63966,3.136093273,14.97536873,190,0.029044999999999987,2140986.737,602.5133413668448,60.0,36150.80048201069,38.07242435275407,2410.053365467379,0.029021000000000054,0.00023998437449125859,-0.00023998437449125859,603.044402693926,4.956748238508359,-4.956748238508359,36182.66416163556,297.40489431049957,-297.40489431049957,2137838.2298,20317.70286078096,-20317.70286078096,2412.112161089738,2432.080830139869,2392.3074453666068,37.98261720031492,38.65869563594493,37.31836228960225,15.06842328,0.08209233496011258,-0.08209233496011258,1.6387810000000003,0.0007141813495184653,-0.0007141813495184653,11.923491866,0.07496014336747717,-0.07496014336747717,1.6403189999999999,0.0007117179919041664,-0.0007117179919041664,3.1449314141999998,0.010277519795112423,-0.010277519795112423,15.053220176,0.08212375765168209,-0.08212375765168209,0.29350828729243933,-0.29264933723495234,-0.29264933723494735,0.25951270280114647,-0.29264933723495234,0.6297326845229131,,-0.6270896919277198,-0.04698330567216254,-0.7592113099352594,-0.04572027724776297,-0.17172457874563557,-0.6298965855548598,
017_190℃_080_1.5mm.csv,1.5,80,1.48157,0.300016227,1.51098,0.300158098,0.02941,2.468031348,15.17895692,1.63977,12.0164722,1.641315,3.162484722,15.16360824,190,0.029409999999999936,2167873.25,595.0357021421298,60.0,35702.14212852779,39.03499119336726,2380.1428085685193,0.029021000000000054,0.00023998437449125859,-0.00023998437449125859,603.044402693926,4.956748238508359,-4.956748238508359,36182.66416163556,297.40489431049957,-297.40489431049957,2137838.2298,20317.70286078096,-20317.70286078096,2412.112161089738,2432.080830139869,2392.3074453666068,37.98261720031492,38.65869563594493,37.31836228960225,15.06842328,0.08209233496011258,-0.08209233496011258,1.6387810000000003,0.0007141813495184653,-0.0007141813495184653,11.923491866,0.07496014336747717,-0.07496014336747717,1.6403189999999999,0.0007117179919041664,-0.0007117179919041664,3.1449314141999998,0.010277519795112423,-0.010277519795112423,15.053220176,0.08212375765168209,-0.08212375765168209,1.5538674033143574,-1.5300918055077846,-1.5300918055077797,1.5185717362235978,-1.5300918055077846,3.173905941377371,,0.6204248210768015,0.05430537928341657,0.5952947216186154,0.05516913454564138,0.6683693247809245,0.619179808665221,
018_190℃_080_1.5mm.csv,1.5,80,1.48158,0.300038271,1.510345,0.300059212,0.028765,2.411112123,15.08536358,1.63888,11.94536209,1.64041,3.140001482,15.07029601,190,0.02876500000000015,2111052.9110000003,608.3782374413317,60.0,36502.69424647991,37.178226725458366,2433.512949765327,0.029021000000000054,0.00023998437449125859,-0.00023998437449125859,603.044402693926,4.956748238508359,-4.956748238508359,36182.66416163556,297.40489431049957,-297.40489431049957,2137838.2298,20317.70286078096,-20317.70286078096,2412.112161089738,2432.080830139869,2392.3074453666068,37.98261720031492,38.65869563594493,37.31836228960225,15.06842328,0.08209233496011258,-0.08209233496011258,1.6387810000000003,0.0007141813495184653,-0.0007141813495184653,11.923491866,0.07496014336747717,-0.07496014336747717,1.6403189999999999,0.0007117179919041664,-0.0007117179919041664,3.1449314141999998,0.010277519795112423,-0.010277519795112423,15.053220176,0.08212375765168209,-0.08212375765168209,-0.6733425414362727,0.6779071788630103,0.6779071788630179,-1.1422478761997814,0.6779071788630103,-1.7337329925818374,,0.0,0.0,0.0,0.0,-0.04731827749981653,0.0,
019_190℃_080_1.5mm.csv,1.5,80,1.481695,0.300020096,1.51062,0.300047056,0.028925,2.435492042,15.10343348,1.63908,11.9619455,1.640605,3.14148798,15.08844974,190,0.02892500000000009,2135444.986,605.0129645635245,60.0,36300.77787381147,37.81698748166338,2420.051858254098,0.029021000000000054,0.00023998437449125859,-0.00023998437449125859,603.044402693926,4.956748238508359,-4.956748238508359,36182.66416163556,297.40489431049957,-297.40489431049957,2137838.2298,20317.70286078096,-20317.70286078096,2412.112161089738,2432.080830139869,2392.3074453666068,37.98261720031492,38.65869563594493,37.31836228960225,15.06842328,0.08209233496011258,-0.08209233496011258,1.6387810000000003,0.0007141813495184653,-0.0007141813495184653,11.923491866,0.07496014336747717,-0.07496014336747717,1.6403189999999999,0.0007117179919041664,-0.0007117179919041664,3.1449314141999998,0.010277519795112423,-0.010277519795112423,15.053220176,0.08212375765168209,-0.08212375765168209,-0.12085635359118485,0.12100259291273789,0.12100259291274293,0.0,0.12100259291273789,-0.045415916928503976,,0.11978431878140001,0.012203456018756715,0.13882718560606525,0.011887272084428116,0.0,0.12046034124315697,
020_190℃_080_1.5mm.csv,1.5,80,1.481655,0.3000053,1.510615,0.300167794,0.02896,2.434001059,14.9835976,1.638065,11.83900799,1.639605,3.144589614,14.96837816,190,0.028960000000000097,2133833.2649999997,604.2817679557991,60.0,36256.90607734794,37.834170216979714,2417.1270718231963,0.029021000000000054,0.00023998437449125859,-0.00023998437449125859,603.044402693926,4.956748238508359,-4.956748238508359,36182.66416163556,297.40489431049957,-297.40489431049957,2137838.2298,20317.70286078096,-20317.70286078096,2412.112161089738,2432.080830139869,2392.3074453666068,37.98261720031492,38.65869563594493,37.31836228960225,15.06842328,0.08209233496011258,-0.08209233496011258,1.6387810000000003,0.0007141813495184653,-0.0007141813495184653,11.923491866,0.07496014336747717,-0.07496014336747717,1.6403189999999999,0.0007117179919041664,-0.0007117179919041664,3.1449314141999998,0.010277519795112423,-0.010277519795112423,15.053220176,0.08212375765168209,-0.08212375765168209,0.0,0.0,0.0,-0.07547471419618997,0.0,0.0,,-0.6746007775040959,-0.04972908327637095,-0.890338017371887,-0.04907309757926035,0.09873136614707262,-0.676283000230196,
021_190℃_120_1.5mm.csv,1.5,120,1.485785,0.300182384,1.50509,0.300125332,0.019305,2.163596263,13.54926006,1.58644,10.56302356,1.58861,2.986236498,13.52167676,190,0.019305000000000128,1863470.931,906.5009065009006,60.0,54390.054390054036,22.025085503850143,3626.0036260036027,0.019777000000000065,0.00040924625838235836,-0.00040924625838235836,885.1693493431867,18.31041293944911,-18.31041293944911,53110.16096059121,1098.6247763669458,-1098.6247763669458,1928523.7656,52799.10371748446,-52799.10371748446,3540.0712352788614,3614.080643549339,3467.577397094603,23.340267487128585,24.48945914983497,22.245002759662125,13.574779373999998,0.03026622398097526,-0.03026622398097526,1.5866510000000003,0.00021434201641295546,-0.00021434201641295546,10.571508834,0.016168997468526222,-0.016168997468526222,1.588825,0.00021653521653530646,-0.00021653521653530646,3.00327054,0.01846400656184498,-0.01846400656184498,13.547064226,0.030195383163395262,-0.030195383163395262,-2.647503782147687,2.719502719502119,2.7195027195021244,-3.6403742666038914,2.7195027195021186,-6.191499002358917,,-0.19936115293542825,-0.01733140482065306,0.0,-0.017307734669282246,-0.581347741829956,-0.199504792895705,
022_190℃_120_1.5mm.csv,1.5,120,1.48579,0.300193828,1.50581,0.300172192,0.02002,2.263204969,13.57632598,1.586715,10.56241782,1.588885,3.013908164,13.54870708,190,0.02002000000000015,1963032.7769999998,874.1258741258677,60.0,52447.55244755206,24.061173180943033,3496.50349650347,0.019777000000000065,0.00040924625838235836,-0.00040924625838235836,885.1693493431867,18.31041293944911,-18.31041293944911,53110.16096059121,1098.6247763669458,-1098.6247763669458,1928523.7656,52799.10371748446,-52799.10371748446,3540.0712352788614,3614.080643549339,3467.577397094603,23.340267487128585,24.48945914983497,22.245002759662125,13.574779373999998,0.03026622398097526,-0.03026622398097526,1.5866510000000003,0.00021434201641295546,-0.00021434201641295546,10.571508834,0.016168997468526222,-0.016168997468526222,1.588825,0.00021653521653530646,-0.00021653521653530646,3.00327054,0.01846400656184498,-0.01846400656184498,13.547064226,0.030195383163395262,-0.030195383163395262,0.9581442259210003,-0.9490509490516118,-0.9490509490516145,1.507944421006475,-0.9490509490516376,2.480536929327457,,0.0,0.0,-0.005734532319827981,0.0,0.3399053944506969,0.0,
023_190℃_120_1.5mm.csv,1.5,120,1.485775,0.300130955,1.505605,0.300116392,0.01983,2.233987468,13.59789564,1.586815,10.59419721,1.58899,3.003698431,13.57008457,190,0.019830000000000014,1933871.076,882.5012607160861,60.0,52950.07564296517,23.478773532906136,3530.005042864345,0.019777000000000065,0.00040924625838235836,-0.00040924625838235836,885.1693493431867,18.31041293944911,-18.31041293944911,53110.16096059121,1098.6247763669458,-1098.6247763669458,1928523.7656,52799.10371748446,-52799.10371748446,3540.0712352788614,3614.080643549339,3467.577397094603,23.340267487128585,24.48945914983497,22.245002759662125,13.574779373999998,0.03026622398097526,-0.03026622398097526,1.5866510000000003,0.00021434201641295546,-0.00021434201641295546,10.571508834,0.016168997468526222,-0.016168997468526222,1.588825,0.00021653521653530646,-0.00021653521653530646,3.00327054,0.01846400656184498,-0.01846400656184498,13.547064226,0.030195383163395262,-0.030195383163395262,0.0,0.0,0.0,0.0,0.0,0.0,,0.15887700421878662,0.00630232902569075,0.29512051945097884,0.006608407782803644,0.0,0.1577825092370421,
024_190℃_120_1.5mm.csv,1.5,120,1.48574,0.300027664,1.506035,0.300257465,0.020295,2.29325536,13.61039155,1.586875,10.58243,1.589055,3.027961551,13.58256625,190,0.020294999999999952,1992997.8949999998,862.2813500862302,60.0,51736.88100517381,24.76401568103565,3449.1254003449208,0.019777000000000065,0.00040924625838235836,-0.00040924625838235836,885.1693493431867,18.31041293944911,-18.31041293944911,53110.16096059121,1098.6247763669458,-1098.6247763669458,1928523.7656,52799.10371748446,-52799.10371748446,3540.0712352788614,3614.080643549339,3467.577397094603,23.340267487128585,24.48945914983497,22.245002759662125,13.574779373999998,0.03026622398097526,-0.03026622398097526,1.5866510000000003,0.00021434201641295546,-0.00021434201641295546,10.571508834,0.016168997468526222,-0.016168997468526222,1.588825,0.00021653521653530646,-0.00021653521653530646,3.00327054,0.01846400656184498,-0.01846400656184498,13.547064226,0.030195383163395262,-0.030195383163395262,2.3449319213310003,-2.291204730228818,-2.2912047302288183,3.057433338436254,-2.2912047302288303,5.474059990093667,,0.2509189161352121,0.0100837264411024,0.1837205028443666,0.010699326886464626,0.8077748335049179,0.24990701917219021,
025_190℃_120_1.5mm.csv,1.5,120,1.485835,0.300011869,1.50527,0.30016377,0.019435,2.189409919,13.54002364,1.58641,10.55547558,1.588585,2.984548056,13.51228647,190,0.01943500000000009,1889246.1490000002,900.4373552868494,60.0,54026.24131721097,22.48010137090725,3601.749421147398,0.019777000000000065,0.00040924625838235836,-0.00040924625838235836,885.1693493431867,18.31041293944911,-18.31041293944911,53110.16096059121,1098.6247763669458,-1098.6247763669458,1928523.7656,52799.10371748446,-52799.10371748446,3540.0712352788614,3614.080643549339,3467.577397094603,23.340267487128585,24.48945914983497,22.245002759662125,13.574779373999998,0.03026622398097526,-0.03026622398097526,1.5866510000000003,0.00021434201641295546,-0.00021434201641295546,10.571508834,0.016168997468526222,-0.016168997468526222,1.588825,0.00021653521653530646,-0.00021653521653530646,3.00327054,0.01846400656184498,-0.01846400656184498,13.547064226,0.030195383163395262,-0.030195383163395262,-1.9919314170444926,2.0324157447899247,2.0324157447899265,-2.3075440526418878,2.0324157447899243,-4.253510774739661,,-0.26739443391002504,-0.019222103528358885,-0.07145662373207856,-0.018881165093772613,-0.6375598429708059,-0.26881243933425125,
026_190℃_160_1.5mm.csv,1.5,160,1.487555,0.300055528,1.50268,0.300161911,0.015125,1.919217996,12.76184923,1.569275,9.904573468,1.57179,2.857275758,12.72984295,190,0.015125000000000055,1619056.085,1157.0247933884255,60.0,69421.48760330553,14.992789766709237,4628.099173553702,0.01518500000000005,0.00021198466925697435,-0.00021198466925697435,1152.6308854096726,15.921956004443052,-15.921956004443052,69157.85312458036,955.3173602665795,-955.3173602665795,1642126.7562,27938.920214501108,-27938.920214501108,4610.169165570986,4674.636212878522,4546.591171443053,15.263812403097917,15.733163748987195,14.808462734773475,12.814371996,0.03330447804213604,-0.03330447804213604,1.569489,0.00014905535884362088,-0.00014905535884362088,9.954640700199999,0.03342734776184612,-0.03342734776184612,1.571995,0.00014840822079655744,-0.00014840822079655744,2.8597312948000004,0.010710841018687868,-0.010710841018687868,12.782673764,0.03339673959491313,-0.03339673959491313,0.0,0.0,0.0,-0.8747122798393783,0.0,-0.6777093893721864,,-0.48002819132631275,-0.016883927775014317,-0.5287510808050448,-0.01685691658370475,0.0,-0.4816719141538174,
027_190℃_160_1.5mm.csv,1.5,160,1.487695,0.300052942,1.50266,0.300202654,0.014965,1.917728447,12.82340519,1.56954,9.974168344,1.572055,2.849236842,12.7914558,190,0.014965000000000117,1617525.793,1169.3952555963824,60.0,70163.71533578294,14.820167444231751,4677.581022385529,0.01518500000000005,0.00021198466925697435,-0.00021198466925697435,1152.6308854096726,15.921956004443052,-15.921956004443052,69157.85312458036,955.3173602665795,-955.3173602665795,1642126.7562,27938.920214501108,-27938.920214501108,4610.169165570986,4674.636212878522,4546.591171443053,15.263812403097917,15.733163748987195,14.808462734773475,12.814371996,0.03330447804213604,-0.03330447804213604,1.569489,0.00014905535884362088,-0.00014905535884362088,9.954640700199999,0.03342734776184612,-0.03342734776184612,1.571995,0.00014840822079655744,-0.00014840822079655744,2.8597312948000004,0.010710841018687868,-0.010710841018687868,12.782673764,0.03339673959491313,-0.03339673959491313,-1.0578512396690074,1.0691613765448555,1.0691613765448358,-0.9684030643657524,1.069161376544836,-1.8212753798098353,,0.0,0.0,0.17018757177424557,0.0,-0.28134897296812766,0.0,
028_190℃_160_1.5mm.csv,1.5,160,1.48769,0.300165066,1.5029,0.300284658,0.01521,1.958106681,12.80456988,1.5694,9.944288533,1.57189,2.860281349,12.77342255,190,0.015209999999999946,1657822.023,1150.5588428665392,60.0,69033.53057199235,15.438044675406069,4602.235371466157,0.01518500000000005,0.00021198466925697435,-0.00021198466925697435,1152.6308854096726,15.921956004443052,-15.921956004443052,69157.85312458036,955.3173602665795,-955.3173602665795,1642126.7562,27938.920214501108,-27938.920214501108,4610.169165570986,4674.636212878522,4546.591171443053,15.263812403097917,15.733163748987195,14.808462734773475,12.814371996,0.03330447804213604,-0.03330447804213604,1.569489,0.00014905535884362088,-0.00014905535884362088,9.954640700199999,0.03342734776184612,-0.03342734776184612,1.571995,0.00014840822079655744,-0.00014840822079655744,2.8597312948000004,0.010710841018687868,-0.010710841018687868,12.782673764,0.03339673959491313,-0.03339673959491313,0.5619834710736556,-0.5588428665344584,-0.55884286653447,1.4986982484264886,-0.5588428665344584,2.271957625608038,,-0.14688228064951325,-0.008919810900010768,-0.12989421642614352,-0.01049581598608005,0.1051907920187511,-0.14097887122433886,
029_190℃_160_1.5mm.csv,1.5,160,1.48753,0.300031866,1.50306,0.300245813,0.01553,1.983132555,12.83467631,1.569595,9.957222389,1.57211,2.877453925,12.80272375,190,0.015530000000000044,1682886.742,1126.851255634253,60.0,67611.07533805518,16.00116189995515,4507.405022537012,0.01518500000000005,0.00021198466925697435,-0.00021198466925697435,1152.6308854096726,15.921956004443052,-15.921956004443052,69157.85312458036,955.3173602665795,-955.3173602665795,1642126.7562,27938.920214501108,-27938.920214501108,4610.169165570986,4674.636212878522,4546.591171443053,15.263812403097917,15.733163748987195,14.808462734773475,12.814371996,0.03330447804213604,-0.03330447804213604,1.569489,0.00014905535884362088,-0.00014905535884362088,9.954640700199999,0.03342734776184612,-0.03342734776184612,1.571995,0.00014840822079655744,-0.00014840822079655744,2.8597312948000004,0.010710841018687868,-0.010710841018687868,12.782673764,0.03339673959491313,-0.03339673959491313,2.6776859504131387,-2.607855763039201,-2.6078557630392147,3.0332636693025545,-2.607855763039201,6.002423635923483,,0.08789490648544318,0.0035042114250123145,0.0,0.003498605328688642,0.7062029957557943,0.0880896605998559,
030_190℃_160_1.5mm.csv,1.5,160,1.487665,0.30023705,1.50276,0.300251551,0.015095,1.933594689,12.84735937,1.569635,9.992950767,1.57213,2.8544086,12.81592377,190,0.01509500000000008,1633343.1379999998,1159.324279562763,60.0,69559.45677376578,15.095090613128649,4637.297118251052,0.01518500000000005,0.00021198466925697435,-0.00021198466925697435,1152.6308854096726,15.921956004443052,-15.921956004443052,69157.85312458036,955.3173602665795,-955.3173602665795,1642126.7562,27938.920214501108,-27938.920214501108,4610.169165570986,4674.636212878522,4546.591171443053,15.263812403097917,15.733163748987195,14.808462734773475,12.814371996,0.03330447804213604,-0.03330447804213604,1.569489,0.00014905535884362088,-0.00014905535884362088,9.954640700199999,0.03342734776184612,-0.03342734776184612,1.571995,0.00014840822079655744,-0.00014840822079655744,2.8597312948000004,0.010710841018687868,-0.010710841018687868,12.782673764,0.03339673959491313,-0.03339673959491313,-0.19834710743784714,0.19874130506774326,0.19874130506773408,0.0,0.19874130506774326,0.0,,0.18680046091562919,0.006052728825003264,0.35881872076564253,0.004770825448222057,-0.10034586238210491,0.19128370048388,
031_190℃_200_1.5mm.csv,1.5,200,1.488625,0.300006576,1.501395,0.300205406,0.01277,1.742193931,12.62249245,1.56374,9.815658051,1.56607,2.806834402,12.59463539,190,0.012769999999999948,1441988.5250000001,1370.3993735317206,60.0,82223.96241190324,11.273995998520364,5481.597494126882,0.012177999999999977,0.0003664798766644388,-0.0003664798766644388,1438.0366043601152,42.338779860660416,-42.338779860660416,86282.1962616069,2540.326791639619,-2540.326791639619,1344238.6854,58428.80371893672,-58428.80371893672,5750.122864197271,5923.8651114690865,5581.476338708287,10.011578268186309,10.762372140374989,9.31316052935966,12.672260763999999,0.04909168057619206,-0.04909168057619206,1.563901,0.00016195678435938237,-0.00016195678435938237,9.8999726474,0.060948739511870645,-0.060948739511870645,1.566272,0.00017890640010910568,-0.00017890640010910568,2.772288118,0.020534936548503985,-0.020534936548503985,12.643447764,0.04874712030698032,-0.04874712030698032,5.31958762886606,-5.050900548159822,-5.050900548159813,7.800584108133464,-5.050900548159822,13.535130644195073,,-0.26420555172914795,-0.005115678274998402,-0.8702208232273421,-0.009577198605551741,1.319702477741067,-0.25910472929772255,
032_190℃_200_1.5mm.csv,1.5,200,1.488675,0.300163883,1.500615,0.300042494,0.01194,1.60510301,12.69325889,1.56399,9.933419605,1.566355,2.759839289,12.66462186,190,0.011940000000000062,1305060.516,1465.661641541031,60.0,87939.69849246186,9.540258710840869,5862.646566164123,0.012177999999999977,0.0003664798766644388,-0.0003664798766644388,1438.0366043601152,42.338779860660416,-42.338779860660416,86282.1962616069,2540.326791639619,-2540.326791639619,1344238.6854,58428.80371893672,-58428.80371893672,5750.122864197271,5923.8651114690865,5581.476338708287,10.011578268186309,10.762372140374989,9.31316052935966,12.672260763999999,0.04909168057619206,-0.04909168057619206,1.563901,0.00016195678435938237,-0.00016195678435938237,9.8999726474,0.060948739511870645,-0.060948739511870645,1.566272,0.00017890640010910568,-0.00017890640010910568,2.772288118,0.020534936548503985,-0.020534936548503985,12.643447764,0.04874712030698032,-0.04874712030698032,-1.5257731958753038,1.5494137353423691,1.5494137353423725,-2.4359185373808363,1.5494137353423536,-3.9245251411394184,,0.2949508226266854,0.010870816334360954,0.3190704889678951,0.008619478745003654,-0.3767035744560279,0.29514022964555797,
033_190℃_200_1.5mm.csv,1.5,200,1.488605,0.300156921,1.500835,0.300237392,0.01223,1.642688909,12.64266507,1.56382,9.872390058,1.56622,2.770275014,12.6130702,190,0.012229999999999963,1342451.5170000002,1430.907604251844,60.0,85854.45625511065,10.051948195659152,5723.630417007376,0.012177999999999977,0.0003664798766644388,-0.0003664798766644388,1438.0366043601152,42.338779860660416,-42.338779860660416,86282.1962616069,2540.326791639619,-2540.326791639619,1344238.6854,58428.80371893672,-58428.80371893672,5750.122864197271,5923.8651114690865,5581.476338708287,10.011578268186309,10.762372140374989,9.31316052935966,12.672260763999999,0.04909168057619206,-0.04909168057619206,1.563901,0.00016195678435938237,-0.00016195678435938237,9.8999726474,0.060948739511870645,-0.060948739511870645,1.566272,0.00017890640010910568,-0.00017890640010910568,2.772288118,0.020534936548503985,-0.020534936548503985,12.643447764,0.04874712030698032,-0.04874712030698032,0.8659793814434824,-0.8585445625512866,-0.8585445625512741,0.3593684418881701,-0.8585445625512866,1.2284598799417725,,-0.10481292069587621,0.0,-0.29727591245875057,0.0,0.0,-0.11311364685598108,
034_190℃_200_1.5mm.csv,1.5,200,1.48868,0.300184207,1.500805,0.300049774,0.012125,1.637694219,12.74695729,1.56414,9.976569722,1.566535,2.770387571,12.71755791,190,0.012124999999999941,1337644.445,1443.298969072172,60.0,86597.93814433031,9.929962589158118,5773.195876288688,0.012177999999999977,0.0003664798766644388,-0.0003664798766644388,1438.0366043601152,42.338779860660416,-42.338779860660416,86282.1962616069,2540.326791639619,-2540.326791639619,1344238.6854,58428.80371893672,-58428.80371893672,5750.122864197271,5923.8651114690865,5581.476338708287,10.011578268186309,10.762372140374989,9.31316052935966,12.672260763999999,0.04909168057619206,-0.04909168057619206,1.563901,0.00016195678435938237,-0.00016195678435938237,9.8999726474,0.060948739511870645,-0.060948739511870645,1.566272,0.00017890640010910568,-0.00017890640010910568,2.772288118,0.020534936548503985,-0.020534936548503985,12.643447764,0.04874712030698032,-0.04874712030698032,0.0,0.0,0.0,0.0,0.0,0.0,,0.719245200762838,0.020462713099979407,0.7548498883150709,0.020112117071679918,0.00406302621332501,0.7143575277728852,
035_190℃_200_1.5mm.csv,1.5,200,1.48873,0.300182416,1.500555,0.300247216,0.011825,1.59429564,12.65593012,1.563815,9.901825801,1.56618,2.754104314,12.62735346,190,0.011824999999999974,1294048.4239999999,1479.9154334038087,60.0,88794.92600422852,9.36864649824488,5919.661733615234,0.012177999999999977,0.0003664798766644388,-0.0003664798766644388,1438.0366043601152,42.338779860660416,-42.338779860660416,86282.1962616069,2540.326791639619,-2540.326791639619,1344238.6854,58428.80371893672,-58428.80371893672,5750.122864197271,5923.8651114690865,5581.476338708287,10.011578268186309,10.762372140374989,9.31316052935966,12.672260763999999,0.04909168057619206,-0.04909168057619206,1.563901,0.00016195678435938237,-0.00016195678435938237,9.8999726474,0.060948739511870645,-0.060948739511870645,1.566272,0.00017890640010910568,-0.00017890640010910568,2.772288118,0.020534936548503985,-0.020534936548503985,12.643447764,0.04874712030698032,-0.04874712030698032,-2.4742268041234508,2.5369978858348183,2.5369978858348174,-3.2591636112988294,2.536997885834803,-5.652751315761272,,0.0,-0.00031972989218917496,0.0,-0.0025539196281518565,-0.5837218297201153,0.0,
036_190℃_240_1.5mm.csv,1.5,240,1.48934,0.300232886,1.500305,0.300017906,0.010965,1.555738235,12.69343008,1.5615,9.916045887,1.563765,2.777384194,12.66592414,190,0.010964999999999892,1255720.329,1595.987232102159,60.0,95759.23392612954,8.429983718868284,6383.948928408637,0.010641999999999952,0.00023188359148496328,-0.00023188359148496328,1645.0474943740185,35.55690624685729,-35.55690624685729,98702.8496624411,2133.414374811438,-2133.414374811438,1218291.1134,34490.03921534149,-34490.03921534149,6578.953681391448,6723.299445949458,6437.70694580178,7.933750176331652,8.337105125702658,7.54990982018324,12.685816722,0.055100550456620254,-0.055100550456620254,1.5614599999999998,0.00017453509675709124,-0.00017453509675709124,9.9271311642,0.05862007398221761,-0.05862007398221761,1.563725,0.0001752141546794242,-0.0001752141546794242,2.7586855572,0.013588454849652851,-0.013588454849652851,12.658270501999999,0.055122588354710095,-0.055122588354710095,4.08163265306058,-3.921568627450385,-3.9215686274503723,4.234753047894952,-3.921568627450358,8.643922734807212,,0.0797912380270808,0.003522378309843656,0.009815813107373781,0.0031975136134209567,0.9287724247468414,0.08171468884253423,
037_190℃_240_1.5mm.csv,1.5,240,1.489485,0.300183352,1.49988,0.300187092,0.010395,1.47844182,12.77215362,1.56173,10.02747055,1.563995,2.74468307,12.74466587,190,0.010395000000000154,1178254.728,1683.5016835016586,60.0,101010.10101009952,7.49874973320011,6734.006734006634,0.010641999999999952,0.00023188359148496328,-0.00023188359148496328,1645.0474943740185,35.55690624685729,-35.55690624685729,98702.8496624411,2133.414374811438,-2133.414374811438,1218291.1134,34490.03921534149,-34490.03921534149,6578.953681391448,6723.299445949458,6437.70694580178,7.933750176331652,8.337105125702658,7.54990982018324,12.685816722,0.055100550456620254,-0.055100550456620254,1.5614599999999998,0.00017453509675709124,-0.00017453509675709124,9.9271311642,0.05862007398221761,-0.05862007398221761,1.563725,0.0001752141546794242,-0.0001752141546794242,2.7586855572,0.013588454849652851,-0.013588454849652851,12.658270501999999,0.055122588354710095,-0.055122588354710095,-1.3289036544832222,1.3468013467994744,1.3468013467994855,-2.195506623358461,1.3468013467994882,-3.3576322575839312,,0.7004773251653442,0.01825232396914978,1.1336065005099956,0.01790607623512328,-0.2595703005266442,0.7039043742424625,
038_190℃_240_1.5mm.csv,1.5,240,1.489495,0.300262739,1.50029,0.300005156,0.010795,1.553213692,12.68330991,1.561445,9.915072642,1.563715,2.768237269,12.65558267,190,0.010794999999999888,1253208.5359999998,1621.120889300619,60.0,97267.25335803714,8.282685395583588,6484.483557202476,0.010641999999999952,0.00023188359148496328,-0.00023188359148496328,1645.0474943740185,35.55690624685729,-35.55690624685729,98702.8496624411,2133.414374811438,-2133.414374811438,1218291.1134,34490.03921534149,-34490.03921534149,6578.953681391448,6723.299445949458,6437.70694580178,7.933750176331652,8.337105125702658,7.54990982018324,12.685816722,0.055100550456620254,-0.055100550456620254,1.5614599999999998,0.00017453509675709124,-0.00017453509675709124,9.9271311642,0.05862007398221761,-0.05862007398221761,1.563725,0.0001752141546794242,-0.0001752141546794242,2.7586855572,0.013588454849652851,-0.013588454849652851,12.658270501999999,0.055122588354710095,-0.055122588354710095,2.4679639297572655,-2.408522464103098,-2.40852246410309,4.026254294616874,-2.4085224641030845,6.745571778554408,,0.0,0.0,0.0,0.0,0.5963776794661565,0.0,
039_190℃_240_1.5mm.csv,1.5,240,1.48946,0.300082826,1.499995,0.300076383,0.010535,1.499644271,12.62517817,1.56127,9.873880908,1.563535,2.75129726,12.59757984,190,0.010534999999999961,1199567.888,1661.1295681063184,60.0,99667.7740863791,7.737212877599972,6644.518272425273,0.010641999999999952,0.00023188359148496328,-0.00023188359148496328,1645.0474943740185,35.55690624685729,-35.55690624685729,98702.8496624411,2133.414374811438,-2133.414374811438,1218291.1134,34490.03921534149,-34490.03921534149,6578.953681391448,6723.299445949458,6437.70694580178,7.933750176331652,8.337105125702658,7.54990982018324,12.685816722,0.055100550456620254,-0.055100550456620254,1.5614599999999998,0.00017453509675709124,-0.00017453509675709124,9.9271311642,0.05862007398221761,-0.05862007398221761,1.563725,0.0001752141546794242,-0.0001752141546794242,2.7586855572,0.013588454849652851,-0.013588454849652851,12.658270501999999,0.055122588354710095,-0.055122588354710095,0.0,0.0,0.0,-0.4263451962758479,0.0,-0.28436755159279536,,-0.45833256785886045,-0.011207567349476685,-0.4154456098033282,-0.011511049008295565,-0.019213896567054356,-0.4583181313136609,
040_190℃_240_1.5mm.csv,1.5,240,1.489505,0.300010163,1.500025,0.300214903,0.01052,1.504918989,12.65501183,1.561355,9.903185834,1.563615,2.751825993,12.62759999,190,0.010519999999999863,1204704.086,1663.4980988593372,60.0,99809.88593156023,7.759277745746837,6653.992395437348,0.010641999999999952,0.00023188359148496328,-0.00023188359148496328,1645.0474943740185,35.55690624685729,-35.55690624685729,98702.8496624411,2133.414374811438,-2133.414374811438,1218291.1134,34490.03921534149,-34490.03921534149,6578.953681391448,6723.299445949458,6437.70694580178,7.933750176331652,8.337105125702658,7.54990982018324,12.685816722,0.055100550456620254,-0.055100550456620254,1.5614599999999998,0.00017453509675709124,-0.00017453509675709124,9.9271311642,0.05862007398221761,-0.05862007398221761,1.563725,0.0001752141546794242,-0.0001752141546794242,2.7586855572,0.013588454849652851,-0.013588454849652851,12.658270501999999,0.055122588354710095,-0.055122588354710095,-0.14238253441004578,0.14258555133173312,0.1425855513317377,0.0,0.14258555133173312,0.0,,-0.22311273792726222,-0.005763891779724773,-0.11988624218089575,-0.006395027226827715,0.0,-0.22110937702087766,
007_190℃_280_1.5mm.csv,1.5,280,1.48964,0.30019841,1.49963,0.300056105,0.00999,1.432698015,12.77867679,1.560455,9.999929571,1.56265,2.778747215,12.75204881,190,0.009989999999999943,1132641.91,1751.7517517517617,60.0,105105.1051051057,6.927607763816287,7007.007007007047,0.00963166666666663,0.0003252819289990095,-0.0003252819289990095,1818.2899623982146,60.70623111967602,-60.70623111967602,109097.39774389286,3642.3738671805627,-3642.3738671805627,1083918.834,43825.80845224903,-43825.80845224903,7270.436563600417,7518.757628858312,7030.316767022089,6.385944593135255,6.874438578185811,5.93216273340469,12.773627386666666,0.0054553233779157115,-0.0054553233779157115,1.5603883333333333,7.973915809278026e-05,-7.973915809278026e-05,10.020857840333333,0.01874736496709958,-0.01874736496709958,1.5625916666666668,6.934214687560029e-05,-6.934214687560029e-05,2.7527695443333333,0.02389562056993959,-0.02389562056993959,12.746791033333333,0.005456261619242897,-0.005456261619242897,4.607329842931921,-4.404404404404391,-4.404404404404398,5.716071330025455,-4.404404404404403,10.586759433188922,,0.03375886185291653,0.0028838574477125056,-0.2652938828382325,0.0025598197886894363,1.1249672311107026,0.038286149857177106,
008_190℃_280_1.5mm.csv,1.5,280,1.489805,0.300041471,1.49916,0.300231182,0.009355,1.347945848,12.76784106,1.56041,10.03611461,1.56261,2.731726446,12.74115588,190,0.009355000000000002,1047714.6660000001,1870.657402458578,60.0,112239.44414751467,6.0008392043449,7482.629609834312,0.00963166666666663,0.0003252819289990095,-0.0003252819289990095,1818.2899623982146,60.70623111967602,-60.70623111967602,109097.39774389286,3642.3738671805627,-3642.3738671805627,1083918.834,43825.80845224903,-43825.80845224903,7270.436563600417,7518.757628858312,7030.316767022089,6.385944593135255,6.874438578185811,5.93216273340469,12.773627386666666,0.0054553233779157115,-0.0054553233779157115,1.5603883333333333,7.973915809278026e-05,-7.973915809278026e-05,10.020857840333333,0.01874736496709958,-0.01874736496709958,1.5625916666666668,6.934214687560029e-05,-6.934214687560029e-05,2.7527695443333333,0.02389562056993959,-0.02389562056993959,12.746791033333333,0.005456261619242897,-0.005456261619242897,-2.041884816753364,2.08444681988183,2.084446819881822,-2.210683370907746,2.0844468198818173,-4.207428579564041,,-0.05106516333570091,0.0,0.09559908194514428,0.0,-0.5862261076135693,-0.04716757327284398,
009_190℃_280_1.5mm.csv,1.5,280,1.48974,0.300274045,1.49929,0.300025182,0.00955,1.371425108,12.77436431,1.5603,10.02652934,1.562515,2.747834972,12.74716841,190,0.009549999999999947,1071399.926,1832.4607329843034,60.0,109947.64397905821,6.264409771408128,7329.842931937214,0.00963166666666663,0.0003252819289990095,-0.0003252819289990095,1818.2899623982146,60.70623111967602,-60.70623111967602,109097.39774389286,3642.3738671805627,-3642.3738671805627,1083918.834,43825.80845224903,-43825.80845224903,7270.436563600417,7518.757628858312,7030.316767022089,6.385944593135255,6.874438578185811,5.93216273340469,12.773627386666666,0.0054553233779157115,-0.0054553233779157115,1.5603883333333333,7.973915809278026e-05,-7.973915809278026e-05,10.020857840333333,0.01874736496709958,-0.01874736496709958,1.5625916666666668,6.934214687560029e-05,-6.934214687560029e-05,2.7527695443333333,0.02389562056993959,-0.02389562056993959,12.746791033333333,0.005456261619242897,-0.005456261619242897,0.0,0.0,0.0,0.0,0.0,0.0,,0.0,-0.007049429316657449,0.0,-0.00607957199812853,0.0,0.0,
010_190℃_320_1.5mm.csv,1.5,320,1.48993,0.300275317,1.49912,0.300076692,0.00919,1.337674414,12.72049221,1.559535,9.960697855,1.561715,2.759794355,12.69313809,190,0.009190000000000031,1037597.7220000001,1904.243743199123,60.0,114254.62459194737,5.838075346028593,7616.974972796492,0.009208333333333337,9.87842767515518e-05,-9.87842767515518e-05,1900.5978922697732,20.33134613232516,-20.33134613232516,114035.8735361864,1219.8807679395109,-1219.8807679395109,1043485.1933333334,31068.215261873356,-31068.215261873356,7602.101031098091,7683.977741996895,7521.096758409379,5.880959409455802,6.123257373500839,5.648249202351122,12.785846456666667,0.06072595032080776,-0.06072595032080776,1.5597383333333334,0.00017785762095947849,-0.00017785762095947849,10.020884805,0.05328169445694318,-0.05328169445694318,1.5619016666666667,0.00016653327995743938,-0.00016653327995743938,2.7649616506666668,0.011835189362199195,-0.011835189362199195,12.758829676666666,0.060822969707901124,-0.060822969707901124,0.0,0.0,0.0,0.0,0.0,0.0,,-0.5941109266091877,-0.017950846735033194,-0.7891601149445251,-0.015365359437372907,0.0,-0.6031433996537768,
011_190℃_320_1.5mm.csv,1.5,320,1.489875,0.300116794,1.498995,0.300195575,0.00912,1.315977526,12.79651772,1.559815,10.03992897,1.561955,2.756588748,12.77016047,190,0.009120000000000017,1015781.9509999999,1918.8596491228034,60.0,115131.57894736821,5.6717947304816425,7675.438596491214,0.009208333333333337,9.87842767515518e-05,-9.87842767515518e-05,1900.5978922697732,20.33134613232516,-20.33134613232516,114035.8735361864,1219.8807679395109,-1219.8807679395109,1043485.1933333334,31068.215261873356,-31068.215261873356,7602.101031098091,7683.977741996895,7521.096758409379,5.880959409455802,6.123257373500839,5.648249202351122,12.785846456666667,0.06072595032080776,-0.06072595032080776,1.5597383333333334,0.00017785762095947849,-0.00017785762095947849,10.020884805,0.05328169445694318,-0.05328169445694318,1.5619016666666667,0.00016653327995743938,-0.00016653327995743938,2.7649616506666668,0.011835189362199195,-0.011835189362199195,12.758829676666666,0.060822969707901124,-0.060822969707901124,-0.7616974972798068,0.7675438596492777,0.7675438596492865,-2.10252687890926,0.7675438596492897,-2.8482094815728045,,0.0,0.0,0.0,0.0,-0.11615383567229391,0.0,
012_190℃_320_1.5mm.csv,1.5,320,1.49003,0.300133616,1.499345,0.300103719,0.009315,1.377179626,12.84052944,1.559865,10.06202759,1.562035,2.778501849,12.81319047,190,0.009314999999999962,1077075.907,1878.6902844873935,60.0,112721.4170692436,6.142629841043853,7514.761137949573,0.009208333333333337,9.87842767515518e-05,-9.87842767515518e-05,1900.5978922697732,20.33134613232516,-20.33134613232516,114035.8735361864,1219.8807679395109,-1219.8807679395109,1043485.1933333334,31068.215261873356,-31068.215261873356,7602.101031098091,7683.977741996895,7521.096758409379,5.880959409455802,6.123257373500839,5.648249202351122,12.785846456666667,0.06072595032080776,-0.06072595032080776,1.5597383333333334,0.00017785762095947849,-0.00017785762095947849,10.020884805,0.05328169445694318,-0.05328169445694318,1.5619016666666667,0.00016653327995743938,-0.00016653327995743938,2.7649616506666668,0.011835189362199195,-0.011835189362199195,12.758829676666666,0.060822969707901124,-0.060822969707901124,1.360174102284334,-1.3419216317759703,-1.3419216317759721,3.804767894430653,-1.3419216317759823,5.216693464267048,,0.34393513112720897,0.0032055083455477425,0.22010733408604496,0.005121786479129041,0.6778582602035957,0.3369573945533975,
001_210℃_003_1.5mm.csv,1.5,3,0.99398,0.300034235,1.87402,0.300000573,0.88004,2.647460256,28.73779334,6.3268,22.0295161,6.33028,6.708277241,28.73130207,210,0.88004,2347459.6829999997,19.885459751829462,60.0,1193.1275851097678,1264.8112772004,79.54183900731785,0.9005733333333333,0.018767347530573797,-0.018767347530573797,19.43773182867433,0.4078782677536341,-0.4078782677536341,1166.2639097204599,24.472696065218155,-24.472696065218155,2398560.7723333333,48703.75603528334,-48703.75603528334,77.73956772331344,79.38244274833507,76.13069314290392,1322.1233989092416,1377.7293159759138,1268.7617674050318,29.309688973333333,0.521850315377655,-0.521850315377655,6.325873333333334,0.019366634538125486,-0.019366634538125486,22.403020206666667,0.374465730915196,-0.374465730915196,6.3294,0.01947491720136434,-0.01947491720136434,6.906668768,0.17351670438192177,-0.17351670438192177,29.30264739333333,0.5212438244968527,-0.5212438244968527,-2.740816055877275,2.8180537248306794,2.8180537248306896,-2.342787468093278,2.8180537248306794,-5.0193920288899765,,-2.3561283654255027,0.0,-1.6587941596884708,0.0,-3.914935269435245,-2.355533872707129,
002_210℃_003_1.5mm.csv,1.5,3,0.98944,0.300020744,1.89428,0.300007616,0.90484,2.703782639,29.76004266,6.34476,22.77844021,6.34842,6.981602458,29.75223624,210,0.90484,2403775.023,19.340435878166307,60.0,1160.4261526899784,1331.652117435502,77.36174351266523,0.9005733333333333,0.018767347530573797,-0.018767347530573797,19.43773182867433,0.4078782677536341,-0.4078782677536341,1166.2639097204599,24.472696065218155,-24.472696065218155,2398560.7723333333,48703.75603528334,-48703.75603528334,77.73956772331344,79.38244274833507,76.13069314290392,1322.1233989092416,1377.7293159759138,1268.7617674050318,29.309688973333333,0.521850315377655,-0.521850315377655,6.325873333333334,0.019366634538125486,-0.019366634538125486,22.403020206666667,0.374465730915196,-0.374465730915196,6.3294,0.01947491720136434,-0.01947491720136434,6.906668768,0.17351670438192177,-0.17351670438192177,29.30264739333333,0.5212438244968527,-0.5212438244968527,0.0,0.0,0.0,0.0,0.0,0.0,,1.1172204821938143,0.28387178352404896,1.6844522251144256,0.28655920433219106,0.0,1.1141512720135167,
003_210℃_003_1.5mm.csv,1.5,3,0.9884,0.300012862,1.90524,0.300032734,0.91684,2.744480345,29.43123092,6.30606,22.40110431,6.3095,7.030126605,29.42440387,210,0.9168400000000001,2444447.6109999996,19.087299856027222,60.0,1145.2379913616332,1372.1432740832079,76.34919942410889,0.9005733333333333,0.018767347530573797,-0.018767347530573797,19.43773182867433,0.4078782677536341,-0.4078782677536341,1166.2639097204599,24.472696065218155,-24.472696065218155,2398560.7723333333,48703.75603528334,-48703.75603528334,77.73956772331344,79.38244274833507,76.13069314290392,1322.1233989092416,1377.7293159759138,1268.7617674050318,29.309688973333333,0.521850315377655,-0.521850315377655,6.325873333333334,0.019366634538125486,-0.019366634538125486,22.403020206666667,0.374465730915196,-0.374465730915196,6.3294,0.01947491720136434,-0.01947491720136434,6.906668768,0.17351670438192177,-0.17351670438192177,29.30264739333333,0.5212438244968527,-0.5212438244968527,1.3262013173599887,-1.3088434186990257,-1.3088434186990294,1.692029728690609,-1.3088434186990257,3.040670766602597,,0.0,-0.3278118480116327,0.0,-0.3282635207289447,0.6950287887617818,0.0,
004_210℃_005_1.5mm.csv,1.5,5,1.16884,0.300036775,1.66862,0.300008046,0.49978,2.251105666,23.08646035,4.17898,18.09296003,4.18128,4.993500318,23.07994081,210,0.4997799999999999,1951097.62,35.01540677898276,60.0,2100.9244067389654,597.0119807287347,140.06162711593103,0.50028,0.012837305013124831,-0.012837305013124831,34.99575326308229,0.8969497823477647,-0.8969497823477647,2099.7451957849376,53.81698694086595,-53.81698694086595,1940611.1620000002,66039.66676209737,-66039.66676209737,139.9523370659313,143.58816998041303,136.40856801007965,594.036261644004,630.5215489021066,559.662204666015,23.083394466666665,0.04939444819077874,-0.04939444819077874,4.179106666666667,0.004911225237487158,-0.004911225237487158,18.123284713333334,0.02879558775340792,-0.02879558775340792,4.181453333333334,0.004982261869204474,-0.004982261869204474,4.960109755333334,0.047364136537262465,-0.047364136537262465,23.07655505,0.04901376385306065,-0.04901376385306065,0.0,0.0,0.0,0.0,0.0,0.0,,0.0,0.0,-0.18578284249684568,0.0,0.2524360998616981,0.0,
005_210℃_005_1.5mm.csv,1.5,5,1.16454,0.300044169,1.6779,0.300002346,0.51336,2.300782535,23.13118456,4.18408,18.1502579,4.18652,4.980926661,23.12378815,210,0.51336,2000780.1890000002,34.08913822658563,60.0,2045.3482935951379,628.8492966275757,136.35655290634253,0.50028,0.012837305013124831,-0.012837305013124831,34.99575326308229,0.8969497823477647,-0.8969497823477647,2099.7451957849376,53.81698694086595,-53.81698694086595,1940611.1620000002,66039.66676209737,-66039.66676209737,139.9523370659313,143.58816998041303,136.40856801007965,594.036261644004,630.5215489021066,559.662204666015,23.083394466666665,0.04939444819077874,-0.04939444819077874,4.179106666666667,0.004911225237487158,-0.004911225237487158,18.123284713333334,0.02879558775340792,-0.02879558775340792,4.181453333333334,0.004982261869204474,-0.004982261869204474,4.960109755333334,0.047364136537262465,-0.047364136537262465,23.07655505,0.04901376385306065,-0.04901376385306065,2.717195566049092,-2.6453171263830595,-2.645317126383061,2.5463907336425393,-2.6453171263830595,5.332776715800442,,0.19372484704006093,0.12203934931489646,0.13031480152377817,0.1253204760264725,0.0,0.18998029657424947,
006_210℃_005_1.5mm.csv,1.5,5,1.16476,0.300047097,1.65246,0.300049092,0.4877,2.170004769,23.03253849,4.17426,18.12663621,4.17656,4.905902287,23.02593619,210,0.4877,1869955.6770000001,35.88271478367849,60.0,2152.9628870207093,558.353500207898,143.53085913471398,0.50028,0.012837305013124831,-0.012837305013124831,34.99575326308229,0.8969497823477647,-0.8969497823477647,2099.7451957849376,53.81698694086595,-53.81698694086595,1940611.1620000002,66039.66676209737,-66039.66676209737,139.9523370659313,143.58816998041303,136.40856801007965,594.036261644004,630.5215489021066,559.662204666015,23.083394466666665,0.04939444819077874,-0.04939444819077874,4.179106666666667,0.004911225237487158,-0.004911225237487158,18.123284713333334,0.02879558775340792,-0.02879558775340792,4.181453333333334,0.004982261869204474,-0.004982261869204474,4.960109755333334,0.047364136537262465,-0.047364136537262465,23.07655505,0.04901376385306065,-0.04901376385306065,-2.4170635079434692,2.476932540496181,2.4769325404961866,-4.158784376970331,2.476932540496201,-6.475327425364006,,-0.23356486521763004,-0.1129462213267313,0.0,-0.1128840929093444,-1.5062332595143553,-0.23398942156992739,
001_210℃_010_1.5mm.csv,1.5,10,1.31522,0.300039032,1.56086,0.300085346,0.24564,1.988410935,16.41383756,2.73834,12.94578042,2.73988,3.468057141,16.41033893,210,0.24563999999999986,1688325.5890000002,71.24246865331384,60.0,4274.54811919883,253.91038633589375,284.96987461325534,0.24309599999999998,0.003561948904743013,-0.003561948904743013,72.00035225542072,1.052000569878385,-1.052000569878385,4320.021135325243,63.120034192702896,-63.120034192702896,1666429.9335999999,28561.649651228898,-28561.649651228898,287.9767690959111,292.2214983419334,283.7936976213884,247.97160657542162,255.9261140556568,240.26433525350734,16.535260574,0.10589807826179162,-0.10589807826179162,2.747316,0.008495003237197788,-0.008495003237197788,13.090564273999998,0.11750877062621191,-0.11750877062621191,2.7489280000000003,0.008498312773721798,-0.008498312773721798,3.4446963011999996,0.026874050948620016,-0.026874050948620016,16.531448208,0.10593773787827891,-0.10593773787827891,1.2030323005931982,-1.1887314769580741,-1.1887314769580652,1.9241257916915733,-1.1887314769580741,3.150305947062836,,-0.6209960196438035,-0.251344144774224,-1.0507167398175812,-0.2541083273264741,0.8304933636304647,-0.6189335883412876,
002_210℃_010_1.5mm.csv,1.5,10,1.31478,0.300024225,1.56248,0.300043721,0.2477,2.004025086,16.51479468,2.74298,13.04053568,2.7446,3.474258997,16.5109702,210,0.24770000000000003,1703981.365,70.64997981429147,60.0,4238.998788857488,258.41399027173475,282.5999192571659,0.24309599999999998,0.003561948904743013,-0.003561948904743013,72.00035225542072,1.052000569878385,-1.052000569878385,4320.021135325243,63.120034192702896,-63.120034192702896,1666429.9335999999,28561.649651228898,-28561.649651228898,287.9767690959111,292.2214983419334,283.7936976213884,247.97160657542162,255.9261140556568,240.26433525350734,16.535260574,0.10589807826179162,-0.10589807826179162,2.747316,0.008495003237197788,-0.008495003237197788,13.090564273999998,0.11750877062621191,-0.11750877062621191,2.7489280000000003,0.008498312773721798,-0.008498312773721798,3.4446963011999996,0.026874050948620016,-0.026874050948620016,16.531448208,0.10593773787827891,-0.10593773787827891,2.051746868820033,-2.010496568429552,-2.0104965684295513,2.8692641540945663,-2.010496568429552,4.979881060354392,,-0.00974237504971555,-0.0823243140854609,-0.32646800718442104,-0.08227576214294528,1.0108064827130097,-0.009510286993343001,
003_210℃_010_1.5mm.csv,1.5,10,1.31426,0.300091515,1.55698,0.30007094,0.24272,1.956524283,16.51640377,2.74524,13.0832483,2.74686,3.433155478,16.51254059,210,0.24272000000000005,1656453.3429999999,72.09953856295319,60.0,4325.972313777191,246.15572780385315,288.39815425181274,0.24309599999999998,0.003561948904743013,-0.003561948904743013,72.00035225542072,1.052000569878385,-1.052000569878385,4320.021135325243,63.120034192702896,-63.120034192702896,1666429.9335999999,28561.649651228898,-28561.649651228898,287.9767690959111,292.2214983419334,283.7936976213884,247.97160657542162,255.9261140556568,240.26433525350734,16.535260574,0.10589807826179162,-0.10589807826179162,2.747316,0.008495003237197788,-0.008495003237197788,13.090564273999998,0.11750877062621191,-0.11750877062621191,2.7489280000000003,0.008498312773721798,-0.008498312773721798,3.4446963011999996,0.026874050948620016,-0.026874050948620016,16.531448208,0.10593773787827891,-0.10593773787827891,0.0,0.0,0.0,0.0,0.0,0.0,,0.0,0.0,0.0,0.0,-0.1842395996466109,0.0,
004_210℃_010_1.5mm.csv,1.5,10,1.31526,0.300003198,1.55504,0.300018928,0.23978,1.936696431,16.70624259,2.76078,13.26675021,2.76234,3.439492385,16.70271106,210,0.23977999999999988,1636677.503,72.98356827091504,60.0,4379.014096254903,240.27093775673865,291.93427308366023,0.24309599999999998,0.003561948904743013,-0.003561948904743013,72.00035225542072,1.052000569878385,-1.052000569878385,4320.021135325243,63.120034192702896,-63.120034192702896,1666429.9335999999,28561.649651228898,-28561.649651228898,287.9767690959111,292.2214983419334,283.7936976213884,247.97160657542162,255.9261140556568,240.26433525350734,16.535260574,0.10589807826179162,-0.10589807826179162,2.747316,0.008495003237197788,-0.008495003237197788,13.090564273999998,0.11750877062621191,-0.11750877062621191,2.7489280000000003,0.008498312773721798,-0.008498312773721798,3.4446963011999996,0.026874050948620016,-0.026874050948620016,16.531448208,0.10593773787827891,-0.10593773787827891,-1.2112722478576814,1.2261239469514411,1.2261239469514609,-1.1938664064140714,1.2261239469514609,-2.3906776818143944,,1.1493956108339831,0.5660707260567421,1.4025714852480509,0.5635525654747662,0.0,1.1516729903765717,
005_210℃_010_1.5mm.csv,1.5,10,1.31582,0.300002159,1.55546,0.300042581,0.23964,1.946754449,16.52502427,2.74924,13.11650676,2.75096,3.408517505,16.52068026,210,0.23964000000000008,1646711.868,73.02620597563009,60.0,4381.5723585378055,241.6028767637878,292.10482390252037,0.24309599999999998,0.003561948904743013,-0.003561948904743013,72.00035225542072,1.052000569878385,-1.052000569878385,4320.021135325243,63.120034192702896,-63.120034192702896,1666429.9335999999,28561.649651228898,-28561.649651228898,287.9767690959111,292.2214983419334,283.7936976213884,247.97160657542162,255.9261140556568,240.26433525350734,16.535260574,0.10589807826179162,-0.10589807826179162,2.747316,0.008495003237197788,-0.008495003237197788,13.090564273999998,0.11750877062621191,-0.11750877062621191,2.7489280000000003,0.008498312773721798,-0.008498312773721798,3.4446963011999996,0.026874050948620016,-0.026874050948620016,16.531448208,0.10593773787827891,-0.10593773787827891,-1.2689518787079643,1.2852612251710782,1.2852612251710875,-0.588092326365021,1.2852612251710782,-1.8495815964490756,,0.052193565379270536,0.14570675059375515,0.25420644198888104,0.14926133840094563,-0.9005654478284312,0.049293868230839505,
006_210℃_020_1.5mm.csv,1.5,20,1.411985,0.300053736,1.52932,0.300056141,0.117335,1.961447283,13.97409642,2.0768,10.99791821,2.07818,2.976178207,13.96979411,210,0.11733499999999997,1661391.142,149.1456087271488,60.0,8948.736523628928,119.35060998769589,596.5824349085952,0.11790999999999996,0.0008566285659491108,-0.0008566285659491108,148.4245479643584,1.0775680359888278,-1.0775680359888278,8905.472877861504,64.65408215932982,-64.65408215932982,1672806.0881999999,16883.40961066076,-16883.40961066076,593.6856689745371,598.0130754976379,589.3895768958581,120.75205971286832,122.86407737208646,118.6763473650826,13.986761375999999,0.03527040606390602,-0.03527040606390602,2.077947,0.0018061789778423278,-0.0018061789778423278,11.007987226000001,0.0387323439574204,-0.0387323439574204,2.0793019999999998,0.0018128727202979236,-0.0018128727202979236,2.9787741490000004,0.010892013542022143,-0.010892013542022143,13.982606358000002,0.03521956070066906,-0.03521956070066906,-0.4369961815867994,0.43891421996850005,0.4389142199684835,-0.6569902662932112,0.4389142199684809,-1.0911154255028943,,-0.022786405471315534,-0.052697561715093696,-0.03187650667526717,-0.05194155613054499,-0.05031423155968472,-0.02327938932460278,
007_210℃_020_1.5mm.csv,1.5,20,1.411885,0.300027385,1.528765,0.3000046,0.11688,1.951719311,13.97728134,2.077895,11.01477571,2.07926,2.962505627,13.97304695,210,0.11687999999999987,1651714.711,149.72621492128695,60.0,8983.572895277217,118.19535638062027,598.9048596851478,0.11790999999999996,0.0008566285659491108,-0.0008566285659491108,148.4245479643584,1.0775680359888278,-1.0775680359888278,8905.472877861504,64.65408215932982,-64.65408215932982,1672806.0881999999,16883.40961066076,-16883.40961066076,593.6856689745371,598.0130754976379,589.3895768958581,120.75205971286832,122.86407737208646,118.6763473650826,13.986761375999999,0.03527040606390602,-0.03527040606390602,2.077947,0.0018061789778423278,-0.0018061789778423278,11.007987226000001,0.0387323439574204,-0.0387323439574204,2.0793019999999998,0.0018128727202979236,-0.0018128727202979236,2.9787741490000004,0.010892013542022143,-0.010892013542022143,13.982606358000002,0.03521956070066906,-0.03521956070066906,-0.8230801866780969,0.8299110198495284,0.8299110198495182,-1.2355931941163043,0.8299110198495092,-2.0485034580256767,,0.0,0.0,0.12135364194108293,0.0,-0.5094836695421439,0.0,
008_210℃_020_1.5mm.csv,1.5,20,1.412255,0.300026889,1.531275,0.300021143,0.11902,1.992651787,13.94914953,2.076195,10.95923451,2.07754,2.989915024,13.94508455,210,0.1190199999999999,1692630.644,147.03411191396415,60.0,8822.046714837848,123.34095872380401,588.1364476558566,0.11790999999999996,0.0008566285659491108,-0.0008566285659491108,148.4245479643584,1.0775680359888278,-1.0775680359888278,8905.472877861504,64.65408215932982,-64.65408215932982,1672806.0881999999,16883.40961066076,-16883.40961066076,593.6856689745371,598.0130754976379,589.3895768958581,120.75205971286832,122.86407737208646,118.6763473650826,13.986761375999999,0.03527040606390602,-0.03527040606390602,2.077947,0.0018061789778423278,-0.0018061789778423278,11.007987226000001,0.0387323439574204,-0.0387323439574204,2.0793019999999998,0.0018128727202979236,-0.0018128727202979236,2.9787741490000004,0.010892013542022143,-0.010892013542022143,13.982606358000002,0.03521956070066906,-0.03521956070066906,0.9927874416630406,-0.9830280625104253,-0.9830280625104418,1.2109781324826636,-0.9830280625104444,2.215788012966308,,-0.20126811012591128,-0.08181356613303535,-0.3835009527692998,-0.0827217375412486,0.4110124925522354,-0.20011669680963773,
009_210℃_020_1.5mm.csv,1.5,20,1.412375,0.30003158,1.53084,0.300017541,0.118465,1.985932979,13.98902057,2.077955,11.00142508,2.079265,2.987595485,13.98512469,210,0.11846500000000004,1685915.4379999998,147.72295614738525,60.0,8863.377368843116,122.27875858938982,590.891824589541,0.11790999999999996,0.0008566285659491108,-0.0008566285659491108,148.4245479643584,1.0775680359888278,-1.0775680359888278,8905.472877861504,64.65408215932982,-64.65408215932982,1672806.0881999999,16883.40961066076,-16883.40961066076,593.6856689745371,598.0130754976379,589.3895768958581,120.75205971286832,122.86407737208646,118.6763473650826,13.986761375999999,0.03527040606390602,-0.03527040606390602,2.077947,0.0018061789778423278,-0.0018061789778423278,11.007987226000001,0.0387323439574204,-0.0387323439574204,2.0793019999999998,0.0018128727202979236,-0.0018128727202979236,2.9787741490000004,0.010892013542022143,-0.010892013542022143,13.982606358000002,0.03521956070066906,-0.03521956070066906,0.5218498090793654,-0.519140674460849,-0.5191406744608477,0.8094418788230964,-0.519140674460868,1.3355157588017184,,0.08398793523891306,0.002887537628243635,0.0,0.00024047016726194467,0.3331148741796615,0.08643597951983355,
010_210℃_020_1.5mm.csv,1.5,20,1.41216,0.300044331,1.53001,0.300010341,0.11785,1.972388847,14.04425902,2.08089,11.06658262,2.082265,2.977676402,14.03998149,210,0.11785000000000001,1672378.5059999998,148.4938481120068,60.0,8909.630886720408,120.66722873393876,593.9753924480273,0.11790999999999996,0.0008566285659491108,-0.0008566285659491108,148.4245479643584,1.0775680359888278,-1.0775680359888278,8905.472877861504,64.65408215932982,-64.65408215932982,1672806.0881999999,16883.40961066076,-16883.40961066076,593.6856689745371,598.0130754976379,589.3895768958581,120.75205971286832,122.86407737208646,118.6763473650826,13.986761375999999,0.03527040606390602,-0.03527040606390602,2.077947,0.0018061789778423278,-0.0018061789778423278,11.007987226000001,0.0387323439574204,-0.0387323439574204,2.0793019999999998,0.0018128727202979236,-0.0018128727202979236,2.9787741490000004,0.010892013542022143,-0.010892013542022143,13.982606358000002,0.03521956070066906,-0.03521956070066906,0.0,0.0,0.0,0.0,0.0,0.0,,0.4791896104167624,0.1441362532755651,0.5922645432404245,0.14452257052989642,0.0,0.4790260867190466,
011_210℃_040_1.5mm.csv,1.5,40,1.46141,0.30003465,1.51941,0.300121937,0.058,2.163747855,12.61962477,1.76481,9.820328119,1.766165,2.799296652,12.61260709,210,0.05799999999999983,1863625.9179999998,301.7241379310354,60.0,18103.448275862123,66.17773667999978,1206.8965517241415,0.05775599999999996,0.0004781265522851009,-0.0004781265522851009,303.0154534013679,2.511196785771365,-2.511196785771365,18180.927204082076,150.67180714628074,-150.67180714628074,1858021.9467999998,19020.697118313285,-19020.697118313285,1212.0285396081144,1222.109433935558,1202.0308002155887,65.69661237681292,66.91257472075576,64.50274699189546,12.782638312,0.09282993557866198,-0.09282993557866198,1.768205,0.001919326053592756,-0.001919326053592756,9.9793344118,0.09010082960293937,-0.09010082960293937,1.769535,0.0019048982912482299,-0.0019048982912482299,2.8033039016,0.010550259761951793,-0.010550259761951793,12.775855519999999,0.09295526483487368,-0.09295526483487368,0.07764644983150847,-0.07758620689628386,-0.07758620689629013,0.0,-0.07758620689628386,0.0,,-1.4989524148942168,-0.22670480885562516,-1.9596290629730795,-0.22484033793842279,0.0,-1.5020890181113644,
012_210℃_040_1.5mm.csv,1.5,40,1.46147,0.300104503,1.518705,0.30005783,0.057235,2.137721248,12.81789714,1.769175,10.02363212,1.770485,2.794265022,12.81131035,210,0.057234999999999925,1837663.418,305.75696689088886,60.0,18345.41801345333,64.39510146687543,1223.0278675635554,0.05775599999999996,0.0004781265522851009,-0.0004781265522851009,303.0154534013679,2.511196785771365,-2.511196785771365,18180.927204082076,150.67180714628074,-150.67180714628074,1858021.9467999998,19020.697118313285,-19020.697118313285,1212.0285396081144,1222.109433935558,1202.0308002155887,65.69661237681292,66.91257472075576,64.50274699189546,12.782638312,0.09282993557866198,-0.09282993557866198,1.768205,0.001919326053592756,-0.001919326053592756,9.9793344118,0.09010082960293937,-0.09010082960293937,1.769535,0.0019048982912482299,-0.0019048982912482299,2.8033039016,0.010550259761951793,-0.010550259761951793,12.775855519999999,0.09295526483487368,-0.09295526483487368,-1.2423431973083499,1.2579715209226194,1.2579715209226068,-1.3931175644875191,1.2579715209226194,-2.6937083414384864,,0.04864004590615905,0.020069877093196773,0.07003831977537735,0.019207466055041082,-0.17974622290943953,0.04968024542248428,
013_210℃_040_1.5mm.csv,1.5,40,1.46146,0.300091865,1.519775,0.30010176,0.058315,2.175781305,12.81166554,1.76882,9.99755411,1.770145,2.814111428,12.80494882,210,0.05831500000000012,1875679.5450000002,300.09431535625424,60.0,18005.658921375256,66.96750163265828,1200.377261425017,0.05775599999999996,0.0004781265522851009,-0.0004781265522851009,303.0154534013679,2.511196785771365,-2.511196785771365,18180.927204082076,150.67180714628074,-150.67180714628074,1858021.9467999998,19020.697118313285,-19020.697118313285,1212.0285396081144,1222.109433935558,1202.0308002155887,65.69661237681292,66.91257472075576,64.50274699189546,12.782638312,0.09282993557866198,-0.09282993557866198,1.768205,0.001919326053592756,-0.001919326053592756,9.9793344118,0.09010082960293937,-0.09010082960293937,1.769535,0.0019048982912482299,-0.0019048982912482299,2.8033039016,0.010550259761951793,-0.010550259761951793,12.775855519999999,0.09295526483487368,-0.09295526483487368,0.6211715986543664,-0.6173368773045192,-0.6173368773045191,0.6467836105722334,-0.6173368773045192,1.1933997629404935,,0.0,0.0,-0.19030916991317806,0.0,0.529232083688417,0.0,
014_210℃_040_1.5mm.csv,1.5,40,1.461715,0.30007198,1.51967,0.30002027,0.057955,2.175101084,12.85364518,1.769465,10.03854106,1.77079,2.815104126,12.84686595,210,0.05795499999999998,1875080.814,301.9584160124235,60.0,18117.504960745413,66.53284198492038,1207.833664049694,0.05775599999999996,0.0004781265522851009,-0.0004781265522851009,303.0154534013679,2.511196785771365,-2.511196785771365,18180.927204082076,150.67180714628074,-150.67180714628074,1858021.9467999998,19020.697118313285,-19020.697118313285,1212.0285396081144,1222.109433935558,1202.0308002155887,65.69661237681292,66.91257472075576,64.50274699189546,12.782638312,0.09282993557866198,-0.09282993557866198,1.768205,0.001919326053592756,-0.001919326053592756,9.9793344118,0.09010082960293937,-0.09010082960293937,1.769535,0.0019048982912482299,-0.0019048982912482299,2.8033039016,0.010550259761951793,-0.010550259761951793,12.775855519999999,0.09295526483487368,-0.09295526483487368,0.0,0.0,0.0,0.6146564012317081,0.0,0.5365933057482741,,0.32766731124015286,0.03646498795807412,0.21888039410992585,0.03643769295735698,0.5646944916933305,0.32735101552713475,
015_210℃_040_1.5mm.csv,1.5,40,1.4614,0.300068939,1.518675,0.300037559,0.057275,2.138097598,12.81035893,1.768755,10.01661665,1.77009,2.79374228,12.80354539,210,0.057274999999999965,1838060.0389999999,305.5434308162376,60.0,18332.605848974257,64.45401351044383,1222.1737232649505,0.05775599999999996,0.0004781265522851009,-0.0004781265522851009,303.0154534013679,2.511196785771365,-2.511196785771365,18180.927204082076,150.67180714628074,-150.67180714628074,1858021.9467999998,19020.697118313285,-19020.697118313285,1212.0285396081144,1222.109433935558,1202.0308002155887,65.69661237681292,66.91257472075576,64.50274699189546,12.782638312,0.09282993557866198,-0.09282993557866198,1.768205,0.001919326053592756,-0.001919326053592756,9.9793344118,0.09010082960293937,-0.09010082960293937,1.769535,0.0019048982912482299,-0.0019048982912482299,2.8033039016,0.010550259761951793,-0.010550259761951793,12.775855519999999,0.09295526483487368,-0.09295526483487368,-1.1733241307911555,1.1872544740288316,1.1872544740288251,-1.3718353427621712,1.1872544740288316,-2.6046874009773986,,-0.010198595927445034,-0.0036747662283319804,0.0,-0.0031070900971467462,-0.19842027089311132,-0.010960059424898758,
016_210℃_080_1.5mm.csv,1.5,80,1.480465,0.300146044,1.509645,0.300171008,0.02918,2.26251379,13.55741226,1.63751,10.71124007,1.639015,2.84617219,13.54414319,210,0.029179999999999984,1962342.782,599.7258396161758,60.0,35983.55037697055,35.05785451760814,2398.903358464703,0.028937999999999908,0.0004969607630387192,-0.0004969607630387192,604.8846389537075,10.442783090262674,-10.442783090262674,36293.07833722245,626.5669854157615,-626.5669854157615,1939346.6252000001,39322.87698811395,-39322.87698811395,2419.251098077185,2461.2710505930113,2377.9485295361983,34.349939611326754,35.663310064466785,33.08493656839243,13.564820488,0.061943879701350485,-0.061943879701350485,1.6375499999999998,0.0005934328100129458,-0.0005934328100129458,10.728171488000001,0.05548788740328247,-0.05548788740328247,1.6390540000000002,0.000587371262490769,-0.000587371262490769,2.8366489976,0.019226553667150762,-0.019226553667150762,13.551544283999998,0.06203274792946509,-0.06203274792946509,0.0,0.0,0.0,0.0,0.0,0.0,,-0.10027285855561589,-0.0027479993038446193,-0.09635845155198951,-0.0033555613854146698,0.0,-0.09887363091274073,
017_210℃_080_1.5mm.csv,1.5,80,1.480425,0.300010323,1.508835,0.300170672,0.02841,2.197875856,13.46487203,1.636605,10.65267436,1.638115,2.81219766,13.451506,210,0.028409999999999824,1897705.184,615.9802886307676,60.0,36958.81731784606,33.008451598432444,2463.9211545230705,0.028937999999999908,0.0004969607630387192,-0.0004969607630387192,604.8846389537075,10.442783090262674,-10.442783090262674,36293.07833722245,626.5669854157615,-626.5669854157615,1939346.6252000001,39322.87698811395,-39322.87698811395,2419.251098077185,2461.2710505930113,2377.9485295361983,34.349939611326754,35.663310064466785,33.08493656839243,13.564820488,0.061943879701350485,-0.061943879701350485,1.6375499999999998,0.0005934328100129458,-0.0005934328100129458,10.728171488000001,0.05548788740328247,-0.05548788740328247,1.6390540000000002,0.000587371262490769,-0.000587371262490769,2.8366489976,0.019226553667150762,-0.019226553667150762,13.551544283999998,0.06203274792946509,-0.06203274792946509,-2.63879369431172,2.710313269975941,2.71031326997594,-3.293899444730141,2.710313269975941,-5.845773928197363,,-0.7821687505823158,-0.05801331863662633,-0.6426003115638476,-0.05826474769229131,-1.1936920091963958,-0.7821623037244688,
018_210℃_080_1.5mm.csv,1.5,80,1.480425,0.300012533,1.509815,0.300058298,0.02939,2.277260111,13.57102031,1.637555,10.72157121,1.63907,2.849449098,13.55754803,210,0.029389999999999805,1977201.813,595.4406260632908,60.0,35726.437563797444,35.577527316777314,2381.762504253163,0.028937999999999908,0.0004969607630387192,-0.0004969607630387192,604.8846389537075,10.442783090262674,-10.442783090262674,36293.07833722245,626.5669854157615,-626.5669854157615,1939346.6252000001,39322.87698811395,-39322.87698811395,2419.251098077185,2461.2710505930113,2377.9485295361983,34.349939611326754,35.663310064466785,33.08493656839243,13.564820488,0.061943879701350485,-0.061943879701350485,1.6375499999999998,0.0005934328100129458,-0.0005934328100129458,10.728171488000001,0.05548788740328247,-0.05548788740328247,1.6390540000000002,0.000587371262490769,-0.000587371262490769,2.8366489976,0.019226553667150762,-0.019226553667150762,13.551544283999998,0.06203274792946509,-0.06203274792946509,0.7196710075387991,-0.7145287512753403,-0.7145287512753441,0.7572087372449791,-0.7145287512753403,1.4823291565322716,,0.0,0.0,0.0,0.0,0.11513386335210217,0.0,
019_210℃_080_1.5mm.csv,1.5,80,1.480415,0.300120353,1.508805,0.300084367,0.02839,2.19587905,13.62402468,1.63817,10.80397483,1.639665,2.820049845,13.61089848,210,0.028389999999999915,1895794.683,616.4142303628056,60.0,36984.85382176834,32.95200676553256,2465.6569214512224,0.028937999999999908,0.0004969607630387192,-0.0004969607630387192,604.8846389537075,10.442783090262674,-10.442783090262674,36293.07833722245,626.5669854157615,-626.5669854157615,1939346.6252000001,39322.87698811395,-39322.87698811395,2419.251098077185,2461.2710505930113,2377.9485295361983,34.349939611326754,35.663310064466785,33.08493656839243,13.564820488,0.061943879701350485,-0.061943879701350485,1.6375499999999998,0.0005934328100129458,-0.0005934328100129458,10.728171488000001,0.05548788740328247,-0.05548788740328247,1.6390540000000002,0.000587371262490769,-0.000587371262490769,2.8366489976,0.019226553667150762,-0.019226553667150762,13.551544283999998,0.06203274792946509,-0.06203274792946509,-2.7073337902675423,2.7826699542094713,2.78266995420948,-3.391257613625219,2.7826699542094713,-6.006778740604052,,0.3905702650886389,0.03755599048580415,0.768577836083776,0.036301073169535236,-0.9178062062365827,0.3935110528979623,
020_210℃_080_1.5mm.csv,1.5,80,1.48034,0.300014589,1.50966,0.300171907,0.02932,2.263860571,13.60677316,1.63791,10.75139697,1.639405,2.855376195,13.59362572,210,0.029320000000000013,1963688.6639999999,596.8622100954977,60.0,35811.73260572986,35.25021528274287,2387.448840381991,0.028937999999999908,0.0004969607630387192,-0.0004969607630387192,604.8846389537075,10.442783090262674,-10.442783090262674,36293.07833722245,626.5669854157615,-626.5669854157615,1939346.6252000001,39322.87698811395,-39322.87698811395,2419.251098077185,2461.2710505930113,2377.9485295361983,34.349939611326754,35.663310064466785,33.08493656839243,13.564820488,0.061943879701350485,-0.061943879701350485,1.6375499999999998,0.0005934328100129458,-0.0005934328100129458,10.728171488000001,0.05548788740328247,-0.05548788740328247,1.6390540000000002,0.000587371262490769,-0.000587371262490769,2.8366489976,0.019226553667150762,-0.019226553667150762,13.551544283999998,0.06203274792946509,-0.06203274792946509,0.47978067169303995,-0.47748976807648763,-0.4774897680764889,0.06858546897847653,-0.47748976807648763,0.5486952004952689,,0.2634499778447368,0.021678661174732033,0.27818460014686214,0.020438419347555272,0.323381875219572,0.26610777937255686,
021_210℃_120_1.5mm.csv,1.5,120,1.485125,0.300141584,1.504655,0.300129102,0.01953,2.057698114,12.190745,1.58518,9.466477008,1.587355,2.72426799,12.16553341,210,0.019530000000000047,1757569.0119999999,896.0573476702488,60.0,53763.44086021493,21.01550375777148,3584.229390680995,0.019674000000000014,0.00013699452543806956,-0.00013699452543806956,889.5331643295483,6.163444635777896,-6.163444635777896,53371.98985977289,369.8066781466738,-369.8066781466738,1773986.6398000002,13899.947838607277,-13899.947838607277,3558.0641031565037,3582.864562642997,3533.435311557531,21.367275852393327,21.68177007376725,21.05734337182475,12.302316504,0.07494892627211926,-0.07494892627211926,1.585856,0.0004530507697818202,-0.0004530507697818202,9.5654788986,0.06691977250093274,-0.06691977250093274,1.588011,0.0004406727810972718,-0.0004406727810972718,2.736837606,0.011689600735725272,-0.011689600735725272,12.27747487,0.0751799765715632,-0.0751799765715632,-0.7117437722421375,0.7168458781363466,0.7168458781363457,-0.8542958200649967,0.7168458781363337,-1.4081028909211228,,-1.0519238954534291,-0.043824387167960284,-1.0585645874993588,-0.04250549422869726,-0.4805611369271963,-1.0570664585151581,
022_210℃_120_1.5mm.csv,1.5,120,1.48517,0.300030572,1.50477,0.300192022,0.0196,2.072905249,12.27029356,1.585705,9.543496452,1.58786,2.72679711,12.24543092,210,0.01959999999999984,1772713.2270000002,892.8571428571502,60.0,53571.42857142901,21.27255872399983,3571.4285714286007,0.019674000000000014,0.00013699452543806956,-0.00013699452543806956,889.5331643295483,6.163444635777896,-6.163444635777896,53371.98985977289,369.8066781466738,-369.8066781466738,1773986.6398000002,13899.947838607277,-13899.947838607277,3558.0641031565037,3582.864562642997,3533.435311557531,21.367275852393327,21.68177007376725,21.05734337182475,12.302316504,0.07494892627211926,-0.07494892627211926,1.585856,0.0004530507697818202,-0.0004530507697818202,9.5654788986,0.06691977250093274,-0.06691977250093274,1.588011,0.0004406727810972718,-0.0004406727810972718,2.736837606,0.011689600735725272,-0.011689600735725272,12.27747487,0.0751799765715632,-0.0751799765715632,-0.3558718861221976,0.35714285714406324,0.35714285714405813,0.0,0.3571428571440504,-0.20215812395872468,,-0.406255647213704,-0.010719634271301553,-0.25357511384482667,-0.010705087435376126,-0.38817059233272316,-0.407255738702244,
023_210℃_120_1.5mm.csv,1.5,120,1.485075,0.300000213,1.50475,0.300232634,0.019675,2.069765632,12.34525822,1.586175,9.607835243,1.588325,2.737422981,12.32054061,210,0.01967500000000011,1769532.9980000004,889.453621346882,60.0,53367.21728081292,21.315650042234818,3557.814485387528,0.019674000000000014,0.00013699452543806956,-0.00013699452543806956,889.5331643295483,6.163444635777896,-6.163444635777896,53371.98985977289,369.8066781466738,-369.8066781466738,1773986.6398000002,13899.947838607277,-13899.947838607277,3558.0641031565037,3582.864562642997,3533.435311557531,21.367275852393327,21.68177007376725,21.05734337182475,12.302316504,0.07494892627211926,-0.07494892627211926,1.585856,0.0004530507697818202,-0.0004530507697818202,9.5654788986,0.06691977250093274,-0.06691977250093274,1.588011,0.0004406727810972718,-0.0004406727810972718,2.736837606,0.011689600735725272,-0.011689600735725272,12.27747487,0.0751799765715632,-0.0751799765715632,0.025419420437380463,-0.025412960610084568,-0.02541296061008713,-0.17939895475264128,-0.025412960610097346,0.0,,0.20220666438672502,0.018917001655235563,0.4188790978820202,0.018576475255501105,0.0,0.20361538511406022,
024_210℃_120_1.5mm.csv,1.5,120,1.48511,0.300053606,1.50478,0.300025338,0.01967,2.074206688,12.38494008,1.586345,9.641827885,1.588485,2.743112197,12.36036434,210,0.019670000000000076,1774181.3499999999,889.6797153024877,60.0,53380.78291814926,21.366212543571507,3558.7188612099512,0.019674000000000014,0.00013699452543806956,-0.00013699452543806956,889.5331643295483,6.163444635777896,-6.163444635777896,53371.98985977289,369.8066781466738,-369.8066781466738,1773986.6398000002,13899.947838607277,-13899.947838607277,3558.0641031565037,3582.864562642997,3533.435311557531,21.367275852393327,21.68177007376725,21.05734337182475,12.302316504,0.07494892627211926,-0.07494892627211926,1.585856,0.0004530507697818202,-0.0004530507697818202,9.5654788986,0.06691977250093274,-0.06691977250093274,1.588011,0.0004406727810972718,-0.0004406727810972718,2.736837606,0.011689600735725272,-0.011689600735725272,12.27747487,0.0751799765715632,-0.0751799765715632,0.0,0.0,0.0,0.0828178510567221,0.0,0.23720834802834684,,0.5242906472154987,0.029636635926537116,0.7741623558565478,0.028651851665262757,0.20783108929412256,0.5275039100122096,
025_210℃_120_1.5mm.csv,1.5,120,1.48506,0.300178319,1.504955,0.300101313,0.019895,2.096037925,12.32034566,1.585875,9.567757905,1.58803,2.752587752,12.29550507,210,0.019894999999999996,1795936.6120000002,879.6179944709728,60.0,52777.07966825837,21.875607487187754,3518.471977883891,0.019674000000000014,0.00013699452543806956,-0.00013699452543806956,889.5331643295483,6.163444635777896,-6.163444635777896,53371.98985977289,369.8066781466738,-369.8066781466738,1773986.6398000002,13899.947838607277,-13899.947838607277,3558.0641031565037,3582.864562642997,3533.435311557531,21.367275852393327,21.68177007376725,21.05734337182475,12.302316504,0.07494892627211926,-0.07494892627211926,1.585856,0.0004530507697818202,-0.0004530507697818202,9.5654788986,0.06691977250093274,-0.06691977250093274,1.588011,0.0004406727810972718,-0.0004406727810972718,2.736837606,0.011689600735725272,-0.011689600735725272,12.27747487,0.0751799765715632,-0.0751799765715632,1.143873919674219,-1.130937421462278,-1.1309374214622823,1.3100474823726245,-1.1309374214622907,2.626978036529199,,0.0,0.0,0.0,0.0,0.5539798235514354,0.0,
026_210℃_160_1.5mm.csv,1.5,160,1.48719,0.300155427,1.50229,0.300080917,0.0151,1.835637238,11.48208265,1.567955,8.872520755,1.57047,2.609561892,11.45297884,210,0.015099999999999891,1535556.3209999998,1158.9403973510018,60.0,69536.42384106011,14.196061498224385,4635.761589404007,0.01507900000000002,0.0001568598100216065,-0.0001568598100216065,1160.6539368335077,11.959318311072856,-11.959318311072856,69639.23621001045,717.5590986643729,-717.5590986643729,1524717.2289999998,17270.958369662094,-17270.958369662094,4642.417328044612,4690.731046853217,4594.601232186844,14.074926983620259,14.377848730036611,13.77838738700774,11.537768836000001,0.04780179003614043,-0.04780179003614043,1.5682120000000002,0.0002201022489663005,-0.0002201022489663005,8.9279214322,0.04276433894623826,-0.04276433894623826,1.570735,0.00021254411306828532,-0.00021254411306828532,2.6098474028,0.00890220207126603,-0.00890220207126603,11.508624084000001,0.047939520543506434,-0.047939520543506434,0.5326231691069093,-0.5298013245023645,-0.5298013245023645,1.4346366331029141,-0.5298013245023645,2.144915849271994,,-0.31360011321208847,-0.014029046503107687,-0.4580016536729622,-0.014324868927444202,0.045430589578094614,-0.3150149700307633,
027_210℃_160_1.5mm.csv,1.5,160,1.48711,0.300030552,1.50213,0.300183909,0.01502,1.811276336,11.51820375,1.568175,8.913344018,1.570695,2.604859728,11.48917145,210,0.015020000000000033,1511092.427,1165.1131824234328,60.0,69906.79094540597,13.895882604208191,4660.452729693731,0.01507900000000002,0.0001568598100216065,-0.0001568598100216065,1160.6539368335077,11.959318311072856,-11.959318311072856,69639.23621001045,717.5590986643729,-717.5590986643729,1524717.2289999998,17270.958369662094,-17270.958369662094,4642.417328044612,4690.731046853217,4594.601232186844,14.074926983620259,14.377848730036611,13.77838738700774,11.537768836000001,0.04780179003614043,-0.04780179003614043,1.5682120000000002,0.0002201022489663005,-0.0002201022489663005,8.9279214322,0.04276433894623826,-0.04276433894623826,1.570735,0.00021254411306828532,-0.00021254411306828532,2.6098474028,0.00890220207126603,-0.00890220207126603,11.508624084000001,0.047939520543506434,-0.047939520543506434,0.0,0.0,0.0,-0.18138106978714635,0.0,-0.014961231624472377,,0.0,0.0,0.0,0.0,-0.13484105813601582,0.0,
028_210℃_160_1.5mm.csv,1.5,160,1.487155,0.300107915,1.50215,0.300001794,0.014995,1.813840037,11.58270523,1.568435,8.974328339,1.57093,2.608376891,11.55412731,210,0.014995000000000092,1513838.2430000002,1167.0556852284024,60.0,70023.34111370414,13.8979619104807,4668.222740913609,0.01507900000000002,0.0001568598100216065,-0.0001568598100216065,1160.6539368335077,11.959318311072856,-11.959318311072856,69639.23621001045,717.5590986643729,-717.5590986643729,1524717.2289999998,17270.958369662094,-17270.958369662094,4642.417328044612,4690.731046853217,4594.601232186844,14.074926983620259,14.377848730036611,13.77838738700774,11.537768836000001,0.04780179003614043,-0.04780179003614043,1.5682120000000002,0.0002201022489663005,-0.0002201022489663005,8.9279214322,0.04276433894623826,-0.04276433894623826,1.570735,0.00021254411306828532,-0.00021254411306828532,2.6098474028,0.00890220207126603,-0.00890220207126603,11.508624084000001,0.047939520543506434,-0.047939520543506434,-0.16644474034581677,0.16672224074652853,0.16672224074652592,0.0,0.16672224074652853,0.0,,0.5599959976398278,0.016579782230932576,0.6841912628621196,0.014961529768668344,0.0,0.5653659211430736,
029_210℃_160_1.5mm.csv,1.5,160,1.4872,0.300204872,1.50214,0.300109036,0.01494,1.813242471,11.51306699,1.568055,8.911404928,1.57061,2.601662062,11.48336191,210,0.014939999999999953,1513133.4349999998,1171.3520749665365,60.0,70281.12449799219,13.840538889122405,4685.408299866146,0.01507900000000002,0.0001568598100216065,-0.0001568598100216065,1160.6539368335077,11.959318311072856,-11.959318311072856,69639.23621001045,717.5590986643729,-717.5590986643729,1524717.2289999998,17270.958369662094,-17270.958369662094,4642.417328044612,4690.731046853217,4594.601232186844,14.074926983620259,14.377848730036611,13.77838738700774,11.537768836000001,0.04780179003614043,-0.04780179003614043,1.5682120000000002,0.0002201022489663005,-0.0002201022489663005,8.9279214322,0.04276433894623826,-0.04276433894623826,1.570735,0.00021254411306828532,-0.00021254411306828532,2.6098474028,0.00890220207126603,-0.00890220207126603,11.508624084000001,0.047939520543506434,-0.047939520543506434,-0.5326231691083877,0.535475234270959,0.5354752342709563,-0.04655768231906309,0.535475234270959,-0.4131758435385477,,-0.04459688430150565,-0.007652207183517146,-0.021754910346606083,-0.0054116171503627835,-0.2574332345593483,-0.05056535212555588,
030_210℃_160_1.5mm.csv,1.5,160,1.487045,0.300078935,1.502385,0.300113163,0.01534,1.850078882,11.59278556,1.56844,8.968009121,1.57097,2.624776441,11.56348091,210,0.015340000000000131,1549965.719,1140.8083441981648,60.0,68448.50065188989,14.557024977220534,4563.233376792659,0.01507900000000002,0.0001568598100216065,-0.0001568598100216065,1160.6539368335077,11.959318311072856,-11.959318311072856,69639.23621001045,717.5590986643729,-717.5590986643729,1524717.2289999998,17270.958369662094,-17270.958369662094,4642.417328044612,4690.731046853217,4594.601232186844,14.074926983620259,14.377848730036611,13.77838738700774,11.537768836000001,0.04780179003614043,-0.04780179003614043,1.5682120000000002,0.0002201022489663005,-0.0002201022489663005,8.9279214322,0.04276433894623826,-0.04276433894623826,1.570735,0.00021254411306828532,-0.00021254411306828532,2.6098474028,0.00890220207126603,-0.00890220207126603,11.508624084000001,0.047939520543506434,-0.047939520543506434,2.1304926764320724,-2.0860495436772912,-2.0860495436772952,2.3864819221639775,-2.0860495436772912,4.742156231143673,,0.64751250818948,0.016898624196914225,0.613295110001437,0.017508173133550766,0.628726241847388,0.6467782322109789,
031_210℃_200_1.5mm.csv,1.5,200,1.488225,0.30017459,1.500825,0.300272955,0.0126,1.63466641,11.47248121,1.562995,8.913354774,1.565315,2.559126439,11.44750388,210,0.012600000000000167,1334393.4549999998,1388.8888888888705,60.0,83333.33333333224,10.293892367142991,5555.555555555483,0.012395000000000022,0.0001385189517719947,-0.0001385189517719947,1412.000051922325,15.708307193871377,-15.708307193871377,84720.0031153395,942.4984316322752,-942.4984316322752,1310802.0458,22150.52477960704,-22150.52477960704,5647.719762739298,5711.045229060719,5585.096464676748,9.945749385455915,10.223419746833528,9.675620613047244,11.557764556,0.08214548068988252,-0.08214548068988252,1.563312,0.00029682907539530293,-0.00029682907539530293,9.0006619934,0.0799594168962795,-0.0799594168962795,1.565666,0.0003116969682239244,-0.0003116969682239244,2.5571025642,0.006643363079282174,-0.006643363079282174,11.532052958,0.08180702918297092,-0.08180702918297092,2.0656136087494144,-2.023809523810416,-2.0238095238104012,1.7748037853920418,-2.0238095238103844,3.8770779826610964,,-0.4860122792663909,-0.015032976593334649,-0.7680253584980813,-0.016287997342814067,0.0,-0.472905470241835,
032_210℃_200_1.5mm.csv,1.5,200,1.488345,0.300053575,1.5008,0.300094012,0.012455,1.630532307,11.52315141,1.56323,8.962191166,1.56557,2.560960244,11.49779559,210,0.012454999999999883,1330438.295,1405.0582095544091,60.0,84303.49257326455,10.145270794423373,5620.2328382176365,0.012395000000000022,0.0001385189517719947,-0.0001385189517719947,1412.000051922325,15.708307193871377,-15.708307193871377,84720.0031153395,942.4984316322752,-942.4984316322752,1310802.0458,22150.52477960704,-22150.52477960704,5647.719762739298,5711.045229060719,5585.096464676748,9.945749385455915,10.223419746833528,9.675620613047244,11.557764556,0.08214548068988252,-0.08214548068988252,1.563312,0.00029682907539530293,-0.00029682907539530293,9.0006619934,0.0799594168962795,-0.0799594168962795,1.565666,0.0003116969682239244,-0.0003116969682239244,2.5571025642,0.006643363079282174,-0.006643363079282174,11.532052958,0.08180702918297092,-0.08180702918297092,0.8910490076940624,-0.8831794460042717,-0.8831794460042631,1.4731419094052307,-0.8831794460042557,2.3773173334649647,,-0.046491519257476195,0.0,-0.2243320201982881,0.0,0.07165745982900872,-0.035658378849424126,
033_210℃_200_1.5mm.csv,1.5,200,1.48828,0.300023499,1.500515,0.300148205,0.012235,1.583172467,11.52851119,1.56316,8.982341434,1.565555,2.546169756,11.50189698,210,0.012234999999999996,1283024.262,1430.3228442991424,60.0,85819.37065794854,9.610899089124485,5721.29137719657,0.012395000000000022,0.0001385189517719947,-0.0001385189517719947,1412.000051922325,15.708307193871377,-15.708307193871377,84720.0031153395,942.4984316322752,-942.4984316322752,1310802.0458,22150.52477960704,-22150.52477960704,5647.719762739298,5711.045229060719,5585.096464676748,9.945749385455915,10.223419746833528,9.675620613047244,11.557764556,0.08214548068988252,-0.08214548068988252,1.563312,0.00029682907539530293,-0.00029682907539530293,9.0006619934,0.0799594168962795,-0.0799594168962795,1.565666,0.0003116969682239244,-0.0003116969682239244,2.5571025642,0.006643363079282174,-0.006643363079282174,11.532052958,0.08180702918297092,-0.08180702918297092,-0.8910490076958612,0.8990600735599189,0.8990600735599266,-2.143148238877223,0.8990600735599352,-3.0151007454571443,,0.0,-0.004477907921405836,0.0,-0.0009581174907462601,-0.5062931945270751,0.0,
034_210℃_200_1.5mm.csv,1.5,200,1.48834,0.300203292,1.500685,0.300272668,0.012345,1.611396252,11.57514857,1.5634,9.019075342,1.565735,2.556073233,11.5497752,210,0.01234500000000005,1311123.584,1417.5779667881675,60.0,85054.67800729004,9.909686108865348,5670.311867152669,0.012395000000000022,0.0001385189517719947,-0.0001385189517719947,1412.000051922325,15.708307193871377,-15.708307193871377,84720.0031153395,942.4984316322752,-942.4984316322752,1310802.0458,22150.52477960704,-22150.52477960704,5647.719762739298,5711.045229060719,5585.096464676748,9.945749385455915,10.223419746833528,9.675620613047244,11.557764556,0.08214548068988252,-0.08214548068988252,1.563312,0.00029682907539530293,-0.00029682907539530293,9.0006619934,0.0799594168962795,-0.0799594168962795,1.565666,0.0003116969682239244,-0.0003116969682239244,2.5571025642,0.006643363079282174,-0.006643363079282174,11.532052958,0.08180702918297092,-0.08180702918297092,0.0,0.0,0.0,0.0,0.0,0.0,,0.4045394867678482,0.010874919237732355,0.40895693255385585,0.010539292398308142,-0.11930657092477258,0.41626368314072154,
035_210℃_200_1.5mm.csv,1.5,200,1.488245,0.300072431,1.500585,0.300167598,0.01234,1.595198231,11.6895304,1.563775,9.126347251,1.566155,2.563183149,11.66329314,210,0.012340000000000018,1295030.633,1418.1523500810354,60.0,85089.14100486212,9.784088578297972,5672.6094003241415,0.012395000000000022,0.0001385189517719947,-0.0001385189517719947,1412.000051922325,15.708307193871377,-15.708307193871377,84720.0031153395,942.4984316322752,-942.4984316322752,1310802.0458,22150.52477960704,-22150.52477960704,5647.719762739298,5711.045229060719,5585.096464676748,9.945749385455915,10.223419746833528,9.675620613047244,11.557764556,0.08214548068988252,-0.08214548068988252,1.563312,0.00029682907539530293,-0.00029682907539530293,9.0006619934,0.0799594168962795,-0.0799594168962795,1.565666,0.0003116969682239244,-0.0003116969682239244,2.5571025642,0.006643363079282174,-0.006643363079282174,11.532052958,0.08180702918297092,-0.08180702918297092,-0.04050222762278441,0.04051863857402279,0.040518638574024934,-1.2274167894153385,0.04051863857403884,-1.2674218858962083,,1.3967042868438329,0.03486371167390708,1.6032102326338715,0.03736658213941617,0.15851932668028537,1.4032134028034102,
036_210℃_240_1.5mm.csv,1.5,240,1.48911,0.300041618,1.49971,0.300064705,0.0106,1.451037123,11.48794515,1.560665,8.964097082,1.562925,2.523848066,11.46304248,210,0.010600000000000165,1150972.418,1650.9433962263895,60.0,99056.60377358337,7.469576100489912,6603.773584905558,0.010648000000000036,0.0002167833019399728,-0.0002167833019399728,1644.0450435191756,33.39864148303222,-33.39864148303222,98642.70261115054,2003.9184889819314,-2003.9184889819314,1156979.8512,30468.81811712168,-30468.81811712168,6575.093038187217,6710.186440469567,6442.719415377781,7.539236189594687,7.896863401847054,7.197804929638201,11.559716658,0.05646525565397964,-0.05646525565397964,1.560904,0.00017162459031266357,-0.00017162459031266357,9.024445997800001,0.051343169117075524,-0.051343169117075524,1.563153,0.0001711943340184907,-0.0001711943340184907,2.5352706603999997,0.015086541461741449,-0.015086541461741449,11.535069498,0.056467810580804544,-0.056467810580804544,0.0,0.0,0.0,0.0,0.0,0.0,,-0.7335582262407567,-0.01985938275757347,-0.9209985576220969,-0.019191095331778152,-0.17167940976014875,-0.736747866116204,
037_210℃_240_1.5mm.csv,1.5,240,1.48901,0.300135713,1.499815,0.300011679,0.010805,1.469072085,11.51464445,1.560785,8.975928656,1.56302,2.538715791,11.49033905,210,0.010804999999999954,1169060.406,1619.6205460435053,60.0,97177.23276261032,7.733692461324456,6478.482184174021,0.010648000000000036,0.0002167833019399728,-0.0002167833019399728,1644.0450435191756,33.39864148303222,-33.39864148303222,98642.70261115054,2003.9184889819314,-2003.9184889819314,1156979.8512,30468.81811712168,-30468.81811712168,6575.093038187217,6710.186440469567,6442.719415377781,7.539236189594687,7.896863401847054,7.197804929638201,11.559716658,0.05646525565397964,-0.05646525565397964,1.560904,0.00017162459031266357,-0.00017162459031266357,9.024445997800001,0.051343169117075524,-0.051343169117075524,1.563153,0.0001711943340184907,-0.0001711943340184907,2.5352706603999997,0.015086541461741449,-0.015086541461741449,11.535069498,0.056467810580804544,-0.056467810580804544,1.93396226414892,-1.8972697825061562,-1.8972697825061515,1.5715396578686642,-1.8972697825061562,3.5358949059669027,,-0.5028516486723397,-0.01217187975463492,-0.7902257060244109,-0.013113915143374162,0.41639878628588295,-0.5003755142709106,
038_210℃_240_1.5mm.csv,1.5,240,1.489135,0.300263751,1.49966,0.300149081,0.010525,1.44212066,11.57283866,1.560975,9.047423724,1.563225,2.525414937,11.54812303,210,0.010524999999999896,1141971.579,1662.7078384798265,60.0,99762.47030878959,7.358725021821355,6650.831353919306,0.010648000000000036,0.0002167833019399728,-0.0002167833019399728,1644.0450435191756,33.39864148303222,-33.39864148303222,98642.70261115054,2003.9184889819314,-2003.9184889819314,1156979.8512,30468.81811712168,-30468.81811712168,6575.093038187217,6710.186440469567,6442.719415377781,7.539236189594687,7.896863401847054,7.197804929638201,11.559716658,0.05646525565397964,-0.05646525565397964,1.560904,0.00017162459031266357,-0.00017162459031266357,9.024445997800001,0.051343169117075524,-0.051343169117075524,1.563153,0.0001711943340184907,-0.0001711943340184907,2.5352706603999997,0.015086541461741449,-0.015086541461741449,11.535069498,0.056467810580804544,-0.056467810580804544,-0.7075471698138502,0.7125890736367654,0.71258907363677,-0.7820203906919473,0.7125890736367654,-1.484034397364086,,0.0,0.0,0.0,0.0,-0.10970337300154072,0.0,
039_210℃_240_1.5mm.csv,1.5,240,1.489085,0.300161936,1.50001,0.300219402,0.010925,1.502078459,11.61468904,1.56106,9.05450298,1.563315,2.560186063,11.58993,210,0.010925000000000074,1201859.057,1601.8306636155498,60.0,96109.83981693299,8.038965427178626,6407.322654462199,0.010648000000000036,0.0002167833019399728,-0.0002167833019399728,1644.0450435191756,33.39864148303222,-33.39864148303222,98642.70261115054,2003.9184889819314,-2003.9184889819314,1156979.8512,30468.81811712168,-30468.81811712168,6575.093038187217,6710.186440469567,6442.719415377781,7.539236189594687,7.896863401847054,7.197804929638201,11.559716658,0.05646525565397964,-0.05646525565397964,1.560904,0.00017162459031266357,-0.00017162459031266357,9.024445997800001,0.051343169117075524,-0.051343169117075524,1.563153,0.0001711943340184907,-0.0001711943340184907,2.5352706603999997,0.015086541461741449,-0.015086541461741449,11.535069498,0.056467810580804544,-0.056467810580804544,3.0660377358481474,-2.974828375285191,-2.97482837528519,4.4211866595746665,-2.974828375285191,7.622779646777661,,0.36162588306575105,0.005445314627069025,0.07824609762911565,0.005757328599524923,1.2656342158070466,0.3620239400930719,
040_210℃_240_1.5mm.csv,1.5,240,1.48915,0.300055204,1.499535,0.300121362,0.010385,1.421157158,11.60846599,1.561035,9.080277547,1.56328,2.528188445,11.58391293,210,0.010385000000000089,1121035.7959999999,1685.1227732306068,60.0,101107.3663938364,7.127728617220467,6740.491092922427,0.010648000000000036,0.0002167833019399728,-0.0002167833019399728,1644.0450435191756,33.39864148303222,-33.39864148303222,98642.70261115054,2003.9184889819314,-2003.9184889819314,1156979.8512,30468.81811712168,-30468.81811712168,6575.093038187217,6710.186440469567,6442.719415377781,7.539236189594687,7.896863401847054,7.197804929638201,11.559716658,0.05646525565397964,-0.05646525565397964,1.560904,0.00017162459031266357,-0.00017162459031266357,9.024445997800001,0.051343169117075524,-0.051343169117075524,1.563153,0.0001711943340184907,-0.0001711943340184907,2.5352706603999997,0.015086541461741449,-0.015086541461741449,11.535069498,0.056467810580804544,-0.056467810580804544,-2.02830188679314,2.070293692826906,2.070293692826908,-2.600985178430245,2.070293692826906,-4.576531233774087,,0.3078529913593277,0.003843751501462162,0.3631290409539345,0.0035183674774850854,0.0,0.30991962855803623,
007_210℃_280_1.5mm.csv,1.5,280,1.48939,0.300178155,1.499495,0.300047916,0.010105,1.411471829,11.56040561,1.559675,9.014061376,1.561875,2.546344238,11.53604453,210,0.01010500000000003,1111423.913,1731.8159327065757,60.0,103908.95596239454,6.8760848821622655,6927.263730826303,0.00994333333333334,0.0001765172323977098,-0.0001765172323977098,1760.3445165594856,31.377733357639016,-31.377733357639016,105620.67099356913,1882.6640014583377,-1882.6640014583377,1089413.342,23413.76108265989,-23413.76108265989,7040.634348379694,7167.002866982266,6916.493958158006,6.630359453172176,6.896239892682137,6.374729876337254,11.597851293333335,0.06030895691431312,-0.06030895691431312,1.559785,0.00016116761461294995,-0.00016116761461294995,9.057886824666667,0.05520525882943327,-0.05520525882943327,1.5619866666666666,0.00016002603954785456,-0.00016002603954785456,2.5399644696666663,0.012094972116458557,-0.012094972116458557,11.573490456666667,0.060322320550509415,-0.060322320550509415,1.3540621865596367,-1.3359722909450327,-1.335972290945037,1.7783545972898878,-1.3359722909450327,3.156496810994368,,-0.04600108989095035,-0.002244006898718816,-0.28374022060555315,-0.0025609588229858864,0.0,-0.04596524853193832,
008_210℃_280_1.5mm.csv,1.5,280,1.48947,0.300175439,1.499225,0.300194559,0.009755,1.365006466,11.56572597,1.55971,9.039710671,1.561915,2.526015298,11.54134954,210,0.009754999999999958,1064811.9070000001,1793.9518195797104,60.0,107637.10917478263,6.359534787419362,7175.807278318842,0.00994333333333334,0.0001765172323977098,-0.0001765172323977098,1760.3445165594856,31.377733357639016,-31.377733357639016,105620.67099356913,1882.6640014583377,-1882.6640014583377,1089413.342,23413.76108265989,-23413.76108265989,7040.634348379694,7167.002866982266,6916.493958158006,6.630359453172176,6.896239892682137,6.374729876337254,11.597851293333335,0.06030895691431312,-0.06030895691431312,1.559785,0.00016116761461294995,-0.00016116761461294995,9.057886824666667,0.05520525882943327,-0.05520525882943327,1.5619866666666666,0.00016002603954785456,-0.00016002603954785456,2.5399644696666663,0.012094972116458557,-0.012094972116458557,11.573490456666667,0.060322320550509415,-0.060322320550509415,-2.156469408225431,2.2039979497701405,2.2039979497701423,-2.4901276799660863,2.2039979497701405,-4.592898246547293,,0.0,0.0,0.0,0.0,-0.7983578848697748,0.0,
009_210℃_280_1.5mm.csv,1.5,280,1.489415,0.300193454,1.499385,0.300244509,0.00997,1.392248715,11.6674223,1.55997,9.119888427,1.56217,2.547533873,11.6430773,210,0.009970000000000034,1092004.206,1755.2657973921705,60.0,105315.94784353023,6.665682816624513,7021.063189568682,0.00994333333333334,0.0001765172323977098,-0.0001765172323977098,1760.3445165594856,31.377733357639016,-31.377733357639016,105620.67099356913,1882.6640014583377,-1882.6640014583377,1089413.342,23413.76108265989,-23413.76108265989,7040.634348379694,7167.002866982266,6916.493958158006,6.630359453172176,6.896239892682137,6.374729876337254,11.597851293333335,0.06030895691431312,-0.06030895691431312,1.559785,0.00016116761461294995,-0.00016116761461294995,9.057886824666667,0.05520525882943327,-0.05520525882943327,1.5619866666666666,0.00016002603954785456,-0.00016002603954785456,2.5399644696666663,0.012094972116458557,-0.012094972116458557,11.573490456666667,0.060322320550509415,-0.060322320550509415,0.0,0.0,0.0,0.0,0.0,0.0,,0.8792905025053029,0.01666976553334588,0.8869504668685367,0.01632611249652614,0.046719331276834225,0.8814199730060275,
010_210℃_320_1.5mm.csv,1.5,320,1.48962,0.300120243,1.49889,0.300289486,0.00927,1.30438764,11.50553644,1.55904,8.972691772,1.561195,2.532844673,11.48130186,210,0.009270000000000111,1004098.154,1887.810140237302,60.0,113268.60841423812,5.698769318926598,7551.240560949208,0.00928000000000003,9.041570660004237e-05,-9.041570660004237e-05,1885.8950240885276,18.345922195203837,-18.345922195203837,113153.70144531166,1100.7553317122315,-1100.7553317122315,1016484.2956666667,16380.162010659787,-16380.162010659787,7543.341891816954,7617.139782565758,7470.258984491645,5.774610485987222,5.9185614434505025,5.634160696561578,11.489373506666666,0.014737106848137588,-0.014737106848137588,1.5589916666666668,4.536885862943066e-05,-4.536885862943066e-05,8.967656547333332,0.004667076454808346,-0.004667076454808346,1.5611233333333334,6.211548384530339e-05,-6.211548384530339e-05,2.521716961333333,0.01149884060398442,-0.01149884060398442,11.465626366666667,0.014257077107705612,-0.014257077107705612,0.0,0.0,0.0,-0.6136705859404213,0.0,0.0,,0.17094356149579748,0.003527936445823162,0.06568184355371462,0.006726069605213135,0.41302700129438813,0.16713617639474895,
011_210℃_320_1.5mm.csv,1.5,320,1.48973,0.300121222,1.498925,0.300157718,0.009195,1.310455774,11.47668205,1.558985,8.966802211,1.56109,2.50987984,11.45343277,210,0.009195000000000064,1010298.0559999999,1903.2082653615962,60.0,114192.49592169578,5.687565688726569,7612.833061446386,0.00928000000000003,9.041570660004237e-05,-9.041570660004237e-05,1885.8950240885276,18.345922195203837,-18.345922195203837,113153.70144531166,1100.7553317122315,-1100.7553317122315,1016484.2956666667,16380.162010659787,-16380.162010659787,7543.341891816954,7617.139782565758,7470.258984491645,5.774610485987222,5.9185614434505025,5.634160696561578,11.489373506666666,0.014737106848137588,-0.014737106848137588,1.5589916666666668,4.536885862943066e-05,-4.536885862943066e-05,8.967656547333332,0.004667076454808346,-0.004667076454808346,1.5611233333333334,6.211548384530339e-05,-6.211548384530339e-05,2.521716961333333,0.01149884060398442,-0.01149884060398442,11.465626366666667,0.014257077107705612,-0.014257077107705612,-0.8090614886736393,0.8156606851554803,0.8156606851554908,0.0,0.8156606851554924,-0.19659736292220023,,-0.08027214559133096,0.0,0.0,0.0,-0.4973992955451827,-0.07600410222364776,
012_210℃_320_1.5mm.csv,1.5,320,1.489695,0.300101677,1.49907,0.300120607,0.009375,1.335177284,11.48590203,1.55895,8.963475659,1.561085,2.522426371,11.46214447,210,0.009374999999999911,1035056.677,1866.6666666666843,60.0,112000.00000000105,5.9410140899234145,7466.666666666736,0.00928000000000003,9.041570660004237e-05,-9.041570660004237e-05,1885.8950240885276,18.345922195203837,-18.345922195203837,113153.70144531166,1100.7553317122315,-1100.7553317122315,1016484.2956666667,16380.162010659787,-16380.162010659787,7543.341891816954,7617.139782565758,7470.258984491645,5.774610485987222,5.9185614434505025,5.634160696561578,11.489373506666666,0.014737106848137588,-0.014737106848137588,1.5589916666666668,4.536885862943066e-05,-4.536885862943066e-05,8.967656547333332,0.004667076454808346,-0.004667076454808346,1.5611233333333334,6.211548384530339e-05,-6.211548384530339e-05,2.521716961333333,0.01149884060398442,-0.01149884060398442,11.465626366666667,0.014257077107705612,-0.014257077107705612,1.1326860841402204,-1.1199999999978791,-1.1199999999978816,2.4506254221675117,-1.1199999999978911,4.250826054535657,,0.0,-0.0022450504655277146,-0.037098532138002835,-0.0003202890288217051,0.0,0.0,
001_230℃_003_1.5mm.csv,1.5,3,0.9612,0.300022247,1.81326,0.300011442,0.85206,2.368984721,26.45611821,6.27324,21.08184665,6.27576,5.374271552,26.45084093,230,0.85206,2068973.2789999996,20.53845973288266,60.0,1232.3075839729597,1079.3200237375956,82.15383893153064,0.8614799999999999,0.008157965432630846,-0.008157965432630846,20.315099628137986,0.19343566552406502,-0.19343566552406502,1218.9059776882793,11.606139931443787,-11.606139931443787,2083658.3949999998,14318.804507831377,-14318.804507831377,81.25795163977507,82.03324273077214,80.48998777681108,1098.9477026479735,1116.5819803603522,1081.591924639071,26.550857750000002,0.1290089742148495,-0.1290089742148495,6.2902,0.024460678649620454,-0.024460678649620454,21.17015635,0.12173492124007704,-0.12173492124007704,6.292926666666666,0.02449697396278416,-0.02449697396278416,5.380701399666666,0.007380992190638018,-0.007380992190638018,26.54458432,0.12884789230591465,-0.12884789230591465,-1.630146158996965,1.657160293876018,1.6571602938760155,-0.7411293594390589,1.657160293876018,-2.3614484899603485,,-0.1605821704937037,-0.0936436952948732,-0.1787541058781823,-0.09996752647229697,-0.0892346747254637,-0.1531083209996791,
002_230℃_003_1.5mm.csv,1.5,3,0.95624,0.300005292,1.82244,0.300028224,0.8662,2.384449763,26.49867035,6.27912,21.1195988,6.28204,5.379071549,26.49140147,230,0.8662000000000001,2084421.539,20.20318633110136,60.0,1212.1911798660817,1105.4240431113062,80.81274532440544,0.8614799999999999,0.008157965432630846,-0.008157965432630846,20.315099628137986,0.19343566552406502,-0.19343566552406502,1218.9059776882793,11.606139931443787,-11.606139931443787,2083658.3949999998,14318.804507831377,-14318.804507831377,81.25795163977507,82.03324273077214,80.48998777681108,1098.9477026479735,1116.5819803603522,1081.591924639071,26.550857750000002,0.1290089742148495,-0.1290089742148495,6.2902,0.024460678649620454,-0.024460678649620454,21.17015635,0.12173492124007704,-0.12173492124007704,6.292926666666666,0.02449697396278416,-0.02449697396278416,5.380701399666666,0.007380992190638018,-0.007380992190638018,26.54458432,0.12884789230591465,-0.12884789230591465,0.002308988893778548,-0.0023089355807074754,-0.002308935580707475,0.0,-0.0023089355807074754,0.0,,0.0,0.0,0.0,0.0,0.0,0.0,
003_230℃_003_1.5mm.csv,1.5,3,0.9595,0.300029026,1.82568,0.30002976,0.86618,2.397610127,26.69778469,6.31824,21.3090236,6.32098,5.388761098,26.69151056,230,0.86618,2097580.367,20.203652820429934,60.0,1212.2191692257961,1112.3768340539143,80.81461128171973,0.8614799999999999,0.008157965432630846,-0.008157965432630846,20.315099628137986,0.19343566552406502,-0.19343566552406502,1218.9059776882793,11.606139931443787,-11.606139931443787,2083658.3949999998,14318.804507831377,-14318.804507831377,81.25795163977507,82.03324273077214,80.48998777681108,1098.9477026479735,1116.5819803603522,1081.591924639071,26.550857750000002,0.1290089742148495,-0.1290089742148495,6.2902,0.024460678649620454,-0.024460678649620454,21.17015635,0.12173492124007704,-0.12173492124007704,6.292926666666666,0.02449697396278416,-0.02449697396278416,5.380701399666666,0.007380992190638018,-0.007380992190638018,26.54458432,0.12884789230591465,-0.12884789230591465,0.0,0.0,0.0,0.6312939947028622,0.0,0.6289704829504967,,0.7514125704046797,0.6230172380843254,0.8969147652558682,0.6198623377119423,0.18013422784460464,0.7553737397646315,
004_230℃_005_1.5mm.csv,1.5,5,1.13844,0.300014143,1.64244,0.300013457,0.504,2.08466426,19.26219776,4.14488,15.52522855,4.147,3.736969215,19.25777956,230,0.504,1784650.8029999998,34.72222222222222,60.0,2083.3333333333335,550.692247782857,138.88888888888889,0.5043666666666667,0.004481264702439841,-0.004481264702439841,34.698803910497624,0.3079746376333011,-0.3079746376333011,2081.928234629858,18.478478257998145,-18.478478257998145,1778036.5223333333,19814.95792873866,-19814.95792873866,138.7915684647933,140.02957972841247,137.5645025449495,549.0131778372775,559.9507845512452,538.2892171149397,19.249225633333335,0.030679223742586546,-0.030679223742586546,4.149286666666666,0.0043132509008095695,-0.0043132509008095695,15.517665749999999,0.025375422982723397,-0.025375422982723397,4.151726666666667,0.004623692608006489,-0.004623692608006489,3.7315598846666664,0.006181307656348296,-0.006181307656348296,19.24334727333333,0.03179009129622137,-0.03179009129622137,0.0,0.0,0.0,0.0,0.0,0.0,,0.0,-0.11085726404272192,0.0,-0.11898052476672352,0.10933261468259545,0.0,
005_230℃_005_1.5mm.csv,1.5,5,1.13572,0.300001229,1.64474,0.300024442,0.50902,2.093722773,19.27128791,4.14948,15.53839996,4.15194,3.732887951,19.26536111,230,0.50902,1793698.331,34.37978861341401,60.0,2062.7873168048404,558.9969333340531,137.51915445365603,0.5043666666666667,0.004481264702439841,-0.004481264702439841,34.698803910497624,0.3079746376333011,-0.3079746376333011,2081.928234629858,18.478478257998145,-18.478478257998145,1778036.5223333333,19814.95792873866,-19814.95792873866,138.7915684647933,140.02957972841247,137.5645025449495,549.0131778372775,559.9507845512452,538.2892171149397,19.249225633333335,0.030679223742586546,-0.030679223742586546,4.149286666666666,0.0043132509008095695,-0.0043132509008095695,15.517665749999999,0.025375422982723397,-0.025375422982723397,4.151726666666667,0.004623692608006489,-0.004623692608006489,3.7315598846666664,0.006181307656348296,-0.006181307656348296,19.24334727333333,0.03179009129622137,-0.03179009129622137,0.9960317460317509,-0.9862087933676572,-0.9862087933676665,0.5069634902688673,-0.9862087933676572,1.5080447536045138,,0.04719165545521967,0.0,0.08483875105336207,0.0,0.0,0.03936876510804322,
006_230℃_005_1.5mm.csv,1.5,5,1.13634,0.300039399,1.63642,0.300029297,0.50008,2.05578973,19.21419123,4.1535,15.48936874,4.15624,3.724822488,19.20690115,230,0.5000800000000001,1755760.4329999997,34.99440089585666,60.0,2099.6640537513995,537.5636800008001,139.97760358342663,0.5043666666666667,0.004481264702439841,-0.004481264702439841,34.698803910497624,0.3079746376333011,-0.3079746376333011,2081.928234629858,18.478478257998145,-18.478478257998145,1778036.5223333333,19814.95792873866,-19814.95792873866,138.7915684647933,140.02957972841247,137.5645025449495,549.0131778372775,559.9507845512452,538.2892171149397,19.249225633333335,0.030679223742586546,-0.030679223742586546,4.149286666666666,0.0043132509008095695,-0.0043132509008095695,15.517665749999999,0.025375422982723397,-0.025375422982723397,4.151726666666667,0.004623692608006489,-0.004623692608006489,3.7315598846666664,0.006181307656348296,-0.006181307656348296,19.24334727333333,0.03179009129622137,-0.03179009129622137,-0.7777777777777626,0.7838745800671745,0.7838745800671676,-1.6188248116345993,0.7838745800671745,-2.384011729766271,,-0.24922664899479546,0.09687960901126355,-0.23097766248342816,0.10356604382531147,-0.2160649637993885,-0.2641966579868737,
001_230℃_010_1.5mm.csv,1.5,10,1.29448,0.300053695,1.54338,0.300054232,0.2489,1.811765428,14.29818851,2.70522,11.41529443,2.7069,2.882894085,14.29470627,230,0.2488999999999999,1511711.196,70.30936118923265,60.0,4218.561671353958,230.36627552106117,281.2374447569306,0.24683199999999994,0.0036637576339053706,-0.0036637576339053706,70.91108659739386,1.0663632675912484,-1.0663632675912484,4254.665195843632,63.981796055474916,-63.981796055474916,1496034.8290000001,25065.439890754802,-25065.439890754802,283.61891161740255,287.888136403888,279.41299711700674,226.03750736634382,233.3422969650225,218.96139448755258,14.398087155999999,0.09929528502611881,-0.09929528502611881,2.7157679999999997,0.008988210055400207,-0.008988210055400207,11.527608908,0.09249832969187326,-0.09249832969187326,2.717448,0.009029890364782871,-0.009029890364782871,2.8704782506,0.01607085719478769,-0.01607085719478769,14.394566586,0.09901719330569465,-0.09901719330569465,0.5656565656565935,-0.5624748895138969,-0.5624748895139129,0.7539492079756394,-0.5624748895138969,1.3238705368288906,,-0.7557284313030866,-0.5821260832175643,-1.0971015974799112,-0.5795760059940906,0.5342231633392682,-0.7552635202959185,
002_230℃_010_1.5mm.csv,1.5,10,1.29466,0.30008504,1.53544,0.300057369,0.24078,1.755145451,14.3035546,2.70678,11.45557877,2.70838,2.847975834,14.30043993,230,0.24078,1455088.0820000002,72.68045518730791,60.0,4360.827311238475,214.50373982691434,290.7218207492317,0.24683199999999994,0.0036637576339053706,-0.0036637576339053706,70.91108659739386,1.0663632675912484,-1.0663632675912484,4254.665195843632,63.981796055474916,-63.981796055474916,1496034.8290000001,25065.439890754802,-25065.439890754802,283.61891161740255,287.888136403888,279.41299711700674,226.03750736634382,233.3422969650225,218.96139448755258,14.398087155999999,0.09929528502611881,-0.09929528502611881,2.7157679999999997,0.008988210055400207,-0.008988210055400207,11.527608908,0.09249832969187326,-0.09249832969187326,2.717448,0.009029890364782871,-0.009029890364782871,2.8704782506,0.01607085719478769,-0.01607085719478769,14.394566586,0.09901719330569465,-0.09901719330569465,-2.7151515151514514,2.79092947919255,2.790929479192546,-3.019921334922289,2.79092947919257,-5.653077410192191,,-0.7184821960300182,-0.5247954841128034,-0.748075296786176,-0.5252178001087157,-0.6834695908874298,-0.715456086339872,
003_230℃_010_1.5mm.csv,1.5,10,1.29384,0.30000037,1.54134,0.300033036,0.2475,1.800431986,14.53109505,2.7238,11.64229433,2.7256,2.888800723,14.5269849,230,0.24749999999999983,1500398.9500000002,70.70707070707076,60.0,4242.424242424246,227.3563715051019,282.828282828283,0.24683199999999994,0.0036637576339053706,-0.0036637576339053706,70.91108659739386,1.0663632675912484,-1.0663632675912484,4254.665195843632,63.981796055474916,-63.981796055474916,1496034.8290000001,25065.439890754802,-25065.439890754802,283.61891161740255,287.888136403888,279.41299711700674,226.03750736634382,233.3422969650225,218.96139448755258,14.398087155999999,0.09929528502611881,-0.09929528502611881,2.7157679999999997,0.008988210055400207,-0.008988210055400207,11.527608908,0.09249832969187326,-0.09249832969187326,2.717448,0.009029890364782871,-0.009029890364782871,2.8704782506,0.01607085719478769,-0.01607085719478769,14.394566586,0.09901719330569465,-0.09901719330569465,0.0,0.0,0.0,0.0,0.0,0.0,,0.860884742437031,0.10069605227375313,0.8696411952491163,0.10724727107115173,0.7402034197513073,0.8573916115269935,
004_230℃_010_1.5mm.csv,1.5,10,1.2936,0.30003167,1.54024,0.300052629,0.24664,1.793252639,14.45053081,2.72106,11.58295598,2.72268,2.867574836,14.44721125,230,0.24663999999999997,1493200.01,70.95361660720079,60.0,4257.216996432047,225.47929620391832,283.81446642880314,0.24683199999999994,0.0036637576339053706,-0.0036637576339053706,70.91108659739386,1.0663632675912484,-1.0663632675912484,4254.665195843632,63.981796055474916,-63.981796055474916,1496034.8290000001,25065.439890754802,-25065.439890754802,283.61891161740255,287.888136403888,279.41299711700674,226.03750736634382,233.3422969650225,218.96139448755258,14.398087155999999,0.09929528502611881,-0.09929528502611881,2.7157679999999997,0.008988210055400207,-0.008988210055400207,11.527608908,0.09249832969187326,-0.09249832969187326,2.717448,0.009029890364782871,-0.009029890364782871,2.8704782506,0.01607085719478769,-0.01607085719478769,14.394566586,0.09901719330569465,-0.09901719330569465,-0.34747474747469154,0.34868634446961405,0.34868634446961133,-0.47980172206866556,0.34868634446961405,-0.8256092797212172,,0.3016852810721447,0.0,0.3555296375130392,0.0,0.0,0.3035421848417024,
005_230℃_010_1.5mm.csv,1.5,10,1.29384,0.30004505,1.54418,0.300018447,0.25034,1.819794354,14.40706681,2.72198,11.54192103,2.72368,2.865145775,14.40349058,230,0.25034,1519775.907,69.90492929615722,60.0,4194.295757769433,232.93512279084487,279.6197171846289,0.24683199999999994,0.0036637576339053706,-0.0036637576339053706,70.91108659739386,1.0663632675912484,-1.0663632675912484,4254.665195843632,63.981796055474916,-63.981796055474916,1496034.8290000001,25065.439890754802,-25065.439890754802,283.61891161740255,287.888136403888,279.41299711700674,226.03750736634382,233.3422969650225,218.96139448755258,14.398087155999999,0.09929528502611881,-0.09929528502611881,2.7157679999999997,0.008988210055400207,-0.008988210055400207,11.527608908,0.09249832969187326,-0.09249832969187326,2.717448,0.009029890364782871,-0.009029890364782871,2.8704782506,0.01607085719478769,-0.01607085719478769,14.394566586,0.09901719330569465,-0.09901719330569465,1.1474747474748193,-1.1344571382919988,-1.1344571382920052,1.2914536497109452,-1.1344571382919988,2.4537475016915433,,0.0,0.03381035331818519,0.0,0.036728517490115985,-0.08470785032374997,0.0,
006_230℃_020_1.5mm.csv,1.5,20,1.40025,0.300010706,1.52063,0.300000283,0.12038,1.785019644,12.39509198,2.06472,9.791179669,2.066175,2.603912312,12.39084951,230,0.12037999999999993,1485019.361,145.3729855457718,60.0,8722.379132746308,109.44895755745708,581.4919421830872,0.11978099999999996,0.0007970366992805301,-0.0007970366992805301,146.10515147472475,0.9741655388590712,-0.9741655388590712,8766.309088483486,58.44993233154398,-58.44993233154398,1472056.7026,11133.4733065726,-11133.4733065726,584.4102274191081,588.3158988940179,580.5304846496754,107.94934352142998,109.48036733156282,106.43973025242269,12.383065034000001,0.0646043033830741,-0.0646043033830741,2.064911,0.0025149388660561487,-0.0025149388660561487,9.7924439062,0.05878891362703043,-0.05878891362703043,2.066334,0.0024882609388887852,-0.0024882609388887852,2.5906211284,0.012559574753823554,-0.012559574753823554,12.379003456000001,0.06473995677307356,-0.06473995677307356,0.4673677182439441,-0.4651935537463906,-0.46519355374639193,0.9016151129303188,-0.4651935537463906,1.3731966891549199,,0.39882344889127974,0.02058814268309024,0.16478659756804195,0.022026218461364284,0.47486541367822244,0.39735757038653263,
007_230℃_020_1.5mm.csv,1.5,20,1.399675,0.300028344,1.51907,0.300015265,0.119395,1.764790859,12.34045247,2.063185,9.751755435,2.06463,2.588697039,12.33626759,230,0.11939499999999992,1464775.5940000003,146.57230202269787,60.0,8794.338121361872,107.07360125242647,586.2892080907915,0.11978099999999996,0.0007970366992805301,-0.0007970366992805301,146.10515147472475,0.9741655388590712,-0.9741655388590712,8766.309088483486,58.44993233154398,-58.44993233154398,1472056.7026,11133.4733065726,-11133.4733065726,584.4102274191081,588.3158988940179,580.5304846496754,107.94934352142998,109.48036733156282,106.43973025242269,12.383065034000001,0.0646043033830741,-0.0646043033830741,2.064911,0.0025149388660561487,-0.0025149388660561487,9.7924439062,0.05878891362703043,-0.05878891362703043,2.066334,0.0024882609388887852,-0.0024882609388887852,2.5906211284,0.012559574753823554,-0.012559574753823554,12.379003456000001,0.06473995677307356,-0.06473995677307356,-0.35469871473887465,0.3559613049123633,0.35596130491236455,-0.47387455401538764,0.3559613049123633,-0.8268924418016844,,-0.04375031552090448,-0.05377138441938611,-0.238527417584324,-0.05276610576455625,-0.11223289215265533,-0.044894636348425214,
008_230℃_020_1.5mm.csv,1.5,20,1.399785,0.300033385,1.519605,0.300002711,0.11982,1.771752553,12.49129886,2.069235,9.893190402,2.070605,2.598108456,12.48753454,230,0.11982000000000004,1471749.842,146.05241195126018,60.0,8763.144717075611,107.96636698067756,584.2096478050407,0.11978099999999996,0.0007970366992805301,-0.0007970366992805301,146.10515147472475,0.9741655388590712,-0.9741655388590712,8766.309088483486,58.44993233154398,-58.44993233154398,1472056.7026,11133.4733065726,-11133.4733065726,584.4102274191081,588.3158988940179,580.5304846496754,107.94934352142998,109.48036733156282,106.43973025242269,12.383065034000001,0.0646043033830741,-0.0646043033830741,2.064911,0.0025149388660561487,-0.0025149388660561487,9.7924439062,0.05878891362703043,-0.05878891362703043,2.066334,0.0024882609388887852,-0.0024882609388887852,2.5906211284,0.012559574753823554,-0.012559574753823554,12.379003456000001,0.06473995677307356,-0.06473995677307356,0.0,0.0,0.0,0.0,0.0,0.0,,1.1780881429551888,0.23930688201056266,1.208367008410415,0.23647929051373134,0.25091714637559887,1.1807519228705634,
009_230℃_020_1.5mm.csv,1.5,20,1.39997,0.300024806,1.518625,0.300010069,0.118655,1.757972542,12.34585382,2.06312,9.775071661,2.06454,2.570782162,12.3418084,230,0.11865499999999995,1457962.473,147.48641018077626,60.0,8849.184610846576,105.91502279621321,589.945640723105,0.11978099999999996,0.0007970366992805301,-0.0007970366992805301,146.10515147472475,0.9741655388590712,-0.9741655388590712,8766.309088483486,58.44993233154398,-58.44993233154398,1472056.7026,11133.4733065726,-11133.4733065726,584.4102274191081,588.3158988940179,580.5304846496754,107.94934352142998,109.48036733156282,106.43973025242269,12.383065034000001,0.0646043033830741,-0.0646043033830741,2.064911,0.0025149388660561487,-0.0025149388660561487,9.7924439062,0.05878891362703043,-0.05878891362703043,2.066334,0.0024882609388887852,-0.0024882609388887852,2.5906211284,0.012559574753823554,-0.012559574753823554,12.379003456000001,0.06473995677307356,-0.06473995677307356,-0.9722917709898866,0.9818381020606658,0.981838102060671,-0.9368011197652941,0.9818381020606658,-1.8999844505571615,,0.0,-0.05692015918267138,0.0,-0.05712294018549159,-0.803498434076785,0.0,
010_230℃_020_1.5mm.csv,1.5,20,1.3997,0.300033178,1.520355,0.300031237,0.120655,1.78080748,12.34262804,2.064295,9.751022364,2.06572,2.591605673,12.33855724,230,0.12065499999999996,1480776.243,145.0416476731176,60.0,8702.498860387057,109.38554546887649,580.1665906924704,0.11978099999999996,0.0007970366992805301,-0.0007970366992805301,146.10515147472475,0.9741655388590712,-0.9741655388590712,8766.309088483486,58.44993233154398,-58.44993233154398,1472056.7026,11133.4733065726,-11133.4733065726,584.4102274191081,588.3158988940179,580.5304846496754,107.94934352142998,109.48036733156282,106.43973025242269,12.383065034000001,0.0646043033830741,-0.0646043033830741,2.064911,0.0025149388660561487,-0.0025149388660561487,9.7924439062,0.05878891362703043,-0.05878891362703043,2.066334,0.0024882609388887852,-0.0024882609388887852,2.5906211284,0.012559574753823554,-0.012559574753823554,12.379003456000001,0.06473995677307356,-0.06473995677307356,0.6968786513102311,-0.6920558617545327,-0.6920558617545276,0.6133108183476246,-0.6920558617545327,1.3144635018171076,,-0.02612844803633894,0.0,-0.24602681017623557,0.0,0.0,-0.026342654938635954,
011_230℃_040_1.5mm.csv,1.5,40,1.456845,0.300094009,1.514625,0.300092538,0.05778,1.942251507,11.30202988,1.7605,8.825634405,1.761775,2.476395479,11.2964034,230,0.057780000000000165,1642158.969,302.8729664243674,60.0,18172.377985462044,58.09221136458384,1211.4918656974696,0.057765000000000025,0.0007529193183868294,-0.0007529193183868294,302.9930294203069,3.9719713570113755,-3.9719713570113755,18179.581765218416,238.3182814206822,-238.3182814206822,1642823.7634,22863.35976133643,-22863.35976133643,1211.889126318748,1227.8346982540834,1196.1506354055618,58.09216735819478,59.680267947162214,56.54632635631418,11.384850836,0.05186216850709992,-0.05186216850709992,1.7625419999999998,0.0012301249936490428,-0.0012301249936490428,8.9037618238,0.048854119521836374,-0.048854119521836374,1.763823,0.0012302469264338848,-0.0012302469264338848,2.4810890128,0.01696845548586453,-0.01696845548586453,11.379132592000001,0.051844947934811925,-0.051844947934811925,0.0,0.0,0.0,0.0,0.0,0.0,,-0.7696894321445675,-0.13047424551849154,-1.0349123580274546,-0.13094607119270402,0.0,-0.7689191580859327,
012_230℃_040_1.5mm.csv,1.5,40,1.456835,0.300018147,1.514315,0.300009025,0.05748,1.930745552,11.42033239,1.763395,8.946426553,1.76467,2.473905835,11.41467007,230,0.057479999999999976,1630736.527,304.45372303409897,60.0,18267.223382045937,57.388613615485696,1217.8148921363959,0.057765000000000025,0.0007529193183868294,-0.0007529193183868294,302.9930294203069,3.9719713570113755,-3.9719713570113755,18179.581765218416,238.3182814206822,-238.3182814206822,1642823.7634,22863.35976133643,-22863.35976133643,1211.889126318748,1227.8346982540834,1196.1506354055618,58.09216735819478,59.680267947162214,56.54632635631418,11.384850836,0.05186216850709992,-0.05186216850709992,1.7625419999999998,0.0012301249936490428,-0.0012301249936490428,8.9037618238,0.048854119521836374,-0.048854119521836374,1.763823,0.0012302469264338848,-0.0012302469264338848,2.4810890128,0.01696845548586453,-0.01696845548586453,11.379132592000001,0.051844947934811925,-0.051844947934811925,-0.519210799584957,0.5219206680588008,0.5219206680587933,-0.6955746803828491,0.5219206680588008,-1.2111739811080684,,0.2689907813125348,0.03375312003631287,0.3195744657763554,0.03316166737997646,-0.10053499213320669,0.2699716353920916,
013_230℃_040_1.5mm.csv,1.5,40,1.456895,0.300108015,1.51532,0.300107716,0.058425,1.965536371,11.43537382,1.76358,8.938857211,1.764855,2.496516611,11.42967882,230,0.05842499999999995,1665428.655,299.5293110825848,60.0,17971.758664955087,59.573062756147905,1198.1172443303392,0.057765000000000025,0.0007529193183868294,-0.0007529193183868294,302.9930294203069,3.9719713570113755,-3.9719713570113755,18179.581765218416,238.3182814206822,-238.3182814206822,1642823.7634,22863.35976133643,-22863.35976133643,1211.889126318748,1227.8346982540834,1196.1506354055618,58.09216735819478,59.680267947162214,56.54632635631418,11.384850836,0.05186216850709992,-0.05186216850709992,1.7625419999999998,0.0012301249936490428,-0.0012301249936490428,8.9037618238,0.048854119521836374,-0.048854119521836374,1.763823,0.0012302469264338848,-0.0012302469264338848,2.4810890128,0.01696845548586453,-0.01696845548586453,11.379132592000001,0.051844947934811925,-0.051844947934811925,1.1163032191065816,-1.103979460846855,-1.1039794608468612,1.4170178672878524,-1.103979460846855,2.54913930246228,,0.40105252474553577,0.044247787610619635,0.23469664736166126,0.04364869039758058,0.8125169089763274,0.4018131102269986,
014_230℃_040_1.5mm.csv,1.5,40,1.45681,0.300045555,1.515295,0.300080568,0.058485,1.964292052,11.38969516,1.7628,8.889963815,1.764085,2.499731349,11.38393667,230,0.05848500000000012,1664211.484,299.2220227408731,60.0,17953.321364452386,59.59065835208583,1196.8880909634925,0.057765000000000025,0.0007529193183868294,-0.0007529193183868294,302.9930294203069,3.9719713570113755,-3.9719713570113755,18179.581765218416,238.3182814206822,-238.3182814206822,1642823.7634,22863.35976133643,-22863.35976133643,1211.889126318748,1227.8346982540834,1196.1506354055618,58.09216735819478,59.680267947162214,56.54632635631418,11.384850836,0.05186216850709992,-0.05186216850709992,1.7625419999999998,0.0012301249936490428,-0.0012301249936490428,8.9037618238,0.048854119521836374,-0.048854119521836374,1.763823,0.0012302469264338848,-0.0012302469264338848,2.4810890128,0.01696845548586453,-0.01696845548586453,11.379132592000001,0.051844947934811925,-0.051844947934811925,1.2201453790238035,-1.205437291613147,-1.2054372916131533,1.3428976984748848,-1.205437291613147,2.5794283817116437,,0.0,0.0,-0.31356300154385114,0.0,0.9423321193197984,0.0,
015_230℃_040_1.5mm.csv,1.5,40,1.45692,0.300090868,1.513575,0.300025712,0.056655,1.911608894,11.37682293,1.762435,8.917927135,1.76373,2.45889579,11.370974,230,0.0566549999999999,1611583.182,308.88712381961045,60.0,18533.227429176626,55.90055827114889,1235.5484952784418,0.057765000000000025,0.0007529193183868294,-0.0007529193183868294,302.9930294203069,3.9719713570113755,-3.9719713570113755,18179.581765218416,238.3182814206822,-238.3182814206822,1642823.7634,22863.35976133643,-22863.35976133643,1211.889126318748,1227.8346982540834,1196.1506354055618,58.09216735819478,59.680267947162214,56.54632635631418,11.384850836,0.05186216850709992,-0.05186216850709992,1.7625419999999998,0.0012301249936490428,-0.0012301249936490428,8.9037618238,0.048854119521836374,-0.048854119521836374,1.763823,0.0012302469264338848,-0.0012302469264338848,2.4810890128,0.01696845548586453,-0.01696845548586453,11.379132592000001,0.051844947934811925,-0.051844947934811925,-1.9470404984428202,1.985702938840824,1.9857029388408192,-1.8619261336567967,1.985702938840824,-3.7727141762262155,,-0.11301645758885297,-0.020705695484453637,0.0,-0.02012374687160104,-0.7066597055437305,-0.11386807899380458,
016_230℃_080_1.5mm.csv,1.5,80,1.47901,0.300018772,1.508015,0.300161265,0.029005,2.068295163,11.98760906,1.63335,9.450659859,1.63485,2.5369492,11.97565234,230,0.02900500000000017,1768133.898,603.3442509912048,60.0,36200.65505947229,31.39881043560631,2413.3770039648193,0.0291570000000001,0.00016653077793601567,-0.00016653077793601567,600.2145307119451,3.4158451361172824,-3.4158451361172824,36012.87184271671,204.95070816703648,-204.95070816703648,1772636.349,9787.370073161008,-9787.370073161008,2400.82694473992,2414.55386651865,2387.1780615521407,31.64293114358552,31.980813281326824,31.308618781822094,12.108951394,0.0745763949364171,-0.0745763949364171,1.634574,0.0007147237228467196,-0.0007147237228467196,9.558577965800001,0.06652627486589634,-0.06652627486589634,1.6360620000000001,0.0007079600977457142,-0.0007079600977457142,2.5503734286,0.00887199453973109,-0.00887199453973109,12.097111828,0.07461088248556427,-0.07461088248556427,-0.2064338551520686,0.20686088605394276,0.20686088605393144,-0.26412071410400095,0.20686088605394276,-0.4700093346836744,,-1.1268536980192765,-0.08136148971051406,-1.31436448376835,-0.08067621335191257,-0.6157636040162636,-1.1272994878946405,
017_230℃_080_1.5mm.csv,1.5,80,1.47882,0.300033747,1.50823,0.300017277,0.02941,2.082576037,12.09907592,1.63468,9.545474184,1.636155,2.553601736,12.08742964,230,0.029409999999999936,1782558.76,595.0357021421298,60.0,35702.14212852779,32.09697130506115,2380.1428085685193,0.0291570000000001,0.00016653077793601567,-0.00016653077793601567,600.2145307119451,3.4158451361172824,-3.4158451361172824,36012.87184271671,204.95070816703648,-204.95070816703648,1772636.349,9787.370073161008,-9787.370073161008,2400.82694473992,2414.55386651865,2387.1780615521407,31.64293114358552,31.980813281326824,31.308618781822094,12.108951394,0.0745763949364171,-0.0745763949364171,1.634574,0.0007147237228467196,-0.0007147237228467196,9.558577965800001,0.06652627486589634,-0.06652627486589634,1.6360620000000001,0.0007079600977457142,-0.0007079600977457142,2.5503734286,0.00887199453973109,-0.00887199453973109,12.097111828,0.07461088248556427,-0.07461088248556427,1.1869946671247764,-1.173070384222435,-1.173070384222435,0.5495485995011753,-1.173070384222435,1.743066379195285,,-0.20748111075520542,0.0,-0.32429478934834843,-0.0009167751517187226,0.03659458053730747,-0.20445009370859066,
018_230℃_080_1.5mm.csv,1.5,80,1.47881,0.300009892,1.507875,0.300163192,0.029065,2.058847639,12.12423141,1.63467,9.576530373,1.63617,2.547701042,12.11219303,230,0.02906500000000012,1758684.447,602.0987441940454,60.0,36125.92465164272,31.29561027676849,2408.3949767761815,0.0291570000000001,0.00016653077793601567,-0.00016653077793601567,600.2145307119451,3.4158451361172824,-3.4158451361172824,36012.87184271671,204.95070816703648,-204.95070816703648,1772636.349,9787.370073161008,-9787.370073161008,2400.82694473992,2414.55386651865,2387.1780615521407,31.64293114358552,31.980813281326824,31.308618781822094,12.108951394,0.0745763949364171,-0.0745763949364171,1.634574,0.0007147237228467196,-0.0007147237228467196,9.558577965800001,0.06652627486589634,-0.06652627486589634,1.6360620000000001,0.0007079600977457142,-0.0007079600977457142,2.5503734286,0.00887199453973109,-0.00887199453973109,12.097111828,0.07461088248556427,-0.07461088248556427,0.0,0.0,0.0,-0.7971399075712147,0.0,-0.7971399075712284,,0.0,-0.0006117405241297054,0.0,0.0,-0.1945633659428104,0.0,
019_230℃_080_1.5mm.csv,1.5,80,1.47894,0.300043761,1.50818,0.300100496,0.02924,2.081088863,12.18226309,1.63512,9.621315523,1.636615,2.560947567,12.17028346,230,0.029240000000000155,1780988.367,598.4952120383006,60.0,35909.712722298034,31.883326439436903,2393.9808481532023,0.0291570000000001,0.00016653077793601567,-0.00016653077793601567,600.2145307119451,3.4158451361172824,-3.4158451361172824,36012.87184271671,204.95070816703648,-204.95070816703648,1772636.349,9787.370073161008,-9787.370073161008,2400.82694473992,2414.55386651865,2387.1780615521407,31.64293114358552,31.980813281326824,31.308618781822094,12.108951394,0.0745763949364171,-0.0745763949364171,1.634574,0.0007147237228467196,-0.0007147237228467196,9.558577965800001,0.06652627486589634,-0.06652627486589634,1.6360620000000001,0.0007079600977457142,-0.0007079600977457142,2.5503734286,0.00887199453973109,-0.00887199453973109,12.097111828,0.07461088248556427,-0.07461088248556427,0.6020987441941701,-0.5984952120384176,-0.5984952120384188,0.46096677498179245,-0.5984952120384176,1.0658409943392757,,0.47864213439653525,0.02691658306212812,0.46765528072950185,0.02719766283454829,0.3243653426120591,0.4796029080457944,
020_230℃_080_1.5mm.csv,1.5,80,1.47901,0.300055314,1.508075,0.300110827,0.029065,2.0729271,12.15157749,1.63505,9.59890989,1.63652,2.552667598,12.14000067,230,0.02906500000000012,1772816.2729999996,602.0987441940454,60.0,36125.92465164272,31.547084678415427,2408.3949767761815,0.0291570000000001,0.00016653077793601567,-0.00016653077793601567,600.2145307119451,3.4158451361172824,-3.4158451361172824,36012.87184271671,204.95070816703648,-204.95070816703648,1772636.349,9787.370073161008,-9787.370073161008,2400.82694473992,2414.55386651865,2387.1780615521407,31.64293114358552,31.980813281326824,31.308618781822094,12.108951394,0.0745763949364171,-0.0745763949364171,1.634574,0.0007147237228467196,-0.0007147237228467196,9.558577965800001,0.06652627486589634,-0.06652627486589634,1.6360620000000001,0.0007079600977457142,-0.0007079600977457142,2.5503734286,0.00887199453973109,-0.00887199453973109,12.097111828,0.07461088248556427,-0.07461088248556427,0.0,0.0,0.0,0.0,0.0,0.0,,0.22554897770628385,0.022634399393152267,0.23369128617913465,0.02139142020695114,0.0,0.22958385761458522,
021_230℃_120_1.5mm.csv,1.5,120,1.484135,0.300167791,1.503835,0.300127566,0.0197,1.917035578,10.66871893,1.58156,8.246001011,1.583735,2.422717922,10.64600522,230,0.01970000000000005,1616908.0119999999,888.3248730964444,60.0,53299.49238578667,19.501890512081683,3553.2994923857777,0.019595999999999992,9.456479260275357e-05,-9.456479260275357e-05,893.0560794018104,4.321567921697709,-4.321567921697709,53583.36476410863,259.29407530186387,-259.29407530186387,1627995.8906,12256.56590234144,-12256.56590234144,3572.1909194908944,3589.494951931688,3554.97030534229,19.531338796294854,19.717931037571233,19.346512291212512,10.3458524344,0.4032513837399723,-0.4032513837399723,1.579304,0.002862073985766244,-0.002862073985766244,7.935034792800001,0.38553478094131877,-0.38553478094131877,1.581524,0.002819466704892956,-0.002819466704892956,2.4108176422,0.018950292570308464,-0.018950292570308464,10.3223174632,0.40397655452494513,-0.40397655452494513,0.35659704533884035,-0.3553299492386448,-0.35532994923864397,-0.6164015719276361,-0.3553299492386448,-0.2874006094705358,,0.8566751943930162,0.041431964602558165,1.139637654573419,0.040111174278310985,0.2060414043882796,0.8625674236941383,
022_230℃_120_1.5mm.csv,1.5,120,1.484345,0.30002875,1.503795,0.300108473,0.01945,1.915304081,10.62326423,1.581365,8.205527847,1.583565,2.417736384,10.60004207,230,0.019449999999999967,1615195.608,899.7429305912611,60.0,53984.57583547567,19.234013005469357,3598.9717223650446,0.019595999999999992,9.456479260275357e-05,-9.456479260275357e-05,893.0560794018104,4.321567921697709,-4.321567921697709,53583.36476410863,259.29407530186387,-259.29407530186387,1627995.8906,12256.56590234144,-12256.56590234144,3572.1909194908944,3589.494951931688,3554.97030534229,19.531338796294854,19.717931037571233,19.346512291212512,10.3458524344,0.4032513837399723,-0.4032513837399723,1.579304,0.002862073985766244,-0.002862073985766244,7.935034792800001,0.38553478094131877,-0.38553478094131877,1.581524,0.002819466704892956,-0.002819466704892956,2.4108176422,0.018950292570308464,-0.018950292570308464,10.3223174632,0.40397655452494513,-0.40397655452494513,-0.9169638308714654,0.9254498714656546,0.9254498714656546,-0.7216548517800285,0.9254498714656546,-1.6570505152589552,,0.4269694402122162,0.029097257583466745,0.643222345354619,0.029372749668368243,0.0,0.42710255024367916,
023_230℃_120_1.5mm.csv,1.5,120,1.48445,0.300019572,1.504015,0.300133218,0.019565,1.941549513,10.57809898,1.580905,8.15308538,1.5831,2.425013603,10.55496156,230,0.019565000000000055,1641416.295,894.4543828264733,60.0,53667.262969588395,19.661822333678625,3577.817531305893,0.019595999999999992,9.456479260275357e-05,-9.456479260275357e-05,893.0560794018104,4.321567921697709,-4.321567921697709,53583.36476410863,259.29407530186387,-259.29407530186387,1627995.8906,12256.56590234144,-12256.56590234144,3572.1909194908944,3589.494951931688,3554.97030534229,19.531338796294854,19.717931037571233,19.346512291212512,10.3458524344,0.4032513837399723,-0.4032513837399723,1.579304,0.002862073985766244,-0.002862073985766244,7.935034792800001,0.38553478094131877,-0.38553478094131877,1.581524,0.002819466704892956,-0.002819466704892956,2.4108176422,0.018950292570308464,-0.018950292570308464,10.3223174632,0.40397655452494513,-0.40397655452494513,-0.3311258278144759,0.3322259136211665,0.33222591362115966,0.8900053094513141,0.3322259136211665,0.5303261461388231,,0.0,0.0,0.0,0.0,0.3009930713769708,0.0,
024_230℃_120_1.5mm.csv,1.5,120,1.484375,0.300032861,1.504005,0.300091192,0.01963,1.939614256,10.11500762,1.57764,7.704878981,1.57989,2.410128635,10.09094367,230,0.019630000000000036,1639523.064,891.4926133469163,60.0,53489.55680081498,19.704390456930653,3565.970453387665,0.019595999999999992,9.456479260275357e-05,-9.456479260275357e-05,893.0560794018104,4.321567921697709,-4.321567921697709,53583.36476410863,259.29407530186387,-259.29407530186387,1627995.8906,12256.56590234144,-12256.56590234144,3572.1909194908944,3589.494951931688,3554.97030534229,19.531338796294854,19.717931037571233,19.346512291212512,10.3458524344,0.4032513837399723,-0.4032513837399723,1.579304,0.002862073985766244,-0.002862073985766244,7.935034792800001,0.38553478094131877,-0.38553478094131877,1.581524,0.002819466704892956,-0.002819466704892956,2.4108176422,0.018950292570308464,-0.018950292570308464,10.3223174632,0.40397655452494513,-0.40397655452494513,0.0,0.0,0.0,0.7736374591845363,0.0,0.7479757231378636,,-4.377831601647577,-0.20652727393487108,-5.497383850529479,-0.2027667235171458,-0.3146641234481229,-4.396206346771394,
025_230℃_120_1.5mm.csv,1.5,120,1.484255,0.300075692,1.50389,0.300099059,0.019635,1.927035533,9.744172412,1.57505,7.365680745,1.57733,2.378491667,9.719634796,230,0.019634999999999847,1626936.474,891.265597147957,60.0,53475.935828877424,19.558100612442704,3565.062388591828,0.019595999999999992,9.456479260275357e-05,-9.456479260275357e-05,893.0560794018104,4.321567921697709,-4.321567921697709,53583.36476410863,259.29407530186387,-259.29407530186387,1627995.8906,12256.56590234144,-12256.56590234144,3572.1909194908944,3589.494951931688,3554.97030534229,19.531338796294854,19.717931037571233,19.346512291212512,10.3458524344,0.4032513837399723,-0.4032513837399723,1.579304,0.002862073985766244,-0.002862073985766244,7.935034792800001,0.38553478094131877,-0.38553478094131877,1.581524,0.002819466704892956,-0.002819466704892956,2.4108176422,0.018950292570308464,-0.018950292570308464,10.3223174632,0.40397655452494513,-0.40397655452494513,0.02547121752323333,-0.02546473134611934,-0.02546473134611424,0.0,-0.02546473134611934,0.0,,-7.883520182375915,-0.3703574851113725,-9.65775038896993,-0.36447476470217,-1.623200827836815,-7.91406732513009,
026_230℃_160_1.5mm.csv,1.5,160,1.48667,0.300103382,1.501935,0.300160401,0.015265,1.767404378,10.68238683,1.567815,8.274288212,1.570305,2.40809862,10.65652503,230,0.015265000000000084,1467243.977,1146.41336390435,60.0,68784.801834261,13.712742434023546,4585.6534556174,0.015215999999999985,0.00018389535067541842,-0.00018389535067541842,1150.238519614004,13.79455628196045,-13.79455628196045,69014.31117684025,827.6733769176218,-827.6733769176218,1460145.004,28425.40935560285,-28425.40935560285,4600.688022369382,4656.4116382424245,4545.63125504995,13.59975783882716,14.032107486569986,13.180729512780468,10.600701176,0.06837825486978247,-0.06837825486978247,1.567444,0.0004052530073916841,-0.0004052530073916841,8.1889694444,0.06764158948126665,-0.06764158948126665,1.569993,0.00038875763658104183,-0.00038875763658104183,2.4117317313999997,0.008820578910267983,-0.008820578910267983,10.573598214,0.0689230110444884,-0.0689230110444884,0.5599472990784777,-0.5568293481828611,-0.5568293481828598,0.8410113703622719,-0.5568293481828611,1.4056678898940773,,0.9415909623487231,0.0331781827926366,1.117013744592522,0.028665067792889243,-0.19374907335368668,0.9581881089943308,
027_230℃_160_1.5mm.csv,1.5,160,1.48667,0.300045238,1.50185,0.300100428,0.01518,1.755107629,10.51123036,1.566965,8.097327785,1.569535,2.413902575,10.48356518,230,0.015179999999999971,1455007.2010000001,1152.8326745718073,60.0,69169.96047430843,13.52265876194691,4611.330698287229,0.015215999999999985,0.00018389535067541842,-0.00018389535067541842,1150.238519614004,13.79455628196045,-13.79455628196045,69014.31117684025,827.6733769176218,-827.6733769176218,1460145.004,28425.40935560285,-28425.40935560285,4600.688022369382,4656.4116382424245,4545.63125504995,13.59975783882716,14.032107486569986,13.180729512780468,10.600701176,0.06837825486978247,-0.06837825486978247,1.567444,0.0004052530073916841,-0.0004052530073916841,8.1889694444,0.06764158948126665,-0.06764158948126665,1.569993,0.00038875763658104183,-0.00038875763658104183,2.4117317313999997,0.008820578910267983,-0.008820578910267983,10.573598214,0.0689230110444884,-0.0689230110444884,0.0,0.0,0.0,0.0,0.0,0.0,,-0.6757260905012977,-0.021055385233804964,-1.0455541368667243,-0.020384048208280256,0.04680211682013539,-0.6804054308740237,
028_230℃_160_1.5mm.csv,1.5,160,1.48662,0.300165344,1.50172,0.300022565,0.0151,1.736260184,10.57252054,1.56723,8.159747193,1.56979,2.412773346,10.54523108,230,0.015099999999999891,1436237.619,1158.9403973510018,60.0,69536.42384106011,13.27787023279582,4635.761589404007,0.015215999999999985,0.00018389535067541842,-0.00018389535067541842,1150.238519614004,13.79455628196045,-13.79455628196045,69014.31117684025,827.6733769176218,-827.6733769176218,1460145.004,28425.40935560285,-28425.40935560285,4600.688022369382,4656.4116382424245,4545.63125504995,13.59975783882716,14.032107486569986,13.180729512780468,10.600701176,0.06837825486978247,-0.06837825486978247,1.567444,0.0004052530073916841,-0.0004052530073916841,8.1889694444,0.06764158948126665,-0.06764158948126665,1.569993,0.00038875763658104183,-0.00038875763658104183,2.4117317313999997,0.008820578910267983,-0.008820578910267983,10.573598214,0.0689230110444884,-0.0689230110444884,-0.5270092226619246,0.5298013245038459,0.5298013245038498,-1.2899992513507956,0.5298013245038459,-1.8102100589858232,,-0.09657384877625456,-0.004147272849093743,-0.2827496544809527,-0.004140509792304496,0.0,-0.09619270537634228,
029_230℃_160_1.5mm.csv,1.5,160,1.48669,0.300149634,1.50172,0.300038938,0.01503,1.736931022,10.5827407,1.567295,8.18288427,1.569855,2.399856427,10.55538459,230,0.015029999999999877,1436892.084,1164.3379906853056,60.0,69860.27944111834,13.22233960562438,4657.351962741222,0.015215999999999985,0.00018389535067541842,-0.00018389535067541842,1150.238519614004,13.79455628196045,-13.79455628196045,69014.31117684025,827.6733769176218,-827.6733769176218,1460145.004,28425.40935560285,-28425.40935560285,4600.688022369382,4656.4116382424245,4545.63125504995,13.59975783882716,14.032107486569986,13.180729512780468,10.600701176,0.06837825486978247,-0.06837825486978247,1.567444,0.0004052530073916841,-0.0004052530073916841,8.1889694444,0.06764158948126665,-0.06764158948126665,1.569993,0.00038875763658104183,-0.00038875763658104183,2.4117317313999997,0.008820578910267983,-0.008820578910267983,10.573598214,0.0689230110444884,-0.0689230110444884,-0.9881422924907429,0.9980039920165967,0.9980039920166073,-1.2450190615929524,0.9980039920165967,-2.2208587941865057,,0.0,0.0,0.0,0.0,-0.535355673644772,0.0,
030_230℃_160_1.5mm.csv,1.5,160,1.4867,0.300073132,1.502205,0.300149709,0.015505,1.805493848,10.65462745,1.567915,8.230599762,1.57048,2.424027689,10.62728519,230,0.015505000000000102,1505344.139,1128.6681715575546,60.0,67720.09029345328,14.29001686236438,4514.6726862302185,0.015215999999999985,0.00018389535067541842,-0.00018389535067541842,1150.238519614004,13.79455628196045,-13.79455628196045,69014.31117684025,827.6733769176218,-827.6733769176218,1460145.004,28425.40935560285,-28425.40935560285,4600.688022369382,4656.4116382424245,4545.63125504995,13.59975783882716,14.032107486569986,13.180729512780468,10.600701176,0.06837825486978247,-0.06837825486978247,1.567444,0.0004052530073916841,-0.0004052530073916841,8.1889694444,0.06764158948126665,-0.06764158948126665,1.569993,0.00038875763658104183,-0.00038875763658104183,2.4117317313999997,0.008820578910267983,-0.008820578910267983,10.573598214,0.0689230110444884,-0.0689230110444884,2.140974967062789,-2.096098032893455,-2.0960980328934498,3.459566245816803,-2.096098032893455,5.674609660171519,,0.6792829195937788,0.039558602560452426,0.5831133671892933,0.039812594156791406,0.4664484137582999,0.6811746117533088,
031_230℃_200_1.5mm.csv,1.5,200,1.48785,0.300054373,1.50047,0.300144369,0.01262,1.572530184,10.34275975,1.561695,8.014499844,1.56411,2.328259906,10.31830648,230,0.012620000000000076,1272385.815,1386.6877971473768,60.0,83201.26782884261,9.831127950183731,5546.751188589507,0.012484999999999991,0.0002836591264175915,-0.0002836591264175915,1402.2634653705395,31.99169920975963,-31.99169920975963,84135.80792223236,1919.5019525855819,-1919.5019525855819,1255222.997,34955.50157842289,-34955.50157842289,5607.889240650777,5737.042684021379,5481.64332522675,9.589799994332699,10.088145858354817,9.1160719940563,10.419968388000001,0.053152629355031664,-0.053152629355031664,1.562084,0.0002442949037536048,-0.0002442949037536048,8.0897933752,0.055330923254478054,-0.055330923254478054,1.5645250000000002,0.0002552939482244005,-0.0002552939482244005,2.330175014,0.010943736024632632,-0.010943736024632632,10.395150580000001,0.05308069829307353,-0.05308069829307353,0.0,0.0,0.0,0.14813107950363447,0.0,0.06883723066914797,,-0.7865166359983735,-0.026246635149367134,-1.0673395918598452,-0.029401049489644244,0.0,-0.7805892302694111,
032_230℃_200_1.5mm.csv,1.5,200,1.487925,0.300223549,1.5001,0.300121841,0.012175,1.515770403,10.42475216,1.562105,8.100964647,1.56457,2.323787518,10.39948373,230,0.012175000000000047,1215648.5620000002,1437.3716632443477,60.0,86242.29979466087,9.061543617765343,5749.486652977391,0.012484999999999991,0.0002836591264175915,-0.0002836591264175915,1402.2634653705395,31.99169920975963,-31.99169920975963,84135.80792223236,1919.5019525855819,-1919.5019525855819,1255222.997,34955.50157842289,-34955.50157842289,5607.889240650777,5737.042684021379,5481.64332522675,9.589799994332699,10.088145858354817,9.1160719940563,10.419968388000001,0.053152629355031664,-0.053152629355031664,1.562084,0.0002442949037536048,-0.0002442949037536048,8.0897933752,0.055330923254478054,-0.055330923254478054,1.5645250000000002,0.0002552939482244005,-0.0002552939482244005,2.330175014,0.010943736024632632,-0.010943736024632632,10.395150580000001,0.05308069829307353,-0.05308069829307353,-3.5261489698892716,3.655030800821577,3.655030800821583,-4.317597619723448,3.655030800821577,-7.76458836263824,,0.0,0.0,0.0,0.0,-0.1920914408427707,0.0,
033_230℃_200_1.5mm.csv,1.5,200,1.487815,0.300114709,1.50062,0.300180449,0.012805,1.596170483,10.455197,1.562235,8.10959677,1.56466,2.345600233,10.4306937,230,0.012804999999999955,1295990.0340000002,1366.653650917615,60.0,81999.2190550569,10.160297378797923,5466.61460367046,0.012484999999999991,0.0002836591264175915,-0.0002836591264175915,1402.2634653705395,31.99169920975963,-31.99169920975963,84135.80792223236,1919.5019525855819,-1919.5019525855819,1255222.997,34955.50157842289,-34955.50157842289,5607.889240650777,5737.042684021379,5481.64332522675,9.589799994332699,10.088145858354817,9.1160719940563,10.419968388000001,0.053152629355031664,-0.053152629355031664,1.562084,0.0002442949037536048,-0.0002442949037536048,8.0897933752,0.055330923254478054,-0.055330923254478054,1.5645250000000002,0.0002552939482244005,-0.0002552939482244005,2.330175014,0.010943736024632632,-0.010943736024632632,10.395150580000001,0.05308069829307353,-0.05308069829307353,1.4659270998405594,-1.4447481452548272,-1.4447481452548259,2.0059939938597946,-1.4447481452548272,3.4193787087393526,,0.2920437774704801,0.008322103827845342,0.10655672967535587,0.005752379247967395,0.7447762578101054,0.300110763286908,
034_230℃_200_1.5mm.csv,1.5,200,1.48783,0.300048994,1.50046,0.300157585,0.01263,1.570661389,10.39743311,1.56205,8.061564933,1.5645,2.335868178,10.37240449,230,0.012629999999999919,1270503.804,1385.5898653998506,60.0,83135.39192399103,9.824365129297897,5542.3594615994025,0.012484999999999991,0.0002836591264175915,-0.0002836591264175915,1402.2634653705395,31.99169920975963,-31.99169920975963,84135.80792223236,1919.5019525855819,-1919.5019525855819,1255222.997,34955.50157842289,-34955.50157842289,5607.889240650777,5737.042684021379,5481.64332522675,9.589799994332699,10.088145858354817,9.1160719940563,10.419968388000001,0.053152629355031664,-0.053152629355031664,1.562084,0.0002442949037536048,-0.0002442949037536048,8.0897933752,0.055330923254478054,-0.055330923254478054,1.5645250000000002,0.0002552939482244005,-0.0002552939482244005,2.330175014,0.010943736024632632,-0.010943736024632632,10.395150580000001,0.05308069829307353,-0.05308069829307353,0.07923930269289547,-0.07917656373589115,-0.07917656373589771,0.0,-0.07917656373589115,0.0,,-0.26205946751256765,-0.003520890081021331,-0.48635830073139164,-0.004474072748423816,0.32677932478214217,-0.2603902338140476,
035_230℃_200_1.5mm.csv,1.5,200,1.487945,0.300088693,1.50014,0.300214924,0.012195,1.521801694,10.47969992,1.562335,8.162340682,1.564785,2.317359235,10.4548645,230,0.012194999999999956,1221586.77,1435.0143501435066,60.0,86100.8610086104,9.120765710295887,5740.057400574026,0.012484999999999991,0.0002836591264175915,-0.0002836591264175915,1402.2634653705395,31.99169920975963,-31.99169920975963,84135.80792223236,1919.5019525855819,-1919.5019525855819,1255222.997,34955.50157842289,-34955.50157842289,5607.889240650777,5737.042684021379,5481.64332522675,9.589799994332699,10.088145858354817,9.1160719940563,10.419968388000001,0.053152629355031664,-0.053152629355031664,1.562084,0.0002442949037536048,-0.0002442949037536048,8.0897933752,0.055330923254478054,-0.055330923254478054,1.5645250000000002,0.0002552939482244005,-0.0002552939482244005,2.330175014,0.010943736024632632,-0.010943736024632632,10.395150580000001,0.05308069829307353,-0.05308069829307353,-3.3676703645017207,3.4850348503494915,3.485034850349499,-3.850207598433919,3.4850348503494915,-7.161780020815386,,0.5270893653552261,0.014723722156958236,0.7576385982961855,0.01374179487016089,-0.4681896111301208,0.5325338395428145,
036_230℃_240_1.5mm.csv,1.5,240,1.48859,0.300147968,1.499365,0.300248948,0.010775,1.397946636,10.24444713,1.55915,7.947438572,1.56148,2.297008562,10.22065385,230,0.010774999999999979,1097697.6879999998,1624.1299303944347,60.0,97447.79582366608,7.241444441755088,6496.519721577738,0.010789999999999944,0.0001107925990307985,-0.0001107925990307985,1622.0079383423385,16.536760169759354,-16.536760169759354,97320.47630054031,992.2056101855594,-992.2056101855594,1121549.1042,20067.70317949134,-20067.70317949134,6487.76072330645,6554.481592186968,6421.719034660335,7.407833174851588,7.6042867603256905,7.216454886043966,10.472725835999999,0.13303999112140738,-0.13303999112140738,1.559981,0.000486587607733666,-0.000486587607733666,8.1650838862,0.12784863551254272,-0.12784863551254272,1.562283,0.0004701010529662596,-0.0004701010529662596,2.3076419522,0.008161141234463638,-0.008161141234463638,10.44955384,0.13340969850810291,-0.13340969850810291,0.0,0.0,0.0,-1.5802983609088286,0.0,-1.4888727207418349,,-2.3887761695521923,-0.06185441457840497,-2.9101185286221503,-0.059843255473106066,-0.49563446561856506,-2.40054994211009,
037_230℃_240_1.5mm.csv,1.5,240,1.488715,0.300184686,1.499685,0.30026794,0.01097,1.448568629,10.49515284,1.560115,8.175690909,1.562415,2.319461931,10.47204041,230,0.010969999999999924,1148300.689,1595.2597994530647,60.0,95715.58796718388,7.712362382650968,6381.039197812258,0.010789999999999944,0.0001107925990307985,-0.0001107925990307985,1622.0079383423385,16.536760169759354,-16.536760169759354,97320.47630054031,992.2056101855594,-992.2056101855594,1121549.1042,20067.70317949134,-20067.70317949134,6487.76072330645,6554.481592186968,6421.719034660335,7.407833174851588,7.6042867603256905,7.216454886043966,10.472725835999999,0.13303999112140738,-0.13303999112140738,1.559981,0.000486587607733666,-0.000486587607733666,8.1650838862,0.12784863551254272,-0.12784863551254272,1.562283,0.0004701010529662596,-0.0004701010529662596,2.3076419522,0.008161141234463638,-0.008161141234463638,10.44955384,0.13340969850810291,-0.13340969850810291,1.8097447795818618,-1.7775752051043499,-1.7775752051043499,2.9567725602632753,-1.77757520510435,4.917398512409638,,0.0,0.0,-0.12167390660626931,0.0,0.477025485857222,0.0,
038_230℃_240_1.5mm.csv,1.5,240,1.48883,0.300146174,1.499605,0.300262526,0.010775,1.435349303,10.5740283,1.560355,8.265039156,1.56264,2.308989148,10.55120561,230,0.010774999999999979,1135086.777,1624.1299303944347,60.0,97447.79582366608,7.48809797276019,6496.519721577738,0.010789999999999944,0.0001107925990307985,-0.0001107925990307985,1622.0079383423385,16.536760169759354,-16.536760169759354,97320.47630054031,992.2056101855594,-992.2056101855594,1121549.1042,20067.70317949134,-20067.70317949134,6487.76072330645,6554.481592186968,6421.719034660335,7.407833174851588,7.6042867603256905,7.216454886043966,10.472725835999999,0.13303999112140738,-0.13303999112140738,1.559981,0.000486587607733666,-0.000486587607733666,8.1650838862,0.12784863551254272,-0.12784863551254272,1.562283,0.0004701010529662596,-0.0004701010529662596,2.3076419522,0.008161141234463638,-0.008161141234463638,10.44955384,0.13340969850810291,-0.13340969850810291,0.0,0.0,0.0,1.772011682343664,0.0,1.8665514052261911,,0.7515417946024003,0.015383481345927576,0.9698489321443253,0.014400783402611963,0.02335385178768627,0.7559672890910881,
039_230℃_240_1.5mm.csv,1.5,240,1.48879,0.300115278,1.499455,0.300220179,0.010665,1.411557425,10.48995079,1.55999,8.18565071,1.56229,2.304300084,10.46678388,230,0.010664999999999925,1111337.2460000003,1640.8813877168423,60.0,98452.88326301053,7.256578609340767,6563.525550867369,0.010789999999999944,0.0001107925990307985,-0.0001107925990307985,1622.0079383423385,16.536760169759354,-16.536760169759354,97320.47630054031,992.2056101855594,-992.2056101855594,1121549.1042,20067.70317949134,-20067.70317949134,6487.76072330645,6554.481592186968,6421.719034660335,7.407833174851588,7.6042867603256905,7.216454886043966,10.472725835999999,0.13303999112140738,-0.13303999112140738,1.559981,0.000486587607733666,-0.000486587607733666,8.1650838862,0.12784863551254272,-0.12784863551254272,1.562283,0.0004701010529662596,-0.0004701010529662596,2.3076419522,0.008161141234463638,-0.008161141234463638,10.44955384,0.13340969850810291,-0.13340969850810291,-1.0208816705341506,1.0314111579939473,1.0314111579939493,-0.35737401340931824,1.0314111579939615,-1.2829906040881667,,-0.04956621479749125,-0.008012229867665572,0.0,-0.008000435223685945,-0.17977222531491358,-0.05019585290160737,
040_230℃_240_1.5mm.csv,1.5,240,1.488715,0.300053578,1.49948,0.300214373,0.010765,1.415537494,10.56005012,1.560295,8.251600084,1.56259,2.308450036,10.53708545,230,0.010764999999999914,1115323.121,1625.638643752916,60.0,97538.31862517497,7.350889835243818,6502.554575011664,0.010789999999999944,0.0001107925990307985,-0.0001107925990307985,1622.0079383423385,16.536760169759354,-16.536760169759354,97320.47630054031,992.2056101855594,-992.2056101855594,1121549.1042,20067.70317949134,-20067.70317949134,6487.76072330645,6554.481592186968,6421.719034660335,7.407833174851588,7.6042867603256905,7.216454886043966,10.472725835999999,0.13303999112140738,-0.13303999112140738,1.559981,0.000486587607733666,-0.000486587607733666,8.1650838862,0.12784863551254272,-0.12784863551254272,1.562283,0.0004701010529662596,-0.0004701010529662596,2.3076419522,0.008161141234463638,-0.008161141234463638,10.44955384,0.13340969850810291,-0.13340969850810291,-0.09280742459457571,0.09289363678649577,0.09289363678650792,0.0,0.09289363678650979,0.0,,0.6183547871037987,0.01153761100944924,0.8056705121735982,0.011200609313134742,0.0,0.6211305290407998,
007_230℃_280_1.5mm.csv,1.5,280,1.48919,0.300162439,1.499295,0.300159553,0.010105,1.381470929,10.38481838,1.55845,8.075508449,1.560715,2.309309932,10.36157586,230,0.01010500000000003,1081311.376,1731.8159327065757,60.0,103908.95596239454,6.689786604783694,6927.263730826303,0.009846666666666707,0.00028558419657486085,-0.00028558419657486085,1778.2558229700235,51.96429666391331,-51.96429666391331,106695.34937820141,3117.857799834796,-3117.857799834796,1036236.281,44118.52685693997,-44118.52685693997,7111.008694562477,7321.095616048196,6906.95044923318,6.241495299240169,6.7032704337944615,5.811530946750942,10.465786933333334,0.081528314271298,-0.081528314271298,1.55874,0.00030899029110958867,-0.00030899029110958867,8.165242899,0.08396078823741106,-0.08396078823741106,1.56099,0.00030310889132449496,-0.00030310889132449496,2.3005440323333333,0.012403275193225436,-0.012403275193225436,10.442874556666666,0.08172942225137227,-0.08172942225137227,2.122283981809437,-2.078179119248318,-2.078179119248328,4.549634306959254,-2.0781791192483303,6.768474448896214,,-0.763141728600657,-0.016359734523217432,-1.2571993951097684,-0.014414391328297034,0.1448481690139717,-0.770386874031408,
008_230℃_280_1.5mm.csv,1.5,280,1.489215,0.300005458,1.498755,0.300175036,0.00954,1.293316015,10.46467871,1.558705,8.178326318,1.56094,2.286352388,10.44201981,230,0.009540000000000104,993140.979,1834.3815513626635,60.0,110062.8930817598,5.800754044689859,7337.526205450654,0.009846666666666707,0.00028558419657486085,-0.00028558419657486085,1778.2558229700235,51.96429666391331,-51.96429666391331,106695.34937820141,3117.857799834796,-3117.857799834796,1036236.281,44118.52685693997,-44118.52685693997,7111.008694562477,7321.095616048196,6906.95044923318,6.241495299240169,6.7032704337944615,5.811530946750942,10.465786933333334,0.081528314271298,-0.081528314271298,1.55874,0.00030899029110958867,-0.00030899029110958867,8.165242899,0.08396078823741106,-0.08396078823741106,1.56099,0.00030310889132449496,-0.00030310889132449496,2.3005440323333333,0.012403275193225436,-0.012403275193225436,10.442874556666666,0.08172942225137227,-0.08172942225137227,-3.5876705406759335,3.7211740041916066,3.721174004191595,-3.9753687288447503,3.7211740041915937,-7.420416136752671,,0.0,0.0,0.0,0.0,-0.8507218609569828,0.0,
009_230℃_280_1.5mm.csv,1.5,280,1.489115,0.30019283,1.49901,0.300288942,0.009895,1.33454543,10.54786371,1.559065,8.24189393,1.561315,2.305969777,10.525028,230,0.009894999999999987,1034256.488,1768.569984840831,60.0,106114.19909044987,6.265694662506114,7074.279939363325,0.009846666666666707,0.00028558419657486085,-0.00028558419657486085,1778.2558229700235,51.96429666391331,-51.96429666391331,106695.34937820141,3117.857799834796,-3117.857799834796,1036236.281,44118.52685693997,-44118.52685693997,7111.008694562477,7321.095616048196,6906.95044923318,6.241495299240169,6.7032704337944615,5.811530946750942,10.465786933333334,0.081528314271298,-0.081528314271298,1.55874,0.00030899029110958867,-0.00030899029110958867,8.165242899,0.08396078823741106,-0.08396078823741106,1.56099,0.00030310889132449496,-0.00030310889132449496,2.3005440323333333,0.012403275193225436,-0.012403275193225436,10.442874556666666,0.08172942225137227,-0.08172942225137227,0.0,0.0,0.0,0.0,0.0,0.0,,0.7949121258783519,0.02309609579746751,0.7772692055597181,0.024023985547171205,0.0,0.7949438088645135,
010_230℃_320_1.5mm.csv,1.5,320,1.489295,0.300033159,1.49838,0.300147195,0.009085,1.229996217,10.55263951,1.55845,8.267148991,1.560625,2.285490522,10.53046167,230,0.00908500000000001,929849.0220000001,1926.2520638414949,60.0,115575.1238304897,5.172047978491843,7705.0082553659795,0.009238333333333385,0.0001692877235162798,-0.0001692877235162798,1894.7033702296364,34.56969146469858,-34.56969146469858,113682.2022137782,2074.181487881911,-2074.181487881911,950786.9073333334,22980.91922285219,-22980.91922285219,7577.970061036201,7717.813751705059,7440.660281970944,5.376123555483646,5.608934041071318,5.152976353828837,10.54407319,0.05188184046896198,-0.05188184046896198,1.5584833333333332,0.00020702254305589716,-0.00020702254305589716,8.243845544666668,0.06145002802380795,-0.06145002802380795,1.5606683333333333,0.00019367068268931744,-0.00019367068268931744,2.300227647333333,0.01441114060317712,-0.01441114060317712,10.521593399999999,0.052284653417801995,-0.052284653417801995,-1.35722041259664,1.375894331317028,1.3758943313170342,-1.825345112940186,1.375894331317028,-3.157791569063659,,0.0,0.0,0.0,0.0,-0.6698616317524451,0.0,
011_230℃_320_1.5mm.csv,1.5,320,1.48928,0.300092568,1.49849,0.300150345,0.00921,1.247287896,10.59113873,1.558705,8.290235341,1.56088,2.300903391,10.56887677,230,0.009210000000000163,947137.551,1900.1085776329742,60.0,114006.51465797845,5.340696027373563,7600.434310531897,0.009238333333333385,0.0001692877235162798,-0.0001692877235162798,1894.7033702296364,34.56969146469858,-34.56969146469858,113682.2022137782,2074.181487881911,-2074.181487881911,950786.9073333334,22980.91922285219,-22980.91922285219,7577.970061036201,7717.813751705059,7440.660281970944,5.376123555483646,5.608934041071318,5.152976353828837,10.54407319,0.05188184046896198,-0.05188184046896198,1.5584833333333332,0.00020702254305589716,-0.00020702254305589716,8.243845544666668,0.06145002802380795,-0.06145002802380795,1.5606683333333333,0.00019367068268931744,-0.00019367068268931744,2.300227647333333,0.01441114060317712,-0.01441114060317712,10.521593399999999,0.052284653417801995,-0.052284653417801995,0.0,0.0,0.0,0.0,0.0,0.0,,0.364830239519859,0.016362411370279203,0.27925406963312815,0.01633960752904229,0.0,0.36479977045488765,
012_230℃_320_1.5mm.csv,1.5,320,1.489245,0.300182333,1.498665,0.300214809,0.00942,1.275588958,10.48844133,1.558295,8.174152302,1.5605,2.314289029,10.46544176,230,0.009419999999999984,975374.1489999999,1857.7494692144405,60.0,111464.96815286644,5.625321112395907,7430.997876857762,0.009238333333333385,0.0001692877235162798,-0.0001692877235162798,1894.7033702296364,34.56969146469858,-34.56969146469858,113682.2022137782,2074.181487881911,-2074.181487881911,950786.9073333334,22980.91922285219,-22980.91922285219,7577.970061036201,7717.813751705059,7440.660281970944,5.376123555483646,5.608934041071318,5.152976353828837,10.54407319,0.05188184046896198,-0.05188184046896198,1.5584833333333332,0.00020702254305589716,-0.00020702254305589716,8.243845544666668,0.06145002802380795,-0.06145002802380795,1.5606683333333333,0.00019367068268931744,-0.00019367068268931744,2.300227647333333,0.01441114060317712,-0.01441114060317712,10.521593399999999,0.052284653417801995,-0.052284653417801995,2.28013029315763,-2.2292993630554387,-2.2292993630554325,2.9812563096233826,-2.2292993630554387,5.329363131013399,,-0.6083613482594934,-0.009945779460355174,-1.1248943148507433,-0.008009611533836171,0.5817557596011369,-0.6174459585683121,
001_190℃_003_2.0mm.csv,2.0,3,0.61266,0.300002,1.66856,0.300008559,1.0559,1.770445409,18.9702443,6.85546,14.56719432,6.85834,4.403049976,18.96476124,190,1.0559,1470436.85,16.573539160905387,80.0,1325.883132872431,1689.9420624925174,49.72061748271616,1.0529733333333333,0.01901963546794037,-0.01901963546794037,16.623234993613014,0.30153076327221906,-0.30153076327221906,1329.8587994890413,24.122461061777503,-24.122461061777503,1463395.3433333335,27780.69348519238,-27780.69348519238,49.86425079044086,50.77509926827378,48.96974191531727,1676.8024771478047,1740.2094500479477,1615.7058262679495,17.44521641333333,2.5424540071047512,-2.5424540071047512,6.296446666666667,0.9602485347728122,-0.9602485347728122,13.34171519,2.0072203646076865,-2.0072203646076865,6.299066666666666,0.9606988627729991,-0.9606988627729991,4.103501223666666,0.5357988166833688,-0.5357988166833688,17.440768173333336,2.540847881230581,-2.540847881230581,0.0,0.0,0.0,0.0,0.0,0.0,,0.6100918461253887,0.13496498797876985,0.9320620047643774,0.13490823611861613,0.0,0.6091089005352082,
002_190℃_003_2.0mm.csv,2.0,3,0.6063,0.300013876,1.67666,0.30001377,1.07036,1.786991493,18.8552102,6.84622,14.43267286,6.8491,4.422537343,18.84994455,190,1.07036,1486977.7229999998,16.349639373668673,80.0,1307.971149893494,1732.3553475812566,49.048918121006025,1.0529733333333333,0.01901963546794037,-0.01901963546794037,16.623234993613014,0.30153076327221906,-0.30153076327221906,1329.8587994890413,24.122461061777503,-24.122461061777503,1463395.3433333335,27780.69348519238,-27780.69348519238,49.86425079044086,50.77509926827378,48.96974191531727,1676.8024771478047,1740.2094500479477,1615.7058262679495,17.44521641333333,2.5424540071047512,-2.5424540071047512,6.296446666666667,0.9602485347728122,-0.9602485347728122,13.34171519,2.0072203646076865,-2.0072203646076865,6.299066666666666,0.9606988627729991,-0.9606988627729991,4.103501223666666,0.5357988166833688,-0.5357988166833688,17.440768173333336,2.540847881230581,-2.540847881230581,1.3694478643810888,-1.3509473448185525,-1.3509473448185398,1.1248951629578428,-1.3509473448185312,2.509747880124562,,0.0,0.0,0.0,0.0,0.442587913065286,0.0,
003_190℃_003_2.0mm.csv,2.0,3,0.61196,0.300014946,1.64462,0.30000005,1.03266,1.732771507,14.51019474,5.18766,11.02527839,5.18976,3.484916352,14.50759873,190,1.03266,1432771.4570000002,16.946526446264986,80.0,1355.7221157011988,1610.411725480947,50.839579338794955,1.0529733333333333,0.01901963546794037,-0.01901963546794037,16.623234993613014,0.30153076327221906,-0.30153076327221906,1329.8587994890413,24.122461061777503,-24.122461061777503,1463395.3433333335,27780.69348519238,-27780.69348519238,49.86425079044086,50.77509926827378,48.96974191531727,1676.8024771478047,1740.2094500479477,1615.7058262679495,17.44521641333333,2.5424540071047512,-2.5424540071047512,6.296446666666667,0.9602485347728122,-0.9602485347728122,13.34171519,2.0072203646076865,-2.0072203646076865,6.299066666666666,0.9606988627729991,-0.9606988627729991,4.103501223666666,0.5357988166833688,-0.5357988166833688,17.440768173333336,2.540847881230581,-2.540847881230581,-2.2009660005682496,2.250498712064005,2.250498712064005,-2.561510411004724,2.250498712064005,-4.706098438325747,,-23.04411042842683,-24.225923210180213,-23.60889422945044,-24.22712473171658,-20.852219007381994,-23.03638511233711,CH03_最大圧力(MPa)・CH03_最大圧力時間(s)・CH04_最大圧力(MPa)・CH04_最大圧力時間(s)・最大圧力差(MPa)・先行列圧力@後発列最大時(MPa)
004_190℃_005_2.0mm.csv,2.0,5,0.91734,0.30002913,1.53648,0.300014071,0.61914,1.588061122,12.97396549,4.49672,10.16707002,4.49872,2.806895469,12.97146567,190,0.61914,1288047.051,28.26501275963433,80.0,2261.2010207707463,868.0070216665471,84.79503827890298,0.6383000000000001,0.027096331855068476,-0.027096331855068476,27.44130083119063,1.1649045806935732,-1.1649045806935732,2195.3040664952505,93.19236645548582,-93.19236645548582,1332419.799,62752.54202136358,-62752.54202136358,82.28680580567934,85.8562436149395,78.86576589665015,924.766021181906,1011.427914245524,845.529554689565,12.971602709999999,0.003341475520902501,-0.003341475520902501,4.50476,0.011370277041480066,-0.011370277041480066,10.136667805,0.042995224779183466,-0.042995224779183466,4.506919999999999,0.011596551211459673,-0.011596551211459673,2.8349349090000002,0.03965375632934638,-0.03965375632934638,12.968770085,0.003812132865529637,-0.003812132865529637,0.0,0.0,0.0,-5.215473883172449,0.0,0.0,,0.03643667651693223,0.0,0.6016508220421806,0.0,0.0,0.04157904537723511,
005_190℃_005_2.0mm.csv,2.0,5,0.91372,0.3000072,1.57118,0.300004706,0.65746,1.676797253,12.96923993,4.5128,10.10626559,4.51512,2.862974349,12.9660745,190,0.65746,1376792.547,26.617588902746935,80.0,2129.4071122197547,985.2364930074776,79.85276670824081,0.6383000000000001,0.027096331855068476,-0.027096331855068476,27.44130083119063,1.1649045806935732,-1.1649045806935732,2195.3040664952505,93.19236645548582,-93.19236645548582,1332419.799,62752.54202136358,-62752.54202136358,82.28680580567934,85.8562436149395,78.86576589665015,924.766021181906,1011.427914245524,845.529554689565,12.971602709999999,0.003341475520902501,-0.003341475520902501,4.50476,0.011370277041480066,-0.011370277041480066,10.136667805,0.042995224779183466,-0.042995224779183466,4.506919999999999,0.011596551211459673,-0.011596551211459673,2.8349349090000002,0.03965375632934638,-0.03965375632934638,12.968770085,0.003812132865529637,-0.003812132865529637,6.189230222566789,-5.8284914671615,-5.828491467161494,1.315110365929503,-5.828491467161482,13.505590210071519,,0.0,0.35759397961181794,0.0,0.36454813813706943,1.9978969868792014,0.0,
001_190℃_010_2.0mm.csv,2.0,10,1.18496,0.300004897,1.49232,0.300042681,0.30736,1.464424576,10.15985222,2.90004,8.015653749,2.90168,2.144198471,10.15775053,190,0.3073600000000001,1164381.895,56.93649141072357,80.0,4554.919312857885,389.53406176565994,170.80947423217071,0.313948,0.006567687568695652,-0.006567687568695652,55.761273346005154,1.168703098930511,-1.168703098930511,4460.901867680413,93.49624791444097,-93.49624791444097,1188154.8588,28124.645882548237,-28124.645882548237,167.25446183584242,170.79390200808234,163.78837110164199,405.8446962700112,424.33762237883093,388.15770462947887,10.103837278,0.045668215467926494,-0.045668215467926494,2.898556,0.002817814756154193,-0.002817814756154193,7.956675150000001,0.04984821741864207,-0.04984821741864207,2.899988,0.002988631793981919,-0.002988631793981919,2.1471621288000002,0.02379323109367094,-0.02379323109367094,10.10220618,0.0452877093427191,-0.0452877093427191,-2.406807645900781,2.4661634565330295,2.4661634565330193,-2.1095106347324726,2.4661634565330295,-4.465546417385418,,0.7970579799837143,0.037254739630763097,0.5533097943070813,0.04551159166447495,-0.4630068525939458,0.7913189017814557,
002_190℃_010_2.0mm.csv,2.0,10,1.18268,0.30002923,1.49762,0.300016345,0.31494,1.48949032,10.14596534,2.90156,7.986351743,2.90312,2.159613596,10.14403385,190,0.31494,1189473.975,55.56613958214263,80.0,4445.291166571411,407.7419686383673,166.6984187464279,0.313948,0.006567687568695652,-0.006567687568695652,55.761273346005154,1.168703098930511,-1.168703098930511,4460.901867680413,93.49624791444097,-93.49624791444097,1188154.8588,28124.645882548237,-28124.645882548237,167.25446183584242,170.79390200808234,163.78837110164199,405.8446962700112,424.33762237883093,388.15770462947887,10.103837278,0.045668215467926494,-0.045668215467926494,2.898556,0.002817814756154193,-0.002817814756154193,7.956675150000001,0.04984821741864207,-0.04984821741864207,2.899988,0.002988631793981919,-0.002988631793981919,2.1471621288000002,0.02379323109367094,-0.02379323109367094,10.10220618,0.0452877093427191,-0.0452877093427191,0.0,0.0,0.0,0.0,0.0,0.0,,0.6592846523593668,0.089687336148126,0.18572733887975865,0.09516060075300561,0.25258697523663654,0.6552137410895755,
003_190℃_010_2.0mm.csv,2.0,10,1.18314,0.300046153,1.50242,0.300041428,0.31928,1.51103418,10.05939044,2.89406,7.905218006,2.89522,2.154172437,10.05832243,190,0.31928,1210992.752,54.81082435479829,80.0,4384.865948383864,420.83892882564356,164.43247306439488,0.313948,0.006567687568695652,-0.006567687568695652,55.761273346005154,1.168703098930511,-1.168703098930511,4460.901867680413,93.49624791444097,-93.49624791444097,1188154.8588,28124.645882548237,-28124.645882548237,167.25446183584242,170.79390200808234,163.78837110164199,405.8446962700112,424.33762237883093,388.15770462947887,10.103837278,0.045668215467926494,-0.045668215467926494,2.898556,0.002817814756154193,-0.002817814756154193,7.956675150000001,0.04984821741864207,-0.04984821741864207,2.899988,0.002988631793981919,-0.002988631793981919,2.1471621288000002,0.02379323109367094,-0.02379323109367094,10.10220618,0.0452877093427191,-0.0452877093427191,1.3780402616371406,-1.3593084439990086,-1.3593084439990084,1.809100278969954,-1.3593084439990084,3.2120706708246987,,-0.1996348502031752,-0.16902613350995274,-0.832064353076575,-0.17721937966321152,0.0,-0.19526659323543355,
004_190℃_010_2.0mm.csv,2.0,10,1.18326,0.3000265,1.5044,0.300044882,0.32114,1.520221425,10.07446573,2.89816,7.90460585,2.89956,2.169859885,10.07292269,190,0.32114,1220176.543,54.49336737871334,80.0,4359.469390297067,426.50067485063397,163.48010213614,0.313948,0.006567687568695652,-0.006567687568695652,55.761273346005154,1.168703098930511,-1.168703098930511,4460.901867680413,93.49624791444097,-93.49624791444097,1188154.8588,28124.645882548237,-28124.645882548237,167.25446183584242,170.79390200808234,163.78837110164199,405.8446962700112,424.33762237883093,388.15770462947887,10.103837278,0.045668215467926494,-0.045668215467926494,2.898556,0.002817814756154193,-0.002817814756154193,7.956675150000001,0.04984821741864207,-0.04984821741864207,2.899988,0.002988631793981919,-0.002988631793981919,2.1471621288000002,0.02379323109367094,-0.02379323109367094,10.10220618,0.0452877093427191,-0.0452877093427191,1.968628945195905,-1.930622158560127,-1.9306221585601424,2.5811887141120486,-1.9306221585601353,4.600631687464096,,-0.05007117080202835,-0.027596103430207932,-0.8397436159087687,-0.027582782826956375,0.7282354806213683,-0.05039401959201331,
005_190℃_010_2.0mm.csv,2.0,10,1.18296,0.300008048,1.48998,0.300048226,0.30702,1.455797355,10.07951266,2.89896,7.971546402,2.90036,2.107966255,10.0780014,190,0.30702000000000007,1155749.1290000002,56.999544003647955,80.0,4559.963520291836,386.2183375081145,170.99863201094385,0.313948,0.006567687568695652,-0.006567687568695652,55.761273346005154,1.168703098930511,-1.168703098930511,4460.901867680413,93.49624791444097,-93.49624791444097,1188154.8588,28124.645882548237,-28124.645882548237,167.25446183584242,170.79390200808234,163.78837110164199,405.8446962700112,424.33762237883093,388.15770462947887,10.103837278,0.045668215467926494,-0.045668215467926494,2.898556,0.002817814756154193,-0.002817814756154193,7.956675150000001,0.04984821741864207,-0.04984821741864207,2.899988,0.002988631793981919,-0.002988631793981919,2.1471621288000002,0.02379323109367094,-0.02379323109367094,10.10220618,0.0452877093427191,-0.0452877093427191,-2.514764717088946,2.5796365057650643,2.5796365057650514,-2.835273970580138,2.5796365057650514,-5.278738218224108,,0.0,0.0,0.0,0.0,-2.1449620841100825,0.0,
006_190℃_020_2.0mm.csv,2.0,20,1.34674,0.300001759,1.495175,0.300027615,0.148435,1.458070575,8.563573483,2.124665,6.674736715,2.126015,1.888836768,8.561213471,190,0.14843499999999987,1158042.96,117.89672247111541,80.0,9431.737797689233,187.09562641371411,353.6901674133463,0.152188,0.0024883644226680285,-0.0024883644226680285,115.01421450832588,1.900561691829272,-1.900561691829272,9201.137160666072,152.04493534634182,-152.04493534634182,1188821.3961999998,19973.04268028035,-19973.04268028035,345.0052210885401,350.72331091665706,339.38035731715996,196.88086243695625,203.52394006557773,190.45461669732862,8.5009893636,0.05316884814149386,-0.05316884814149386,2.121524,0.0028784878842891336,-0.0028784878842891336,6.594604639400001,0.05368917979120106,-0.05368917979120106,2.122877,0.0028296943297820435,-0.0028296943297820435,1.906384724,0.014522373995367993,-0.014522373995367993,8.4986224042,0.05333070009893036,-0.05333070009893036,-3.2681655262301796,3.3785832182438273,3.378583218243822,-3.327501162045062,3.378583218243835,-6.486918442412374,,0.5482431420222202,0.08738417474950373,1.1407136441317254,0.0918051001264246,-1.022490658986811,0.5479640610206078,
007_190℃_020_2.0mm.csv,2.0,20,1.346905,0.300006206,1.500975,0.300027796,0.15407,1.50863714,8.529822831,2.12281,6.607031134,2.124065,1.922791697,8.527763703,190,0.15406999999999993,1208609.344,113.584734211722,80.0,9086.77873693776,202.67803170620945,340.754202635166,0.152188,0.0024883644226680285,-0.0024883644226680285,115.01421450832588,1.900561691829272,-1.900561691829272,9201.137160666072,152.04493534634182,-152.04493534634182,1188821.3961999998,19973.04268028035,-19973.04268028035,345.0052210885401,350.72331091665706,339.38035731715996,196.88086243695625,203.52394006557773,190.45461669732862,8.5009893636,0.05316884814149386,-0.05316884814149386,2.121524,0.0028784878842891336,-0.0028784878842891336,6.594604639400001,0.05368917979120106,-0.05368917979120106,2.122877,0.0028296943297820435,-0.0028296943297820435,1.906384724,0.014522373995367993,-0.014522373995367993,8.4986224042,0.05333070009893036,-0.05333070009893036,0.40404040404030145,-0.40241448692143067,-0.4024144869214306,0.8937400762589047,-0.4024144869214306,1.3013915513144065,,0.15196362503850475,0.0,0.11478691886603978,0.0,0.7567918916326968,0.1551101645366228,
008_190℃_020_2.0mm.csv,2.0,20,1.34631,0.300007218,1.49976,0.30000761,0.15345,1.497910813,8.516880271,2.12288,6.599455822,2.124225,1.917424448,8.51455676,190,0.1534500000000001,1197903.203,114.04366243075914,80.0,9123.492994460732,200.07428190514295,342.13098729227744,0.152188,0.0024883644226680285,-0.0024883644226680285,115.01421450832588,1.900561691829272,-1.900561691829272,9201.137160666072,152.04493534634182,-152.04493534634182,1188821.3961999998,19973.04268028035,-19973.04268028035,345.0052210885401,350.72331091665706,339.38035731715996,196.88086243695625,203.52394006557773,190.45461669732862,8.5009893636,0.05316884814149386,-0.05316884814149386,2.121524,0.0028784878842891336,-0.0028784878842891336,6.594604639400001,0.05368917979120106,-0.05368917979120106,2.122877,0.0028296943297820435,-0.0028296943297820435,1.906384724,0.014522373995367993,-0.014522373995367993,8.4986224042,0.05333070009893036,-0.05333070009893036,0.0,0.0,0.0,0.0,0.0,0.0,,0.0,0.0032975160282839493,0.0,0.007532726164225672,0.4755410461212803,0.0,
009_190℃_020_2.0mm.csv,2.0,20,1.34689,0.300004473,1.497745,0.300009445,0.150855,1.480497718,8.430759722,2.117395,6.536238478,2.118845,1.894521244,8.42805835,190,0.15085500000000018,1180488.273,116.00543568327187,80.0,9280.43485466175,193.8313561071186,348.0163070498156,0.152188,0.0024883644226680285,-0.0024883644226680285,115.01421450832588,1.900561691829272,-1.900561691829272,9201.137160666072,152.04493534634182,-152.04493534634182,1188821.3961999998,19973.04268028035,-19973.04268028035,345.0052210885401,350.72331091665706,339.38035731715996,196.88086243695625,203.52394006557773,190.45461669732862,8.5009893636,0.05316884814149386,-0.05316884814149386,2.121524,0.0028784878842891336,-0.0028784878842891336,6.594604639400001,0.05368917979120106,-0.05368917979120106,2.122877,0.0028296943297820435,-0.0028296943297820435,1.906384724,0.014522373995367993,-0.014522373995367993,8.4986224042,0.05333070009893036,-0.05333070009893036,-1.6911045943303367,1.720194889131876,1.720194889131866,-1.4537844089895078,1.720194889131876,-3.1203039883877595,,-1.0111748229365278,-0.255086418473614,-0.9579175269157636,-0.2457551911076169,-0.724616705069383,-1.0158885827898225,
010_190℃_020_2.0mm.csv,2.0,20,1.34576,0.300001237,1.49989,0.300001709,0.15413,1.49906491,8.463910511,2.11987,6.555561048,2.121235,1.908349463,8.461519737,190,0.15412999999999988,1199063.201,113.540517744761,80.0,9083.24141958088,201.15549515116174,340.62155323428294,0.152188,0.0024883644226680285,-0.0024883644226680285,115.01421450832588,1.900561691829272,-1.900561691829272,9201.137160666072,152.04493534634182,-152.04493534634182,1188821.3961999998,19973.04268028035,-19973.04268028035,345.0052210885401,350.72331091665706,339.38035731715996,196.88086243695625,203.52394006557773,190.45461669732862,8.5009893636,0.05316884814149386,-0.05316884814149386,2.121524,0.0028784878842891336,-0.0028784878842891336,6.594604639400001,0.05368917979120106,-0.05368917979120106,2.122877,0.0028296943297820435,-0.0028296943297820435,1.906384724,0.014522373995367993,-0.014522373995367993,8.4986224042,0.05333070009893036,-0.05333070009893036,0.4431410883022427,-0.44118601180808115,-0.4411860118080961,0.09683570401137871,-0.44118601180810607,0.5404059111062581,,-0.6219385304776684,-0.13849567318788403,-0.6651271738750336,-0.13323509402960307,0.0,-0.6228982258848658,
011_190℃_040_2.0mm.csv,2.0,40,1.434025,0.300052913,1.506445,0.300035772,0.07242,1.621587313,8.16905121,1.7956,6.312903244,1.796845,1.856147965,8.165435116,190,0.07241999999999993,1321551.541,241.64595415631064,80.0,19331.676332504852,104.1706259583346,724.9378624689319,0.07253899999999995,0.0009707883394437282,-0.0009707883394437282,241.28450868731238,3.266789823809461,-3.266789823809461,19302.76069498499,261.34318590475755,-261.34318590475755,1324317.217,17229.628569640387,-17229.628569640387,723.8008603380579,733.6098661853355,714.1230094822096,104.5454754668862,107.35520951031732,101.80927865961554,8.1622516524,0.007159551651971647,-0.007159551651971647,1.7955739999999998,0.00031147632333771374,-0.00031147632333771374,6.3081909164,0.017504843912804435,-0.017504843912804435,1.796817,0.00033512311170670584,-0.00033512311170670584,1.8540607357999999,0.0139765291931322,-0.0139765291931322,8.1586656164,0.007116864052213358,-0.007116864052213358,-0.42623401622443646,0.42805854736264837,0.42805854736266247,-0.6620792723184726,0.428058547362672,-1.0854912814699131,,0.09129912316781154,0.0038985703385637943,0.0,0.005287324335603518,0.0,0.08897909238485925,
012_190℃_040_2.0mm.csv,2.0,40,1.43407,0.300019892,1.505015,0.300013008,0.070945,1.595832323,8.161599741,1.79529,6.329553582,1.796505,1.832046159,8.158176045,190,0.07094500000000004,1295819.315,246.66995559940787,80.0,19733.59644795263,100.0619333906667,740.0098667982236,0.07253899999999995,0.0009707883394437282,-0.0009707883394437282,241.28450868731238,3.266789823809461,-3.266789823809461,19302.76069498499,261.34318590475755,-261.34318590475755,1324317.217,17229.628569640387,-17229.628569640387,723.8008603380579,733.6098661853355,714.1230094822096,104.5454754668862,107.35520951031732,101.80927865961554,8.1622516524,0.007159551651971647,-0.007159551651971647,1.7955739999999998,0.00031147632333771374,-0.00031147632333771374,6.3081909164,0.017504843912804435,-0.017504843912804435,1.796817,0.00033512311170670584,-0.00033512311170670584,1.8540607357999999,0.0139765291931322,-0.0139765291931322,8.1586656164,0.007116864052213358,-0.007116864052213358,-2.4542829643887343,2.5160335471138575,2.5160335471138673,-2.5963101723108837,2.516033547113874,-4.98687233843792,,0.0,-0.0133665268750741,0.2637508822240365,-0.013635731181302393,-1.2984851668331303,0.0,
013_190℃_040_2.0mm.csv,2.0,40,1.43398,0.300051386,1.50738,0.300042614,0.0734,1.639529344,8.161332628,1.79553,6.294163002,1.79675,1.867169626,8.157879044,190,0.07339999999999991,1339486.73,238.41961852861064,80.0,19073.56948228885,107.01314392598627,715.258855585832,0.07253899999999995,0.0009707883394437282,-0.0009707883394437282,241.28450868731238,3.266789823809461,-3.266789823809461,19302.76069498499,261.34318590475755,-261.34318590475755,1324317.217,17229.628569640387,-17229.628569640387,723.8008603380579,733.6098661853355,714.1230094822096,104.5454754668862,107.35520951031732,101.80927865961554,8.1622516524,0.007159551651971647,-0.007159551651971647,1.7955739999999998,0.00031147632333771374,-0.00031147632333771374,6.3081909164,0.017504843912804435,-0.017504843912804435,1.796817,0.00033512311170670584,-0.00033512311170670584,1.8540607357999999,0.0139765291931322,-0.0139765291931322,8.1586656164,0.007116864052213358,-0.007116864052213358,0.9212154544203889,-0.9128065395094692,-0.9128065395094646,0.6860666969033113,-0.9128065395094458,1.613602303763209,,-0.003272802005441998,0.0,-0.29685615755019157,0.0,0.5937921549266153,-0.003640531883126977,
014_190℃_040_2.0mm.csv,2.0,40,1.43412,0.300014119,1.50685,0.300071795,0.07273,1.630431371,8.168118612,1.796085,6.317623125,1.79737,1.850495487,8.164310185,190,0.07272999999999996,1330359.576,240.61597690086634,80.0,19249.278152069306,105.31379805439994,721.8479307025989,0.07253899999999995,0.0009707883394437282,-0.0009707883394437282,241.28450868731238,3.266789823809461,-3.266789823809461,19302.76069498499,261.34318590475755,-261.34318590475755,1324317.217,17229.628569640387,-17229.628569640387,723.8008603380579,733.6098661853355,714.1230094822096,104.5454754668862,107.35520951031732,101.80927865961554,8.1622516524,0.007159551651971647,-0.007159551651971647,1.7955739999999998,0.00031147632333771374,-0.00031147632333771374,6.3081909164,0.017504843912804435,-0.017504843912804435,1.796817,0.00033512311170670584,-0.00033512311170670584,1.8540607357999999,0.0139765291931322,-0.0139765291931322,8.1586656164,0.007116864052213358,-0.007116864052213358,0.0,0.0,0.0,0.0,0.0,0.0,,0.07987246626728217,0.03091009339859881,0.07476561603388578,0.03450674829552486,-0.30452733869197735,0.07519009109591167,
015_190℃_040_2.0mm.csv,2.0,40,1.433905,0.300026396,1.507105,0.300056093,0.0732,1.634425016,8.151156071,1.795365,6.286711629,1.796615,1.864444442,8.147527692,190,0.07319999999999993,1334368.923,239.07103825136633,80.0,19125.683060109306,106.31380153861215,717.2131147540989,0.07253899999999995,0.0009707883394437282,-0.0009707883394437282,241.28450868731238,3.266789823809461,-3.266789823809461,19302.76069498499,261.34318590475755,-261.34318590475755,1324317.217,17229.628569640387,-17229.628569640387,723.8008603380579,733.6098661853355,714.1230094822096,104.5454754668862,107.35520951031732,101.80927865961554,8.1622516524,0.007159551651971647,-0.007159551651971647,1.7955739999999998,0.00031147632333771374,-0.00031147632333771374,6.3081909164,0.017504843912804435,-0.017504843912804435,1.796817,0.00033512311170670584,-0.00033512311170670584,1.8540607357999999,0.0139765291931322,-0.0139765291931322,8.1586656164,0.007116864052213358,-0.007116864052213358,0.6462257665337148,-0.6420765027322043,-0.6420765027321996,0.30137318303484495,-0.6420765027321966,0.949546500730761,,-0.1279610656172586,-0.009189487226611124,-0.4148901699846821,-0.007513566161124042,0.4469728252510314,-0.13052369722427068,
016_190℃_080_2.0mm.csv,2.0,80,1.47087,0.300104606,1.505965,0.300026799,0.035095,1.765550862,8.111472567,1.63945,6.253086739,1.640965,1.858385827,8.103423776,190,0.0350950000000001,1465524.0629999998,498.6465308448483,80.0,39891.72246758787,55.98102529631036,1495.939592534545,0.03589899999999999,0.0007409740211370489,-0.0007409740211370489,487.6444424688865,10.034529950382025,-10.034529950382025,39011.55539751092,802.7623960305608,-802.7623960305608,1501584.7636,32873.97165205577,-32873.97165205577,1462.6850354803707,1493.144503737261,1432.8469265119957,58.65133056508565,61.19530647087823,56.21311135506733,8.131737101999999,0.03277229708185047,-0.03277229708185047,1.6399029999999999,0.0006812818799880127,-0.0006812818799880127,6.253133891199999,0.037544938624864375,-0.037544938624864375,1.64142,0.0006914839115988279,-0.0006914839115988279,1.8786032104000001,0.02094276575654283,-0.02094276575654283,8.123647469,0.03264033706849391,-0.03264033706849391,-1.969273743016025,2.0088331671170576,2.008833167117067,-2.031929178570434,2.008833167117073,-3.961188673796184,,-0.20201881512620454,-0.020124650867795767,0.0,-0.020715223556865236,-0.9534603659768043,-0.20027309380997088,
017_190℃_080_2.0mm.csv,2.0,80,1.47089,0.300092943,1.506195,0.300059203,0.035305,1.776063372,8.127892439,1.63978,6.269184174,1.641305,1.858708265,8.119685321,190,0.03530499999999992,1476004.169,495.6804985129596,80.0,39654.43988103677,56.718723468348166,1487.041495538879,0.03589899999999999,0.0007409740211370489,-0.0007409740211370489,487.6444424688865,10.034529950382025,-10.034529950382025,39011.55539751092,802.7623960305608,-802.7623960305608,1501584.7636,32873.97165205577,-32873.97165205577,1462.6850354803707,1493.144503737261,1432.8469265119957,58.65133056508565,61.19530647087823,56.21311135506733,8.131737101999999,0.03277229708185047,-0.03277229708185047,1.6399029999999999,0.0006812818799880127,-0.0006812818799880127,6.253133891199999,0.037544938624864375,-0.037544938624864375,1.64142,0.0006914839115988279,-0.0006914839115988279,1.8786032104000001,0.02094276575654283,-0.02094276575654283,8.123647469,0.03264033706849391,-0.03264033706849391,-1.3826815642455712,1.4020676957935438,1.4020676957935507,-1.3313499163491331,1.4020676957935634,-2.6956231507457495,,0.0,0.0,0.2574318200258171,0.0,-0.9362753618283018,0.0,
018_190℃_080_2.0mm.csv,2.0,80,1.470865,0.300044227,1.506665,0.30013116,0.0358,1.79605126,8.176714018,1.640775,6.300438649,1.642315,1.876275369,8.168367706,190,0.03579999999999983,1495920.0999999999,488.8268156424604,80.0,39106.14525139683,58.2900022639453,1466.480446927381,0.03589899999999999,0.0007409740211370489,-0.0007409740211370489,487.6444424688865,10.034529950382025,-10.034529950382025,39011.55539751092,802.7623960305608,-802.7623960305608,1501584.7636,32873.97165205577,-32873.97165205577,1462.6850354803707,1493.144503737261,1432.8469265119957,58.65133056508565,61.19530647087823,56.21311135506733,8.131737101999999,0.03277229708185047,-0.03277229708185047,1.6399029999999999,0.0006812818799880127,-0.0006812818799880127,6.253133891199999,0.037544938624864375,-0.037544938624864375,1.64142,0.0006914839115988279,-0.0006914839115988279,1.8786032104000001,0.02094276575654283,-0.02094276575654283,8.123647469,0.03264033706849391,-0.03264033706849391,0.0,0.0,0.0,0.0,0.0,0.0,,0.6006671393157221,0.06067887155594526,0.7572565674592446,0.06153639938950746,0.0,0.599559996174873,
019_190℃_080_2.0mm.csv,2.0,80,1.470825,0.300108778,1.507655,0.300133587,0.03683,1.841326019,8.149851511,1.6404,6.245346151,1.641905,1.904505359,8.141894651,190,0.03682999999999992,1541192.432,475.1561227260396,80.0,38012.489818083166,61.78189634890871,1425.4683681781187,0.03589899999999999,0.0007409740211370489,-0.0007409740211370489,487.6444424688865,10.034529950382025,-10.034529950382025,39011.55539751092,802.7623960305608,-802.7623960305608,1501584.7636,32873.97165205577,-32873.97165205577,1462.6850354803707,1493.144503737261,1432.8469265119957,58.65133056508565,61.19530647087823,56.21311135506733,8.131737101999999,0.03277229708185047,-0.03277229708185047,1.6399029999999999,0.0006812818799880127,-0.0006812818799880127,6.253133891199999,0.037544938624864375,-0.037544938624864375,1.64142,0.0006914839115988279,-0.0006914839115988279,1.8786032104000001,0.02094276575654283,-0.02094276575654283,8.123647469,0.03264033706849391,-0.03264033706849391,2.877094972067294,-2.7966331794735027,-2.7966331794735053,3.0263870376499504,-2.7966331794734995,5.990554039012775,,0.2701693232877141,0.03780995011526332,-0.12378827166625495,0.03655627686505152,1.504576058846085,0.2735245163080259,
020_190℃_080_2.0mm.csv,2.0,80,1.47094,0.300060663,1.507405,0.300140555,0.036465,1.829423609,8.092754975,1.63911,6.197613743,1.64061,1.895141232,8.084865891,190,0.03646500000000019,1529283.054,479.9122446181245,80.0,38392.979569449955,60.696932314677866,1439.7367338543731,0.03589899999999999,0.0007409740211370489,-0.0007409740211370489,487.6444424688865,10.034529950382025,-10.034529950382025,39011.55539751092,802.7623960305608,-802.7623960305608,1501584.7636,32873.97165205577,-32873.97165205577,1462.6850354803707,1493.144503737261,1432.8469265119957,58.65133056508565,61.19530647087823,56.21311135506733,8.131737101999999,0.03277229708185047,-0.03277229708185047,1.6399029999999999,0.0006812818799880127,-0.0006812818799880127,6.253133891199999,0.037544938624864375,-0.037544938624864375,1.64142,0.0006914839115988279,-0.0006914839115988279,1.8786032104000001,0.02094276575654283,-0.02094276575654283,8.123647469,0.03264033706849391,-0.03264033706849391,1.8575418994423543,-1.8236665295498584,-1.8236665295498629,2.230263100281903,-1.8236665295498662,4.129233071279793,,-0.43230719726801675,-0.040859139640680366,-0.8871298018947852,-0.042344354035362845,1.0054954252293464,-0.4288273328763974,
021_190℃_120_2.0mm.csv,2.0,120,1.479655,0.300096212,1.504995,0.300175046,0.02534,1.867898483,8.320974145,1.595685,6.397860746,1.59788,1.923113398,8.305391817,190,0.02534000000000014,1567723.4370000002,690.607734806626,80.0,55248.61878453008,43.239305462400246,2071.823204419878,0.024580000000000046,0.00042750730987907464,-0.00042750730987907464,712.1294677255559,12.11193529026447,-12.11193529026447,56970.35741804447,968.9548232211603,-968.9548232211603,1523234.2676000001,25355.490904556784,-25355.490904556784,2136.1374858062077,2173.1970796253845,2099.7098703321694,40.742901582402055,42.13617184727199,39.395701046837544,8.277594023199999,0.038561105776029156,-0.038561105776029156,1.5951119999999999,0.0004942620762309296,-0.0004942620762309296,6.3796672322,0.03405936057738511,-0.03405936057738511,1.597312,0.0004962937638133787,-0.0004962937638133787,1.8979267912000002,0.014510837316493259,-0.014510837316493259,8.2619521548,0.03854375994673039,-0.03854375994673039,3.895038950389509,-3.7490134175217142,-3.7490134175217205,3.783423657114488,-3.7490134175217036,7.9143190591421915,,0.6678476627947171,0.048905734197334814,0.4359586587353219,0.04789886764571773,1.523966161404054,0.6713071410039849,
022_190℃_120_2.0mm.csv,2.0,120,1.479795,0.300019882,1.504185,0.300177399,0.02439,1.808261418,8.25318554,1.594835,6.363506768,1.597055,1.889678773,8.237219067,190,0.024390000000000134,1508084.019,717.5071750717468,80.0,57400.57400573975,40.035014120718586,2152.52152521524,0.024580000000000046,0.00042750730987907464,-0.00042750730987907464,712.1294677255559,12.11193529026447,-12.11193529026447,56970.35741804447,968.9548232211603,-968.9548232211603,1523234.2676000001,25355.490904556784,-25355.490904556784,2136.1374858062077,2173.1970796253845,2099.7098703321694,40.742901582402055,42.13617184727199,39.395701046837544,8.277594023199999,0.038561105776029156,-0.038561105776029156,1.5951119999999999,0.0004942620762309296,-0.0004942620762309296,6.3796672322,0.03405936057738511,-0.03405936057738511,1.597312,0.0004962937638133787,-0.0004962937638133787,1.8979267912000002,0.014510837316493259,-0.014510837316493259,8.2619521548,0.03854375994673039,-0.03854375994673039,0.0,0.0,0.0,-0.1647108408950264,0.0,-0.0827778994426404,,-0.15226460320887308,-0.004388976145915556,-0.10334265636884746,-0.0037567739330086453,-0.24109654402421324,-0.15502832938878103,
023_190℃_120_2.0mm.csv,2.0,120,1.479865,0.300123379,1.5042,0.300068925,0.024335,1.809334549,8.314669847,1.59558,6.427755393,1.59778,1.886914455,8.299056555,190,0.024334999999999996,1509265.624,719.1288267926856,80.0,57530.30614341485,39.976031521131965,2157.386480378057,0.024580000000000046,0.00042750730987907464,-0.00042750730987907464,712.1294677255559,12.11193529026447,-12.11193529026447,56970.35741804447,968.9548232211603,-968.9548232211603,1523234.2676000001,25355.490904556784,-25355.490904556784,2136.1374858062077,2173.1970796253845,2099.7098703321694,40.742901582402055,42.13617184727199,39.395701046837544,8.277594023199999,0.038561105776029156,-0.038561105776029156,1.5951119999999999,0.0004942620762309296,-0.0004942620762309296,6.3796672322,0.03405936057738511,-0.03405936057738511,1.597312,0.0004962937638133787,-0.0004962937638133787,1.8979267912000002,0.014510837316493259,-0.014510837316493259,8.2619521548,0.03854375994673039,-0.03854375994673039,-0.2255022550231159,0.22601191699255146,0.2260119169925483,-0.08648849030937089,0.22601191699257792,-0.22998348016740724,,0.5915777333819213,0.04232226997846149,0.9052557643477976,0.04163757775738852,-0.3870289302179824,0.5945161694672395,
024_190℃_120_2.0mm.csv,2.0,120,1.47988,0.300116015,1.504345,0.300008062,0.024465,1.820534225,8.2333692,1.594555,6.339123466,1.59673,1.894245734,8.218084417,190,0.02446499999999996,1520526.163,715.3075822603731,80.0,57224.60658082985,40.48943954045707,2145.9227467811193,0.024580000000000046,0.00042750730987907464,-0.00042750730987907464,712.1294677255559,12.11193529026447,-12.11193529026447,56970.35741804447,968.9548232211603,-968.9548232211603,1523234.2676000001,25355.490904556784,-25355.490904556784,2136.1374858062077,2173.1970796253845,2099.7098703321694,40.742901582402055,42.13617184727199,39.395701046837544,8.277594023199999,0.038561105776029156,-0.038561105776029156,1.5951119999999999,0.0004942620762309296,-0.0004942620762309296,6.3796672322,0.03405936057738511,-0.03405936057738511,1.597312,0.0004962937638133787,-0.0004962937638133787,1.8979267912000002,0.014510837316493259,-0.014510837316493259,8.2619521548,0.03854375994673039,-0.03854375994673039,0.30750307503003194,-0.3065603923965978,-0.30656039239660093,0.6589601405287271,-0.30656039239659255,1.0513524759142545,,-0.3920043574241732,-0.02194488072957778,-0.4861206518365543,-0.024105966070075084,0.0,-0.38696323018933076,
025_190℃_120_2.0mm.csv,2.0,120,1.479845,0.300058353,1.504215,0.300011367,0.02437,1.810583462,8.265771384,1.594905,6.370089788,1.597115,1.895681596,8.250008918,190,0.024370000000000003,1510572.0950000002,718.0960196963479,80.0,57447.68157570783,40.06818171989117,2154.2880590890436,0.024580000000000046,0.00042750730987907464,-0.00042750730987907464,712.1294677255559,12.11193529026447,-12.11193529026447,56970.35741804447,968.9548232211603,-968.9548232211603,1523234.2676000001,25355.490904556784,-25355.490904556784,2136.1374858062077,2173.1970796253845,2099.7098703321694,40.742901582402055,42.13617184727199,39.395701046837544,8.277594023199999,0.038561105776029156,-0.038561105776029156,1.5951119999999999,0.0004942620762309296,-0.0004942620762309296,6.3796672322,0.03405936057738511,-0.03405936057738511,1.597312,0.0004962937638133787,-0.0004962937638133787,1.8979267912000002,0.014510837316493259,-0.014510837316493259,8.2619521548,0.03854375994673039,-0.03854375994673039,-0.08200082000873683,0.08206811653725558,0.08206811653724924,0.0,0.08206811653726616,0.0,,0.0,0.0,0.0,0.0,0.07580125293289423,0.0,
026_190℃_160_2.0mm.csv,2.0,160,1.48355,0.300179625,1.501915,0.300203523,0.018365,1.690222068,7.754106962,1.57249,5.942131833,1.575335,1.811975128,7.733459228,190,0.018364999999999965,1390018.545,952.8995371630838,80.0,76231.9629730467,27.785241446448925,2858.698611489251,0.01886899999999998,0.000437327108695574,-0.000437327108695574,927.8447879418343,21.449428261812773,-21.449428261812773,74227.58303534675,1715.9542609450152,-1715.9542609450152,1436340.6278000001,41999.93693916379,-41999.93693916379,2782.938332670577,2848.1110875714676,2719.2569128513505,29.482781479116916,31.056502300460664,27.98880554338748,7.806361711399999,0.04664140396948135,-0.04664140396948135,1.572871,0.00034819893739067656,-0.00034819893739067656,5.9706204132,0.04551200791955551,-0.04551200791955551,1.5757539999999999,0.0003595900443560933,-0.0003595900443560933,1.8357412979999999,0.016996525672446527,-0.016996525672446527,7.785265266400001,0.04652077962137617,-0.04652077962137617,-2.779248279512392,2.858698611488636,2.8586986114886335,-2.639266276549607,2.8586986114886233,-5.345162793479252,,-0.4754989169053576,-0.01875653697105175,0.0,-0.02411603621213525,-1.525151455771007,-0.4634605053935344,
027_190℃_160_2.0mm.csv,2.0,160,1.483595,0.300096246,1.502125,0.300175883,0.01853,1.711230834,7.849529532,1.57318,6.02235532,1.576045,1.827174212,7.828659525,190,0.018529999999999935,1411054.9510000001,944.4144630329229,80.0,75553.15704263383,28.459154549148202,2833.2433890987686,0.01886899999999998,0.000437327108695574,-0.000437327108695574,927.8447879418343,21.449428261812773,-21.449428261812773,74227.58303534675,1715.9542609450152,-1715.9542609450152,1436340.6278000001,41999.93693916379,-41999.93693916379,2782.938332670577,2848.1110875714676,2719.2569128513505,29.482781479116916,31.056502300460664,27.98880554338748,7.806361711399999,0.04664140396948135,-0.04664140396948135,1.572871,0.00034819893739067656,-0.00034819893739067656,5.9706204132,0.04551200791955551,-0.04551200791955551,1.5757539999999999,0.0003595900443560933,-0.0003595900443560933,1.8357412979999999,0.016996525672446527,-0.016996525672446527,7.785265266400001,0.04652077962137617,-0.04652077962137617,-1.9057702488084634,1.9427954668101308,1.9427954668101335,-1.1658183643389013,1.9427954668101266,-3.0493707936046595,,0.7492563924884122,0.02511468509681381,1.3500792182777475,0.020942873552637468,-0.6991315663241485,0.7618524939858363,
028_190℃_160_2.0mm.csv,2.0,160,1.48354,0.300128475,1.50299,0.300182656,0.01945,1.798741369,7.791153814,1.572785,5.934120369,1.575715,1.857033445,7.769467642,190,0.019449999999999967,1498558.713,899.7429305912611,80.0,71979.4344473009,31.724589896979534,2699.2287917737835,0.01886899999999998,0.000437327108695574,-0.000437327108695574,927.8447879418343,21.449428261812773,-21.449428261812773,74227.58303534675,1715.9542609450152,-1715.9542609450152,1436340.6278000001,41999.93693916379,-41999.93693916379,2782.938332670577,2848.1110875714676,2719.2569128513505,29.482781479116916,31.056502300460664,27.98880554338748,7.806361711399999,0.04664140396948135,-0.04664140396948135,1.572871,0.00034819893739067656,-0.00034819893739067656,5.9706204132,0.04551200791955551,-0.04551200791955551,1.5757539999999999,0.0003595900443560933,-0.0003595900443560933,1.8357412979999999,0.016996525672446527,-0.016996525672446527,7.785265266400001,0.04652077962137617,-0.04652077962137617,2.9645314981478053,-2.8791773778926313,-2.8791773778926215,4.963186534572117,-2.879177377892631,8.074853260849117,,0.0,0.0,-0.1348247434617287,0.0,0.9236188797966693,0.0,
029_190℃_160_2.0mm.csv,2.0,160,1.483445,0.300000871,1.502555,0.300143788,0.01911,1.754515386,7.776193269,1.572615,5.936154767,1.57549,1.840038502,7.755255886,190,0.019110000000000182,1454371.598,915.750915750907,80.0,73260.07326007256,30.250929238400293,2747.252747252721,0.01886899999999998,0.000437327108695574,-0.000437327108695574,927.8447879418343,21.449428261812773,-21.449428261812773,74227.58303534675,1715.9542609450152,-1715.9542609450152,1436340.6278000001,41999.93693916379,-41999.93693916379,2782.938332670577,2848.1110875714676,2719.2569128513505,29.482781479116916,31.056502300460664,27.98880554338748,7.806361711399999,0.04664140396948135,-0.04664140396948135,1.572871,0.00034819893739067656,-0.00034819893739067656,5.9706204132,0.04551200791955551,-0.04551200791955551,1.5757539999999999,0.0003595900443560933,-0.0003595900443560933,1.8357412979999999,0.016996525672446527,-0.016996525672446527,7.785265266400001,0.04652077962137617,-0.04652077962137617,1.1646373742738632,-1.1512297226600166,-1.1512297226600117,1.8681990950178622,-1.1512297226600248,3.0545942141781515,,-0.192019633512014,-0.010808851813820927,-0.10058790629327151,-0.014279231967704803,0.0,-0.18291801516972966,
030_190℃_160_2.0mm.csv,2.0,160,1.4834,0.300090252,1.50229,0.300166385,0.01889,1.727865717,7.86082498,1.573285,6.018339777,1.576185,1.842485203,7.839484051,190,0.01888999999999985,1427699.332,926.4160931709972,80.0,74113.28745367978,29.35427524514807,2779.2482795129918,0.01886899999999998,0.000437327108695574,-0.000437327108695574,927.8447879418343,21.449428261812773,-21.449428261812773,74227.58303534675,1715.9542609450152,-1715.9542609450152,1436340.6278000001,41999.93693916379,-41999.93693916379,2782.938332670577,2848.1110875714676,2719.2569128513505,29.482781479116916,31.056502300460664,27.98880554338748,7.806361711399999,0.04664140396948135,-0.04664140396948135,1.572871,0.00034819893739067656,-0.00034819893739067656,5.9706204132,0.04551200791955551,-0.04551200791955551,1.5757539999999999,0.0003595900443560933,-0.0003595900443560933,1.8357412979999999,0.016996525672446527,-0.016996525672446527,7.785265266400001,0.04652077962137617,-0.04652077962137617,0.0,0.0,0.0,0.0,0.0,0.0,,0.8942342516047778,0.031790740628880924,1.2825017374534442,0.02982772899921435,0.132970098035481,0.9011738284552077,
031_190℃_200_2.0mm.csv,2.0,200,1.485395,0.300140394,1.500755,0.300050209,0.01536,1.589456493,7.752780764,1.565625,5.967037179,1.568285,1.785743585,7.73516973,190,0.01536000000000004,1289406.284,1139.3229166666638,80.0,91145.83333333311,21.55676791536332,3417.9687499999914,0.01512500000000001,0.0003211502763505103,-0.0003211502763505103,1157.4483882634172,24.93887887829877,-24.93887887829877,92595.87106107338,1995.1103102639036,-1995.1103102639036,1267680.5359999998,38650.96125181411,-38650.96125181411,3471.7066114586414,3546.7690130302076,3398.2328005477552,20.857640216252683,21.97220528292221,19.7996127283944,7.8046181858,0.03146638438855238,-0.03146638438855238,1.565907,0.00017235863772949097,-0.00017235863772949097,6.0238165388,0.03722271318042018,-0.03722271318042018,1.5686579999999999,0.00022120691670928297,-0.00022120691670928297,1.7808016472,0.012719245564484892,-0.012719245564484892,7.785837932,0.03085672657706966,-0.03085672657706966,0.3593596863779067,-0.35807291666755087,-0.358072916667539,0.0,-0.35807291666755753,0.0,,-0.7960731681872363,-0.02171185179745441,-0.9170340529700945,-0.02772961395277444,0.0,-0.7816859878209211,
032_190℃_200_2.0mm.csv,2.0,200,1.48551,0.300080407,1.500815,0.30012161,0.015305,1.597429041,7.802800422,1.56589,6.015269483,1.56868,1.787530939,7.783570737,190,0.015304999999999902,1297307.431,1143.4171839268286,80.0,91473.37471414628,21.611200251923673,3430.251551780486,0.01512500000000001,0.0003211502763505103,-0.0003211502763505103,1157.4483882634172,24.93887887829877,-24.93887887829877,92595.87106107338,1995.1103102639036,-1995.1103102639036,1267680.5359999998,38650.96125181411,-38650.96125181411,3471.7066114586414,3546.7690130302076,3398.2328005477552,20.857640216252683,21.97220528292221,19.7996127283944,7.8046181858,0.03146638438855238,-0.03146638438855238,1.565907,0.00017235863772949097,-0.00017235863772949097,6.0238165388,0.03722271318042018,-0.03722271318042018,1.5686579999999999,0.00022120691670928297,-0.00022120691670928297,1.7808016472,0.012719245564484892,-0.012719245564484892,7.785837932,0.03085672657706966,-0.03085672657706966,0.0,0.0,0.0,0.6127740416689418,0.0,0.2525069471177993,,-0.1560258556892473,-0.004789379072970804,-0.11613411026524885,-0.002549849558864422,0.10009018176033169,-0.16085070189220996,
033_190℃_200_2.0mm.csv,2.0,200,1.485445,0.300041856,1.50081,0.300131226,0.015365,1.596546194,7.814993833,1.56597,6.022263385,1.56873,1.792730448,7.796110836,190,0.015365000000000073,1296414.968,1138.9521640091061,80.0,91116.17312072849,21.680996988647728,3416.856492027319,0.01512500000000001,0.0003211502763505103,-0.0003211502763505103,1157.4483882634172,24.93887887829877,-24.93887887829877,92595.87106107338,1995.1103102639036,-1995.1103102639036,1267680.5359999998,38650.96125181411,-38650.96125181411,3471.7066114586414,3546.7690130302076,3398.2328005477552,20.857640216252683,21.97220528292221,19.7996127283944,7.8046181858,0.03146638438855238,-0.03146638438855238,1.565907,0.00017235863772949097,-0.00017235863772949097,6.0238165388,0.03722271318042018,-0.03722271318042018,1.5686579999999999,0.00022120691670928297,-0.00022120691670928297,1.7808016472,0.012719245564484892,-0.012719245564484892,7.785837932,0.03085672657706966,-0.03085672657706966,0.39202874877603017,-0.3904978848042363,-0.3904978848042323,0.5435590075036524,-0.39049788480422964,0.5762880306183127,,0.0,0.0003192919381999442,0.0,0.0006374623897231828,0.3912579083967334,0.0,
034_190℃_200_2.0mm.csv,2.0,200,1.485455,0.300092823,1.50009,0.300196618,0.014635,1.5106117,7.815630219,1.565965,6.055478269,1.56872,1.760151951,7.79666759,190,0.014634999999999954,1210415.082,1195.7635804578103,80.0,95661.08643662483,19.281006503477492,3587.290741373431,0.01512500000000001,0.0003211502763505103,-0.0003211502763505103,1157.4483882634172,24.93887887829877,-24.93887887829877,92595.87106107338,1995.1103102639036,-1995.1103102639036,1267680.5359999998,38650.96125181411,-38650.96125181411,3471.7066114586414,3546.7690130302076,3398.2328005477552,20.857640216252683,21.97220528292221,19.7996127283944,7.8046181858,0.03146638438855238,-0.03146638438855238,1.565907,0.00017235863772949097,-0.00017235863772949097,6.0238165388,0.03722271318042018,-0.03722271318042018,1.5686579999999999,0.00022120691670928297,-0.00022120691670928297,1.7808016472,0.012719245564484892,-0.012719245564484892,7.785837932,0.03085672657706966,-0.03085672657706966,-4.377654361319521,4.578066279466693,4.578066279466697,-6.126168530445913,4.578066279466686,-10.557062268429918,,0.008143141422745692,0.0,0.5515348943842381,0.0,-1.4331079901373394,0.007141432590065997,
035_190℃_200_2.0mm.csv,2.0,200,1.48542,0.300174042,1.50038,0.300111088,0.01496,1.544970003,7.836885691,1.566085,6.059034378,1.568875,1.777851313,7.817670767,190,0.014960000000000084,1244858.915,1169.7860962566779,80.0,93582.88770053422,20.270029244517122,3509.3582887700336,0.01512500000000001,0.0003211502763505103,-0.0003211502763505103,1157.4483882634172,24.93887887829877,-24.93887887829877,92595.87106107338,1995.1103102639036,-1995.1103102639036,1267680.5359999998,38650.96125181411,-38650.96125181411,3471.7066114586414,3546.7690130302076,3398.2328005477552,20.857640216252683,21.97220528292221,19.7996127283944,7.8046181858,0.03146638438855238,-0.03146638438855238,1.565907,0.00017235863772949097,-0.00017235863772949097,6.0238165388,0.03722271318042018,-0.03722271318042018,1.5686579999999999,0.00022120691670928297,-0.00022120691670928297,1.7808016472,0.012719245564484892,-0.012719245564484892,7.785837932,0.03085672657706966,-0.03085672657706966,-2.2541653054545563,2.306149732619092,2.306149732619088,-3.4548745071882982,2.3061497326190854,-5.969070483563311,,0.2801263630888401,0.007663006516741943,0.6105842712158329,0.009880667040652715,-0.4419599804974289,0.2765472612375215,
036_190℃_240_2.0mm.csv,2.0,240,1.48661,0.300027463,1.50011,0.300066267,0.0135,1.51470383,7.791316089,1.562215,5.995859249,1.564875,1.795456841,7.772376671,190,0.013500000000000068,1214637.5629999998,1296.2962962962897,80.0,103703.70370370318,17.847735619591926,3888.8888888888696,0.013274000000000008,0.00025882909419151735,-0.00025882909419151735,1318.7713759792591,25.940878765810258,-25.940878765810258,105501.71007834072,2075.2703012648144,-2075.2703012648144,1191183.8426,34917.702344737176,-34917.702344737176,3955.7053432093344,4033.946044410583,3878.9821653604236,17.201497202991238,18.064100860023355,16.380084916340135,7.8234754714,0.019958217461540903,-0.019958217461540903,1.5623879999999999,0.00010521406750047732,-0.00010521406750047732,6.0367231982,0.02908396385186297,-0.02908396385186297,1.5650140000000001,8.218880702378884e-05,-8.218880702378884e-05,1.7867522734,0.012549122993763227,-0.012549122993763227,7.805090785,0.020286367062082655,-0.020286367062082655,0.4838109415703858,-0.4814814814813484,-0.4814814814813449,0.3212181770356391,-0.48148148148134257,0.8065832072928529,,-0.4347444592031504,-0.013760616475622987,-0.6736348635442871,-0.010862307473587244,0.031940902434230485,-0.4484313893433451,
037_190℃_240_2.0mm.csv,2.0,240,1.486645,0.30007019,1.50008,0.300044772,0.013435,1.510793191,7.833202241,1.56243,6.036523375,1.565045,1.796678867,7.814988922,190,0.013435000000000086,1210748.4190000002,1302.567919612943,80.0,104205.43356903543,17.704930622329368,3907.703758838829,0.013274000000000008,0.00025882909419151735,-0.00025882909419151735,1318.7713759792591,25.940878765810258,-25.940878765810258,105501.71007834072,2075.2703012648144,-2075.2703012648144,1191183.8426,34917.702344737176,-34917.702344737176,3955.7053432093344,4033.946044410583,3878.9821653604236,17.201497202991238,18.064100860023355,16.380084916340135,7.8234754714,0.019958217461540903,-0.019958217461540903,1.5623879999999999,0.00010521406750047732,-0.00010521406750047732,6.0367231982,0.02908396385186297,-0.02908396385186297,1.5650140000000001,8.218880702378884e-05,-8.218880702378884e-05,1.7867522734,0.012549122993763227,-0.012549122993763227,7.805090785,0.020286367062082655,-0.020286367062082655,0.0,0.0,0.0,0.0,0.0,0.0,,0.10051882364434639,0.0,0.0,0.0,0.10002476266511912,0.09736259474251263,
038_190℃_240_2.0mm.csv,2.0,240,1.48665,0.300172771,1.49972,0.300088752,0.01307,1.463252907,7.825336305,1.562455,6.048003933,1.565055,1.777332371,7.807387447,190,0.013069999999999915,1163164.155,1338.9441469013093,80.0,107115.53175210474,16.54699919004071,4016.8324407039277,0.013274000000000008,0.00025882909419151735,-0.00025882909419151735,1318.7713759792591,25.940878765810258,-25.940878765810258,105501.71007834072,2075.2703012648144,-2075.2703012648144,1191183.8426,34917.702344737176,-34917.702344737176,3955.7053432093344,4033.946044410583,3878.9821653604236,17.201497202991238,18.064100860023355,16.380084916340135,7.8234754714,0.019958217461540903,-0.019958217461540903,1.5623879999999999,0.00010521406750047732,-0.00010521406750047732,6.0367231982,0.02908396385186297,-0.02908396385186297,1.5650140000000001,8.218880702378884e-05,-8.218880702378884e-05,1.7867522734,0.012549122993763227,-0.012549122993763227,7.805090785,0.020286367062082655,-0.020286367062082655,-2.7167845180511234,2.7926549349668903,2.792654934966883,-3.930152891655371,2.7926549349668783,-6.540163624410248,,0.0,0.001600071683207679,0.19018493405569867,0.0006389592631563637,-0.9778443903819214,0.0,
039_190℃_240_2.0mm.csv,2.0,240,1.48665,0.300183012,1.499575,0.300063887,0.012925,1.444719256,7.844928816,1.562475,6.075519067,1.565085,1.769409749,7.82679956,190,0.012925000000000075,1144655.3690000002,1353.96518375241,80.0,108317.2147001928,16.103042878176964,4061.8955512572297,0.013274000000000008,0.00025882909419151735,-0.00025882909419151735,1318.7713759792591,25.940878765810258,-25.940878765810258,105501.71007834072,2075.2703012648144,-2075.2703012648144,1191183.8426,34917.702344737176,-34917.702344737176,3955.7053432093344,4033.946044410583,3878.9821653604236,17.201497202991238,18.064100860023355,16.380084916340135,7.8234754714,0.019958217461540903,-0.019958217461540903,1.5623879999999999,0.00010521406750047732,-0.00010521406750047732,6.0367231982,0.02908396385186297,-0.02908396385186297,1.5650140000000001,8.218880702378884e-05,-8.218880702378884e-05,1.7867522734,0.012549122993763227,-0.012549122993763227,7.805090785,0.020286367062082655,-0.020286367062082655,-3.79605508001494,3.945841392649971,3.945841392649964,-5.4588590794600105,3.945841392649959,-9.047692862078266,,0.2503727665669945,0.002880129029785191,0.6459958750677464,0.002555837052611267,-1.4192447279444318,0.2486377566347061,
040_190℃_240_2.0mm.csv,2.0,240,1.48673,0.300003604,1.50017,0.300110145,0.01344,1.522823852,7.822593906,1.562365,6.027710367,1.56501,1.794883539,7.803901325,190,0.013439999999999896,1222713.707,1302.0833333333433,80.0,104166.66666666746,17.886554799542722,3906.25000000003,0.013274000000000008,0.00025882909419151735,-0.00025882909419151735,1318.7713759792591,25.940878765810258,-25.940878765810258,105501.71007834072,2075.2703012648144,-2075.2703012648144,1191183.8426,34917.702344737176,-34917.702344737176,3955.7053432093344,4033.946044410583,3878.9821653604236,17.201497202991238,18.064100860023355,16.380084916340135,7.8234754714,0.019958217461540903,-0.019958217461540903,1.5623879999999999,0.00010521406750047732,-0.00010521406750047732,6.0367231982,0.02908396385186297,-0.02908396385186297,1.5650140000000001,8.218880702378884e-05,-8.218880702378884e-05,1.7867522734,0.012549122993763227,-0.012549122993763227,7.805090785,0.020286367062082655,-0.020286367062082655,0.03721622627324659,-0.03720238095097719,-0.03720238095098418,0.9882555130554919,-0.03720238095097719,1.0258395307366581,,-0.0350451264087955,-0.004160186376348491,-0.14599476308662077,-0.002236357421033085,0.0,-0.04465158189811021,
007_190℃_280_2.0mm.csv,2.0,280,1.487595,0.300090518,1.4989,0.300225157,0.011305,1.346471189,7.729843481,1.560165,5.981561578,1.5627,1.748281903,7.711904628,190,0.011304999999999898,1046246.032,1547.987616099085,80.0,123839.0092879268,12.87380831756179,4643.962848297255,0.01158999999999999,0.0003192569498069486,-0.0003192569498069486,1510.6809936800698,41.315913733367225,-41.315913733367225,120854.47949440556,3305.2730986693828,-3305.2730986693828,1072414.4370000002,31733.73603056297,-31733.73603056297,4530.907586569832,4657.005191940775,4408.224322696254,13.521148251957468,14.311675501645137,12.774286982009691,7.78803693,0.05142365529556752,-0.05142365529556752,1.5603449999999999,0.0001670329308848733,-0.0001670329308848733,6.022576484666668,0.04190605905106743,-0.04190605905106743,1.56288,0.0001653027525482308,-0.0001653027525482308,1.7654604456666665,0.019121093364028376,-0.019121093364028376,7.770026431333332,0.051370752805809126,-0.051370752805809126,-1.951431049437476,1.9902697921286447,1.990269792128654,-1.6024937108378294,1.9902697921286499,-3.5226532004367215,,-0.9871509002967636,-0.013458303292480557,-0.6525012928798218,-0.013756346314423767,-0.7806733815431877,-0.9875544615980635,
008_190℃_280_2.0mm.csv,2.0,280,1.48749,0.300196834,1.49902,0.300011044,0.01153,1.363296153,7.827357851,1.560495,6.065320189,1.563025,1.762037662,7.809351164,190,0.01153000000000004,1063285.1090000002,1517.7797051170805,80.0,121422.37640936644,13.343866456348348,4553.339115351241,0.01158999999999999,0.0003192569498069486,-0.0003192569498069486,1510.6809936800698,41.315913733367225,-41.315913733367225,120854.47949440556,3305.2730986693828,-3305.2730986693828,1072414.4370000002,31733.73603056297,-31733.73603056297,4530.907586569832,4657.005191940775,4408.224322696254,13.521148251957468,14.311675501645137,12.774286982009691,7.78803693,0.05142365529556752,-0.05142365529556752,1.5603449999999999,0.0001670329308848733,-0.0001670329308848733,6.022576484666668,0.04190605905106743,-0.04190605905106743,1.56288,0.0001653027525482308,-0.0001653027525482308,1.7654604456666665,0.019121093364028376,-0.019121093364028376,7.770026431333332,0.051370752805809126,-0.051370752805809126,0.0,0.0,0.0,0.0,0.0,0.0,,0.261926862480087,0.007690459024266472,0.7386418709116985,0.0070381306724968725,0.0,0.2635527945231916,
009_190℃_280_2.0mm.csv,2.0,280,1.48741,0.300196106,1.499345,0.300125923,0.011935,1.407838093,7.806909458,1.560375,6.020847687,1.562915,1.786061772,7.788823502,190,0.011935000000000029,1107712.1700000002,1466.2756598240433,80.0,117302.05278592346,14.389708570285752,4398.826979472129,0.01158999999999999,0.0003192569498069486,-0.0003192569498069486,1510.6809936800698,41.315913733367225,-41.315913733367225,120854.47949440556,3305.2730986693828,-3305.2730986693828,1072414.4370000002,31733.73603056297,-31733.73603056297,4530.907586569832,4657.005191940775,4408.224322696254,13.521148251957468,14.311675501645137,12.774286982009691,7.78803693,0.05142365529556752,-0.05142365529556752,1.5603449999999999,0.0001670329308848733,-0.0001670329308848733,6.022576484666668,0.04190605905106743,-0.04190605905106743,1.56288,0.0001653027525482308,-0.0001653027525482308,1.7654604456666665,0.019121093364028376,-0.019121093364028376,7.770026431333332,0.051370752805809126,-0.051370752805809126,3.5125758889851455,-3.393380812735554,-3.393380812735551,4.178283004619788,-3.3933808127355594,7.837624254998778,,0.0,0.0,0.0,0.0,1.3634277245091055,0.0,
010_190℃_320_2.0mm.csv,2.0,320,1.48793,0.300042638,1.498635,0.300053874,0.010705,1.303697831,7.741760014,1.559195,5.986860695,1.561695,1.754899319,7.723774182,190,0.010704999999999965,1003643.9569999999,1634.7501167678708,80.0,130780.00934142967,11.694158976527852,4904.250350303612,0.010661666666666644,0.00014494251734167146,-0.00014494251734167146,1641.5978022703887,22.442706155223284,-22.442706155223284,131327.82418163112,1795.4164924178613,-1795.4164924178613,999003.143,21281.16845320967,-21281.16845320967,4924.487728528828,4992.0848125983775,4857.80596660348,11.590488688282095,12.00321713699457,11.191951832576096,7.788426605000001,0.04042546770705224,-0.04042546770705224,1.5594166666666667,0.00019211541669859251,-0.00019211541669859251,6.033851241666667,0.04220068131962279,-0.04220068131962279,1.5619033333333334,0.00018181950757081692,-0.00018181950757081692,1.7545753636666668,0.01023224891053283,-0.01023224891053283,7.770669722,0.040633193126354245,-0.040633193126354245,0.0,0.0,0.0,0.0,0.0,0.0,,-0.8841108591588888,-0.0208397455627314,-0.9810137962473681,-0.018566119392945606,0.0,-0.886120923631386,
011_190℃_320_2.0mm.csv,2.0,320,1.48796,0.300111703,1.49874,0.30022581,0.01078,1.317806758,7.810816289,1.559535,6.046174501,1.56203,1.764641788,7.792828062,190,0.010780000000000012,1017580.948,1623.3766233766216,80.0,129870.12987012973,11.939616456533347,4870.129870129865,0.010661666666666644,0.00014494251734167146,-0.00014494251734167146,1641.5978022703887,22.442706155223284,-22.442706155223284,131327.82418163112,1795.4164924178613,-1795.4164924178613,999003.143,21281.16845320967,-21281.16845320967,4924.487728528828,4992.0848125983775,4857.80596660348,11.590488688282095,12.00321713699457,11.191951832576096,7.788426605000001,0.04042546770705224,-0.04042546770705224,1.5594166666666667,0.00019211541669859251,-0.00019211541669859251,6.033851241666667,0.04220068131962279,-0.04220068131962279,1.5619033333333334,0.00018181950757081692,-0.00018181950757081692,1.7545753636666668,0.01023224891053283,-0.01023224891053283,7.770669722,0.040633193126354245,-0.040633193126354245,0.7006071929009575,-0.6957328385904138,-0.6957328385904138,1.388638959343631,-0.6957328385904139,2.098975056677179,,0.0,0.0009618344105799363,0.0,0.0028809495609799555,0.5551582871176718,0.0,
012_190℃_320_2.0mm.csv,2.0,320,1.48794,0.300097027,1.49844,0.300102807,0.0105,1.275887331,7.812703512,1.55952,6.068518529,1.561985,1.744184984,7.795406922,190,0.010499999999999954,975784.5240000001,1666.666666666674,80.0,133333.33333333393,11.151823131428523,5000.000000000022,0.010661666666666644,0.00014494251734167146,-0.00014494251734167146,1641.5978022703887,22.442706155223284,-22.442706155223284,131327.82418163112,1795.4164924178613,-1795.4164924178613,999003.143,21281.16845320967,-21281.16845320967,4924.487728528828,4992.0848125983775,4857.80596660348,11.590488688282095,12.00321713699457,11.191951832576096,7.788426605000001,0.04042546770705224,-0.04042546770705224,1.5594166666666667,0.00019211541669859251,-0.00019211541669859251,6.033851241666667,0.04220068131962279,-0.04220068131962279,1.5619033333333334,0.00018181950757081692,-0.00018181950757081692,1.7545753636666668,0.01023224891053283,-0.01023224891053283,7.770669722,0.040633193126354245,-0.040633193126354245,-1.9149929939281778,1.9523809523810676,1.9523809523810676,-2.7758283010316425,1.9523809523810676,-4.637664377471593,,0.02416166160069024,0.0,0.3695564525354743,0.0,-0.6105384442285405,0.033092735775540706,
001_210℃_003_2.0mm.csv,2.0,3,0.5489,0.300002319,1.61408,0.300012674,1.06518,1.663768768,14.86148837,6.81744,11.84484187,6.8201,3.0166465,14.8583947,210,1.0651799999999998,1363756.094,16.4291481251995,80.0,1314.33185001596,1581.1109836265796,49.2874443755985,1.06606,0.009151786710801224,-0.009151786710801224,16.41639195184906,0.14076171275515761,-0.14076171275515761,1313.311356147925,11.26093702041257,-11.26093702041257,1358640.115,22573.733323973942,-22573.733323973942,49.247967939953845,49.672316156487014,48.827244909898944,1576.2966684626763,1616.2255488647202,1537.3542317480749,14.710467603333333,0.20076298522972652,-0.20076298522972652,6.815846666666666,0.024309194419670294,-0.024309194419670294,11.732823736666667,0.15515452486368544,-0.15515452486368544,6.81824,0.02468261736526364,-0.02468261736526364,2.9776438656666664,0.046002542421130915,-0.046002542421130915,14.707860310000001,0.19994026455139102,-0.19994026455139102,0.0,0.0,0.0,0.0,0.0,0.0,,0.5018817620130172,0.0,0.39787543833687117,0.0,0.9123546192248831,0.5019407614575274,
002_210℃_003_2.0mm.csv,2.0,3,0.54818,0.300013039,1.6238,0.300003965,1.07562,1.678220758,14.78727374,6.83932,11.79790092,6.84194,2.989372819,14.78418684,210,1.0756199999999998,1378216.793,16.269686320447743,80.0,1301.5749056358195,1613.5374659990855,48.80905896134323,1.06606,0.009151786710801224,-0.009151786710801224,16.41639195184906,0.14076171275515761,-0.14076171275515761,1313.311356147925,11.26093702041257,-11.26093702041257,1358640.115,22573.733323973942,-22573.733323973942,49.247967939953845,49.672316156487014,48.827244909898944,1576.2966684626763,1616.2255488647202,1537.3542317480749,14.710467603333333,0.20076298522972652,-0.20076298522972652,6.815846666666666,0.024309194419670294,-0.024309194419670294,11.732823736666667,0.15515452486368544,-0.15515452486368544,6.81824,0.02468261736526364,-0.02468261736526364,2.9776438656666664,0.046002542421130915,-0.046002542421130915,14.707860310000001,0.19994026455139102,-0.19994026455139102,0.9801160367261876,-0.9706030010598662,-0.9706030010598662,1.0603581581502375,-0.9706030010598518,2.050866935231175,,0.0,0.32094158511111875,0.0,0.320229908652367,0.0,0.0,
003_210℃_003_2.0mm.csv,2.0,3,0.5347,0.300001219,1.59208,0.300002291,1.05738,1.633949749,14.4826407,6.79078,11.55572842,6.79268,2.926912278,14.48099939,210,1.05738,1333947.4579999999,16.550341409899943,80.0,1324.0273127919954,1535.2265177034444,49.65102422969983,1.06606,0.009151786710801224,-0.009151786710801224,16.41639195184906,0.14076171275515761,-0.14076171275515761,1313.311356147925,11.26093702041257,-11.26093702041257,1358640.115,22573.733323973942,-22573.733323973942,49.247967939953845,49.672316156487014,48.827244909898944,1576.2966684626763,1616.2255488647202,1537.3542317480749,14.710467603333333,0.20076298522972652,-0.20076298522972652,6.815846666666666,0.024309194419670294,-0.024309194419670294,11.732823736666667,0.15515452486368544,-0.15515452486368544,6.81824,0.02468261736526364,-0.02468261736526364,2.9776438656666664,0.046002542421130915,-0.046002542421130915,14.707860310000001,0.19994026455139102,-0.19994026455139102,-0.732270602151731,0.7376723599840999,0.7376723599840955,-2.185774724024821,0.7376723599841072,-2.90203954044329,,-2.0601027975559787,-0.3910558802131089,-2.0526744684680787,-0.4020468908080559,-2.0894195800206106,-2.0507549943815584,
004_210℃_005_2.0mm.csv,2.0,5,0.86144,0.300023622,1.49666,0.300017928,0.63522,1.492954429,10.78982214,4.424,8.623181439,4.42632,2.166640698,10.7872252,210,0.6352200000000001,1192936.5010000002,27.54951040584364,80.0,2203.9608324674914,824.7914276628246,82.64853121753092,0.6332866666666668,0.011225566058481644,-0.011225566058481644,27.639431111638974,0.4921826260563698,-0.4921826260563698,2211.1544889311176,39.374610084509406,-39.374610084509406,1188931.285,24594.892174239514,-24594.892174239514,82.90955555057099,84.39580046411402,81.44948402398424,819.3169753647602,851.4823800748577,788.3666436665944,10.825898296666667,0.03335033606973752,-0.03335033606973752,4.441533333333333,0.01776433880934861,-0.01776433880934861,8.659281647333332,0.031314612589934746,-0.031314612589934746,4.44338,0.017100140350301447,-0.017100140350301447,2.166616647,0.00988242844999107,-0.00988242844999107,10.824088573333333,0.03433195988683069,-0.03433195988683069,0.0,0.0,0.0,0.0,0.0,0.0,,-0.39185548363294254,-0.3845911354895652,-0.6035968270875457,-0.3821484032138325,0.0,-0.393961865639628,
005_210℃_005_2.0mm.csv,2.0,5,0.86254,0.300016125,1.48376,0.300009366,0.62122,1.462588969,10.83226898,4.44108,8.675546764,4.4433,2.156722215,10.82989084,210,0.62122,1162579.603,28.170374424519494,80.0,2253.6299539615593,786.0872935789497,84.51112327355847,0.6332866666666668,0.011225566058481644,-0.011225566058481644,27.639431111638974,0.4921826260563698,-0.4921826260563698,2211.1544889311176,39.374610084509406,-39.374610084509406,1188931.285,24594.892174239514,-24594.892174239514,82.90955555057099,84.39580046411402,81.44948402398424,819.3169753647602,851.4823800748577,788.3666436665944,10.825898296666667,0.03335033606973752,-0.03335033606973752,4.441533333333333,0.01776433880934861,-0.01776433880934861,8.659281647333332,0.031314612589934746,-0.031314612589934746,4.44338,0.017100140350301447,-0.017100140350301447,2.166616647,0.00988242844999107,-0.00988242844999107,10.824088573333333,0.03433195988683069,-0.03433195988683069,-2.2039608324675104,2.2536299539615734,2.253629953961558,-2.5447203580872135,2.253629953961565,-4.692596550566623,,0.0,0.0,0.0,0.0,-0.4577816252208288,0.0,
006_210℃_005_2.0mm.csv,2.0,5,0.86134,0.300008359,1.50476,0.300031999,0.64342,1.51130975,10.85560377,4.45952,8.679116739,4.46052,2.176487028,10.85514968,210,0.6434200000000001,1211277.751,27.198408504553786,80.0,2175.872680364303,848.2833529778721,81.59522551366136,0.6332866666666668,0.011225566058481644,-0.011225566058481644,27.639431111638974,0.4921826260563698,-0.4921826260563698,2211.1544889311176,39.374610084509406,-39.374610084509406,1188931.285,24594.892174239514,-24594.892174239514,82.90955555057099,84.39580046411402,81.44948402398424,819.3169753647602,851.4823800748577,788.3666436665944,10.825898296666667,0.03335033606973752,-0.03335033606973752,4.441533333333333,0.01776433880934861,-0.01776433880934861,8.659281647333332,0.031314612589934746,-0.031314612589934746,4.44338,0.017100140350301447,-0.017100140350301447,2.166616647,0.00988242844999107,-0.00988242844999107,10.824088573333333,0.03433195988683069,-0.03433195988683069,1.2908913447309567,-1.2744397127848102,-1.2744397127848075,1.5374875347199861,-1.2744397127847973,2.8482261729629714,,0.21541922604658056,0.4152143172381495,0.04114985599309437,0.3875497940719739,0.45445144684528543,0.23323263708908368,
001_210℃_010_2.0mm.csv,2.0,10,1.15078,0.300022902,1.46802,0.300002757,0.31724,1.372597229,8.923333846,2.87252,7.088130862,2.87372,1.835202984,8.922368096,210,0.3172400000000002,1072594.472,55.163283318623094,80.0,4413.062665489848,370.3617635888764,165.4898499558693,0.311052,0.006325023320115196,-0.006325023320115196,56.27958466158676,1.1616805103780097,-1.1616805103780097,4502.366772926941,92.93444083024076,-92.93444083024076,1045391.7028000001,23659.250781833936,-23659.250781833936,168.8102673566342,172.30448307653268,165.3869119143047,353.7956521963081,369.4051787952483,338.8457192756094,8.8833902746,0.034039895220282175,-0.034039895220282175,2.868748,0.004148291214464099,-0.004148291214464099,7.075932143200001,0.01763565393205813,-0.01763565393205813,2.870176,0.00419862834744875,-0.00419862834744875,1.807458131,0.019492150413403155,-0.019492150413403155,8.8819822294,0.03394139630253454,-0.03394139630253454,1.986754966887513,-1.9480519480520386,-1.9480519480520309,2.7779490619337985,-1.948051948052034,4.819895069786879,,0.4761782379256502,0.09826811164931062,0.25925154973463493,0.0912542231200531,1.3714529412554104,0.4800122714885758,
002_210℃_010_2.0mm.csv,2.0,10,1.14812,0.300040424,1.45918,0.300006276,0.31106,1.343609969,8.910618963,2.8718,7.100244414,2.87362,1.810374549,8.908367724,210,0.3110599999999999,1043603.6930000001,56.25924258985407,80.0,4500.7394071883255,353.3315534634883,168.7777277695622,0.311052,0.006325023320115196,-0.006325023320115196,56.27958466158676,1.1616805103780097,-1.1616805103780097,4502.366772926941,92.93444083024076,-92.93444083024076,1045391.7028000001,23659.250781833936,-23659.250781833936,168.8102673566342,172.30448307653268,165.3869119143047,353.7956521963081,369.4051787952483,338.8457192756094,8.8833902746,0.034039895220282175,-0.034039895220282175,2.868748,0.004148291214464099,-0.004148291214464099,7.075932143200001,0.01763565393205813,-0.01763565393205813,2.870176,0.00419862834744875,-0.00419862834744875,1.807458131,0.019492150413403155,-0.019492150413403155,8.8819822294,0.03394139630253454,-0.03394139630253454,0.0,0.0,0.0,0.0,0.0,0.0,,0.3330094545280474,0.07317838101543683,0.4305937104218435,0.08777123750477633,0.0,0.32234588345913956,
003_210℃_010_2.0mm.csv,2.0,10,1.15108,0.30003046,1.452,0.300007649,0.30092,1.309220863,8.841198521,2.8622,7.05914657,2.86358,1.78205195,8.83987749,210,0.30091999999999985,1009213.2139999998,58.154991359829886,80.0,4652.399308786391,330.5495949462637,174.46497407948965,0.311052,0.006325023320115196,-0.006325023320115196,56.27958466158676,1.1616805103780097,-1.1616805103780097,4502.366772926941,92.93444083024076,-92.93444083024076,1045391.7028000001,23659.250781833936,-23659.250781833936,168.8102673566342,172.30448307653268,165.3869119143047,353.7956521963081,369.4051787952483,338.8457192756094,8.8833902746,0.034039895220282175,-0.034039895220282175,2.868748,0.004148291214464099,-0.004148291214464099,7.075932143200001,0.01763565393205813,-0.01763565393205813,2.870176,0.00419862834744875,-0.00419862834744875,1.807458131,0.019492150413403155,-0.019492150413403155,8.8819822294,0.03394139630253454,-0.03394139630253454,-3.2598212563492703,3.3696663565067295,3.3696663565067313,-3.2953581163688233,3.369666356506725,-6.44775658836787,,-0.4486603590331812,-0.26135136076941284,-0.15072161232955675,-0.261920518268274,-1.5644607363511938,-0.448962751059358,
004_210℃_010_2.0mm.csv,2.0,10,1.14914,0.300037037,1.46454,0.300019943,0.3154,1.358825975,8.881044246,2.8697,7.06980229,2.8711,1.811241956,8.879744234,210,0.3153999999999999,1058806.0320000001,55.48509828788841,80.0,4438.807863031073,363.48018774726523,166.45529486366522,0.311052,0.006325023320115196,-0.006325023320115196,56.27958466158676,1.1616805103780097,-1.1616805103780097,4502.366772926941,92.93444083024076,-92.93444083024076,1045391.7028000001,23659.250781833936,-23659.250781833936,168.8102673566342,172.30448307653268,165.3869119143047,353.7956521963081,369.4051787952483,338.8457192756094,8.8833902746,0.034039895220282175,-0.034039895220282175,2.868748,0.004148291214464099,-0.004148291214464099,7.075932143200001,0.01763565393205813,-0.01763565393205813,2.870176,0.00419862834744875,-0.00419862834744875,1.807458131,0.019492150413403155,-0.019492150413403155,8.8819822294,0.03394139630253454,-0.03394139630253454,1.3952292162283841,-1.3760304375396388,-1.3760304375396413,1.4567157151675618,-1.3760304375396515,2.87226945465136,,0.0,0.0,0.0,0.0,0.04791312386041921,0.0,
005_210℃_010_2.0mm.csv,2.0,10,1.1499,0.300030345,1.46054,0.300005402,0.31064,1.342746505,8.860755797,2.86752,7.06233658,2.86886,1.798419216,8.859553603,210,0.31064,1042741.103,56.33530775173834,80.0,4506.8246201390675,352.56282583501496,169.005923255215,0.311052,0.006325023320115196,-0.006325023320115196,56.27958466158676,1.1616805103780097,-1.1616805103780097,4502.366772926941,92.93444083024076,-92.93444083024076,1045391.7028000001,23659.250781833936,-23659.250781833936,168.8102673566342,172.30448307653268,165.3869119143047,353.7956521963081,369.4051787952483,338.8457192756094,8.8833902746,0.034039895220282175,-0.034039895220282175,2.868748,0.004148291214464099,-0.004148291214464099,7.075932143200001,0.01763565393205813,-0.01763565393205813,2.870176,0.00419862834744875,-0.00419862834744875,1.807458131,0.019492150413403155,-0.019492150413403155,8.8819822294,0.03394139630253454,-0.03394139630253454,-0.13502218221560636,0.1352047386041253,0.13520473860413035,-0.08265493939758257,0.1352047386041169,-0.21756551911030894,,-0.22844666052799437,-0.07596612886364675,-0.10559998276840013,-0.07801887778203545,-0.660378981056917,-0.22737851978541773,
006_210℃_020_2.0mm.csv,2.0,20,1.324965,0.300025961,1.479735,0.300007431,0.15477,1.342355151,7.483245057,2.10141,5.828111457,2.102645,1.6551336,7.481498977,210,0.15477000000000007,1042347.72,113.0710085933966,80.0,9045.680687471728,175.59091877485722,339.21302578018975,0.15322000000000005,0.0021856263404342983,-0.0021856263404342983,114.23352769789668,1.636338438893879,-1.636338438893879,9138.682215831734,130.90707511151058,-130.90707511151058,1030630.3973999999,17111.934547590594,-17111.934547590594,342.6725329801957,347.60629548919945,337.8087980075487,171.8452402414255,177.237305858002,166.6172166783699,7.4825069392,0.026533781817089333,-0.026533781817089333,2.101671,0.002342387670732723,-0.002342387670732723,5.837323658,0.03307897059712988,-0.03307897059712988,2.102926,0.002338240257116482,-0.002338240257116482,1.6451832812,0.011629886620777713,-0.011629886620777713,7.4807142048,0.0265420801529132,-0.0265420801529132,0.3111024693758739,-0.3101376235704812,-0.3101376235704912,0.1283176471760424,-0.31013762357051455,0.43981931592092116,,0.0420270372720172,-0.0019034476194921583,-0.009567295554877824,-0.0011889645070287651,0.22412732418120668,0.04217794310262855,
007_210℃_020_2.0mm.csv,2.0,20,1.324795,0.300027551,1.47558,0.300014307,0.150785,1.309222777,7.476779467,2.10145,5.848115141,2.10267,1.628664326,7.47509723,210,0.15078499999999995,1009208.4699999999,116.05928971714697,80.0,9284.743177371758,165.63101948185027,348.1778691514409,0.15322000000000005,0.0021856263404342983,-0.0021856263404342983,114.23352769789668,1.636338438893879,-1.636338438893879,9138.682215831734,130.90707511151058,-130.90707511151058,1030630.3973999999,17111.934547590594,-17111.934547590594,342.6725329801957,347.60629548919945,337.8087980075487,171.8452402414255,177.237305858002,166.6172166783699,7.4825069392,0.026533781817089333,-0.026533781817089333,2.101671,0.002342387670732723,-0.002342387670732723,5.837323658,0.03307897059712988,-0.03307897059712988,2.102926,0.002338240257116482,-0.002338240257116482,1.6451832812,0.011629886620777713,-0.011629886620777713,7.4807142048,0.0265420801529132,-0.0265420801529132,-2.2716961565883014,2.3245017740492018,2.3245017740492013,-3.0550512871266013,2.3245017740491845,-5.257345961043438,,-0.044410160048801606,0.0,0.3336274140179113,0.0,-1.3786797770429173,-0.043425852940063764,
008_210℃_020_2.0mm.csv,2.0,20,1.325075,0.300008946,1.479365,0.30001847,0.15429,1.341030388,7.480101392,2.10177,5.828669103,2.10301,1.651432289,7.478344765,210,0.15429000000000004,1041011.9180000002,113.42277529327886,80.0,9073.82202346231,174.82201777221232,340.26832587983665,0.15322000000000005,0.0021856263404342983,-0.0021856263404342983,114.23352769789668,1.636338438893879,-1.636338438893879,9138.682215831734,130.90707511151058,-130.90707511151058,1030630.3973999999,17111.934547590594,-17111.934547590594,342.6725329801957,347.60629548919945,337.8087980075487,171.8452402414255,177.237305858002,166.6172166783699,7.4825069392,0.026533781817089333,-0.026533781817089333,2.101671,0.002342387670732723,-0.002342387670732723,5.837323658,0.03307897059712988,-0.03307897059712988,2.102926,0.002338240257116482,-0.002338240257116482,1.6451832812,0.011629886620777713,-0.011629886620777713,7.4807142048,0.0265420801529132,-0.0265420801529132,0.0,0.0,0.0,0.0,0.0,0.0,,0.0,0.015227580956021796,0.0,0.01616991729562922,0.0,0.0,
009_210℃_020_2.0mm.csv,2.0,20,1.324925,0.300010669,1.47586,0.300012869,0.150935,1.315022899,7.523283283,2.10516,5.886003411,2.10644,1.637279872,7.52142443,210,0.15093500000000004,1015010.03,115.94394938218436,80.0,9275.515950574749,166.7488858536599,347.83184814655306,0.15322000000000005,0.0021856263404342983,-0.0021856263404342983,114.23352769789668,1.636338438893879,-1.636338438893879,9138.682215831734,130.90707511151058,-130.90707511151058,1030630.3973999999,17111.934547590594,-17111.934547590594,342.6725329801957,347.60629548919945,337.8087980075487,171.8452402414255,177.237305858002,166.6172166783699,7.4825069392,0.026533781817089333,-0.026533781817089333,2.101671,0.002342387670732723,-0.002342387670732723,5.837323658,0.03307897059712988,-0.03307897059712988,2.102926,0.002338240257116482,-0.002338240257116482,1.6451832812,0.011629886620777713,-0.011629886620777713,7.4807142048,0.0265420801529132,-0.0265420801529132,-2.1744766349082867,2.222811143869881,2.2228111438698757,-2.4977512313168493,2.2228111438698557,-4.617914849302018,,0.5772901828066517,0.17654476670871658,0.9836603688909002,0.17929584766036866,-0.856978339001099,0.5760588252312221,
010_210℃_020_2.0mm.csv,2.0,20,1.32483,0.30001457,1.48015,0.300013887,0.15532,1.345587736,7.449125497,2.098565,5.795719178,2.099865,1.653406319,7.447205622,210,0.15532000000000012,1045573.8489999999,112.6706155034766,80.0,9013.649240278128,176.7603050086314,338.0118465104298,0.15322000000000005,0.0021856263404342983,-0.0021856263404342983,114.23352769789668,1.636338438893879,-1.636338438893879,9138.682215831734,130.90707511151058,-130.90707511151058,1030630.3973999999,17111.934547590594,-17111.934547590594,342.6725329801957,347.60629548919945,337.8087980075487,171.8452402414255,177.237305858002,166.6172166783699,7.4825069392,0.026533781817089333,-0.026533781817089333,2.101671,0.002342387670732723,-0.002342387670732723,5.837323658,0.03307897059712988,-0.03307897059712988,2.102926,0.002338240257116482,-0.002338240257116482,1.6451832812,0.011629886620777713,-0.011629886620777713,7.4807142048,0.0265420801529132,-0.0265420801529132,0.6675740488690687,-0.6631470512490929,-0.6631470512491003,0.43822082351988484,-0.6631470512491136,1.1087203208835024,,-0.4141106300127019,-0.13728615955649798,-0.5653078673318623,-0.1334018176889358,0.11953441949444407,-0.4163908455482912,
011_210℃_040_2.0mm.csv,2.0,40,1.424565,0.300022276,1.496945,0.300060563,0.07238,1.449142942,7.217419178,1.78674,5.608204583,1.787895,1.609214595,7.214671498,210,0.07237999999999989,1149082.379,241.7794970986464,80.0,19342.359767891714,90.52580418179032,725.3384912959393,0.07267099999999997,0.0010663864215189455,-0.0010663864215189455,240.8528743496996,3.539476627795175,-3.539476627795175,19268.229947975968,283.1581302236138,-283.1581302236138,1154744.6013999998,16981.5112490892,-16981.5112490892,722.4962701691004,733.1842599944381,711.9640844611444,91.32183010833504,94.03947175628237,88.68272544053791,7.2604526124,0.04739074075686361,-0.04739074075686361,1.7886209999999998,0.002020567370814502,-0.002020567370814502,5.6420375992,0.04119797813754549,-0.04119797813754549,1.7897729999999998,0.0020373346558677703,-0.0020373346558677703,1.6184150132,0.01599522284957713,-0.01599522284957713,7.2577112752,0.04731455748141219,-0.04731455748141219,-0.3716448726775143,0.37303122409535366,0.3730312240953607,-0.42569504368286015,0.37303122409537337,-0.7957578425573064,,-0.8047725598442922,-0.12493187439734971,-0.8848213068259614,-0.12289850538658449,-0.3397765963193877,-0.8069733063165937,
012_210℃_040_2.0mm.csv,2.0,40,1.42458,0.300057499,1.49723,0.300036633,0.07265,1.454031511,7.203303506,1.78633,5.588602535,1.78746,1.614700971,7.200674741,210,0.0726500000000001,1153994.878,240.8809359944938,80.0,19270.474879559504,91.25194872021783,722.6428079834814,0.07267099999999997,0.0010663864215189455,-0.0010663864215189455,240.8528743496996,3.539476627795175,-3.539476627795175,19268.229947975968,283.1581302236138,-283.1581302236138,1154744.6013999998,16981.5112490892,-16981.5112490892,722.4962701691004,733.1842599944381,711.9640844611444,91.32183010833504,94.03947175628237,88.68272544053791,7.2604526124,0.04739074075686361,-0.04739074075686361,1.7886209999999998,0.002020567370814502,-0.002020567370814502,5.6420375992,0.04119797813754549,-0.04119797813754549,1.7897729999999998,0.0020373346558677703,-0.0020373346558677703,1.6184150132,0.01599522284957713,-0.01599522284957713,7.2577112752,0.04731455748141219,-0.04731455748141219,0.0,0.0,0.0,0.0,0.0,0.0,,-0.9987764357420258,-0.14785002585279328,-1.2312531214144569,-0.14719889167893005,0.0,-0.9994118242880483,
013_210℃_040_2.0mm.csv,2.0,40,1.424635,0.300048752,1.495805,0.300022073,0.07117,1.430298373,7.275974222,1.788975,5.676416037,1.790095,1.599558185,7.273365617,210,0.07116999999999996,1130276.3,245.89012224251806,80.0,19671.209779401444,87.55566179156457,737.6703667275542,0.07267099999999997,0.0010663864215189455,-0.0010663864215189455,240.8528743496996,3.539476627795175,-3.539476627795175,19268.229947975968,283.1581302236138,-283.1581302236138,1154744.6013999998,16981.5112490892,-16981.5112490892,722.4962701691004,733.1842599944381,711.9640844611444,91.32183010833504,94.03947175628237,88.68272544053791,7.2604526124,0.04739074075686361,-0.04739074075686361,1.7886209999999998,0.002020567370814502,-0.002020567370814502,5.6420375992,0.04119797813754549,-0.04119797813754549,1.7897729999999998,0.0020373346558677703,-0.0020373346558677703,1.6184150132,0.01599522284957713,-0.01599522284957713,7.2577112752,0.04731455748141219,-0.04731455748141219,-2.0371644872679227,2.0795278909655046,2.0795278909654997,-2.0553451711247526,2.0795278909655126,-4.0506388964757525,,0.0,0.0,0.3206964934028373,0.0,-0.9378074499219436,0.0,
014_210℃_040_2.0mm.csv,2.0,40,1.424865,0.300014872,1.49791,0.300004763,0.073045,1.465426535,7.307309412,1.790785,5.678694678,1.79197,1.628614734,7.304421585,210,0.07304500000000003,1165421.7719999999,239.57834211787247,80.0,19166.2673694298,92.65658050148573,718.7350263536175,0.07267099999999997,0.0010663864215189455,-0.0010663864215189455,240.8528743496996,3.539476627795175,-3.539476627795175,19268.229947975968,283.1581302236138,-283.1581302236138,1154744.6013999998,16981.5112490892,-16981.5112490892,722.4962701691004,733.1842599944381,711.9640844611444,91.32183010833504,94.03947175628237,88.68272544053791,7.2604526124,0.04739074075686361,-0.04739074075686361,1.7886209999999998,0.002020567370814502,-0.002020567370814502,5.6420375992,0.04119797813754549,-0.04119797813754549,1.7897729999999998,0.0020373346558677703,-0.0020373346558677703,1.6184150132,0.01599522284957713,-0.01599522284957713,7.2577112752,0.04731455748141219,-0.04731455748141219,0.5437026841017517,-0.5407625436373701,-0.540762543637363,0.9902031818203489,-0.5407625436373504,1.5392896271997076,,0.4306665890218992,0.10117525398622615,0.36096747613004,0.10474304436357126,0.861692861396063,0.42698208278452937,
015_210℃_040_2.0mm.csv,2.0,40,1.424395,0.300036395,1.498505,0.300067034,0.07411,1.475014712,7.298256744,1.790275,5.658270163,1.791445,1.639986581,7.295422935,210,0.0741099999999999,1174947.6779999998,236.13547429496725,80.0,18890.83794359738,94.77591555546108,708.4064228849018,0.07267099999999997,0.0010663864215189455,-0.0010663864215189455,240.8528743496996,3.539476627795175,-3.539476627795175,19268.229947975968,283.1581302236138,-283.1581302236138,1154744.6013999998,16981.5112490892,-16981.5112490892,722.4962701691004,733.1842599944381,711.9640844611444,91.32183010833504,94.03947175628237,88.68272544053791,7.2604526124,0.04739074075686361,-0.04739074075686361,1.7886209999999998,0.002020567370814502,-0.002020567370814502,5.6420375992,0.04119797813754549,-0.04119797813754549,1.7897729999999998,0.0020373346558677703,-0.0020373346558677703,1.6184150132,0.01599522284957713,-0.01599522284957713,7.2577112752,0.04731455748141219,-0.04731455748141219,2.009635237439494,-1.9700445284034511,-1.9700445284034533,1.815675303196607,-1.970044528403447,3.861798991326621,,0.3062479514100643,0.07266730949287044,0.0,0.07541499194176635,1.565962395151125,0.30326150452888434,
016_210℃_080_2.0mm.csv,2.0,80,1.46759,0.300133502,1.50361,0.300060252,0.03602,1.642458688,7.3821181,1.639475,5.717307285,1.640925,1.664810815,7.375479389,210,0.03601999999999994,1342398.436,485.8411993337043,80.0,38867.295946696344,52.62932426091964,1457.523598001113,0.036460999999999945,0.0005379172798859846,-0.0005379172798859846,480.0471394440764,6.968675215054285,-6.968675215054285,38403.77115552611,557.4940172043424,-557.4940172043424,1360252.6121999999,21024.26826737637,-21024.26826737637,1440.0187096586023,1461.248109928152,1419.0977357491915,53.972476761992134,55.61349590146836,52.37988011012392,7.3886992828,0.04854895780531659,-0.04854895780531659,1.639489,0.0009884672478135013,-0.0009884672478135013,5.7073315524,0.033181871294157284,-0.033181871294157284,1.64094,0.0009787364303018595,-0.0009787364303018595,1.6813677303999999,0.01924988545928954,-0.01924988545928954,7.3820095328,0.0485977112035751,-0.0485977112035751,-0.853289292595741,0.8606329816769467,0.8606329816769467,-0.8664866987601235,0.8606329816769467,-1.712382353133595,,0.022314198562787192,0.01220051547177734,0.23351352940908493,0.01127540012432681,-0.6853433362571106,0.02530437741782422,
017_210℃_080_2.0mm.csv,2.0,80,1.46761,0.300002297,1.505,0.300107853,0.03739,1.696683148,7.470542798,1.64113,5.755830759,1.642565,1.714712039,7.463936693,210,0.03738999999999981,1396575.295,468.0395827761457,80.0,37443.16662209166,56.83586425039426,1404.118748328437,0.036460999999999945,0.0005379172798859846,-0.0005379172798859846,480.0471394440764,6.968675215054285,-6.968675215054285,38403.77115552611,557.4940172043424,-557.4940172043424,1360252.6121999999,21024.26826737637,-21024.26826737637,1440.0187096586023,1461.248109928152,1419.0977357491915,53.972476761992134,55.61349590146836,52.37988011012392,7.3886992828,0.04854895780531659,-0.04854895780531659,1.639489,0.0009884672478135013,-0.0009884672478135013,5.7073315524,0.033181871294157284,-0.033181871294157284,1.64094,0.0009787364303018595,-0.0009787364303018595,1.6813677303999999,0.01924988545928954,-0.01924988545928954,7.3820095328,0.0485977112035751,-0.0485977112035751,2.9176988714556553,-2.8349826156722138,-2.8349826156722067,3.1343689550197738,-2.8349826156722253,6.143519274103265,,1.2204043410476522,0.11315978100074361,0.9088914581955061,0.1112302985238347,2.2915251967963055,1.2249509753327912,
018_210℃_080_2.0mm.csv,2.0,80,1.467615,0.30006411,1.503995,0.300021048,0.03638,1.6569523,7.380471207,1.639275,5.703987702,1.64074,1.676483505,7.373613542,210,0.03638000000000008,1356931.2519999999,481.03353490928976,80.0,38482.68279274318,53.7307852492627,1443.1006047278693,0.036460999999999945,0.0005379172798859846,-0.0005379172798859846,480.0471394440764,6.968675215054285,-6.968675215054285,38403.77115552611,557.4940172043424,-557.4940172043424,1360252.6121999999,21024.26826737637,-21024.26826737637,1440.0187096586023,1461.248109928152,1419.0977357491915,53.972476761992134,55.61349590146836,52.37988011012392,7.3886992828,0.04854895780531659,-0.04854895780531659,1.639489,0.0009884672478135013,-0.0009884672478135013,5.7073315524,0.033181871294157284,-0.033181871294157284,1.64094,0.0009787364303018595,-0.0009787364303018595,1.6813677303999999,0.01924988545928954,-0.01924988545928954,7.3820095328,0.0485977112035751,-0.0485977112035751,0.1376273052576536,-0.13743815283151395,-0.13743815283151162,0.20673349399676025,-0.13743815283151786,0.3446453209912654,,0.0,0.0,0.0,0.0,0.010993562354578094,0.0,
019_210℃_080_2.0mm.csv,2.0,80,1.46758,0.300128997,1.50391,0.300116921,0.03633,1.654248729,7.341546993,1.63849,5.665247774,1.639955,1.67629922,7.334776096,210,0.03632999999999997,1354131.808,481.69556840077104,80.0,38535.64547206168,53.54624063634282,1445.0867052023132,0.036460999999999945,0.0005379172798859846,-0.0005379172798859846,480.0471394440764,6.968675215054285,-6.968675215054285,38403.77115552611,557.4940172043424,-557.4940172043424,1360252.6121999999,21024.26826737637,-21024.26826737637,1440.0187096586023,1461.248109928152,1419.0977357491915,53.972476761992134,55.61349590146836,52.37988011012392,7.3886992828,0.04854895780531659,-0.04854895780531659,1.639489,0.0009884672478135013,-0.0009884672478135013,5.7073315524,0.033181871294157284,-0.033181871294157284,1.64094,0.0009787364303018595,-0.0009787364303018595,1.6813677303999999,0.01924988545928954,-0.01924988545928954,7.3820095328,0.0485977112035751,-0.0485977112035751,0.0,0.0,0.0,0.0,0.0,0.0,,-0.5273947002609121,-0.0478870232267335,-0.6791727125641694,-0.047844265392447044,0.0,-0.5267084554782122,
020_210℃_080_2.0mm.csv,2.0,80,1.46764,0.300111788,1.503825,0.300142215,0.036185,1.651368485,7.368817316,1.639075,5.694284242,1.640515,1.674533073,7.362241944,210,0.03618499999999991,1351226.2700000003,483.625811800471,80.0,38690.06494403768,53.21809260402709,1450.877435401413,0.036460999999999945,0.0005379172798859846,-0.0005379172798859846,480.0471394440764,6.968675215054285,-6.968675215054285,38403.77115552611,557.4940172043424,-557.4940172043424,1360252.6121999999,21024.26826737637,-21024.26826737637,1440.0187096586023,1461.248109928152,1419.0977357491915,53.972476761992134,55.61349590146836,52.37988011012392,7.3886992828,0.04854895780531659,-0.04854895780531659,1.639489,0.0009884672478135013,-0.0009884672478135013,5.7073315524,0.033181871294157284,-0.033181871294157284,1.64094,0.0009787364303018595,-0.0009787364303018595,1.6813677303999999,0.01924988545928954,-0.01924988545928954,7.3820095328,0.0485977112035751,-0.0485977112035751,-0.3991191852465231,0.40071852977771455,0.40071852977771455,-0.21456832952554866,0.40071852977771455,-0.6128311314034826,,-0.15790172027155658,-0.01220051547177734,-0.1701171269460757,-0.013713324475550162,-0.10535988914913917,-0.15422015183231044,
021_210℃_120_2.0mm.csv,2.0,120,1.478275,0.300043826,1.50344,0.300012544,0.025165,1.727419037,7.150496451,1.589785,5.450857258,1.592015,1.699639193,7.136345929,210,0.025165000000000104,1427406.4929999998,695.4102920723197,80.0,55632.82336578558,39.09734356064778,2086.230876216959,0.02477000000000005,0.0002651178983018972,-0.0002651178983018972,706.5641383590967,7.514269007122803,-7.514269007122803,56525.13106872772,601.1415205698227,-601.1415205698227,1400477.3878,17766.9972686651,-17766.9972686651,2119.5961083278435,2142.331595791399,2097.101901154986,37.753491147136955,38.642542056765244,36.88489467652435,7.2015944904,0.05202123081339956,-0.05202123081339956,1.5903839999999998,0.0006605811835042896,-0.0006605811835042896,5.514450388599999,0.05521948106628059,-0.05521948106628059,1.592601,0.0006410869675793269,-0.0006410869675793269,1.687144102,0.009531569874122672,-0.009531569874122672,7.1875615781999995,0.05224147550953217,-0.05224147550953217,2.172147787252033,-2.1259686071932267,-2.1259686071932204,2.3942060293327834,-2.125968607193237,4.618359509873231,,-0.6852776880931549,-0.03772671397176998,-0.9999665519691727,-0.03547702470206512,0.825581471273794,-0.6922109678615298,
022_210℃_120_2.0mm.csv,2.0,120,1.47824,0.300164905,1.50316,0.300060534,0.02492,1.708906284,7.199835316,1.590385,5.505914562,1.59258,1.693920754,7.186088824,210,0.024920000000000053,1408845.75,702.2471910112345,80.0,56179.77528089876,38.21326377142865,2106.7415730337034,0.02477000000000005,0.0002651178983018972,-0.0002651178983018972,706.5641383590967,7.514269007122803,-7.514269007122803,56525.13106872772,601.1415205698227,-601.1415205698227,1400477.3878,17766.9972686651,-17766.9972686651,2119.5961083278435,2142.331595791399,2097.101901154986,37.753491147136955,38.642542056765244,36.88489467652435,7.2015944904,0.05202123081339956,-0.05202123081339956,1.5903839999999998,0.0006605811835042896,-0.0006605811835042896,5.514450388599999,0.05521948106628059,-0.05521948106628059,1.592601,0.0006410869675793269,-0.0006410869675793269,1.687144102,0.009531569874122672,-0.009531569874122672,7.1875615781999995,0.05224147550953217,-0.05224147550953217,1.177425903370379,-1.1637239165334041,-1.163723916533401,1.0627615164210191,-1.1637239165334092,2.2527006491767794,,0.0,0.0,0.0,0.0,0.4863536282953511,0.0,
023_210℃_120_2.0mm.csv,2.0,120,1.478265,0.300089925,1.502855,0.300082948,0.02459,1.688339318,7.283267048,1.59143,5.597544865,1.593615,1.685722183,7.26961104,210,0.024590000000000112,1388256.3699999999,711.6714111427377,80.0,56933.71289141902,37.156162327401525,2135.014233428213,0.02477000000000005,0.0002651178983018972,-0.0002651178983018972,706.5641383590967,7.514269007122803,-7.514269007122803,56525.13106872772,601.1415205698227,-601.1415205698227,1400477.3878,17766.9972686651,-17766.9972686651,2119.5961083278435,2142.331595791399,2097.101901154986,37.753491147136955,38.642542056765244,36.88489467652435,7.2015944904,0.05202123081339956,-0.05202123081339956,1.5903839999999998,0.0006605811835042896,-0.0006605811835042896,5.514450388599999,0.05521948106628059,-0.05521948106628059,1.592601,0.0006410869675793269,-0.0006410869675793269,1.687144102,0.009531569874122672,-0.009531569874122672,7.1875615781999995,0.05224147550953217,-0.05224147550953217,-0.1624035728778647,0.16266775111759402,0.1626677511175972,-0.41420613650406557,0.16266775111758866,-0.5759370238171768,,1.1588005605432685,0.06570736016750427,1.6642158531191467,0.0649888859586267,0.0,1.1622764210909011,
024_210℃_120_2.0mm.csv,2.0,120,1.47831,0.30004543,1.50294,0.30007265,0.02463,1.69410318,7.163468041,1.58985,5.485356144,1.59209,1.678111897,7.149128941,210,0.02462999999999993,1394030.53,710.5156313438916,80.0,56841.25050751133,37.37139804506112,2131.546894031675,0.02477000000000005,0.0002651178983018972,-0.0002651178983018972,706.5641383590967,7.514269007122803,-7.514269007122803,56525.13106872772,601.1415205698227,-601.1415205698227,1400477.3878,17766.9972686651,-17766.9972686651,2119.5961083278435,2142.331595791399,2097.101901154986,37.753491147136955,38.642542056765244,36.88489467652435,7.2015944904,0.05202123081339956,-0.05202123081339956,1.5903839999999998,0.0006605811835042896,-0.0006605811835042896,5.514450388599999,0.05521948106628059,-0.05521948106628059,1.592601,0.0006410869675793269,-0.0006410869675793269,1.687144102,0.009531569874122672,-0.009531569874122672,7.1875615781999995,0.05224147550953217,-0.05224147550953217,0.0,0.0,0.0,0.0,0.0,0.0,,-0.5051125949948037,-0.0336396532914956,-0.3733878862176257,-0.03076768513984236,-0.45145552907516207,-0.5143254405172623,
025_210℃_120_2.0mm.csv,2.0,120,1.47824,0.300075041,1.502785,0.300106586,0.024545,1.683954382,7.210905596,1.59047,5.532579114,1.592705,1.678326483,7.196633157,210,0.02454500000000004,1383847.7959999999,712.9761662252994,80.0,57038.09329802395,36.97038819354563,2138.9284986758985,0.02477000000000005,0.0002651178983018972,-0.0002651178983018972,706.5641383590967,7.514269007122803,-7.514269007122803,56525.13106872772,601.1415205698227,-601.1415205698227,1400477.3878,17766.9972686651,-17766.9972686651,2119.5961083278435,2142.331595791399,2097.101901154986,37.753491147136955,38.642542056765244,36.88489467652435,7.2015944904,0.05202123081339956,-0.05202123081339956,1.5903839999999998,0.0006605811835042896,-0.0006605811835042896,5.514450388599999,0.05521948106628059,-0.05521948106628059,1.592601,0.0006410869675793269,-0.0006410869675793269,1.687144102,0.009531569874122672,-0.009531569874122672,7.1875615781999995,0.05224147550953217,-0.05224147550953217,-0.3451075923665894,0.3463027093089853,0.3463027093089917,-0.7304527254507239,0.3463027093089959,-1.0730394700031447,,0.15375740574786517,0.0053446178126750924,0.4842892438620396,0.007848899270361974,-0.4387259107451637,0.14673257258920225,
026_210℃_160_2.0mm.csv,2.0,160,1.482365,0.300115161,1.501835,0.300129365,0.01947,1.666377829,7.077260299,1.57202,5.410044036,1.574955,1.667216263,7.058528318,210,0.0194700000000001,1366248.464,898.8186954288603,80.0,71905.49563430883,28.95331438811443,2696.456086286581,0.019025999999999987,0.0005175229463511966,-0.0005175229463511966,920.3437058674881,25.26403378034784,-25.26403378034784,73627.49646939905,2021.1227024278207,-2021.1227024278207,1334345.0176,45244.974960766594,-45244.974960766594,2760.20387170614,2836.680968127347,2685.7886025904118,27.61133472814688,29.359619449931238,25.967155561056003,7.101634751000001,0.022920698135740745,-0.022920698135740745,1.572146,0.00018430274007738632,-0.00018430274007738632,5.4503639848,0.0368890022253195,-0.0368890022253195,1.57515,0.00018688231591030215,-0.00018688231591030215,1.6512707662000001,0.01974377206586414,-0.01974377206586414,7.082079522399999,0.02286854112376082,-0.02286854112376082,1.090342679129114,-1.078582434516003,-1.0785824345160007,0.5684886711956357,-1.0785824345160073,1.6650298249328046,,-0.44136753058573225,-0.011130934775904785,-0.8954497863856898,-0.015236208850319862,0.39295576525986486,-0.4302022632908998,
027_210℃_160_2.0mm.csv,2.0,160,1.48249,0.300034613,1.50175,0.300075915,0.01926,1.658601316,7.077480868,1.571895,5.416790384,1.574955,1.660690484,7.057215094,210,0.019259999999999833,1358525.4009999998,908.6188992731128,80.0,72689.51194184902,28.479128406269137,2725.8566978193385,0.019025999999999987,0.0005175229463511966,-0.0005175229463511966,920.3437058674881,25.26403378034784,-25.26403378034784,73627.49646939905,2021.1227024278207,-2021.1227024278207,1334345.0176,45244.974960766594,-45244.974960766594,2760.20387170614,2836.680968127347,2685.7886025904118,27.61133472814688,29.359619449931238,25.967155561056003,7.101634751000001,0.022920698135740745,-0.022920698135740745,1.572146,0.00018430274007738632,-0.00018430274007738632,5.4503639848,0.0368890022253195,-0.0368890022253195,1.57515,0.00018688231591030215,-0.00018688231591030215,1.6512707662000001,0.01974377206586414,-0.01974377206586414,7.082079522399999,0.02286854112376082,-0.02286854112376082,0.0,0.0,0.0,0.0,0.0,0.0,,-0.438264698829169,-0.01908160247297358,-0.7718659893453296,-0.015236208850319862,0.0,-0.44872700983466624,
028_210℃_160_2.0mm.csv,2.0,160,1.4825,0.300110902,1.50105,0.300189363,0.01855,1.594898524,7.108635508,1.572195,5.467491181,1.575195,1.641144326,7.089025466,210,0.018550000000000066,1294709.161,943.396226415091,80.0,75471.69811320727,26.140794488762005,2830.1886792452724,0.019025999999999987,0.0005175229463511966,-0.0005175229463511966,920.3437058674881,25.26403378034784,-25.26403378034784,73627.49646939905,2021.1227024278207,-2021.1227024278207,1334345.0176,45244.974960766594,-45244.974960766594,2760.20387170614,2836.680968127347,2685.7886025904118,27.61133472814688,29.359619449931238,25.967155561056003,7.101634751000001,0.022920698135740745,-0.022920698135740745,1.572146,0.00018430274007738632,-0.00018430274007738632,5.4503639848,0.0368890022253195,-0.0368890022253195,1.57515,0.00018688231591030215,-0.00018688231591030215,1.6512707662000001,0.01974377206586414,-0.01974377206586414,7.082079522399999,0.02286854112376082,-0.02286854112376082,-3.686396677049702,3.827493261454249,3.8274932614542414,-4.697463879072495,3.827493261454228,-8.210693403778441,,0.0,0.0,0.15690273207747396,0.0,-1.1769898237099814,0.0,
029_210℃_160_2.0mm.csv,2.0,160,1.48247,0.300023321,1.50193,0.300104113,0.01946,1.675619684,7.124911424,1.57233,5.458925977,1.575355,1.665985448,7.105145458,210,0.019460000000000033,1375515.571,899.2805755395668,80.0,71942.44604316534,29.134729808609578,2697.8417266187002,0.019025999999999987,0.0005175229463511966,-0.0005175229463511966,920.3437058674881,25.26403378034784,-25.26403378034784,73627.49646939905,2021.1227024278207,-2021.1227024278207,1334345.0176,45244.974960766594,-45244.974960766594,2760.20387170614,2836.680968127347,2685.7886025904118,27.61133472814688,29.359619449931238,25.967155561056003,7.101634751000001,0.022920698135740745,-0.022920698135740745,1.572146,0.00018430274007738632,-0.00018430274007738632,5.4503639848,0.0368890022253195,-0.0368890022253195,1.57515,0.00018688231591030215,-0.00018688231591030215,1.6512707662000001,0.01974377206586414,-0.01974377206586414,7.082079522399999,0.02286854112376082,-0.02286854112376082,1.0384215991703103,-1.0277492291891068,-1.0277492291891093,1.2506332224258616,-1.027749229189119,2.30204166710426,,0.22895977690351085,0.008586721112838817,0.0,0.010157472566898702,0.31884111163486123,0.22739362522132234,
030_210℃_160_2.0mm.csv,2.0,160,1.48246,0.300121643,1.50085,0.300110886,0.01839,1.576837377,7.119885656,1.57229,5.498568346,1.57529,1.62131731,7.100483276,210,0.018389999999999906,1276726.4909999997,951.6041326808096,80.0,76128.33061446476,25.55537433413864,2854.812398042429,0.019025999999999987,0.0005175229463511966,-0.0005175229463511966,920.3437058674881,25.26403378034784,-25.26403378034784,73627.49646939905,2021.1227024278207,-2021.1227024278207,1334345.0176,45244.974960766594,-45244.974960766594,2760.20387170614,2836.680968127347,2685.7886025904118,27.61133472814688,29.359619449931238,25.967155561056003,7.101634751000001,0.022920698135740745,-0.022920698135740745,1.572146,0.00018430274007738632,-0.00018430274007738632,5.4503639848,0.0368890022253195,-0.0368890022253195,1.57515,0.00018688231591030215,-0.00018688231591030215,1.6512707662000001,0.01974377206586414,-0.01974377206586414,7.082079522399999,0.02286854112376082,-0.02286854112376082,-4.51713395638595,4.730831973898475,4.730831973898475,-6.021154255915173,4.730831973898474,-10.266304608840793,,0.15826030167589003,0.006042507449772848,0.7261935620124652,0.006030999336601391,-2.370891769378024,0.1616274346164192,
031_210℃_200_2.0mm.csv,2.0,200,1.484735,0.300091792,1.50038,0.300018189,0.015645,1.542007715,7.078028196,1.56499,5.450277612,1.56795,1.627750584,7.05975519,210,0.01564500000000013,1241989.526,1118.568232662183,80.0,89485.45861297463,21.149307357028754,3355.704697986549,0.015430000000000055,0.0001757483997082081,-0.0001757483997082081,1134.2724127233755,12.969046958716188,-12.969046958716188,90741.79301787005,1037.5237566972933,-1037.5237566972933,1216066.4316,16655.492555518158,-16655.492555518158,3402.6397553802544,3441.6928058255785,3364.02984173857,20.420710885502906,20.92629717986943,19.92733972403133,7.0934272624000005,0.032308684195365096,-0.032308684195365096,1.5651050000000002,0.00022934689882358103,-0.00022934689882358103,5.4780114154,0.031982908444948784,-0.031982908444948784,1.568085,0.0002270187216949045,-0.0002270187216949045,1.615415847,0.008219658688641662,-0.008219658688641662,7.0749877348,0.0324233343219147,-0.0324233343219147,1.4262560777964906,-1.4062000639188696,-1.4062000639188736,2.1925289186560954,-1.406200063918863,3.3359858487538157,,0.0,0.0,-0.17424264374245935,-0.003507641876150795,0.7846076569226635,0.0,
032_210℃_200_2.0mm.csv,2.0,200,1.48475,0.300050088,1.500175,0.30018016,0.015425,1.519216749,7.07436523,1.56495,5.459790896,1.568005,1.614574334,7.055063623,210,0.015425000000000022,1219036.589,1134.521880064828,80.0,90761.75040518625,20.466546269741524,3403.5656401944843,0.015430000000000055,0.0001757483997082081,-0.0001757483997082081,1134.2724127233755,12.969046958716188,-12.969046958716188,90741.79301787005,1037.5237566972933,-1037.5237566972933,1216066.4316,16655.492555518158,-16655.492555518158,3402.6397553802544,3441.6928058255785,3364.02984173857,20.420710885502906,20.92629717986943,19.92733972403133,7.0934272624000005,0.032308684195365096,-0.032308684195365096,1.5651050000000002,0.00022934689882358103,-0.00022934689882358103,5.4780114154,0.031982908444948784,-0.031982908444948784,1.568085,0.0002270187216949045,-0.0002270187216949045,1.615415847,0.008219658688641662,-0.008219658688641662,7.0749877348,0.0324233343219147,-0.0324233343219147,0.0,0.0,0.0,0.3039311253276783,0.0,0.0,,-0.05175122080002897,-0.0025559268749346642,0.0,0.0,-0.03121953410571107,-0.06645509474104107,
033_210℃_200_2.0mm.csv,2.0,200,1.48481,0.300144402,1.49998,0.300146044,0.01517,1.498158662,7.058877875,1.56488,5.454286712,1.56783,1.604591163,7.040787364,210,0.015170000000000128,1198012.618,1153.5926170072414,80.0,92287.40936057932,19.781062764691324,3460.777851021724,0.015430000000000055,0.0001757483997082081,-0.0001757483997082081,1134.2724127233755,12.969046958716188,-12.969046958716188,90741.79301787005,1037.5237566972933,-1037.5237566972933,1216066.4316,16655.492555518158,-16655.492555518158,3402.6397553802544,3441.6928058255785,3364.02984173857,20.420710885502906,20.92629717986943,19.92733972403133,7.0934272624000005,0.032308684195365096,-0.032308684195365096,1.5651050000000002,0.00022934689882358103,-0.00022934689882358103,5.4780114154,0.031982908444948784,-0.031982908444948784,1.568085,0.0002270187216949045,-0.0002270187216949045,1.615415847,0.008219658688641662,-0.008219658688641662,7.0749877348,0.0324233343219147,-0.0324233343219147,-1.6531604538080638,1.6809492419241467,1.6809492419241507,-1.4259488128083515,1.68094924192414,-3.349287642457017,,-0.2705601117952892,-0.00702879890606678,-0.10081309165215144,-0.01116067869681769,-0.6493424715489143,-0.2686754071425515,
034_210℃_200_2.0mm.csv,2.0,200,1.484665,0.300026004,1.500055,0.300211852,0.01539,1.506162493,7.127813762,1.565355,5.512729161,1.568375,1.6150846,7.108883371,210,0.015390000000000015,1205950.6409999998,1137.1020142949956,80.0,90968.16114359965,20.20090379862859,3411.3060428849867,0.015430000000000055,0.0001757483997082081,-0.0001757483997082081,1134.2724127233755,12.969046958716188,-12.969046958716188,90741.79301787005,1037.5237566972933,-1037.5237566972933,1216066.4316,16655.492555518158,-16655.492555518158,3402.6397553802544,3441.6928058255785,3364.02984173857,20.420710885502906,20.92629717986943,19.92733972403133,7.0934272624000005,0.032308684195365096,-0.032308684195365096,1.5651050000000002,0.00022934689882358103,-0.00022934689882358103,5.4780114154,0.031982908444948784,-0.031982908444948784,1.568085,0.0002270187216949045,-0.0002270187216949045,1.615415847,0.008219658688641662,-0.008219658688641662,7.0749877348,0.0324233343219147,-0.0324233343219147,-0.2269043760130126,0.22742040285904638,0.22742040285904638,-0.772797857826435,0.22742040285904638,-1.2979350185022112,,0.703381854682848,0.02332283273375221,0.9696024263270588,0.023596863530408477,0.0003743471167397959,0.6958907168564351,
035_210℃_200_2.0mm.csv,2.0,200,1.48462,0.300106856,1.50014,0.300234964,0.01552,1.515577748,7.128051249,1.56535,5.512972696,1.568265,1.615078554,7.110449126,210,0.015519999999999978,1215342.784,1127.5773195876304,80.0,90206.18556701043,20.530198647814938,3382.731958762891,0.015430000000000055,0.0001757483997082081,-0.0001757483997082081,1134.2724127233755,12.969046958716188,-12.969046958716188,90741.79301787005,1037.5237566972933,-1037.5237566972933,1216066.4316,16655.492555518158,-16655.492555518158,3402.6397553802544,3441.6928058255785,3364.02984173857,20.420710885502906,20.92629717986943,19.92733972403133,7.0934272624000005,0.032308684195365096,-0.032308684195365096,1.5651050000000002,0.00022934689882358103,-0.00022934689882358103,5.4780114154,0.031982908444948784,-0.031982908444948784,1.568085,0.0002270187216949045,-0.0002270187216949045,1.615415847,0.008219658688641662,-0.008219658688641662,7.0749877348,0.0324233343219147,-0.0324233343219147,0.615883306320623,-0.6121134020615682,-0.6121134020615762,0.0,-0.6121134020615815,0.31100693411823804,,0.7067371252952878,0.0230033418743836,0.9740629451388415,0.01658157977812105,0.0,0.7180693187747783,
036_210℃_240_2.0mm.csv,2.0,240,1.48606,0.30000999,1.49931,0.30018903,0.01325,1.415346133,6.99867778,1.561135,5.395879725,1.563865,1.602798055,6.981663327,210,0.013249999999999984,1115157.103,1320.7547169811337,80.0,105660.37735849069,16.08253781197277,3962.2641509434006,0.013327000000000044,0.00028214801080275607,-0.00028214801080275607,1313.598791884784,28.052928652061876,-28.052928652061876,105087.90335078273,2244.234292164953,-2244.234292164953,1128316.0398,33358.31124882336,-33358.31124882336,3940.081661565535,4024.7601887540804,3857.1847195225732,16.358201587124125,17.20785892864574,15.550497030140962,7.077174841600001,0.0688237371694696,-0.0688237371694696,1.561614,0.000427059714794015,-0.000427059714794015,5.468326729,0.07103916420080078,-0.07103916420080078,1.5643470000000002,0.00041433078572564863,-0.00041433078572564863,1.6088481127999998,0.01414171940759315,-0.01414171940759315,7.0602393992,0.06906494799722825,-0.06906494799722825,-0.4133784291630046,0.41509433962367914,0.4150943396236757,-0.1806223780858629,0.4150943396236733,-0.5932541532995944,,-1.5839723860199562,-0.04161904487493729,-2.1796760393159405,-0.04058804729945294,-0.2566194684893648,-1.5916959729602307,
037_210℃_240_2.0mm.csv,2.0,240,1.4861,0.300033755,1.499735,0.30001437,0.013635,1.467503984,7.00744685,1.56118,5.385437463,1.56395,1.622009388,6.99001826,210,0.013635000000000064,1167489.614,1283.4616795012776,80.0,102676.9343601022,17.326498924506204,3850.3850385038327,0.013327000000000044,0.00028214801080275607,-0.00028214801080275607,1313.598791884784,28.052928652061876,-28.052928652061876,105087.90335078273,2244.234292164953,-2244.234292164953,1128316.0398,33358.31124882336,-33358.31124882336,3940.081661565535,4024.7601887540804,3857.1847195225732,16.358201587124125,17.20785892864574,15.550497030140962,7.077174841600001,0.0688237371694696,-0.0688237371694696,1.561614,0.000427059714794015,-0.000427059714794015,5.468326729,0.07103916420080078,-0.07103916420080078,1.5643470000000002,0.00041433078572564863,-0.00041433078572564863,1.6088481127999998,0.01414171940759315,-0.01414171940759315,7.0602393992,0.06906494799722825,-0.06906494799722825,2.4802705749713523,-2.4202420242019804,-2.420242024201984,4.503738832867203,-2.420242024201975,7.095714316883729,,-1.4606609460026556,-0.038737726383591,-2.3689807502771183,-0.03515500159795785,0.9389168574743926,-1.4739310868177047,
038_210℃_240_2.0mm.csv,2.0,240,1.48611,0.300086172,1.499645,0.300254064,0.013535,1.456549744,7.145395617,1.562045,5.52221393,1.56478,1.623181687,7.128544824,210,0.013534999999999853,1156295.68,1292.9442186922934,80.0,103435.53749538347,17.034516493931786,3878.83265607688,0.013327000000000044,0.00028214801080275607,-0.00028214801080275607,1313.598791884784,28.052928652061876,-28.052928652061876,105087.90335078273,2244.234292164953,-2244.234292164953,1128316.0398,33358.31124882336,-33358.31124882336,3940.081661565535,4024.7601887540804,3857.1847195225732,16.358201587124125,17.20785892864574,15.550497030140962,7.077174841600001,0.0688237371694696,-0.0688237371694696,1.561614,0.000427059714794015,-0.000427059714794015,5.468326729,0.07103916420080078,-0.07103916420080078,1.5643470000000002,0.00041433078572564863,-0.00041433078572564863,1.6088481127999998,0.01414171940759315,-0.01414171940759315,7.0602393992,0.06906494799722825,-0.06906494799722825,1.7286734310389198,-1.699298115993601,-1.6992981159935978,3.501753083940134,-1.6992981159935954,5.2909603901617235,,0.4791868494171404,0.01664761794996923,0.11059978042825779,0.017897091722598783,1.0118699440400696,0.47863574252421,
039_210℃_240_2.0mm.csv,2.0,240,1.48602,0.300053097,1.499325,0.300161404,0.013305,1.417336375,7.12303485,1.561925,5.516113121,1.56464,1.606921729,7.106382993,210,0.013305000000000122,1117174.9710000001,1315.2950018789809,80.0,105223.60015031847,16.178517539216475,3945.8850056369424,0.013327000000000044,0.00028214801080275607,-0.00028214801080275607,1313.598791884784,28.052928652061876,-28.052928652061876,105087.90335078273,2244.234292164953,-2244.234292164953,1128316.0398,33358.31124882336,-33358.31124882336,3940.081661565535,4024.7601887540804,3857.1847195225732,16.358201587124125,17.20785892864574,15.550497030140962,7.077174841600001,0.0688237371694696,-0.0688237371694696,1.561614,0.000427059714794015,-0.000427059714794015,5.468326729,0.07103916420080078,-0.07103916420080078,1.5643470000000002,0.00041433078572564863,-0.00041433078572564863,1.6088481127999998,0.01414171940759315,-0.01414171940759315,7.0602393992,0.06906494799722825,-0.06906494799722825,0.0,0.0,0.0,0.0,0.0,0.0,,0.16474776081806405,0.00896410197306473,0.0,0.008948545861299392,0.0,0.16625914962698143,
040_210℃_240_2.0mm.csv,2.0,240,1.486155,0.300138542,1.499065,0.300075937,0.01291,1.385538768,7.111319111,1.561785,5.521989406,1.5645,1.589329705,7.094587592,210,0.012910000000000199,1085462.831,1355.5383423702347,80.0,108443.06738961878,15.252598800773024,4066.6150271107044,0.013327000000000044,0.00028214801080275607,-0.00028214801080275607,1313.598791884784,28.052928652061876,-28.052928652061876,105087.90335078273,2244.234292164953,-2244.234292164953,1128316.0398,33358.31124882336,-33358.31124882336,3940.081661565535,4024.7601887540804,3857.1847195225732,16.358201587124125,17.20785892864574,15.550497030140962,7.077174841600001,0.0688237371694696,-0.0688237371694696,1.561614,0.000427059714794015,-0.000427059714794015,5.468326729,0.07103916420080078,-0.07103916420080078,1.5643470000000002,0.00041433078572564863,-0.00041433078572564863,1.6088481127999998,0.01414171940759315,-0.01414171940759315,7.0602393992,0.06906494799722825,-0.06906494799722825,-2.9688087185262653,3.059643687063636,3.0596436870636468,-2.8386010090804414,3.0596436870636534,-5.723137093364945,,0.0,0.0,0.10652945055874714,0.0,-1.0947654563702798,0.0,
007_210℃_280_2.0mm.csv,2.0,280,1.48697,0.300102726,1.498585,0.300081496,0.011615,1.314236753,7.050908966,1.55964,5.459142732,1.56221,1.591766234,7.034901087,210,0.011615000000000153,1014155.2570000001,1506.6724063710521,80.0,120533.79250968416,12.821130133393368,4520.017219113156,0.011635000000000062,0.00019078784028340537,-0.00019078784028340537,1504.3515124053572,24.608310313659473,-24.608310313659473,120348.12099242858,1968.6648250927647,-1968.6648250927647,1020285.6579999999,16464.55288549739,-16464.55288549739,4512.651340840378,4587.170296711833,4439.342951489236,12.918570073028816,13.341615113504673,12.508939233513535,7.101844982333333,0.0844666762966218,-0.0844666762966218,1.5599399999999999,0.00047696960070852214,-0.00047696960070852214,5.5067998309999995,0.07403331401056522,-0.07403331401056522,1.5625016666666667,0.0004879634549157279,-0.0004879634549157279,1.5950451513333332,0.010946160845758132,-0.010946160845758132,7.085989770333334,0.08440343794512087,-0.08440343794512087,0.0,0.0,0.0,0.0,0.0,0.0,,-0.061953161891088064,-0.0032057652482291683,-0.18328232547792897,-0.0012802212222213746,0.0,-0.06755088181585268,
008_210℃_280_2.0mm.csv,2.0,280,1.487085,0.300084242,1.49854,0.300005031,0.011455,1.307770796,7.055279935,1.55969,5.469166748,1.56223,1.586113188,7.039656437,210,0.011454999999999993,1007765.765,1527.7171540811883,80.0,122217.37232649507,12.564850980217678,4583.151462243565,0.011635000000000062,0.00019078784028340537,-0.00019078784028340537,1504.3515124053572,24.608310313659473,-24.608310313659473,120348.12099242858,1968.6648250927647,-1968.6648250927647,1020285.6579999999,16464.55288549739,-16464.55288549739,4512.651340840378,4587.170296711833,4439.342951489236,12.918570073028816,13.341615113504673,12.508939233513535,7.101844982333333,0.0844666762966218,-0.0844666762966218,1.5599399999999999,0.00047696960070852214,-0.00047696960070852214,5.5067998309999995,0.07403331401056522,-0.07403331401056522,1.5625016666666667,0.0004879634549157279,-0.0004879634549157279,1.5950451513333332,0.010946160845758132,-0.010946160845758132,7.085989770333334,0.08440343794512087,-0.08440343794512087,-1.377529057254911,1.396769969447052,1.396769969447064,-0.6300309499850164,1.3967699694470723,-1.9988811478342017,,0.0,0.0,0.0,0.0,-0.35514297760886926,0.0,
009_210℃_280_2.0mm.csv,2.0,280,1.48695,0.300197071,1.498785,0.300196635,0.011835,1.339132587,7.199346046,1.56049,5.592090013,1.563065,1.607256032,7.183411787,210,0.01183500000000004,1038935.9519999999,1478.6649767638312,80.0,118293.19814110649,13.383191283722494,4435.994930291493,0.011635000000000062,0.00019078784028340537,-0.00019078784028340537,1504.3515124053572,24.608310313659473,-24.608310313659473,120348.12099242858,1968.6648250927647,-1968.6648250927647,1020285.6579999999,16464.55288549739,-16464.55288549739,4512.651340840378,4587.170296711833,4439.342951489236,12.918570073028816,13.341615113504673,12.508939233513535,7.101844982333333,0.0844666762966218,-0.0844666762966218,1.5599399999999999,0.00047696960070852214,-0.00047696960070852214,5.5067998309999995,0.07403331401056522,-0.07403331401056522,1.5625016666666667,0.0004879634549157279,-0.0004879634549157279,1.5950451513333332,0.010946160845758132,-0.010946160845758132,7.085989770333334,0.08440343794512087,-0.08440343794512087,1.8941024537226352,-1.8588931136450038,-1.858893113645001,2.443481392908643,-1.858893113645009,4.383865887650624,,2.041961656054401,0.051292243971552805,2.247568426121789,0.05344923602798046,0.9731201522647667,2.042079060057973,
010_210℃_320_2.0mm.csv,2.0,320,1.48747,0.300011539,1.49854,0.300230012,0.01107,1.299641344,7.083285195,1.55882,5.479337362,1.56129,1.603947833,7.067915385,210,0.011069999999999913,999411.332,1580.849141824764,80.0,126467.93134598112,12.041886743118273,4742.547425474292,0.010973333333333354,9.07377172586921e-05,-9.07377172586921e-05,1594.8477833326826,13.164596236091562,-13.164596236091562,127587.82266661462,1053.1676988873317,-1053.1676988873317,991241.117,8504.736802506048,-8504.736802506048,4784.434556295731,4824.12616514364,4745.069519299182,11.838589923231984,12.0387746487235,11.641733935547215,7.116245635666666,0.02930652308456696,-0.02930652308456696,1.5589750000000002,0.00013937359864754504,-0.00013937359864754504,5.514117824333333,0.030289174617746578,-0.030289174617746578,1.5614766666666666,0.00017075811352124578,-0.00017075811352124578,1.6021278113333333,0.0037926425162388045,-0.0037926425162388045,7.100565235,0.028985071956001123,-0.028985071956001123,1.0036496350349602,-0.993676603431189,-0.993676603431186,0.7598349711344393,-0.9936766034311937,1.7711106870840438,,-0.6006303068756438,-0.012507897614836625,-0.8860031052100602,-0.014409083486224578,0.0,-0.5991268232496506,
011_210℃_320_2.0mm.csv,2.0,320,1.487525,0.300077803,1.498415,0.300239946,0.01089,1.282677244,7.126086631,1.559015,5.528318435,1.561515,1.597768195,7.110516396,210,0.010890000000000066,982437.2980000001,1606.9788797061426,80.0,128558.31037649141,11.644889442416398,4820.9366391184285,0.010973333333333354,9.07377172586921e-05,-9.07377172586921e-05,1594.8477833326826,13.164596236091562,-13.164596236091562,127587.82266661462,1053.1676988873317,-1053.1676988873317,991241.117,8504.736802506048,-8504.736802506048,4784.434556295731,4824.12616514364,4745.069519299182,11.838589923231984,12.0387746487235,11.641733935547215,7.116245635666666,0.02930652308456696,-0.02930652308456696,1.5589750000000002,0.00013937359864754504,-0.00013937359864754504,5.514117824333333,0.030289174617746578,-0.030289174617746578,1.5614766666666666,0.00017075811352124578,-0.00017075811352124578,1.6021278113333333,0.0037926425162388045,-0.0037926425162388045,7.100565235,0.028985071956001123,-0.028985071956001123,-0.6386861313869889,0.6427915518825891,0.6427915518825946,-0.9514732859090413,0.6427915518825985,-1.5840824893750862,,0.0,0.0,0.0,0.0,-0.38527674484536045,0.0,
012_210℃_320_2.0mm.csv,2.0,320,1.487525,0.300163219,1.498485,0.300225238,0.01096,1.292099959,7.139365081,1.55909,5.534697676,1.561625,1.604667406,7.123263924,210,0.01096000000000008,991874.7209999999,1596.7153284671415,80.0,127737.22627737132,11.832323202351107,4790.145985401425,0.010973333333333354,9.07377172586921e-05,-9.07377172586921e-05,1594.8477833326826,13.164596236091562,-13.164596236091562,127587.82266661462,1053.1676988873317,-1053.1676988873317,991241.117,8504.736802506048,-8504.736802506048,4784.434556295731,4824.12616514364,4745.069519299182,11.838589923231984,12.0387746487235,11.641733935547215,7.116245635666666,0.02930652308456696,-0.02930652308456696,1.5589750000000002,0.00013937359864754504,-0.00013937359864754504,5.514117824333333,0.030289174617746578,-0.030289174617746578,1.5614766666666666,0.00017075811352124578,-0.00017075811352124578,1.6021278113333333,0.0037926425162388045,-0.0037926425162388045,7.100565235,0.028985071956001123,-0.028985071956001123,0.0,0.0,0.0,0.0,0.0,0.0,,0.18633579252652363,0.004810729851864623,0.11539206858297252,0.007044440815493576,0.044862618670953175,0.17927710576928596,
001_230℃_003_2.0mm.csv,2.0,3,0.46248,0.300004932,1.53308,0.30001351,1.0706,1.54105031,11.85203062,6.68476,9.632524689,6.6873,2.219505927,11.8497398,230,1.0706,1241036.7999999998,16.345974220063514,80.0,1307.677937605081,1446.1540115156463,49.037922660190546,1.05196,0.02769182550862258,-0.02769182550862258,16.643415842040323,0.44459732383869627,-0.44459732383869627,1331.4732673632257,35.56778590709566,-35.56778590709566,1210461.1153333334,40898.17530908414,-40898.17530908414,49.91848543239785,51.26011664508645,48.6119687381432,1385.109779907303,1471.5812845081243,1303.7194224960024,11.7905268,0.0834286230744363,-0.0834286230744363,6.688533333333333,0.011015849188026044,-0.011015849188026044,9.604706569,0.02560286659980009,-0.02560286659980009,6.690886666666667,0.011873488675757292,-0.011873488675757292,2.1858202283333337,0.06274045442508698,-0.06274045442508698,11.78834661,0.0821957410906004,-0.0821957410906004,0.5126086711606005,-0.5099943956660026,-0.5099943956660111,1.1982405205685192,-0.5099943956660026,1.7169914765389502,,0.2371690543137658,0.0,0.34439364994336186,0.0,0.0,0.24877198648932936,
002_230℃_003_2.0mm.csv,2.0,3,0.45656,0.300000586,1.5217,0.300028196,1.06514,1.526370466,11.82398778,6.70094,9.599464742,6.70414,2.224523035,11.82033412,230,1.06514,1226342.27,16.42976510130124,80.0,1314.3812081040992,1421.742808672435,49.28929530390372,1.05196,0.02769182550862258,-0.02769182550862258,16.643415842040323,0.44459732383869627,-0.44459732383869627,1331.4732673632257,35.56778590709566,-35.56778590709566,1210461.1153333334,40898.17530908414,-40898.17530908414,49.91848543239785,51.26011664508645,48.6119687381432,1385.109779907303,1471.5812845081243,1303.7194224960024,11.7905268,0.0834286230744363,-0.0834286230744363,6.688533333333333,0.011015849188026044,-0.011015849188026044,9.604706569,0.02560286659980009,-0.02560286659980009,6.690886666666667,0.011873488675757292,-0.011873488675757292,2.1858202283333337,0.06274045442508698,-0.06274045442508698,11.78834661,0.0821957410906004,-0.0821957410906004,0.0,0.0,0.0,0.0,0.0,0.0,,0.0,0.24204309504006588,0.0,0.25182061519597126,0.22604616365143226,0.0,
003_230℃_003_2.0mm.csv,2.0,3,0.45218,0.300002327,1.47232,0.300003124,1.02014,1.4640074,11.695562,6.6799,9.582130276,6.68122,2.113431723,11.69496591,230,1.02014,1164004.276,17.15450820475621,80.0,1372.3606563804967,1292.4596703332138,51.46352461426862,1.05196,0.02769182550862258,-0.02769182550862258,16.643415842040323,0.44459732383869627,-0.44459732383869627,1331.4732673632257,35.56778590709566,-35.56778590709566,1210461.1153333334,40898.17530908414,-40898.17530908414,49.91848543239785,51.26011664508645,48.6119687381432,1385.109779907303,1471.5812845081243,1303.7194224960024,11.7905268,0.0834286230744363,-0.0834286230744363,6.688533333333333,0.011015849188026044,-0.011015849188026044,9.604706569,0.02560286659980009,-0.02560286659980009,6.690886666666667,0.011873488675757292,-0.011873488675757292,2.1858202283333337,0.06274045442508698,-0.06274045442508698,11.78834661,0.0821957410906004,-0.0821957410906004,-4.224796740334598,4.411159252651576,4.411159252651576,-5.0832459685174145,4.4111592526515615,-9.093285898870878,,-1.0861460819270132,-0.0727026849131437,-0.18057742244896943,-0.09091860691160653,-4.779180929846645,-1.0606147738910068,
004_230℃_005_2.0mm.csv,2.0,5,0.8016,0.30000361,1.43294,0.300003307,0.63134,1.373174358,9.117657675,4.31748,7.362779,4.31904,1.754878675,9.116722869,230,0.6313400000000001,1073171.0510000002,27.71882028700858,80.0,2217.505622960686,737.4539443138398,83.15646086102574,0.6245733333333333,0.0074314018417344545,-0.0074314018417344545,28.02177991098634,0.3343617035831521,-0.3343617035831521,2241.7423928789067,26.748936286652405,-26.748936286652405,1057179.083,14776.590370738308,-14776.590370738308,84.06135759262037,85.0689828200029,83.06566748618557,718.5978304994965,737.2069651200645,700.4584417002665,9.176201143,0.06358047215921038,-0.06358047215921038,4.3430333333333335,0.02238195999758187,-0.02238195999758187,7.427394330666666,0.06435760601727494,-0.06435760601727494,4.3448199999999995,0.02266593038019864,-0.02266593038019864,1.7488068123333333,0.008420835663102979,-0.008420835663102979,9.174890322000001,0.06283621411230873,-0.06283621411230873,0.8917156737407537,-0.8838343840086393,-0.8838343840086393,1.78655010212787,-0.8838343840086393,2.694196723148526,,-0.5394166479993594,-0.8036834341958343,-0.8768804205719375,-0.7983830217281331,0.14441040550743472,-0.542093779657107,
005_230℃_005_2.0mm.csv,2.0,5,0.80392,0.300003147,1.42054,0.300019944,0.61662,1.344051311,9.24383918,4.35916,7.491491078,4.36162,1.752348102,9.241534671,230,0.61662,1044031.3670000001,28.380526093866564,80.0,2270.442087509325,700.7027173001796,85.14157828159969,0.6245733333333333,0.0074314018417344545,-0.0074314018417344545,28.02177991098634,0.3343617035831521,-0.3343617035831521,2241.7423928789067,26.748936286652405,-26.748936286652405,1057179.083,14776.590370738308,-14776.590370738308,84.06135759262037,85.0689828200029,83.06566748618557,718.5978304994965,737.2069651200645,700.4584417002665,9.176201143,0.06358047215921038,-0.06358047215921038,4.3430333333333335,0.02238195999758187,-0.02238195999758187,7.427394330666666,0.06435760601727494,-0.06435760601727494,4.3448199999999995,0.02266593038019864,-0.02266593038019864,1.7488068123333333,0.008420835663102979,-0.008420835663102979,9.174890322000001,0.06283621411230873,-0.06283621411230873,-1.4606238813602719,1.4822743342739453,1.482274334273953,-0.9772478056356577,1.4822743342739495,-2.4235977721667448,,0.8370428049525609,0.15393593508039988,0.8559357754473526,0.17961321144748507,0.0,0.8195271313742298,
006_230℃_005_2.0mm.csv,2.0,5,0.79726,0.30001544,1.42302,0.300013609,0.62576,1.35434844,9.167106574,4.35246,7.427912914,4.3538,1.73919366,9.166413426,230,0.62576,1054334.831,27.965993352083867,80.0,2237.279468166709,718.1067361595211,83.8979800562516,0.6245733333333333,0.0074314018417344545,-0.0074314018417344545,28.02177991098634,0.3343617035831521,-0.3343617035831521,2241.7423928789067,26.748936286652405,-26.748936286652405,1057179.083,14776.590370738308,-14776.590370738308,84.06135759262037,85.0689828200029,83.06566748618557,718.5978304994965,737.2069651200645,700.4584417002665,9.176201143,0.06358047215921038,-0.06358047215921038,4.3430333333333335,0.02238195999758187,-0.02238195999758187,7.427394330666666,0.06435760601727494,-0.06435760601727494,4.3448199999999995,0.02266593038019864,-0.02266593038019864,1.7488068123333333,0.008420835663102979,-0.008420835663102979,9.174890322000001,0.06283621411230873,-0.06283621411230873,0.0,0.0,0.0,0.0,0.0,0.0,,0.0,0.0,0.0,0.0,-0.7506751646540171,0.0,
001_230℃_010_2.0mm.csv,2.0,10,1.11092,0.300030668,1.42988,0.30003064,0.31896,1.253002731,7.741113542,2.81548,6.186843984,2.81634,1.554269557,7.740663464,230,0.31896000000000013,952972.091,54.86581389515924,80.0,4389.265111612739,330.8407925391675,164.59744168547772,0.31466399999999994,0.007735494812874007,-0.007735494812874007,55.64192728936543,1.3756117932904872,-1.3756117932904872,4451.354183149234,110.04894346323901,-110.04894346323901,933665.7546,26781.409182683656,-26781.409182683656,166.8851267521031,171.05072280960783,162.82097540193013,319.58916612866113,337.1104170155045,302.97857898029724,7.712640210800001,0.03862299657677222,-0.03862299657677222,2.811408,0.006621323130613635,-0.006621323130613635,6.1647120128,0.022901186205815428,-0.022901186205815428,2.812636,0.006399724994091529,-0.006399724994091529,1.5479281975999999,0.024766724346672625,-0.024766724346672625,7.711684272399999,0.038951330934584125,-0.038951330934584125,0.7899892561461699,-0.7837973413594758,-0.7837973413594912,1.374989354117651,-0.7837973413595012,2.175840878434517,,0.1134755828046371,0.0,0.3622436428772597,0.0,0.0,0.11750565672526149,
002_230℃_010_2.0mm.csv,2.0,10,1.11132,0.300011505,1.41554,0.300027857,0.30422,1.198395009,7.655565344,2.80128,6.134240046,2.803,1.521325297,7.653846848,230,0.30421999999999993,898367.152,57.52416014726186,80.0,4601.932811780949,297.4707537212951,172.5724804417856,0.31466399999999994,0.007735494812874007,-0.007735494812874007,55.64192728936543,1.3756117932904872,-1.3756117932904872,4451.354183149234,110.04894346323901,-110.04894346323901,933665.7546,26781.409182683656,-26781.409182683656,166.8851267521031,171.05072280960783,162.82097540193013,319.58916612866113,337.1104170155045,302.97857898029724,7.712640210800001,0.03862299657677222,-0.03862299657677222,2.811408,0.006621323130613635,-0.006621323130613635,6.1647120128,0.022901186205815428,-0.022901186205815428,2.812636,0.006399724994091529,-0.006399724994091529,1.5479281975999999,0.024766724346672625,-0.024766724346672625,7.711684272399999,0.038951330934584125,-0.038951330934584125,-3.8677873980913957,4.023404115442777,4.023404115442777,-4.433759046896378,4.0234041154427596,-8.130058071310192,,-0.9928933375268385,-0.5043544972793189,-0.49109115201722137,-0.47366440131517884,-2.119597585349866,-1.005377812359987,
003_230℃_010_2.0mm.csv,2.0,10,1.10938,0.300028095,1.43326,0.300034114,0.32388,1.262623489,7.732339225,2.8166,6.151050893,2.81772,1.581288332,7.731578422,230,0.32387999999999995,962589.3750000001,54.03235766333211,80.0,4322.5886130665685,339.3343638367347,162.09707298999632,0.31466399999999994,0.007735494812874007,-0.007735494812874007,55.64192728936543,1.3756117932904872,-1.3756117932904872,4451.354183149234,110.04894346323901,-110.04894346323901,933665.7546,26781.409182683656,-26781.409182683656,166.8851267521031,171.05072280960783,162.82097540193013,319.58916612866113,337.1104170155045,302.97857898029724,7.712640210800001,0.03862299657677222,-0.03862299657677222,2.811408,0.006621323130613635,-0.006621323130613635,6.1647120128,0.022901186205815428,-0.022901186205815428,2.812636,0.006399724994091529,-0.006399724994091529,1.5479281975999999,0.024766724346672625,-0.024766724346672625,7.711684272399999,0.038951330934584125,-0.038951330934584125,2.344688112241668,-2.290971964925277,-2.2909719649252844,2.398054008710496,-2.2909719649252978,4.798969008219551,,0.0,0.039780073024856574,-0.2183876012536439,0.048999765653300345,1.7383583740873552,0.0,
004_230℃_010_2.0mm.csv,2.0,10,1.1089,0.300013417,1.42536,0.300015923,0.31646,1.240062474,7.744211518,2.81564,6.186911715,2.817,1.557299803,7.743072716,230,0.31645999999999996,940046.5509999999,55.299247930228155,80.0,4423.939834418253,323.7955173109768,165.8977437906845,0.31466399999999994,0.007735494812874007,-0.007735494812874007,55.64192728936543,1.3756117932904872,-1.3756117932904872,4451.354183149234,110.04894346323901,-110.04894346323901,933665.7546,26781.409182683656,-26781.409182683656,166.8851267521031,171.05072280960783,162.82097540193013,319.58916612866113,337.1104170155045,302.97857898029724,7.712640210800001,0.03862299657677222,-0.03862299657677222,2.811408,0.006621323130613635,-0.006621323130613635,6.1647120128,0.022901186205815428,-0.022901186205815428,2.812636,0.006399724994091529,-0.006399724994091529,1.5479281975999999,0.024766724346672625,-0.024766724346672625,7.711684272399999,0.038951330934584125,-0.038951330934584125,0.0,0.0,0.0,0.0,0.0,0.0,,0.15354076760646246,0.005682867574984018,0.3633423670638924,0.023434670529848208,0.19496270684532324,0.1486668487678212,
005_230℃_010_2.0mm.csv,2.0,10,1.10908,0.300024893,1.41888,0.300020793,0.3098,1.214374397,7.689971425,2.80804,6.164513426,2.80912,1.525457999,7.689259912,230,0.30979999999999985,914353.6039999999,56.488056810845734,80.0,4519.044544867658,308.31754723178216,169.46417043253717,0.31466399999999994,0.007735494812874007,-0.007735494812874007,55.64192728936543,1.3756117932904872,-1.3756117932904872,4451.354183149234,110.04894346323901,-110.04894346323901,933665.7546,26781.409182683656,-26781.409182683656,166.8851267521031,171.05072280960783,162.82097540193013,319.58916612866113,337.1104170155045,302.97857898029724,7.712640210800001,0.03862299657677222,-0.03862299657677222,2.811408,0.006621323130613635,-0.006621323130613635,6.1647120128,0.022901186205815428,-0.022901186205815428,2.812636,0.006399724994091529,-0.006399724994091529,1.5479281975999999,0.024766724346672625,-0.024766724346672625,7.711684272399999,0.038951330934584125,-0.038951330934584125,-2.104531378373289,2.149774047772794,2.149774047772776,-2.733156881717013,2.149774047772755,-4.7801681158943925,,-0.5479299183229921,-0.26425334223648866,0.0,-0.2563610927657805,-1.8537040676271912,-0.5473463203785675,
006_230℃_020_2.0mm.csv,2.0,20,1.301285,0.30000943,1.457605,0.300018395,0.15632,1.210536878,6.5691986,2.074585,5.104671195,2.07598,1.464527405,6.567226785,230,0.15632000000000001,910518.4830000001,111.94984646878197,80.0,8955.987717502558,154.9194549796572,335.8495394063459,0.155746,0.00292164850726429,-0.00292164850726429,112.39398932212362,2.102714663811361,-2.102714663811361,8991.519145769891,168.21717310490902,-168.21717310490902,906971.4278000001,18606.966012653673,-18606.966012653673,337.13467771046186,343.5102504985165,330.8774359716752,153.70184433392478,159.84930377932014,147.79080291938274,6.5925531452,0.02161626243586714,-0.02161626243586714,2.077286,0.002519542121100507,-0.002519542121100507,5.1342017028,0.026905910051861513,-0.026905910051861513,2.0786290000000003,0.002485891188286522,-0.002485891188286522,1.4583514424000001,0.011346706342118804,-0.011346706342118804,6.590741230000001,0.021693366347830725,-0.021693366347830725,0.0,0.0,0.0,0.0,0.0,0.0,,-0.2016415688298025,-0.097755241101503,-0.596670416612726,-0.09528576103486558,0.06252803692566494,-0.20368441886917799,
007_230℃_020_2.0mm.csv,2.0,20,1.301425,0.300014885,1.454615,0.30000466,0.15319,1.189667891,6.582471599,2.0754,5.135312083,2.076765,1.447159516,6.580630504,230,0.15318999999999994,889663.2310000001,114.23722175076706,80.0,9138.977740061366,148.34014732722719,342.7116652523012,0.155746,0.00292164850726429,-0.00292164850726429,112.39398932212362,2.102714663811361,-2.102714663811361,8991.519145769891,168.21717310490902,-168.21717310490902,906971.4278000001,18606.966012653673,-18606.966012653673,337.13467771046186,343.5102504985165,330.8774359716752,153.70184433392478,159.84930377932014,147.79080291938274,6.5925531452,0.02161626243586714,-0.02161626243586714,2.077286,0.002519542121100507,-0.002519542121100507,5.1342017028,0.026905910051861513,-0.026905910051861513,2.0786290000000003,0.002485891188286522,-0.002485891188286522,1.4583514424000001,0.011346706342118804,-0.011346706342118804,6.590741230000001,0.021693366347830725,-0.021693366347830725,-2.002302968270264,2.043214309028055,2.0432143090280626,-2.2904809061410316,2.043214309028059,-4.2469215072399695,,0.0,-0.05850867878734113,0.0,-0.057508325473062866,-1.124117480305001,0.0,
008_230℃_020_2.0mm.csv,2.0,20,1.30182,0.300010681,1.45439,0.300005226,0.15257,1.187090172,6.609859511,2.07955,5.164356115,2.0808,1.445503397,6.608252983,230,0.1525700000000001,887084.946,114.70144851543547,80.0,9176.115881234839,147.31161927751845,344.1043455463065,0.155746,0.00292164850726429,-0.00292164850726429,112.39398932212362,2.102714663811361,-2.102714663811361,8991.519145769891,168.21717310490902,-168.21717310490902,906971.4278000001,18606.966012653673,-18606.966012653673,337.13467771046186,343.5102504985165,330.8774359716752,153.70184433392478,159.84930377932014,147.79080291938274,6.5925531452,0.02161626243586714,-0.02161626243586714,2.077286,0.002519542121100507,-0.002519542121100507,5.1342017028,0.026905910051861513,-0.026905910051861513,2.0786290000000003,0.002485891188286522,-0.002485891188286522,1.4583514424000001,0.011346706342118804,-0.011346706342118804,6.590741230000001,0.021693366347830725,-0.021693366347830725,-2.3989252814738484,2.4578881824735745,2.457888182473582,-2.5736475906332728,2.457888182473596,-4.910832989399391,,0.41607337894417573,0.1413357796221211,0.5655748186395223,0.13667250572676826,-1.23727033309848,0.4197542922856636,
009_230℃_020_2.0mm.csv,2.0,20,1.301845,0.300004757,1.458775,0.300022744,0.15693,1.216362515,6.620522587,2.08028,5.15691035,2.08164,1.463612237,6.61868223,230,0.15693000000000001,916339.7709999998,111.51468807748677,80.0,8921.175046198941,156.51831321146122,334.5440642324603,0.155746,0.00292164850726429,-0.00292164850726429,112.39398932212362,2.102714663811361,-2.102714663811361,8991.519145769891,168.21717310490902,-168.21717310490902,906971.4278000001,18606.966012653673,-18606.966012653673,337.13467771046186,343.5102504985165,330.8774359716752,153.70184433392478,159.84930377932014,147.79080291938274,6.5925531452,0.02161626243586714,-0.02161626243586714,2.077286,0.002519542121100507,-0.002519542121100507,5.1342017028,0.026905910051861513,-0.026905910051861513,2.0786290000000003,0.002485891188286522,-0.002485891188286522,1.4583514424000001,0.011346706342118804,-0.011346706342118804,6.590741230000001,0.021693366347830725,-0.021693366347830725,0.39022517911975396,-0.38870834129866433,-0.38870834129866433,0.6393377079858475,-0.38870834129866433,1.0320577438217684,,0.5780653577872,0.1764891421857326,0.4205833384790761,0.17709676798399043,0.0,0.578238300674539,
010_230℃_020_2.0mm.csv,2.0,20,1.30109,0.300018856,1.46081,0.300008738,0.15972,1.231259446,6.580713429,2.076615,5.109758771,2.07796,1.470954657,6.578913648,230,0.15971999999999986,931250.7079999999,109.56674179814685,80.0,8765.339343851749,161.89318430667737,328.70022539444057,0.155746,0.00292164850726429,-0.00292164850726429,112.39398932212362,2.102714663811361,-2.102714663811361,8991.519145769891,168.21717310490902,-168.21717310490902,906971.4278000001,18606.966012653673,-18606.966012653673,337.13467771046186,343.5102504985165,330.8774359716752,153.70184433392478,159.84930377932014,147.79080291938274,6.5925531452,0.02161626243586714,-0.02161626243586714,2.077286,0.002519542121100507,-0.002519542121100507,5.1342017028,0.026905910051861513,-0.026905910051861513,2.0786290000000003,0.002485891188286522,-0.002485891188286522,1.4583514424000001,0.011346706342118804,-0.011346706342118804,6.590741230000001,0.021693366347830725,-0.021693366347830725,2.175025588536238,-2.1287252692210403,-2.128725269221033,2.2769691540682038,-2.1287252692210363,4.501519404348483,,-0.0267098759722208,0.0,-0.49759998198729827,0.0,0.5016642942976481,-0.026089536541464238,
011_230℃_040_2.0mm.csv,2.0,40,1.413205,0.30000242,1.488635,0.300008129,0.07543,1.333149888,6.425525564,1.77786,4.957516011,1.779085,1.468009553,6.422726333,230,0.07542999999999989,1033141.7589999998,232.0031817579216,80.0,18560.254540633727,84.82164123142299,696.0095452737647,0.075277,0.0008027188175195968,-0.0008027188175195968,232.49587986020907,2.47968569087718,-2.47968569087718,18599.670388816725,198.3748552701752,-198.3748552701752,1031447.3883999999,10466.549477940474,-10466.549477940474,697.4559071284042,704.9338482030739,690.057292082494,84.50343720601118,86.27902836548695,82.76438706960134,6.455924291600001,0.03632619939657659,-0.03632619939657659,1.7793679999999998,0.0016366719280294982,-0.0016366719280294982,4.9874023416,0.0397847095285551,-0.0397847095285551,1.780612,0.0016404862084150468,-0.0016404862084150468,1.46852195,0.008048074040429709,-0.008048074040429709,6.4530375562,0.03629558517665954,-0.03629558517665954,0.0,0.0,0.0,0.0,0.0,0.0,,-0.31144949884368506,-0.04863033914741703,-0.5420319574253366,-0.04943917436578763,0.0,-0.31062451565437327,
012_230℃_040_2.0mm.csv,2.0,40,1.413105,0.300009378,1.4894,0.300009585,0.076295,1.344583299,6.420657845,1.778135,4.942922208,1.77938,1.477735637,6.417767654,230,0.076295,1044573.714,229.37282915000984,80.0,18349.826332000786,86.74367511252245,688.1184874500295,0.075277,0.0008027188175195968,-0.0008027188175195968,232.49587986020907,2.47968569087718,-2.47968569087718,18599.670388816725,198.3748552701752,-198.3748552701752,1031447.3883999999,10466.549477940474,-10466.549477940474,697.4559071284042,704.9338482030739,690.057292082494,84.50343720601118,86.27902836548695,82.76438706960134,6.455924291600001,0.03632619939657659,-0.03632619939657659,1.7793679999999998,0.0016366719280294982,-0.0016366719280294982,4.9874023416,0.0397847095285551,-0.0397847095285551,1.780612,0.0016404862084150468,-0.0016404862084150468,1.46852195,0.008048074040429709,-0.008048074040429709,6.4530375562,0.03629558517665954,-0.03629558517665954,1.14675858411788,-1.1337571269416216,-1.1337571269416191,1.1065233691710832,-1.1337571269416096,2.265971105010204,,-0.3869695238632185,-0.0331698267017031,-0.8348136628546415,-0.0328658147772601,0.6625354705713002,-0.3875899018638774,
013_230℃_040_2.0mm.csv,2.0,40,1.41337,0.300062069,1.488015,0.30001375,0.074645,1.324807959,6.501561161,1.781685,5.041329394,1.782905,1.460231767,6.498781989,230,0.07464500000000007,1024794.2089999999,234.44303034362628,80.0,18755.442427490103,83.2606952172028,703.3290910308789,0.075277,0.0008027188175195968,-0.0008027188175195968,232.49587986020907,2.47968569087718,-2.47968569087718,18599.670388816725,198.3748552701752,-198.3748552701752,1031447.3883999999,10466.549477940474,-10466.549477940474,697.4559071284042,704.9338482030739,690.057292082494,84.50343720601118,86.27902836548695,82.76438706960134,6.455924291600001,0.03632619939657659,-0.03632619939657659,1.7793679999999998,0.0016366719280294982,-0.0016366719280294982,4.9874023416,0.0397847095285551,-0.0397847095285551,1.780612,0.0016404862084150468,-0.0016404862084150468,1.46852195,0.008048074040429709,-0.008048074040429709,6.4530375562,0.03629558517665954,-0.03629558517665954,-1.0406999867424298,1.0516444503983073,1.0516444503983173,-0.8079772138994462,1.0516444503983238,-1.8402685818839415,,0.8682016247760673,0.16641133396112798,1.1394368970287687,0.1651717870856979,-0.5298184868147039,0.8698618472373796,
014_230℃_040_2.0mm.csv,2.0,40,1.413315,0.300044622,1.487625,0.30001959,0.07431,1.317755023,6.445600354,1.778725,4.984533777,1.779965,1.461066577,6.44273906,230,0.07430999999999988,1017735.433,235.49993271430534,80.0,18839.994617144428,82.31610342991006,706.499798142916,0.075277,0.0008027188175195968,-0.0008027188175195968,232.49587986020907,2.47968569087718,-2.47968569087718,18599.670388816725,198.3748552701752,-198.3748552701752,1031447.3883999999,10466.549477940474,-10466.549477940474,697.4559071284042,704.9338482030739,690.057292082494,84.50343720601118,86.27902836548695,82.76438706960134,6.455924291600001,0.03632619939657659,-0.03632619939657659,1.7793679999999998,0.0016366719280294982,-0.0016366719280294982,4.9874023416,0.0397847095285551,-0.0397847095285551,1.780612,0.0016404862084150468,-0.0016404862084150468,1.46852195,0.008048074040429709,-0.008048074040429709,6.4530375562,0.03629558517665954,-0.03629558517665954,-1.4848203632507113,1.507199569371576,1.5071995693715836,-1.4912112365791892,1.5071995693715805,-2.9538897917300955,,0.0,0.0,0.0,0.0,-0.47295169066246084,0.0,
015_230℃_040_2.0mm.csv,2.0,40,1.41325,0.300024174,1.488955,0.300059732,0.075705,1.337051559,6.486276534,1.780435,5.010710318,1.781725,1.475566216,6.483172745,230,0.07570500000000013,1036991.827,231.1604253351822,80.0,18492.834026814577,85.44812654480015,693.4812760055466,0.075277,0.0008027188175195968,-0.0008027188175195968,232.49587986020907,2.47968569087718,-2.47968569087718,18599.670388816725,198.3748552701752,-198.3748552701752,1031447.3883999999,10466.549477940474,-10466.549477940474,697.4559071284042,704.9338482030739,690.057292082494,84.50343720601118,86.27902836548695,82.76438706960134,6.455924291600001,0.03632619939657659,-0.03632619939657659,1.7793679999999998,0.0016366719280294982,-0.0016366719280294982,4.9874023416,0.0397847095285551,-0.0397847095285551,1.780612,0.0016404862084150468,-0.0016404862084150468,1.46852195,0.008048074040429709,-0.008048074040429709,6.4530375562,0.03629558517665954,-0.03629558517665954,0.3645764284770618,-0.36325209695561567,-0.36325209695560595,0.3726563142435329,-0.3632520969555994,0.7385913598015503,,0.6310689115988617,0.09613627738970894,0.52515525365252,0.09887834873157526,0.5147557101762356,0.6275853270394595,
016_230℃_080_2.0mm.csv,2.0,80,1.463885,0.300075847,1.50123,0.300013397,0.037345,1.543126428,6.572933584,1.63498,5.048000664,1.636435,1.52493292,6.566841544,230,0.03734499999999996,1243113.031,468.60356138706703,80.0,37488.28491096536,50.52958491721899,1405.8106841612012,0.03709999999999991,0.00024271897330043545,-0.00024271897330043545,471.7142379966157,3.080884496043677,-3.080884496043677,37737.139039729256,246.47075968349327,-246.47075968349327,1235701.9248,6532.672290110835,-6532.672290110835,1415.1185402144415,1424.399232711929,1405.8983161946496,49.897409896995576,50.48848083649015,49.31325865184964,6.638309191599999,0.04549769629267053,-0.04549769629267053,1.636523,0.0010084059202522984,-0.0010084059202522984,5.1171175591999996,0.0479134075024071,-0.0479134075024071,1.637962,0.0010040268920699954,-0.0010040268920699954,1.5211916321999999,0.0034875865120320717,-0.0034875865120320717,6.6323470232,0.045515588250903266,-0.045515588250903266,0.9324324324325417,-0.9238184495917552,-0.9238184495917601,0.7931388222848895,-0.9238184495917472,1.73296673833063,,-1.1120263438755333,-0.10966687541048652,-1.5643480859170535,-0.11017921672037276,0.30935694286987486,-1.1119615804746354,
017_230℃_080_2.0mm.csv,2.0,80,1.46395,0.300051084,1.50095,0.300024376,0.037,1.53335538,6.646848288,1.636775,5.128223937,1.63824,1.518624351,6.640683392,230,0.03699999999999992,1233331.004,472.972972972974,80.0,37837.83783783792,49.66884043319717,1418.918918918922,0.03709999999999991,0.00024271897330043545,-0.00024271897330043545,471.7142379966157,3.080884496043677,-3.080884496043677,37737.139039729256,246.47075968349327,-246.47075968349327,1235701.9248,6532.672290110835,-6532.672290110835,1415.1185402144415,1424.399232711929,1405.8983161946496,49.897409896995576,50.48848083649015,49.31325865184964,6.638309191599999,0.04549769629267053,-0.04549769629267053,1.636523,0.0010084059202522984,-0.0010084059202522984,5.1171175591999996,0.0479134075024071,-0.0479134075024071,1.637962,0.0010040268920699954,-0.0010040268920699954,1.5211916321999999,0.0034875865120320717,-0.0034875865120320717,6.6323470232,0.045515588250903266,-0.045515588250903266,0.0,0.0,0.0,0.0,0.0,0.0,,0.0,0.0,0.0,0.0,-0.10561770376554717,0.0,
018_230℃_080_2.0mm.csv,2.0,80,1.463835,0.300080281,1.50121,0.300120904,0.037375,1.542354345,6.622938049,1.636305,5.098170371,1.637705,1.524767678,6.617300696,230,0.037374999999999936,1242233.4409999999,468.2274247491647,80.0,37458.193979933174,50.53439440258494,1404.682274247494,0.03709999999999991,0.00024271897330043545,-0.00024271897330043545,471.7142379966157,3.080884496043677,-3.080884496043677,37737.139039729256,246.47075968349327,-246.47075968349327,1235701.9248,6532.672290110835,-6532.672290110835,1415.1185402144415,1424.399232711929,1405.8983161946496,49.897409896995576,50.48848083649015,49.31325865184964,6.638309191599999,0.04549769629267053,-0.04549769629267053,1.636523,0.0010084059202522984,-0.0010084059202522984,5.1171175591999996,0.0479134075024071,-0.0479134075024071,1.637962,0.0010040268920699954,-0.0010040268920699954,1.5211916321999999,0.0034875865120320717,-0.0034875865120320717,6.6323470232,0.045515588250903266,-0.045515588250903266,1.013513513513554,-1.0033444816053914,-1.0033444816053985,0.7218205794816716,-1.0033444816053954,1.7426498421115912,,-0.3597229538571967,-0.02871500358938721,-0.5860423875635332,-0.03265699775368396,0.2984874032707463,-0.3521127965258617,
019_230℃_080_2.0mm.csv,2.0,80,1.46392,0.300094662,1.50084,0.300094086,0.03692,1.529488324,6.651067456,1.63681,5.133664227,1.638255,1.517403229,6.645085044,230,0.03691999999999984,1229394.238,473.99783315276477,80.0,37919.82665222118,49.40324927016033,1421.993499458294,0.03709999999999991,0.00024271897330043545,-0.00024271897330043545,471.7142379966157,3.080884496043677,-3.080884496043677,37737.139039729256,246.47075968349327,-246.47075968349327,1235701.9248,6532.672290110835,-6532.672290110835,1415.1185402144415,1424.399232711929,1405.8983161946496,49.897409896995576,50.48848083649015,49.31325865184964,6.638309191599999,0.04549769629267053,-0.04549769629267053,1.636523,0.0010084059202522984,-0.0010084059202522984,5.1171175591999996,0.0479134075024071,-0.0479134075024071,1.637962,0.0010040268920699954,-0.0010040268920699954,1.5211916321999999,0.0034875865120320717,-0.0034875865120320717,6.6323470232,0.045515588250903266,-0.045515588250903266,-0.21621621621643294,0.21668472372719264,0.2166847237271806,-0.3191978460958289,0.21668472372718064,-0.5347239048071771,,0.06347621936274382,0.002138351331124146,0.1060852659094814,0.0009156167594551633,-0.18594252393455044,0.06628311786860613,
020_230℃_080_2.0mm.csv,2.0,80,1.46401,0.300122993,1.50087,0.300025955,0.03686,1.530463865,6.697758581,1.637745,5.177528597,1.639175,1.520229983,6.69182444,230,0.03685999999999989,1230437.91,474.76939772110825,80.0,37981.55181768866,49.36483413616312,1424.3081931633249,0.03709999999999991,0.00024271897330043545,-0.00024271897330043545,471.7142379966157,3.080884496043677,-3.080884496043677,37737.139039729256,246.47075968349327,-246.47075968349327,1235701.9248,6532.672290110835,-6532.672290110835,1415.1185402144415,1424.399232711929,1405.8983161946496,49.897409896995576,50.48848083649015,49.31325865184964,6.638309191599999,0.04549769629267053,-0.04549769629267053,1.636523,0.0010084059202522984,-0.0010084059202522984,5.1171175591999996,0.0479134075024071,-0.0479134075024071,1.637962,0.0010040268920699954,-0.0010040268920699954,1.5211916321999999,0.0034875865120320717,-0.0034875865120320717,6.6323470232,0.045515588250903266,-0.045515588250903266,-0.3783783783784575,0.37981551817695636,0.37981551817695874,-0.23457563222014333,0.37981551817696835,-0.6120664271253277,,0.76593132254744,0.05926287974828033,0.961437343721846,0.05707344467233923,0.0,0.7701172451860921,
021_230℃_120_2.0mm.csv,2.0,120,1.476575,0.300131215,1.50188,0.300062631,0.025305,1.611416485,6.400752744,1.587085,4.86161462,1.589295,1.539138124,6.38806553,230,0.025305000000000133,1311353.8539999998,691.562932226829,80.0,55325.034578146326,36.11843186445733,2074.688796680487,0.02529900000000005,0.00048124058432350226,-0.00048124058432350226,691.9272420984416,13.164579333454403,-13.164579333454403,55354.17936787533,1053.1663466763487,-1053.1663466763487,1303209.071,25278.498731295724,-25278.498731295724,2075.4812397771097,2115.342650002598,2036.370975955804,35.874980437337776,37.275970820444435,34.52664526374966,6.468458607,0.04559736705769297,-0.04559736705769297,1.588141,0.000707649277537944,-0.000707649277537944,4.9292515398,0.04155221339456605,-0.04155221339456605,1.590329,0.0006983498406960206,-0.0006983498406960206,1.5392070676,0.01812001554293427,-0.01812001554293427,6.4560601578000005,0.045725952371889214,-0.045725952371889214,0.0,0.0,0.0,0.40268290401220197,0.0,0.0,,-1.070986012422236,-0.06642991172063094,-1.47669002827361,-0.06539502683397849,0.0,-1.0810353302109175,
022_230℃_120_2.0mm.csv,2.0,120,1.47649,0.300123952,1.501125,0.300000988,0.024635,1.566530533,6.476485389,1.58832,4.962180128,1.5905,1.514305261,6.464183418,230,0.024634999999999962,1266529.545,710.3714227724793,80.0,56829.713821798345,33.96022350048974,2131.114268317438,0.02529900000000005,0.00048124058432350226,-0.00048124058432350226,691.9272420984416,13.164579333454403,-13.164579333454403,55354.17936787533,1053.1663466763487,-1053.1663466763487,1303209.071,25278.498731295724,-25278.498731295724,2075.4812397771097,2115.342650002598,2036.370975955804,35.874980437337776,37.275970820444435,34.52664526374966,6.468458607,0.04559736705769297,-0.04559736705769297,1.588141,0.000707649277537944,-0.000707649277537944,4.9292515398,0.04155221339456605,-0.04155221339456605,1.590329,0.0006983498406960206,-0.0006983498406960206,1.5392070676,0.01812001554293427,-0.01812001554293427,6.4560601578000005,0.045725952371889214,-0.045725952371889214,-2.6476980833833905,2.7197077329010355,2.7197077329010386,-3.0292518626342764,2.719707732901052,-5.975365630675105,,0.0995256752139232,0.011334013374126144,0.5613256294027107,0.010375172526541309,-1.6134265413075994,0.0976474241300414,
023_230℃_120_2.0mm.csv,2.0,120,1.476375,0.30014224,1.5018,0.300044944,0.025425,1.606139379,6.466055061,1.58814,4.924173206,1.590335,1.541881856,6.453577231,230,0.02542500000000003,1306094.435,688.2989183874131,80.0,55063.91347099305,36.144164364489846,2064.8967551622395,0.02529900000000005,0.00048124058432350226,-0.00048124058432350226,691.9272420984416,13.164579333454403,-13.164579333454403,55354.17936787533,1053.1663466763487,-1053.1663466763487,1303209.071,25278.498731295724,-25278.498731295724,2075.4812397771097,2115.342650002598,2036.370975955804,35.874980437337776,37.275970820444435,34.52664526374966,6.468458607,0.04559736705769297,-0.04559736705769297,1.588141,0.000707649277537944,-0.000707649277537944,4.9292515398,0.04155221339456605,-0.04155221339456605,1.590329,0.0006983498406960206,-0.0006983498406960206,1.5392070676,0.01812001554293427,-0.01812001554293427,6.4560601578000005,0.045725952371889214,-0.045725952371889214,0.47421458209799383,-0.47197640117954914,-0.4719764011795458,0.0,-0.4719764011795327,0.07124478750651533,,-0.061683811525629385,0.0,-0.2089056723283257,0.0,0.17826418287070575,-0.06658899958964834,
024_230℃_120_2.0mm.csv,2.0,120,1.47647,0.300020872,1.50163,0.300166225,0.02516,1.596112499,6.470046032,1.588095,4.934481618,1.590265,1.535564415,6.457877467,230,0.02516000000000007,1295946.2739999997,695.5484896661347,80.0,55643.87917329078,35.48953279329534,2086.6454689984043,0.02529900000000005,0.00048124058432350226,-0.00048124058432350226,691.9272420984416,13.164579333454403,-13.164579333454403,55354.17936787533,1053.1663466763487,-1053.1663466763487,1303209.071,25278.498731295724,-25278.498731295724,2075.4812397771097,2115.342650002598,2036.370975955804,35.874980437337776,37.275970820444435,34.52664526374966,6.468458607,0.04559736705769297,-0.04559736705769297,1.588141,0.000707649277537944,-0.000707649277537944,4.9292515398,0.04155221339456605,-0.04155221339456605,1.590329,0.0006983498406960206,-0.0006983498406960206,1.5392070676,0.01812001554293427,-0.01812001554293427,6.4560601578000005,0.045725952371889214,-0.045725952371889214,-0.5730092867024738,0.5763116057236064,0.5763116057235997,-0.7769852414998087,0.5763116057236174,-1.7412136648735925,,0.0,-0.0028335033435385264,0.0,-0.004401588344594975,-0.2321889727942227,0.0,
025_230℃_120_2.0mm.csv,2.0,120,1.476335,0.300137504,1.502305,0.300039682,0.02597,1.636160929,6.528953809,1.589065,4.963808127,1.59125,1.565145682,6.516597143,230,0.02597000000000005,1336121.2470000002,673.8544474393518,80.0,53908.35579514815,37.76769391520008,2021.5633423180557,0.02529900000000005,0.00048124058432350226,-0.00048124058432350226,691.9272420984416,13.164579333454403,-13.164579333454403,55354.17936787533,1053.1663466763487,-1053.1663466763487,1303209.071,25278.498731295724,-25278.498731295724,2075.4812397771097,2115.342650002598,2036.370975955804,35.874980437337776,37.275970820444435,34.52664526374966,6.468458607,0.04559736705769297,-0.04559736705769297,1.588141,0.000707649277537944,-0.000707649277537944,4.9292515398,0.04155221339456605,-0.04155221339456605,1.590329,0.0006983498406960206,-0.0006983498406960206,1.5392070676,0.01812001554293427,-0.01812001554293427,6.4560601578000005,0.045725952371889214,-0.045725952371889214,2.6279391424616168,-2.560646900269221,-2.5606469002692176,2.2989771026778896,-2.5606469002692047,4.566261505848265,,0.9104692100898478,0.058244235394854516,0.5943179298312196,0.05753504764719377,1.6897481515440713,0.9092720681068931,
026_230℃_160_2.0mm.csv,2.0,160,1.481385,0.300117299,1.500315,0.300120988,0.01893,1.526220058,6.398249653,1.57025,4.910432522,1.57324,1.487817131,6.380951361,230,0.018930000000000113,1226099.07,924.4585314315846,80.0,73956.68251452676,25.262645328000154,2773.3755942947537,0.018880000000000053,0.000515594317268933,-0.000515594317268933,927.4645396228494,25.534127868691805,-25.534127868691805,74197.16316982797,2042.7302294953417,-2042.7302294953417,1224278.2596,39639.88015354227,-39639.88015354227,2781.5545942624804,2858.887806827059,2706.3132531422016,25.14031789617149,26.69263747503366,23.678274000151546,6.4266131082,0.045178618844326335,-0.045178618844326335,1.5705770000000001,0.0004848788508484382,-0.0004848788508484382,4.9331524216,0.05526826828675486,-0.05526826828675486,1.573604,0.0004790146135557649,-0.0004790146135557649,1.4934606864,0.01322380935248109,-0.01322380935248109,6.408844022399999,0.0452339024076767,-0.0452339024076767,0.0,0.0,0.0,0.0,0.0,0.0,,-0.3275120128877534,-0.01814668249991823,0.0,-0.021924459117241186,-0.16272248759260718,-0.31738947668760126,
027_230℃_160_2.0mm.csv,2.0,160,1.48143,0.300163458,1.50076,0.300077936,0.01933,1.562832512,6.389665816,1.570165,4.885378042,1.573205,1.504287774,6.371825311,230,0.01933000000000007,1262754.576,905.3285049146372,80.0,72426.28039317098,26.567669065665395,2715.9855147439116,0.018880000000000053,0.000515594317268933,-0.000515594317268933,927.4645396228494,25.534127868691805,-25.534127868691805,74197.16316982797,2042.7302294953417,-2042.7302294953417,1224278.2596,39639.88015354227,-39639.88015354227,2781.5545942624804,2858.887806827059,2706.3132531422016,25.14031789617149,26.69263747503366,23.678274000151546,6.4266131082,0.045178618844326335,-0.045178618844326335,1.5705770000000001,0.0004848788508484382,-0.0004848788508484382,4.9331524216,0.05526826828675486,-0.05526826828675486,1.573604,0.0004790146135557649,-0.0004790146135557649,1.4934606864,0.01322380935248109,-0.01322380935248109,6.408844022399999,0.0452339024076767,-0.0452339024076767,2.113048071843389,-2.069322296947522,-2.0693222969475147,2.989603931434335,-2.0693222969475182,5.165823771506631,,-0.4612317701130199,-0.02355885096479744,-0.5102295956160511,-0.024148679607396296,0.9425102199334645,-0.4599557550213225,
028_230℃_160_2.0mm.csv,2.0,160,1.481505,0.300147679,1.500075,0.3001692,0.01857,1.50652684,6.422306137,1.570545,4.932064047,1.573595,1.49024209,6.404151893,230,0.018569999999999975,1206357.64,942.3801830910082,80.0,75390.41464728066,24.383196054204046,2827.140549273025,0.018880000000000053,0.000515594317268933,-0.000515594317268933,927.4645396228494,25.534127868691805,-25.534127868691805,74197.16316982797,2042.7302294953417,-2042.7302294953417,1224278.2596,39639.88015354227,-39639.88015354227,2781.5545942624804,2858.887806827059,2706.3132531422016,25.14031789617149,26.69263747503366,23.678274000151546,6.4266131082,0.045178618844326335,-0.045178618844326335,1.5705770000000001,0.0004848788508484382,-0.0004848788508484382,4.9331524216,0.05526826828675486,-0.05526826828675486,1.573604,0.0004790146135557649,-0.0004790146135557649,1.4934606864,0.01322380935248109,-0.01322380935248109,6.408844022399999,0.0452339024076767,-0.0452339024076767,-1.9017432646599886,1.9386106623593837,1.9386106623593864,-1.6101007237531113,1.9386106623593962,-3.4812240063448954,,0.04724198117965371,0.0006367257017554853,0.4405217850583488,0.0006354915686197767,0.0,0.04504701035798895,
029_230℃_160_2.0mm.csv,2.0,160,1.48132,0.300171977,1.500715,0.300055046,0.019395,1.559134374,6.419273545,1.570535,4.910392412,1.573585,1.508881132,6.401268313,230,0.01939500000000005,1259079.3280000002,902.2944057746818,80.0,72183.55246197454,26.57942156904497,2706.8832173240453,0.018880000000000053,0.000515594317268933,-0.000515594317268933,927.4645396228494,25.534127868691805,-25.534127868691805,74197.16316982797,2042.7302294953417,-2042.7302294953417,1224278.2596,39639.88015354227,-39639.88015354227,2781.5545942624804,2858.887806827059,2706.3132531422016,25.14031789617149,26.69263747503366,23.678274000151546,6.4266131082,0.045178618844326335,-0.045178618844326335,1.5705770000000001,0.0004848788508484382,-0.0004848788508484382,4.9331524216,0.05526826828675486,-0.05526826828675486,1.573604,0.0004790146135557649,-0.0004790146135557649,1.4934606864,0.01322380935248109,-0.01322380935248109,6.408844022399999,0.0452339024076767,-0.0452339024076767,2.456418383517881,-2.3975251353438427,-2.3975251353438427,2.689852623409962,-2.3975251353438427,5.2123450412588115,,0.0,0.0,-0.0008168323222015661,0.0,1.2507392003671025,0.0,
030_230℃_160_2.0mm.csv,2.0,160,1.48142,0.300166228,1.499595,0.300065723,0.018175,1.467166407,6.50357039,1.57139,5.027495085,1.574395,1.476075305,6.486023234,230,0.018175000000000052,1167100.684,962.8610729023356,80.0,77028.88583218685,23.087950946068094,2888.583218707007,0.018880000000000053,0.000515594317268933,-0.000515594317268933,927.4645396228494,25.534127868691805,-25.534127868691805,74197.16316982797,2042.7302294953417,-2042.7302294953417,1224278.2596,39639.88015354227,-39639.88015354227,2781.5545942624804,2858.887806827059,2706.3132531422016,25.14031789617149,26.69263747503366,23.678274000151546,6.4266131082,0.045178618844326335,-0.045178618844326335,1.5705770000000001,0.0004848788508484382,-0.0004848788508484382,4.9331524216,0.05526826828675486,-0.05526826828675486,1.573604,0.0004790146135557649,-0.0004790146135557649,1.4934606864,0.01322380935248109,-0.01322380935248109,6.408844022399999,0.0452339024076767,-0.0452339024076767,-3.988378235605159,4.154057771664699,4.154057771664692,-4.811877558964315,4.154057771664696,-8.608339917283766,,1.3131835621128667,0.054440047499740546,2.383956249791231,0.05147481705786325,-0.950636483499135,1.3240332517834896,
031_230℃_200_2.0mm.csv,2.0,200,1.48394,0.300060928,1.49907,0.300139958,0.01513,1.40687815,6.275571806,1.56248,4.831434292,1.565695,1.444137514,6.256864832,230,0.015129999999999866,1106738.192,1156.6424322538107,80.0,92531.39458030486,18.22579466118079,3469.927296761432,0.015770000000000017,0.0004615598552734384,-0.0004615598552734384,1110.4641506351331,32.565968280146095,-32.565968280146095,88837.13205081064,2605.2774624116823,-2605.2774624116823,1164055.3674,43977.42650245996,-43977.42650245996,3330.2482207481057,3429.256196922102,3234.098759302425,19.96234913167588,21.344880099329885,18.669366189947883,6.373247854400001,0.07078807302009503,-0.07078807302009503,1.563325,0.0005806354277858059,-0.0005806354277858059,4.8967048154,0.04785126431302179,-0.04785126431302179,1.566422,0.0005529873416273013,-0.0005529873416273013,1.4765430388,0.024420909110701734,-0.024420909110701734,6.3559160428,0.07116876697753304,-0.07116876697753304,-4.512464499843725,4.725710508924323,4.725710508924328,-5.433217041366454,4.7257105089243305,-9.700509551019074,,-1.418340494449549,-0.05405146082868148,-1.3519774183689341,-0.045645776010113645,-1.9983048556249514,-1.4472140633745065,
032_230℃_200_2.0mm.csv,2.0,200,1.48386,0.300136634,1.499705,0.300157865,0.015845,1.470482325,6.343410925,1.563105,4.869826706,1.566105,1.473584219,6.327062185,230,0.01584500000000011,1170324.46,1104.4493531082285,80.0,88355.94824865827,20.183718170013744,3313.348059324685,0.015770000000000017,0.0004615598552734384,-0.0004615598552734384,1110.4641506351331,32.565968280146095,-32.565968280146095,88837.13205081064,2605.2774624116823,-2605.2774624116823,1164055.3674,43977.42650245996,-43977.42650245996,3330.2482207481057,3429.256196922102,3234.098759302425,19.96234913167588,21.344880099329885,18.669366189947883,6.373247854400001,0.07078807302009503,-0.07078807302009503,1.563325,0.0005806354277858059,-0.0005806354277858059,4.8967048154,0.04785126431302179,-0.04785126431302179,1.566422,0.0005529873416273013,-0.0005529873416273013,1.4765430388,0.024420909110701734,-0.024420909110701734,6.3559160428,0.07116876697753304,-0.07116876697753304,0.0,0.0,0.0,0.0,0.0,0.0,,-0.35266980544230453,-0.014072569683214239,-0.5680827207826611,-0.019471275081236694,0.0,-0.34152536955060997,
033_230℃_200_2.0mm.csv,2.0,200,1.48383,0.300012829,1.49944,0.300218256,0.01561,1.443976062,6.365861396,1.563325,4.897649406,1.56641,1.468211989,6.348744759,230,0.015610000000000124,1143757.806,1121.0762331838475,80.0,89686.0986547078,19.432989770514443,3363.2286995515433,0.015770000000000017,0.0004615598552734384,-0.0004615598552734384,1110.4641506351331,32.565968280146095,-32.565968280146095,88837.13205081064,2605.2774624116823,-2605.2774624116823,1164055.3674,43977.42650245996,-43977.42650245996,3330.2482207481057,3429.256196922102,3234.098759302425,19.96234913167588,21.344880099329885,18.669366189947883,6.373247854400001,0.07078807302009503,-0.07078807302009503,1.563325,0.0005806354277858059,-0.0005806354277858059,4.8967048154,0.04785126431302179,-0.04785126431302179,1.566422,0.0005529873416273013,-0.0005529873416273013,1.4765430388,0.024420909110701734,-0.024420909110701734,6.3559160428,0.07116876697753304,-0.07116876697753304,-1.483117702745242,1.5054452274182042,1.5054452274182168,-2.270024673328614,1.5054452274182388,-3.7194752382870324,,0.0,0.0,0.0,0.0,-0.36456891508010014,0.0,
034_230℃_200_2.0mm.csv,2.0,200,1.483855,0.300201633,1.50026,0.300136472,0.016405,1.52683135,6.455854479,1.563955,4.945163328,1.567085,1.510691151,6.4383211,230,0.016405000000000003,1226694.878,1066.747942700396,80.0,85339.83541603168,21.903596705948306,3200.2438281011882,0.015770000000000017,0.0004615598552734384,-0.0004615598552734384,1110.4641506351331,32.565968280146095,-32.565968280146095,88837.13205081064,2605.2774624116823,-2605.2774624116823,1164055.3674,43977.42650245996,-43977.42650245996,3330.2482207481057,3429.256196922102,3234.098759302425,19.96234913167588,21.344880099329885,18.669366189947883,6.373247854400001,0.07078807302009503,-0.07078807302009503,1.563325,0.0005806354277858059,-0.0005806354277858059,4.8967048154,0.04785126431302179,-0.04785126431302179,1.566422,0.0005529873416273013,-0.0005529873416273013,1.4765430388,0.024420909110701734,-0.024420909110701734,6.3559160428,0.07116876697753304,-0.07116876697753304,3.5342379299456614,-3.413593416640634,-3.413593416640617,4.816648709538214,-3.413593416640607,8.521118465128623,,1.4136827273139771,0.04029872227463313,0.9701372650682414,0.043092166163391524,2.518141245105187,1.410929946002573,
035_230℃_200_2.0mm.csv,2.0,200,1.48387,0.300075411,1.49973,0.300166629,0.01586,1.47292813,6.425540666,1.56376,4.939450345,1.566815,1.486090321,6.408587338,230,0.015859999999999985,1172761.501,1103.404791929383,80.0,88272.38335435063,20.244895135629914,3310.2143757881486,0.015770000000000017,0.0004615598552734384,-0.0004615598552734384,1110.4641506351331,32.565968280146095,-32.565968280146095,88837.13205081064,2605.2774624116823,-2605.2774624116823,1164055.3674,43977.42650245996,-43977.42650245996,3330.2482207481057,3429.256196922102,3234.098759302425,19.96234913167588,21.344880099329885,18.669366189947883,6.373247854400001,0.07078807302009503,-0.07078807302009503,1.563325,0.0005806354277858059,-0.0005806354277858059,4.8967048154,0.04785126431302179,-0.04785126431302179,1.566422,0.0005529873416273013,-0.0005529873416273013,1.4765430388,0.024420909110701734,-0.024420909110701734,6.3559160428,0.07116876697753304,-0.07116876697753304,0.09466708740849555,-0.09457755359318047,-0.09457755359318049,0.20823635524117545,-0.09457755359318049,0.30310057394211104,,0.9374893087917332,0.027825308237248374,0.8534898179683997,0.025855299698034913,0.8486859345227644,0.9425891459121513,
036_230℃_240_2.0mm.csv,2.0,240,1.48537,0.300014573,1.498865,0.300022564,0.013495,1.370156389,6.340546575,1.559955,4.880414936,1.56281,1.460131639,6.324515864,230,0.013494999999999813,1070133.825,1296.7765839199883,80.0,103742.12671359906,15.718591530203863,3890.329751759965,0.013233000000000005,0.00020930241279059218,-0.00020930241279059218,1322.7145600951465,20.79408131901339,-20.79408131901339,105817.1648076117,1663.5265055210648,-1663.5265055210648,1049243.7346,20174.730467803547,-20174.730467803547,3967.7497916476054,4030.81560552771,3905.6707003739393,15.108799545560881,15.640820572788572,14.59487516307732,6.373033249000001,0.023426527446183214,-0.023426527446183214,1.560214,0.0001985698869416517,-0.0001985698869416517,4.920096851399999,0.031366940502107546,-0.031366940502107546,1.5630359999999999,0.00019063708978060264,-0.00019063708978060264,1.4529363978,0.010067768735701293,-0.010067768735701293,6.3574226446,0.023619763732332908,-0.023619763732332908,2.975963372755926,-2.8899592441620876,-2.889959244162081,2.595865632349071,-2.8899592441620765,5.85100968719677,,-0.4564231399969483,-0.01538269254804803,-0.7691043677320801,-0.014395071127640756,0.7588208647720083,-0.4605905369907533,
037_230℃_240_2.0mm.csv,2.0,240,1.485425,0.30019304,1.498485,0.300140671,0.01306,1.327549303,6.404597561,1.5605,4.962804509,1.56332,1.441793052,6.389126127,230,0.013060000000000072,1027408.632,1339.9693721286296,80.0,107197.54977029037,14.604578758008245,4019.9081163858887,0.013233000000000005,0.00020930241279059218,-0.00020930241279059218,1322.7145600951465,20.79408131901339,-20.79408131901339,105817.1648076117,1663.5265055210648,-1663.5265055210648,1049243.7346,20174.730467803547,-20174.730467803547,3967.7497916476054,4030.81560552771,3905.6707003739393,15.108799545560881,15.640820572788572,14.59487516307732,6.373033249000001,0.023426527446183214,-0.023426527446183214,1.560214,0.0001985698869416517,-0.0001985698869416517,4.920096851399999,0.031366940502107546,-0.031366940502107546,1.5630359999999999,0.00019063708978060264,-0.00019063708978060264,1.4529363978,0.010067768735701293,-0.010067768735701293,6.3574226446,0.023619763732332908,-0.023619763732332908,-0.34338038916499247,0.344563552833632,0.34456355283363543,-1.500283893757328,0.3445635528336377,-1.6508950804634122,,0.5491469906585402,0.019548838446476223,0.906079244063601,0.018233756761690607,-0.5066639402223786,0.5562884720219873,
038_230℃_240_2.0mm.csv,2.0,240,1.48555,0.30000669,1.49863,0.300096907,0.01308,1.343154362,6.367376642,1.560145,4.918241345,1.56293,1.449135298,6.352144418,230,0.01307999999999998,1043057.4550000001,1337.9204892966382,80.0,107033.63914373105,14.8497322573061,4013.7614678899145,0.013233000000000005,0.00020930241279059218,-0.00020930241279059218,1322.7145600951465,20.79408131901339,-20.79408131901339,105817.1648076117,1663.5265055210648,-1663.5265055210648,1049243.7346,20174.730467803547,-20174.730467803547,3967.7497916476054,4030.81560552771,3905.6707003739393,15.108799545560881,15.640820572788572,14.59487516307732,6.373033249000001,0.023426527446183214,-0.023426527446183214,1.560214,0.0001985698869416517,-0.0001985698869416517,4.920096851399999,0.031366940502107546,-0.031366940502107546,1.5630359999999999,0.00019063708978060264,-0.00019063708978060264,1.4529363978,0.010067768735701293,-0.010067768735701293,6.3574226446,0.023619763732332908,-0.023619763732332908,-0.19076688287038157,0.1911314984722114,0.19113149847221822,0.0,0.19113149847222274,0.0,,-0.03520380109894496,-0.003204727614183196,0.0,-0.006717699859569475,0.0,-0.02575409913296605,
039_230℃_240_2.0mm.csv,2.0,240,1.48545,0.300111013,1.498875,0.300160376,0.013425,1.371014336,6.36961899,1.560195,4.903189758,1.563035,1.466429232,6.353780777,230,0.01342500000000002,1070853.96,1303.538175046553,80.0,104283.05400372425,15.64758031346941,3910.6145251396592,0.013233000000000005,0.00020930241279059218,-0.00020930241279059218,1322.7145600951465,20.79408131901339,-20.79408131901339,105817.1648076117,1663.5265055210648,-1663.5265055210648,1049243.7346,20174.730467803547,-20174.730467803547,3967.7497916476054,4030.81560552771,3905.6707003739393,15.108799545560881,15.640820572788572,14.59487516307732,6.373033249000001,0.023426527446183214,-0.023426527446183214,1.560214,0.0001985698869416517,-0.0001985698869416517,4.920096851399999,0.031366940502107546,-0.031366940502107546,1.5630359999999999,0.00019063708978060264,-0.00019063708978060264,1.4529363978,0.010067768735701293,-0.010067768735701293,6.3574226446,0.023619763732332908,-0.023619763732332908,2.441816100723941,-2.383612662941331,-2.383612662941324,2.6649064120825336,-2.38361266294132,5.372811053685952,,0.0,0.0,-0.30603595765592323,0.0,1.1933967810920032,0.0,
040_230℃_240_2.0mm.csv,2.0,240,1.485445,0.300194948,1.49855,0.3000432,0.013105,1.334808001,6.383026477,1.560275,4.935833709,1.563085,1.447192768,6.367546037,230,0.013105000000000144,1034764.8010000001,1335.3681800839227,80.0,106829.4544067138,14.7598288077335,4006.1045402517675,0.013233000000000005,0.00020930241279059218,-0.00020930241279059218,1322.7145600951465,20.79408131901339,-20.79408131901339,105817.1648076117,1663.5265055210648,-1663.5265055210648,1049243.7346,20174.730467803547,-20174.730467803547,3967.7497916476054,4030.81560552771,3905.6707003739393,15.108799545560881,15.640820572788572,14.59487516307732,6.373033249000001,0.023426527446183214,-0.023426527446183214,1.560214,0.0001985698869416517,-0.0001985698869416517,4.920096851399999,0.031366940502107546,-0.031366940502107546,1.5630359999999999,0.00019063708978060264,-0.00019063708978060264,1.4529363978,0.010067768735701293,-0.010067768735701293,6.3574226446,0.023619763732332908,-0.023619763732332908,0.0,0.0,0.0,-0.795033289896766,0.0,-0.6054213504648646,,0.21049119297478397,0.005127564182687421,0.3576962325747665,0.003198904695039172,-0.1340475249399382,0.2166467569959165,
007_230℃_280_2.0mm.csv,2.0,280,1.486385,0.300035947,1.49819,0.300180992,0.011805,1.276770646,6.335470515,1.558295,4.886649694,1.560935,1.448820822,6.320783898,230,0.011804999999999843,976589.6539999999,1482.4227022448313,80.0,118593.8161795865,12.548180533844729,4447.268106734494,0.01178833333333329,0.00012086493839543654,-0.00012086493839543654,1484.6228568240167,15.254167249838481,-15.254167249838481,118769.82854592135,1220.3333799870773,-1220.3333799870773,976539.6066666666,2109.71526149399,-2109.71526149399,4453.712059261735,4499.660332509011,4408.2329867226,12.529363298581314,12.685889062234319,12.374768839432626,6.403015179666667,0.07188738158576609,-0.07188738158576609,1.5587100000000003,0.00043078416869708026,-0.00043078416869708026,4.951282734333334,0.06629763231428673,-0.06629763231428673,1.5613416666666666,0.0004290202015445869,-0.0004290202015445869,1.4517324453333333,0.0067462204650494675,-0.0067462204650494675,6.388426033333334,0.07197110385901219,-0.07197110385901219,0.0,0.0,0.0,0.0,0.0,0.0,,-0.9308961773981139,-0.024700387507383154,-1.241305069547056,-0.023377954268875213,0.0,-0.9349075940051796,
008_230℃_280_2.0mm.csv,2.0,280,1.486515,0.300077362,1.498175,0.300021584,0.01166,1.274426897,6.395001338,1.55868,4.948070342,1.5613,1.446930995,6.38043507,230,0.011660000000000004,974405.3129999998,1500.8576329331042,80.0,120068.61063464834,12.366330285257146,4502.5728987993125,0.01178833333333329,0.00012086493839543654,-0.00012086493839543654,1484.6228568240167,15.254167249838481,-15.254167249838481,118769.82854592135,1220.3333799870773,-1220.3333799870773,976539.6066666666,2109.71526149399,-2109.71526149399,4453.712059261735,4499.660332509011,4408.2329867226,12.529363298581314,12.685889062234319,12.374768839432626,6.403015179666667,0.07188738158576609,-0.07188738158576609,1.5587100000000003,0.00043078416869708026,-0.00043078416869708026,4.951282734333334,0.06629763231428673,-0.06629763231428673,1.5613416666666666,0.0004290202015445869,-0.0004290202015445869,1.4517324453333333,0.0067462204650494675,-0.0067462204650494675,6.388426033333334,0.07197110385901219,-0.07197110385901219,-1.2282930961443594,1.2435677530003402,1.243567753000343,-0.2236702990916608,1.2435677530003348,-1.449216068394139,,0.0,0.0,0.0,0.0,-0.13043897294292656,0.0,
009_230℃_280_2.0mm.csv,2.0,280,1.486305,0.300038157,1.498205,0.300035,0.0119,1.278658853,6.478573686,1.559155,5.019128167,1.56179,1.459445519,6.464059132,230,0.011900000000000022,978623.853,1470.588235294115,80.0,117647.05882352921,12.675508953142879,4411.764705882345,0.01178833333333329,0.00012086493839543654,-0.00012086493839543654,1484.6228568240167,15.254167249838481,-15.254167249838481,118769.82854592135,1220.3333799870773,-1220.3333799870773,976539.6066666666,2109.71526149399,-2109.71526149399,4453.712059261735,4499.660332509011,4408.2329867226,12.529363298581314,12.685889062234319,12.374768839432626,6.403015179666667,0.07188738158576609,-0.07188738158576609,1.5587100000000003,0.00043078416869708026,-0.00043078416869708026,4.951282734333334,0.06629763231428673,-0.06629763231428673,1.5613416666666666,0.0004290202015445869,-0.0004290202015445869,1.4517324453333333,0.0067462204650494675,-0.0067462204650494675,6.388426033333334,0.07197110385901219,-0.07197110385901219,0.8047437526487042,-0.7983193277325882,-0.7983193277325851,0.2082961857795945,-0.7983193277325934,1.014716188970364,,1.3068386319702703,0.030474504067544535,1.4360714397459058,0.03138410299110366,0.7333340906388426,1.3106325992280674,
010_230℃_320_2.0mm.csv,2.0,320,1.486925,0.300222516,1.49765,0.300086216,0.010725,1.201170058,6.324938275,1.557305,4.894831882,1.55985,1.430106393,6.31052867,230,0.010724999999999874,901083.8420000001,1631.701631701651,80.0,130536.13053613208,10.51877464538763,4895.104895104953,0.011053333333333285,0.0002901005572786174,-0.0002901005572786174,1583.969473426601,42.1036890967285,-42.1036890967285,126717.55787412809,3368.295127738282,-3368.295127738282,940346.5733333334,34751.35535722837,-34751.35535722837,4750.798617331987,4877.968765050751,4626.943834522214,11.305327416159532,12.049024437911893,10.607533302398881,6.378631586666667,0.061303878924802345,-0.061303878924802345,1.5575966666666667,0.0003268919291344878,-0.0003268919291344878,4.9226236089999995,0.04675005778571973,-0.04675005778571973,1.5601533333333333,0.0003212994449626778,-0.0003212994449626778,1.4560079769999998,0.02243180228734994,-0.02243180228734994,6.3640542049999995,0.06140406404903081,-0.06140406404903081,-3.89784946236723,4.055944055945829,4.055944055945831,-5.428068804310934,4.055944055945823,-9.114340315972406,,-0.6376656140521376,-0.014766923375715633,-0.03286329796271838,-0.017306361049149583,-2.6363233660788223,-0.6301456867845697,
011_230℃_320_2.0mm.csv,2.0,320,1.486915,0.300100594,1.498075,0.300196873,0.01116,1.252999497,6.365529065,1.557535,4.896441014,1.56012,1.46908805,6.350546364,230,0.011160000000000059,952802.6240000001,1568.1003584229309,80.0,125448.02867383447,11.573635138873529,4704.301075268793,0.011053333333333285,0.0002901005572786174,-0.0002901005572786174,1583.969473426601,42.1036890967285,-42.1036890967285,126717.55787412809,3368.295127738282,-3368.295127738282,940346.5733333334,34751.35535722837,-34751.35535722837,4750.798617331987,4877.968765050751,4626.943834522214,11.305327416159532,12.049024437911893,10.607533302398881,6.378631586666667,0.061303878924802345,-0.061303878924802345,1.5575966666666667,0.0003268919291344878,-0.0003268919291344878,4.9226236089999995,0.04675005778571973,-0.04675005778571973,1.5601533333333333,0.0003212994449626778,-0.0003212994449626778,1.4560079769999998,0.02243180228734994,-0.02243180228734994,6.3640542049999995,0.06140406404903081,-0.06140406404903081,0.0,0.0,0.0,0.0,0.0,0.0,,0.0,0.0,0.0,0.0,0.017603268596700743,0.0,
012_230℃_320_2.0mm.csv,2.0,320,1.486925,0.300197811,1.4982,0.300010382,0.011275,1.267163636,6.44542742,1.55795,4.976597931,1.56049,1.468829488,6.431087581,230,0.011274999999999924,967153.2540000001,1552.106430155221,80.0,124168.51441241769,11.86901000146931,4656.3192904656635,0.011053333333333285,0.0002901005572786174,-0.0002901005572786174,1583.969473426601,42.1036890967285,-42.1036890967285,126717.55787412809,3368.295127738282,-3368.295127738282,940346.5733333334,34751.35535722837,-34751.35535722837,4750.798617331987,4877.968765050751,4626.943834522214,11.305327416159532,12.049024437911893,10.607533302398881,6.378631586666667,0.061303878924802345,-0.061303878924802345,1.5575966666666667,0.0003268919291344878,-0.0003268919291344878,4.9226236089999995,0.04675005778571973,-0.04675005778571973,1.5601533333333333,0.0003212994449626778,-0.0003212994449626778,1.4560079769999998,0.02243180228734994,-0.02243180228734994,6.3640542049999995,0.06140406404903081,-0.06140406404903081,1.0304659498195752,-1.019955654100817,-1.0199556541008141,1.506149294567854,-1.0199556541008217,2.552135600021425,,1.2551722595897077,0.026644666090974153,1.6370444731349532,0.02371612440068594,0.0,1.2682564992607854,
