元ファイル,キャビティ厚み[mm],射出速度[mm/s],CH03_立ち上がり時間(s),CH03_立ち上がり圧力(MPa),CH04_立ち上がり時間(s),CH04_立ち上がり圧力(MPa),立ち上がり時間差(s),先行列圧力@後発列立ち上がり時(MPa),V01横ばい終点時間(s),CH03圧力@V01横ばい終点(MPa),CH04圧力@V01横ばい終点(MPa),先行列-後発列圧力差@V01横ばい終点(MPa)
001_190℃_020_0.5mm.csv,0.5,20,1.480965,0.300052787,1.55557,0.300028903,0.074605,12.60449592,1.823855,60.60195375,47.31975499,13.28219876
002_190℃_020_0.5mm.csv,0.5,20,1.48122,0.300039548,1.55725,0.300234615,0.07603,12.74079056,1.818075,59.92304658,46.10047008,13.8225765
003_190℃_020_0.5mm.csv,0.5,20,1.48093,0.300048789,1.556785,0.300223623,0.075855,12.72583919,1.828095,61.13968394,47.82389791,13.31578603
004_190℃_020_0.5mm.csv,0.5,20,1.48152,0.300047345,1.55619,0.300199575,0.07467,12.66270612,1.826545,60.98426063,47.51655265,13.46770798
005_190℃_020_0.5mm.csv,0.5,20,1.4816,0.300131256,1.556995,0.300021467,0.075395,12.73429686,1.805665,58.9440491,45.29278117,13.65126792
006_190℃_020_0.5mm.csv,0.5,20,1.4814,0.300129786,1.55696,0.300138372,0.07556,12.69699016,1.82032,60.27024331,46.81838323,13.45186007
007_190℃_020_0.5mm.csv,0.5,20,1.48163,0.300127134,1.55741,0.300015932,0.07578,12.76165028,1.81977,60.2868156,46.73931934,13.54749626
008_190℃_020_0.5mm.csv,0.5,20,1.48168,0.300045873,1.556625,0.300002913,0.074945,12.66419918,1.81669,60.33964856,46.90058495,13.43906361
009_190℃_020_0.5mm.csv,0.5,20,1.482015,0.300139469,1.556465,0.300159063,0.07445,12.63367838,1.81967,60.26929131,46.86048878,13.40880253
010_190℃_020_0.5mm.csv,0.5,20,1.4808,0.300025588,1.559005,0.300135112,0.078205,12.91078399,1.81989,60.57070926,46.01286769,14.55784157
011_190℃_040_0.5mm.csv,0.5,40,1.39161,0.300174867,1.43496,0.300071611,0.04335,10.35735742,1.56583,51.80858148,37.93867642,13.86990506
012_190℃_040_0.5mm.csv,0.5,40,1.392105,0.300194394,1.435515,0.300042763,0.04341,10.44648178,1.565635,51.59289486,37.79513731,13.79775755
013_190℃_040_0.5mm.csv,0.5,40,1.38914,0.300200645,1.43284,0.300275493,0.0437,10.41402673,1.56653,52.16188623,38.46344847,13.69843776
014_190℃_040_0.5mm.csv,0.5,40,1.389745,0.30017848,1.4329,0.300055504,0.043155,10.40948794,1.56623,52.14143951,38.44761538,13.69382413
015_190℃_040_0.5mm.csv,0.5,40,1.396825,0.300217373,1.440625,0.300214894,0.0438,10.38810226,1.573965,52.05606661,38.35013398,13.70593263
016_190℃_040_0.5mm.csv,0.5,40,1.392175,0.300220168,1.43566,0.300001596,0.043485,10.38239982,1.56902,52.21680489,38.47976606,13.73703883
017_190℃_040_0.5mm.csv,0.5,40,1.390445,0.300205312,1.433895,0.30015478,0.04345,10.35131766,1.566575,52.31760788,38.521908,13.79569988
018_190℃_040_0.5mm.csv,0.5,40,1.391545,0.300186761,1.435335,0.300239058,0.04379,10.46479956,1.562665,51.43768126,37.48896089,13.94872036
019_190℃_040_0.5mm.csv,0.5,40,1.3905,0.300056307,1.43408,0.300106849,0.04358,10.38097301,1.565305,51.78837672,37.9967158,13.79166091
020_190℃_040_0.5mm.csv,0.5,40,1.3909,0.300177078,1.43483,0.300215514,0.04393,10.395506,1.568095,51.76446834,38.12567379,13.63879455
021_190℃_080_0.5mm.csv,0.5,80,1.19663,0.300278856,1.217645,0.300028398,0.021015,6.14061055,1.2752,40.60536108,26.70033412,13.90502695
022_190℃_080_0.5mm.csv,0.5,80,1.20097,0.300123716,1.22198,0.300315399,0.02101,6.178550795,1.27692,40.14207994,25.96364489,14.17843505
023_190℃_080_0.5mm.csv,0.5,80,1.196945,0.300213585,1.217885,0.300168014,0.02094,6.138694946,1.276315,41.60395948,27.59136483,14.01259466
024_190℃_080_0.5mm.csv,0.5,80,1.19939,0.300192612,1.2204,0.300222092,0.02101,6.226926259,1.279455,41.38668944,27.54152334,13.8451661
025_190℃_080_0.5mm.csv,0.5,80,1.1936,0.300255045,1.214305,0.300077299,0.020705,6.072976936,1.27884,43.27966764,29.78949725,13.49017039
026_190℃_080_0.5mm.csv,0.5,80,1.20253,0.300085232,1.223455,0.300082992,0.020925,6.210965248,1.276145,39.38173262,25.03449016,14.34724246
027_190℃_080_0.5mm.csv,0.5,80,1.198855,0.300124812,1.21973,0.300252964,0.020875,6.140384605,1.278145,41.21307464,27.30748377,13.90559087
028_190℃_080_0.5mm.csv,0.5,80,1.19707,0.300021308,1.21808,0.300109617,0.02101,6.198677634,1.277535,41.92934599,27.94477197,13.98457402
029_190℃_080_0.5mm.csv,0.5,80,1.19736,0.30017448,1.218345,0.300219183,0.020985,6.191457895,1.2779,41.60261842,27.78275396,13.81986446
030_190℃_080_0.5mm.csv,0.5,80,1.197155,0.300089283,1.217995,0.300343131,0.02084,6.148914754,1.277905,41.84256069,28.00689075,13.83566995
031_190℃_120_0.5mm.csv,0.5,120,1.140035,0.300004481,1.153155,0.300275038,0.01312,3.753596403,1.17929,26.95256283,12.99589227,13.95667056
032_190℃_120_0.5mm.csv,0.5,120,1.14072,0.30005488,1.155385,0.300241757,0.014665,4.150327689,1.179715,25.16773914,11.17183749,13.99590166
033_190℃_120_0.5mm.csv,0.5,120,1.13972,0.300171341,1.15396,0.300249719,0.01424,4.054634264,1.17867,25.2134626,11.24217791,13.97128469
034_190℃_120_0.5mm.csv,0.5,120,1.139685,0.300060846,1.15368,0.300272959,0.013995,3.991313026,1.18011,26.86636197,12.70584445,14.16051753
035_190℃_120_0.5mm.csv,0.5,120,1.139165,0.300100878,1.15378,0.30031612,0.014615,4.164453011,1.17958,26.44518843,12.27198309,14.17320534
036_190℃_120_0.5mm.csv,0.5,120,1.1396,0.300127457,1.153765,0.300198808,0.014165,3.925824631,1.17995,26.96984844,12.84917839,14.12067005
037_190℃_120_0.5mm.csv,0.5,120,1.137255,0.300003798,1.15232,0.300034929,0.015065,4.240881905,1.17901,27.78036414,13.51184239,14.26852175
038_190℃_120_0.5mm.csv,0.5,120,1.13783,0.300343766,1.15197,0.300120274,0.01414,4.066252536,1.180695,29.20987613,14.87183845,14.33803769
039_190℃_120_0.5mm.csv,0.5,120,1.137005,0.300192208,1.15138,0.30003439,0.014375,4.08398126,1.18125,29.99584273,15.61529566,14.38054708
040_190℃_120_0.5mm.csv,0.5,120,1.13951,0.300278994,1.154375,0.300081359,0.014865,4.152761874,1.18424,30.08705558,15.64659874,14.44045683
041_190℃_160_0.5mm.csv,0.5,160,1.11083,0.300061927,1.121955,0.300379041,0.011125,2.955107171,1.13487,13.24043469,3.936938613,9.303496074
042_190℃_160_0.5mm.csv,0.5,160,1.10831,0.300188192,1.11986,0.300171107,0.01155,3.242949404,1.131295,12.32653402,3.159696395,9.166837624
043_190℃_160_0.5mm.csv,0.5,160,1.10889,0.300076044,1.120285,0.300105686,0.011395,3.150907267,1.131635,12.04628872,3.028316776,9.017971945
044_190℃_160_0.5mm.csv,0.5,160,1.10592,0.300254246,1.117175,0.300337787,0.011255,3.039957783,1.131805,15.35932884,4.594259169,10.76506967
045_190℃_160_0.5mm.csv,0.5,160,1.10825,0.300004041,1.11959,0.300126272,0.01134,3.112600505,1.1319,13.03236734,3.573709505,9.458657838
046_190℃_160_0.5mm.csv,0.5,160,1.10738,0.300151399,1.118755,0.300245318,0.011375,3.203502276,1.130385,12.44393184,3.258454897,9.185476948
047_190℃_160_0.5mm.csv,0.5,160,1.106625,0.300026228,1.118075,0.300179625,0.01145,3.129023146,1.131005,13.5002299,3.966901335,9.533328562
048_190℃_160_0.5mm.csv,0.5,160,1.108655,0.300129096,1.12002,0.300424246,0.011365,3.132364603,1.13133,11.86527126,3.169003484,8.696267775
049_190℃_160_0.5mm.csv,0.5,160,1.108305,0.300048967,1.11939,0.300146913,0.011085,3.040303233,1.13101,12.07293029,3.319130807,8.753799487
050_190℃_160_0.5mm.csv,0.5,160,1.108675,0.300155583,1.11972,0.300256088,0.011045,2.962279669,1.13169,12.3202121,3.462410496,8.8578016
051_190℃_200_0.5mm.csv,0.5,200,1.0895,0.300005178,1.099,0.300151587,0.0095,2.504834191,1.105455,6.534336371,1.421269951,5.113066421
052_190℃_200_0.5mm.csv,0.5,200,1.089845,0.300386232,1.09886,0.300238764,0.009015,2.321655004,1.10594,6.755136185,1.569330464,5.185805721
053_190℃_200_0.5mm.csv,0.5,200,1.089995,0.300262059,1.09921,0.300034532,0.009215,2.403174438,1.105165,5.985198678,1.27196845,4.713230228
054_190℃_200_0.5mm.csv,0.5,200,1.08794,0.300271613,1.09724,0.300115697,0.0093,2.414714421,1.10527,7.773413508,1.928751537,5.84466197
055_190℃_200_0.5mm.csv,0.5,200,1.089175,0.300144652,1.0987,0.30019796,0.009525,2.467555606,1.105725,6.931864946,1.569107918,5.362757028
056_190℃_200_0.5mm.csv,0.5,200,1.08838,0.300015544,1.097485,0.30028085,0.009105,2.358657734,1.105215,7.40048972,1.798331359,5.602158361
057_190℃_200_0.5mm.csv,0.5,200,1.088485,0.300128587,1.09796,0.300154013,0.009475,2.397719088,1.10549,7.278264603,1.739858219,5.538406384
058_190℃_200_0.5mm.csv,0.5,200,1.08782,0.300007508,1.09705,0.300159649,0.00923,2.337707151,1.10512,7.640606293,1.896892224,5.743714069
059_190℃_200_0.5mm.csv,0.5,200,1.089625,0.300407835,1.098725,0.300430922,0.0091,2.402124325,1.10536,6.547542601,1.473670847,5.073871754
060_190℃_200_0.5mm.csv,0.5,200,1.088445,0.300274523,1.097715,0.300265066,0.00927,2.371801164,1.10554,7.485730103,1.824138703,5.6615914
061_190℃_240_0.5mm.csv,0.5,240,1.07571,0.300087816,1.084095,0.300222483,0.008385,2.14398096,1.087345,3.758306712,0.700301438,3.058005275
062_190℃_240_0.5mm.csv,0.5,240,1.075245,0.300279147,1.0838,0.300291621,0.008555,2.199556045,1.086985,3.790851858,0.690626597,3.100225261
063_190℃_240_0.5mm.csv,0.5,240,1.074715,0.300349268,1.08339,0.300195135,0.008675,2.160233254,1.087415,4.255478299,0.84266434,3.412813959
064_190℃_240_0.5mm.csv,0.5,240,1.0754,0.300283579,1.08378,0.300375095,0.00838,2.11659794,1.08756,4.034256211,0.787875218,3.246380993
065_190℃_240_0.5mm.csv,0.5,240,1.0748,0.300261992,1.083575,0.300062212,0.008775,2.228274029,1.087105,4.045377298,0.758290684,3.287086614
066_190℃_240_0.5mm.csv,0.5,240,1.074685,0.300401628,1.08313,0.300090204,0.008445,2.158824016,1.087545,4.521416469,0.933792901,3.587623568
067_190℃_240_0.5mm.csv,0.5,240,1.075335,0.300043466,1.08394,0.300368967,0.008605,2.206011348,1.08726,3.885202235,0.719015761,3.166186474
068_190℃_240_0.5mm.csv,0.5,240,1.07496,0.300387961,1.083335,0.300173777,0.008375,2.134469731,1.087135,4.090799985,0.811246994,3.279552992
069_190℃_240_0.5mm.csv,0.5,240,1.07556,0.300141401,1.084115,0.30022779,0.008555,2.166683903,1.08703,3.595608292,0.653990533,2.941617759
070_190℃_240_0.5mm.csv,0.5,240,1.07445,0.300279085,1.08302,0.300116539,0.00857,2.229279327,1.08751,4.691531444,0.967003152,3.724528292
071_190℃_280_0.5mm.csv,0.5,280,1.066415,0.300330261,1.074765,0.300001819,0.00835,2.077875433,1.072175,1.231657458,0.140515355,1.091142103
072_190℃_280_0.5mm.csv,0.5,280,1.067865,0.300034918,1.075895,0.300094633,0.00803,2.018569821,1.07433,1.475831634,0.193467478,1.282364156
073_190℃_280_0.5mm.csv,0.5,280,1.066145,0.300388896,1.074355,0.300418402,0.00821,2.11092965,1.072765,1.539841469,0.182642879,1.357198591
074_190℃_280_0.5mm.csv,0.5,280,1.06659,0.300065766,1.074795,0.300134391,0.008205,2.07733027,1.07274,1.376591102,0.166582567,1.210008535
075_190℃_280_0.5mm.csv,0.5,280,1.0661,0.300127889,1.074285,0.300319211,0.008185,2.081198421,1.072695,1.518002128,0.185100902,1.332901226
076_190℃_280_0.5mm.csv,0.5,280,1.065995,0.300389987,1.07396,0.30041231,0.007965,2.061438539,1.07243,1.516431173,0.188968559,1.327462614
077_190℃_280_0.5mm.csv,0.5,280,1.06807,0.300230419,1.07582,0.300079081,0.00775,1.946792764,1.07564,1.879123524,0.285084557,1.594038967
078_190℃_280_0.5mm.csv,0.5,280,1.06587,0.300377301,1.073815,0.30031012,0.007945,1.993803641,1.07233,1.478483687,0.193723629,1.284760058
079_190℃_280_0.5mm.csv,0.5,280,1.0656,0.300058093,1.07632,0.300153433,0.01072,3.262826013,1.073195,1.846347016,0.205213077,1.641133939
080_190℃_280_0.5mm.csv,0.5,280,1.0665,0.300059212,1.076025,0.300225572,0.009525,2.597125864,1.073215,1.517561979,0.19564178,1.321920199
081_190℃_320_0.5mm.csv,0.5,320,1.05983,0.300138182,1.07357,0.30027019,0.01374,5.230423372,1.06608,1.417166086,0.024992308,1.392173778
082_190℃_320_0.5mm.csv,0.5,320,1.060085,0.300081213,1.073445,0.300066504,0.01336,4.862109254,1.066245,1.363060306,0.083037456,1.280022851
083_190℃_320_0.5mm.csv,0.5,320,1.05955,0.300244163,1.071425,0.300283808,0.011875,3.924783049,1.066075,1.48517163,0.031424018,1.453747611
084_190℃_320_0.5mm.csv,0.5,320,1.06246,0.300325995,1.07253,0.300140341,0.01007,2.943184577,1.068625,1.399377725,0.138216136,1.261161589
085_190℃_320_0.5mm.csv,0.5,320,1.05985,0.300011647,1.071625,0.300129836,0.011775,3.899678528,1.0662,1.442848112,-0.005247116,1.448095228
086_190℃_320_0.5mm.csv,0.5,320,1.05934,0.300449655,1.074975,0.300370344,0.015635,7.117932849,1.066125,1.678095362,-0.11704837,1.795143732
087_190℃_320_0.5mm.csv,0.5,320,1.06036,0.300380758,1.0704,0.300018739,0.01004,2.809860527,1.066255,1.266635754,0.231815989,1.034819764
088_190℃_320_0.5mm.csv,0.5,320,1.06018,0.300388835,1.069705,0.300082186,0.009525,2.663574889,1.06637,1.399078642,0.241951068,1.157127575
089_190℃_320_0.5mm.csv,0.5,320,1.060055,0.300350675,1.075795,0.300122644,0.01574,7.034201343,1.06581,1.314063597,-0.155642319,1.469705916
090_190℃_320_0.5mm.csv,0.5,320,1.06178,0.300176002,1.072235,0.300134419,0.010455,3.032662739,1.068625,1.544635047,0.233685205,1.310949841
001_210℃_020_0.5mm.csv,0.5,20,1.4778,0.300019299,1.58061,0.300151548,0.10281,13.7029291,1.84758,59.79678023,45.89997368,13.89680654
002_210℃_020_0.5mm.csv,0.5,20,1.477935,0.300091873,1.58053,0.300041866,0.102595,13.59809621,1.847405,59.35303956,45.51042818,13.84261139
003_210℃_020_0.5mm.csv,0.5,20,1.47801,0.300053931,1.58079,0.300131155,0.10278,13.64710462,1.85227,59.54562324,45.78385547,13.76176776
004_210℃_020_0.5mm.csv,0.5,20,1.478815,0.300028399,1.58047,0.30009118,0.101655,13.56039801,1.853235,59.09810779,45.46709639,13.63101139
005_210℃_020_0.5mm.csv,0.5,20,1.47814,0.300080872,1.58142,0.300079606,0.10328,13.68006167,1.86496,60.96076197,47.2746141,13.68614787
006_210℃_020_0.5mm.csv,0.5,20,1.47823,0.300046189,1.5813,0.300104214,0.10307,13.62352101,1.85402,60.34033996,46.5187771,13.82156286
007_210℃_020_0.5mm.csv,0.5,20,1.478695,0.300059104,1.581415,0.300107257,0.10272,13.63177868,1.8701,60.30569279,46.91851755,13.38717524
008_210℃_020_0.5mm.csv,0.5,20,1.47854,0.300033508,1.58083,0.300134724,0.10229,13.60598518,1.85473,59.99139383,46.21438438,13.77700946
009_210℃_020_0.5mm.csv,0.5,20,1.47818,0.300107132,1.58143,0.300020064,0.10325,13.65672068,1.861385,60.06904885,46.41731158,13.65173727
010_210℃_020_0.5mm.csv,0.5,20,1.478545,0.300087486,1.58118,0.300127121,0.102635,13.61196778,1.855075,59.98689892,46.21200867,13.77489025
011_210℃_040_0.5mm.csv,0.5,40,1.36621,0.300070214,1.41232,0.300165122,0.04611,9.782222159,1.562225,49.29120162,37.08372735,12.20747427
012_210℃_040_0.5mm.csv,0.5,40,1.36595,0.300041919,1.412025,0.300118227,0.046075,9.780588034,1.55658,45.29539385,33.86288187,11.43251198
013_210℃_040_0.5mm.csv,0.5,40,1.369075,0.30006551,1.41505,0.300151843,0.045975,9.78717035,1.544595,47.899633,34.61416495,13.28546806
014_210℃_040_0.5mm.csv,0.5,40,1.372305,0.300104767,1.41781,0.300171785,0.045505,9.763134692,1.54825,48.52484021,35.2178952,13.30694501
015_210℃_040_0.5mm.csv,0.5,40,1.372885,0.300218185,1.41898,0.300070867,0.046095,9.827838154,1.551195,49.3860569,35.99184361,13.39421329
016_210℃_040_0.5mm.csv,0.5,40,1.372225,0.300129828,1.418155,0.300215176,0.04593,9.850245978,1.539395,48.25936783,34.38209282,13.87727501
017_210℃_040_0.5mm.csv,0.5,40,1.36513,0.300098464,1.41143,0.300189398,0.0463,9.80664981,1.567685,47.7278283,36.43696567,11.29086264
018_210℃_040_0.5mm.csv,0.5,40,1.367795,0.300186749,1.413395,0.300069784,0.0456,9.815120002,1.56596,48.1920499,36.48416863,11.70788127
019_210℃_040_0.5mm.csv,0.5,40,1.36576,0.300053909,1.411795,0.300009478,0.046035,9.809008322,1.55453,49.3249035,36.55199799,12.77290551
020_210℃_040_0.5mm.csv,0.5,40,1.367545,0.300012276,1.41368,0.300156313,0.046135,9.849007491,1.56871,46.71456942,35.55518219,11.15938722
021_210℃_080_0.5mm.csv,0.5,80,1.19393,0.300103688,1.2154,0.300060826,0.02147,5.997574528,1.280195,44.24251429,30.83068744,13.41182684
022_210℃_080_0.5mm.csv,0.5,80,1.195595,0.30004754,1.21657,0.300052709,0.020975,5.909288969,1.27985,43.13254323,29.75335289,13.37919034
023_210℃_080_0.5mm.csv,0.5,80,1.192985,0.300281428,1.213915,0.300277293,0.02093,5.827908678,1.27777,43.93479282,30.41666521,13.51812761
024_210℃_080_0.5mm.csv,0.5,80,1.193085,0.300071829,1.2146,0.300072823,0.021515,5.970096965,1.278645,43.77162909,30.31078998,13.46083911
025_210℃_080_0.5mm.csv,0.5,80,1.19212,0.300285788,1.213305,0.300082959,0.021185,5.825971364,1.27799,43.66084208,30.31344326,13.34739883
026_210℃_080_0.5mm.csv,0.5,80,1.192325,0.300142403,1.21392,0.300051308,0.021595,5.951411338,1.27982,43.85811156,30.6096684,13.24844315
027_210℃_080_0.5mm.csv,0.5,80,1.194895,0.300179015,1.21596,0.300030817,0.021065,5.843260113,1.283165,43.60690174,30.62777072,12.97913102
028_210℃_080_0.5mm.csv,0.5,80,1.191595,0.30023866,1.21267,0.300208688,0.021075,5.799289459,1.27957,44.07309334,30.93894874,13.1341446
029_210℃_080_0.5mm.csv,0.5,80,1.191525,0.300091251,1.21322,0.300171642,0.021695,5.972281223,1.27951,44.19380698,30.9280928,13.26571418
030_210℃_080_0.5mm.csv,0.5,80,1.192975,0.300180822,1.21416,0.300265254,0.021185,5.87435619,1.278665,43.36217407,30.04563468,13.3165394
031_210℃_120_0.5mm.csv,0.5,120,1.13738,0.300170266,1.151545,0.300391174,0.014165,3.906050772,1.18206,30.41505178,16.35815309,14.05689869
032_210℃_120_0.5mm.csv,0.5,120,1.13435,0.300312892,1.14819,0.300110684,0.01384,3.805866623,1.181205,32.44329485,18.37347999,14.06981485
033_210℃_120_0.5mm.csv,0.5,120,1.13438,0.300256431,1.14817,0.300286606,0.01379,3.754018381,1.1813,32.44653614,18.37203289,14.07450325
034_210℃_120_0.5mm.csv,0.5,120,1.13333,0.300252833,1.147415,0.300065674,0.014085,3.745254883,1.17865,30.72904763,16.6651568,14.06389083
035_210℃_120_0.5mm.csv,0.5,120,1.13382,0.300125056,1.147595,0.300034172,0.013775,3.689303841,1.1816,33.03859683,18.96875116,14.06984567
036_210℃_120_0.5mm.csv,0.5,120,1.136365,0.300038204,1.150785,0.300159492,0.01442,3.892522134,1.183475,32.29809816,18.17975116,14.118347
037_210℃_120_0.5mm.csv,0.5,120,1.137075,0.300066242,1.151265,0.300197521,0.01419,3.784524117,1.184565,32.59147623,18.49631436,14.09516187
038_210℃_120_0.5mm.csv,0.5,120,1.136765,0.300213154,1.15069,0.300011362,0.013925,3.741700368,1.18473,33.25070806,19.14913591,14.10157215
039_210℃_120_0.5mm.csv,0.5,120,1.135815,0.300166773,1.149725,0.300170628,0.01391,3.73095311,1.18405,33.39792304,19.32477394,14.07314909
040_210℃_120_0.5mm.csv,0.5,120,1.13282,0.300038438,1.14685,0.300309684,0.01403,3.745624613,1.17758,30.22015166,16.2043596,14.01579206
041_210℃_160_0.5mm.csv,0.5,160,1.107135,0.300237116,1.117955,0.300220692,0.01082,2.820074011,1.13564,18.34546484,7.21904234,11.1264225
042_210℃_160_0.5mm.csv,0.5,160,1.10516,0.300221736,1.11575,0.300118649,0.01059,2.746604943,1.13295,17.60900365,6.732896307,10.87610735
043_210℃_160_0.5mm.csv,0.5,160,1.104825,0.300037654,1.11559,0.300222402,0.010765,2.768060616,1.13328,18.20761421,7.120300581,11.08731363
044_210℃_160_0.5mm.csv,0.5,160,1.105055,0.300119483,1.115985,0.300188342,0.01093,2.80571262,1.13339,17.96733898,6.954761131,11.01257785
045_210℃_160_0.5mm.csv,0.5,160,1.10503,0.300364114,1.11586,0.300206078,0.01083,2.853837718,1.133215,18.04713936,6.998245164,11.0488942
046_210℃_160_0.5mm.csv,0.5,160,1.104815,0.300363085,1.11543,0.300209773,0.010615,2.750398949,1.132275,17.17825718,6.460051595,10.71820558
047_210℃_160_0.5mm.csv,0.5,160,1.10808,0.300299766,1.11891,0.300321432,0.01083,2.777068059,1.1357,17.15581948,6.440985003,10.71483447
048_210℃_160_0.5mm.csv,0.5,160,1.107465,0.300322548,1.11815,0.300077471,0.010685,2.839131933,1.136585,19.28327105,7.847490428,11.43578062
049_210℃_160_0.5mm.csv,0.5,160,1.10396,0.300251071,1.114835,0.300182369,0.010875,2.779941496,1.132985,18.74981662,7.479162062,11.27065455
050_210℃_160_0.5mm.csv,0.5,160,1.10327,0.300148907,1.11415,0.300235411,0.01088,2.845198172,1.13204,18.63242915,7.399940687,11.23248847
051_210℃_200_0.5mm.csv,0.5,200,1.090175,0.300258866,1.09913,0.300252948,0.008955,2.237774272,1.10866,8.785773828,2.498785693,6.286988135
052_210℃_200_0.5mm.csv,0.5,200,1.087645,0.300360914,1.096555,0.300326467,0.00891,2.225990549,1.106015,8.716330072,2.475485005,6.240845068
053_210℃_200_0.5mm.csv,0.5,200,1.08717,0.300410315,1.09559,0.300300672,0.00842,2.179721411,1.105775,9.364833355,2.783098963,6.581734392
054_210℃_200_0.5mm.csv,0.5,200,1.087435,0.300415857,1.09603,0.300095906,0.008595,2.220536479,1.105845,9.092665738,2.647749143,6.444916595
055_210℃_200_0.5mm.csv,0.5,200,1.08711,0.300038019,1.096,0.300295972,0.00889,2.273511152,1.10507,8.471355523,2.363062221,6.108293302
056_210℃_200_0.5mm.csv,0.5,200,1.08686,0.300258558,1.09571,0.300044575,0.00885,2.270719359,1.105735,9.408734358,2.776415382,6.632318976
057_210℃_200_0.5mm.csv,0.5,200,1.08674,0.300281157,1.095595,0.30005646,0.008855,2.211543431,1.104815,8.459281035,2.370818544,6.088462491
058_210℃_200_0.5mm.csv,0.5,200,1.086605,0.300081419,1.095245,0.300155708,0.00864,2.173281238,1.105235,9.126565993,2.66558466,6.460981334
059_210℃_200_0.5mm.csv,0.5,200,1.08982,0.300396772,1.09846,0.300377683,0.00864,2.210165673,1.10854,9.317062472,2.756442076,6.560620396
060_210℃_200_0.5mm.csv,0.5,200,1.08674,0.300127295,1.09548,0.300065591,0.00874,2.219237016,1.10541,9.17290794,2.683832104,6.489075836
061_210℃_240_0.5mm.csv,0.5,240,1.073315,0.300042303,1.08105,0.30030455,0.007735,1.978805017,1.087275,5.553592377,1.394283832,4.159308546
062_210℃_240_0.5mm.csv,0.5,240,1.07528,0.300059995,1.08359,0.30024032,0.00831,2.021981932,1.089415,5.273063471,1.270930856,4.002132615
063_210℃_240_0.5mm.csv,0.5,240,1.072795,0.300057439,1.08078,0.300170559,0.007985,1.973969402,1.0874,5.819869211,1.486286807,4.333582404
064_210℃_240_0.5mm.csv,0.5,240,1.07324,0.30033355,1.08136,0.300203381,0.00812,2.029337539,1.08781,5.787295676,1.461981791,4.325313885
065_210℃_240_0.5mm.csv,0.5,240,1.07492,0.300211448,1.082945,0.300384923,0.008025,1.994336848,1.08782,4.557051594,1.022683945,3.534367649
066_210℃_240_0.5mm.csv,0.5,240,1.07427,0.300220151,1.08222,0.300129815,0.00795,2.039933882,1.0875,4.943086359,1.149806271,3.793280088
067_210℃_240_0.5mm.csv,0.5,240,1.07319,0.300008559,1.081445,0.300158932,0.008255,2.018215297,1.08746,5.412646476,1.319296667,4.093349809
068_210℃_240_0.5mm.csv,0.5,240,1.073905,0.300335987,1.08198,0.300366292,0.008075,1.965224749,1.08805,5.347603927,1.30891774,4.038686186
069_210℃_240_0.5mm.csv,0.5,240,1.07369,0.30015497,1.081915,0.300105724,0.008225,2.076658933,1.087405,5.148930592,1.210325874,3.938604719
070_210℃_240_0.5mm.csv,0.5,240,1.07438,0.300397169,1.08268,0.300345075,0.0083,2.034633081,1.08767,4.684081295,1.053050305,3.63103099
071_210℃_280_0.5mm.csv,0.5,280,1.065695,0.300071119,1.073335,0.300018459,0.00764,1.899183552,1.073675,2.028868938,0.330129318,1.69873962
072_210℃_280_0.5mm.csv,0.5,280,1.065255,0.300133141,1.073095,0.300412761,0.00784,1.952492372,1.07277,1.832041837,0.273098303,1.558943534
073_210℃_280_0.5mm.csv,0.5,280,1.06615,0.300174283,1.07399,0.300309047,0.00784,1.916838525,1.07409,1.954425159,0.308990171,1.645434988
074_210℃_280_0.5mm.csv,0.5,280,1.065245,0.300341282,1.072915,0.300212621,0.00767,1.92101579,1.07375,2.254226688,0.381188828,1.87303786
075_210℃_280_0.5mm.csv,0.5,280,1.064475,0.300275523,1.07232,0.300175166,0.007845,1.941555662,1.07317,2.282816286,0.383795134,1.899021151
076_210℃_280_0.5mm.csv,0.5,280,1.06548,0.30005798,1.07335,0.300223517,0.00787,1.976876371,1.07337,1.984556096,0.302031396,1.682524701
077_210℃_280_0.5mm.csv,0.5,280,1.06514,0.300060721,1.072795,0.300101048,0.007655,1.909661183,1.073275,2.095340526,0.343954096,1.75138643
078_210℃_280_0.5mm.csv,0.5,280,1.066935,0.300338032,1.0746,0.300114106,0.007665,1.901758218,1.07554,2.27720461,0.391637642,1.885566968
079_210℃_280_0.5mm.csv,0.5,280,1.064435,0.300133858,1.07228,0.300239277,0.007845,1.947807677,1.07259,2.067908431,0.328801166,1.739107265
080_210℃_280_0.5mm.csv,0.5,280,1.065155,0.300151754,1.07267,0.3002719,0.007515,1.901603068,1.073075,2.058121308,0.337056177,1.721065131
081_210℃_320_0.5mm.csv,0.5,320,1.058445,0.300334289,1.066025,0.30040612,0.00758,1.89293341,1.066645,2.134862941,0.360374317,1.774488624
082_210℃_320_0.5mm.csv,0.5,320,1.05922,0.300030473,1.066645,0.30036866,0.007425,1.85691067,1.066955,1.974283313,0.328393713,1.6458896
083_210℃_320_0.5mm.csv,0.5,320,1.05923,0.300150379,1.06686,0.300348084,0.00763,1.906666666,1.066815,1.889839295,0.296416266,1.593423029
084_210℃_320_0.5mm.csv,0.5,320,1.059285,0.300010982,1.06662,0.300435004,0.007335,1.844986287,1.06747,2.178156874,0.383279864,1.79487701
085_210℃_320_0.5mm.csv,0.5,320,1.058445,0.30036609,1.06595,0.300351225,0.007505,1.857415728,1.06717,2.348104425,0.423399261,1.924705164
086_210℃_320_0.5mm.csv,0.5,320,1.05851,0.300171048,1.06604,0.300162331,0.00753,1.884968963,1.066815,2.190049049,0.375485336,1.814563713
087_210℃_320_0.5mm.csv,0.5,320,1.05871,0.300133279,1.06663,0.300284197,0.00792,1.941645272,1.067005,2.086601399,0.335270449,1.75133095
088_210℃_320_0.5mm.csv,0.5,320,1.05851,0.300186131,1.06582,0.300420553,0.00731,1.793401092,1.067185,2.338332429,0.43740646,1.900925969
089_210℃_320_0.5mm.csv,0.5,320,1.059445,0.300398573,1.0668,0.300401979,0.007355,1.830024912,1.0671,1.941999966,0.3266077,1.615392266
090_210℃_320_0.5mm.csv,0.5,320,1.05845,0.300297567,1.06594,0.30025727,0.00749,1.884228173,1.067095,2.352505693,0.418799695,1.933705998
001_230℃_020_0.5mm.csv,0.5,20,1.47943,0.30000483,1.58411,0.300063923,0.10468,12.76083981,1.880085,58.18695754,45.14077447,13.04618307
002_230℃_020_0.5mm.csv,0.5,20,1.47928,0.300105719,1.5847,0.300029148,0.10542,12.82297205,1.88888,58.74078794,45.7775861,12.96320184
003_230℃_020_0.5mm.csv,0.5,20,1.479485,0.300096898,1.584365,0.300158945,0.10488,12.74606848,1.86687,57.09267836,43.87203506,13.22064331
004_230℃_020_0.5mm.csv,0.5,20,1.479105,0.300108659,1.58504,0.300072293,0.105935,12.76666002,1.87134,57.43021216,44.24334678,13.18686538
005_230℃_020_0.5mm.csv,0.5,20,1.479245,0.300119021,1.58496,0.300051214,0.105715,12.68695881,1.885195,58.20676978,45.227654,12.97911578
006_230℃_020_0.5mm.csv,0.5,20,1.47905,0.300086256,1.58522,0.300156947,0.10617,12.68341714,1.87027,56.98956363,43.8125443,13.17701932
007_230℃_020_0.5mm.csv,0.5,20,1.478825,0.300013352,1.585655,0.300185727,0.10683,12.69812521,1.87381,57.28157648,44.10673412,13.17484236
008_230℃_020_0.5mm.csv,0.5,20,1.479045,0.300070211,1.58518,0.300011984,0.106135,12.62224478,1.891685,58.89392733,45.92231731,12.97161002
009_230℃_020_0.5mm.csv,0.5,20,1.479155,0.30008031,1.58524,0.300054871,0.106085,12.59997688,1.87839,58.03391731,44.86125847,13.17265885
010_230℃_020_0.5mm.csv,0.5,20,1.47937,0.300125685,1.585495,0.300000424,0.106125,12.64829789,1.88985,59.01284664,45.95718532,13.05566132
011_230℃_040_0.5mm.csv,0.5,40,1.360215,0.300111895,1.405845,0.30002327,0.04563,9.077742594,1.565115,48.33530111,36.77947633,11.55582478
012_230℃_040_0.5mm.csv,0.5,40,1.362185,0.30015724,1.40811,0.30018322,0.045925,9.161259181,1.563325,47.98279734,36.42136969,11.56142765
013_230℃_040_0.5mm.csv,0.5,40,1.366075,0.300046471,1.41187,0.300134625,0.045795,9.156024891,1.566115,49.09714028,37.19856109,11.89857919
014_230℃_040_0.5mm.csv,0.5,40,1.361305,0.300071573,1.40654,0.300157922,0.045235,9.021599554,1.56085,49.17184014,37.15112972,12.02071043
015_230℃_040_0.5mm.csv,0.5,40,1.36246,0.300010069,1.408685,0.300177554,0.046225,9.118415366,1.561345,48.60085603,36.48778972,12.11306631
016_230℃_040_0.5mm.csv,0.5,40,1.35987,0.300010886,1.40576,0.300082114,0.04589,9.059732277,1.562825,47.23349407,35.92474326,11.30875081
017_230℃_040_0.5mm.csv,0.5,40,1.35571,0.300019679,1.40222,0.300123856,0.04651,9.137919655,1.55215,49.94292371,37.31515781,12.6277659
018_230℃_040_0.5mm.csv,0.5,40,1.36137,0.300155651,1.406565,0.300119532,0.045195,8.948855705,1.56503,48.32085949,36.69870883,11.62215065
019_230℃_040_0.5mm.csv,0.5,40,1.364195,0.300106103,1.409865,0.300030321,0.04567,9.035285322,1.55534,49.48919013,36.79739394,12.69179618
020_230℃_040_0.5mm.csv,0.5,40,1.361915,0.300099095,1.40718,0.300181471,0.045265,8.959590009,1.564165,48.62905935,36.81395202,11.81510733
021_230℃_080_0.5mm.csv,0.5,80,1.19128,0.300083482,1.212275,0.300220768,0.020995,5.532765507,1.27705,43.63265169,30.3163879,13.31626378
022_230℃_080_0.5mm.csv,0.5,80,1.189705,0.300045593,1.21105,0.300090623,0.021345,5.608752561,1.275455,43.61478042,30.23724319,13.37753723
023_230℃_080_0.5mm.csv,0.5,80,1.19067,0.300172503,1.21212,0.300299636,0.02145,5.606314022,1.27719,43.79034817,30.45360809,13.33674008
024_230℃_080_0.5mm.csv,0.5,80,1.191385,0.300299988,1.21248,0.300232477,0.021095,5.587427329,1.278065,43.19417323,30.04793007,13.14624316
025_230℃_080_0.5mm.csv,0.5,80,1.186525,0.300146072,1.20773,0.300183209,0.021205,5.559927432,1.276815,44.64790366,31.64077424,13.00712943
026_230℃_080_0.5mm.csv,0.5,80,1.19538,0.300120769,1.216775,0.300127602,0.021395,5.699559075,1.27871,43.09159884,29.48787486,13.60372398
027_230℃_080_0.5mm.csv,0.5,80,1.19146,0.300030907,1.21287,0.300271543,0.02141,5.64916536,1.27772,44.04997287,30.63551984,13.41445303
028_230℃_080_0.5mm.csv,0.5,80,1.192145,0.300228766,1.21338,0.300079587,0.021235,5.627900145,1.27672,43.60141996,30.07655855,13.52486141
029_230℃_080_0.5mm.csv,0.5,80,1.189765,0.300060397,1.21091,0.300212957,0.021145,5.531215734,1.276455,44.1507067,30.7709999,13.37970681
030_230℃_080_0.5mm.csv,0.5,80,1.19026,0.300247216,1.211255,0.300014326,0.020995,5.609588665,1.268425,40.90768263,27.0387709,13.86891172
031_230℃_120_0.5mm.csv,0.5,120,1.132635,0.300049818,1.146385,0.300302649,0.01375,3.556185385,1.17677,28.57875313,15.17581525,13.40293788
032_230℃_120_0.5mm.csv,0.5,120,1.132235,0.300251906,1.146385,0.300287095,0.01415,3.709574106,1.17579,28.05757505,14.64339499,13.41418006
033_230℃_120_0.5mm.csv,0.5,120,1.13197,0.30028897,1.145845,0.300246523,0.013875,3.614559957,1.1785,30.8311236,17.24942774,13.58169587
034_230℃_120_0.5mm.csv,0.5,120,1.1315,0.300060775,1.14549,0.300318272,0.01399,3.615010977,1.17198,25.08828992,12.02942733,13.05886259
035_230℃_120_0.5mm.csv,0.5,120,1.13269,0.300032528,1.146815,0.300250001,0.014125,3.696900225,1.17593,27.78066974,14.37075427,13.40991547
036_230℃_120_0.5mm.csv,0.5,120,1.13132,0.30005114,1.14551,0.300093691,0.01419,3.708918726,1.174995,28.10123541,14.67187306,13.42936235
037_230℃_120_0.5mm.csv,0.5,120,1.131335,0.300267967,1.14514,0.300243961,0.013805,3.645052581,1.173085,26.53529829,13.29860305,13.23669524
038_230℃_120_0.5mm.csv,0.5,120,1.13285,0.300298138,1.14717,0.300205386,0.01432,3.719956374,1.17649,28.01967329,14.5747389,13.44493439
039_230℃_120_0.5mm.csv,0.5,120,1.134345,0.300041555,1.148245,0.300004542,0.0139,3.631951027,1.178785,29.02758027,15.51409228,13.513488
040_230℃_120_0.5mm.csv,0.5,120,1.132415,0.300233176,1.146635,0.300098623,0.01422,3.732774868,1.177645,29.55208735,16.01769661,13.53439074
041_230℃_160_0.5mm.csv,0.5,160,1.10693,0.300185664,1.117515,0.300059817,0.010585,2.703480482,1.135215,17.54731427,6.942466986,10.60484728
042_230℃_160_0.5mm.csv,0.5,160,1.10381,0.300233086,1.114515,0.300155498,0.010705,2.732354773,1.131485,16.79337869,6.442330784,10.35104791
043_230℃_160_0.5mm.csv,0.5,160,1.10315,0.300306547,1.11411,0.300408333,0.01096,2.76396548,1.13209,17.9779526,7.211591959,10.76636065
044_230℃_160_0.5mm.csv,0.5,160,1.102745,0.300238636,1.113245,0.300279589,0.0105,2.677326152,1.131035,17.5563398,6.972973602,10.5833662
045_230℃_160_0.5mm.csv,0.5,160,1.103735,0.300119093,1.11446,0.300161754,0.010725,2.715117657,1.132325,17.73325357,7.065232209,10.66802136
046_230℃_160_0.5mm.csv,0.5,160,1.101375,0.30012456,1.112025,0.300394863,0.01065,2.666867387,1.13066,18.41531086,7.56011052,10.85520034
047_230℃_160_0.5mm.csv,0.5,160,1.104695,0.300168554,1.11524,0.30029219,0.010545,2.643699539,1.131635,15.88889258,5.889035951,9.999856625
048_230℃_160_0.5mm.csv,0.5,160,1.103795,0.30000122,1.114405,0.300341561,0.01061,2.699120283,1.13239,17.83489583,7.142312953,10.69258288
049_230℃_160_0.5mm.csv,0.5,160,1.10316,0.300239441,1.11387,0.300231224,0.01071,2.657831049,1.132035,17.88393437,7.188319269,10.6956151
050_230℃_160_0.5mm.csv,0.5,160,1.10283,0.300037874,1.113435,0.300316974,0.010605,2.68646282,1.1303,16.49906199,6.296862703,10.20219929
051_230℃_200_0.5mm.csv,0.5,200,1.08512,0.300301768,1.09389,0.300425478,0.00877,2.214856273,1.103625,8.804721323,2.598216334,6.206504989
052_230℃_200_0.5mm.csv,0.5,200,1.087215,0.300053609,1.09623,0.300051345,0.009015,2.238408777,1.10409,7.120538243,1.853668319,5.266869924
053_230℃_200_0.5mm.csv,0.5,200,1.086375,0.300354128,1.09545,0.300201843,0.009075,2.245042187,1.10402,7.761356869,2.114784142,5.646572727
054_230℃_200_0.5mm.csv,0.5,200,1.086645,0.300348177,1.09558,0.300119018,0.008935,2.203970957,1.104775,8.247751451,2.340541149,5.907210302
055_230℃_200_0.5mm.csv,0.5,200,1.0852,0.300132254,1.094465,0.300265708,0.009265,2.236172816,1.104065,8.670786016,2.515715022,6.155070993
056_230℃_200_0.5mm.csv,0.5,200,1.08656,0.300098573,1.09526,0.300207063,0.0087,2.150829519,1.104155,7.840141719,2.175070693,5.665071025
057_230℃_200_0.5mm.csv,0.5,200,1.087295,0.300268991,1.09616,0.300226479,0.008865,2.207312287,1.10444,7.432276718,1.989635532,5.442641186
058_230℃_200_0.5mm.csv,0.5,200,1.086,0.300341851,1.094805,0.300142635,0.008805,2.192301028,1.10389,8.113334532,2.288704415,5.824630117
059_230℃_200_0.5mm.csv,0.5,200,1.086065,0.300069217,1.095015,0.300092758,0.00895,2.211513795,1.104355,8.395150617,2.400615958,5.994534659
060_230℃_200_0.5mm.csv,0.5,200,1.08571,0.300087658,1.09474,0.300093035,0.00903,2.247895755,1.10485,9.231856585,2.775029026,6.456827559
061_230℃_240_0.5mm.csv,0.5,240,1.07403,0.300135924,1.081915,0.300287998,0.007885,1.906757104,1.087435,4.78087882,1.145827772,3.635051048
062_230℃_240_0.5mm.csv,0.5,240,1.074695,0.300208143,1.08251,0.300093401,0.007815,1.931643512,1.086915,4.106604604,0.907853821,3.198750783
063_230℃_240_0.5mm.csv,0.5,240,1.075465,0.300158119,1.083615,0.300091433,0.00815,1.987857447,1.088835,4.725628083,1.104018006,3.621610076
064_230℃_240_0.5mm.csv,0.5,240,1.07365,0.300258171,1.081665,0.300105906,0.008015,1.951120535,1.087165,4.858390789,1.161188289,3.697202499
065_230℃_240_0.5mm.csv,0.5,240,1.07438,0.300075842,1.082495,0.300127035,0.008115,1.973702393,1.087145,4.319748455,0.966712879,3.353035576
066_230℃_240_0.5mm.csv,0.5,240,1.07292,0.300327437,1.08076,0.300007297,0.00784,1.923701524,1.08646,4.960012084,1.213576114,3.74643597
067_230℃_240_0.5mm.csv,0.5,240,1.07292,0.300318237,1.080875,0.300101098,0.007955,1.942092943,1.08718,5.429842704,1.386597526,4.043245177
068_230℃_240_0.5mm.csv,0.5,240,1.07452,0.300305332,1.082575,0.300236562,0.008055,1.954804666,1.087545,4.487308823,1.03315212,3.454156703
069_230℃_240_0.5mm.csv,0.5,240,1.07349,0.300187247,1.081325,0.300142496,0.007835,1.919086275,1.087375,5.193337222,1.30025339,3.893083832
070_230℃_240_0.5mm.csv,0.5,240,1.074705,0.300001467,1.08287,0.300418762,0.008165,1.974154326,1.08803,4.651707644,1.083726737,3.567980907
071_230℃_280_0.5mm.csv,0.5,280,1.06581,0.300126991,1.073535,0.300061012,0.007725,1.913896683,1.072695,1.621702212,0.234518608,1.387183604
072_230℃_280_0.5mm.csv,0.5,280,1.064645,0.300108295,1.07292,0.300361783,0.008275,1.98524546,1.073275,2.121646938,0.334107155,1.787539783
073_230℃_280_0.5mm.csv,0.5,280,1.065925,0.300326856,1.073795,0.300242902,0.00787,1.901205862,1.07392,1.947267117,0.311252772,1.636014345
074_230℃_280_0.5mm.csv,0.5,280,1.06488,0.30013462,1.07271,0.300322052,0.00783,1.86585574,1.073465,2.152573054,0.371447346,1.781125708
075_230℃_280_0.5mm.csv,0.5,280,1.06519,0.3004062,1.072785,0.300114395,0.007595,1.840122344,1.07278,1.838326554,0.299695241,1.538631312
076_230℃_280_0.5mm.csv,0.5,280,1.06614,0.300170812,1.07392,0.300077895,0.00778,1.906987508,1.07336,1.709146573,0.254848684,1.454297888
077_230℃_280_0.5mm.csv,0.5,280,1.064515,0.300054824,1.072495,0.300288376,0.00798,1.923748489,1.07299,2.112447533,0.346662164,1.765785369
078_230℃_280_0.5mm.csv,0.5,280,1.06449,0.300158801,1.07199,0.300234495,0.0075,1.855885953,1.073115,2.299284383,0.411431822,1.887852561
079_230℃_280_0.5mm.csv,0.5,280,1.064775,0.300173845,1.07241,0.300350144,0.007635,1.828613193,1.073745,2.352545604,0.432607013,1.919938591
080_230℃_280_0.5mm.csv,0.5,280,1.067275,0.300397392,1.075265,0.300401531,0.00799,1.945841845,1.074565,1.698821103,0.243551691,1.455269412
081_230℃_320_0.5mm.csv,0.5,320,1.05957,0.300170437,1.06686,0.300330848,0.00729,1.79808368,1.06683,1.787399646,0.297805551,1.489594095
082_230℃_320_0.5mm.csv,0.5,320,1.06043,0.300249011,1.067975,0.300028401,0.007545,1.792473335,1.06927,2.292003376,0.427253429,1.864749947
083_230℃_320_0.5mm.csv,0.5,320,1.0589,0.300143093,1.066575,0.300282242,0.007675,1.825882503,1.066945,1.960845565,0.332844072,1.628001493
084_230℃_320_0.5mm.csv,0.5,320,1.05912,0.300119908,1.06641,0.300288913,0.00729,1.776765929,1.066165,1.691823107,0.280291598,1.411531509
085_230℃_320_0.5mm.csv,0.5,320,1.060235,0.300001579,1.067905,0.300234251,0.00767,1.847877978,1.06772,1.782104984,0.284478591,1.497626393
086_230℃_320_0.5mm.csv,0.5,320,1.05843,0.300357495,1.065965,0.300357684,0.007535,1.79199303,1.066735,2.077997228,0.371961702,1.706035526
087_230℃_320_0.5mm.csv,0.5,320,1.058155,0.300125392,1.06547,0.300411442,0.007315,1.792620456,1.066815,2.318490876,0.438321222,1.880169654
088_230℃_320_0.5mm.csv,0.5,320,1.059035,0.300015832,1.066845,0.30006352,0.00781,1.904952585,1.066325,1.721142502,0.257079715,1.464062787
089_230℃_320_0.5mm.csv,0.5,320,1.05738,0.300183783,1.064545,0.300169006,0.007165,1.710491781,1.06644,2.460438907,0.498601834,1.961837073
090_230℃_320_0.5mm.csv,0.5,320,1.058625,0.300341439,1.06577,0.300233781,0.007145,1.701984236,1.06654,1.979840248,0.368501379,1.611338869
001_190℃_010_1.0mm.csv,1,10,1.423575,0.300044314,1.63751,0.300055524,0.213935,4.407993939,2.531425,40.74691026,29.92196567,10.82494459
002_190℃_010_1.0mm.csv,1,10,1.42391,0.300043555,1.63473,0.300031822,0.21082,4.346004036,2.53231,40.9986981,30.21560607,10.78309203
003_190℃_010_1.0mm.csv,1,10,1.424015,0.300021251,1.63494,0.3000312,0.210925,4.353185343,2.537045,41.32819991,30.45072715,10.87747276
004_190℃_010_1.0mm.csv,1,10,1.42443,0.300059015,1.63531,0.300050835,0.21088,4.354788936,2.544715,41.47404292,30.71308057,10.76096235
005_190℃_010_1.0mm.csv,1,10,1.423935,0.300031328,1.63323,0.300026972,0.209295,4.30880416,2.54299,41.45304902,30.68087942,10.7721696
006_190℃_010_1.0mm.csv,1,10,1.42406,0.300052872,1.634005,0.3000508,0.209945,4.313822259,2.55146,41.75830531,30.98880652,10.7694988
007_190℃_010_1.0mm.csv,1,10,1.42361,0.300044994,1.6348,0.300032649,0.21119,4.333314485,2.55074,41.69887193,30.921428,10.77744392
008_190℃_010_1.0mm.csv,1,10,1.423935,0.300047636,1.635065,0.300055527,0.21113,4.326853811,2.551375,41.69609506,30.89465108,10.80144398
009_190℃_010_1.0mm.csv,1,10,1.42379,0.300034718,1.63555,0.300055356,0.21176,4.343688552,2.544965,41.45528544,30.65563965,10.7996458
010_190℃_010_1.0mm.csv,1,10,1.423605,0.300016015,1.63467,0.30000697,0.211065,4.315322596,2.55066,41.64719862,30.8530569,10.79414172
011_190℃_020_1.0mm.csv,1,20,1.465185,0.30005817,1.559805,0.300025376,0.09462,4.086547074,1.970805,32.34572761,24.14404318,8.201684435
012_190℃_020_1.0mm.csv,1,20,1.465235,0.300073154,1.560215,0.300098431,0.09498,4.106584713,1.97348,32.5651677,24.33494233,8.23022537
013_190℃_020_1.0mm.csv,1,20,1.465345,0.300116319,1.560455,0.300023263,0.09511,4.121982212,1.986455,33.5537008,25.27182618,8.28187462
014_190℃_020_1.0mm.csv,1,20,1.46515,0.300003135,1.560175,0.300099659,0.095025,4.103170074,1.9842,33.36539874,25.09899953,8.266399215
015_190℃_020_1.0mm.csv,1,20,1.465105,0.300008808,1.55995,0.300062805,0.094845,4.093043208,1.98555,33.45963037,25.1902892,8.269341168
016_190℃_020_1.0mm.csv,1,20,1.465025,0.300083518,1.56146,0.300017505,0.096435,4.162148644,1.96259,31.67426905,23.46204724,8.212221814
017_190℃_020_1.0mm.csv,1,20,1.465065,0.300044684,1.560235,0.300109841,0.09517,4.101961247,1.97091,32.34879809,24.11992959,8.228868495
018_190℃_020_1.0mm.csv,1,20,1.46508,0.300003744,1.559205,0.300043451,0.094125,4.053927291,1.978285,32.92151347,24.68867371,8.232839758
019_190℃_020_1.0mm.csv,1,20,1.464995,0.300069481,1.559745,0.300020885,0.09475,4.07548336,1.985785,33.43165528,25.16643787,8.265217408
020_190℃_020_1.0mm.csv,1,20,1.465015,0.300107403,1.560015,0.300089157,0.095,4.088476555,1.984455,33.32622487,25.0663331,8.259891769
021_190℃_040_1.0mm.csv,1,40,1.481555,0.300143464,1.526925,0.300050392,0.04537,4.021337555,1.71268,27.8930363,20.96328442,6.929751882
022_190℃_040_1.0mm.csv,1,40,1.481485,0.300058246,1.5271,0.300072321,0.045615,4.038041281,1.712855,27.93139776,20.9888414,6.942556365
023_190℃_040_1.0mm.csv,1,40,1.48145,0.30001186,1.527175,0.300154457,0.045725,4.044426621,1.714205,28.08173493,21.13620861,6.945526321
024_190℃_040_1.0mm.csv,1,40,1.48159,0.300125343,1.52697,0.300002719,0.04538,4.023682395,1.714055,28.06502534,21.13319503,6.931830317
025_190℃_040_1.0mm.csv,1,40,1.48147,0.300022029,1.527185,0.300122604,0.045715,4.047051951,1.70876,27.38506074,20.47455819,6.910502549
026_190℃_040_1.0mm.csv,1,40,1.481515,0.300048178,1.52714,0.300137695,0.045625,4.044750006,1.714205,28.09518378,21.15186474,6.943319034
027_190℃_040_1.0mm.csv,1,40,1.481765,0.300047631,1.526865,0.300082116,0.0451,4.01927473,1.718135,28.49418914,21.57662732,6.91756182
028_190℃_040_1.0mm.csv,1,40,1.481455,0.300146327,1.52709,0.300001649,0.045635,4.03540769,1.708995,27.40852797,20.50044263,6.908085335
029_190℃_040_1.0mm.csv,1,40,1.481565,0.300075903,1.527135,0.300149477,0.04557,4.040333445,1.71103,27.69097835,20.77205508,6.918923279
030_190℃_040_1.0mm.csv,1,40,1.481695,0.300031904,1.52688,0.300203219,0.045185,4.017953299,1.71991,28.73779487,21.80401824,6.933776632
031_190℃_080_1.0mm.csv,1,80,1.487725,0.300041298,1.51057,0.30010324,0.022845,3.444853107,1.5839,22.05950478,15.78297339,6.276531391
032_190℃_080_1.0mm.csv,1,80,1.48796,0.30000218,1.510655,0.300125258,0.022695,3.468223502,1.58063,21.19345419,14.97703526,6.21641893
033_190℃_080_1.0mm.csv,1,80,1.487915,0.300206734,1.510125,0.300179648,0.02221,3.358166576,1.57987,20.9933101,14.81366381,6.179646289
034_190℃_080_1.0mm.csv,1,80,1.48778,0.300196482,1.510145,0.300218339,0.022365,3.357671729,1.58812,23.20637713,16.88448269,6.321894444
035_190℃_080_1.0mm.csv,1,80,1.487825,0.300140468,1.510085,0.300196058,0.02226,3.347271957,1.57635,20.02473345,13.90040228,6.124331169
036_190℃_080_1.0mm.csv,1,80,1.48764,0.300204765,1.510275,0.300239801,0.022635,3.381191987,1.58775,23.11611912,16.7872619,6.328857218
037_190℃_080_1.0mm.csv,1,80,1.4878,0.300208669,1.51016,0.300034815,0.02236,3.360071215,1.579225,20.80137137,14.62430005,6.177071322
038_190℃_080_1.0mm.csv,1,80,1.48778,0.300200733,1.510105,0.300139675,0.022325,3.346573989,1.58723,22.97813004,16.6670254,6.311104636
039_190℃_080_1.0mm.csv,1,80,1.48775,0.30008575,1.510155,0.300075112,0.022405,3.356717205,1.58829,23.24682419,16.92669488,6.320129308
040_190℃_080_1.0mm.csv,1,80,1.48778,0.300092043,1.51046,0.300180781,0.02268,3.423194128,1.585305,22.46368613,16.16835448,6.295331652
041_190℃_120_1.0mm.csv,1,120,1.48968,0.300090439,1.50482,0.300177073,0.01514,2.570914425,1.53507,13.36198885,7.626761525,5.735227322
042_190℃_120_1.0mm.csv,1,120,1.489745,0.300025468,1.505245,0.300182863,0.0155,2.682125198,1.534685,13.21072684,7.461132939,5.749593896
043_190℃_120_1.0mm.csv,1,120,1.48976,0.300181844,1.5054,0.300328125,0.01564,2.72261431,1.53507,13.36041601,7.590488442,5.769927569
044_190℃_120_1.0mm.csv,1,120,1.489685,0.300007728,1.504855,0.300230099,0.01517,2.579351706,1.53883,14.84788663,9.004964417,5.842922214
045_190℃_120_1.0mm.csv,1,120,1.489735,0.300134247,1.5049,0.300294782,0.015165,2.591678853,1.539855,15.25642494,9.382655388,5.873769549
046_190℃_120_1.0mm.csv,1,120,1.48972,0.300143359,1.50525,0.300145069,0.01553,2.681898078,1.537985,14.51330193,8.667272724,5.846029205
047_190℃_120_1.0mm.csv,1,120,1.48967,0.300237414,1.50501,0.300310895,0.01534,2.619216797,1.53183,12.08388605,6.438174546,5.6457115
048_190℃_120_1.0mm.csv,1,120,1.48973,0.300255525,1.505265,0.300113804,0.015535,2.68585744,1.531575,11.98002936,6.336363528,5.643665833
049_190℃_120_1.0mm.csv,1,120,1.48962,0.300112059,1.505225,0.300024166,0.015605,2.672492193,1.538865,14.84775966,8.986123306,5.861636354
050_190℃_120_1.0mm.csv,1,120,1.48969,0.300144545,1.504925,0.300009226,0.015235,2.596239744,1.53925,14.9936614,9.142944489,5.850716909
051_190℃_160_1.0mm.csv,1,160,1.49078,0.300301241,1.5024,0.300161738,0.01162,2.071195204,1.518375,8.430006678,3.513874648,4.91613203
052_190℃_160_1.0mm.csv,1,160,1.490665,0.300215361,1.50256,0.300083226,0.011895,2.110950572,1.519555,8.995794257,3.915522511,5.080271747
053_190℃_160_1.0mm.csv,1,160,1.490635,0.300198262,1.502655,0.300253355,0.01202,2.135137935,1.520085,9.261257046,4.10306355,5.158193496
054_190℃_160_1.0mm.csv,1,160,1.49076,0.300112658,1.502415,0.30003231,0.011655,2.075148729,1.51906,8.777005589,3.759089574,5.017916016
055_190℃_160_1.0mm.csv,1,160,1.490635,0.300297535,1.502675,0.300132378,0.01204,2.142010933,1.51972,9.097379376,3.975614657,5.121764719
056_190℃_160_1.0mm.csv,1,160,1.490685,0.300131723,1.50264,0.300092472,0.011955,2.133544425,1.52062,9.541223823,4.318129472,5.223094352
057_190℃_160_1.0mm.csv,1,160,1.49066,0.300211782,1.502625,0.300057861,0.011965,2.128505022,1.52004,9.247345738,4.095462064,5.151883674
058_190℃_160_1.0mm.csv,1,160,1.490785,0.300219927,1.50245,0.300006871,0.011665,2.084972027,1.519845,9.164367287,4.048956459,5.115410827
059_190℃_160_1.0mm.csv,1,160,1.490735,0.300126483,1.50275,0.300169053,0.012015,2.16298839,1.52004,9.251494549,4.092085312,5.159409237
060_190℃_160_1.0mm.csv,1,160,1.49066,0.30021059,1.50219,0.300233855,0.01153,2.015208397,1.51878,8.624849197,3.669469999,4.955379198
061_190℃_200_1.0mm.csv,1,200,1.49126,0.300156461,1.50123,0.300054218,0.00997,1.800964095,1.509315,4.703248602,1.446958431,3.25629017
062_190℃_200_1.0mm.csv,1,200,1.49136,0.300181743,1.50099,0.300142576,0.00963,1.740015016,1.50948,4.784170109,1.504028116,3.280141993
063_190℃_200_1.0mm.csv,1,200,1.491235,0.300080416,1.501045,0.300271035,0.00981,1.753080785,1.510085,5.05637444,1.636148055,3.420226384
064_190℃_200_1.0mm.csv,1,200,1.491335,0.300085739,1.50126,0.300352976,0.009925,1.808915386,1.510305,5.164345458,1.678857609,3.485487849
065_190℃_200_1.0mm.csv,1,200,1.491305,0.300187394,1.50121,0.300234126,0.009905,1.7970818,1.509555,4.822082016,1.50698176,3.315100256
066_190℃_200_1.0mm.csv,1,200,1.49125,0.30002587,1.501205,0.300213686,0.009955,1.794188743,1.509825,4.941245614,1.567166854,3.37407876
067_190℃_200_1.0mm.csv,1,200,1.49133,0.300285741,1.500925,0.300096376,0.009595,1.723138864,1.510195,5.115670233,1.677453963,3.43821627
068_190℃_200_1.0mm.csv,1,200,1.49135,0.300252843,1.501015,0.300170899,0.009665,1.746206871,1.51015,5.095555875,1.661309003,3.434246872
069_190℃_200_1.0mm.csv,1,200,1.49135,0.300062857,1.50137,0.300109631,0.01002,1.838284798,1.509435,4.763366034,1.466907636,3.296458397
070_190℃_200_1.0mm.csv,1,200,1.49149,0.300261139,1.50065,0.300053083,0.00916,1.656800144,1.51012,5.099785972,1.691880885,3.407905087
071_190℃_240_1.0mm.csv,1,240,1.491665,0.300188696,1.50038,0.300204989,0.008715,1.593654151,1.504195,2.738352147,0.686259915,2.052092232
072_190℃_240_1.0mm.csv,1,240,1.491595,0.300283401,1.5006,0.300267748,0.009005,1.647386962,1.50388,2.623221626,0.632467472,1.990754154
073_190℃_240_1.0mm.csv,1,240,1.491535,0.30020804,1.500255,0.300086464,0.00872,1.562166889,1.504275,2.761696667,0.703392669,2.058303998
074_190℃_240_1.0mm.csv,1,240,1.49155,0.300168697,1.50056,0.300058103,0.00901,1.637440375,1.504345,2.785897491,0.692993275,2.092904217
075_190℃_240_1.0mm.csv,1,240,1.491625,0.300035913,1.50026,0.300178881,0.008635,1.562923104,1.50446,2.832631414,0.732955764,2.09967565
076_190℃_240_1.0mm.csv,1,240,1.49168,0.30010167,1.50035,0.300310731,0.00867,1.58621173,1.504325,2.787889026,0.709137406,2.07875162
077_190℃_240_1.0mm.csv,1,240,1.49176,0.300084254,1.50036,0.300132765,0.0086,1.588547954,1.50433,2.793546678,0.713256068,2.08029061
078_190℃_240_1.0mm.csv,1,240,1.49165,0.300111186,1.50018,0.300198906,0.00853,1.543329908,1.50427,2.763774898,0.710493034,2.053281864
079_190℃_240_1.0mm.csv,1,240,1.491585,0.30023238,1.500575,0.300234024,0.00899,1.641591588,1.503915,2.636951771,0.639033966,1.997917805
080_190℃_240_1.0mm.csv,1,240,1.49159,0.300153562,1.500485,0.300002888,0.008895,1.619171555,1.504175,2.727370802,0.678991473,2.048379328
081_190℃_280_1.0mm.csv,1,280,1.491695,0.300318598,1.50007,0.300279785,0.008375,1.517649195,1.49824,1.11945317,0.189980381,0.929472789
082_190℃_280_1.0mm.csv,1,280,1.49166,0.300270189,1.50029,0.300318993,0.00863,1.571355654,1.498675,1.206476011,0.196487583,1.009988428
083_190℃_280_1.0mm.csv,1,280,1.4916,0.300156356,1.500285,0.300277513,0.008685,1.569282859,1.4986,1.191562178,0.192094588,0.999467589
084_190℃_280_1.0mm.csv,1,280,1.49176,0.300318856,1.50014,0.300155477,0.00838,1.534384766,1.49897,1.266521287,0.224846727,1.04167456
085_190℃_280_1.0mm.csv,1,280,1.49177,0.30028632,1.500075,0.300045451,0.008305,1.518897302,1.498585,1.186522063,0.206460308,0.980061754
086_190℃_280_1.0mm.csv,1,280,1.4916,0.300175428,1.500315,0.300015492,0.008715,1.577498594,1.498695,1.211102517,0.194840714,1.016261803
087_190℃_280_1.0mm.csv,1,280,1.491735,0.300049482,1.500105,0.300312922,0.00837,1.526595519,1.49914,1.303971888,0.237281415,1.066690473
088_190℃_280_1.0mm.csv,1,280,1.491555,0.300014608,1.500205,0.300034177,0.00865,1.5498896,1.499325,1.345053502,0.240732631,1.104320872
089_190℃_280_1.0mm.csv,1,280,1.49172,0.300171964,1.50032,0.300118138,0.0086,1.578397172,1.499155,1.306216456,0.221570512,1.084645944
090_190℃_280_1.0mm.csv,1,280,1.491725,0.300189841,1.50024,0.300319096,0.008515,1.559485399,1.49924,1.325645562,0.231703134,1.093942428
091_190℃_320_1.0mm.csv,1,320,1.491705,0.30007951,1.500065,0.300308318,0.00836,1.516205722,1.498815,1.233521637,0.21613031,1.017391327
092_190℃_320_1.0mm.csv,1,320,1.49179,0.300000346,1.49961,0.300027933,0.00782,1.408011254,1.49946,1.373453563,0.28970049,1.083753073
093_190℃_320_1.0mm.csv,1,320,1.491865,0.300103386,1.499845,0.300278522,0.00798,1.462850354,1.499555,1.394583369,0.280195611,1.114387759
094_190℃_320_1.0mm.csv,1,320,1.49188,0.300158003,1.49987,0.300186334,0.00799,1.469643746,1.499595,1.40455044,0.280963284,1.123587156
095_190℃_320_1.0mm.csv,1,320,1.491725,0.300089988,1.49963,0.300304115,0.007905,1.412760272,1.49988,1.47173087,0.318520822,1.153210048
096_190℃_320_1.0mm.csv,1,320,1.49186,0.300262016,1.500025,0.300191599,0.008165,1.506547762,1.4998,1.452252347,0.283914993,1.168337354
097_190℃_320_1.0mm.csv,1,320,1.491725,0.300300825,1.499795,0.300071281,0.00807,1.452002539,1.4997,1.429624164,0.293177827,1.136446337
098_190℃_320_1.0mm.csv,1,320,1.4919,0.300243372,1.499755,0.300264692,0.007855,1.441891239,1.49966,1.419437587,0.293620643,1.125816944
099_190℃_320_1.0mm.csv,1,320,1.491905,0.300091772,1.499635,0.300009305,0.00773,1.413406566,1.4998,1.452493565,0.311751572,1.140741992
100_190℃_320_1.0mm.csv,1,320,1.49181,0.300311059,1.49947,0.300117721,0.00766,1.375035467,1.49992,1.480843486,0.331763169,1.149080316
001_210℃_010_1.0mm.csv,1,10,1.41992,0.300055991,1.62206,0.300038208,0.20214,3.931667337,2.6428,42.11506504,32.4450683,9.669996738
002_210℃_010_1.0mm.csv,1,10,1.420055,0.30004228,1.619485,0.300038912,0.19943,3.876874832,2.637105,41.83561958,32.23047761,9.605141972
003_210℃_010_1.0mm.csv,1,10,1.420055,0.300055563,1.621595,0.300042371,0.20154,3.921373032,2.63873,41.85875909,32.23832697,9.620432119
004_210℃_010_1.0mm.csv,1,10,1.42,0.300017804,1.619385,0.300006059,0.199385,3.87577752,2.63771,41.7897488,32.21442178,9.575327014
005_210℃_010_1.0mm.csv,1,10,1.42009,0.300056757,1.61874,0.300010044,0.19865,3.857333444,2.62631,41.2725821,31.73943374,9.533148355
006_210℃_010_1.0mm.csv,1,10,1.42013,0.300004875,1.620625,0.300008462,0.200495,3.896239,2.631355,41.4609806,31.89983541,9.561145189
007_210℃_010_1.0mm.csv,1,10,1.419705,0.30002986,1.621865,0.300033792,0.20216,3.924664276,2.63265,41.47596628,31.91601761,9.559948668
008_210℃_010_1.0mm.csv,1,10,1.419475,0.300032633,1.620565,0.300049677,0.20109,3.8935681,2.644985,41.97627512,32.40868176,9.56759336
009_210℃_010_1.0mm.csv,1,10,1.419615,0.300053318,1.621985,0.300029631,0.20237,3.928189414,2.636855,41.63998965,32.07591346,9.564076189
010_210℃_010_1.0mm.csv,1,10,1.420285,0.300000277,1.617905,0.300014174,0.19762,3.84147708,2.63859,41.73645177,32.22952228,9.50692949
011_210℃_020_1.0mm.csv,1,20,1.46213,0.300010621,1.555485,0.300029418,0.093355,3.692246512,2.01206,32.23385554,24.87830082,7.355554717
012_210℃_020_1.0mm.csv,1,20,1.46228,0.300069692,1.55461,0.300086381,0.09233,3.659783448,2.023085,32.98619073,25.63493431,7.351256413
013_210℃_020_1.0mm.csv,1,20,1.46207,0.300052866,1.55541,0.300101369,0.09334,3.691622574,2.023905,33.06840276,25.67762148,7.390781277
014_210℃_020_1.0mm.csv,1,20,1.46218,0.300040961,1.55504,0.300003483,0.09286,3.677453072,2.025495,33.17869311,25.78972359,7.388969511
015_210℃_020_1.0mm.csv,1,20,1.461965,0.300065114,1.555805,0.300063539,0.09384,3.705552495,2.00992,32.12669443,24.75888281,7.367811627
016_210℃_020_1.0mm.csv,1,20,1.46207,0.300023435,1.554835,0.300080628,0.092765,3.664839866,2.0211,32.87115871,25.50175116,7.369407545
017_210℃_020_1.0mm.csv,1,20,1.462065,0.300063824,1.5554,0.300010952,0.093335,3.689999321,2.024185,33.06710726,25.68074937,7.386357891
018_210℃_020_1.0mm.csv,1,20,1.46228,0.300082351,1.55463,0.300102414,0.09235,3.659852803,2.02078,32.84187205,25.49241946,7.349452596
019_210℃_020_1.0mm.csv,1,20,1.46204,0.30008412,1.555405,0.300030861,0.093365,3.693165041,2.01936,32.74767544,25.37645351,7.371221934
020_210℃_020_1.0mm.csv,1,20,1.461925,0.300045496,1.555665,0.30007064,0.09374,3.701426978,2.0063,31.85809239,24.51816285,7.33992954
021_210℃_040_1.0mm.csv,1,40,1.4801,0.300117426,1.52579,0.300090675,0.04569,3.680345666,1.729245,27.62270164,21.18510096,6.43760068
022_210℃_040_1.0mm.csv,1,40,1.480305,0.300015983,1.52595,0.300164155,0.045645,3.700152982,1.72604,27.23489889,20.81981176,6.415087123
023_210℃_040_1.0mm.csv,1,40,1.480485,0.300062121,1.525915,0.30014275,0.04543,3.697205639,1.734465,28.17080389,21.74495575,6.425848136
024_210℃_040_1.0mm.csv,1,40,1.48045,0.300145067,1.525875,0.300190358,0.045425,3.695675148,1.73497,28.27775598,21.83627823,6.441477746
025_210℃_040_1.0mm.csv,1,40,1.48048,0.300046538,1.525535,0.300070786,0.045055,3.665165017,1.72861,27.62374798,21.19079272,6.432955266
026_210℃_040_1.0mm.csv,1,40,1.480345,0.300081239,1.52626,0.300143727,0.045915,3.728365874,1.7322,27.91594043,21.47429833,6.441642109
027_210℃_040_1.0mm.csv,1,40,1.480485,0.300057652,1.525455,0.300187218,0.04497,3.656763017,1.725425,27.20812184,20.80750468,6.400617157
028_210℃_040_1.0mm.csv,1,40,1.480585,0.30014534,1.525095,0.300083202,0.04451,3.621082997,1.719115,26.38556114,20.05346878,6.332092357
029_210℃_040_1.0mm.csv,1,40,1.480475,0.300134022,1.525815,0.300103136,0.04534,3.688056765,1.72866,27.59843433,21.17406047,6.42437386
030_210℃_040_1.0mm.csv,1,40,1.480345,0.300161172,1.525805,0.300102831,0.04546,3.683569057,1.73471,28.20436114,21.77297639,6.431384755
031_210℃_080_1.0mm.csv,1,80,1.487185,0.300011312,1.509895,0.300243504,0.02271,3.164981547,1.595235,23.12004349,17.16532164,5.954721858
032_210℃_080_1.0mm.csv,1,80,1.48725,0.300087771,1.509775,0.300011846,0.022525,3.146622352,1.587035,21.09158281,15.27380926,5.817773555
033_210℃_080_1.0mm.csv,1,80,1.487125,0.300151295,1.50997,0.300211564,0.022845,3.181511015,1.59465,23.01531676,17.05164879,5.963667969
034_210℃_080_1.0mm.csv,1,80,1.48734,0.30022873,1.50932,0.300165294,0.02198,3.063846682,1.59132,22.21849252,16.33988647,5.878606053
035_210℃_080_1.0mm.csv,1,80,1.48723,0.300166775,1.509605,0.300229186,0.022375,3.113289942,1.58465,20.51223797,14.72899848,5.78323949
036_210℃_080_1.0mm.csv,1,80,1.487085,0.300053042,1.510225,0.300255494,0.02314,3.230185938,1.592855,22.58734698,16.62762711,5.959719872
037_210℃_080_1.0mm.csv,1,80,1.487125,0.300061768,1.51008,0.300118583,0.022955,3.201362383,1.591935,22.35855775,16.42055758,5.938000175
038_210℃_080_1.0mm.csv,1,80,1.48724,0.300151832,1.50975,0.300208775,0.02251,3.140145643,1.58504,20.60222251,14.81145292,5.790769591
039_210℃_080_1.0mm.csv,1,80,1.48717,0.300136781,1.51002,0.300260354,0.02285,3.188433632,1.587385,21.19513483,15.34876367,5.84637116
040_210℃_080_1.0mm.csv,1,80,1.48732,0.300011195,1.509805,0.300154376,0.022485,3.152818468,1.59588,23.34699192,17.3745535,5.972438422
041_210℃_120_1.0mm.csv,1,120,1.489415,0.300173674,1.504475,0.300113733,0.01506,2.431497766,1.542815,15.2519272,9.784554744,5.467372461
042_210℃_120_1.0mm.csv,1,120,1.489385,0.300128703,1.50504,0.300182034,0.015655,2.565919466,1.54129,14.69354,9.222514099,5.471025897
043_210℃_120_1.0mm.csv,1,120,1.489345,0.300053867,1.504665,0.300271016,0.01532,2.476681037,1.542725,15.22975424,9.744080062,5.485674174
044_210℃_120_1.0mm.csv,1,120,1.489455,0.300052953,1.504885,0.300179945,0.01543,2.532642435,1.542435,15.14109096,9.649139271,5.491951693
045_210℃_120_1.0mm.csv,1,120,1.48931,0.300049952,1.50485,0.300300376,0.01554,2.519647985,1.54126,14.69583098,9.230779797,5.46505118
046_210℃_120_1.0mm.csv,1,120,1.48946,0.300207606,1.504535,0.300089993,0.015075,2.448110105,1.54304,15.36276356,9.875540908,5.487222652
047_210℃_120_1.0mm.csv,1,120,1.489295,0.300104887,1.504885,0.300111127,0.01559,2.52739444,1.542635,15.21056349,9.705939318,5.504624171
048_210℃_120_1.0mm.csv,1,120,1.48929,0.300040558,1.50489,0.300137344,0.0156,2.528032067,1.540515,14.42252109,8.97444356,5.44807753
049_210℃_120_1.0mm.csv,1,120,1.48933,0.300144094,1.50464,0.300183987,0.01531,2.470637873,1.542465,15.14609772,9.66781639,5.478281333
050_210℃_120_1.0mm.csv,1,120,1.489225,0.300201311,1.50499,0.300124442,0.015765,2.550743275,1.54327,15.43030784,9.904675525,5.525632317
051_210℃_160_1.0mm.csv,1,160,1.49029,0.300165136,1.50245,0.300030874,0.01216,2.056464351,1.523085,10.1421429,5.076111674,5.066031221
052_210℃_160_1.0mm.csv,1,160,1.49034,0.300158691,1.502255,0.300083719,0.011915,2.009292366,1.52407,10.60632733,5.479923701,5.126403629
053_210℃_160_1.0mm.csv,1,160,1.49043,0.300028885,1.502235,0.300298053,0.011805,2.005148458,1.52395,10.56286233,5.447550661,5.115311672
054_210℃_160_1.0mm.csv,1,160,1.490295,0.300133678,1.502445,0.300021759,0.01215,2.056350362,1.523285,10.24642175,5.15743444,5.088987307
055_210℃_160_1.0mm.csv,1,160,1.490555,0.300285604,1.502265,0.300040757,0.01171,2.015142081,1.523705,10.46825758,5.367551341,5.10070624
056_210℃_160_1.0mm.csv,1,160,1.490225,0.300237005,1.502765,0.300135794,0.01254,2.134718295,1.52407,10.61115858,5.442839677,5.168318901
057_210℃_160_1.0mm.csv,1,160,1.490425,0.30014378,1.50243,0.300090268,0.012005,2.053543812,1.523835,10.5170896,5.394184537,5.122905067
058_210℃_160_1.0mm.csv,1,160,1.490375,0.30008749,1.502635,0.300310225,0.01226,2.105447289,1.524015,10.59702381,5.443967276,5.153056533
059_210℃_160_1.0mm.csv,1,160,1.490435,0.300283626,1.502275,0.300225733,0.01184,2.014988485,1.522905,10.08641715,5.043714269,5.042702886
060_210℃_160_1.0mm.csv,1,160,1.4904,0.300267465,1.50215,0.300217984,0.01175,1.984415937,1.522875,10.06720981,5.042109083,5.025100725
061_210℃_200_1.0mm.csv,1,200,1.490995,0.300161371,1.50105,0.300186722,0.010055,1.747462461,1.511855,5.711023409,2.080057588,3.630965821
062_210℃_200_1.0mm.csv,1,200,1.490955,0.300159787,1.501015,0.300299675,0.01006,1.737404736,1.51269,6.101171757,2.31480476,3.786366997
063_210℃_200_1.0mm.csv,1,200,1.491145,0.30006749,1.50134,0.300269847,0.010195,1.820522999,1.512445,6.008538131,2.238217711,3.77032042
064_210℃_200_1.0mm.csv,1,200,1.491015,0.300238981,1.50094,0.300240544,0.009925,1.719519237,1.51239,5.972269577,2.240375492,3.731894085
065_210℃_200_1.0mm.csv,1,200,1.49097,0.300032459,1.500975,0.300302866,0.010005,1.727980162,1.512405,5.976014623,2.237775207,3.738239416
066_210℃_200_1.0mm.csv,1,200,1.49112,0.300238973,1.500855,0.300154937,0.009735,1.699582752,1.5127,6.12884411,2.343495805,3.785348305
067_210℃_200_1.0mm.csv,1,200,1.49106,0.300124426,1.50097,0.300064365,0.00991,1.727329015,1.51217,5.871774455,2.179258327,3.692516127
068_210℃_200_1.0mm.csv,1,200,1.491095,0.300135876,1.501035,0.300032958,0.00994,1.743539116,1.512495,6.026952841,2.268656629,3.758296212
069_210℃_200_1.0mm.csv,1,200,1.491085,0.300267041,1.50082,0.300120729,0.009735,1.691860477,1.512765,6.157434927,2.364445477,3.79298945
070_210℃_200_1.0mm.csv,1,200,1.491135,0.300242712,1.501095,0.300167078,0.00996,1.758988336,1.511845,5.722861846,2.086194197,3.63666765
071_210℃_240_1.0mm.csv,1,240,1.49136,0.300185636,1.50035,0.300183558,0.00899,1.582722107,1.505655,3.218232086,0.916935386,2.3012967
072_210℃_240_1.0mm.csv,1,240,1.491435,0.300021335,1.50052,0.300272979,0.009085,1.624367996,1.50583,3.290120828,0.939277063,2.350843765
073_210℃_240_1.0mm.csv,1,240,1.491475,0.300200193,1.50011,0.300332821,0.008635,1.525927686,1.505585,3.201208235,0.922502704,2.278705531
074_210℃_240_1.0mm.csv,1,240,1.491515,0.300170071,1.499615,0.300268023,0.0081,1.411877723,1.506435,3.536824451,1.106170784,2.430653666
075_210℃_240_1.0mm.csv,1,240,1.491485,0.300162093,1.50018,0.300026302,0.008695,1.542559595,1.505955,3.347311328,0.982931463,2.364379865
076_210℃_240_1.0mm.csv,1,240,1.49157,0.300321206,1.50003,0.300000643,0.00846,1.507227733,1.5063,3.487024846,1.056597663,2.430427183
077_210℃_240_1.0mm.csv,1,240,1.491395,0.300157433,1.50011,0.300238589,0.008715,1.526289656,1.50661,3.599874347,1.107245857,2.492628489
078_210℃_240_1.0mm.csv,1,240,1.4913,0.300236489,1.50049,0.30013999,0.00919,1.617130805,1.50605,3.369684773,0.974895551,2.394789222
079_210℃_240_1.0mm.csv,1,240,1.491365,0.300248103,1.500085,0.300297707,0.00872,1.520969477,1.506095,3.395135791,1.010691844,2.384443948
080_210℃_240_1.0mm.csv,1,240,1.491415,0.300320498,1.500435,0.300274904,0.00902,1.604300757,1.506065,3.383319691,0.987899145,2.395420547
081_210℃_280_1.0mm.csv,1,280,1.491625,0.30008253,1.5002,0.300379929,0.008575,1.54860047,1.50189,1.995518644,0.450153517,1.545365127
082_210℃_280_1.0mm.csv,1,280,1.49157,0.300057271,1.499685,0.300169592,0.008115,1.427051749,1.50191,1.999553754,0.493922916,1.505630839
083_210℃_280_1.0mm.csv,1,280,1.49164,0.300282343,1.499595,0.300033395,0.007955,1.406265187,1.501685,1.936924568,0.478780541,1.458144028
084_210℃_280_1.0mm.csv,1,280,1.49167,0.300146384,1.49957,0.300159766,0.0079,1.400591695,1.501285,1.826491302,0.441086601,1.385404701
085_210℃_280_1.0mm.csv,1,280,1.49147,0.300315174,1.50022,0.300290941,0.00875,1.553094359,1.50147,1.874892647,0.406569704,1.468322942
086_210℃_280_1.0mm.csv,1,280,1.49151,0.300110903,1.49995,0.300095341,0.00844,1.488933989,1.501785,1.963834593,0.457781247,1.506053346
087_210℃_280_1.0mm.csv,1,280,1.491565,0.300056478,1.499695,0.300079733,0.00813,1.43026041,1.5013,1.83020779,0.431479167,1.398728622
088_210℃_280_1.0mm.csv,1,280,1.491595,0.300021092,1.499675,0.300006585,0.00808,1.424658871,1.501495,1.883960484,0.449967111,1.433993373
089_210℃_280_1.0mm.csv,1,280,1.491525,0.300078541,1.50002,0.300186318,0.008495,1.505651679,1.50182,1.974074225,0.458087412,1.515986813
090_210℃_280_1.0mm.csv,1,280,1.491485,0.300024396,1.500075,0.300086821,0.00859,1.518683047,1.50177,1.959130734,0.446744957,1.512385778
091_210℃_320_1.0mm.csv,1,320,1.491625,0.300195672,1.49977,0.300177546,0.008145,1.446225279,1.500175,1.542284937,0.33190375,1.210381186
092_210℃_320_1.0mm.csv,1,320,1.49175,0.300300396,1.49945,0.300275331,0.0077,1.372194963,1.500615,1.652801789,0.390447242,1.262354547
093_210℃_320_1.0mm.csv,1,320,1.491745,0.300208964,1.499195,0.300338313,0.00745,1.316196519,1.500795,1.700672978,0.428975765,1.271697213
094_210℃_320_1.0mm.csv,1,320,1.49164,0.300023969,1.49973,0.300286945,0.00809,1.437472526,1.500675,1.668401102,0.375128277,1.293272825
095_210℃_320_1.0mm.csv,1,320,1.49166,0.300272883,1.4993,0.300076624,0.00764,1.339540768,1.50074,1.685302827,0.414457966,1.270844861
096_210℃_320_1.0mm.csv,1,320,1.49172,0.300129512,1.499555,0.300144499,0.007835,1.396804987,1.50051,1.626666508,0.373849618,1.25281689
097_210℃_320_1.0mm.csv,1,320,1.491805,0.300162506,1.499225,0.300145125,0.00742,1.322003127,1.501115,1.786739426,0.457751912,1.328987514
098_210℃_320_1.0mm.csv,1,320,1.491715,0.300217841,1.499785,0.300333502,0.00807,1.449513312,1.500495,1.622164925,0.356016859,1.266148067
099_210℃_320_1.0mm.csv,1,320,1.491635,0.30005135,1.499205,0.300237167,0.00757,1.319078364,1.500805,1.702347813,0.426787022,1.275560792
100_210℃_320_1.0mm.csv,1,320,1.49161,0.300176598,1.49992,0.300316989,0.00831,1.481586863,1.500465,1.614226377,0.344387557,1.26983882
001_230℃_010_1.0mm.csv,1,10,1.414705,0.300035387,1.609685,0.300009618,0.19498,3.57544647,2.60714,36.92700755,28.80288734,8.124120219
002_230℃_010_1.0mm.csv,1,10,1.41491,0.300016734,1.60809,0.300042284,0.19318,3.53974476,2.60457,36.83370566,28.76575495,8.067950707
003_230℃_010_1.0mm.csv,1,10,1.414215,0.300029432,1.610955,0.300040801,0.19674,3.590759805,2.614235,37.1549448,29.02690018,8.128044617
004_230℃_010_1.0mm.csv,1,10,1.41415,0.300031229,1.610735,0.300035787,0.196585,3.586909612,2.61488,37.1343721,29.01071726,8.123654846
005_230℃_010_1.0mm.csv,1,10,1.414815,0.300048229,1.60752,0.30003235,0.192705,3.528776797,2.61724,37.17633655,29.10466508,8.071671471
006_230℃_010_1.0mm.csv,1,10,1.41441,0.300052098,1.6073,0.300047284,0.19289,3.516700985,2.619135,37.13339923,29.09221794,8.041181289
007_230℃_010_1.0mm.csv,1,10,1.414545,0.30000931,1.609505,0.300039385,0.19496,3.560109042,2.619085,37.09963752,29.05434833,8.045289192
008_230℃_010_1.0mm.csv,1,10,1.41455,0.300010394,1.609545,0.300008851,0.194995,3.561413505,2.62822,37.44557282,29.37360789,8.071964932
009_230℃_010_1.0mm.csv,1,10,1.413905,0.300036224,1.609535,0.300024291,0.19563,3.561410225,2.62105,37.12510422,29.07879965,8.046304572
010_230℃_010_1.0mm.csv,1,10,1.41446,0.300042098,1.607355,0.300026311,0.192895,3.515974814,2.627385,37.39327918,29.3589237,8.034355485
011_230℃_020_1.0mm.csv,1,20,1.45873,0.300096609,1.55084,0.300003899,0.09211,3.344066951,2.011055,29.41651484,22.94102549,6.475489355
012_230℃_020_1.0mm.csv,1,20,1.45886,0.300079489,1.550355,0.300060139,0.091495,3.326689127,2.009625,29.38768456,22.92154735,6.466137209
013_230℃_020_1.0mm.csv,1,20,1.4589,0.300001896,1.552005,0.300001262,0.093105,3.39209638,2.017155,29.82586267,23.30348205,6.522380627
014_230℃_020_1.0mm.csv,1,20,1.45905,0.300049975,1.550535,0.30005932,0.091485,3.336124523,2.018855,29.95319256,23.45172608,6.501466478
015_230℃_020_1.0mm.csv,1,20,1.45871,0.30003174,1.551265,0.300016459,0.092555,3.361691165,2.009335,29.34125886,22.84405911,6.497199751
016_230℃_020_1.0mm.csv,1,20,1.45878,0.300052254,1.551655,0.300100732,0.092875,3.376055671,2.01301,29.56630298,23.05167067,6.51463231
017_230℃_020_1.0mm.csv,1,20,1.458875,0.300045501,1.552175,0.300091071,0.0933,3.397773609,2.015445,29.63647174,23.13503896,6.50143278
018_230℃_020_1.0mm.csv,1,20,1.458715,0.300071454,1.551245,0.300021379,0.09253,3.36157677,2.015645,29.66442954,23.18277132,6.481658218
019_230℃_020_1.0mm.csv,1,20,1.45886,0.300088987,1.55019,0.300007093,0.09133,3.321343673,1.998335,28.5851414,22.17881075,6.406330652
020_230℃_020_1.0mm.csv,1,20,1.45866,0.300002221,1.551635,0.300082712,0.092975,3.376808286,1.998995,28.61669115,22.17424053,6.442450623
021_230℃_040_1.0mm.csv,1,40,1.479245,0.300138459,1.52452,0.300045751,0.045275,3.391806458,1.726475,24.97023707,19.17662584,5.793611229
022_230℃_040_1.0mm.csv,1,40,1.479125,0.300053235,1.52436,0.300005033,0.045235,3.375949059,1.72155,24.46652901,18.68723176,5.779297258
023_230℃_040_1.0mm.csv,1,40,1.47915,0.300057018,1.52421,0.300085383,0.04506,3.367696104,1.73218,25.5901644,19.78005948,5.810104926
024_230℃_040_1.0mm.csv,1,40,1.4793,0.300098564,1.52417,0.300140105,0.04487,3.364442634,1.724695,24.88375536,19.08003633,5.803719028
025_230℃_040_1.0mm.csv,1,40,1.47927,0.300102843,1.52385,0.300060062,0.04458,3.334942492,1.716875,23.90661239,18.1772464,5.729365995
026_230℃_040_1.0mm.csv,1,40,1.479265,0.300146385,1.524085,0.300098789,0.04482,3.352167363,1.721875,24.51054064,18.73271748,5.777823161
027_230℃_040_1.0mm.csv,1,40,1.479165,0.300026257,1.52441,0.300160622,0.045245,3.375687213,1.713475,23.44949812,17.74407033,5.705427795
028_230℃_040_1.0mm.csv,1,40,1.479115,0.300013142,1.52405,0.300146752,0.044935,3.350125315,1.72164,24.47089684,18.70595233,5.764944507
029_230℃_040_1.0mm.csv,1,40,1.47924,0.300130982,1.523705,0.300140005,0.044465,3.323921599,1.72011,24.29343726,18.55598518,5.737452078
030_230℃_040_1.0mm.csv,1,40,1.47929,0.300082947,1.52368,0.300170559,0.04439,3.322921533,1.72335,24.67575262,18.91579233,5.759960283
031_230℃_080_1.0mm.csv,1,80,1.486725,0.300228509,1.50952,0.300029372,0.022795,2.987575774,1.588535,19.78970207,14.42200559,5.367696473
032_230℃_080_1.0mm.csv,1,80,1.48663,0.300161963,1.50942,0.300071204,0.02279,2.969431617,1.59281,20.77729535,15.34287575,5.434419594
033_230℃_080_1.0mm.csv,1,80,1.48684,0.300231025,1.508985,0.30003569,0.022145,2.899163033,1.589815,20.1287834,14.7643871,5.364396295
034_230℃_080_1.0mm.csv,1,80,1.48686,0.30009238,1.509315,0.300107599,0.022455,2.956383624,1.593295,20.9329582,15.49745189,5.435506303
035_230℃_080_1.0mm.csv,1,80,1.48686,0.300233366,1.509345,0.300218748,0.022485,2.961788843,1.589135,19.96696486,14.59000479,5.376960069
036_230℃_080_1.0mm.csv,1,80,1.48665,0.300048739,1.50969,0.300103853,0.02304,3.0153478,1.591225,20.43273305,14.99834263,5.434390421
037_230℃_080_1.0mm.csv,1,80,1.486755,0.3000215,1.509215,0.300168806,0.02246,2.934890187,1.58785,19.63698205,14.30001222,5.336969826
038_230℃_080_1.0mm.csv,1,80,1.486695,0.300093596,1.509475,0.30018905,0.02278,2.979006929,1.592675,20.7609032,15.32806384,5.43283936
039_230℃_080_1.0mm.csv,1,80,1.48675,0.3000772,1.509185,0.30017215,0.022435,2.929728368,1.59456,21.18037943,15.74062196,5.439757462
040_230℃_080_1.0mm.csv,1,80,1.48673,0.30001611,1.50909,0.300042604,0.02236,2.91304338,1.584175,18.77103342,13.50155869,5.269474723
041_230℃_120_1.0mm.csv,1,120,1.48909,0.300143228,1.504305,0.300177951,0.015215,2.347563704,1.5419,13.85754656,8.850397242,5.00714932
042_230℃_120_1.0mm.csv,1,120,1.489115,0.300267977,1.504645,0.300290657,0.01553,2.424972091,1.54051,13.39199837,8.405834025,4.986164344
043_230℃_120_1.0mm.csv,1,120,1.489145,0.300215998,1.50448,0.300191213,0.015335,2.388023376,1.54261,14.11507958,9.079656932,5.03542265
044_230℃_120_1.0mm.csv,1,120,1.48885,0.300151777,1.504815,0.300011191,0.015965,2.456890579,1.53922,12.94445075,7.960720162,4.983730585
045_230℃_120_1.0mm.csv,1,120,1.489045,0.300008093,1.504535,0.300170506,0.01549,2.397338344,1.541915,13.86605368,8.838774561,5.027279121
046_230℃_120_1.0mm.csv,1,120,1.488985,0.300186374,1.50431,0.300081539,0.015325,2.347641521,1.542175,13.94439859,8.92862904,5.015769548
047_230℃_120_1.0mm.csv,1,120,1.489045,0.300012335,1.504315,0.300105832,0.01527,2.348980896,1.54196,13.87038826,8.865283171,5.005105092
048_230℃_120_1.0mm.csv,1,120,1.489125,0.300077002,1.504235,0.300226177,0.01511,2.334174412,1.542305,14.00032993,8.994742947,5.005586982
049_230℃_120_1.0mm.csv,1,120,1.48898,0.300195332,1.504435,0.300187452,0.015455,2.374387434,1.542385,14.0083695,8.982191568,5.026177936
050_230℃_120_1.0mm.csv,1,120,1.48894,0.30015733,1.504545,0.300056604,0.015605,2.397453046,1.53952,13.03420753,8.07336559,4.960841937
051_230℃_160_1.0mm.csv,1,160,1.490245,0.300253081,1.50193,0.300067627,0.011685,1.915523388,1.52122,8.75938826,4.248390422,4.510997838
052_230℃_160_1.0mm.csv,1,160,1.490195,0.300264972,1.501955,0.300248386,0.01176,1.921148232,1.52173,8.967630111,4.413649434,4.553980677
053_230℃_160_1.0mm.csv,1,160,1.48998,0.300095445,1.50237,0.300092773,0.01239,2.015028858,1.522435,9.254695199,4.608232579,4.64646262
054_230℃_160_1.0mm.csv,1,160,1.49022,0.300105564,1.502055,0.300044091,0.011835,1.944606705,1.52175,8.995064552,4.423765429,4.571299123
055_230℃_160_1.0mm.csv,1,160,1.4901,0.300263614,1.501995,0.300104677,0.011895,1.929269389,1.52273,9.400545114,4.756261607,4.644283506
056_230℃_160_1.0mm.csv,1,160,1.490025,0.300165722,1.50224,0.30021872,0.012215,1.984557828,1.522635,9.338802254,4.690664421,4.648137833
057_230℃_160_1.0mm.csv,1,160,1.49024,0.300192286,1.50202,0.300027512,0.01178,1.93625086,1.521785,8.997598466,4.432157003,4.565441462
058_230℃_160_1.0mm.csv,1,160,1.490085,0.300013686,1.50226,0.300066146,0.012175,1.990501477,1.52273,9.385971335,4.729560782,4.656410553
059_230℃_160_1.0mm.csv,1,160,1.490185,0.300287533,1.501965,0.300143652,0.01178,1.922508785,1.52256,9.321693152,4.702483807,4.619209345
060_230℃_160_1.0mm.csv,1,160,1.490255,0.300038005,1.501985,0.300090332,0.01173,1.929065757,1.5222,9.178355753,4.588473496,4.589882257
061_230℃_200_1.0mm.csv,1,200,1.49091,0.300145261,1.500805,0.300190079,0.009895,1.682004551,1.512005,5.558033585,2.102078659,3.455954926
062_230℃_200_1.0mm.csv,1,200,1.49092,0.300178535,1.500355,0.300313235,0.009435,1.579187487,1.51162,5.392358251,2.033340197,3.359018055
063_230℃_200_1.0mm.csv,1,200,1.49092,0.300120319,1.50021,0.300199104,0.00929,1.546820614,1.5124,5.743423165,2.254034421,3.489388744
064_230℃_200_1.0mm.csv,1,200,1.49085,0.300090576,1.50054,0.300132119,0.00969,1.620677923,1.51208,5.587438457,2.135037203,3.452401255
065_230℃_200_1.0mm.csv,1,200,1.49075,0.300173872,1.500965,0.30007217,0.010215,1.718426924,1.51127,5.222003258,1.887423485,3.334579772
066_230℃_200_1.0mm.csv,1,200,1.490845,0.300028292,1.500895,0.300175324,0.01005,1.702948646,1.511165,5.184392775,1.87449005,3.309902725
067_230℃_200_1.0mm.csv,1,200,1.4908,0.300046452,1.500415,0.300030959,0.009615,1.59164144,1.51191,5.505729126,2.095447847,3.410281279
068_230℃_200_1.0mm.csv,1,200,1.49084,0.300074559,1.500915,0.30008274,0.010075,1.707314724,1.511895,5.505802857,2.061418883,3.444383975
069_230℃_200_1.0mm.csv,1,200,1.49082,0.30008982,1.500935,0.300040281,0.010115,1.711449466,1.51152,5.338073876,1.96001967,3.378054206
070_230℃_200_1.0mm.csv,1,200,1.490755,0.300195547,1.50101,0.300161879,0.010255,1.729277369,1.51116,5.176825803,1.861743477,3.315082325
071_230℃_240_1.0mm.csv,1,240,1.49121,0.300240838,1.50007,0.300165128,0.00886,1.515953526,1.50543,3.069750798,0.896865176,2.172885622
072_230℃_240_1.0mm.csv,1,240,1.49119,0.300129452,1.500125,0.300110137,0.008935,1.529190808,1.50523,3.002301688,0.861328672,2.140973015
073_230℃_240_1.0mm.csv,1,240,1.491145,0.300245212,1.49989,0.300084703,0.008745,1.475696087,1.50571,3.173077689,0.948839734,2.224237956
074_230℃_240_1.0mm.csv,1,240,1.49125,0.300212881,1.499965,0.300180017,0.008715,1.492892556,1.50541,3.069586044,0.902065248,2.167520796
075_230℃_240_1.0mm.csv,1,240,1.491145,0.300168696,1.500115,0.300228532,0.00897,1.526533955,1.50635,3.407565996,1.047583413,2.359982583
076_230℃_240_1.0mm.csv,1,240,1.491265,0.300054933,1.49998,0.300345109,0.008715,1.496120171,1.505525,3.111622702,0.91721311,2.194409592
077_230℃_240_1.0mm.csv,1,240,1.49124,0.300163215,1.49981,0.300019617,0.00857,1.457724563,1.505775,3.201070572,0.970274481,2.23079609
078_230℃_240_1.0mm.csv,1,240,1.491225,0.300246669,1.499885,0.300098169,0.00866,1.474650188,1.505815,3.214969394,0.971133875,2.243835518
079_230℃_240_1.0mm.csv,1,240,1.49121,0.30011815,1.50014,0.30004754,0.00893,1.532152692,1.50606,3.302321101,1.001665206,2.300655895
080_230℃_240_1.0mm.csv,1,240,1.49129,0.300319898,1.49972,0.3002651,0.00843,1.437623011,1.50564,3.153762661,0.956333794,2.197428867
081_230℃_280_1.0mm.csv,1,280,1.49143,0.300258279,1.49932,0.300140145,0.00789,1.349531595,1.50125,1.806873939,0.4547197,1.352154239
082_230℃_280_1.0mm.csv,1,280,1.491305,0.30024562,1.499825,0.300326864,0.00852,1.460619418,1.501165,1.783669825,0.411384578,1.372285247
083_230℃_280_1.0mm.csv,1,280,1.49127,0.300135163,1.499705,0.300181739,0.008435,1.433697319,1.50176,1.941050079,0.476392772,1.464657307
084_230℃_280_1.0mm.csv,1,280,1.491385,0.300002179,1.49987,0.30022163,0.008485,1.470395463,1.501485,1.868165266,0.436484024,1.431681242
085_230℃_280_1.0mm.csv,1,280,1.4915,0.300149814,1.499415,0.300028456,0.007915,1.369725795,1.501175,1.788386009,0.441423586,1.346962422
086_230℃_280_1.0mm.csv,1,280,1.49127,0.300264641,1.49976,0.300323283,0.00849,1.445911511,1.501815,1.955708973,0.477458901,1.478250072
087_230℃_280_1.0mm.csv,1,280,1.49131,0.30011107,1.49978,0.300316623,0.00847,1.450813694,1.501735,1.935153156,0.465655381,1.469497775
088_230℃_280_1.0mm.csv,1,280,1.491355,0.300013186,1.49963,0.300065047,0.008275,1.417538423,1.500695,1.665657984,0.381555784,1.2841022
089_230℃_280_1.0mm.csv,1,280,1.491215,0.300073923,1.49981,0.300037069,0.008595,1.457431177,1.501205,1.792614556,0.412467726,1.38014683
090_230℃_280_1.0mm.csv,1,280,1.491625,0.30034596,1.49933,0.300022908,0.007705,1.350375472,1.500935,1.727960192,0.426189111,1.301771081
091_230℃_320_1.0mm.csv,1,320,1.49141,0.300281343,1.49968,0.30028178,0.00827,1.428175015,1.499235,1.331298408,0.268375682,1.062922725
092_230℃_320_1.0mm.csv,1,320,1.49143,0.300137334,1.49962,0.3002818,0.00819,1.41446187,1.49972,1.436798353,0.307583214,1.129215139
093_230℃_320_1.0mm.csv,1,320,1.49133,0.300314661,1.49946,0.300275226,0.00813,1.379104558,1.499595,1.408671796,0.310089431,1.098582366
094_230℃_320_1.0mm.csv,1,320,1.491475,0.300134425,1.49971,0.300272726,0.008235,1.434854611,1.4996,1.410264538,0.292256833,1.118007705
095_230℃_320_1.0mm.csv,1,320,1.49151,0.300057855,1.499615,0.300129215,0.008105,1.413350088,1.49904,1.289496179,0.260737538,1.028758642
096_230℃_320_1.0mm.csv,1,320,1.491505,0.300149402,1.49941,0.300325959,0.007905,1.36739519,1.499425,1.370663618,0.301354759,1.069308859
097_230℃_320_1.0mm.csv,1,320,1.49144,0.300110058,1.499355,0.300315607,0.007915,1.356092796,1.500325,1.577786587,0.376520908,1.201265679
098_230℃_320_1.0mm.csv,1,320,1.49137,0.300171152,1.499595,0.300164108,0.008225,1.40877577,1.500135,1.53180696,0.34130179,1.19050517
099_230℃_320_1.0mm.csv,1,320,1.49133,0.300097207,1.4997,0.300173542,0.00837,1.432952412,1.49967,1.426265031,0.297942409,1.128322622
100_230℃_320_1.0mm.csv,1,320,1.49149,0.300182252,1.49968,0.300078474,0.00819,1.427922865,1.499615,1.413400821,0.295263737,1.118137084
011_190℃_005_1.5mm.csv,1.5,5,1.19043,0.300003341,1.69234,0.300027108,0.50191,2.428903051,4.22654,29.76184653,21.93176972,7.830076816
012_190℃_005_1.5mm.csv,1.5,5,1.18782,0.300021518,1.70009,0.300012528,0.51227,2.466332071,4.21405,29.26790993,21.57687316,7.691036776
013_190℃_005_1.5mm.csv,1.5,5,1.18834,0.30000829,1.70039,0.300012511,0.51205,2.470699413,4.22618,29.13080245,21.51318369,7.617618758
014_190℃_005_1.5mm.csv,1.5,5,1.1889,0.300003022,1.70231,0.300023676,0.51341,2.477932316,4.22603,29.04532126,21.47887432,7.566446941
015_190℃_005_1.5mm.csv,1.5,5,1.18809,0.300023474,1.69869,0.300011975,0.5106,2.461270016,4.21999,28.93562656,21.38804307,7.547583483
016_190℃_005_1.5mm.csv,1.5,5,1.18857,0.300015703,1.70068,0.300003571,0.51211,2.467938303,4.23096,29.06542781,21.51598729,7.549440524
017_190℃_005_1.5mm.csv,1.5,5,1.18947,0.30001073,1.696,0.300023315,0.50653,2.446979999,4.22983,29.03929381,21.51441892,7.524874898
018_190℃_005_1.5mm.csv,1.5,5,1.18669,0.300005933,1.69282,0.300006377,0.50613,2.431665164,4.22238,28.88235952,21.40747663,7.474882896
019_190℃_005_1.5mm.csv,1.5,5,1.18724,0.300013674,1.70033,0.300022106,0.51309,2.462398168,4.2295,28.92887868,21.4393943,7.489484373
020_190℃_005_1.5mm.csv,1.5,5,1.18584,0.300007327,1.69814,0.300011816,0.5123,2.456300805,4.22203,28.82571933,21.36250241,7.463216921
021_190℃_010_1.5mm.csv,1.5,10,1.33557,0.300024766,1.57493,0.300005955,0.23936,2.172752461,2.77965,19.73753553,15.25090067,4.486634868
022_190℃_010_1.5mm.csv,1.5,10,1.33471,0.300015056,1.578355,0.30001487,0.243645,2.205179799,2.77982,19.70274195,15.2114108,4.491331148
023_190℃_010_1.5mm.csv,1.5,10,1.33432,0.300000115,1.58039,0.300010459,0.24607,2.220566253,2.77222,19.45202451,14.98799522,4.464029294
024_190℃_010_1.5mm.csv,1.5,10,1.334515,0.300003851,1.58033,0.300021678,0.245815,2.22010517,2.779805,19.57729879,15.10445179,4.472847003
025_190℃_010_1.5mm.csv,1.5,10,1.33519,0.300007557,1.576525,0.300000018,0.241335,2.186635305,2.77804,19.54395358,15.11031777,4.433635812
026_190℃_010_1.5mm.csv,1.5,10,1.33475,0.300021321,1.58101,0.300014286,0.24626,2.223321233,2.775895,19.48107245,15.03079877,4.450273674
027_190℃_010_1.5mm.csv,1.5,10,1.33413,0.30002589,1.57612,0.300018588,0.24199,2.181172118,2.77168,19.38980463,14.98107388,4.408730753
028_190℃_010_1.5mm.csv,1.5,10,1.33373,0.300011632,1.58023,0.300008103,0.2465,2.221049233,2.767215,19.30457831,14.88409895,4.420479352
029_190℃_010_1.5mm.csv,1.5,10,1.335245,0.300002222,1.576785,0.300013636,0.24154,2.185248864,2.76701,19.31974059,14.9221501,4.397590486
030_190℃_010_1.5mm.csv,1.5,10,1.33352,0.300021144,1.5809,0.300026997,0.24738,2.223055044,2.77681,19.47019023,15.03890597,4.431284262
031_190℃_020_1.5mm.csv,1.5,20,1.424295,0.300039795,1.541225,0.300006698,0.11693,2.241531484,2.08027,16.15501484,12.48186269,3.673152157
032_190℃_020_1.5mm.csv,1.5,20,1.423255,0.300024061,1.540035,0.300037355,0.11678,2.214746442,2.098835,16.52057727,12.87066511,3.649912165
033_190℃_020_1.5mm.csv,1.5,20,1.42321,0.300060629,1.54147,0.300056492,0.11826,2.24287776,2.096045,16.40889146,12.75589347,3.652997984
034_190℃_020_1.5mm.csv,1.5,20,1.423425,0.30001621,1.540205,0.30005485,0.11678,2.219524854,2.09644,16.41147066,12.77870622,3.632764437
035_190℃_020_1.5mm.csv,1.5,20,1.422925,0.300046391,1.539435,0.300036817,0.11651,2.206051805,2.097445,16.41311539,12.79241575,3.620699639
036_190℃_020_1.5mm.csv,1.5,20,1.423145,0.300002277,1.53957,0.300035039,0.116425,2.205193865,2.09434,16.33097362,12.70819688,3.622776739
037_190℃_020_1.5mm.csv,1.5,20,1.423165,0.300025839,1.540905,0.300035626,0.11774,2.229806333,2.094605,16.29271933,12.66554674,3.627172583
038_190℃_020_1.5mm.csv,1.5,20,1.423175,0.30003984,1.54039,0.300057378,0.117215,2.220580568,2.091605,16.18170021,12.58291112,3.59878909
039_190℃_020_1.5mm.csv,1.5,20,1.423235,0.300023004,1.54068,0.300032193,0.117445,2.225272191,2.092455,16.23543452,12.62429634,3.611138176
040_190℃_020_1.5mm.csv,1.5,20,1.42313,0.300033413,1.539305,0.300044421,0.116175,2.202117572,2.09324,16.24323745,12.6518796,3.591357858
041_190℃_040_1.5mm.csv,1.5,40,1.465685,0.300100055,1.522955,0.300011052,0.05727,2.392776969,1.76316,14.29805482,10.99516754,3.302887275
042_190℃_040_1.5mm.csv,1.5,40,1.46567,0.300037316,1.52346,0.300095978,0.05779,2.412138198,1.75644,13.90117186,10.60608289,3.295088975
043_190℃_040_1.5mm.csv,1.5,40,1.465545,0.300097362,1.52443,0.300129912,0.058885,2.451010073,1.76727,14.49052001,11.13597561,3.354544407
044_190℃_040_1.5mm.csv,1.5,40,1.465525,0.300093425,1.52349,0.300062651,0.057965,2.413384552,1.775665,14.77537215,11.46444589,3.310926255
045_190℃_040_1.5mm.csv,1.5,40,1.465505,0.300047201,1.52341,0.300090719,0.057905,2.411582816,1.773245,14.65891695,11.35570342,3.303213525
046_190℃_040_1.5mm.csv,1.5,40,1.46556,0.300038444,1.52311,0.300129123,0.05755,2.400159273,1.77267,14.60899947,11.31957994,3.28941953
047_190℃_040_1.5mm.csv,1.5,40,1.46545,0.300079056,1.522835,0.300004304,0.057385,2.388619421,1.752435,13.66143783,10.40115335,3.260284482
048_190℃_040_1.5mm.csv,1.5,40,1.46546,0.300019979,1.522965,0.300013828,0.057505,2.395899414,1.766305,14.4350097,11.12453868,3.310471015
049_190℃_040_1.5mm.csv,1.5,40,1.46546,0.300049113,1.523365,0.300036398,0.057905,2.413766938,1.752495,13.66804882,10.38354687,3.284501958
050_190℃_040_1.5mm.csv,1.5,40,1.46538,0.300063912,1.523275,0.300076849,0.057895,2.40861525,1.77383,14.66622229,11.37049152,3.295730767
051_190℃_080_1.5mm.csv,1.5,80,1.48174,0.300114663,1.510875,0.300020144,0.029135,2.466313076,1.627575,14.64004738,11.29929488,3.340752501
052_190℃_080_1.5mm.csv,1.5,80,1.48187,0.300099122,1.51099,0.300180373,0.02912,2.476444491,1.625505,14.40950937,11.07796882,3.331540548
053_190℃_080_1.5mm.csv,1.5,80,1.48175,0.300032937,1.510985,0.300201349,0.029235,2.476143516,1.627665,14.63231195,11.28603821,3.346273743
054_190℃_080_1.5mm.csv,1.5,80,1.482055,0.30011688,1.51036,0.30019185,0.028305,2.421639608,1.626065,14.46196425,11.16121064,3.300753612
055_190℃_080_1.5mm.csv,1.5,80,1.481885,0.300109921,1.510965,0.300000209,0.02908,2.477876348,1.626085,14.46636045,11.13265548,3.333704969
056_190℃_080_1.5mm.csv,1.5,80,1.481725,0.300160399,1.510975,0.300063019,0.02925,2.477088321,1.62639,14.49948162,11.16014662,3.339334999
057_190℃_080_1.5mm.csv,1.5,80,1.481955,0.300121433,1.5107,0.30009849,0.028745,2.450545724,1.62651,14.50794968,11.18943243,3.318517254
058_190℃_080_1.5mm.csv,1.5,80,1.481825,0.3001122,1.51106,0.300149655,0.029235,2.484845975,1.626615,14.52888364,11.18339701,3.345486627
059_190℃_080_1.5mm.csv,1.5,80,1.482055,0.300142801,1.50996,0.30015541,0.027905,2.384570632,1.616005,13.35782448,10.12882769,3.228996794
060_190℃_080_1.5mm.csv,1.5,80,1.481915,0.300118012,1.5106,0.300075521,0.028685,2.443326056,1.624915,14.34746683,11.03842737,3.309039466
061_190℃_120_1.5mm.csv,1.5,120,1.485805,0.300200898,1.505445,0.300194037,0.01964,2.217336241,1.55856,10.68934506,7.468840092,3.220504965
062_190℃_120_1.5mm.csv,1.5,120,1.485795,0.300008903,1.505755,0.30000149,0.01996,2.262171782,1.55652,10.34996125,7.123993473,3.225967777
063_190℃_120_1.5mm.csv,1.5,120,1.485795,0.300185522,1.50535,0.300088694,0.019555,2.204261416,1.55846,10.66788534,7.455312921,3.212572422
064_190℃_120_1.5mm.csv,1.5,120,1.485795,0.30009369,1.50584,0.300192618,0.020045,2.272686819,1.55392,9.909890962,6.709933867,3.199957095
065_190℃_120_1.5mm.csv,1.5,120,1.485785,0.300030885,1.505675,0.300048982,0.01989,2.249540842,1.55132,9.467779623,6.297196987,3.170582636
066_190℃_120_1.5mm.csv,1.5,120,1.485875,0.300182799,1.505075,0.300135062,0.0192,2.166901958,1.55772,10.55250995,7.361290661,3.191219292
067_190℃_120_1.5mm.csv,1.5,120,1.48591,0.300061055,1.505215,0.300070393,0.019305,2.186158124,1.55629,10.31110062,7.129172305,3.181928311
068_190℃_120_1.5mm.csv,1.5,120,1.486025,0.300180645,1.50539,0.300074267,0.019365,2.211003588,1.55736,10.49448134,7.29670694,3.1977744
069_190℃_120_1.5mm.csv,1.5,120,1.485945,0.300015474,1.505385,0.300238588,0.01944,2.211293314,1.55783,10.56832881,7.364325943,3.204002863
070_190℃_120_1.5mm.csv,1.5,120,1.485735,0.300070064,1.50551,0.300143416,0.019775,2.225224505,1.558325,10.64647513,7.427297728,3.219177406
071_190℃_160_1.5mm.csv,1.5,160,1.4877,0.300103826,1.502565,0.300009564,0.014865,1.903719415,1.52873,7.329891508,4.182232303,3.147659205
072_190℃_160_1.5mm.csv,1.5,160,1.487585,0.300172381,1.502895,0.300234707,0.01531,1.957716602,1.529595,7.519006547,4.334847435,3.184159112
073_190℃_160_1.5mm.csv,1.5,160,1.48762,0.300030397,1.50284,0.300117385,0.01522,1.949364838,1.53131,7.898740008,4.702293353,3.196446655
074_190℃_160_1.5mm.csv,1.5,160,1.487805,0.300205985,1.5027,0.30011024,0.014895,1.927301809,1.529675,7.544190748,4.38010391,3.164086838
075_190℃_160_1.5mm.csv,1.5,160,1.487795,0.300143912,1.502795,0.300102733,0.015,1.943019231,1.53159,7.963391033,4.772850488,3.190540545
076_190℃_160_1.5mm.csv,1.5,160,1.48778,0.300054541,1.502785,0.300264443,0.015005,1.941225493,1.531705,7.983714372,4.794333709,3.189380664
077_190℃_160_1.5mm.csv,1.5,160,1.487675,0.300199537,1.502845,0.300203314,0.01517,1.950061457,1.530515,7.719409937,4.535865845,3.183544093
078_190℃_160_1.5mm.csv,1.5,160,1.487665,0.300038443,1.502515,0.300123853,0.01485,1.895246862,1.531315,7.897793962,4.720385895,3.177408067
079_190℃_160_1.5mm.csv,1.5,160,1.487585,0.30022147,1.50285,0.300128206,0.015265,1.949864084,1.53042,7.69654843,4.502833212,3.193715218
080_190℃_160_1.5mm.csv,1.5,160,1.48752,0.30016222,1.503125,0.300021911,0.015605,1.995298775,1.531175,7.855278642,4.638782361,3.216496281
081_190℃_200_1.5mm.csv,1.5,200,1.48873,0.300216211,1.501485,0.300018898,0.012755,1.760575698,1.517665,5.633278616,2.613603002,3.019675614
082_190℃_200_1.5mm.csv,1.5,200,1.48885,0.30008637,1.50131,0.300046151,0.01246,1.729109801,1.518115,5.757890823,2.728244389,3.029646434
083_190℃_200_1.5mm.csv,1.5,200,1.48875,0.300055951,1.501315,0.300083062,0.012565,1.729531693,1.51796,5.710172958,2.686565448,3.02360751
084_190℃_200_1.5mm.csv,1.5,200,1.48881,0.300232853,1.50134,0.300135341,0.01253,1.734525629,1.51737,5.558026384,2.564838085,2.9931883
085_190℃_200_1.5mm.csv,1.5,200,1.48879,0.30024111,1.501405,0.300012158,0.012615,1.746580798,1.518415,5.837935105,2.78974276,3.048192345
086_190℃_200_1.5mm.csv,1.5,200,1.48872,0.300256981,1.50123,0.300218498,0.01251,1.714140579,1.51814,5.757085332,2.733328398,3.023756934
087_190℃_200_1.5mm.csv,1.5,200,1.488805,0.300099141,1.501,0.300231104,0.012195,1.672930442,1.518175,5.770866568,2.757768494,3.013098074
088_190℃_200_1.5mm.csv,1.5,200,1.488795,0.300206614,1.5011,0.300079445,0.012305,1.690976759,1.518495,5.856038565,2.824371027,3.031667538
089_190℃_200_1.5mm.csv,1.5,200,1.4887,0.300009246,1.501345,0.300151076,0.012645,1.734440231,1.517575,5.603228349,2.600155125,3.003073224
090_190℃_200_1.5mm.csv,1.5,200,1.488885,0.300004189,1.50088,0.300113,0.011995,1.652654377,1.517695,5.647931704,2.671744891,2.976186814
091_190℃_240_1.5mm.csv,1.5,240,1.489375,0.300032289,1.5002,0.300265039,0.010825,1.536575008,1.50972,3.793319133,1.388837292,2.404481841
092_190℃_240_1.5mm.csv,1.5,240,1.48949,0.300072873,1.49999,0.300150131,0.0105,1.498351531,1.509965,3.870152053,1.448277701,2.421874351
093_190℃_240_1.5mm.csv,1.5,240,1.48941,0.300263018,1.50024,0.300171736,0.01083,1.543870194,1.510195,3.934184461,1.468954435,2.465230027
094_190℃_240_1.5mm.csv,1.5,240,1.48942,0.300244285,1.500185,0.300064678,0.010765,1.533913838,1.510075,3.896223406,1.446033399,2.450190007
095_190℃_240_1.5mm.csv,1.5,240,1.489455,0.300104536,1.50014,0.300242793,0.010685,1.52613382,1.509135,3.634153083,1.296362808,2.337790275
096_190℃_240_1.5mm.csv,1.5,240,1.489565,0.300152929,1.50002,0.300013838,0.010455,1.504161257,1.509775,3.815796286,1.413950379,2.401845908
097_190℃_240_1.5mm.csv,1.5,240,1.48943,0.300123359,1.499875,0.300045855,0.010445,1.477856182,1.50964,3.768133573,1.390197252,2.37793632
098_190℃_240_1.5mm.csv,1.5,240,1.489345,0.300188941,1.50048,0.300176986,0.011135,1.588821783,1.509815,3.819981482,1.382639097,2.437342385
099_190℃_240_1.5mm.csv,1.5,240,1.489585,0.300142419,1.5001,0.300017649,0.010515,1.51898662,1.50934,3.691798447,1.337279054,2.354519394
100_190℃_240_1.5mm.csv,1.5,240,1.489465,0.300214034,1.50028,0.300223717,0.010815,1.551899567,1.5095,3.736208055,1.350709837,2.385498218
101_190℃_280_1.5mm.csv,1.5,280,1.4897,0.300002927,1.49965,0.300157114,0.00995,1.435751155,1.50477,2.553731072,0.769718441,1.784012631
102_190℃_280_1.5mm.csv,1.5,280,1.48971,0.300113251,1.499655,0.300079742,0.009945,1.436836458,1.50462,2.517892624,0.745441847,1.772450777
103_190℃_280_1.5mm.csv,1.5,280,1.48987,0.300208886,1.499355,0.300130741,0.009485,1.38127861,1.50499,2.615523886,0.808012913,1.807510974
104_190℃_280_1.5mm.csv,1.5,280,1.489825,0.300198577,1.49987,0.300113584,0.010045,1.476307505,1.504785,2.56192061,0.758320633,1.803599977
105_190℃_280_1.5mm.csv,1.5,280,1.48968,0.300122924,1.499645,0.300084992,0.009965,1.434532439,1.504635,2.519351249,0.744334753,1.775016496
106_190℃_280_1.5mm.csv,1.5,280,1.48972,0.300097205,1.4996,0.300165509,0.00988,1.426512184,1.50466,2.526390969,0.760144676,1.766246292
107_190℃_280_1.5mm.csv,1.5,280,1.48984,0.300179296,1.49959,0.300250258,0.00975,1.42435566,1.504275,2.433202776,0.715141361,1.718061414
108_190℃_280_1.5mm.csv,1.5,280,1.48977,0.300001011,1.499955,0.300135894,0.010185,1.491978063,1.5041,2.387410019,0.66946243,1.717947589
109_190℃_280_1.5mm.csv,1.5,280,1.489815,0.30020677,1.49971,0.300142049,0.009895,1.446020806,1.50459,2.510427058,0.74247692,1.767950138
110_190℃_280_1.5mm.csv,1.5,280,1.489835,0.300224538,1.49928,0.300016454,0.009445,1.36848707,1.50442,2.468034558,0.752032501,1.716002056
111_190℃_320_1.5mm.csv,1.5,320,1.4902,0.300225363,1.49907,0.300163853,0.00887,1.326413449,1.501005,1.703533598,0.439213671,1.264319927
112_190℃_320_1.5mm.csv,1.5,320,1.49006,0.300246582,1.498945,0.300197634,0.008885,1.304371692,1.50098,1.697510323,0.442562333,1.25494799
113_190℃_320_1.5mm.csv,1.5,320,1.49003,0.30011451,1.49927,0.300314739,0.00924,1.362946624,1.501325,1.770409345,0.451583051,1.318826294
114_190℃_320_1.5mm.csv,1.5,320,1.490005,0.300027347,1.499335,0.300216866,0.00933,1.374782196,1.501515,1.811472785,0.46479377,1.346679015
115_190℃_320_1.5mm.csv,1.5,320,1.490205,0.300198189,1.49888,0.300272404,0.008675,1.292273937,1.50112,1.728034339,0.459921124,1.268113215
116_190℃_320_1.5mm.csv,1.5,320,1.490055,0.300165147,1.499185,0.300077476,0.00913,1.347842549,1.50102,1.70591986,0.430735875,1.275183985
117_190℃_320_1.5mm.csv,1.5,320,1.49016,0.300118719,1.499005,0.300273335,0.008845,1.314874125,1.500935,1.687870068,0.438305559,1.24956451
118_190℃_320_1.5mm.csv,1.5,320,1.48997,0.300233888,1.499175,0.300031127,0.009205,1.346224483,1.50102,1.705406451,0.43332319,1.272083261
119_190℃_320_1.5mm.csv,1.5,320,1.49005,0.300116572,1.49919,0.300189115,0.00914,1.348925736,1.500545,1.60729007,0.395194234,1.212095836
120_190℃_320_1.5mm.csv,1.5,320,1.4901,0.300000729,1.499215,0.300162833,0.009115,1.352672009,1.500885,1.677749951,0.418424279,1.259325672
011_210℃_005_1.5mm.csv,1.5,5,1.1685,0.300009631,1.66778,0.300013799,0.49928,2.25006268,4.16329,23.25329781,18.09884726,5.154450552
012_210℃_005_1.5mm.csv,1.5,5,1.16653,0.300023322,1.67516,0.300012227,0.50863,2.285171192,4.17579,23.34744702,18.17961329,5.167833724
013_210℃_005_1.5mm.csv,1.5,5,1.16508,0.300021841,1.67374,0.300023119,0.50866,2.281030636,4.17188,23.15493772,18.02699042,5.127947301
014_210℃_005_1.5mm.csv,1.5,5,1.16817,0.300016244,1.6687,0.300022927,0.50053,2.255607975,4.17181,23.02203,17.95810993,5.063920071
015_210℃_005_1.5mm.csv,1.5,5,1.16824,0.300005939,1.66481,0.300006838,0.49657,2.234982681,4.18064,23.08948606,18.04315664,5.046329423
016_210℃_005_1.5mm.csv,1.5,5,1.16733,0.30001899,1.67253,0.300003208,0.5052,2.268583977,4.17296,22.94025755,17.89574833,5.044509229
017_210℃_005_1.5mm.csv,1.5,5,1.16473,0.300019407,1.66994,0.300010116,0.50521,2.254351519,4.17621,22.97097857,17.93300493,5.037973641
018_210℃_005_1.5mm.csv,1.5,5,1.16721,0.300020543,1.66386,0.300001459,0.49665,2.231720451,4.17465,22.95237147,17.93063716,5.021734307
019_210℃_005_1.5mm.csv,1.5,5,1.16565,0.300007843,1.6686,0.300023585,0.50295,2.251590212,4.19182,23.13163698,18.08758058,5.044056398
020_210℃_005_1.5mm.csv,1.5,5,1.16541,0.300004373,1.67015,0.300016371,0.50474,2.255680317,4.18086,22.95787705,17.93562303,5.022254015
021_210℃_010_1.5mm.csv,1.5,10,1.31792,0.30002099,1.560085,0.300018704,0.242165,1.98704298,2.742545,16.78184653,13.16340271,3.618443815
022_210℃_010_1.5mm.csv,1.5,10,1.31787,0.30002056,1.563895,0.300006067,0.246025,2.01380677,2.747285,16.81311718,13.18487905,3.628238133
023_210℃_010_1.5mm.csv,1.5,10,1.31958,0.300016276,1.554465,0.300016442,0.234885,1.935683512,2.748415,16.83405979,13.24916216,3.584897629
024_210℃_010_1.5mm.csv,1.5,10,1.31797,0.300006006,1.55878,0.300020245,0.24081,1.971681082,2.752315,16.86805298,13.26745365,3.600599329
025_210℃_010_1.5mm.csv,1.5,10,1.31832,0.300016,1.55902,0.300013949,0.2407,1.976077483,2.75216,16.80643177,13.21637732,3.590054446
026_210℃_010_1.5mm.csv,1.5,10,1.317985,0.300014914,1.559455,0.300013475,0.24147,1.976425581,2.760025,16.90627496,13.31600155,3.59027341
027_210℃_010_1.5mm.csv,1.5,10,1.317265,0.300022296,1.565935,0.30001548,0.24867,2.034669452,2.75651,16.82894673,13.21551541,3.613431316
028_210℃_010_1.5mm.csv,1.5,10,1.317115,0.300008021,1.560465,0.300006481,0.24335,1.985777459,2.75785,16.83165883,13.2537572,3.577901631
029_210℃_010_1.5mm.csv,1.5,10,1.31711,0.300016876,1.56236,0.30002342,0.24525,2.005286543,2.76244,16.92708273,13.32858269,3.598500042
030_210℃_010_1.5mm.csv,1.5,10,1.31809,0.300002263,1.555905,0.300020708,0.237815,1.948847669,2.74935,16.71168008,13.17058557,3.541094505
031_210℃_020_1.5mm.csv,1.5,20,1.413025,0.300051166,1.53065,0.300022055,0.117625,1.98803528,2.077795,14.19310626,11.08955358,3.103552686
032_210℃_020_1.5mm.csv,1.5,20,1.41319,0.300022867,1.531565,0.300019157,0.118375,2.002716031,2.072085,14.09123037,10.97025759,3.120972775
033_210℃_020_1.5mm.csv,1.5,20,1.41339,0.300030553,1.5308,0.300025306,0.11741,1.990124841,2.082975,14.30631435,11.19937893,3.106935415
034_210℃_020_1.5mm.csv,1.5,20,1.41362,0.300029153,1.52891,0.300045779,0.11529,1.959981994,2.0849,14.34974082,11.2621393,3.087601516
035_210℃_020_1.5mm.csv,1.5,20,1.413445,0.300032993,1.530475,0.300057833,0.11703,1.981840925,2.07553,14.17711699,11.07517068,3.101946312
036_210℃_020_1.5mm.csv,1.5,20,1.412915,0.300005601,1.53145,0.300017325,0.118535,1.999881179,2.07624,14.17974507,11.06085231,3.118892766
037_210℃_020_1.5mm.csv,1.5,20,1.41303,0.300054239,1.532325,0.300001333,0.119295,2.015169102,2.08503,14.31864853,11.20360031,3.115048219
038_210℃_020_1.5mm.csv,1.5,20,1.41328,0.300019904,1.53176,0.30004666,0.11848,2.002443331,2.084075,14.28318411,11.1805772,3.102606906
039_210℃_020_1.5mm.csv,1.5,20,1.413535,0.300027101,1.52883,0.30001779,0.115295,1.957237299,2.080515,14.21674619,11.15291547,3.063830715
040_210℃_020_1.5mm.csv,1.5,20,1.413245,0.300037008,1.52894,0.300043563,0.115695,1.960160587,2.08571,14.32340404,11.2567125,3.066691542
041_210℃_040_1.5mm.csv,1.5,40,1.46177,0.300092711,1.52115,0.300110361,0.05938,2.229332367,1.768695,12.99162129,10.0327712,2.958850087
042_210℃_040_1.5mm.csv,1.5,40,1.46188,0.300079214,1.519305,0.300039295,0.057425,2.165670351,1.76327,12.87639543,9.948222688,2.928172742
043_210℃_040_1.5mm.csv,1.5,40,1.46208,0.300047657,1.51881,0.300085618,0.05673,2.147793333,1.75892,12.6808083,9.778085286,2.902723017
044_210℃_040_1.5mm.csv,1.5,40,1.46205,0.300086855,1.520295,0.300043015,0.058245,2.201806,1.76754,13.03883161,10.08912609,2.949705521
045_210℃_040_1.5mm.csv,1.5,40,1.46201,0.300068013,1.51972,0.300119005,0.05771,2.18053876,1.76263,12.85279096,9.915723013,2.937067951
046_210℃_040_1.5mm.csv,1.5,40,1.462155,0.300064102,1.52017,0.300089172,0.058015,2.197506625,1.7642,12.92350091,9.970969611,2.952531296
047_210℃_040_1.5mm.csv,1.5,40,1.462055,0.300074759,1.51846,0.300055364,0.056405,2.132464692,1.76441,12.92175812,10.01743776,2.904320363
048_210℃_040_1.5mm.csv,1.5,40,1.462045,0.300059962,1.5193,0.300063879,0.057255,2.163644376,1.764065,12.90585624,9.974820661,2.931035576
049_210℃_040_1.5mm.csv,1.5,40,1.46192,0.30005524,1.520745,0.300069647,0.058825,2.214897012,1.764175,12.91240861,9.943784259,2.96862435
050_210℃_040_1.5mm.csv,1.5,40,1.462105,0.300057549,1.519235,0.300111913,0.05713,2.162809634,1.771055,13.11300405,10.19727392,2.915730134
051_210℃_080_1.5mm.csv,1.5,80,1.48069,0.300144091,1.50986,0.300029892,0.02917,2.289753199,1.618955,12.44277732,9.466222323,2.976554994
052_210℃_080_1.5mm.csv,1.5,80,1.48057,0.300112788,1.510205,0.300178075,0.029635,2.314190402,1.625525,13.07411504,10.05427246,3.019842575
053_210℃_080_1.5mm.csv,1.5,80,1.48067,0.300135511,1.509895,0.300120982,0.029225,2.292762362,1.6245,12.99411952,9.988344128,3.005775394
054_210℃_080_1.5mm.csv,1.5,80,1.48066,0.30012162,1.509515,0.300052273,0.028855,2.261196783,1.62652,13.1831652,10.18231001,3.000855187
055_210℃_080_1.5mm.csv,1.5,80,1.480705,0.300033198,1.50892,0.300053429,0.028215,2.213175953,1.62249,12.80018227,9.839456445,2.96072583
056_210℃_080_1.5mm.csv,1.5,80,1.48071,0.300093472,1.50941,0.300128641,0.0287,2.252662251,1.62509,13.04999934,10.06216844,2.987830898
057_210℃_080_1.5mm.csv,1.5,80,1.480775,0.300133622,1.50894,0.300120876,0.028165,2.213566768,1.616445,12.1953305,9.27334159,2.921988905
058_210℃_080_1.5mm.csv,1.5,80,1.480555,0.300050998,1.509595,0.300144108,0.02904,2.266041556,1.62554,13.09603954,10.09361142,3.002428117
059_210℃_080_1.5mm.csv,1.5,80,1.48072,0.30017533,1.50934,0.300157678,0.02862,2.246076443,1.625295,13.06763057,10.08192611,2.985704463
060_210℃_080_1.5mm.csv,1.5,80,1.48046,0.300151257,1.50968,0.300140605,0.02922,2.273920035,1.626545,13.1861884,10.17488461,3.011303789
061_210℃_120_1.5mm.csv,1.5,120,1.485225,0.300149571,1.504885,0.300072218,0.01966,2.091438829,1.55663,9.508734799,6.609308649,2.89942615
062_210℃_120_1.5mm.csv,1.5,120,1.485225,0.300096605,1.504995,0.300095457,0.01977,2.105227906,1.55452,9.177412042,6.290799412,2.88661263
063_210℃_120_1.5mm.csv,1.5,120,1.48524,0.300073953,1.50468,0.30016349,0.01944,2.065461928,1.557755,9.67340434,6.776606851,2.896797489
064_210℃_120_1.5mm.csv,1.5,120,1.485245,0.300150653,1.504825,0.300237097,0.01958,2.08464677,1.55844,9.784030012,6.871462996,2.912567016
065_210℃_120_1.5mm.csv,1.5,120,1.485095,0.300074778,1.504975,0.300121031,0.01988,2.102051335,1.55701,9.572306457,6.657744475,2.914561982
066_210℃_120_1.5mm.csv,1.5,120,1.48494,0.30011931,1.505255,0.300093283,0.020315,2.136294967,1.55636,9.466444493,6.535601761,2.930842732
067_210℃_120_1.5mm.csv,1.5,120,1.485265,0.300010415,1.504345,0.300211747,0.01908,2.02461599,1.55841,9.783288296,6.896229499,2.887058798
068_210℃_120_1.5mm.csv,1.5,120,1.48518,0.300196674,1.504695,0.300041547,0.019515,2.067967708,1.559435,9.939335897,7.022528075,2.916807822
069_210℃_120_1.5mm.csv,1.5,120,1.485095,0.30010533,1.50489,0.300062428,0.019795,2.09232671,1.557795,9.691125882,6.774392472,2.91673341
070_210℃_120_1.5mm.csv,1.5,120,1.48509,0.300179628,1.505305,0.300005996,0.020215,2.143429122,1.555855,9.390286179,6.467398424,2.922887754
071_210℃_160_1.5mm.csv,1.5,160,1.487335,0.300179798,1.50203,0.300238041,0.014695,1.798123611,1.53063,7.192889859,4.324299788,2.868590071
072_210℃_160_1.5mm.csv,1.5,160,1.487365,0.300232968,1.5019,0.30011577,0.014535,1.77916715,1.528365,6.745552766,3.91035343,2.835199336
073_210℃_160_1.5mm.csv,1.5,160,1.487075,0.300208371,1.50248,0.300205767,0.015405,1.865704891,1.530525,7.169980351,4.265799182,2.904181169
074_210℃_160_1.5mm.csv,1.5,160,1.48712,0.300037239,1.502465,0.300216798,0.015345,1.863728273,1.530605,7.187031566,4.286071863,2.900959703
075_210℃_160_1.5mm.csv,1.5,160,1.48715,0.300039442,1.502305,0.300041879,0.015155,1.840109386,1.52921,6.915181216,4.038677005,2.876504211
076_210℃_160_1.5mm.csv,1.5,160,1.487175,0.300209607,1.502215,0.300198421,0.01504,1.826270766,1.529705,7.012472748,4.134990067,2.877482682
077_210℃_160_1.5mm.csv,1.5,160,1.48725,0.300185443,1.5021,0.300016275,0.01485,1.809167172,1.53089,7.251297611,4.369830742,2.881466869
078_210℃_160_1.5mm.csv,1.5,160,1.487255,0.300200919,1.502185,0.300186111,0.01493,1.822071974,1.53233,7.538130459,4.636575233,2.901555226
079_210℃_160_1.5mm.csv,1.5,160,1.48718,0.300174806,1.502745,0.300117018,0.015565,1.907532922,1.53098,7.26859915,4.348008893,2.920590256
080_210℃_160_1.5mm.csv,1.5,160,1.487225,0.300178541,1.502335,0.300134945,0.01511,1.844989668,1.53053,7.181835383,4.291100917,2.890734466
081_210℃_200_1.5mm.csv,1.5,200,1.4885,0.300216481,1.500785,0.300237249,0.012285,1.628854389,1.517385,5.246857027,2.509560268,2.737296759
082_210℃_200_1.5mm.csv,1.5,200,1.488515,0.300229563,1.500395,0.300102911,0.01188,1.564575988,1.51819,5.44773635,2.698376324,2.749360026
083_210℃_200_1.5mm.csv,1.5,200,1.48843,0.300123935,1.50061,0.300263459,0.01218,1.599971477,1.51819,5.447649854,2.680895102,2.766754752
084_210℃_200_1.5mm.csv,1.5,200,1.48852,0.30008296,1.50061,0.300258188,0.01209,1.600021853,1.51826,5.472130327,2.705782256,2.766348071
085_210℃_200_1.5mm.csv,1.5,200,1.488405,0.300039599,1.500775,0.300205271,0.01237,1.627282358,1.518595,5.550991099,2.758529236,2.792461863
086_210℃_200_1.5mm.csv,1.5,200,1.48833,0.300217067,1.501475,0.300222171,0.013145,1.746053251,1.517965,5.393606508,2.579943329,2.813663179
087_210℃_200_1.5mm.csv,1.5,200,1.48849,0.300247173,1.50059,0.300257252,0.0121,1.596600679,1.51855,5.539211436,2.757658567,2.781552869
088_210℃_200_1.5mm.csv,1.5,200,1.488435,0.300182931,1.500475,0.30015356,0.01204,1.577477819,1.518315,5.482129905,2.720328847,2.761801058
089_210℃_200_1.5mm.csv,1.5,200,1.488345,0.300008849,1.500915,0.300147565,0.01257,1.650609347,1.51806,5.414320828,2.634548809,2.779772019
090_210℃_200_1.5mm.csv,1.5,200,1.48853,0.300203345,1.500975,0.300145677,0.012445,1.661202594,1.51849,5.523628195,2.72787198,2.795756215
091_210℃_240_1.5mm.csv,1.5,240,1.48925,0.300253915,1.49974,0.300065764,0.01049,1.455593313,1.50932,3.556302866,1.337363142,2.218939724
092_210℃_240_1.5mm.csv,1.5,240,1.4891,0.300233873,1.49977,0.300003061,0.01067,1.460994576,1.509845,3.687138866,1.41048122,2.276657646
093_210℃_240_1.5mm.csv,1.5,240,1.4892,0.300215629,1.499665,0.300239648,0.010465,1.442812902,1.509545,3.615578006,1.37259499,2.242983016
094_210℃_240_1.5mm.csv,1.5,240,1.489055,0.300028752,1.499875,0.300101537,0.01082,1.478756353,1.509235,3.530695505,1.303258056,2.227437449
095_210℃_240_1.5mm.csv,1.5,240,1.489105,0.300025958,1.499945,0.300270254,0.01084,1.490767627,1.50907,3.492129574,1.281682333,2.210447241
096_210℃_240_1.5mm.csv,1.5,240,1.48922,0.300017929,1.499645,0.300256156,0.010425,1.439472431,1.510005,3.741303518,1.453689714,2.287613804
097_210℃_240_1.5mm.csv,1.5,240,1.48915,0.300108479,1.4999,0.300021731,0.01075,1.482699852,1.509545,3.615533182,1.358599018,2.256934165
098_210℃_240_1.5mm.csv,1.5,240,1.48925,0.300217992,1.499805,0.300264966,0.010555,1.466344975,1.50983,3.690957307,1.416979549,2.273977759
099_210℃_240_1.5mm.csv,1.5,240,1.489155,0.300213664,1.499755,0.300057011,0.0106,1.457999333,1.509895,3.701677147,1.425578217,2.276098929
100_210℃_240_1.5mm.csv,1.5,240,1.489165,0.30002881,1.49949,0.300140984,0.010325,1.412828466,1.508875,3.438645616,1.281202665,2.157442952
101_210℃_280_1.5mm.csv,1.5,280,1.489595,0.300003077,1.499205,0.300145381,0.00961,1.359692376,1.50459,2.465969201,0.769351065,1.696618136
102_210℃_280_1.5mm.csv,1.5,280,1.48952,0.300182902,1.49926,0.300048924,0.00974,1.369753875,1.504905,2.538668549,0.809694881,1.728973667
103_210℃_280_1.5mm.csv,1.5,280,1.489415,0.300101482,1.4993,0.300297008,0.009885,1.376981561,1.5047,2.485430976,0.783581304,1.701849672
104_210℃_280_1.5mm.csv,1.5,280,1.48947,0.300237174,1.49934,0.300161231,0.00987,1.383695204,1.504345,2.402852773,0.739829047,1.663023726
105_210℃_280_1.5mm.csv,1.5,280,1.489375,0.300044805,1.499255,0.300281263,0.00988,1.369284022,1.50472,2.489994792,0.781738074,1.708256717
106_210℃_280_1.5mm.csv,1.5,280,1.48945,0.300181109,1.49905,0.300205039,0.0096,1.334076525,1.50463,2.472109188,0.777396495,1.694712693
107_210℃_280_1.5mm.csv,1.5,280,1.48951,0.300215297,1.49902,0.300105678,0.00951,1.32890938,1.50457,2.460798075,0.775174137,1.685623938
108_210℃_280_1.5mm.csv,1.5,280,1.489295,0.300017049,1.499535,0.30019945,0.01024,1.4182003,1.50442,2.415921277,0.732573901,1.683347375
109_210℃_280_1.5mm.csv,1.5,280,1.489445,0.30020567,1.499395,0.300150375,0.00995,1.393277876,1.504065,2.336529336,0.702678381,1.633850955
110_210℃_280_1.5mm.csv,1.5,280,1.489525,0.300245376,1.49934,0.300166561,0.009815,1.383775656,1.504635,2.473888441,0.774956739,1.698931703
111_210℃_320_1.5mm.csv,1.5,320,1.489725,0.300041931,1.499205,0.300202678,0.00948,1.357495385,1.50021,1.539775719,0.370506525,1.169269194
112_210℃_320_1.5mm.csv,1.5,320,1.48986,0.300207328,1.498935,0.300179636,0.009075,1.310282301,1.499765,1.457284344,0.35497886,1.102305484
113_210℃_320_1.5mm.csv,1.5,320,1.489725,0.300192757,1.49874,0.300176026,0.009015,1.277327714,1.50037,1.570564097,0.407515656,1.163048441
114_210℃_320_1.5mm.csv,1.5,320,1.48963,0.300072627,1.49886,0.300091744,0.00923,1.298068196,1.50067,1.628191442,0.427104822,1.20108662
115_210℃_320_1.5mm.csv,1.5,320,1.48973,0.300058891,1.498945,0.300200844,0.009215,1.31171324,1.50061,1.616755498,0.416411855,1.200343643
116_210℃_320_1.5mm.csv,1.5,320,1.48974,0.300130258,1.49879,0.300144789,0.00905,1.286060907,1.50034,1.564202409,0.406585652,1.157616757
117_210℃_320_1.5mm.csv,1.5,320,1.48972,0.300026227,1.49892,0.300263861,0.0092,1.308308832,1.50047,1.589659831,0.409496447,1.180163385
118_210℃_320_1.5mm.csv,1.5,320,1.489665,0.300041599,1.498865,0.30022109,0.0092,1.299408756,1.500465,1.588629752,0.41177012,1.176859631
119_210℃_320_1.5mm.csv,1.5,320,1.48961,0.300115437,1.498845,0.300178302,0.009235,1.295336324,1.500615,1.61660339,0.424071157,1.192532233
120_210℃_320_1.5mm.csv,1.5,320,1.489795,0.300119803,1.49867,0.300159053,0.008875,1.264309912,1.50053,1.600837952,0.425136645,1.175701307
011_230℃_005_1.5mm.csv,1.5,5,1.14163,0.300001004,1.639,0.300021973,0.49737,2.069025628,4.08865,18.97296599,15.12211411,3.850851877
012_230℃_005_1.5mm.csv,1.5,5,1.14315,0.300016909,1.6414,0.300015259,0.49825,2.07435833,4.10887,19.02149543,15.18298495,3.838510484
013_230℃_005_1.5mm.csv,1.5,5,1.14146,0.300002287,1.64398,0.300009381,0.50252,2.089337907,4.12027,19.05053891,15.22347913,3.827059776
014_230℃_005_1.5mm.csv,1.5,5,1.14038,0.300023247,1.64696,0.300007216,0.50658,2.094772152,4.10899,18.80783115,15.00468134,3.803149809
015_230℃_005_1.5mm.csv,1.5,5,1.14145,0.300023055,1.64157,0.300020098,0.50012,2.074130051,4.11262,18.80160343,15.04224157,3.759361863
016_230℃_005_1.5mm.csv,1.5,5,1.14281,0.300012995,1.6348,0.30000146,0.49199,2.048739444,4.10453,18.67564796,14.96149223,3.71415573
017_230℃_005_1.5mm.csv,1.5,5,1.13868,0.30000148,1.64976,0.300007449,0.51108,2.108545996,4.11841,18.78703561,15.02709628,3.759939326
018_230℃_005_1.5mm.csv,1.5,5,1.14095,0.300020788,1.63909,0.300016105,0.49814,2.066752501,4.13079,18.91256702,15.17444292,3.738124093
019_230℃_005_1.5mm.csv,1.5,5,1.14164,0.300021754,1.63851,0.300012045,0.49687,2.061328669,4.11728,18.75943588,15.04818201,3.711253872
020_230℃_005_1.5mm.csv,1.5,5,1.14004,0.30002148,1.63665,0.300015747,0.49661,2.052741674,4.11418,18.68840854,14.99296821,3.695440337
021_230℃_010_1.5mm.csv,1.5,10,1.298105,0.300005303,1.53902,0.300012043,0.240915,1.784945135,2.702235,14.42039185,11.46100309,2.959388758
022_230℃_010_1.5mm.csv,1.5,10,1.297195,0.300002892,1.54476,0.300007227,0.247565,1.823046752,2.7089,14.48847589,11.50190334,2.986572551
023_230℃_010_1.5mm.csv,1.5,10,1.29915,0.30000031,1.538575,0.300018322,0.239425,1.779119235,2.707365,14.42591682,11.48109197,2.944824851
024_230℃_010_1.5mm.csv,1.5,10,1.296425,0.300001687,1.549615,0.300005234,0.25319,1.859824387,2.724085,14.61478314,11.60936133,3.005421809
025_230℃_010_1.5mm.csv,1.5,10,1.298655,0.300011528,1.54146,0.300008913,0.242805,1.804564,2.7096,14.3840374,11.44827634,2.935761066
026_230℃_010_1.5mm.csv,1.5,10,1.298865,0.300015664,1.542,0.300005108,0.243135,1.804838999,2.70929,14.37994312,11.45357048,2.926372642
027_230℃_010_1.5mm.csv,1.5,10,1.29779,0.300004206,1.546295,0.300006502,0.248505,1.836992914,2.720185,14.50084807,11.5444585,2.956389563
028_230℃_010_1.5mm.csv,1.5,10,1.298495,0.300013734,1.540755,0.300014901,0.24226,1.797069708,2.713245,14.41114215,11.49549576,2.91564639
029_230℃_010_1.5mm.csv,1.5,10,1.29928,0.30000598,1.545745,0.300001933,0.246465,1.833775091,2.71296,14.39216269,11.45601155,2.936151145
030_230℃_010_1.5mm.csv,1.5,10,1.29659,0.300008079,1.54051,0.300012482,0.24392,1.795750164,2.71518,14.41410611,11.49947197,2.914634142
031_230℃_020_1.5mm.csv,1.5,20,1.401395,0.300022731,1.5225,0.300031541,0.121105,1.815542852,2.06092,12.39191045,9.712240877,2.67966957
032_230℃_020_1.5mm.csv,1.5,20,1.402025,0.300012661,1.51934,0.300019244,0.117315,1.770709962,2.06,12.38293908,9.736094395,2.646844688
033_230℃_020_1.5mm.csv,1.5,20,1.401625,0.300001616,1.52164,0.300028726,0.120015,1.803234219,2.057795,12.38118693,9.700840563,2.680346365
034_230℃_020_1.5mm.csv,1.5,20,1.401715,0.300036811,1.521795,0.300011688,0.12008,1.807343206,2.066425,12.50418827,9.828643764,2.675544509
035_230℃_020_1.5mm.csv,1.5,20,1.40183,0.300023571,1.52135,0.300029086,0.11952,1.802780113,2.06881,12.56790672,9.893996776,2.673909947
036_230℃_020_1.5mm.csv,1.5,20,1.40174,0.300025643,1.52186,0.300037768,0.12012,1.807216841,2.059125,12.42254889,9.733190276,2.689358616
037_230℃_020_1.5mm.csv,1.5,20,1.401615,0.300049877,1.521405,0.300011534,0.11979,1.801744239,2.056615,12.36629984,9.685510044,2.680789798
038_230℃_020_1.5mm.csv,1.5,20,1.40152,0.300016201,1.52092,0.300017857,0.1194,1.795835484,2.07009,12.57985896,9.912595355,2.667263607
039_230℃_020_1.5mm.csv,1.5,20,1.40182,0.30004209,1.51859,0.300027002,0.11677,1.76186648,2.07039,12.58173926,9.943651838,2.638087418
040_230℃_020_1.5mm.csv,1.5,20,1.40134,0.300032668,1.52233,0.300015203,0.12099,1.815929143,2.059315,12.4018804,9.717596218,2.68428418
041_230℃_040_1.5mm.csv,1.5,40,1.457475,0.300054012,1.515255,0.300098687,0.05778,1.967968625,1.76046,11.43116041,8.876328946,2.554831465
042_230℃_040_1.5mm.csv,1.5,40,1.457945,0.300111581,1.51502,0.300034947,0.057075,1.959278825,1.762095,11.50836997,8.956301563,2.552068408
043_230℃_040_1.5mm.csv,1.5,40,1.457635,0.300059811,1.515165,0.300013725,0.05753,1.9635013,1.76553,11.66083128,9.09207656,2.568754717
044_230℃_040_1.5mm.csv,1.5,40,1.457875,0.30004573,1.51546,0.300056915,0.057585,1.974747044,1.752295,11.23056385,8.651050273,2.57951358
045_230℃_040_1.5mm.csv,1.5,40,1.45753,0.300003149,1.51567,0.300036011,0.05814,1.981588292,1.75618,11.38569842,8.79567414,2.590024283
046_230℃_040_1.5mm.csv,1.5,40,1.4579,0.300047286,1.515745,0.300108362,0.057845,1.986357184,1.75828,11.46490109,8.867434679,2.597466411
047_230℃_040_1.5mm.csv,1.5,40,1.457585,0.300082544,1.51541,0.300007485,0.057825,1.974200577,1.755025,11.33500341,8.753888427,2.581114981
048_230℃_040_1.5mm.csv,1.5,40,1.457805,0.300002806,1.5149,0.300091422,0.057095,1.956407883,1.751655,11.19921002,8.632670974,2.566539051
049_230℃_040_1.5mm.csv,1.5,40,1.4577,0.300051173,1.51383,0.300060781,0.05613,1.923438605,1.76538,11.65840481,9.118411988,2.539992818
050_230℃_040_1.5mm.csv,1.5,40,1.457795,0.300038106,1.515705,0.300087943,0.05791,1.983386531,1.75571,11.36019457,8.768195903,2.59199867
051_230℃_080_1.5mm.csv,1.5,80,1.47919,0.300014794,1.50854,0.300132825,0.02935,2.114439042,1.61516,10.9906752,8.338005397,2.652669799
052_230℃_080_1.5mm.csv,1.5,80,1.479115,0.300072051,1.508705,0.300115477,0.02959,2.125336531,1.6188,11.30904016,8.633886082,2.675154074
053_230℃_080_1.5mm.csv,1.5,80,1.479235,0.300009489,1.508265,0.300000373,0.02903,2.094011365,1.62353,11.71716881,9.045696956,2.671471851
054_230℃_080_1.5mm.csv,1.5,80,1.479205,0.300015623,1.508125,0.300118804,0.02892,2.084414261,1.62463,11.81579707,9.143261507,2.672535567
055_230℃_080_1.5mm.csv,1.5,80,1.479445,0.300045044,1.508395,0.300038253,0.02895,2.103822675,1.623095,11.69068205,9.019509201,2.67117285
056_230℃_080_1.5mm.csv,1.5,80,1.47926,0.300058865,1.5087,0.300155888,0.02944,2.126809767,1.62153,11.55200207,8.866058813,2.685943253
057_230℃_080_1.5mm.csv,1.5,80,1.479345,0.300120595,1.507505,0.300035336,0.02816,2.038196128,1.62272,11.65476985,9.020062077,2.634707772
058_230℃_080_1.5mm.csv,1.5,80,1.4791,0.300169515,1.50874,0.300104135,0.02964,2.128578722,1.62388,11.74920702,9.051517035,2.697689989
059_230℃_080_1.5mm.csv,1.5,80,1.47932,0.300126724,1.50792,0.300162042,0.0286,2.068644434,1.62371,11.72235608,9.067469526,2.654886549
060_230℃_080_1.5mm.csv,1.5,80,1.47936,0.300173391,1.50797,0.300090819,0.02861,2.07358501,1.62319,11.68574149,9.027757292,2.657984196
061_230℃_120_1.5mm.csv,1.5,120,1.484535,0.300040149,1.50378,0.300037854,0.019245,1.918600647,1.55445,8.440850216,5.861177405,2.579672811
062_230℃_120_1.5mm.csv,1.5,120,1.48464,0.300142175,1.503955,0.300007006,0.019315,1.938496657,1.55632,8.687356484,6.092847868,2.594508616
063_230℃_120_1.5mm.csv,1.5,120,1.48457,0.300001404,1.503865,0.300169277,0.019295,1.929146563,1.557105,8.805582879,6.206176959,2.599405919
064_230℃_120_1.5mm.csv,1.5,120,1.484625,0.300055414,1.50341,0.300101517,0.018785,1.87687112,1.55521,8.546810065,5.983605743,2.563204321
065_230℃_120_1.5mm.csv,1.5,120,1.48441,0.300160603,1.503915,0.300067661,0.019505,1.932845404,1.558315,8.957624207,6.343654761,2.613969447
066_230℃_120_1.5mm.csv,1.5,120,1.48451,0.300104576,1.504055,0.300036076,0.019545,1.950254776,1.557655,8.872058483,6.257491521,2.614566962
067_230℃_120_1.5mm.csv,1.5,120,1.48464,0.300072406,1.50388,0.300227222,0.01924,1.931158186,1.546985,7.422200406,4.902994581,2.519205826
068_230℃_120_1.5mm.csv,1.5,120,1.484375,0.30005071,1.504445,0.300152516,0.02007,1.994222623,1.556565,8.721208125,6.096386682,2.624821443
069_230℃_120_1.5mm.csv,1.5,120,1.484345,0.300009938,1.504465,0.300233793,0.02012,1.996056481,1.5541,8.387700626,5.777455813,2.610244813
070_230℃_120_1.5mm.csv,1.5,120,1.48449,0.300128011,1.50439,0.300080006,0.0199,1.988320247,1.55174,8.063850737,5.48373987,2.580110868
071_230℃_160_1.5mm.csv,1.5,160,1.486715,0.30009808,1.50156,0.300210228,0.014845,1.714029286,1.52856,6.309149798,3.736863214,2.572286584
072_230℃_160_1.5mm.csv,1.5,160,1.486795,0.300191451,1.501475,0.300043846,0.01468,1.701948685,1.529025,6.386491193,3.816607084,2.569884109
073_230℃_160_1.5mm.csv,1.5,160,1.486665,0.300179691,1.502005,0.300002406,0.01534,1.776385374,1.52812,6.226991617,3.630700038,2.596291579
074_230℃_160_1.5mm.csv,1.5,160,1.48663,0.300126345,1.50232,0.300174752,0.01569,1.822020094,1.52833,6.263636947,3.644208831,2.619428116
075_230℃_160_1.5mm.csv,1.5,160,1.486565,0.300047641,1.502065,0.300072304,0.0155,1.78453382,1.52866,6.32144361,3.710303424,2.611140186
076_230℃_160_1.5mm.csv,1.5,160,1.486565,0.30021493,1.50192,0.300201079,0.015355,1.763861091,1.52862,6.31497538,3.711528344,2.603447036
077_230℃_160_1.5mm.csv,1.5,160,1.486715,0.300032833,1.50207,0.300065803,0.015355,1.785750879,1.528785,6.349516784,3.743463002,2.606053782
078_230℃_160_1.5mm.csv,1.5,160,1.486595,0.300043401,1.50203,0.300208742,0.015435,1.779706916,1.52853,6.296436275,3.692149069,2.604287206
079_230℃_160_1.5mm.csv,1.5,160,1.48665,0.300006034,1.50155,0.300222197,0.0149,1.711457877,1.529485,6.475944262,3.891413379,2.584530883
080_230℃_160_1.5mm.csv,1.5,160,1.486535,0.300181472,1.50203,0.300068068,0.015495,1.779349275,1.529865,6.540240795,3.920263691,2.619977104
081_230℃_200_1.5mm.csv,1.5,200,1.48805,0.300152086,1.500605,0.300245248,0.012555,1.593966662,1.514705,4.357379712,1.945808374,2.411571338
082_230℃_200_1.5mm.csv,1.5,200,1.4879,0.300243787,1.500525,0.300182535,0.012625,1.581729287,1.51615,4.667695158,2.192925344,2.474769814
083_230℃_200_1.5mm.csv,1.5,200,1.48795,0.300068873,1.50036,0.300261484,0.01241,1.555992499,1.516695,4.796312754,2.31055081,2.485761943
084_230℃_200_1.5mm.csv,1.5,200,1.487955,0.300011232,1.50056,0.300045023,0.012605,1.586682382,1.51616,4.679057839,2.201562199,2.47749564
085_230℃_200_1.5mm.csv,1.5,200,1.487875,0.300233295,1.50054,0.300006874,0.012665,1.583591939,1.516475,4.744950371,2.254198952,2.490751419
086_230℃_200_1.5mm.csv,1.5,200,1.487965,0.300166308,1.50043,0.300017481,0.012465,1.566830978,1.5168,4.821686363,2.327844081,2.493842282
087_230℃_200_1.5mm.csv,1.5,200,1.48804,0.300029092,1.50042,0.300110778,0.01238,1.565350619,1.516965,4.861750072,2.364346929,2.497403143
088_230℃_200_1.5mm.csv,1.5,200,1.48807,0.30006847,1.50036,0.300243122,0.01229,1.556296424,1.516765,4.815949901,2.331401087,2.484548814
089_230℃_200_1.5mm.csv,1.5,200,1.48793,0.300021872,1.500725,0.300249499,0.012795,1.612724704,1.5155,4.533080785,2.07351569,2.459565094
090_230℃_200_1.5mm.csv,1.5,200,1.487935,0.300202465,1.500535,0.300243008,0.0126,1.583188679,1.516,4.642634982,2.17268527,2.469949712
091_230℃_240_1.5mm.csv,1.5,240,1.488665,0.300065906,1.499625,0.3001195,0.01096,1.438963778,1.506785,2.826793804,0.95610627,1.870687534
092_230℃_240_1.5mm.csv,1.5,240,1.48874,0.300222895,1.499875,0.300099541,0.011135,1.47943755,1.50732,2.949604735,1.017861132,1.931743603
093_230℃_240_1.5mm.csv,1.5,240,1.488805,0.300238027,1.49967,0.300185759,0.010865,1.446344754,1.508365,3.19681652,1.176359779,2.020456741
094_230℃_240_1.5mm.csv,1.5,240,1.48878,0.300228242,1.49939,0.300109954,0.01061,1.400958922,1.508465,3.215834318,1.20240383,2.013430488
095_230℃_240_1.5mm.csv,1.5,240,1.48884,0.300231878,1.49951,0.300282468,0.01067,1.420258488,1.507795,3.062456079,1.107188987,1.955267092
096_230℃_240_1.5mm.csv,1.5,240,1.48886,0.300127452,1.49956,0.300104463,0.0107,1.427806663,1.508245,3.166747122,1.16835494,1.998392182
097_230℃_240_1.5mm.csv,1.5,240,1.488775,0.300127318,1.49957,0.300291487,0.010795,1.429924192,1.50817,3.146663929,1.155088579,1.99157535
098_230℃_240_1.5mm.csv,1.5,240,1.48886,0.300260379,1.49925,0.300218284,0.01039,1.378013016,1.508795,3.296636303,1.257870063,2.038766239
099_230℃_240_1.5mm.csv,1.5,240,1.488685,0.300000578,1.49971,0.30008705,0.011025,1.452618204,1.508345,3.187702389,1.168357481,2.019344908
100_230℃_240_1.5mm.csv,1.5,240,1.488815,0.300101026,1.49959,0.30002956,0.010775,1.433262207,1.507905,3.087638195,1.110712889,1.976925307
101_230℃_280_1.5mm.csv,1.5,280,1.48924,0.300219111,1.499005,0.300018573,0.009765,1.333060868,1.50263,1.99379698,0.572075312,1.421721669
102_230℃_280_1.5mm.csv,1.5,280,1.48905,0.300099779,1.49961,0.300314353,0.01056,1.433743844,1.502875,2.040561203,0.564232608,1.476328594
103_230℃_280_1.5mm.csv,1.5,280,1.489245,0.300103375,1.498655,0.300141794,0.00941,1.276546321,1.50319,2.110164353,0.648636716,1.461527637
104_230℃_280_1.5mm.csv,1.5,280,1.489265,0.300243617,1.49904,0.300295663,0.009775,1.339073476,1.50299,2.068716371,0.607943994,1.460772377
105_230℃_280_1.5mm.csv,1.5,280,1.4892,0.300061539,1.498945,0.300144356,0.009745,1.323613209,1.503035,2.078350538,0.614386473,1.463964066
106_230℃_280_1.5mm.csv,1.5,280,1.48913,0.300107361,1.49907,0.300099464,0.00994,1.344622037,1.50311,2.091360502,0.620402422,1.47095808
107_230℃_280_1.5mm.csv,1.5,280,1.489205,0.30015896,1.49919,0.30025702,0.009985,1.363671491,1.50314,2.097935178,0.620387659,1.477547519
108_230℃_280_1.5mm.csv,1.5,280,1.489225,0.300258311,1.499125,0.300053216,0.0099,1.352488005,1.503335,2.140388786,0.632538618,1.507850168
109_230℃_280_1.5mm.csv,1.5,280,1.48929,0.300198563,1.49898,0.300073208,0.00969,1.328894148,1.50331,2.137089507,0.641548945,1.495540562
110_230℃_280_1.5mm.csv,1.5,280,1.4891,0.300004318,1.49917,0.300115471,0.01007,1.360885859,1.50276,2.01800113,0.578473806,1.439527324
111_230℃_320_1.5mm.csv,1.5,320,1.489535,0.300176995,1.498255,0.300114495,0.00872,1.209217791,1.497805,1.140172373,0.275654109,0.864518264
112_230℃_320_1.5mm.csv,1.5,320,1.489325,0.300077951,1.498815,0.300267321,0.00949,1.298570068,1.498945,1.319837822,0.308066136,1.011771686
113_230℃_320_1.5mm.csv,1.5,320,1.489335,0.300083438,1.498675,0.300139034,0.00934,1.276308383,1.498755,1.289226188,0.304825515,0.984400673
114_230℃_320_1.5mm.csv,1.5,320,1.48945,0.300053654,1.498935,0.300174736,0.009485,1.317955771,1.49878,1.292578707,0.290400977,1.00217773
115_230℃_320_1.5mm.csv,1.5,320,1.48942,0.300073958,1.498915,0.300219908,0.009495,1.314288108,1.499225,1.366026271,0.319709091,1.04631718
116_230℃_320_1.5mm.csv,1.5,320,1.48944,0.300154052,1.49877,0.300190311,0.00933,1.291051235,1.49853,1.252406538,0.286141465,0.966265073
117_230℃_320_1.5mm.csv,1.5,320,1.489435,0.300146386,1.49851,0.3002168,0.009075,1.249420321,1.49893,1.317454831,0.326296298,0.991158532
118_230℃_320_1.5mm.csv,1.5,320,1.48948,0.300024147,1.498725,0.300029148,0.009245,1.283378175,1.49877,1.290701404,0.302825583,0.987875821
119_230℃_320_1.5mm.csv,1.5,320,1.48937,0.300100971,1.498745,0.300200476,0.009375,1.286688717,1.499665,1.44164358,0.359757015,1.081886564
120_230℃_320_1.5mm.csv,1.5,320,1.489415,0.30001431,1.49867,0.300019169,0.009255,1.274376772,1.49932,1.381989499,0.342148743,1.039840756
001_190℃_003_2.0mm.csv,2,3,0.6226,0.30001313,1.66342,0.300018678,1.04082,1.75763004,6.86026,19.7664564,14.93125199,4.835204411
002_190℃_003_2.0mm.csv,2,3,0.61472,0.300008297,1.72314,0.300019981,1.10842,1.856322917,6.88662,19.55248167,14.98008755,4.572394118
003_190℃_003_2.0mm.csv,2,3,0.6159,0.300019916,1.6396,0.300002993,1.0237,1.717616314,6.87456,19.5204547,14.89656372,4.623890986
004_190℃_003_2.0mm.csv,2,3,0.60602,0.300007453,1.67724,0.300015556,1.07122,1.789182195,6.86326,19.36095453,14.77682591,4.584128624
005_190℃_003_2.0mm.csv,2,3,0.6182,0.300017262,1.6629,0.300010954,1.0447,1.764967157,6.86504,19.28914722,14.72086793,4.568279293
006_190℃_003_2.0mm.csv,2,3,0.60964,0.300005256,1.7079,0.300020388,1.09826,1.833987961,6.87698,19.18595752,14.69297552,4.492981997
007_190℃_003_2.0mm.csv,2,3,0.60752,0.300008762,1.72314,0.300013361,1.11562,1.855122493,6.90738,19.25301643,14.76186614,4.491150296
008_190℃_003_2.0mm.csv,2,3,0.61466,0.300000454,1.66598,0.300011671,1.05132,1.764387688,6.90402,19.25150875,14.71981682,4.531691937
009_190℃_003_2.0mm.csv,2,3,0.61336,0.300001639,1.6081,0.300025981,0.99474,1.676381132,6.88114,19.13566591,14.66476791,4.470897998
010_190℃_003_2.0mm.csv,2,3,0.61568,0.300006589,1.61702,0.300003682,1.00134,1.68131363,6.87452,19.04501032,14.60606106,4.438949257
011_190℃_005_2.0mm.csv,2,5,0.92418,0.30000943,1.51096,0.3000043,0.58678,1.526939463,4.3033,12.0187296,9.316380301,2.7023493
012_190℃_005_2.0mm.csv,2,5,0.91792,0.300008615,1.57836,0.30000448,0.66044,1.68712563,4.3194,11.96396344,9.168252665,2.795710772
013_190℃_005_2.0mm.csv,2,5,0.91716,0.300021979,1.52574,0.300001923,0.60858,1.564386396,4.30926,11.85320406,9.249701929,2.603502134
014_190℃_005_2.0mm.csv,2,5,0.91748,0.300001521,1.54984,0.30000288,0.63236,1.624708032,4.32622,11.91668029,9.204894911,2.711785375
015_190℃_005_2.0mm.csv,2,5,0.91298,0.300007474,1.52578,0.300024102,0.6128,1.561158719,4.32236,11.86045341,9.243391403,2.617062008
016_190℃_005_2.0mm.csv,2,5,0.9229,0.300008982,1.52626,0.300023566,0.60336,1.564490725,4.3026,11.74604129,9.169012147,2.577029138
017_190℃_005_2.0mm.csv,2,5,0.91966,0.300010852,1.51036,0.300009234,0.5907,1.527266396,4.30846,11.77793365,9.206390565,2.571543082
018_190℃_005_2.0mm.csv,2,5,0.91484,0.30000062,1.52358,0.300015128,0.60874,1.560688864,4.3133,11.79136755,9.207579337,2.583788213
019_190℃_005_2.0mm.csv,2,5,0.91312,0.300005832,1.5763,0.300031001,0.66318,1.680863198,4.31502,11.76253306,9.091992806,2.670540258
020_190℃_005_2.0mm.csv,2,5,0.90672,0.300018475,1.58884,0.300007372,0.68212,1.717614309,4.3208,11.77858652,9.092552071,2.686034448
021_190℃_010_2.0mm.csv,2,10,1.18756,0.300018173,1.49202,0.30000205,0.30446,1.465682,2.80864,9.450440697,7.385702958,2.064737739
022_190℃_010_2.0mm.csv,2,10,1.18622,0.300034169,1.47992,0.300047956,0.2937,1.413767939,2.81482,9.486520382,7.470908214,2.015612168
023_190℃_010_2.0mm.csv,2,10,1.18302,0.300025084,1.52112,0.300019651,0.3381,1.593786414,2.8276,9.537184898,7.379479528,2.15770537
024_190℃_010_2.0mm.csv,2,10,1.18654,0.300056107,1.48032,0.300041278,0.29378,1.412823901,2.82214,9.514167184,7.476966819,2.037200365
025_190℃_010_2.0mm.csv,2,10,1.185,0.300017115,1.48408,0.30001664,0.29908,1.430345577,2.81344,9.443429867,7.436506788,2.006923078
026_190℃_010_2.0mm.csv,2,10,1.18648,0.300025881,1.49006,0.300002143,0.30358,1.458379872,2.8162,9.443120061,7.406045421,2.03707464
027_190℃_010_2.0mm.csv,2,10,1.1856,0.300046859,1.50248,0.300050816,0.31688,1.511333536,2.81272,9.422534293,7.331771147,2.090763146
028_190℃_010_2.0mm.csv,2,10,1.18602,0.300038905,1.4895,0.300022223,0.30348,1.451749265,2.8092,9.411476503,7.380703127,2.030773376
029_190℃_010_2.0mm.csv,2,10,1.18718,0.300031104,1.48504,0.300047701,0.29786,1.43122464,2.81542,9.435852987,7.417577322,2.018275666
030_190℃_010_2.0mm.csv,2,10,1.18486,0.300018171,1.50164,0.30004505,0.31678,1.507156502,2.8173,9.44875054,7.384954299,2.063796242
031_190℃_020_2.0mm.csv,2,20,1.347235,0.300031903,1.495745,0.300007214,0.14851,1.463758884,2.130185,8.608442352,6.73320994,1.875232412
032_190℃_020_2.0mm.csv,2,20,1.347295,0.300024687,1.49391,0.300005805,0.146615,1.447147531,2.127365,8.56430697,6.710157704,1.854149266
033_190℃_020_2.0mm.csv,2,20,1.346935,0.300009867,1.501875,0.300022123,0.15494,1.516295626,2.11949,8.498957715,6.57764265,1.921315065
034_190℃_020_2.0mm.csv,2,20,1.346695,0.300005577,1.502,0.30001549,0.155305,1.51764043,2.119475,8.517869233,6.592716236,1.925152997
035_190℃_020_2.0mm.csv,2,20,1.34617,0.300015044,1.501335,0.300029224,0.155165,1.511762689,2.12917,8.563705931,6.658146112,1.905559819
036_190℃_020_2.0mm.csv,2,20,1.346715,0.300020443,1.497345,0.300009383,0.15063,1.47684367,2.12453,8.50684658,6.628401372,1.878445208
037_190℃_020_2.0mm.csv,2,20,1.347065,0.300030427,1.498505,0.300008981,0.15144,1.486945968,2.11891,8.490576488,6.590562951,1.900013537
038_190℃_020_2.0mm.csv,2,20,1.34778,0.300012616,1.496105,0.300027149,0.148325,1.466136791,2.12616,8.524714753,6.652985949,1.871728804
039_190℃_020_2.0mm.csv,2,20,1.346355,0.300030494,1.50273,0.300007716,0.156375,1.524173064,2.11751,8.488006989,6.556944918,1.931062071
040_190℃_020_2.0mm.csv,2,20,1.34706,0.300026712,1.494675,0.300031099,0.147615,1.45345276,2.125525,8.521794948,6.660751048,1.8610439
041_190℃_040_2.0mm.csv,2,40,1.434425,0.300006744,1.510265,0.300059093,0.07584,1.695658497,1.794945,8.247916246,6.329961488,1.917954758
042_190℃_040_2.0mm.csv,2,40,1.43414,0.30008087,1.506865,0.300006957,0.072725,1.62985288,1.784645,7.995418556,6.146130067,1.849288488
043_190℃_040_2.0mm.csv,2,40,1.43423,0.300071733,1.506155,0.300030019,0.071925,1.615948265,1.791995,8.185477741,6.33038184,1.855095901
044_190℃_040_2.0mm.csv,2,40,1.434155,0.300021278,1.508735,0.300074572,0.07458,1.665311514,1.792315,8.192067379,6.294356766,1.897710613
045_190℃_040_2.0mm.csv,2,40,1.434135,0.300006603,1.506565,0.300038362,0.07243,1.624542221,1.791625,8.170812453,6.311376534,1.859435919
046_190℃_040_2.0mm.csv,2,40,1.434225,0.300056086,1.505675,0.300015696,0.07145,1.607691362,1.78932,8.11313444,6.269249146,1.843885294
047_190℃_040_2.0mm.csv,2,40,1.434335,0.300024696,1.508105,0.300053541,0.07377,1.653686431,1.798595,8.24256212,6.369630362,1.872931758
048_190℃_040_2.0mm.csv,2,40,1.43427,0.300040332,1.505815,0.300066823,0.071545,1.610707234,1.790275,8.135909494,6.286123176,1.849786319
049_190℃_040_2.0mm.csv,2,40,1.4342,0.300022226,1.50848,0.300082039,0.07428,1.661154716,1.790225,8.142886405,6.24882491,1.894061495
050_190℃_040_2.0mm.csv,2,40,1.43432,0.300044778,1.50663,0.3000064,0.07231,1.626125539,1.79188,8.176870364,6.313855218,1.863015146
051_190℃_080_2.0mm.csv,2,80,1.47061,0.300009636,1.50783,0.300147752,0.03722,1.851118188,1.63007,7.925054122,5.975792032,1.94926209
052_190℃_080_2.0mm.csv,2,80,1.470705,0.300056827,1.507805,0.300084788,0.0371,1.848157597,1.626665,7.746215089,5.805951062,1.940264027
053_190℃_080_2.0mm.csv,2,80,1.47076,0.300094531,1.506325,0.300074114,0.035565,1.781165639,1.62669,7.751887423,5.861818115,1.890069308
054_190℃_080_2.0mm.csv,2,80,1.470875,0.300015518,1.50782,0.300150756,0.036945,1.847959422,1.63133,7.988958542,6.041063772,1.94789477
055_190℃_080_2.0mm.csv,2,80,1.470745,0.300008389,1.508145,0.300132724,0.0374,1.863955635,1.631975,8.01738734,6.049005717,1.968381624
056_190℃_080_2.0mm.csv,2,80,1.47077,0.300111233,1.50759,0.300061018,0.03682,1.838437003,1.631575,7.996375842,6.050154764,1.946221078
057_190℃_080_2.0mm.csv,2,80,1.47073,0.300016777,1.507265,0.300063948,0.036535,1.824415675,1.63163,7.994986794,6.058766194,1.9362206
058_190℃_080_2.0mm.csv,2,80,1.47081,0.300006756,1.5078,0.300033184,0.03699,1.849081766,1.631085,7.977778376,6.030611799,1.947166577
059_190℃_080_2.0mm.csv,2,80,1.47068,0.30004459,1.506805,0.300123267,0.036125,1.803767418,1.63135,7.988291391,6.068057106,1.920234285
060_190℃_080_2.0mm.csv,2,80,1.470845,0.300019287,1.506965,0.300074086,0.03612,1.811755773,1.63137,7.984660631,6.064479334,1.920181297
061_190℃_120_2.0mm.csv,2,120,1.47995,0.300176768,1.50436,0.300083252,0.02441,1.823116192,1.565825,6.668803438,4.71034657,1.958456868
062_190℃_120_2.0mm.csv,2,120,1.48002,0.300150171,1.504315,0.300054302,0.024295,1.818607017,1.56201,6.3623345,4.418858475,1.943476025
063_190℃_120_2.0mm.csv,2,120,1.47973,0.300157077,1.50494,0.300129566,0.02521,1.865661424,1.56808,6.852306616,4.856154638,1.996151979
064_190℃_120_2.0mm.csv,2,120,1.47967,0.300058532,1.50467,0.300126863,0.025,1.844713112,1.56645,6.722291757,4.742009643,1.980282114
065_190℃_120_2.0mm.csv,2,120,1.47967,0.300098454,1.505005,0.300133589,0.025335,1.870802254,1.56711,6.773411342,4.778497794,1.994913548
066_190℃_120_2.0mm.csv,2,120,1.47972,0.300152131,1.504095,0.300031196,0.024375,1.803322007,1.564135,6.534147426,4.583557368,1.950590058
067_190℃_120_2.0mm.csv,2,120,1.47994,0.300151028,1.50384,0.300146271,0.0239,1.783962236,1.5632,6.457786734,4.523043778,1.934742956
068_190℃_120_2.0mm.csv,2,120,1.47967,0.300089381,1.505415,0.300013168,0.025745,1.900803575,1.565045,6.606291131,4.599369497,2.006921634
069_190℃_120_2.0mm.csv,2,120,1.479715,0.300162258,1.503845,0.300083297,0.02413,1.783895684,1.564525,6.565177617,4.622789773,1.942387843
070_190℃_120_2.0mm.csv,2,120,1.48001,0.300063958,1.50361,0.300087959,0.0236,1.766549157,1.56209,6.37216531,4.452472004,1.919693305
071_190℃_160_2.0mm.csv,2,160,1.48337,0.300186407,1.501925,0.300104359,0.018555,1.691268382,1.540275,5.863709159,3.853008763,2.010700396
072_190℃_160_2.0mm.csv,2,160,1.483695,0.300164615,1.5019,0.300152688,0.018205,1.689526016,1.534605,5.243055034,3.25926403,1.983791004
073_190℃_160_2.0mm.csv,2,160,1.483435,0.300051214,1.501735,0.300056537,0.0183,1.672394873,1.53939,5.765941564,3.764591583,2.001349981
074_190℃_160_2.0mm.csv,2,160,1.483535,0.300079567,1.50209,0.300148541,0.018555,1.70859974,1.540075,5.846184576,3.828222453,2.017962123
075_190℃_160_2.0mm.csv,2,160,1.483485,0.300008781,1.502205,0.300197511,0.01872,1.720178749,1.540125,5.849285702,3.823192478,2.026093224
076_190℃_160_2.0mm.csv,2,160,1.48352,0.300189989,1.50292,0.300103895,0.0194,1.793145798,1.533945,5.169219686,3.129436457,2.039783229
077_190℃_160_2.0mm.csv,2,160,1.483165,0.300061152,1.50307,0.300209081,0.019905,1.805915621,1.53835,5.653373257,3.58383839,2.069534867
078_190℃_160_2.0mm.csv,2,160,1.483365,0.300030598,1.502005,0.300021831,0.01864,1.699861218,1.53931,5.764844187,3.747905422,2.016938765
079_190℃_160_2.0mm.csv,2,160,1.483165,0.300007871,1.502645,0.300090572,0.01948,1.763577286,1.536765,5.477937158,3.431224584,2.046712574
080_190℃_160_2.0mm.csv,2,160,1.48331,0.30001182,1.501485,0.300063776,0.018175,1.646888869,1.5385,5.674065575,3.678371522,1.995694053
081_190℃_200_2.0mm.csv,2,200,1.48541,0.300158617,1.500265,0.300006993,0.014855,1.531303909,1.5231,4.634255838,2.595083052,2.039172787
082_190℃_200_2.0mm.csv,2,200,1.485255,0.300037161,1.501145,0.300137782,0.01589,1.636762698,1.522535,4.560105042,2.478691273,2.081413769
083_190℃_200_2.0mm.csv,2,200,1.48536,0.300165347,1.50108,0.300114357,0.01572,1.628928743,1.52315,4.64039908,2.558555488,2.081843592
084_190℃_200_2.0mm.csv,2,200,1.485485,0.300159497,1.501465,0.300072235,0.01598,1.676218914,1.523125,4.644461187,2.547669251,2.096791936
085_190℃_200_2.0mm.csv,2,200,1.485355,0.30019605,1.500465,0.30010323,0.01511,1.55511804,1.523885,4.750590449,2.692278489,2.05831196
086_190℃_200_2.0mm.csv,2,200,1.485285,0.300101087,1.501195,0.300071771,0.01591,1.642505536,1.52291,4.608979277,2.523956276,2.085023001
087_190℃_200_2.0mm.csv,2,200,1.48533,0.300070213,1.500955,0.300134126,0.015625,1.613695233,1.52386,4.739952188,2.653270527,2.086681661
088_190℃_200_2.0mm.csv,2,200,1.48552,0.300160609,1.50073,0.300143853,0.01521,1.586867404,1.52394,4.757248402,2.693043385,2.064205017
089_190℃_200_2.0mm.csv,2,200,1.48553,0.30015506,1.50054,0.300089097,0.01501,1.564546646,1.52338,4.675479206,2.623356671,2.052122535
090_190℃_200_2.0mm.csv,2,200,1.48541,0.300070794,1.501265,0.300238403,0.015855,1.651311268,1.522155,4.504002355,2.422775006,2.081227349
091_190℃_240_2.0mm.csv,2,240,1.486625,0.30009742,1.49963,0.300159023,0.013005,1.451596406,1.51312,3.52537295,1.573166998,1.952205952
092_190℃_240_2.0mm.csv,2,240,1.48655,0.300205282,1.500225,0.300190173,0.013675,1.530265435,1.514785,3.799720646,1.75213506,2.047585586
093_190℃_240_2.0mm.csv,2,240,1.48659,0.30006756,1.499505,0.300140419,0.012915,1.435547036,1.514635,3.775755746,1.775258759,2.000496987
094_190℃_240_2.0mm.csv,2,240,1.486525,0.300169133,1.49996,0.300042499,0.013435,1.495126063,1.51462,3.774063863,1.743178141,2.030885723
095_190℃_240_2.0mm.csv,2,240,1.486745,0.300197159,1.49854,0.300100981,0.011795,1.312115893,1.51309,3.519608004,1.618395726,1.901212278
096_190℃_240_2.0mm.csv,2,240,1.48656,0.300180071,1.50001,0.300079978,0.01345,1.501526663,1.51404,3.67838459,1.666498985,2.011885604
097_190℃_240_2.0mm.csv,2,240,1.486465,0.300141125,1.500055,0.300073,0.01359,1.507847222,1.513975,3.666299505,1.645785624,2.020513881
098_190℃_240_2.0mm.csv,2,240,1.48651,0.300210342,1.499505,0.300070988,0.012995,1.435882205,1.51411,3.685388558,1.688195704,1.997192854
099_190℃_240_2.0mm.csv,2,240,1.48661,0.300133782,1.5002,0.300105584,0.01359,1.526578644,1.513775,3.633748928,1.615701483,2.018047445
100_190℃_240_2.0mm.csv,2,240,1.48664,0.300072562,1.49903,0.300162466,0.01239,1.374317566,1.513235,3.545336184,1.614473204,1.93086298
101_190℃_280_2.0mm.csv,2,280,1.48752,0.300171317,1.49894,0.300178161,0.01142,1.352229611,1.507765,2.765408362,1.054268901,1.711139461
102_190℃_280_2.0mm.csv,2,280,1.487285,0.300165615,1.498775,0.300233251,0.01149,1.33038885,1.50864,2.920315022,1.156137975,1.764177046
103_190℃_280_2.0mm.csv,2,280,1.48739,0.300111232,1.4989,0.3001727,0.01151,1.346706567,1.508305,2.862033957,1.113032055,1.749001901
104_190℃_280_2.0mm.csv,2,280,1.4873,0.300010861,1.49908,0.300180785,0.01178,1.371625951,1.507855,2.783589053,1.029188148,1.754400905
105_190℃_280_2.0mm.csv,2,280,1.48732,0.300093111,1.49935,0.300247091,0.01203,1.408639192,1.5079,2.789079921,1.025139682,1.763940239
106_190℃_280_2.0mm.csv,2,280,1.487295,0.300082604,1.499355,0.300166989,0.01206,1.409386467,1.507205,2.660707593,0.951066322,1.709641271
107_190℃_280_2.0mm.csv,2,280,1.487455,0.300016723,1.499585,0.300040285,0.01213,1.441418228,1.50787,2.787198072,1.013970918,1.773227154
108_190℃_280_2.0mm.csv,2,280,1.487405,0.30006984,1.499265,0.300006745,0.01186,1.396618306,1.50801,2.812332457,1.039271685,1.773060772
109_190℃_280_2.0mm.csv,2,280,1.48736,0.300135392,1.49923,0.300139164,0.01187,1.391962993,1.508285,2.860660654,1.074672733,1.785987921
110_190℃_280_2.0mm.csv,2,280,1.487615,0.300101644,1.498745,0.300029223,0.01113,1.325375639,1.508095,2.825149326,1.103869563,1.721279763
111_190℃_320_2.0mm.csv,2,320,1.48774,0.300202296,1.498745,0.300098928,0.011005,1.318776293,1.499185,1.381005981,0.324964999,1.056040982
112_190℃_320_2.0mm.csv,2,320,1.4878,0.300143484,1.498555,0.300072103,0.010755,1.292556409,1.49909,1.367609537,0.33022896,1.037380577
113_190℃_320_2.0mm.csv,2,320,1.48791,0.300198185,1.49839,0.300256121,0.01048,1.268640409,1.4999,1.485071353,0.388746841,1.096324512
114_190℃_320_2.0mm.csv,2,320,1.487855,0.300052576,1.49897,0.300203105,0.011115,1.349758022,1.500085,1.513048605,0.367095637,1.145952968
115_190℃_320_2.0mm.csv,2,320,1.487935,0.300098812,1.498645,0.300179601,0.01071,1.304195492,1.499985,1.498425894,0.37973585,1.118690044
116_190℃_320_2.0mm.csv,2,320,1.4878,0.300201567,1.49849,0.300137206,0.01069,1.282797513,1.50004,1.506060329,0.391052624,1.115007705
117_190℃_320_2.0mm.csv,2,320,1.487745,0.300014542,1.499085,0.300099821,0.01134,1.367516371,1.49754,1.157414374,0.21952932,0.937885054
118_190℃_320_2.0mm.csv,2,320,1.48777,0.300060876,1.499015,0.300278945,0.011245,1.357072023,1.499065,1.364180979,0.303101236,1.061079742
119_190℃_320_2.0mm.csv,2,320,1.487945,0.30024563,1.49861,0.300213603,0.010665,1.298779415,1.50052,1.579397676,0.414656777,1.164740899
120_190℃_320_2.0mm.csv,2,320,1.488025,0.300114579,1.497605,0.300127398,0.00958,1.161907405,1.49972,1.458769154,0.4144463,1.044322853
001_210℃_003_2.0mm.csv,2,3,0.54296,0.300006655,1.65014,0.300019093,1.10718,1.720757774,6.74538,15.17549347,11.98958527,3.1859082
002_210℃_003_2.0mm.csv,2,3,0.54388,0.300007496,1.71484,0.300022449,1.17096,1.809958743,6.8098,15.12478493,11.95113949,3.173645445
003_210℃_003_2.0mm.csv,2,3,0.5436,0.300003406,1.68366,0.300000713,1.14006,1.769223607,6.81336,14.92925592,11.87335016,3.055905762
004_210℃_003_2.0mm.csv,2,3,0.54458,0.30000829,1.56122,0.300006384,1.01664,1.595250168,6.80182,14.62492396,11.7360788,2.88884516
005_210℃_003_2.0mm.csv,2,3,0.5313,0.300004917,1.69174,0.300002885,1.16044,1.782904027,6.80514,14.4208188,11.46573336,2.955085446
006_210℃_003_2.0mm.csv,2,3,0.53314,0.300002059,1.66092,0.300000713,1.12778,1.732072835,6.8499,14.5229858,11.62215559,2.900830209
007_210℃_003_2.0mm.csv,2,3,0.53174,0.300000361,1.6621,0.300025061,1.13036,1.730128176,6.77714,14.21931421,11.34464108,2.874673125
008_210℃_003_2.0mm.csv,2,3,0.52792,0.300005355,1.62148,0.300005032,1.09356,1.667666016,6.84118,14.41011162,11.61326285,2.796848762
009_210℃_003_2.0mm.csv,2,3,0.53652,0.300008455,1.63632,0.300015855,1.0998,1.694986445,6.84922,14.42431233,11.48747754,2.936834798
010_210℃_003_2.0mm.csv,2,3,0.53102,0.300008071,1.61722,0.300002708,1.0862,1.664720179,6.79794,14.19497229,11.41848626,2.776486022
011_210℃_005_2.0mm.csv,2,5,0.86816,0.300002683,1.51412,0.300000564,0.64596,1.532897673,4.24854,10.1053921,7.913800962,2.191591137
012_210℃_005_2.0mm.csv,2,5,0.86074,0.30000382,1.4813,0.300014394,0.62056,1.463048419,4.2327,10.02597389,7.932262458,2.093711433
013_210℃_005_2.0mm.csv,2,5,0.86842,0.300001895,1.46666,0.300003291,0.59824,1.429155642,4.22756,9.980097947,7.906015461,2.074082487
014_210℃_005_2.0mm.csv,2,5,0.86724,0.300023648,1.51176,0.300023587,0.64452,1.525132344,4.23264,9.933530155,7.810539458,2.122990697
015_210℃_005_2.0mm.csv,2,5,0.86204,0.30002892,1.51276,0.300016766,0.65072,1.527698549,4.23898,9.9524462,7.874513313,2.077932888
016_210℃_005_2.0mm.csv,2,5,0.86566,0.300024735,1.47258,0.300003856,0.60692,1.436894555,4.22578,9.911216287,7.817140083,2.094076204
017_210℃_005_2.0mm.csv,2,5,0.86318,0.300015113,1.5136,0.300027298,0.65042,1.530635751,4.23796,9.918574604,7.789279898,2.129294706
018_210℃_005_2.0mm.csv,2,5,0.86912,0.300014471,1.45256,0.300033052,0.58344,1.397971784,4.22962,9.910076092,7.874942281,2.035133811
019_210℃_005_2.0mm.csv,2,5,0.86494,0.300017399,1.4994,0.300014504,0.63446,1.498645441,4.2349,9.897452292,7.801032659,2.096419633
020_210℃_005_2.0mm.csv,2,5,0.85852,0.300020172,1.5156,0.300002456,0.65708,1.53248678,4.2295,9.889533778,7.74272712,2.146806658
021_210℃_010_2.0mm.csv,2,10,1.15142,0.300018876,1.47714,0.300022383,0.32572,1.411217366,2.7492,8.16956677,6.37159285,1.79797392
022_210℃_010_2.0mm.csv,2,10,1.15206,0.300032279,1.46236,0.30002278,0.3103,1.352441422,2.78088,8.356105851,6.57800697,1.778098882
023_210℃_010_2.0mm.csv,2,10,1.1513,0.300000756,1.471,0.300040784,0.3197,1.388028483,2.77784,8.330436584,6.544109846,1.786326739
024_210℃_010_2.0mm.csv,2,10,1.15312,0.300009715,1.44236,0.300032851,0.28924,1.274408975,2.77242,8.293815476,6.57772468,1.716090796
025_210℃_010_2.0mm.csv,2,10,1.15134,0.300017978,1.46786,0.300026154,0.31652,1.372821941,2.7747,8.295581193,6.505279051,1.790302142
026_210℃_010_2.0mm.csv,2,10,1.15276,0.300013681,1.48234,0.300050917,0.32958,1.430204872,2.81898,8.574534421,6.747783901,1.82675052
027_210℃_010_2.0mm.csv,2,10,1.14954,0.30003638,1.46676,0.300020172,0.31722,1.372234988,2.76782,8.264733304,6.484796516,1.779936789
028_210℃_010_2.0mm.csv,2,10,1.15186,0.300049624,1.45594,0.300027004,0.30408,1.325911401,2.77904,8.309472937,6.566691398,1.742781539
029_210℃_010_2.0mm.csv,2,10,1.15262,0.300034743,1.4459,0.300038184,0.29328,1.281696587,2.78126,8.312581648,6.590478506,1.722103142
030_210℃_010_2.0mm.csv,2,10,1.15062,0.300026591,1.46578,0.300022759,0.31516,1.36327515,2.77564,8.289418476,6.492774411,1.796644065
031_210℃_020_2.0mm.csv,2,20,1.32667,0.300003057,1.475085,0.300020319,0.148415,1.306694307,2.10248,7.514580661,5.889612307,1.624968354
032_210℃_020_2.0mm.csv,2,20,1.32583,0.300005321,1.479105,0.300014806,0.153275,1.337634164,2.11159,7.609966572,5.95139441,1.658572162
033_210℃_020_2.0mm.csv,2,20,1.32653,0.300020261,1.481605,0.300002924,0.155075,1.358126736,2.114135,7.636793113,5.969312875,1.667480238
034_210℃_020_2.0mm.csv,2,20,1.325845,0.300002412,1.476235,0.300005704,0.15039,1.316226844,2.11004,7.59713881,5.963366709,1.633772101
035_210℃_020_2.0mm.csv,2,20,1.32617,0.300002167,1.47662,0.300003033,0.15045,1.318928716,2.108725,7.592776629,5.949337781,1.643438848
036_210℃_020_2.0mm.csv,2,20,1.32583,0.300003053,1.47683,0.300016893,0.151,1.322511253,2.10862,7.569686499,5.930689628,1.638996871
037_210℃_020_2.0mm.csv,2,20,1.32587,0.30001796,1.48199,0.300007528,0.15612,1.359050609,2.115875,7.650691237,5.980697868,1.669993369
038_210℃_020_2.0mm.csv,2,20,1.326135,0.300013294,1.476825,0.300020501,0.15069,1.32168813,2.09585,7.481265773,5.834755879,1.646509894
039_210℃_020_2.0mm.csv,2,20,1.325595,0.300017654,1.48476,0.300026079,0.159165,1.38026304,2.110275,7.583098415,5.906359129,1.676739287
040_210℃_020_2.0mm.csv,2,20,1.32607,0.300015441,1.473245,0.300001903,0.147175,1.291529787,2.108215,7.563471637,5.949463356,1.61400828
041_210℃_040_2.0mm.csv,2,40,1.42496,0.300004145,1.49993,0.300066721,0.07497,1.498866432,1.790825,7.31101221,5.662507569,1.648504641
042_210℃_040_2.0mm.csv,2,40,1.42509,0.300053658,1.499465,0.300012434,0.074375,1.491052745,1.783395,7.265920887,5.600673205,1.665247682
043_210℃_040_2.0mm.csv,2,40,1.425395,0.300014435,1.4999,0.300057238,0.074505,1.498347679,1.787965,7.354286211,5.681336969,1.672949243
044_210℃_040_2.0mm.csv,2,40,1.42518,0.300064001,1.49861,0.300033474,0.07343,1.476791889,1.789725,7.384000702,5.731766394,1.652234308
045_210℃_040_2.0mm.csv,2,40,1.425445,0.300056577,1.498175,0.300043376,0.07273,1.469317271,1.78548,7.311439263,5.662733678,1.648705585
046_210℃_040_2.0mm.csv,2,40,1.425225,0.30006501,1.49596,0.300008865,0.070735,1.432303902,1.78714,7.339429426,5.71950092,1.619928507
047_210℃_040_2.0mm.csv,2,40,1.42514,0.30000296,1.497515,0.300050767,0.072375,1.45822622,1.78533,7.302275095,5.662827838,1.639447257
048_210℃_040_2.0mm.csv,2,40,1.425105,0.300025117,1.4962,0.300039503,0.071095,1.436158909,1.794585,7.400266113,5.794687169,1.605578944
049_210℃_040_2.0mm.csv,2,40,1.42549,0.300011153,1.4997,0.300005618,0.07421,1.494965715,1.784605,7.275013901,5.605077773,1.669936128
050_210℃_040_2.0mm.csv,2,40,1.42527,0.300000389,1.50088,0.300029652,0.07561,1.514865142,1.791525,7.323200604,5.655987676,1.667212929
051_210℃_080_2.0mm.csv,2,80,1.467695,0.300084068,1.505035,0.30001672,0.03734,1.700324369,1.625785,7.03457006,5.293308374,1.741261686
052_210℃_080_2.0mm.csv,2,80,1.46771,0.300025012,1.506095,0.30015197,0.038385,1.742504914,1.62991,7.2243422,5.440487337,1.783854863
053_210℃_080_2.0mm.csv,2,80,1.46792,0.300037526,1.503825,0.300044851,0.035905,1.652354759,1.62179,6.868136333,5.167314977,1.700821355
054_210℃_080_2.0mm.csv,2,80,1.467745,0.300130076,1.50493,0.300036603,0.037185,1.695635859,1.63069,7.265994478,5.514781468,1.751213011
055_210℃_080_2.0mm.csv,2,80,1.467755,0.300045603,1.50481,0.300128742,0.037055,1.689908533,1.630965,7.270722625,5.52131437,1.749408255
056_210℃_080_2.0mm.csv,2,80,1.467795,0.30002235,1.504775,0.300066115,0.03698,1.689182607,1.629105,7.192410625,5.44934093,1.743069695
057_210℃_080_2.0mm.csv,2,80,1.4678,0.300063378,1.504455,0.300080906,0.036655,1.676650939,1.618365,6.704633231,4.985635008,1.718998222
058_210℃_080_2.0mm.csv,2,80,1.467735,0.300086457,1.50378,0.300035211,0.036045,1.649730955,1.629335,7.198923994,5.483257489,1.715666505
059_210℃_080_2.0mm.csv,2,80,1.46774,0.30008613,1.504145,0.300110273,0.036405,1.664965409,1.630045,7.239044743,5.510964266,1.728080477
060_210℃_080_2.0mm.csv,2,80,1.46771,0.300031862,1.504455,0.300011403,0.036745,1.677178728,1.626415,7.078055675,5.343221924,1.734833751
061_210℃_120_2.0mm.csv,2,120,1.478305,0.300145953,1.503455,0.300002502,0.02515,1.729033441,1.56408,6.004751815,4.216113645,1.78863817
062_210℃_120_2.0mm.csv,2,120,1.478165,0.300107429,1.50391,0.300057854,0.025745,1.759679451,1.56481,6.063336754,4.248814581,1.814522173
063_210℃_120_2.0mm.csv,2,120,1.47823,0.300101864,1.502385,0.300083437,0.024155,1.658670856,1.560315,5.73663221,3.993769361,1.742862849
064_210℃_120_2.0mm.csv,2,120,1.47831,0.300132552,1.502725,0.300169536,0.024415,1.680928643,1.56159,5.828791649,4.069972594,1.758819055
065_210℃_120_2.0mm.csv,2,120,1.4784,0.30006384,1.503505,0.300008339,0.025105,1.732107061,1.56528,6.10101022,4.304022085,1.796988136
066_210℃_120_2.0mm.csv,2,120,1.47822,0.30000886,1.50226,0.300116181,0.02404,1.65011842,1.563675,5.985165897,4.237495703,1.747670194
067_210℃_120_2.0mm.csv,2,120,1.478415,0.300064062,1.502365,0.30011545,0.02395,1.657322137,1.56538,6.114100054,4.359102546,1.754997509
068_210℃_120_2.0mm.csv,2,120,1.47814,0.300012675,1.50417,0.300054103,0.02603,1.777019683,1.565735,6.139234866,4.30776482,1.831470045
069_210℃_120_2.0mm.csv,2,120,1.47828,0.300116533,1.502735,0.300004228,0.024455,1.681559746,1.564445,6.040367926,4.2698221,1.770545826
070_210℃_120_2.0mm.csv,2,120,1.47847,0.300171728,1.502385,0.300059623,0.023915,1.658418196,1.56265,5.908692011,4.16692561,1.741766401
071_210℃_160_2.0mm.csv,2,160,1.482555,0.300064641,1.50051,0.300000392,0.017955,1.546552487,1.53811,5.227471428,3.432620093,1.794851334
072_210℃_160_2.0mm.csv,2,160,1.482495,0.300016145,1.501215,0.300099023,0.01872,1.610683079,1.5399,5.402992952,3.576790143,1.82620281
073_210℃_160_2.0mm.csv,2,160,1.482535,0.300100308,1.501315,0.300081609,0.01878,1.62016903,1.53903,5.3210442,3.489791737,1.831252462
074_210℃_160_2.0mm.csv,2,160,1.482275,0.300030383,1.50235,0.300019109,0.020075,1.714529329,1.538675,5.285401216,3.402278545,1.883122671
075_210℃_160_2.0mm.csv,2,160,1.482495,0.300085772,1.50102,0.300201777,0.018525,1.59309142,1.54042,5.458856855,3.631855115,1.827001739
076_210℃_160_2.0mm.csv,2,160,1.48232,0.30002583,1.50099,0.300137856,0.01867,1.590043625,1.537555,5.174815089,3.35394889,1.820866199
077_210℃_160_2.0mm.csv,2,160,1.482395,0.300146712,1.502445,0.300137839,0.02005,1.724042907,1.539895,5.407444269,3.516427839,1.89101643
078_210℃_160_2.0mm.csv,2,160,1.48256,0.300105549,1.500955,0.300074675,0.018395,1.587038372,1.539295,5.345096607,3.530771164,1.814325443
079_210℃_160_2.0mm.csv,2,160,1.48235,0.300161799,1.50228,0.300052593,0.01993,1.708255777,1.538495,5.267587444,3.385450549,1.882136896
080_210℃_160_2.0mm.csv,2,160,1.482555,0.300012361,1.501295,0.300183929,0.01874,1.6174347,1.53913,5.327833952,3.498278802,1.82955515
081_210℃_200_2.0mm.csv,2,200,1.48479,0.300100234,1.50068,0.300181141,0.01589,1.57525667,1.523115,4.352627758,2.458669513,1.893958245
082_210℃_200_2.0mm.csv,2,200,1.484855,0.300001302,1.49976,0.300220467,0.014905,1.473786029,1.52356,4.408806692,2.551140537,1.857666155
083_210℃_200_2.0mm.csv,2,200,1.48482,0.300193951,1.500085,0.300112281,0.015265,1.50982504,1.52433,4.508135971,2.628297456,1.879838515
084_210℃_200_2.0mm.csv,2,200,1.484665,0.300088553,1.49999,0.300091771,0.015325,1.499050087,1.523865,4.44520182,2.568442822,1.876758998
085_210℃_200_2.0mm.csv,2,200,1.48466,0.300183486,1.50009,0.300038634,0.01543,1.510104512,1.52387,4.451128181,2.568698018,1.882430162
086_210℃_200_2.0mm.csv,2,200,1.48471,0.300111993,1.500075,0.300088865,0.015365,1.508502902,1.5228,4.317552409,2.444812102,1.872740307
087_210℃_200_2.0mm.csv,2,200,1.48452,0.30016805,1.499955,0.300078271,0.015435,1.495108695,1.52328,4.37299779,2.498009947,1.874987842
088_210℃_200_2.0mm.csv,2,200,1.484665,0.300137401,1.49923,0.300009298,0.014565,1.416597134,1.524125,4.48473965,2.639944408,1.844795242
089_210℃_200_2.0mm.csv,2,200,1.484715,0.300112375,1.499695,0.300025677,0.01498,1.466679194,1.52337,4.39150356,2.530967273,1.860536287
090_210℃_200_2.0mm.csv,2,200,1.48598,0.300003006,1.49986,0.300057683,0.01388,1.482827783,1.51571,3.757284767,1.850185853,1.907098914
091_210℃_240_2.0mm.csv,2,240,1.486215,0.300163564,1.49849,0.300020919,0.012275,1.31629969,1.51278,3.311267684,1.548055155,1.763212529
092_210℃_240_2.0mm.csv,2,240,1.485955,0.300005217,1.499665,0.30025798,0.01371,1.458973684,1.514005,3.497596791,1.63368808,1.863908711
093_210℃_240_2.0mm.csv,2,240,1.48605,0.300146795,1.499985,0.300179868,0.013935,1.498346284,1.51417,3.524335851,1.634001578,1.890334273
094_210℃_240_2.0mm.csv,2,240,1.48607,0.300057851,1.49961,0.300044747,0.01354,1.451802679,1.514565,3.58675246,1.714615211,1.872137249
095_210℃_240_2.0mm.csv,2,240,1.48599,0.300061177,1.498875,0.300052427,0.012885,1.363139441,1.513655,3.444506772,1.637088135,1.807418637
096_210℃_240_2.0mm.csv,2,240,1.486,0.30005208,1.49952,0.300056903,0.01352,1.441215264,1.51434,3.549363504,1.679260094,1.870103411
097_210℃_240_2.0mm.csv,2,240,1.485965,0.300012494,1.498885,0.30000177,0.01292,1.364218894,1.513835,3.471833354,1.658687524,1.813145829
098_210℃_240_2.0mm.csv,2,240,1.48601,0.300086798,1.499515,0.300119125,0.013505,1.44042287,1.514535,3.578551769,1.701871704,1.876680065
099_210℃_240_2.0mm.csv,2,240,1.48592,0.300085175,1.499765,0.300170802,0.013845,1.470897913,1.51445,3.563441034,1.675176694,1.88826434
100_210℃_240_2.0mm.csv,2,240,1.486215,0.30005877,1.49907,0.300078581,0.012855,1.385593527,1.51383,3.473785273,1.657668358,1.816116915
101_210℃_280_2.0mm.csv,2,280,1.48699,0.300229785,1.49838,0.300032048,0.01139,1.287640127,1.507275,2.598490189,1.015145247,1.583344942
102_210℃_280_2.0mm.csv,2,280,1.487045,0.3001656,1.4983,0.300028628,0.011255,1.276722641,1.50754,2.644070858,1.062567993,1.581502865
103_210℃_280_2.0mm.csv,2,280,1.487105,0.300046273,1.498905,0.300218685,0.0118,1.353920383,1.508265,2.767145675,1.09055218,1.676593495
104_210℃_280_2.0mm.csv,2,280,1.48693,0.300028771,1.499225,0.30020001,0.012295,1.396648939,1.5085,2.805374505,1.093658275,1.711716229
105_210℃_280_2.0mm.csv,2,280,1.48685,0.300212238,1.49891,0.300250313,0.01206,1.355409049,1.50851,2.806076831,1.104285457,1.701791374
106_210℃_280_2.0mm.csv,2,280,1.48703,0.300199892,1.498165,0.300232981,0.011135,1.259723422,1.508115,2.739802533,1.126180156,1.613622377
107_210℃_280_2.0mm.csv,2,280,1.4872,0.300027588,1.498015,0.300078522,0.010815,1.24045533,1.507715,2.67377741,1.090619416,1.583157994
108_210℃_280_2.0mm.csv,2,280,1.486915,0.300088141,1.49866,0.300074438,0.011745,1.322630107,1.508335,2.778882452,1.10454981,1.674332643
109_210℃_280_2.0mm.csv,2,280,1.487035,0.300018629,1.498565,0.300047003,0.01153,1.310597536,1.50756,2.648152784,1.035875427,1.612277357
110_210℃_280_2.0mm.csv,2,280,1.486875,0.300214803,1.49906,0.300046951,0.012185,1.375039146,1.5081,2.738992996,1.056104118,1.682888877
111_210℃_320_2.0mm.csv,2,320,1.487345,0.300064761,1.498905,0.300258496,0.01156,1.349034065,1.49951,1.431851267,0.335987541,1.095863726
112_210℃_320_2.0mm.csv,2,320,1.48746,0.300064967,1.498015,0.300094432,0.010555,1.229327602,1.50033,1.547989018,0.435163645,1.112825373
113_210℃_320_2.0mm.csv,2,320,1.48742,0.300054824,1.49786,0.300210624,0.01044,1.209908629,1.500585,1.584932179,0.460534196,1.124397983
114_210℃_320_2.0mm.csv,2,320,1.48729,0.300122428,1.4989,0.300156444,0.01161,1.347769597,1.500415,1.559896708,0.395203875,1.164692833
115_210℃_320_2.0mm.csv,2,320,1.487315,0.300097369,1.498735,0.300145677,0.01142,1.325164327,1.500035,1.505030124,0.378561406,1.126468718
116_210℃_320_2.0mm.csv,2,320,1.487445,0.300162005,1.498635,0.300171906,0.01119,1.311090292,1.50159,1.735814404,0.493111401,1.242703003
117_210℃_320_2.0mm.csv,2,320,1.487505,0.300074792,1.497895,0.300093744,0.01039,1.213387935,1.50072,1.604626144,0.46995119,1.134674954
118_210℃_320_2.0mm.csv,2,320,1.4871,0.300043647,1.49929,0.300050485,0.01219,1.401577465,1.49934,1.408427342,0.303061976,1.105365366
119_210℃_320_2.0mm.csv,2,320,1.487365,0.300108632,1.497965,0.300176912,0.0106,1.223467905,1.501055,1.654012271,0.491099428,1.162912843
120_210℃_320_2.0mm.csv,2,320,1.487565,0.300088096,1.497835,0.300004029,0.01027,1.205568608,1.50046,1.567071064,0.454627054,1.11244401
001_230℃_003_2.0mm.csv,2,3,0.46618,0.300000878,1.56216,0.300015448,1.09598,1.588393705,6.5309,11.97776004,9.542736442,2.435023598
002_230℃_003_2.0mm.csv,2,3,0.45688,0.300009044,1.5674,0.300002662,1.11052,1.586829415,6.55598,11.80653698,9.480532556,2.326004425
003_230℃_003_2.0mm.csv,2,3,0.4501,0.300010655,1.56546,0.300008946,1.11536,1.583497553,6.57464,11.61003522,9.337201873,2.272833352
004_230℃_003_2.0mm.csv,2,3,0.46418,0.300011324,1.46824,0.300009243,1.00406,1.460734444,6.5567,11.40806122,9.275587669,2.132473548
005_230℃_003_2.0mm.csv,2,3,0.45486,0.300016432,1.50216,0.300011481,1.0473,1.502746112,6.55248,11.34357979,9.191702757,2.151877035
006_230℃_003_2.0mm.csv,2,3,0.458,0.30000017,1.47306,0.300004102,1.01506,1.464772806,6.58476,11.39278624,9.290805589,2.101980653
007_230℃_003_2.0mm.csv,2,3,0.44562,0.300006086,1.54246,0.300012911,1.09684,1.554990571,6.61046,11.42198454,9.280462033,2.141522509
008_230℃_003_2.0mm.csv,2,3,0.45846,0.300000834,1.48778,0.300016109,1.02932,1.484021319,6.54402,11.2379739,9.154653017,2.083320882
009_230℃_003_2.0mm.csv,2,3,0.43776,0.300003686,1.54168,0.300006617,1.10392,1.555839092,6.56528,11.25620133,9.130028083,2.126173252
010_230℃_003_2.0mm.csv,2,3,0.4442,0.300016215,1.43116,0.30000634,0.98696,1.418555962,6.56928,11.3010383,9.273861587,2.027176713
011_230℃_005_2.0mm.csv,2,5,0.8094,0.300019685,1.43832,0.300010253,0.62892,1.37947601,4.06752,8.341550373,6.628793861,1.712756512
012_230℃_005_2.0mm.csv,2,5,0.8072,0.300009517,1.43438,0.300010545,0.62718,1.372387869,4.09226,8.39611878,6.669543181,1.7265756
013_230℃_005_2.0mm.csv,2,5,0.80788,0.300017736,1.41386,0.300005961,0.60598,1.332778259,4.07872,8.340023787,6.65850609,1.681517697
014_230℃_005_2.0mm.csv,2,5,0.80442,0.300000594,1.44988,0.300004445,0.64546,1.400063576,4.11922,8.454776239,6.665582246,1.789193993
015_230℃_005_2.0mm.csv,2,5,0.80614,0.300015468,1.41306,0.300008776,0.60692,1.328624954,4.07742,8.332259919,6.66426996,1.667989959
016_230℃_005_2.0mm.csv,2,5,0.80686,0.300024729,1.40478,0.300017359,0.59792,1.30849596,4.07952,8.328907927,6.668921122,1.659986805
017_230℃_005_2.0mm.csv,2,5,0.7987,0.300013209,1.46604,0.300006641,0.66734,1.430788543,4.11264,8.392523348,6.610631374,1.781891974
018_230℃_005_2.0mm.csv,2,5,0.80474,0.300024192,1.4359,0.300019545,0.63116,1.377358691,4.10374,8.39222226,6.64825724,1.74396502
019_230℃_005_2.0mm.csv,2,5,0.80544,0.300010075,1.39458,0.300012375,0.58914,1.294495407,4.07552,8.293946569,6.640352323,1.653594246
020_230℃_005_2.0mm.csv,2,5,0.80182,0.300005386,1.42566,0.300002977,0.62384,1.35810388,4.08024,8.292013326,6.606836339,1.685176987
021_230℃_010_2.0mm.csv,2,10,1.11706,0.3000112,1.4279,0.300003288,0.31084,1.240699585,2.5795,6.503912875,5.025056139,1.478856736
022_230℃_010_2.0mm.csv,2,10,1.11952,0.300046601,1.42904,0.300013068,0.30952,1.247847039,2.58634,6.532605836,5.046770213,1.485835623
023_230℃_010_2.0mm.csv,2,10,1.11494,0.300018841,1.42354,0.300033632,0.3086,1.230268293,2.58992,6.53860572,5.063640578,1.474965143
024_230℃_010_2.0mm.csv,2,10,1.11654,0.300037598,1.41076,0.30002727,0.29422,1.185798189,2.58982,6.529384288,5.081471221,1.447913067
025_230℃_010_2.0mm.csv,2,10,1.1124,0.300024584,1.4333,0.300006465,0.3209,1.259458824,2.58798,6.54761884,5.034402171,1.513216669
026_230℃_010_2.0mm.csv,2,10,1.11408,0.300017957,1.43774,0.300032251,0.32366,1.274454427,2.5927,6.537647002,5.025548359,1.512098643
027_230℃_010_2.0mm.csv,2,10,1.1174,0.300026418,1.4134,0.300022144,0.296,1.19199853,2.5857,6.494139533,5.042625704,1.451513829
028_230℃_010_2.0mm.csv,2,10,1.11406,0.300000186,1.43384,0.300021266,0.31978,1.262277506,2.60638,6.604357735,5.100793317,1.503564418
029_230℃_010_2.0mm.csv,2,10,1.1132,0.300013377,1.44576,0.300022525,0.33256,1.302563543,2.60506,6.594285597,5.066649277,1.52763632
030_230℃_010_2.0mm.csv,2,10,1.11364,0.300036846,1.43246,0.300011465,0.31882,1.257057332,2.5918,6.523839762,5.013601607,1.510238154
031_230℃_020_2.0mm.csv,2,20,1.30343,0.300019234,1.461085,0.30002279,0.157655,1.229759503,2.06331,6.492724347,5.009587728,1.483136619
032_230℃_020_2.0mm.csv,2,20,1.302275,0.300020148,1.460435,0.300006544,0.15816,1.227808613,2.070435,6.545653156,5.071943155,1.473710002
033_230℃_020_2.0mm.csv,2,20,1.30311,0.300014096,1.462355,0.300006322,0.159245,1.238137851,2.065155,6.498436819,5.016309029,1.48212779
034_230℃_020_2.0mm.csv,2,20,1.30388,0.300013433,1.457785,0.300019149,0.153905,1.205411431,2.05676,6.429352699,4.973933762,1.455418937
035_230℃_020_2.0mm.csv,2,20,1.303145,0.300014405,1.457505,0.300011154,0.15436,1.205973007,2.070595,6.528181702,5.079977234,1.448204468
036_230℃_020_2.0mm.csv,2,20,1.30404,0.300015199,1.462,0.300007307,0.15796,1.23667869,2.060945,6.460803981,4.99005501,1.470748971
037_230℃_020_2.0mm.csv,2,20,1.30222,0.300016184,1.467905,0.300019132,0.165685,1.279699338,2.068285,6.521732414,5.011805753,1.509926661
038_230℃_020_2.0mm.csv,2,20,1.30311,0.300015256,1.45369,0.300007514,0.15058,1.178961669,2.06905,6.498951275,5.075819977,1.423131297
039_230℃_020_2.0mm.csv,2,20,1.304725,0.300018652,1.450695,0.300001176,0.14597,1.159093381,2.064875,6.452157969,5.049556028,1.402601941
040_230℃_020_2.0mm.csv,2,20,1.304115,0.300007019,1.45689,0.30002287,0.152775,1.200198248,2.07437,6.559982567,5.118705402,1.441277165
041_230℃_040_2.0mm.csv,2,40,1.414645,0.300060173,1.489085,0.300043407,0.07444,1.337298195,1.77815,6.437380691,4.9825473,1.454833391
042_230℃_040_2.0mm.csv,2,40,1.414295,0.300031957,1.488545,0.300051175,0.07425,1.330724292,1.76266,6.242133314,4.779160386,1.462972928
043_230℃_040_2.0mm.csv,2,40,1.414025,0.300029941,1.488775,0.300012534,0.07475,1.332551842,1.77743,6.418557281,4.967360214,1.451197067
044_230℃_040_2.0mm.csv,2,40,1.41408,0.300040656,1.491405,0.300035832,0.077325,1.372315735,1.775555,6.455061596,4.949568906,1.50549269
045_230℃_040_2.0mm.csv,2,40,1.414065,0.300057586,1.48796,0.300021377,0.073895,1.321220105,1.763815,6.258575777,4.79734068,1.461235096
046_230℃_040_2.0mm.csv,2,40,1.41459,0.300020123,1.485725,0.300035885,0.071135,1.287759685,1.76962,6.374139075,4.94135334,1.432785735
047_230℃_040_2.0mm.csv,2,40,1.414335,0.30000783,1.490645,0.300007681,0.07631,1.360817035,1.774395,6.436253785,4.940811068,1.495442717
048_230℃_040_2.0mm.csv,2,40,1.41481,0.300013632,1.486705,0.3000267,0.071895,1.301267554,1.775115,6.473604624,5.024348943,1.449255681
049_230℃_040_2.0mm.csv,2,40,1.414625,0.300054929,1.48974,0.300018414,0.075115,1.346147452,1.77493,6.458070354,4.970518593,1.487551762
050_230℃_040_2.0mm.csv,2,40,1.41422,0.30002784,1.487905,0.300035621,0.073685,1.319092978,1.76412,6.266628334,4.799188117,1.467440217
051_230℃_080_2.0mm.csv,2,80,1.46416,0.300084993,1.500965,0.300079013,0.036805,1.534220274,1.61138,5.859450638,4.327639792,1.531810846
052_230℃_080_2.0mm.csv,2,80,1.464045,0.300105537,1.50211,0.300037667,0.038065,1.574599243,1.62563,6.43204556,4.843768015,1.588277545
053_230℃_080_2.0mm.csv,2,80,1.46416,0.300009896,1.500615,0.300073162,0.036455,1.521605191,1.616115,6.050464753,4.523523456,1.526941296
054_230℃_080_2.0mm.csv,2,80,1.464225,0.300025555,1.50066,0.300071964,0.036435,1.523473847,1.62473,6.402278426,4.853333037,1.548945389
055_230℃_080_2.0mm.csv,2,80,1.46422,0.300090751,1.500655,0.300027562,0.036435,1.523257361,1.623105,6.332297786,4.787173635,1.545124151
056_230℃_080_2.0mm.csv,2,80,1.46414,0.300011408,1.50044,0.300001522,0.0363,1.515556558,1.623425,6.352438451,4.809318288,1.543120162
057_230℃_080_2.0mm.csv,2,80,1.464255,0.300019089,1.50183,0.300005781,0.037575,1.564478266,1.623425,6.338983728,4.761209495,1.577774233
058_230℃_080_2.0mm.csv,2,80,1.464145,0.300080099,1.50051,0.300016397,0.036365,1.517990229,1.62519,6.402106837,4.854218152,1.547888686
059_230℃_080_2.0mm.csv,2,80,1.4641,0.300018842,1.50026,0.300023227,0.03616,1.509308687,1.6137,5.955982067,4.432036026,1.523946041
060_230℃_080_2.0mm.csv,2,80,1.464165,0.30008788,1.501555,0.300026605,0.03739,1.554920417,1.624345,6.38047993,4.802154415,1.578325515
061_230℃_120_2.0mm.csv,2,120,1.47648,0.300109856,1.5012,0.300127514,0.02472,1.571507448,1.55603,5.017390726,3.440378673,1.577012053
062_230℃_120_2.0mm.csv,2,120,1.476515,0.300144419,1.502255,0.300125737,0.02574,1.634488009,1.56113,5.348872341,3.720243301,1.62862904
063_230℃_120_2.0mm.csv,2,120,1.4765,0.300159188,1.50196,0.300151658,0.02546,1.616635627,1.554615,4.924695601,3.328692531,1.59600307
064_230℃_120_2.0mm.csv,2,120,1.47657,0.300071318,1.50038,0.300105225,0.02381,1.522901,1.55993,5.275408523,3.718087389,1.557321134
065_230℃_120_2.0mm.csv,2,120,1.4765,0.300037055,1.50116,0.300021705,0.02466,1.568994386,1.558745,5.191899083,3.612294754,1.579604328
066_230℃_120_2.0mm.csv,2,120,1.47639,0.300119995,1.501745,0.300136523,0.025355,1.603784505,1.5636,5.50662099,3.886023951,1.62059704
067_230℃_120_2.0mm.csv,2,120,1.476505,0.300059223,1.501945,0.30017511,0.02544,1.615471079,1.561945,5.404392927,3.784270614,1.620122314
068_230℃_120_2.0mm.csv,2,120,1.47648,0.300029172,1.500625,0.300057937,0.024145,1.53744669,1.561895,5.4013891,3.829743227,1.571645874
069_230℃_120_2.0mm.csv,2,120,1.47646,0.300116629,1.50195,0.300039221,0.02549,1.616520868,1.55316,4.82674879,3.228820506,1.597928284
070_230℃_120_2.0mm.csv,2,120,1.47641,0.300051457,1.50226,0.300170217,0.02585,1.634339772,1.54796,4.486584932,2.895055132,1.591529801
071_230℃_160_2.0mm.csv,2,160,1.48159,0.300033587,1.50029,0.300046134,0.0187,1.524253532,1.536685,4.719381519,3.077387262,1.641994257
072_230℃_160_2.0mm.csv,2,160,1.48153,0.300173699,1.499895,0.300106431,0.018365,1.491564194,1.536995,4.750130672,3.120797748,1.629332924
073_230℃_160_2.0mm.csv,2,160,1.48148,0.300001106,1.499455,0.300150847,0.017975,1.455196566,1.53664,4.716056808,3.101331765,1.614725044
074_230℃_160_2.0mm.csv,2,160,1.48127,0.300061572,1.500715,0.300039498,0.019445,1.559225153,1.53568,4.631037811,2.964645886,1.666391925
075_230℃_160_2.0mm.csv,2,160,1.48111,0.300085033,1.500955,0.300103652,0.019845,1.579087802,1.53542,4.611138419,2.928968448,1.682169971
076_230℃_160_2.0mm.csv,2,160,1.481145,0.300087583,1.50097,0.300038324,0.019825,1.580074954,1.53575,4.634558315,2.951626435,1.68293188
077_230℃_160_2.0mm.csv,2,160,1.481275,0.300099172,1.500835,0.30019332,0.01956,1.569440382,1.536685,4.723071075,3.043494968,1.679576107
078_230℃_160_2.0mm.csv,2,160,1.48138,0.300108449,1.49962,0.30001868,0.01824,1.468835251,1.536335,4.693006924,3.075040073,1.617966851
079_230℃_160_2.0mm.csv,2,160,1.48119,0.30004099,1.501095,0.300143524,0.019905,1.591160724,1.534195,4.498316808,2.814630878,1.68368593
080_230℃_160_2.0mm.csv,2,160,1.48143,0.300064022,1.49992,0.30015037,0.01849,1.493780499,1.536295,4.688016381,3.060154836,1.627861545
081_230℃_200_2.0mm.csv,2,200,1.48382,0.300030797,1.49947,0.300020043,0.01565,1.446761865,1.519485,3.662422841,1.982624775,1.679798066
082_230℃_200_2.0mm.csv,2,200,1.48386,0.30019537,1.499635,0.300038162,0.015775,1.463241944,1.519925,3.715437893,2.022601454,1.692836438
083_230℃_200_2.0mm.csv,2,200,1.484045,0.30016881,1.498985,0.30019216,0.01494,1.39776478,1.521365,3.877809193,2.208449033,1.669360159
084_230℃_200_2.0mm.csv,2,200,1.48395,0.300198922,1.49974,0.300006802,0.01579,1.473618419,1.52154,3.897651101,2.1915698,1.706081301
085_230℃_200_2.0mm.csv,2,200,1.483885,0.300168826,1.49978,0.300016845,0.015895,1.477870407,1.52181,3.932058448,2.21744903,1.714609417
086_230℃_200_2.0mm.csv,2,200,1.483835,0.300169918,1.499155,0.300027738,0.01532,1.415188816,1.521965,3.94676881,2.256597288,1.690171521
087_230℃_200_2.0mm.csv,2,200,1.48368,0.300058009,1.49947,0.300212115,0.01579,1.446627746,1.52162,3.907267299,2.203930791,1.703336508
088_230℃_200_2.0mm.csv,2,200,1.483775,0.300142496,1.499155,0.300161277,0.01538,1.415009252,1.521795,3.92566612,2.235608032,1.690058088
089_230℃_200_2.0mm.csv,2,200,1.483745,0.300109321,1.499755,0.300162411,0.01601,1.475465281,1.522005,3.949983708,2.232576166,1.717407542
090_230℃_200_2.0mm.csv,2,200,1.483975,0.300138142,1.49941,0.300136577,0.015435,1.440193255,1.52095,3.831849836,2.144781665,1.687068171
091_230℃_240_2.0mm.csv,2,240,1.485665,0.300157445,1.49807,0.300123064,0.012405,1.279433696,1.51095,2.908974907,1.335504466,1.573470441
092_230℃_240_2.0mm.csv,2,240,1.485315,0.300106202,1.499245,0.300121103,0.01393,1.413076073,1.512235,3.079568224,1.395831099,1.683737126
093_230℃_240_2.0mm.csv,2,240,1.485335,0.300182161,1.498505,0.300184261,0.01317,1.329805711,1.512905,3.169008098,1.514961772,1.654046326
094_230℃_240_2.0mm.csv,2,240,1.4853,0.300021433,1.498445,0.300069436,0.013145,1.322813216,1.51256,3.122583901,1.483497147,1.639086754
095_230℃_240_2.0mm.csv,2,240,1.48531,0.30008296,1.498615,0.300044869,0.013305,1.341752752,1.512155,3.070080236,1.417763963,1.652316273
096_230℃_240_2.0mm.csv,2,240,1.48536,0.300142156,1.49941,0.30002455,0.01405,1.431875431,1.512425,3.10843852,1.405005939,1.703432581
097_230℃_240_2.0mm.csv,2,240,1.48541,0.300125333,1.49866,0.300102076,0.01325,1.346817066,1.51167,3.005270488,1.374220719,1.631049769
098_230℃_240_2.0mm.csv,2,240,1.48545,0.3001323,1.498815,0.300134151,0.013365,1.363781992,1.511455,2.975236162,1.345000139,1.630236023
099_230℃_240_2.0mm.csv,2,240,1.48541,0.300087761,1.498415,0.300212563,0.013005,1.319469899,1.511175,2.932508936,1.329795751,1.602713185
100_230℃_240_2.0mm.csv,2,240,1.48538,0.300153117,1.49835,0.300075188,0.01297,1.312336412,1.511955,3.043482845,1.423744711,1.619738134
101_230℃_280_2.0mm.csv,2,280,1.4863,0.300015349,1.49835,0.30000162,0.01205,1.295427516,1.506235,2.363651802,0.881072413,1.482579389
102_230℃_280_2.0mm.csv,2,280,1.4863,0.300115924,1.49806,0.300140168,0.01176,1.260969921,1.506205,2.358375988,0.900426098,1.45794989
103_230℃_280_2.0mm.csv,2,280,1.48623,0.300093701,1.4987,0.300129037,0.01247,1.33777718,1.506075,2.33937311,0.844369495,1.495003615
104_230℃_280_2.0mm.csv,2,280,1.486095,0.300204111,1.498675,0.300069391,0.01258,1.335019238,1.50639,2.385570116,0.878689522,1.506880594
105_230℃_280_2.0mm.csv,2,280,1.486485,0.300160567,1.49715,0.300147985,0.010665,1.155464357,1.5063,2.371455306,0.967630545,1.40382476
106_230℃_280_2.0mm.csv,2,280,1.48652,0.300048513,1.49852,0.300193158,0.012,1.31530043,1.50614,2.349859147,0.875847561,1.474011586
107_230℃_280_2.0mm.csv,2,280,1.486415,0.300136665,1.49856,0.300236781,0.012145,1.320687491,1.505965,2.323694344,0.851530733,1.472163611
108_230℃_280_2.0mm.csv,2,280,1.48638,0.300136481,1.49802,0.300127761,0.01164,1.256163152,1.50609,2.342769083,0.888972509,1.453796574
109_230℃_280_2.0mm.csv,2,280,1.486365,0.300136835,1.49778,0.300194186,0.011415,1.228191114,1.506385,2.383338559,0.943929266,1.439409293
110_230℃_280_2.0mm.csv,2,280,1.48647,0.300013417,1.49802,0.300133857,0.01155,1.255875825,1.505375,2.236359043,0.829517937,1.406841107
111_230℃_320_2.0mm.csv,2,320,1.48674,0.30004634,1.49837,0.300165887,0.01163,1.290136125,1.49949,1.432864937,0.365822173,1.067042763
112_230℃_320_2.0mm.csv,2,320,1.48688,0.300026283,1.49744,0.300015406,0.01056,1.174622983,1.500265,1.536085018,0.461190759,1.074894259
113_230℃_320_2.0mm.csv,2,320,1.48703,0.300235933,1.497645,0.300155173,0.010615,1.198459658,1.50067,1.591591925,0.482148846,1.109443079
114_230℃_320_2.0mm.csv,2,320,1.486875,0.300039219,1.497805,0.300067885,0.01093,1.219317575,1.500455,1.56187062,0.461945969,1.099924651
115_230℃_320_2.0mm.csv,2,320,1.486965,0.300013381,1.49777,0.300073327,0.010805,1.214195137,1.50033,1.544693705,0.45544133,1.089252374
116_230℃_320_2.0mm.csv,2,320,1.486885,0.300184881,1.49789,0.300007142,0.011005,1.228516786,1.500425,1.55776781,0.449362118,1.108405691
117_230℃_320_2.0mm.csv,2,320,1.48671,0.300064427,1.49809,0.300078828,0.01138,1.254552174,1.5004,1.554201216,0.437170181,1.117031035
118_230℃_320_2.0mm.csv,2,320,1.48669,0.300138333,1.49811,0.300252353,0.01142,1.257425197,1.49989,1.485509682,0.403793946,1.081715736
119_230℃_320_2.0mm.csv,2,320,1.486975,0.3001644,1.49771,0.300100305,0.010735,1.206483579,1.50068,1.592841826,0.479477849,1.113363977
120_230℃_320_2.0mm.csv,2,320,1.486885,0.300184677,1.49863,0.30018232,0.011745,1.321387006,1.499635,1.451688896,0.359358574,1.092330323
