元ファイル,キャビ厚,射出速度[mm/s],CH03_立ち上がり時間(s),CH03_立ち上がり圧力(MPa),CH04_立ち上がり時間(s),CH04_立ち上がり圧力(MPa),立ち上がり時間差(s),CH03圧力@CH04立ち上がり時(MPa),V01横ばい終点時間(s),CH03圧力@V01横ばい終点(MPa),CH04圧力@V01横ばい終点(MPa),先行列-後発列圧力差@V01横ばい終点(MPa),温度,時間差ΔT34(s),圧力差ΔP34(Pa),流速V34(mm/s),流路断面積(mm²),流量Q34(mm³/s),樹脂粘度η34(Pa・s),せん断速度γ34(1/s),時間差ΔT34(s)_平均,時間差ΔT34(s)_標準偏差上,時間差ΔT34(s)_標準偏差下,流速V34(mm/s)_平均,流速V34(mm/s)_標準偏差上,流速V34(mm/s)_標準偏差下,流量Q34(mm³/s)_平均,流量Q34(mm³/s)_標準偏差上,流量Q34(mm³/s)_標準偏差下,圧力差ΔP34(Pa)_平均,圧力差ΔP34(Pa)_標準偏差上,圧力差ΔP34(Pa)_標準偏差下,せん断速度γ34(1/s)_幾何平均,せん断速度γ34(1/s)_幾何標準偏差上,せん断速度γ34(1/s)_幾何標準偏差下,樹脂粘度η34(Pa・s)_幾何平均,樹脂粘度η34(Pa・s)_幾何標準偏差上,樹脂粘度η34(Pa・s)_幾何標準偏差下,V01横ばい終点時間(s)_平均,V01横ばい終点時間(s)_標準偏差上,V01横ばい終点時間(s)_標準偏差下,CH03圧力@V01横ばい終点(MPa)_平均,CH03圧力@V01横ばい終点(MPa)_標準偏差上,CH03圧力@V01横ばい終点(MPa)_標準偏差下,CH04圧力@V01横ばい終点(MPa)_平均,CH04圧力@V01横ばい終点(MPa)_標準偏差上,CH04圧力@V01横ばい終点(MPa)_標準偏差下,先行列-後発列圧力差@V01横ばい終点(MPa)_平均,先行列-後発列圧力差@V01横ばい終点(MPa)_標準偏差上,先行列-後発列圧力差@V01横ばい終点(MPa)_標準偏差下,時間差ΔT34(s)_中央値からのずれ(%),流速V34(mm/s)_中央値からのずれ(%),流量Q34(mm³/s)_中央値からのずれ(%),圧力差ΔP34(Pa)_中央値からのずれ(%),せん断速度γ34(1/s)_中央値からのずれ(%),樹脂粘度η34(Pa・s)_中央値からのずれ(%),外れ値判定,V01横ばい終点時間(s)_中央値からのずれ(%),CH03圧力@V01横ばい終点(MPa)_中央値からのずれ(%),CH04圧力@V01横ばい終点(MPa)_中央値からのずれ(%),先行列-後発列圧力差@V01横ばい終点(MPa)_中央値からのずれ(%),追加列の外れ値判定
001_190℃_020_0.5mm.csv,0.5,20,1.48514,0.300161041,1.54663,0.300052004,0.06149,11.93697051,1.788875,61.12997586,47.00794096,14.12203491,190,0.061490000000000045,11636918.506000001,284.59912180842394,20.0,5691.982436168479,48.67715094788711,3415.1894617010867,0.06369800000000007,0.0016514334682330041,-0.0016514334682330041,274.8827319393848,7.176701077435627,-7.176701077435627,5497.654638787697,143.53402154871253,-143.53402154871253,11737901.1456,122644.91052280764,-122644.91052280764,3297.6975891996453,3384.6285583426643,3212.999359415135,50.846684920704504,52.704428208661355,49.05442398861888,1.7918230000000002,0.001962264635567867,-0.001962264635567867,61.529545566,0.6150318731919543,-0.6150318731919543,47.559899064,0.5236710333564232,-0.5236710333564232,13.969646504,0.19022925351516087,-0.19022925351516087,-3.7865748709123515,3.9355992844366514,3.9355992844366474,-0.5461240728559327,3.9355992844366305,-4.312019546861535,,-0.1624078781773465,-0.508929366339078,-1.364911562739731,1.3770247282747108,
002_190℃_020_0.5mm.csv,0.5,20,1.484785,0.300123439,1.54739,0.300082438,0.062605,11.91678325,1.791785,62.46089857,48.25134591,14.20955266,190,0.06260500000000002,11616700.811999999,279.53038894656964,20.0,5590.607778931393,49.4737111792694,3354.364667358836,0.06369800000000007,0.0016514334682330041,-0.0016514334682330041,274.8827319393848,7.176701077435627,-7.176701077435627,5497.654638787697,143.53402154871253,-143.53402154871253,11737901.1456,122644.91052280764,-122644.91052280764,3297.6975891996453,3384.6285583426643,3212.999359415135,50.846684920704504,52.704428208661355,49.05442398861888,1.7918230000000002,0.001962264635567867,-0.001962264635567867,61.529545566,0.6150318731919543,-0.6150318731919543,47.559899064,0.5236710333564232,-0.5236710333564232,13.969646504,0.19022925351516087,-0.19022925351516087,-2.041933969644983,2.0844980432874567,2.084498043287461,-0.7189127737110973,2.084498043287464,-2.7461670192175585,,0.0,1.6571916485261975,1.2440807628534434,2.0052832733396553,
003_190℃_020_0.5mm.csv,0.5,20,1.48427,0.300106092,1.54962,0.300086689,0.06535,12.17978488,1.79141,60.87150758,47.06931428,13.8021933,190,0.06535000000000002,11879698.191,267.78882938026004,20.0,5355.776587605201,52.812127672234716,3213.4659525631205,0.06369800000000007,0.0016514334682330041,-0.0016514334682330041,274.8827319393848,7.176701077435627,-7.176701077435627,5497.654638787697,143.53402154871253,-143.53402154871253,11737901.1456,122644.91052280764,-122644.91052280764,3297.6975891996453,3384.6285583426643,3212.999359415135,50.846684920704504,52.704428208661355,49.05442398861888,1.7918230000000002,0.001962264635567867,-0.001962264635567867,61.529545566,0.6150318731919543,-0.6150318731919543,47.559899064,0.5236710333564232,-0.5236710333564232,13.969646504,0.19022925351516087,-0.19022925351516087,2.2531685182285757,-2.20351951032882,-2.20351951032882,1.5287706389332423,-2.20351951032882,3.816384935914198,,-0.02092885028058691,-0.9295950960448168,-1.2361341110525896,-0.919003500853999,
004_190℃_020_0.5mm.csv,0.5,20,1.484465,0.300020869,1.548375,0.300021212,0.06391,12.00084071,1.79414,61.44267568,47.65843647,13.78423921,190,0.06391000000000013,11700819.498,273.8225629791889,20.0,5476.451259583778,50.87070572225725,3285.8707557502667,0.06369800000000007,0.0016514334682330041,-0.0016514334682330041,274.8827319393848,7.176701077435627,-7.176701077435627,5497.654638787697,143.53402154871253,-143.53402154871253,11737901.1456,122644.91052280764,-122644.91052280764,3297.6975891996453,3384.6285583426643,3212.999359415135,50.846684920704504,52.704428208661355,49.05442398861888,1.7918230000000002,0.001962264635567867,-0.001962264635567867,61.529545566,0.6150318731919543,-0.6150318731919543,47.559899064,0.5236710333564232,-0.5236710333564232,13.969646504,0.19022925351516087,-0.19022925351516087,0.0,0.0,0.0,0.0,0.0,0.0,,0.1314331797620868,0.0,0.0,-1.0478894749719925,
005_190℃_020_0.5mm.csv,0.5,20,1.484395,0.300019322,1.54953,0.300046099,0.065135,12.15541482,1.792905,61.74267014,47.8124577,13.93021244,190,0.06513500000000016,11855368.721,268.67275658248184,20.0,5373.455131649636,52.53057426138348,3224.0730789897816,0.06369800000000007,0.0016514334682330041,-0.0016514334682330041,274.8827319393848,7.176701077435627,-7.176701077435627,5497.654638787697,143.53402154871253,-143.53402154871253,11737901.1456,122644.91052280764,-122644.91052280764,3297.6975891996453,3384.6285583426643,3212.999359415135,50.846684920704504,52.704428208661355,49.05442398861888,1.7918230000000002,0.001962264635567867,-0.001962264635567867,61.529545566,0.6150318731919543,-0.6150318731919543,47.559899064,0.5236710333564232,-0.5236710333564232,13.969646504,0.19022925351516087,-0.19022925351516087,1.916757940854372,-1.8807092960774188,-1.8807092960774268,1.3208410148230898,-1.8807092960774323,3.262916280715158,,0.06250749950468443,0.48825096999747164,0.3231772617990903,0.0,
006_190℃_040_0.5mm.csv,0.5,40,1.488185,0.300092188,1.532275,0.300282124,0.04409,10.72541802,1.65136,55.10632203,40.12142191,14.98490012,190,0.04408999999999996,10425135.895999998,396.91540031753266,20.0,7938.308006350653,31.268315758819014,4762.984803810392,0.04411999999999998,0.0001599609327304554,-0.0001599609327304554,396.6496805573489,1.4371223324430547,-1.4371223324430547,7932.993611146978,28.742446648860703,-28.742446648860703,10357992.712000001,70933.6828398221,-70933.6828398221,4759.77116231572,4777.053664198427,4742.551185347388,31.087323191645005,31.394645750980434,30.7830090164852,1.651635,0.006936581470724597,-0.006936581470724597,53.299104034,1.9886447281145068,-1.9886447281145068,38.706767026,2.0284323383983818,-2.0284323383983818,14.592337006,0.31801846830895797,-0.31801846830895797,0.0,0.0,0.0,0.6858170469286541,0.0,0.36711900517930945,,0.0,1.8595824464293924,0.9560593029187643,2.701799561013876,
007_190℃_040_0.5mm.csv,0.5,40,1.488,0.300028569,1.531935,0.300129432,0.043935,10.55668043,1.64111,50.02689273,35.29276903,14.7341237,190,0.04393500000000006,10256550.998,398.3156936383288,20.0,7966.313872766576,30.654528441981668,4779.788323659946,0.04411999999999998,0.0001599609327304554,-0.0001599609327304554,396.6496805573489,1.4371223324430547,-1.4371223324430547,7932.993611146978,28.742446648860703,-28.742446648860703,10357992.712000001,70933.6828398221,-70933.6828398221,4759.77116231572,4777.053664198427,4742.551185347388,31.087323191645005,31.394645750980434,30.7830090164852,1.651635,0.006936581470724597,-0.006936581470724597,53.299104034,1.9886447281145068,-1.9886447281145068,38.706767026,2.0284323383983818,-2.0284323383983818,14.592337006,0.31801846830895797,-0.31801846830895797,-0.3515536402810282,0.3527939000794416,0.35279390007944444,-0.9423735460990792,0.352793900079456,-1.603056336148712,,-0.6207005135161243,-7.529332082878002,-11.19410246353119,0.9830567322182484,CH04圧力@V01横ばい終点(MPa)
008_190℃_040_0.5mm.csv,0.5,40,1.4881,0.300161384,1.532115,0.300193741,0.044015,10.62939209,1.654145,54.33215884,39.74146989,14.59068895,190,0.044014999999999915,10329198.349,397.59173009201487,20.0,7951.834601840297,30.927868389879873,4771.100761104179,0.04411999999999998,0.0001599609327304554,-0.0001599609327304554,396.6496805573489,1.4371223324430547,-1.4371223324430547,7932.993611146978,28.742446648860703,-28.742446648860703,10357992.712000001,70933.6828398221,-70933.6828398221,4759.77116231572,4777.053664198427,4742.551185347388,31.087323191645005,31.394645750980434,30.7830090164852,1.651635,0.006936581470724597,-0.006936581470724597,53.299104034,1.9886447281145068,-1.9886447281145068,38.706767026,2.0284323383983818,-2.0284323383983818,14.592337006,0.31801846830895797,-0.31801846830895797,-0.1701066001361926,0.17039645575383272,0.17039645575382986,-0.24074644361339378,0.1703964557538375,-0.725671596555537,,0.16864887123340988,0.42860435945296993,0.0,0.0,
009_190℃_040_0.5mm.csv,0.5,40,1.48802,0.300035566,1.53225,0.300190512,0.04423,10.65431605,1.651255,52.9298639,38.39358579,14.5362781,190,0.04422999999999999,10354125.538,395.659054940086,20.0,7913.18109880172,31.153943710594557,4747.908659281032,0.04411999999999998,0.0001599609327304554,-0.0001599609327304554,396.6496805573489,1.4371223324430547,-1.4371223324430547,7932.993611146978,28.742446648860703,-28.742446648860703,10357992.712000001,70933.6828398221,-70933.6828398221,4759.77116231572,4777.053664198427,4742.551185347388,31.087323191645005,31.394645750980434,30.7830090164852,1.651635,0.006936581470724597,-0.006936581470724597,53.299104034,1.9886447281145068,-1.9886447281145068,38.706767026,2.0284323383983818,-2.0284323383983818,14.592337006,0.31801846830895797,-0.31801846830895797,0.3175323202540919,-0.31652724395213705,-0.31652724395213705,0.0,-0.31652724395213705,0.0,,-0.006358395504312915,-2.163424500273499,-3.391631219808399,-0.37291487870420276,
010_190℃_040_0.5mm.csv,0.5,40,1.48805,0.300092719,1.53238,0.300250611,0.04433,10.72520339,1.660305,54.10028267,39.98458851,14.11569416,190,0.04432999999999998,10424952.779000001,394.76652379878203,20.0,7895.330475975641,31.437969843065975,4737.198285585384,0.04411999999999998,0.0001599609327304554,-0.0001599609327304554,396.6496805573489,1.4371223324430547,-1.4371223324430547,7932.993611146978,28.742446648860703,-28.742446648860703,10357992.712000001,70933.6828398221,-70933.6828398221,4759.77116231572,4777.053664198427,4742.551185347388,31.087323191645005,31.394645750980434,30.7830090164852,1.651635,0.006936581470724597,-0.006936581470724597,53.299104034,1.9886447281145068,-1.9886447281145068,38.706767026,2.0284323383983818,-2.0284323383983818,14.592337006,0.31801846830895797,-0.31801846830895797,0.5443411204355142,-0.5413940897812287,-0.5413940897812229,0.6840485054972721,-0.5413940897812383,0.9116859653785296,,0.5416747408196869,0.0,0.6117504477638338,-3.2554651231873475,
011_190℃_080_0.5mm.csv,0.5,80,1.4913,0.300142713,1.51244,0.30007825,0.02114,6.342926807,1.563305,40.23214806,25.59752044,14.63462761,190,0.021139999999999937,6042848.556999999,827.8145695364263,20.0,16556.291390728526,8.690191734352355,9933.774834437116,0.021334999999999972,0.00012614475811547815,-0.00012614475811547815,820.2714353584579,4.866225228039646,-4.866225228039646,16405.428707169158,97.32450456079258,-97.32450456079258,6123421.772,51257.017027216934,-51257.017027216934,9843.118965183603,9901.5880033817,9784.995187607,8.886918212680609,9.008910846670574,8.766577521195247,1.565667,0.0014015420079327313,-0.0014015420079327313,41.494712022,0.8499659744704505,-0.8499659744704505,26.965400954,0.8823077728401479,-0.8823077728401479,14.529311064000002,0.07801230415137968,-0.07801230415137968,-0.9139910944454948,0.922421948911756,0.9224219489117477,-1.3017167035374637,0.9224219489117514,-2.5084960558889917,,-0.18356766144376516,-3.5126245343494977,-5.890461860133755,0.9487175632825412,
012_190℃_080_0.5mm.csv,0.5,80,1.491175,0.300259248,1.5126,0.300044516,0.021425,6.415926447,1.56618,41.69680009,27.19970892,14.49709116,190,0.021425000000000027,6115881.931000001,816.8028004667434,20.0,16336.056009334869,8.913793902835046,9801.63360560092,0.021334999999999972,0.00012614475811547815,-0.00012614475811547815,820.2714353584579,4.866225228039646,-4.866225228039646,16405.428707169158,97.32450456079258,-97.32450456079258,6123421.772,51257.017027216934,-51257.017027216934,9843.118965183603,9901.5880033817,9784.995187607,8.886918212680609,9.008910846670574,8.766577521195247,1.565667,0.0014015420079327313,-0.0014015420079327313,41.494712022,0.8499659744704505,-0.8499659744704505,26.965400954,0.8823077728401479,-0.8823077728401479,14.529311064000002,0.07801230415137968,-0.07801230415137968,0.42184204359102895,-0.42007001166929675,-0.420070011669294,-0.10885731459933537,-0.42007001166930147,0.0,,0.0,0.0,0.0,0.0,
013_190℃_080_0.5mm.csv,0.5,80,1.491285,0.30023435,1.512595,0.300009254,0.02131,6.422556025,1.56553,41.18346533,26.69769118,14.48577415,190,0.02130999999999994,6122546.771,821.2106992022548,20.0,16424.213984045095,8.875610319048274,9854.528390427056,0.021334999999999972,0.00012614475811547815,-0.00012614475811547815,820.2714353584579,4.866225228039646,-4.866225228039646,16405.428707169158,97.32450456079258,-97.32450456079258,6123421.772,51257.017027216934,-51257.017027216934,9843.118965183603,9901.5880033817,9784.995187607,8.886918212680609,9.008910846670574,8.766577521195247,1.565667,0.0014015420079327313,-0.0014015420079327313,41.494712022,0.8499659744704505,-0.8499659744704505,26.965400954,0.8823077728401479,-0.8823077728401479,14.529311064000002,0.07801230415137968,-0.07801230415137968,-0.11717834544148992,0.11731581417147169,0.11731581417146614,0.0,0.11731581417146245,-0.4283651181864048,,-0.041502253891622765,-1.231113080361094,-1.8456732072998943,-0.07806400522076078,
014_190℃_080_0.5mm.csv,0.5,80,1.49124,0.300312612,1.512705,0.300052827,0.021465,6.468095571,1.56655,41.85104687,27.4068066,14.44424027,190,0.021465000000000067,6168042.744,815.2806894945234,20.0,16305.613789890467,9.006601190473498,9783.36827393428,0.021334999999999972,0.00012614475811547815,-0.00012614475811547815,820.2714353584579,4.866225228039646,-4.866225228039646,16405.428707169158,97.32450456079258,-97.32450456079258,6123421.772,51257.017027216934,-51257.017027216934,9843.118965183603,9901.5880033817,9784.995187607,8.886918212680609,9.008910846670574,8.766577521195247,1.565667,0.0014015420079327313,-0.0014015420079327313,41.494712022,0.8499659744704505,-0.8499659744704505,26.965400954,0.8823077728401479,-0.8823077728401479,14.529311064000002,0.07801230415137968,-0.07801230415137968,0.6093273962980372,-0.6056370836253799,-0.6056370836253799,0.7430890232720809,-0.6056370836253799,1.041164835647981,,0.02362435990755874,0.369924741627803,0.7613966774759162,-0.36456203121509656,
015_190℃_080_0.5mm.csv,0.5,80,1.491335,0.300179653,1.51267,0.300262174,0.021335,6.468051031,1.56677,42.51009976,27.92527763,14.58482213,190,0.021334999999999882,6167788.857,820.2484180923411,20.0,16404.968361846823,8.951685392115255,9842.981017108094,0.021334999999999972,0.00012614475811547815,-0.00012614475811547815,820.2714353584579,4.866225228039646,-4.866225228039646,16405.428707169158,97.32450456079258,-97.32450456079258,6123421.772,51257.017027216934,-51257.017027216934,9843.118965183603,9901.5880033817,9784.995187607,8.886918212680609,9.008910846670574,8.766577521195247,1.565667,0.0014015420079327313,-0.0014015420079327313,41.494712022,0.8499659744704505,-0.8499659744704505,26.965400954,0.8823077728401479,-0.8823077728401479,14.529311064000002,0.07801230415137968,-0.07801230415137968,0.0,0.0,0.0,0.7389422685065207,0.0,0.42508823620162356,,0.03767127660933548,1.9505085959702937,2.6675605688797974,0.6051625738690538,
016_190℃_120_0.5mm.csv,0.5,120,1.492355,0.300265526,1.50675,0.300168286,0.014395,4.15533211,1.53066,25.10908505,11.15702783,13.95205722,190,0.014394999999999936,3855163.824,1215.6998957971573,20.0,24313.997915943146,3.7751757310530447,14588.398749565886,0.014380999999999932,0.0002159108612367662,-0.0002159108612367662,1217.1025927681308,18.251602675355976,-18.251602675355976,24342.051855362613,365.03205350711977,-365.03205350711977,3863709.5038,89047.12239257865,-89047.12239257865,14603.916340620231,14824.702694075406,14386.418188950818,3.778723176802175,3.924541220277173,3.638323066433094,1.5301909999999999,0.0011022443014141654,-0.0011022443014141654,24.675899024,1.0218451364092502,-1.0218451364092502,10.8021459886,0.824300730512262,-0.824300730512262,13.873753034,0.19764507079366167,-0.19764507079366167,0.0,0.0,0.0,0.0,0.0,0.0,,0.0,0.0,0.0,0.0,
017_190℃_120_0.5mm.csv,0.5,120,1.492375,0.300187282,1.506875,0.300193588,0.0145,4.225946306,1.530715,25.18134793,11.20648799,13.97485993,190,0.014499999999999957,3925752.718,1206.8965517241415,20.0,24137.93103448283,3.8723411163945465,14482.7586206897,0.014380999999999932,0.0002159108612367662,-0.0002159108612367662,1217.1025927681308,18.251602675355976,-18.251602675355976,24342.051855362613,365.03205350711977,-365.03205350711977,3863709.5038,89047.12239257865,-89047.12239257865,14603.916340620231,14824.702694075406,14386.418188950818,3.778723176802175,3.924541220277173,3.638323066433094,1.5301909999999999,0.0011022443014141654,-0.0011022443014141654,24.675899024,1.0218451364092502,-1.0218451364092502,10.8021459886,0.824300730512262,-0.824300730512262,13.873753034,0.19764507079366167,-0.19764507079366167,0.7294199374784454,-0.7241379310346352,-0.724137931034639,1.8310219026375636,-0.7241379310346165,2.573797678933439,,0.003593221224840152,0.28779575144256503,0.44330946156651174,0.16343618464602871,
018_190℃_120_0.5mm.csv,0.5,120,1.49238,0.300053488,1.5066,0.300136114,0.01422,4.081602857,1.52863,23.1559207,9.571253033,13.58466767,190,0.0142199999999999,3781466.7430000002,1230.6610407876317,20.0,24613.220815752633,3.6579902779224236,14767.93248945158,0.014380999999999932,0.0002159108612367662,-0.0002159108612367662,1217.1025927681308,18.251602675355976,-18.251602675355976,24342.051855362613,365.03205350711977,-365.03205350711977,3863709.5038,89047.12239257865,-89047.12239257865,14603.916340620231,14824.702694075406,14386.418188950818,3.778723176802175,3.924541220277173,3.638323066433094,1.5301909999999999,0.0011022443014141654,-0.0011022443014141654,24.675899024,1.0218451364092502,-1.0218451364092502,10.8021459886,0.824300730512262,-0.824300730512262,13.873753034,0.19764507079366167,-0.19764507079366167,-1.215699895797409,1.2306610407878738,1.2306610407878702,-1.9116458953366586,1.2306610407878802,-3.1041059139764466,,-0.1326225288437652,-7.778715736199243,-14.213236904689166,-2.6332285211198436,CH04圧力@V01横ばい終点(MPa)
019_190℃_120_0.5mm.csv,0.5,120,1.49234,0.300207997,1.507005,0.300235504,0.014665,4.279851249,1.531415,25.75847571,11.67127347,14.08720224,190,0.014664999999999928,3979615.745,1193.3174224343734,20.0,23866.348448687466,3.970140469416648,14319.809069212479,0.014380999999999932,0.0002159108612367662,-0.0002159108612367662,1217.1025927681308,18.251602675355976,-18.251602675355976,24342.051855362613,365.03205350711977,-365.03205350711977,3863709.5038,89047.12239257865,-89047.12239257865,14603.916340620231,14824.702694075406,14386.418188950818,3.778723176802175,3.924541220277173,3.638323066433094,1.5301909999999999,0.0011022443014141654,-0.0011022443014141654,24.675899024,1.0218451364092502,-1.0218451364092502,10.8021459886,0.824300730512262,-0.824300730512262,13.873753034,0.19764507079366167,-0.19764507079366167,1.875651267801276,-1.8411183088987026,-1.84111830889871,3.2281876122938034,-1.8411183088987026,5.16438842197208,,0.04932512772268571,2.5862776708385002,4.6091633707074715,0.968638659295862,
020_190℃_120_0.5mm.csv,0.5,120,1.49244,0.300238383,1.506565,0.30000642,0.014125,4.076554909,1.529535,24.17466573,10.40468762,13.76997811,190,0.014124999999999943,3776548.4890000005,1238.9380530973501,20.0,24778.761061947003,3.6288263542261765,14867.2566371682,0.014380999999999932,0.0002159108612367662,-0.0002159108612367662,1217.1025927681308,18.251602675355976,-18.251602675355976,24342.051855362613,365.03205350711977,-365.03205350711977,3863709.5038,89047.12239257865,-89047.12239257865,14603.916340620231,14824.702694075406,14386.418188950818,3.778723176802175,3.924541220277173,3.638323066433094,1.5301909999999999,0.0011022443014141654,-0.0011022443014141654,24.675899024,1.0218451364092502,-1.0218451364092502,10.8021459886,0.824300730512262,-0.824300730512262,13.873753034,0.19764507079366167,-0.19764507079366167,-1.875651267801276,1.9115044247787099,1.9115044247787136,-2.039221641129394,1.911504424778716,-3.8766242223655536,,-0.0734977068715339,-3.7214391449918636,-6.743195602479732,-1.305034140334468,
021_190℃_160_0.5mm.csv,0.5,160,1.49295,0.30018433,1.504085,0.300181684,0.011135,3.054006512,1.51342,9.817575348,2.336527525,7.481047822,190,0.011134999999999895,2753824.8279999997,1571.6210148181558,20.0,31432.420296363118,2.085975473454402,18859.452177817868,0.011207000000000012,0.00012862736878283513,-0.00012862736878283513,1561.6882416737271,17.882744609644064,-17.882744609644064,31233.764833474543,357.6548921928842,-357.6548921928842,2802693.0614,59234.4044330139,-59234.4044330139,18739.274468292322,18955.34503941748,18525.66686956937,2.136228137537556,2.2059686709256816,2.0686924142454957,1.513963,0.0008289722552655329,-0.0008289722552655329,10.3720649016,0.8335687832742994,-0.8335687832742994,2.5770132606000002,0.36546284725262895,-0.36546284725262895,7.7950516398000005,0.4688466281713357,-0.4688466281713357,-0.2240143369190291,0.22451728783263117,0.22451728783263405,-0.3876812251071898,0.22451728783260697,-0.6108271005004228,,-0.016516149490977787,-2.2720674729610963,-2.9767932969340096,-2.049860291090681,
022_190℃_160_0.5mm.csv,0.5,160,1.49295,0.300033386,1.50411,0.30028796,0.01116,3.0648304,1.513415,9.8136228,2.336872352,7.476750448,190,0.011160000000000059,2764542.44,1568.1003584229309,20.0,31362.00716845862,2.098795485061235,18817.204301075173,0.011207000000000012,0.00012862736878283513,-0.00012862736878283513,1561.6882416737271,17.882744609644064,-17.882744609644064,31233.764833474543,357.6548921928842,-357.6548921928842,2802693.0614,59234.4044330139,-59234.4044330139,18739.274468292322,18955.34503941748,18525.66686956937,2.136228137537556,2.2059686709256816,2.0686924142454957,1.513963,0.0008289722552655329,-0.0008289722552655329,10.3720649016,0.8335687832742994,-0.8335687832742994,2.5770132606000002,0.36546284725262895,-0.36546284725262895,7.7950516398000005,0.4688466281713357,-0.4688466281713357,0.0,0.0,0.0,0.0,0.0,0.0,,-0.016846472480799398,-2.3114126606028353,-2.962474517916942,-2.1061262572623707,
023_190℃_160_0.5mm.csv,0.5,160,1.492975,0.300322002,1.504285,0.300073054,0.01131,3.147763036,1.51367,10.04582323,2.408215111,7.637608118,190,0.011310000000000153,2847689.9820000003,1547.3032714411816,20.0,30946.065428823633,2.190977802477581,18567.639257294177,0.011207000000000012,0.00012862736878283513,-0.00012862736878283513,1561.6882416737271,17.882744609644064,-17.882744609644064,31233.764833474543,357.6548921928842,-357.6548921928842,2802693.0614,59234.4044330139,-59234.4044330139,18739.274468292322,18955.34503941748,18525.66686956937,2.136228137537556,2.2059686709256816,2.0686924142454957,1.513963,0.0008289722552655329,-0.0008289722552655329,10.3720649016,0.8335687832742994,-0.8335687832742994,2.5770132606000002,0.36546284725262895,-0.36546284725262895,7.7950516398000005,0.4688466281713357,-0.4688466281713357,1.3440860215062163,-1.3262599469504204,-1.3262599469504175,3.0076420892276254,-1.3262599469504444,4.392153407632107,,0.0,0.0,0.0,0.0,
024_190℃_160_0.5mm.csv,0.5,160,1.49299,0.300370426,1.50436,0.300328999,0.01137,3.184380522,1.5154,11.80508967,3.201210406,8.603879262,190,0.01136999999999988,2884051.523,1539.138082673719,20.0,30782.76165347438,2.2307255657489558,18469.656992084627,0.011207000000000012,0.00012862736878283513,-0.00012862736878283513,1561.6882416737271,17.882744609644064,-17.882744609644064,31233.764833474543,357.6548921928842,-357.6548921928842,2802693.0614,59234.4044330139,-59234.4044330139,18739.274468292322,18955.34503941748,18525.66686956937,2.136228137537556,2.2059686709256816,2.0686924142454957,1.513963,0.0008289722552655329,-0.0008289722552655329,10.3720649016,0.8335687832742994,-0.8335687832742994,2.5770132606000002,0.36546284725262895,-0.36546284725262895,7.7950516398000005,0.4688466281713357,-0.4688466281713357,1.8817204301059172,-1.8469656992068886,-1.8469656992068972,4.32292451983483,-1.8469656992069126,6.285990303808537,,0.11429175447752873,17.51241684948501,32.92875671188328,12.651488909502065,CH03圧力@V01横ばい終点(MPa)・CH04圧力@V01横ばい終点(MPa)・先行列-後発列圧力差@V01横ばい終点(MPa)
025_190℃_160_0.5mm.csv,0.5,160,1.49302,0.300317001,1.50408,0.300141669,0.01106,3.063498203,1.51391,10.37821346,2.602240909,7.775972549,190,0.01106000000000007,2763356.534,1582.2784810126482,20.0,31645.569620252965,2.079096820819061,18987.34177215178,0.011207000000000012,0.00012862736878283513,-0.00012862736878283513,1561.6882416737271,17.882744609644064,-17.882744609644064,31233.764833474543,357.6548921928842,-357.6548921928842,2802693.0614,59234.4044330139,-59234.4044330139,18739.274468292322,18955.34503941748,18525.66686956937,2.136228137537556,2.2059686709256816,2.0686924142454957,1.513963,0.0008289722552655329,-0.0008289722552655329,10.3720649016,0.8335687832742994,-0.8335687832742994,2.5770132606000002,0.36546284725262895,-0.36546284725262895,7.7950516398000005,0.4688466281713357,-0.4688466281713357,-0.8960573476701474,0.9041591320071197,0.9041591320071226,-0.04289700830203059,0.9041591320071146,-0.9385699741773273,,0.01585550351133457,3.308740581930384,8.056830019616953,1.8116199320819801,
026_190℃_200_0.5mm.csv,0.5,200,1.493285,0.300292943,1.50287,0.300365055,0.009585,2.569723241,1.50782,5.495784969,1.071848359,4.42393661,190,0.009584999999999955,2269358.186,1825.7694314032428,20.0,36515.38862806486,1.4797141641367277,21909.233176838916,0.0095260000000001,0.00033608778615120235,-0.00033608778615120235,1838.9093476052433,64.94468381159659,-64.94468381159659,36778.186952104865,1298.893676231929,-1298.893676231929,2254287.5846,124491.91448616484,-124491.91448616484,22055.914456671377,22848.335702489076,21290.975800351647,1.4583551288827112,1.5952458595304981,1.333211222102438,1.5062609999999999,0.0021062686200956364,-0.0021062686200956364,4.5127552248,1.1872707114458596,-1.1872707114458596,0.7969413344,0.2889322130824252,-0.2889322130824252,3.7158138901999997,0.901127938615046,-0.901127938615046,0.10443864229601411,-0.1043296817928437,-0.10432968179284867,1.3082366401446335,-0.10432968179285199,1.4140415870256433,,0.059724471106621504,13.83687001830024,23.407976692561746,11.034818617622587,CH03圧力@V01横ばい終点(MPa)・CH04圧力@V01横ばい終点(MPa)・先行列-後発列圧力差@V01横ばい終点(MPa)
027_190℃_200_0.5mm.csv,0.5,200,1.49334,0.300056576,1.50275,0.300320336,0.00941,2.515829847,1.507145,4.99862736,0.925563312,4.073064048,190,0.00941000000000014,2215509.511,1859.7236981933836,20.0,37194.47396386767,1.4182275169054634,22316.684378320602,0.0095260000000001,0.00033608778615120235,-0.00033608778615120235,1838.9093476052433,64.94468381159659,-64.94468381159659,36778.186952104865,1298.893676231929,-1298.893676231929,2254287.5846,124491.91448616484,-124491.91448616484,22055.914456671377,22848.335702489076,21290.975800351647,1.4583551288827112,1.5952458595304981,1.333211222102438,1.5062609999999999,0.0021062686200956364,-0.0021062686200956364,4.5127552248,1.1872707114458596,-1.1872707114458596,0.7969413344,0.2889322130824252,-0.2889322130824252,3.7158138901999997,0.901127938615046,-0.901127938615046,-1.7232375979109014,1.7534537725820227,1.753453772582005,-1.0956651957633754,1.7534537725820014,-2.8000218790736326,,0.014931117776651693,3.539002391823629,6.565350103583303,2.2283924153333654,
028_190℃_200_0.5mm.csv,0.5,200,1.493275,0.300014638,1.50327,0.300145172,0.009995,2.745653116,1.506865,4.792462979,0.808184294,3.984278684,190,0.009995000000000198,2445507.944,1750.8754377188247,20.0,35017.5087543765,1.6627790408354073,21010.5052526259,0.0095260000000001,0.00033608778615120235,-0.00033608778615120235,1838.9093476052433,64.94468381159659,-64.94468381159659,36778.186952104865,1298.893676231929,-1298.893676231929,2254287.5846,124491.91448616484,-124491.91448616484,22055.914456671377,22848.335702489076,21290.975800351647,1.4583551288827112,1.5952458595304981,1.333211222102438,1.5062609999999999,0.0021062686200956364,-0.0021062686200956364,4.5127552248,1.1872707114458596,-1.1872707114458596,0.7969413344,0.2889322130824252,-0.2889322130824252,3.7158138901999997,0.901127938615046,-0.901127938615046,4.386422976502162,-4.2021010505260525,-4.202101050526057,9.171879090974649,-4.2021010505260605,13.960619479300346,,-0.00364982878985867,-0.7313808154310733,-6.949161530370486,0.0,
029_190℃_200_0.5mm.csv,0.5,200,1.493245,0.300043351,1.50282,0.300028244,0.009575,2.540081236,1.50692,4.82777238,0.868540582,3.959231798,190,0.009575000000000111,2240052.992,1827.6762402088561,20.0,36553.52480417713,1.459082135945595,21932.114882506277,0.0095260000000001,0.00033608778615120235,-0.00033608778615120235,1838.9093476052433,64.94468381159659,-64.94468381159659,36778.186952104865,1298.893676231929,-1298.893676231929,2254287.5846,124491.91448616484,-124491.91448616484,22055.914456671377,22848.335702489076,21290.975800351647,1.4583551288827112,1.5952458595304981,1.333211222102438,1.5062609999999999,0.0021062686200956364,-0.0021062686200956364,4.5127552248,1.1872707114458596,-1.1872707114458596,0.7969413344,0.2889322130824252,-0.2889322130824252,3.7158138901999997,0.901127938615046,-0.901127938615046,0.0,0.0,0.0,0.0,0.0,0.0,,0.0,0.0,0.0,-0.6286429235129316,
030_190℃_200_0.5mm.csv,0.5,200,1.49338,0.300029109,1.502445,0.30019056,0.009065,2.40119985,1.502555,2.449128436,0.310570125,2.138558311,190,0.0090650000000001,2101009.29,1930.501930501909,20.0,38610.03861003818,1.2956223955000143,23166.02316602291,0.0095260000000001,0.00033608778615120235,-0.00033608778615120235,1838.9093476052433,64.94468381159659,-64.94468381159659,36778.186952104865,1298.893676231929,-1298.893676231929,2254287.5846,124491.91448616484,-124491.91448616484,22055.914456671377,22848.335702489076,21290.975800351647,1.4583551288827112,1.5952458595304981,1.333211222102438,1.5062609999999999,0.0021062686200956364,-0.0021062686200956364,4.5127552248,1.1872707114458596,-1.1872707114458596,0.7969413344,0.2889322130824252,-0.2889322130824252,3.7158138901999997,0.901127938615046,-0.901127938615046,-5.326370757180204,5.626034197462819,5.626034197462804,-6.207161281298832,5.62603419746281,-11.202915615140913,,-0.28966368486714306,-49.2700101987824,-64.24230123077886,-46.32508213875733,CH03圧力@V01横ばい終点(MPa)・CH04圧力@V01横ばい終点(MPa)・先行列-後発列圧力差@V01横ばい終点(MPa)
031_190℃_240_0.5mm.csv,0.5,240,1.493475,0.300225828,1.502435,0.300308874,0.00896,2.396931295,1.50216,2.280210844,0.276061484,2.00414936,190,0.008959999999999857,2096622.4209999996,1953.1250000000312,20.0,39062.500000000626,1.2779412851809318,23437.500000000375,0.009042999999999957,7.496665925602293e-05,-7.496665925602293e-05,1935.3043943444384,15.968139340442569,-15.968139340442569,38706.08788688877,319.3627868088533,-319.3627868088533,2108726.838,31561.368762168648,-31561.368762168648,23223.01833386605,23415.880576234176,23031.744579464892,1.2970737028094919,1.3254625104571358,1.2692929277491878,1.502505,0.00025258661880631653,-0.00025258661880631653,2.4272893717999997,0.11024728494003704,-0.11024728494003704,0.304430321,0.023577262938172035,-0.023577262938172035,2.1228590512,0.08787103306612395,-0.08787103306612395,-0.7751937984522238,0.7812500000026477,0.7812500000026595,-0.1686067824172146,0.7812500000026595,-0.9424935515483573,,-0.027286582322289244,-6.974747599389865,-13.240277415534463,-6.040078238496588,CH04圧力@V01横ばい終点(MPa)
032_190℃_240_0.5mm.csv,0.5,240,1.49337,0.300307174,1.502375,0.300377445,0.009005,2.366906661,1.50257,2.451174047,0.318190833,2.132983215,190,0.00900499999999993,2066529.2159999998,1943.364797334829,20.0,38867.295946696584,1.2659248700734593,23320.37756801795,0.009042999999999957,7.496665925602293e-05,-7.496665925602293e-05,1935.3043943444384,15.968139340442569,-15.968139340442569,38706.08788688877,319.3627868088533,-319.3627868088533,2108726.838,31561.368762168648,-31561.368762168648,23223.01833386605,23415.880576234176,23031.744579464892,1.2970737028094919,1.3254625104571358,1.2692929277491878,1.502505,0.00025258661880631653,-0.00025258661880631653,2.4272893717999997,0.11024728494003704,-0.11024728494003704,0.304430321,0.023577262938172035,-0.023577262938172035,2.1228590512,0.08787103306612395,-0.08787103306612395,-0.27685492801952954,0.2776235424782148,0.27762354247822657,-1.601505024581111,0.27762354247822657,-1.8739261070175983,,0.0,0.0,0.0,0.0,
033_190℃_240_0.5mm.csv,0.5,240,1.493415,0.300109336,1.502445,0.300095381,0.00903,2.40025882,1.5027,2.512324641,0.324405489,2.187919152,190,0.009030000000000094,2100163.4390000002,1937.984496124011,20.0,38759.68992248022,1.2901003982428705,23255.81395348813,0.009042999999999957,7.496665925602293e-05,-7.496665925602293e-05,1935.3043943444384,15.968139340442569,-15.968139340442569,38706.08788688877,319.3627868088533,-319.3627868088533,2108726.838,31561.368762168648,-31561.368762168648,23223.01833386605,23415.880576234176,23031.744579464892,1.2970737028094919,1.3254625104571358,1.2692929277491878,1.502505,0.00025258661880631653,-0.00025258661880631653,2.4272893717999997,0.11024728494003704,-0.11024728494003704,0.304430321,0.023577262938172035,-0.023577262938172035,2.1228590512,0.08787103306612395,-0.08787103306612395,0.0,0.0,0.0,0.0,0.0,0.0,,0.008651843175357119,2.4947471222960584,1.9531222635819883,2.5755447400461713,
034_190℃_240_0.5mm.csv,0.5,240,1.493475,0.300014343,1.502535,0.300312557,0.00906,2.442467149,1.50276,2.54243179,0.321945883,2.220485907,190,0.009059999999999846,2142154.592,1931.567328918355,20.0,38631.3465783671,1.3202667077224268,23178.807947020257,0.009042999999999957,7.496665925602293e-05,-7.496665925602293e-05,1935.3043943444384,15.968139340442569,-15.968139340442569,38706.08788688877,319.3627868088533,-319.3627868088533,2108726.838,31561.368762168648,-31561.368762168648,23223.01833386605,23415.880576234176,23031.744579464892,1.2970737028094919,1.3254625104571358,1.2692929277491878,1.502505,0.00025258661880631653,-0.00025258661880631653,2.4272893717999997,0.11024728494003704,-0.11024728494003704,0.304430321,0.023577262938172035,-0.023577262938172035,2.1228590512,0.08787103306612395,-0.08787103306612395,0.33222591361851755,-0.3311258278118486,-0.3311258278118533,1.9994231029940297,-0.33112582781185645,2.3382916182835967,,0.012645001563995988,3.7230217540729513,1.18012513578604,4.102361958811765,
035_190℃_240_0.5mm.csv,0.5,240,1.49338,0.30017759,1.50254,0.300430855,0.00916,2.438595377,1.502335,2.350305537,0.281547916,2.068757622,190,0.009160000000000057,2138164.522,1910.4803493449663,20.0,38209.60698689932,1.332352858606811,22925.76419213959,0.009042999999999957,7.496665925602293e-05,-7.496665925602293e-05,1935.3043943444384,15.968139340442569,-15.968139340442569,38706.08788688877,319.3627868088533,-319.3627868088533,2108726.838,31561.368762168648,-31561.368762168648,23223.01833386605,23415.880576234176,23031.744579464892,1.2970737028094919,1.3254625104571358,1.2692929277491878,1.502505,0.00025258661880631653,-0.00025258661880631653,2.4272893717999997,0.11024728494003704,-0.11024728494003704,0.304430321,0.023577262938172035,-0.023577262938172035,2.1228590512,0.08787103306612395,-0.08787103306612395,1.439645625691718,-1.4192139737987228,-1.4192139737987275,1.8094345561074037,-1.4192139737987308,3.275129627235892,,-0.015639870355456664,-4.115110068314123,-11.516019067714623,-3.0110688423771657,CH04圧力@V01横ばい終点(MPa)
001_210℃_020_0.5mm.csv,0.5,20,1.479935,0.300073337,1.57586,0.300018704,0.095925,13.59349601,1.822195,60.04065463,45.53325368,14.50740096,210,0.09592500000000004,13293477.306000002,182.43419338024492,20.0,3648.6838676048983,86.74672180803066,2189.210320562939,0.09654200000000004,0.00058674525988717,-0.00058674525988717,181.2736072522804,1.1005487296729335,-1.1005487296729335,3625.472145045608,22.010974593458254,-22.010974593458254,13292346.364599999,68323.02233751758,-68323.02233751758,2175.251192395352,2188.50486933785,2162.077780274266,87.29504713794717,88.20682647703137,86.39269271070239,1.8392009999999999,0.012667477254765398,-0.012667477254765398,60.769299626,0.6723631991955521,-0.6723631991955521,46.700242914,0.9256301640590873,-0.9256301640590873,14.069056712,0.29055108756028936,-0.29055108756028936,-0.4875771564914886,0.48996611936405676,0.48996611936405676,0.0,0.48996611936407763,-0.4214830137044821,,-1.341653243817595,-1.5657066050357944,-3.5203160222636227,4.067507910888275,
002_210℃_020_0.5mm.csv,0.5,20,1.48003,0.300018378,1.576425,0.300081733,0.096395,13.58473564,1.846975,61.08374367,47.19465467,13.88908899,210,0.09639500000000001,13284653.907,181.54468592769334,20.0,3630.8937185538666,87.11389206566429,2178.5362311323197,0.09654200000000004,0.00058674525988717,-0.00058674525988717,181.2736072522804,1.1005487296729335,-1.1005487296729335,3625.472145045608,22.010974593458254,-22.010974593458254,13292346.364599999,68323.02233751758,-68323.02233751758,2175.251192395352,2188.50486933785,2162.077780274266,87.29504713794717,88.20682647703137,86.39269271070239,1.8392009999999999,0.012667477254765398,-0.012667477254765398,60.769299626,0.6723631991955521,-0.6723631991955521,46.700242914,0.9256301640590873,-0.9256301640590873,14.069056712,0.29055108756028936,-0.29055108756028936,0.0,0.0,0.0,-0.0663738974904605,0.0,0.0,,0.0,0.1443968778987214,0.0,-0.36789619814463437,
003_210℃_020_0.5mm.csv,0.5,20,1.48027,0.300144928,1.57635,0.300026456,0.09608,13.49547232,1.848295,60.99566783,47.2014304,13.79423743,210,0.09607999999999994,13195445.864,182.13988343047473,20.0,3642.7976686094944,86.24615228660674,2185.6786011656964,0.09654200000000004,0.00058674525988717,-0.00058674525988717,181.2736072522804,1.1005487296729335,-1.1005487296729335,3625.472145045608,22.010974593458254,-22.010974593458254,13292346.364599999,68323.02233751758,-68323.02233751758,2175.251192395352,2188.50486933785,2162.077780274266,87.29504713794717,88.20682647703137,86.39269271070239,1.8392009999999999,0.012667477254765398,-0.012667477254765398,60.769299626,0.6723631991955521,-0.6723631991955521,46.700242914,0.9256301640590873,-0.9256301640590873,14.069056712,0.29055108756028936,-0.29055108756028936,-0.32678043466991563,0.32785179017492555,0.32785179017492555,-0.7374401726759277,0.3278517901749256,-0.9960980487514706,,0.07146821153507696,0.0,0.014356986076874903,-1.0483051492638809,
004_210℃_020_0.5mm.csv,0.5,20,1.48006,0.300078949,1.577285,0.300170222,0.097225,13.68823502,1.829035,60.11836455,45.90418347,14.21418108,210,0.09722500000000012,13388064.798,179.9948572897915,20.0,3599.89714579583,88.54793197180624,2159.938287477498,0.09654200000000004,0.00058674525988717,-0.00058674525988717,181.2736072522804,1.1005487296729335,-1.1005487296729335,3625.472145045608,22.010974593458254,-22.010974593458254,13292346.364599999,68323.02233751758,-68323.02233751758,2175.251192395352,2188.50486933785,2162.077780274266,87.29504713794717,88.20682647703137,86.39269271070239,1.8392009999999999,0.012667477254765398,-0.012667477254765398,60.769299626,0.6723631991955521,-0.6723631991955521,46.700242914,0.9256301640590873,-0.9256301640590873,14.069056712,0.29055108756028936,-0.29055108756028936,0.8610405104000294,-0.853689894574559,-0.8536898945745528,0.711533106219745,-0.8536898945745487,1.64616672741588,,-0.9713179658631041,-1.4383042455492359,-2.734358814622934,1.9641220414506548,
005_210℃_020_0.5mm.csv,0.5,20,1.4802,0.300110277,1.577285,0.300060262,0.097085,13.60015021,1.849505,61.60806745,47.66769235,13.9403751,210,0.09708500000000009,13300089.948,180.25441623319756,20.0,3605.0883246639514,87.83940357833885,2163.052994798371,0.09654200000000004,0.00058674525988717,-0.00058674525988717,181.2736072522804,1.1005487296729335,-1.1005487296729335,3625.472145045608,22.010974593458254,-22.010974593458254,13292346.364599999,68323.02233751758,-68323.02233751758,2175.251192395352,2188.50486933785,2162.077780274266,87.29504713794717,88.20682647703137,86.39269271070239,1.8392009999999999,0.012667477254765398,-0.012667477254765398,60.769299626,0.6723631991955521,-0.6723631991955521,46.700242914,0.9256301640590873,-0.9256301640590873,14.069056712,0.29055108756028936,-0.29055108756028936,0.7158047616578447,-0.7107174125766881,-0.7107174125766786,0.04974350839726826,-0.7107174125766621,0.8328310163523465,,0.1369807387755612,1.0040051068984222,1.0023119849220934,0.0,
006_210℃_040_0.5mm.csv,0.5,40,1.487495,0.300209803,1.53315,0.300012997,0.045655,9.911528502,1.67799,52.52109376,39.58789962,12.93319413,210,0.045655,9611515.504999999,383.30960464352205,20.0,7666.192092870441,29.85127485583503,4599.715255722264,0.045691000000000016,0.00024988497353785436,-0.00024988497353785436,383.0168032370188,2.1047667006909467,-2.1047667006909467,7660.336064740377,42.09533401381932,-42.09533401381932,9644908.601799998,100703.14755654855,-100703.14755654855,4596.146297983804,4621.412147908725,4571.018579684456,29.976937492239003,30.453322444093672,29.508004686952912,1.6735579999999999,0.0047208759780363015,-0.0047208759780363015,50.861251948,1.5745005508318917,-1.5745005508318917,38.014412008,1.470754784776293,-1.470754784776293,12.84683994,0.28246738025243595,-0.28246738025243595,-0.20765027322394822,0.2080823568063871,0.20808235680639303,-0.12172412854854263,0.20808235680637716,-0.3291216412869787,,0.20961731403182624,3.176880067763499,3.3679630265050102,1.5074327597953014,
007_210℃_040_0.5mm.csv,0.5,40,1.487555,0.300103177,1.53342,0.300109643,0.045865,10.03918334,1.67063,51.71984254,38.4345523,13.28529024,210,0.045865000000000045,9739073.696999999,381.5545623024089,20.0,7631.091246048178,30.386572456660225,4578.654747628907,0.045691000000000016,0.00024988497353785436,-0.00024988497353785436,383.0168032370188,2.1047667006909467,-2.1047667006909467,7660.336064740377,42.09533401381932,-42.09533401381932,9644908.601799998,100703.14755654855,-100703.14755654855,4596.146297983804,4621.412147908725,4571.018579684456,29.976937492239003,30.453322444093672,29.508004686952912,1.6735579999999999,0.0047208759780363015,-0.0047208759780363015,50.861251948,1.5745005508318917,-1.5745005508318917,38.014412008,1.470754784776293,-1.470754784776293,12.84683994,0.28246738025243595,-0.28246738025243595,0.2513661202187702,-0.2507358552274797,-0.2507358552274797,1.203799643806809,-0.2507358552274797,1.4581917084854172,,-0.2299221250776306,1.6028343822745428,0.3564578879437134,4.270893344362469,
008_210℃_040_0.5mm.csv,0.5,40,1.487615,0.300068801,1.53352,0.300057974,0.045905,10.04655697,1.67448,50.90393674,38.16549865,12.73843809,210,0.045905000000000085,9746498.996,381.22208909704756,20.0,7624.441781940951,30.43626098036604,4574.665069164571,0.045691000000000016,0.00024988497353785436,-0.00024988497353785436,383.0168032370188,2.1047667006909467,-2.1047667006909467,7660.336064740377,42.09533401381932,-42.09533401381932,9644908.601799998,100703.14755654855,-100703.14755654855,4596.146297983804,4621.412147908725,4571.018579684456,29.976937492239003,30.453322444093672,29.508004686952912,1.6735579999999999,0.0047208759780363015,-0.0047208759780363015,50.861251948,1.5745005508318917,-1.5745005508318917,38.014412008,1.470754784776293,-1.470754784776293,12.84683994,0.28246738025243595,-0.28246738025243595,0.33879781420792876,-0.3376538503433725,-0.3376538503433725,1.2809598025314421,-0.3376538503433725,1.6240974805512356,,0.0,0.0,-0.34606808621267593,-0.0211289733814332,
009_210℃_040_0.5mm.csv,0.5,40,1.487655,0.300157934,1.532935,0.300241949,0.04528,9.804467463,1.67769,50.83418301,38.29803593,12.53614708,210,0.04527999999999999,9504225.514,386.4840989399294,20.0,7729.681978798589,29.275600766933323,4637.809187279154,0.045691000000000016,0.00024988497353785436,-0.00024988497353785436,383.0168032370188,2.1047667006909467,-2.1047667006909467,7660.336064740377,42.09533401381932,-42.09533401381932,9644908.601799998,100703.14755654855,-100703.14755654855,4596.146297983804,4621.412147908725,4571.018579684456,29.976937492239003,30.453322444093672,29.508004686952912,1.6735579999999999,0.0047208759780363015,-0.0047208759780363015,50.861251948,1.5745005508318917,-1.5745005508318917,38.014412008,1.470754784776293,-1.470754784776293,12.84683994,0.28246738025243595,-0.28246738025243595,-1.0273224043715212,1.0379858657243142,1.0379858657243202,-1.236630442102203,1.0379858657243242,-2.251248664882733,,0.19170130428550566,-0.13703012864462824,0.0,-1.6088296518901715,
010_210℃_040_0.5mm.csv,0.5,40,1.48747,0.300041352,1.53322,0.30016363,0.04575,9.923392927,1.667,48.32720369,35.58607354,12.74113016,210,0.04574999999999996,9623229.297,382.51366120218614,20.0,7650.273224043723,29.949846281479562,4590.163934426234,0.045691000000000016,0.00024988497353785436,-0.00024988497353785436,383.0168032370188,2.1047667006909467,-2.1047667006909467,7660.336064740377,42.09533401381932,-42.09533401381932,9644908.601799998,100703.14755654855,-100703.14755654855,4596.146297983804,4621.412147908725,4571.018579684456,29.976937492239003,30.453322444093672,29.508004686952912,1.6735579999999999,0.0047208759780363015,-0.0047208759780363015,50.861251948,1.5745005508318917,-1.5745005508318917,38.014412008,1.470754784776293,-1.470754784776293,12.84683994,0.28246738025243595,-0.28246738025243595,0.0,0.0,0.0,0.0,0.0,0.0,,-0.44670584300797445,-5.061952404901565,-7.081204882038442,0.0,
011_210℃_080_0.5mm.csv,0.5,80,1.491045,0.300044982,1.51251,0.300162091,0.021465,6.121825241,1.571395,41.7656459,28.26700851,13.49863739,210,0.021465000000000067,5821663.15,815.2806894945234,20.0,16305.613789890467,8.500816293520435,9783.36827393428,0.02152799999999999,0.00021990338787753047,-0.00021990338787753047,812.9622999449323,8.256166888222637,-8.256166888222637,16259.245998898647,165.12333776445217,-165.12333776445217,5824435.5501999995,77048.03583424453,-77048.03583424453,9755.143582081419,9855.009513945046,9656.289643593636,8.528875796263158,8.725577695506699,8.336608175014295,1.571728,0.0007489459259519392,-0.0007489459259519392,42.620769658,0.6485649753905667,-0.6485649753905667,29.019665163999996,0.5152207317628015,-0.5152207317628015,13.601104496,0.19139077750027642,-0.19139077750027642,0.0,0.0,0.0,0.0,0.0,-0.10836651836086583,,-0.029264785874009047,-1.751417634606036,-2.8987562667258375,-0.055082686520164244,
012_210℃_080_0.5mm.csv,0.5,80,1.49089,0.30013134,1.51248,0.30035278,0.02159,6.103209482,1.572675,42.51017663,29.11086143,13.3993152,210,0.021589999999999998,5802856.702,810.5604446503012,20.0,16211.208893006024,8.522699060964623,9726.725335803614,0.02152799999999999,0.00021990338787753047,-0.00021990338787753047,812.9622999449323,8.256166888222637,-8.256166888222637,16259.245998898647,165.12333776445217,-165.12333776445217,5824435.5501999995,77048.03583424453,-77048.03583424453,9755.143582081419,9855.009513945046,9656.289643593636,8.528875796263158,8.725577695506699,8.336608175014295,1.571728,0.0007489459259519392,-0.0007489459259519392,42.620769658,0.6485649753905667,-0.6485649753905667,29.019665163999996,0.5152207317628015,-0.5152207317628015,13.601104496,0.19139077750027642,-0.19139077750027642,0.5823433496386226,-0.5789717461784537,-0.5789717461784537,-0.3230425312395615,-0.5789717461784537,0.148774126681061,,0.05216766177542095,0.0,0.0,-0.7904715839430757,
013_210℃_080_0.5mm.csv,0.5,80,1.49106,0.300294805,1.51249,0.300107723,0.02143,6.137604848,1.571855,42.30642741,28.80035052,13.5060769,210,0.021429999999999838,5837497.125,816.612225851616,20.0,16332.24451703232,8.510038325765242,9799.346710219394,0.02152799999999999,0.00021990338787753047,-0.00021990338787753047,812.9622999449323,8.256166888222637,-8.256166888222637,16259.245998898647,165.12333776445217,-165.12333776445217,5824435.5501999995,77048.03583424453,-77048.03583424453,9755.143582081419,9855.009513945046,9656.289643593636,8.528875796263158,8.725577695506699,8.336608175014295,1.571728,0.0007489459259519392,-0.0007489459259519392,42.620769658,0.6485649753905667,-0.6485649753905667,29.019665163999996,0.5152207317628015,-0.5152207317628015,13.601104496,0.19139077750027642,-0.19139077750027642,-0.1630561378999729,0.1633224451713944,0.16332244517139718,0.271983702801486,0.16332244517140837,0.0,,0.0,-0.47929516212880263,-1.066649679009521,0.0,
014_210℃_080_0.5mm.csv,0.5,80,1.490995,0.300131185,1.51228,0.300202374,0.021285,6.022956312,1.57067,43.1583491,29.30033485,13.85801425,210,0.021285,5722753.937999999,822.175240779892,20.0,16443.50481559784,8.28631412043061,9866.102889358703,0.02152799999999999,0.00021990338787753047,-0.00021990338787753047,812.9622999449323,8.256166888222637,-8.256166888222637,16259.245998898647,165.12333776445217,-165.12333776445217,5824435.5501999995,77048.03583424453,-77048.03583424453,9755.143582081419,9855.009513945046,9656.289643593636,8.528875796263158,8.725577695506699,8.336608175014295,1.571728,0.0007489459259519392,-0.0007489459259519392,42.620769658,0.6485649753905667,-0.6485649753905667,29.019665163999996,0.5152207317628015,-0.5152207317628015,13.601104496,0.19139077750027642,-0.19139077750027642,-0.8385744234804026,0.8456659619453579,0.8456659619453635,-1.6989854866474234,0.8456659619453485,-2.628944744670277,,-0.0753886331754514,1.5247465933664972,0.6508684755193752,2.6057703699288135,
015_210℃_080_0.5mm.csv,0.5,80,1.490845,0.300143495,1.512715,0.30009226,0.02187,6.237499096,1.572045,43.36324925,29.61977051,13.74347874,210,0.021870000000000056,5937406.835999999,800.182898948329,20.0,16003.657978966581,8.83340731315104,9602.194787379947,0.02152799999999999,0.00021990338787753047,-0.00021990338787753047,812.9622999449323,8.256166888222637,-8.256166888222637,16259.245998898647,165.12333776445217,-165.12333776445217,5824435.5501999995,77048.03583424453,-77048.03583424453,9755.143582081419,9855.009513945046,9656.289643593636,8.528875796263158,8.725577695506699,8.336608175014295,1.571728,0.0007489459259519392,-0.0007489459259519392,42.620769658,0.6485649753905667,-0.6485649753905667,29.019665163999996,0.5152207317628015,-0.5152207317628015,13.601104496,0.19139077750027642,-0.19139077750027642,1.88679245283013,-1.8518518518517868,-1.8518518518517812,1.988154982824776,-1.8518518518517961,3.799853478999699,,0.012087628947957188,2.0067491777909514,1.7481759556436414,1.7577409173495853,
016_210℃_120_0.5mm.csv,0.5,120,1.49217,0.300259399,1.50629,0.300263586,0.01412,3.857518604,1.53476,28.77082787,14.91192185,13.85890602,210,0.01411999999999991,3557255.018,1239.3767705382515,20.0,24787.53541076503,3.4169007383782093,14872.521246459019,0.014182000000000005,0.00011071359446797637,-0.00011071359446797637,1234.0185425044176,9.607795006881547,-9.607795006881547,24680.370850088348,192.15590013763008,-192.15590013763008,3601807.9622,53348.13294838831,-53348.13294838831,14807.862805543118,14923.76076593691,14692.864908976006,3.4744988293658827,3.551244463765692,3.3994117381780447,1.533007,0.0036801436792603752,-0.0036801436792603752,26.92402714,3.6447460965880625,-3.6447460965880625,13.339729947199999,3.100321802483734,-3.100321802483734,13.584297193999998,0.5520076830909938,-0.5520076830909938,0.0,0.0,0.0,-0.98699688036457,0.0,-0.7761814017566032,,0.0,0.0,0.0,0.0,
017_210℃_120_0.5mm.csv,0.5,120,1.492255,0.300029377,1.506345,0.300251898,0.01409,3.892966901,1.526895,20.89006285,8.265909716,12.62415314,210,0.014089999999999936,3592715.003,1242.0156139105804,20.0,24840.312278211608,3.4436295504945424,14904.187366926964,0.014182000000000005,0.00011071359446797637,-0.00011071359446797637,1234.0185425044176,9.607795006881547,-9.607795006881547,24680.370850088348,192.15590013763008,-192.15590013763008,3601807.9622,53348.13294838831,-53348.13294838831,14807.862805543118,14923.76076593691,14692.864908976006,3.4744988293658827,3.551244463765692,3.3994117381780447,1.533007,0.0036801436792603752,-0.0036801436792603752,26.92402714,3.6447460965880625,-3.6447460965880625,13.339729947199999,3.100321802483734,-3.100321802483734,13.584297193999998,0.5520076830909938,-0.5520076830909938,-0.21246458923494818,0.2129169623844784,0.21291696238447477,0.0,0.2129169623844723,0.0,,-0.5124579738851684,-27.39151287411321,-44.56844798982098,-8.909454167725126,CH03圧力@V01横ばい終点(MPa)・CH04圧力@V01横ばい終点(MPa)
018_210℃_120_0.5mm.csv,0.5,120,1.492175,0.300010024,1.50627,0.300198375,0.014095,3.850655672,1.535475,29.42411563,15.50479485,13.91932078,210,0.014094999999999969,3550457.297,1241.5750266051818,20.0,24831.500532103637,3.404333034096251,14898.90031926218,0.014182000000000005,0.00011071359446797637,-0.00011071359446797637,1234.0185425044176,9.607795006881547,-9.607795006881547,24680.370850088348,192.15590013763008,-192.15590013763008,3601807.9622,53348.13294838831,-53348.13294838831,14807.862805543118,14923.76076593691,14692.864908976006,3.4744988293658827,3.551244463765692,3.3994117381780447,1.533007,0.0036801436792603752,-0.0036801436792603752,26.92402714,3.6447460965880625,-3.6447460965880625,13.339729947199999,3.100321802483734,-3.100321802483734,13.584297193999998,0.5520076830909938,-0.5520076830909938,-0.17705382436219472,0.17736786094317494,0.17736786094317494,-1.1762053478974557,0.17736786094316273,-1.1411365776161393,,0.04658708853501663,2.270660277666865,3.9758322633644907,0.43592733735848266,
019_210℃_120_0.5mm.csv,0.5,120,1.492135,0.300331108,1.506445,0.300223346,0.01431,3.930369544,1.535665,29.44740765,15.53310757,13.91430008,210,0.014310000000000045,3630146.198,1222.921034241785,20.0,24458.4206848357,3.5338361968285823,14675.052410901419,0.014182000000000005,0.00011071359446797637,-0.00011071359446797637,1234.0185425044176,9.607795006881547,-9.607795006881547,24680.370850088348,192.15590013763008,-192.15590013763008,3601807.9622,53348.13294838831,-53348.13294838831,14807.862805543118,14923.76076593691,14692.864908976006,3.4744988293658827,3.551244463765692,3.3994117381780447,1.533007,0.0036801436792603752,-0.0036801436792603752,26.92402714,3.6447460965880625,-3.6447460965880625,13.339729947199999,3.100321802483734,-3.100321802483734,13.584297193999998,0.5520076830909938,-0.5520076830909938,1.3456090651567685,-1.3277428371777467,-1.327742837177754,1.0418637428447266,-1.3277428371777589,2.619522367645068,,0.0589668742995749,2.3516173502448376,4.165698601753333,0.3997000911909,
020_210℃_120_0.5mm.csv,0.5,120,1.492225,0.300067813,1.50652,0.300125373,0.014295,3.978591668,1.53224,26.0877217,12.48291575,13.60480595,210,0.014295000000000169,3678466.295,1224.2042672262885,20.0,24484.08534452577,3.577120795035756,14690.451206715463,0.014182000000000005,0.00011071359446797637,-0.00011071359446797637,1234.0185425044176,9.607795006881547,-9.607795006881547,24680.370850088348,192.15590013763008,-192.15590013763008,3601807.9622,53348.13294838831,-53348.13294838831,14807.862805543118,14923.76076593691,14692.864908976006,3.4744988293658827,3.551244463765692,3.3994117381780447,1.533007,0.0036801436792603752,-0.0036801436792603752,26.92402714,3.6447460965880625,-3.6447460965880625,13.339729947199999,3.100321802483734,-3.100321802483734,13.584297193999998,0.5520076830909938,-0.5520076830909938,1.2393767705400807,-1.224204267228097,-1.2242042672280933,2.3868103072020905,-1.2242042672280908,3.876469364192875,,-0.16419505329822617,-9.32578715539061,-16.28902112305531,-1.8334785561955909,CH04圧力@V01横ばい終点(MPa)
021_210℃_160_0.5mm.csv,0.5,160,1.49285,0.30011942,1.503915,0.300352311,0.011065,2.960787756,1.518515,15.15274449,5.262034081,9.890710404,210,0.01106499999999988,2660435.4450000003,1581.5634884771973,20.0,31631.269769543946,2.0025658638724275,18978.76186172637,0.010991999999999936,0.0001183532847030165,-0.0001183532847030165,1592.215731464769,17.27217762780054,-17.27217762780054,31844.314629295382,345.44355255600874,-345.44355255600874,2643943.8970000003,45601.069474136,-45601.069474136,19105.69389372533,19313.300021794483,18900.319404183163,1.9766950343996985,2.0318183851259555,1.9230671833783044,1.5182870000000002,0.0007038163823043208,-0.0007038163823043208,14.928782545999999,0.795355895633499,-0.795355895633499,5.1399692712,0.4720402347617736,-0.4720402347617736,9.788813271399999,0.3234492927029284,-0.3234492927029284,0.4083484573509396,-0.4066877541805127,-0.40668775418051556,0.0,-0.4066877541805079,0.31895702606055304,,0.02206589468969254,2.1332591762236413,3.429718372872891,1.4566773064160992,
022_210℃_160_0.5mm.csv,0.5,160,1.492895,0.300294208,1.503915,0.300082527,0.01102,2.962888612,1.517945,14.5366406,4.903816986,9.632823614,210,0.011019999999999808,2662806.085,1588.0217785844197,20.0,31760.435571688395,1.996198847394523,19056.261343013037,0.010991999999999936,0.0001183532847030165,-0.0001183532847030165,1592.215731464769,17.27217762780054,-17.27217762780054,31844.314629295382,345.44355255600874,-345.44355255600874,2643943.8970000003,45601.069474136,-45601.069474136,19105.69389372533,19313.300021794483,18900.319404183163,1.9766950343996985,2.0318183851259555,1.9230671833783044,1.5182870000000002,0.0007038163823043208,-0.0007038163823043208,14.928782545999999,0.795355895633499,-0.795355895633499,5.1399692712,0.4720402347617736,-0.4720402347617736,9.788813271399999,0.3234492927029284,-0.3234492927029284,0.0,0.0,0.0,0.08910721755925427,0.0,0.0,,-0.015479060453963642,-2.0194339757249375,-3.611340784455419,-1.1886672407294907,
023_210℃_160_0.5mm.csv,0.5,160,1.492885,0.300198736,1.503995,0.300120098,0.01111,3.001385605,1.517455,13.99052313,4.589186603,9.401336523,210,0.011109999999999953,2701265.507,1575.1575157515817,20.0,31503.150315031635,2.0415686927054337,18901.89018901898,0.010991999999999936,0.0001183532847030165,-0.0001183532847030165,1592.215731464769,17.27217762780054,-17.27217762780054,31844.314629295382,345.44355255600874,-345.44355255600874,2643943.8970000003,45601.069474136,-45601.069474136,19105.69389372533,19313.300021794483,18900.319404183163,1.9766950343996985,2.0318183851259555,1.9230671833783044,1.5182870000000002,0.0007038163823043208,-0.0007038163823043208,14.928782545999999,0.795355895633499,-0.795355895633499,5.1399692712,0.4720402347617736,-0.4720402347617736,9.788813271399999,0.3234492927029284,-0.3234492927029284,0.8166969147018792,-0.8100810081021269,-0.8100810081021269,1.5347135025108611,-0.8100810081021269,2.272811918017507,,-0.04775454820904548,-5.70040128438531,-9.79566635215581,-3.563209627764684,
024_210℃_160_0.5mm.csv,0.5,160,1.49284,0.300150712,1.5038,0.300247813,0.01096,2.90526855,1.51934,16.12775566,5.857263091,10.27049256,210,0.01096000000000008,2605020.737,1596.7153284671415,20.0,31934.30656934283,1.9422467535728036,19160.5839416057,0.010991999999999936,0.0001183532847030165,-0.0001183532847030165,1592.215731464769,17.27217762780054,-17.27217762780054,31844.314629295382,345.44355255600874,-345.44355255600874,2643943.8970000003,45601.069474136,-45601.069474136,19105.69389372533,19313.300021794483,18900.319404183163,1.9766950343996985,2.0318183851259555,1.9230671833783044,1.5182870000000002,0.0007038163823043208,-0.0007038163823043208,14.928782545999999,0.795355895633499,-0.795355895633499,5.1399692712,0.4720402347617736,-0.4720402347617736,9.788813271399999,0.3234492927029284,-0.3234492927029284,-0.5444646097978946,0.5474452554719547,0.5474452554719518,-2.082918723103995,0.5474452554719594,-2.702741457452427,,0.07640727713445229,8.705076485691313,15.129446638404037,5.352397034742592,CH04圧力@V01横ばい終点(MPa)
025_210℃_160_0.5mm.csv,0.5,160,1.492945,0.300024952,1.50375,0.300283155,0.010805,2.890474866,1.51818,14.83624885,5.087545595,9.748703256,210,0.010804999999999954,2590191.711,1619.6205460435053,20.0,32392.410920870105,1.9038790093438696,19435.446552522062,0.010991999999999936,0.0001183532847030165,-0.0001183532847030165,1592.215731464769,17.27217762780054,-17.27217762780054,31844.314629295382,345.44355255600874,-345.44355255600874,2643943.8970000003,45601.069474136,-45601.069474136,19105.69389372533,19313.300021794483,18900.319404183163,1.9766950343996985,2.0318183851259555,1.9230671833783044,1.5182870000000002,0.0007038163823043208,-0.0007038163823043208,14.928782545999999,0.795355895633499,-0.795355895633499,5.1399692712,0.4720402347617736,-0.4720402347617736,9.788813271399999,0.3234492927029284,-0.3234492927029284,-1.9509981851166782,1.9898195279949553,1.9898195279949495,-2.640309658030442,1.9898195279949455,-4.6247816529476005,,0.0,0.0,0.0,0.0,
026_210℃_200_0.5mm.csv,0.5,200,1.49326,0.300004448,1.502485,0.300465809,0.009225,2.402044848,1.509475,6.826508004,1.668997378,5.157510625,210,0.009225000000000039,2101579.0390000003,1897.0189701896938,20.0,37940.37940379388,1.318848070392863,22764.227642276328,0.009206000000000002,0.00012381437719422413,-0.00012381437719422413,1901.211569060518,25.782844837863873,-25.782844837863873,38024.23138121036,515.6568967572773,-515.6568967572773,2104867.889,61399.89887680035,-61399.89887680035,22812.86979457363,23123.056826760054,22506.843803708754,1.3176402664752596,1.3751556268047653,1.2625304641854056,1.509807,0.0005356024645199988,-0.0005356024645199988,7.131415370400001,0.4752409571610539,-0.4752409571610539,1.7921259956,0.20299108591696247,-0.20299108591696247,5.3392893744,0.27277950791808586,-0.27277950791808586,0.0,0.0,0.0,-0.284063861516168,0.0,0.0,,-0.02980280477507568,-5.676674277625523,-8.295845268005877,-4.796756487276178,
027_210℃_200_0.5mm.csv,0.5,200,1.49327,0.300251921,1.502575,0.300248822,0.009305,2.44168119,1.509125,6.532684659,1.540637254,4.992047405,210,0.009304999999999897,2141432.3680000002,1880.7092960773987,20.0,37614.18592154797,1.355512121376856,22568.511552928783,0.009206000000000002,0.00012381437719422413,-0.00012381437719422413,1901.211569060518,25.782844837863873,-25.782844837863873,38024.23138121036,515.6568967572773,-515.6568967572773,2104867.889,61399.89887680035,-61399.89887680035,22812.86979457363,23123.056826760054,22506.843803708754,1.3176402664752596,1.3751556268047653,1.2625304641854056,1.509807,0.0005356024645199988,-0.0005356024645199988,7.131415370400001,0.4752409571610539,-0.4752409571610539,1.7921259956,0.20299108591696247,-0.20299108591696247,5.3392893744,0.27277950791808586,-0.27277950791808586,0.8672086720851775,-0.8597528210624203,-0.8597528210624323,1.6069009490963995,-0.8597528210624323,2.7800056585040496,,-0.052982764044565915,-9.73649447545336,-15.34867640355842,-7.85106628349872,CH04圧力@V01横ばい終点(MPa)
028_210℃_200_0.5mm.csv,0.5,200,1.49324,0.300110452,1.502255,0.300059527,0.009015,2.306077506,1.510535,7.777836524,2.078459056,5.699377468,210,0.009014999999999995,2006017.9789999996,1941.2090959511934,20.0,38824.18191902387,1.2302212299785704,23294.50915141432,0.009206000000000002,0.00012381437719422413,-0.00012381437719422413,1901.211569060518,25.782844837863873,-25.782844837863873,38024.23138121036,515.6568967572773,-515.6568967572773,2104867.889,61399.89887680035,-61399.89887680035,22812.86979457363,23123.056826760054,22506.843803708754,1.3176402664752596,1.3751556268047653,1.2625304641854056,1.509807,0.0005356024645199988,-0.0005356024645199988,7.131415370400001,0.4752409571610539,-0.4752409571610539,1.7921259956,0.20299108591696247,-0.20299108591696247,5.3392893744,0.27277950791808586,-0.27277950791808586,-2.276422764228104,2.3294509151419134,2.3294509151419085,-4.818254762477993,2.3294509151419054,-6.720018962297303,,0.040399357583985926,7.468035991279981,14.202294975407934,5.205642878716386,CH04圧力@V01横ばい終点(MPa)
029_210℃_200_0.5mm.csv,0.5,200,1.493325,0.300158059,1.50249,0.300012184,0.009165,2.407578056,1.509975,7.282698948,1.852556178,5.430142769,210,0.00916500000000009,2107565.8720000004,1909.438079650827,20.0,38188.76159301654,1.314002803869401,22913.256955809928,0.009206000000000002,0.00012381437719422413,-0.00012381437719422413,1901.211569060518,25.782844837863873,-25.782844837863873,38024.23138121036,515.6568967572773,-515.6568967572773,2104867.889,61399.89887680035,-61399.89887680035,22812.86979457363,23123.056826760054,22506.843803708754,1.3176402664752596,1.3751556268047653,1.2625304641854056,1.509807,0.0005356024645199988,-0.0005356024645199988,7.131415370400001,0.4752409571610539,-0.4752409571610539,1.7921259956,0.20299108591696247,-0.20299108591696247,5.3392893744,0.27277950791808586,-0.27277950791808586,-0.650406504064485,0.6546644844511607,0.654664484451163,0.0,0.6546644844511725,-0.36738625412847065,,0.0033114227527927228,0.6266138716444063,1.7899132954920909,0.23580016298336495,
030_210℃_200_0.5mm.csv,0.5,200,1.49331,0.300411708,1.50263,0.300426318,0.00932,2.468170505,1.509925,7.237348717,1.819980112,5.417368605,210,0.009319999999999995,2167744.187,1877.6824034334775,20.0,37553.64806866955,1.3743793076761894,22532.188841201732,0.009206000000000002,0.00012381437719422413,-0.00012381437719422413,1901.211569060518,25.782844837863873,-25.782844837863873,38024.23138121036,515.6568967572773,-515.6568967572773,2104867.889,61399.89887680035,-61399.89887680035,22812.86979457363,23123.056826760054,22506.843803708754,1.3176402664752596,1.3751556268047653,1.2625304641854056,1.509807,0.0005356024645199988,-0.0005356024645199988,7.131415370400001,0.4752409571610539,-0.4752409571610539,1.7921259956,0.20299108591696247,-0.20299108591696247,5.3392893744,0.27277950791808586,-0.27277950791808586,1.0298102981025021,-1.019313304720553,-1.0193133047205554,2.8553468149914827,-1.019313304720549,4.210586384433554,,0.0,0.0,0.0,0.0,
031_210℃_240_0.5mm.csv,0.5,240,1.49341,0.300259034,1.50204,0.300100699,0.00863,2.234555449,1.50459,3.474700109,0.626761163,2.847938946,210,0.008630000000000138,1934454.75,2027.809965237511,20.0,40556.19930475022,1.1356696933673653,24333.71958285013,0.008387000000000056,0.0002973129664176013,-0.0002973129664176013,2088.7306314972984,76.47033800078523,-76.47033800078523,41774.61262994597,1529.4067600157043,-1529.4067600157043,1839732.3776,97436.21156025374,-97436.21156025374,25051.61580422138,25970.706319398243,24165.05145004681,1.0479019523620487,1.14645483626746,0.9578209860750371,1.505105,0.0006776245273011068,-0.0006776245273011068,3.7904500052000003,0.4176164392833898,-0.4176164392833898,0.7482002734,0.14664466905045037,-0.14664466905045037,3.0422497316,0.273041172155663,-0.273041172155663,1.5891701000587874,-1.5643105446117516,-1.5643105446117582,2.9465474233900637,-1.5643105446117553,4.582543174085451,,-0.025913965634087523,-6.134247233563322,-11.698283173711497,-4.814277407253058,CH04圧力@V01横ばい終点(MPa)
032_210℃_240_0.5mm.csv,0.5,240,1.4934,0.30039998,1.50172,0.300330081,0.00832,2.104038932,1.50437,3.348095768,0.615351915,2.732743853,210,0.008319999999999883,1803708.8509999998,2103.3653846154143,20.0,42067.307692308284,1.0208746694095094,25240.38461538497,0.008387000000000056,0.0002973129664176013,-0.0002973129664176013,2088.7306314972984,76.47033800078523,-76.47033800078523,41774.61262994597,1529.4067600157043,-1529.4067600157043,1839732.3776,97436.21156025374,-97436.21156025374,25051.61580422138,25970.706319398243,24165.05145004681,1.0479019523620487,1.14645483626746,0.9578209860750371,1.505105,0.0006776245273011068,-0.0006776245273011068,3.7904500052000003,0.4176164392833898,-0.4176164392833898,0.7482002734,0.14664466905045037,-0.14664466905045037,3.0422497316,0.273041172155663,-0.273041172155663,-2.0600353148941184,2.103365384618528,2.1033653846185234,-4.011402299557599,2.1033653846185203,-5.988801310458341,,-0.040532100094353374,-9.554344335089517,-13.305683640700702,-8.664404946589602,CH04圧力@V01横ばい終点(MPa)
033_210℃_240_0.5mm.csv,0.5,240,1.493355,0.300296683,1.501945,0.30023896,0.00859,2.194262983,1.505605,4.079937464,0.826308086,3.253629378,210,0.008590000000000098,1894024.0229999998,2037.2526193247731,20.0,40745.05238649546,1.1067800243245023,24447.031431897274,0.008387000000000056,0.0002973129664176013,-0.0002973129664176013,2088.7306314972984,76.47033800078523,-76.47033800078523,41774.61262994597,1529.4067600157043,-1529.4067600157043,1839732.3776,97436.21156025374,-97436.21156025374,25051.61580422138,25970.706319398243,24165.05145004681,1.0479019523620487,1.14645483626746,0.9578209860750371,1.505105,0.0006776245273011068,-0.0006776245273011068,3.7904500052000003,0.4176164392833898,-0.4176164392833898,0.7482002734,0.14664466905045037,-0.14664466905045037,3.0422497316,0.273041172155663,-0.273041172155663,1.11830488522607,-1.1059371362043637,-1.1059371362043726,0.7949314424695191,-1.1059371362043786,1.9221260848509323,,0.041528791080286634,10.215670211770403,16.415034830810757,8.744979884101681,CH03圧力@V01横ばい終点(MPa)・CH04圧力@V01横ばい終点(MPa)
034_210℃_240_0.5mm.csv,0.5,240,1.493505,0.300143633,1.501405,0.300152896,0.0079,1.987540587,1.50598,4.347740471,0.962785212,3.384955259,210,0.007900000000000018,1687387.691,2215.1898734177166,20.0,44303.79746835433,0.9068273985646279,26582.278481012596,0.008387000000000056,0.0002973129664176013,-0.0002973129664176013,2088.7306314972984,76.47033800078523,-76.47033800078523,41774.61262994597,1529.4067600157043,-1529.4067600157043,1839732.3776,97436.21156025374,-97436.21156025374,25051.61580422138,25970.706319398243,24165.05145004681,1.0479019523620487,1.14645483626746,0.9578209860750371,1.505105,0.0006776245273011068,-0.0006776245273011068,3.7904500052000003,0.4176164392833898,-0.4176164392833898,0.7482002734,0.14664466905045037,-0.14664466905045037,3.0422497316,0.273041172155663,-0.273041172155663,-7.004120070631116,7.531645569621808,7.531645569621799,-10.201705698633596,7.531645569621793,-16.491286052880003,圧力差・樹脂粘度,0.06644606572845566,17.45011636729912,35.6427171518318,13.134241422053941,CH03圧力@V01横ばい終点(MPa)・CH04圧力@V01横ばい終点(MPa)・先行列-後発列圧力差@V01横ばい終点(MPa)
035_210℃_240_0.5mm.csv,0.5,240,1.49341,0.300286993,1.501905,0.300151172,0.008495,2.179237745,1.50498,3.701776214,0.709794991,2.991981222,210,0.008495000000000141,1879086.5729999999,2060.035314891078,20.0,41200.70629782156,1.0859075127643036,24720.423778692937,0.008387000000000056,0.0002973129664176013,-0.0002973129664176013,2088.7306314972984,76.47033800078523,-76.47033800078523,41774.61262994597,1529.4067600157043,-1529.4067600157043,1839732.3776,97436.21156025374,-97436.21156025374,25051.61580422138,25970.706319398243,24165.05145004681,1.0479019523620487,1.14645483626746,0.9578209860750371,1.505105,0.0006776245273011068,-0.0006776245273011068,3.7904500052000003,0.4176164392833898,-0.4176164392833898,0.7482002734,0.14664466905045037,-0.14664466905045037,3.0422497316,0.273041172155663,-0.273041172155663,0.0,0.0,0.0,0.0,0.0,0.0,,0.0,0.0,0.0,0.0,
001_230℃_020_0.5mm.csv,0.5,20,1.47935,0.300005116,1.58471,0.300067527,0.10536,12.93687818,1.853885,57.85365778,44.1778926,13.67576518,230,0.10536000000000012,12636810.653,166.09719058466192,20.0,3321.9438116932383,90.57240614966541,1993.166287015943,0.10430600000000005,0.0007884747935095719,-0.0007884747935095719,167.78324809036496,1.2674606474481827,-1.2674606474481827,3355.6649618072997,25.349212948964134,-25.349212948964134,12624486.110800002,15022.002227871057,-15022.002227871057,2013.3529986241617,2028.6250184399926,1998.19595056858,89.57679029464684,90.2781869401446,88.88084299711441,1.858425,0.011287523532644356,-0.011287523532644356,57.88431318200001,0.5560164069673373,-0.5560164069673373,44.332563244,0.739010111826748,-0.739010111826748,13.551749938,0.3087319305311332,-0.3087319305311332,0.9098745330907052,-0.9016704631738951,-0.9016704631738984,0.06462849695365942,-0.9016704631739006,1.2182003318393337,,0.0,0.0,0.0,1.065455484033887,
002_230℃_020_0.5mm.csv,0.5,20,1.47971,0.300051572,1.584385,0.300116063,0.104675,12.93037321,1.846425,57.77121547,43.76799607,14.0032194,230,0.10467499999999985,12630257.147,167.18414139001695,20.0,3343.682827800339,89.93688209947096,2006.2096966802033,0.10430600000000005,0.0007884747935095719,-0.0007884747935095719,167.78324809036496,1.2674606474481827,-1.2674606474481827,3355.6649618072997,25.349212948964134,-25.349212948964134,12624486.110800002,15022.002227871057,-15022.002227871057,2013.3529986241617,2028.6250184399926,1998.19595056858,89.57679029464684,90.2781869401446,88.88084299711441,1.858425,0.011287523532644356,-0.011287523532644356,57.88431318200001,0.5560164069673373,-0.5560164069673373,44.332563244,0.739010111826748,-0.739010111826748,13.551749938,0.3087319305311332,-0.3087319305311332,0.25380710659873323,-0.25316455696178736,-0.25316455696178736,0.012734537215727188,-0.2531645569617986,0.5079773912895624,,-0.4023982070085265,-0.14250146518566,-0.9278317861635561,3.4853793024734943,
003_230℃_020_0.5mm.csv,0.5,20,1.479615,0.300056865,1.584025,0.300055505,0.10441,12.89837254,1.87039,58.5621445,45.22699709,13.33514741,230,0.10441000000000011,12598317.035,167.6084666219709,20.0,3352.169332439418,89.48233208328921,2011.301599463651,0.10430600000000005,0.0007884747935095719,-0.0007884747935095719,167.78324809036496,1.2674606474481827,-1.2674606474481827,3355.6649618072997,25.349212948964134,-25.349212948964134,12624486.110800002,15022.002227871057,-15022.002227871057,2013.3529986241617,2028.6250184399926,1998.19595056858,89.57679029464684,90.2781869401446,88.88084299711441,1.858425,0.011287523532644356,-0.011287523532644356,57.88431318200001,0.5560164069673373,-0.5560164069673373,44.332563244,0.739010111826748,-0.739010111826748,13.551749938,0.3087319305311332,-0.3087319305311332,0.0,0.0,0.0,-0.24018334920305134,0.0,0.0,,0.890292547811757,1.22461871416007,2.3747273313802157,-1.451748461625411,
004_230℃_020_0.5mm.csv,0.5,20,1.479725,0.300066012,1.58309,0.300144583,0.103365,12.92879353,1.870495,58.17441458,44.96138897,13.21302561,230,0.10336500000000015,12628648.947,169.30295554588085,20.0,3386.059110917617,88.80002029977257,2031.6354665505703,0.10430600000000005,0.0007884747935095719,-0.0007884747935095719,167.78324809036496,1.2674606474481827,-1.2674606474481827,3355.6649618072997,25.349212948964134,-25.349212948964134,12624486.110800002,15022.002227871057,-15022.002227871057,2013.3529986241617,2028.6250184399926,1998.19595056858,89.57679029464684,90.2781869401446,88.88084299711441,1.858425,0.011287523532644356,-0.011287523532644356,57.88431318200001,0.5560164069673373,-0.5560164069673373,44.332563244,0.739010111826748,-0.739010111826748,13.551749938,0.3087319305311332,-0.3087319305311332,-1.0008619863997332,1.010980505973928,1.010980505973928,0.0,1.010980505973928,-0.7625100593953563,,0.8959563295457924,0.554427865597953,1.7735032702759608,-2.3542424119880447,
005_230℃_020_0.5mm.csv,0.5,20,1.47977,0.300118927,1.58349,0.300016308,0.10372,12.92841308,1.85093,57.06013358,43.52854149,13.53159209,230,0.10372000000000003,12628396.772,168.7234863092942,20.0,3374.469726185884,89.10321858447894,2024.6818357115305,0.10430600000000005,0.0007884747935095719,-0.0007884747935095719,167.78324809036496,1.2674606474481827,-1.2674606474481827,3355.6649618072997,25.349212948964134,-25.349212948964134,12624486.110800002,15022.002227871057,-15022.002227871057,2013.3529986241617,2028.6250184399926,1998.19595056858,89.57679029464684,90.2781869401446,88.88084299711441,1.858425,0.011287523532644356,-0.011287523532644356,57.88431318200001,0.5560164069673373,-0.5560164069673373,44.332563244,0.739010111826748,-0.739010111826748,13.551749938,0.3087319305311332,-0.3087319305311332,-0.660856239823847,0.6652526031624318,0.6652526031624318,-0.001996848602404539,0.6652526031624318,-0.4236741376581412,,-0.15939500022925052,-1.3716059285612214,-1.4698553321214733,0.0,
006_230℃_040_0.5mm.csv,0.5,40,1.4872,0.300180945,1.533005,0.300160246,0.045805,9.267831486,1.66495,48.00922492,34.90904021,13.10018471,230,0.045804999999999874,8967671.24,382.0543608776345,20.0,7641.08721755269,27.943141574707408,4584.652330531614,0.04581499999999998,0.0003303596525001533,-0.0003303596525001533,381.9868189030916,2.7474798300351018,-2.7474798300351018,7639.7363780618325,54.94959660070195,-54.94959660070195,8963025.296600001,99414.34631249539,-99414.34631249539,4583.746813456991,4616.876552460957,4550.854806520148,27.93281689202241,28.35978001846635,27.512281795387732,1.6671610000000001,0.01195443662411574,-0.01195443662411574,48.016686696,1.3373683174211282,-1.3373683174211282,35.02102977,1.5905586334987456,-1.5905586334987456,12.995656923999999,0.5617657203365161,-0.5617657203365161,0.0,0.0,0.0,0.2696013997091235,0.0,0.0,,-0.04922648384831297,0.0,0.0,0.0,
007_230℃_040_0.5mm.csv,0.5,40,1.487495,0.300194276,1.53338,0.300179485,0.045885,9.429203032,1.66577,46.58123471,33.88191618,12.69931853,230,0.045884999999999954,9129023.547,381.38825324180056,20.0,7627.765064836011,28.495594928849968,4576.659038901607,0.04581499999999998,0.0003303596525001533,-0.0003303596525001533,381.9868189030916,2.7474798300351018,-2.7474798300351018,7639.7363780618325,54.94959660070195,-54.94959660070195,8963025.296600001,99414.34631249539,-99414.34631249539,4583.746813456991,4616.876552460957,4550.854806520148,27.93281689202241,28.35978001846635,27.512281795387732,1.6671610000000001,0.01195443662411574,-0.01195443662411574,48.016686696,1.3373683174211282,-1.3373683174211282,35.02102977,1.5905586334987456,-1.5905586334987456,12.995656923999999,0.5617657203365161,-0.5617657203365161,0.17465342211566473,-0.17434891576785214,-0.17434891576784917,2.0737187758734956,-0.17434891576783726,1.9770624310997686,,0.0,-2.974407965093231,-2.942286650739181,-3.0600040295157127,
008_230℃_040_0.5mm.csv,0.5,40,1.487295,0.300171271,1.532705,0.300164013,0.04541,9.178954449,1.65155,46.82338986,33.09668635,13.72670351,230,0.04540999999999995,8878790.436,385.3776701167148,20.0,7707.553402334296,27.42761045569793,4624.532041400578,0.04581499999999998,0.0003303596525001533,-0.0003303596525001533,381.9868189030916,2.7474798300351018,-2.7474798300351018,7639.7363780618325,54.94959660070195,-54.94959660070195,8963025.296600001,99414.34631249539,-99414.34631249539,4583.746813456991,4616.876552460957,4550.854806520148,27.93281689202241,28.35978001846635,27.512281795387732,1.6671610000000001,0.01195443662411574,-0.01195443662411574,48.016686696,1.3373683174211282,-1.3373683174211282,35.02102977,1.5905586334987456,-1.5905586334987456,12.995656923999999,0.5617657203365161,-0.5617657203365161,-0.8623512716950644,0.8698524554061267,0.8698524554061295,-0.7241953788139065,0.8698524554061415,-1.8449289877846358,,-0.8536592686865473,-2.4700150064409794,-5.191646201378052,4.782518826026534,
009_230℃_040_0.5mm.csv,0.5,40,1.487105,0.300182361,1.533415,0.300136468,0.04631,9.243695747,1.68503,49.0226402,36.78841604,12.23422415,230,0.04631000000000007,8943559.279000001,377.8881451090471,20.0,7557.762902180943,28.175253755815692,4534.657741308566,0.04581499999999998,0.0003303596525001533,-0.0003303596525001533,381.9868189030916,2.7474798300351018,-2.7474798300351018,7639.7363780618325,54.94959660070195,-54.94959660070195,8963025.296600001,99414.34631249539,-99414.34631249539,4583.746813456991,4616.876552460957,4550.854806520148,27.93281689202241,28.35978001846635,27.512281795387732,1.6671610000000001,0.01195443662411574,-0.01195443662411574,48.016686696,1.3373683174211282,-1.3373683174211282,35.02102977,1.5905586334987456,-1.5905586334987456,12.995656923999999,0.5617657203365161,-0.5617657203365161,1.1024997271044672,-1.0904772187436855,-1.0904772187436824,0.0,-1.0904772187436707,0.8306588594833584,,1.1562220474615377,2.110876152840829,5.383636498438124,-6.610292749070721,
010_230℃_040_0.5mm.csv,0.5,40,1.487285,0.300017279,1.53295,0.300184754,0.045665,9.196266735,1.668505,49.64694379,36.42909007,13.21785372,230,0.04566500000000007,8896081.981,383.22566517026115,20.0,7664.513303405223,27.635345827371808,4598.707982043134,0.04581499999999998,0.0003303596525001533,-0.0003303596525001533,381.9868189030916,2.7474798300351018,-2.7474798300351018,7639.7363780618325,54.94959660070195,-54.94959660070195,8963025.296600001,99414.34631249539,-99414.34631249539,4583.746813456991,4616.876552460957,4550.854806520148,27.93281689202241,28.35978001846635,27.512281795387732,1.6671610000000001,0.01195443662411574,-0.01195443662411574,48.016686696,1.3373683174211282,-1.3373683174211282,35.02102977,1.5905586334987456,-1.5905586334987456,12.995656923999999,0.5617657203365161,-0.5617657203365161,-0.3056434887016861,0.3065805321357902,0.3065805321357931,-0.5308546241928522,0.3065805321357852,-1.1015073108823235,,0.1641883333233239,3.411258716900778,4.354315818641639,0.8982240525981117,
011_230℃_080_0.5mm.csv,0.5,80,1.49077,0.300148195,1.51194,0.300007239,0.02117,5.618363932,1.5696,41.65058737,27.98079905,13.66978832,230,0.021170000000000133,5318356.693,826.6414737836509,20.0,16532.829475673017,7.659157223864674,9919.697685403811,0.021474000000000038,0.0003404298753047527,-0.0003404298753047527,815.1004513190306,12.731287522668177,-12.731287522668177,16302.00902638061,254.62575045336445,-254.62575045336445,5436076.104799999,133077.03841690888,-133077.03841690888,9780.241434431384,9935.361995777906,9627.54276657628,7.9384391916418515,8.261194885020343,7.628293204130137,1.570548,0.0023651284320306393,-0.0023651284320306393,41.973377554,0.9407173130042804,-0.9407173130042804,28.345428637999998,1.0828544088575853,-1.0828544088575853,13.627948916,0.14787100256848631,-0.14787100256848631,-0.935891436592218,0.9447331128944404,0.9447331128944346,-0.9293000651368023,0.9447331128944495,-1.8564942619991451,,-0.01082961198137329,-0.13941491921378113,-0.17306307022084594,0.0,
012_230℃_080_0.5mm.csv,0.5,80,1.490775,0.300115775,1.51227,0.300211047,0.021495,5.777030888,1.56977,41.70873557,28.02930743,13.67942814,230,0.021495000000000042,5476819.840999999,814.1428239125362,20.0,16282.856478250724,8.008451869543892,9769.713886950434,0.021474000000000038,0.0003404298753047527,-0.0003404298753047527,815.1004513190306,12.731287522668177,-12.731287522668177,16302.00902638061,254.62575045336445,-254.62575045336445,5436076.104799999,133077.03841690888,-133077.03841690888,9780.241434431384,9935.361995777906,9627.54276657628,7.9384391916418515,8.261194885020343,7.628293204130137,1.570548,0.0023651284320306393,-0.0023651284320306393,41.973377554,0.9407173130042804,-0.9407173130042804,28.345428637999998,1.0828544088575853,-1.0828544088575853,13.627948916,0.14787100256848631,-0.14787100256848631,0.5849321478715649,-0.5815305885096734,-0.5815305885096762,2.022561927667246,-0.5815305885096689,2.6193246904643654,,0.0,0.0,0.0,0.07051916075318054,
013_230℃_080_0.5mm.csv,0.5,80,1.49063,0.300283407,1.512675,0.300241813,0.022045,5.950556642,1.57087,42.18178758,28.51630189,13.66548569,230,0.022045000000000092,5650314.828999999,793.8308006350613,20.0,15876.616012701226,8.473550367707858,9525.969607620736,0.021474000000000038,0.0003404298753047527,-0.0003404298753047527,815.1004513190306,12.731287522668177,-12.731287522668177,16302.00902638061,254.62575045336445,-254.62575045336445,5436076.104799999,133077.03841690888,-133077.03841690888,9780.241434431384,9935.361995777906,9627.54276657628,7.9384391916418515,8.261194885020343,7.628293204130137,1.570548,0.0023651284320306393,-0.0023651284320306393,41.973377554,0.9407173130042804,-0.9407173130042804,28.345428637999998,1.0828544088575853,-1.0828544088575853,13.627948916,0.14787100256848631,-0.14787100256848631,3.158633598503541,-3.0619188024504465,-3.061918802450452,5.254438029353659,-3.061918802450437,8.579040072864943,,0.07007395987946508,1.1341796952968535,1.7374473529758627,-0.031475469109530085,
014_230℃_080_0.5mm.csv,0.5,80,1.49069,0.300083675,1.51206,0.300262764,0.02137,5.66850655,1.568105,40.88807418,27.13438274,13.75369144,230,0.02136999999999989,5368243.786,818.9050070191901,20.0,16378.100140383802,7.804038755565945,9826.86008423028,0.021474000000000038,0.0003404298753047527,-0.0003404298753047527,815.1004513190306,12.731287522668177,-12.731287522668177,16302.00902638061,254.62575045336445,-254.62575045336445,5436076.104799999,133077.03841690888,-133077.03841690888,9780.241434431384,9935.361995777906,9627.54276657628,7.9384391916418515,8.261194885020343,7.628293204130137,1.570548,0.0023651284320306393,-0.0023651284320306393,41.973377554,0.9407173130042804,-0.9407173130042804,28.345428637999998,1.0828544088575853,-1.0828544088575853,13.627948916,0.14787100256848631,-0.14787100256848631,0.0,0.0,0.0,0.0,0.0,0.0,,-0.10606649381756739,-1.9676007406714224,-3.1928177042367967,0.6137850713989728,
015_230℃_080_0.5mm.csv,0.5,80,1.490775,0.30000186,1.512065,0.300096918,0.02129,5.666742293,1.574395,43.43770307,30.06635208,13.37135099,230,0.02129000000000003,5366645.375,821.9821512447146,20.0,16439.643024894292,7.772508845833344,9863.785814936575,0.021474000000000038,0.0003404298753047527,-0.0003404298753047527,815.1004513190306,12.731287522668177,-12.731287522668177,16302.00902638061,254.62575045336445,-254.62575045336445,5436076.104799999,133077.03841690888,-133077.03841690888,9780.241434431384,9935.361995777906,9627.54276657628,7.9384391916418515,8.261194885020343,7.628293204130137,1.570548,0.0023651284320306393,-0.0023651284320306393,41.973377554,0.9407173130042804,-0.9407173130042804,28.345428637999998,1.0828544088575853,-1.0828544088575853,13.627948916,0.14787100256848631,-0.14787100256848631,-0.3743565746366793,0.37576326913976554,0.3757632691397655,-0.029775305737210662,0.37576326913976554,-0.4040204145592385,,0.29462914949323016,4.14533664560092,7.267552561144399,-2.183189110275853,
016_230℃_120_0.5mm.csv,0.5,120,1.4921,0.300123839,1.50668,0.300348847,0.01458,3.969347274,1.533075,25.86051578,12.75951398,13.1010018,230,0.014580000000000037,3668998.427,1200.2743484224934,20.0,24005.48696844987,3.6390474194326625,14403.292181069923,0.014249000000000001,0.0002230582883463597,-0.0002230582883463597,1228.3961708963855,19.151140329594412,-19.151140329594412,24567.92341792771,383.0228065918892,-383.0228065918892,3507067.0039999997,101568.60680974128,-101568.60680974128,14739.317089689115,14971.385589971715,14510.845837536943,3.398011947122829,3.549255669440952,3.253213143309054,1.533788,0.0017410327394969487,-0.0017410327394969487,26.539356468,1.5816431726558704,-1.5816431726558704,13.406363446,1.438284196202595,-1.438284196202595,13.132993021999999,0.1484661849106936,-0.1484661849106936,2.1723896285916773,-2.1262002743486392,-2.126200274348628,5.612458586588991,-2.126200274348621,8.677893856818017,,-0.022498728332749,-1.5337161533949975,-2.878571331016786,-0.18762499267881996,
017_230℃_120_0.5mm.csv,0.5,120,1.492105,0.300235927,1.506265,0.300034885,0.01416,3.774055352,1.531595,24.5110573,11.60335971,12.90769759,230,0.01415999999999995,3474020.4669999997,1235.8757062146935,20.0,24717.51412429387,3.3464033886203963,14830.508474576322,0.014249000000000001,0.0002230582883463597,-0.0002230582883463597,1228.3961708963855,19.151140329594412,-19.151140329594412,24567.92341792771,383.0228065918892,-383.0228065918892,3507067.0039999997,101568.60680974128,-101568.60680974128,14739.317089689115,14971.385589971715,14510.845837536943,3.398011947122829,3.549255669440952,3.253213143309054,1.533788,0.0017410327394969487,-0.0017410327394969487,26.539356468,1.5816431726558704,-1.5816431726558704,13.406363446,1.438284196202595,-1.438284196202595,13.132993021999999,0.1484661849106936,-0.1484661849106936,-0.7708479327263803,0.7768361581924815,0.7768361581924815,0.0,0.7768361581924815,-0.061738594414280284,,-0.11901501219496065,-6.671902988541254,-11.678855937479936,-1.660348422043897,CH04圧力@V01横ばい終点(MPa)
018_230℃_120_0.5mm.csv,0.5,120,1.492155,0.300003786,1.50612,0.300379096,0.013965,3.70825901,1.53342,26.26332057,13.13769181,13.12562876,230,0.013965000000000005,3407879.914,1253.1328320802,20.0,25062.656641604,3.2374859183000013,15037.593984962401,0.014249000000000001,0.0002230582883463597,-0.0002230582883463597,1228.3961708963855,19.151140329594412,-19.151140329594412,24567.92341792771,383.0228065918892,-383.0228065918892,3507067.0039999997,101568.60680974128,-101568.60680974128,14739.317089689115,14971.385589971715,14510.845837536943,3.398011947122829,3.549255669440952,3.253213143309054,1.533788,0.0017410327394969487,-0.0017410327394969487,26.539356468,1.5816431726558704,-1.5816431726558704,13.406363446,1.438284196202595,-1.438284196202595,13.132993021999999,0.1484661849106936,-0.1484661849106936,-2.1373510861948115,2.1840315073397747,2.1840315073397862,-1.9038619267869685,2.184031507339794,-3.314491283324947,,0.0,0.0,0.0,0.0,
019_230℃_120_0.5mm.csv,0.5,120,1.49213,0.300354219,1.5064,0.300178623,0.01427,3.83524419,1.534615,27.35800538,14.1183099,13.23969548,230,0.014270000000000005,3535065.5670000003,1226.34898388227,20.0,24526.9796776454,3.4316588871489815,14716.187806587239,0.014249000000000001,0.0002230582883463597,-0.0002230582883463597,1228.3961708963855,19.151140329594412,-19.151140329594412,24567.92341792771,383.0228065918892,-383.0228065918892,3507067.0039999997,101568.60680974128,-101568.60680974128,14739.317089689115,14971.385589971715,14510.845837536943,3.398011947122829,3.549255669440952,3.253213143309054,1.533788,0.0017410327394969487,-0.0017410327394969487,26.539356468,1.5816431726558704,-1.5816431726558704,13.406363446,1.438284196202595,-1.438284196202595,13.132993021999999,0.1484661849106936,-0.1484661849106936,0.0,0.0,0.0,1.7571888415705343,0.0,2.484363984607397,,0.0779303778482123,4.168112737619454,7.464158119872962,0.8690381397012809,
020_230℃_120_0.5mm.csv,0.5,120,1.49199,0.300091499,1.50626,0.300377751,0.01427,3.749748396,1.536235,28.70388331,15.41294183,13.29094148,230,0.014270000000000005,3449370.645,1226.34898388227,20.0,24526.9796776454,3.348470687357145,14716.187806587239,0.014249000000000001,0.0002230582883463597,-0.0002230582883463597,1228.3961708963855,19.151140329594412,-19.151140329594412,24567.92341792771,383.0228065918892,-383.0228065918892,3507067.0039999997,101568.60680974128,-101568.60680974128,14739.317089689115,14971.385589971715,14510.845837536943,3.398011947122829,3.549255669440952,3.253213143309054,1.533788,0.0017410327394969487,-0.0017410327394969487,26.539356468,1.5816431726558704,-1.5816431726558704,13.406363446,1.438284196202595,-1.438284196202595,13.132993021999999,0.1484661849106936,-0.1484661849106936,0.0,0.0,0.0,-0.7095474029053755,0.0,0.0,,0.183576580454149,9.292666300497421,17.31849135224919,1.2594651503765453,CH04圧力@V01横ばい終点(MPa)
021_230℃_160_0.5mm.csv,0.5,160,1.492755,0.30025651,1.503875,0.300438468,0.01112,2.905139405,1.51736,13.36002442,4.404808159,8.95521626,230,0.011120000000000019,2604700.937,1573.741007194242,20.0,31474.82014388484,1.9703588040435405,18884.892086330907,0.010955000000000048,0.00010541584321153026,-0.00010541584321153026,1597.5617229260781,15.281290853120357,-15.281290853120357,31951.23445852156,305.6258170624062,-305.6258170624062,2515042.1273999996,58432.11633449171,-58432.11633449171,19170.036264984086,19354.839050989456,18986.99800254956,1.8738347720507076,1.9352705739835987,1.8143492698897847,1.517432,0.0010320889012096564,-0.0010320889012096564,13.466102470000001,1.1101887793489142,-1.1101887793489142,4.490473956600001,0.6399239492660286,-0.6399239492660286,8.9756285152,0.47102194767334393,-0.47102194767334393,1.7383348581876543,-1.7086330935243834,-1.708633093524386,3.6563735330490976,-1.7086330935243785,4.930257049386014,,0.0,0.0,0.0,0.0,
022_230℃_160_0.5mm.csv,0.5,160,1.49267,0.300294462,1.503565,0.300382769,0.010895,2.763917422,1.516625,12.58278302,3.998032813,8.584750212,230,0.010895000000000099,2463534.653,1606.2413951353685,20.0,32124.82790270737,1.8258646288731462,19274.89674162442,0.010955000000000048,0.00010541584321153026,-0.00010541584321153026,1597.5617229260781,15.281290853120357,-15.281290853120357,31951.23445852156,305.6258170624062,-305.6258170624062,2515042.1273999996,58432.11633449171,-58432.11633449171,19170.036264984086,19354.839050989456,18986.99800254956,1.8738347720507076,1.9352705739835987,1.8143492698897847,1.517432,0.0010320889012096564,-0.0010320889012096564,13.466102470000001,1.1101887793489142,-1.1101887793489142,4.490473956600001,0.6399239492660286,-0.6399239492660286,8.9756285152,0.47102194767334393,-0.47102194767334393,-0.3202195791400449,0.3212482790271384,0.3212482790271298,-1.9614633774063508,0.32124827902711467,-2.7646921708543033,,-0.048439394738239584,-5.817664515915603,-9.234802772712532,-4.136874389675552,
023_230℃_160_0.5mm.csv,0.5,160,1.492685,0.30031019,1.50367,0.30016035,0.010985,2.812983101,1.51651,12.49836157,3.945254121,8.553107449,230,0.010985000000000023,2512822.7509999997,1593.0814747382763,20.0,31861.629494765526,1.8777794503221126,19116.977696859314,0.010955000000000048,0.00010541584321153026,-0.00010541584321153026,1597.5617229260781,15.281290853120357,-15.281290853120357,31951.23445852156,305.6258170624062,-305.6258170624062,2515042.1273999996,58432.11633449171,-58432.11633449171,19170.036264984086,19354.839050989456,18986.99800254956,1.8738347720507076,1.9352705739835987,1.8143492698897847,1.517432,0.0010320889012096564,-0.0010320889012096564,13.466102470000001,1.1101887793489142,-1.1101887793489142,4.490473956600001,0.6399239492660286,-0.6399239492660286,8.9756285152,0.47102194767334393,-0.47102194767334393,0.5032021957906285,-0.5006827492026893,-0.5006827492026922,0.0,-0.5006827492027035,0.0,,-0.05601834765645709,-6.449560441746558,-10.433009143906279,-4.4902188771932545,CH04圧力@V01横ばい終点(MPa)
024_230℃_160_0.5mm.csv,0.5,160,1.49277,0.300083852,1.5037,0.300175592,0.01093,2.831274147,1.51758,13.642533,4.5725659,9.069967103,230,0.010930000000000106,2531098.5549999997,1601.097895699893,20.0,32021.95791399786,1.8819664766088617,19213.174748398716,0.010955000000000048,0.00010541584321153026,-0.00010541584321153026,1597.5617229260781,15.281290853120357,-15.281290853120357,31951.23445852156,305.6258170624062,-305.6258170624062,2515042.1273999996,58432.11633449171,-58432.11633449171,19170.036264984086,19354.839050989456,18986.99800254956,1.8738347720507076,1.9352705739835987,1.8143492698897847,1.517432,0.0010320889012096564,-0.0010320889012096564,13.466102470000001,1.1101887793489142,-1.1101887793489142,4.490473956600001,0.6399239492660286,-0.6399239492660286,8.9756285152,0.47102194767334393,-0.47102194767334393,0.0,0.0,0.0,0.72730175627099,0.0,0.22297753263999792,,0.014498866452251737,2.114581314515292,3.808514126937258,1.2813855039163453,
025_230℃_160_0.5mm.csv,0.5,160,1.492715,0.300243423,1.50356,0.300267964,0.010845,2.763321705,1.519085,15.24681034,5.53170879,9.715101552,230,0.010844999999999994,2463053.741,1613.6468418626105,20.0,32272.936837252208,1.8171304640234685,19363.762102351327,0.010955000000000048,0.00010541584321153026,-0.00010541584321153026,1597.5617229260781,15.281290853120357,-15.281290853120357,31951.23445852156,305.6258170624062,-305.6258170624062,2515042.1273999996,58432.11633449171,-58432.11633449171,19170.036264984086,19354.839050989456,18986.99800254956,1.8738347720507076,1.9352705739835987,1.8143492698897847,1.517432,0.0010320889012096564,-0.0010320889012096564,13.466102470000001,1.1101887793489142,-1.1101887793489142,4.490473956600001,0.6399239492660286,-0.6399239492660286,8.9756285152,0.47102194767334393,-0.47102194767334393,-0.7776761207695511,0.7837713231914545,0.783771323191443,-1.980601695053651,0.7837713231914545,-3.2298247958907234,,0.11368429377339435,14.122623287839764,25.583421350541496,8.485392981453247,CH03圧力@V01横ばい終点(MPa)・CH04圧力@V01横ばい終点(MPa)
026_230℃_200_0.5mm.csv,0.5,200,1.49317,0.300237333,1.50229,0.300096289,0.00912,2.302331552,1.50895,6.238170125,1.499662605,4.73850752,230,0.009119999999999795,2002235.2630000003,1918.8596491228502,20.0,38377.192982457,1.2422031019428295,23026.315789474203,0.00923699999999994,0.00012392538077410186,-0.00012392538077410186,1894.8287153830381,25.548219336780548,-25.548219336780548,37896.57430766076,510.96438673561363,-510.96438673561363,2041655.7554000001,47477.75307249485,-47477.75307249485,22736.296557680056,23044.170370401316,22432.535988483553,1.2825379265257122,1.3304911293530315,1.236313040115291,1.50888,0.0005893322492448786,-0.0005893322492448786,6.196267402799999,0.47009070272544573,-0.47009070272544573,1.4775837723999998,0.18778512849325524,-0.18778512849325524,4.7186836306,0.28255895297074896,-0.28255895297074896,-2.0933977455734625,2.1381578947387325,2.138157894738735,-3.050439642219326,2.138157894738745,-5.079979553092497,,0.0,0.0,0.0,0.0,
027_230℃_200_0.5mm.csv,0.5,200,1.49313,0.300293879,1.502445,0.300255742,0.009315,2.365489721,1.50835,5.772015055,1.31175091,4.460264145,230,0.009314999999999962,2065233.9789999998,1878.6902844873935,20.0,37573.80568974787,1.308683980570403,22544.28341384872,0.00923699999999994,0.00012392538077410186,-0.00012392538077410186,1894.8287153830381,25.548219336780548,-25.548219336780548,37896.57430766076,510.96438673561363,-510.96438673561363,2041655.7554000001,47477.75307249485,-47477.75307249485,22736.296557680056,23044.170370401316,22432.535988483553,1.2825379265257122,1.3304911293530315,1.236313040115291,1.50888,0.0005893322492448786,-0.0005893322492448786,6.196267402799999,0.47009070272544573,-0.47009070272544573,1.4775837723999998,0.18778512849325524,-0.18778512849325524,4.7186836306,0.28255895297074896,-0.28255895297074896,0.0,0.0,0.0,0.0,0.0,0.0,,-0.039762748931371744,-7.472625155441719,-12.530264765787097,-5.871962296685345,CH04圧力@V01横ばい終点(MPa)
028_230℃_200_0.5mm.csv,0.5,200,1.49313,0.300160247,1.502475,0.300001531,0.009345,2.377143121,1.508225,5.681816175,1.269292402,4.412523773,230,0.009344999999999937,2077141.59,1872.6591760299752,20.0,37453.1835205995,1.3204685822142772,22471.9101123597,0.00923699999999994,0.00012392538077410186,-0.00012392538077410186,1894.8287153830381,25.548219336780548,-25.548219336780548,37896.57430766076,510.96438673561363,-510.96438673561363,2041655.7554000001,47477.75307249485,-47477.75307249485,22736.296557680056,23044.170370401316,22432.535988483553,1.2825379265257122,1.3304911293530315,1.236313040115291,1.50888,0.0005893322492448786,-0.0005893322492448786,6.196267402799999,0.47009070272544573,-0.47009070272544573,1.4775837723999998,0.18778512849325524,-0.18778512849325524,4.7186836306,0.28255895297074896,-0.28255895297074896,0.3220611916261365,-0.3210272873191453,-0.3210272873191502,0.5765744279379914,-0.3210272873191534,0.9004925420373723,,-0.04804665495875189,-8.918544041791424,-15.361468788507926,-6.879460370678056,CH04圧力@V01横ばい終点(MPa)
029_230℃_200_0.5mm.csv,0.5,200,1.493165,0.300357184,1.502485,0.300345587,0.00932,2.384402452,1.509275,6.511609137,1.591510869,4.920098269,230,0.009319999999999995,2084056.865,1877.6824034334775,20.0,37553.64806866955,1.3213204069251692,22532.188841201732,0.00923699999999994,0.00012392538077410186,-0.00012392538077410186,1894.8287153830381,25.548219336780548,-25.548219336780548,37896.57430766076,510.96438673561363,-510.96438673561363,2041655.7554000001,47477.75307249485,-47477.75307249485,22736.296557680056,23044.170370401316,22432.535988483553,1.2825379265257122,1.3304911293530315,1.236313040115291,1.50888,0.0005893322492448786,-0.0005893322492448786,6.196267402799999,0.47009070272544573,-0.47009070272544573,1.4775837723999998,0.18778512849325524,-0.18778512849325524,4.7186836306,0.28255895297074896,-0.28255895297074896,0.053676865271420036,-0.053648068669870395,-0.053648068669863144,0.911416633243384,-0.05364806866985023,0.9655827183930636,,0.021538155671156016,4.3833208540461195,6.1245952051995065,3.8322351127133087,
030_230℃_200_0.5mm.csv,0.5,200,1.493145,0.300148444,1.50223,0.300175749,0.009085,2.279786829,1.5096,6.777726522,1.715702076,5.062024446,230,0.00908500000000001,1979611.0799999998,1926.2520638414949,20.0,38525.0412768299,1.2234535144081644,23115.02476609794,0.00923699999999994,0.00012392538077410186,-0.00012392538077410186,1894.8287153830381,25.548219336780548,-25.548219336780548,37896.57430766076,510.96438673561363,-510.96438673561363,2041655.7554000001,47477.75307249485,-47477.75307249485,22736.296557680056,23044.170370401316,22432.535988483553,1.2825379265257122,1.3304911293530315,1.236313040115291,1.50888,0.0005893322492448786,-0.0005893322492448786,6.196267402799999,0.47009070272544573,-0.47009070272544573,1.4775837723999998,0.18778512849325524,-0.18778512849325524,4.7186836306,0.28255895297074896,-0.28255895297074896,-2.469135802468635,2.531645569619731,2.531645569619741,-4.145917599199058,2.531645569619747,-6.512685065885039,,0.04307631134232674,8.649273523940646,14.405871712724341,6.827401341762562,CH04圧力@V01横ばい終点(MPa)
031_230℃_240_0.5mm.csv,0.5,240,1.493315,0.300043328,1.50158,0.300135737,0.008265,2.040766155,1.50537,3.88235186,0.807764402,3.074587458,230,0.008264999999999967,1740630.418,2117.3623714458645,20.0,42347.24742891729,0.9786605717530573,25408.348457350374,0.008419,0.00011550973984910105,-0.00011550973984910105,2078.944483768231,28.502374263853326,-28.502374263853326,41578.88967536462,570.0474852770673,-570.0474852770673,1800970.175,40114.27172301729,-40114.27172301729,24945.45729173641,25289.942500255664,24605.664464739464,1.0311703524118152,1.0686475310039654,0.9950074882914428,1.505066,0.00036809305888598604,-0.00036809305888598604,3.7061923645999997,0.21811694793592948,-0.21811694793592948,0.741084695,0.07355075429677006,-0.07355075429677006,2.9651076696,0.14497278564953803,-0.14497278564953803,-1.8991097922841518,1.9358741681783282,1.9358741681783371,-3.4623779986149663,1.9358741681783431,-5.4009934884195605,,0.026910924838782872,6.578761509308966,12.179408960918062,5.198904212730839,CH04圧力@V01横ばい終点(MPa)
032_230℃_240_0.5mm.csv,0.5,240,1.493325,0.300172668,1.50175,0.30025315,0.008425,2.10531855,1.504965,3.642706863,0.720064769,2.922642095,230,0.008424999999999905,1805065.3999999997,2077.151335311596,20.0,41543.02670623192,1.0345357819727774,24925.81602373915,0.008419,0.00011550973984910105,-0.00011550973984910105,2078.944483768231,28.502374263853326,-28.502374263853326,41578.88967536462,570.0474852770673,-570.0474852770673,1800970.175,40114.27172301729,-40114.27172301729,24945.45729173641,25289.942500255664,24605.664464739464,1.0311703524118152,1.0686475310039654,0.9950074882914428,1.505066,0.00036809305888598604,-0.00036809305888598604,3.7061923645999997,0.21811694793592948,-0.21811694793592948,0.741084695,0.07355075429677006,-0.07355075429677006,2.9651076696,0.14497278564953803,-0.14497278564953803,0.0,0.0,0.0,0.11126972789627496,0.0,0.0,,0.0,0.0,0.0,0.0,
033_230℃_240_0.5mm.csv,0.5,240,1.49329,0.300261628,1.501745,0.300141508,0.008455,2.102614228,1.504575,3.420498372,0.64922291,2.771275461,230,0.008455000000000101,1802472.7200000002,2069.7811945594076,20.0,41395.62389118815,1.0367283569796044,24837.37433471289,0.008419,0.00011550973984910105,-0.00011550973984910105,2078.944483768231,28.502374263853326,-28.502374263853326,41578.88967536462,570.0474852770673,-570.0474852770673,1800970.175,40114.27172301729,-40114.27172301729,24945.45729173641,25289.942500255664,24605.664464739464,1.0311703524118152,1.0686475310039654,0.9950074882914428,1.505066,0.00036809305888598604,-0.00036809305888598604,3.7061923645999997,0.21811694793592948,-0.21811694793592948,0.741084695,0.07355075429677006,-0.07355075429677006,2.9651076696,0.14497278564953803,-0.14497278564953803,0.35608308605574923,-0.3548196333553562,-0.3548196333553475,-0.032523669726918655,-0.3548196333553416,0.21193805424940906,,-0.025914223918836146,-6.100092578325042,-9.83826206333948,-5.179102643425107,
034_230℃_240_0.5mm.csv,0.5,240,1.493295,0.300125671,1.501875,0.300412234,0.00858,2.15403543,1.50493,3.621459236,0.703998767,2.917460469,230,0.008580000000000032,1853623.196,2039.627039627032,20.0,40792.54079254064,1.0819106817469428,24475.524475524384,0.008419,0.00011550973984910105,-0.00011550973984910105,2078.944483768231,28.502374263853326,-28.502374263853326,41578.88967536462,570.0474852770673,-570.0474852770673,1800970.175,40114.27172301729,-40114.27172301729,24945.45729173641,25289.942500255664,24605.664464739464,1.0311703524118152,1.0686475310039654,0.9950074882914428,1.505066,0.00036809305888598604,-0.00036809305888598604,3.7061923645999997,0.21811694793592948,-0.21811694793592948,0.741084695,0.07355075429677006,-0.07355075429677006,2.9651076696,0.14497278564953803,-0.14497278564953803,1.8397626112774956,-1.8065268065282796,-1.8065268065282711,2.80434811317151,-1.8065268065282654,4.579338926665761,,-0.0023256354798953625,-0.5832922548838022,-2.2311884557707167,-0.17729252613122856,
035_230℃_240_0.5mm.csv,0.5,240,1.493365,0.300382639,1.501735,0.300231195,0.00837,2.103290336,1.50549,3.963945492,0.824372627,3.139572865,230,0.008369999999999989,1803059.141,2090.800477897255,20.0,41816.0095579451,1.0266397966102025,25089.60573476706,0.008419,0.00011550973984910105,-0.00011550973984910105,2078.944483768231,28.502374263853326,-28.502374263853326,41578.88967536462,570.0474852770673,-570.0474852770673,1800970.175,40114.27172301729,-40114.27172301729,24945.45729173641,25289.942500255664,24605.664464739464,1.0311703524118152,1.0686475310039654,0.9950074882914428,1.505066,0.00036809305888598604,-0.00036809305888598604,3.7061923645999997,0.21811694793592948,-0.21811694793592948,0.741084695,0.07355075429677006,-0.07355075429677006,2.9651076696,0.14497278564953803,-0.14497278564953803,-0.652818991096936,0.6571087216238551,0.6571087216238682,0.0,0.657108721623877,-0.7632394645178766,,0.03488453219841569,8.818679105445225,14.485899392753094,7.422419952519017,CH04圧力@V01横ばい終点(MPa)
001_190℃_010_1.0mm.csv,1.0,10,1.42086,0.300063586,1.6322,0.300032316,0.21134,4.235279425,2.52382,40.19811487,29.5519424,10.64617247,190,0.21134000000000008,3935247.1089999997,82.80495883410615,40.0,3312.198353364246,226.30615619484632,496.8297530046369,0.20716,0.00594452689454766,-0.00594452689454766,84.53230455316815,2.463513532336628,-2.463513532336628,3381.2921821267255,98.54054129346517,-98.54054129346517,3859035.3307999996,136964.19198156003,-136964.19198156003,507.023312843424,521.9003093197133,492.570391655467,217.35105386015735,231.84955759631347,203.75920102627873,2.4667120000000002,0.1039125041561409,-0.1039125041561409,37.605556784,4.97209502764862,-4.97209502764862,27.153554703999998,4.701384516015381,-4.701384516015381,10.452002079,0.27519050240492676,-0.27519050240492676,2.1262201604330646,-2.081953250686183,-2.0819532506861824,1.757827217625852,-2.0819532506861824,3.9214226547456423,,0.0,0.0,0.0,0.88216011507081,
002_190℃_010_1.0mm.csv,1.0,10,1.42174,0.300139415,1.62868,0.300048295,0.20694,4.167315528,2.52644,40.4741725,29.92109507,10.55307743,190,0.2069399999999999,3867267.2329999995,84.56557456267521,40.0,3382.6229825070086,217.7666071284407,507.3934473760513,0.20716,0.00594452689454766,-0.00594452689454766,84.53230455316815,2.463513532336628,-2.463513532336628,3381.2921821267255,98.54054129346517,-98.54054129346517,3859035.3307999996,136964.19198156003,-136964.19198156003,507.023312843424,521.9003093197133,492.570391655467,217.35105386015735,231.84955759631347,203.75920102627873,2.4667120000000002,0.1039125041561409,-0.1039125041561409,37.605556784,4.97209502764862,-4.97209502764862,27.153554703999998,4.701384516015381,-4.701384516015381,10.452002079,0.27519050240492676,-0.27519050240492676,0.0,0.0,0.0,0.0,0.0,0.0,,0.10381088984158318,0.6867427263511473,1.2491655032462377,0.0,
003_190℃_010_1.0mm.csv,1.0,10,1.4218,0.300231014,1.61988,0.300029578,0.19808,3.955447194,2.2878,28.99535904,19.02630254,9.969056495,190,0.19808000000000003,3655417.616,88.34814216478189,40.0,3533.9256865912757,197.02452282374966,530.0888529886913,0.20716,0.00594452689454766,-0.00594452689454766,84.53230455316815,2.463513532336628,-2.463513532336628,3381.2921821267255,98.54054129346517,-98.54054129346517,3859035.3307999996,136964.19198156003,-136964.19198156003,507.023312843424,521.9003093197133,492.570391655467,217.35105386015735,231.84955759631347,203.75920102627873,2.4667120000000002,0.1039125041561409,-0.1039125041561409,37.605556784,4.97209502764862,-4.97209502764862,27.153554703999998,4.701384516015381,-4.701384516015381,10.452002079,0.27519050240492676,-0.27519050240492676,-4.281434232144521,4.472940226171178,4.4729402261711755,-5.478018565467975,4.472940226171161,-9.52491503550734,,-9.351697030691582,-27.86885869207925,-35.61742141186632,-5.534129156863391,CH03圧力@V01横ばい終点(MPa)・CH04圧力@V01横ばい終点(MPa)
004_190℃_010_1.0mm.csv,1.0,10,1.42176,0.300079616,1.63524,0.300051199,0.21348,4.320160889,2.53258,40.73617306,30.14477531,10.59139775,190,0.21348000000000011,4020109.69,81.97489226157013,40.0,3278.995690462805,233.52735146155112,491.84935356942077,0.20716,0.00594452689454766,-0.00594452689454766,84.53230455316815,2.463513532336628,-2.463513532336628,3381.2921821267255,98.54054129346517,-98.54054129346517,3859035.3307999996,136964.19198156003,-136964.19198156003,507.023312843424,521.9003093197133,492.570391655467,217.35105386015735,231.84955759631347,203.75920102627873,2.4667120000000002,0.1039125041561409,-0.1039125041561409,37.605556784,4.97209502764862,-4.97209502764862,27.153554703999998,4.701384516015381,-4.701384516015381,10.452002079,0.27519050240492676,-0.27519050240492676,3.1603363293709363,-3.06351883080391,-3.0635188308039196,3.9522083112274133,-3.0635188308039263,7.2374477156704655,,0.3470928988596515,1.3385159770304447,2.0060708767488613,0.3631198600994289,
005_190℃_010_1.0mm.csv,1.0,10,1.42134,0.300088953,1.6273,0.300148121,0.20596,4.117283127,2.46292,37.62396445,27.1236582,10.50030625,190,0.20595999999999992,3817135.0060000005,84.96795494270735,40.0,3398.718197708294,213.92574852673735,509.8077296562441,0.20716,0.00594452689454766,-0.00594452689454766,84.53230455316815,2.463513532336628,-2.463513532336628,3381.2921821267255,98.54054129346517,-98.54054129346517,3859035.3307999996,136964.19198156003,-136964.19198156003,507.023312843424,521.9003093197133,492.570391655467,217.35105386015735,231.84955759631347,203.75920102627873,2.4667120000000002,0.1039125041561409,-0.1039125041561409,37.605556784,4.97209502764862,-4.97209502764862,27.153554703999998,4.701384516015381,-4.701384516015381,10.452002079,0.27519050240492676,-0.27519050240492676,-0.4735672175509719,0.4758205476791507,0.47582054767914733,-1.296321768824581,0.4758205476791338,-1.7637500314444383,,-2.4130088516613775,-6.403659545540263,-8.21700369854538,-0.5000548925186895,
006_190℃_020_1.0mm.csv,1.0,20,1.46472,0.300069263,1.557365,0.300062065,0.092645,3.946787246,1.95777,31.09524235,23.20757322,7.887669126,190,0.09264500000000009,3646725.181,188.89308651303344,40.0,7555.723460521338,91.9322052772096,1133.3585190782007,0.09265600000000007,0.0005290368607196072,-0.0005290368607196072,188.87557680907048,1.0761366876060083,-1.0761366876060083,7555.023072362819,43.04546750423996,-43.04546750423996,3639150.4894000003,28057.218285171242,-28057.218285171242,1133.238724865904,1139.7207661309783,1126.7935495246693,91.74876336343698,92.979423175578,90.53439235500642,1.973995,0.009316637671392005,-0.009316637671392005,32.318871576,0.7025139663960642,-0.7025139663960642,24.393938648,0.6803589743778296,-0.6803589743778296,7.9249329254,0.024235341083176265,-0.024235341083176265,0.0,0.0,0.0,0.08695843575514739,0.0,0.08155708883468646,,-0.9541492337969218,-4.428521788254827,-5.652417065488013,-0.6360407828840142,
007_190℃_020_1.0mm.csv,1.0,20,1.46452,0.300068123,1.556505,0.300011753,0.091985,3.896907985,1.97663,32.46578518,24.55268785,7.91309733,190,0.09198499999999998,3596896.232,190.24841006685875,40.0,7609.93640267435,90.03006800014148,1141.4904604011524,0.09265600000000007,0.0005290368607196072,-0.0005290368607196072,188.87557680907048,1.0761366876060083,-1.0761366876060083,7555.023072362819,43.04546750423996,-43.04546750423996,3639150.4894000003,28057.218285171242,-28057.218285171242,1133.238724865904,1139.7207661309783,1126.7935495246693,91.74876336343698,92.979423175578,90.53439235500642,1.973995,0.009316637671392005,-0.009316637671392005,32.318871576,0.7025139663960642,-0.7025139663960642,24.393938648,0.6803589743778296,-0.6803589743778296,7.9249329254,0.024235341083176265,-0.024235341083176265,-0.7123967834206966,0.7175082893951223,0.7175082893951102,-1.280632402579639,0.7175082893951021,-1.9891955914873094,,0.0,-0.21614734391773735,-0.18401617293012618,-0.3157120539706746,
008_190℃_020_1.0mm.csv,1.0,20,1.46467,0.300066389,1.558135,0.300036966,0.093465,3.974675756,1.978065,32.60948949,24.66770595,7.941783537,190,0.09346500000000013,3674638.79,187.23586369229096,40.0,7489.434547691639,93.45581347138787,1123.4151821537457,0.09265600000000007,0.0005290368607196072,-0.0005290368607196072,188.87557680907048,1.0761366876060083,-1.0761366876060083,7555.023072362819,43.04546750423996,-43.04546750423996,3639150.4894000003,28057.218285171242,-28057.218285171242,1133.238724865904,1139.7207661309783,1126.7935495246693,91.74876336343698,92.979423175578,90.53439235500642,1.973995,0.009316637671392005,-0.009316637671392005,32.318871576,0.7025139663960642,-0.7025139663960642,24.393938648,0.6803589743778296,-0.6803589743778296,7.9249329254,0.024235341083176265,-0.024235341083176265,0.8850990339468315,-0.8773337613010674,-0.8773337613010705,0.8530672279205139,-0.8773337613010825,1.7402258872918703,,0.07259831126714929,0.22552901214704346,0.28357600596119564,0.04565897426453376,
009_190℃_020_1.0mm.csv,1.0,20,1.46468,0.300108115,1.55733,0.300085353,0.09265,3.943642154,1.976005,32.53611112,24.59795206,7.938159055,190,0.09265000000000012,3643556.801,188.88289260658368,40.0,7555.3157042633475,91.85728914629942,1133.2973556395023,0.09265600000000007,0.0005290368607196072,-0.0005290368607196072,188.87557680907048,1.0761366876060083,-1.0761366876060083,7555.023072362819,43.04546750423996,-43.04546750423996,3639150.4894000003,28057.218285171242,-28057.218285171242,1133.238724865904,1139.7207661309783,1126.7935495246693,91.74876336343698,92.979423175578,90.53439235500642,1.973995,0.009316637671392005,-0.009316637671392005,32.318871576,0.7025139663960642,-0.7025139663960642,24.393938648,0.6803589743778296,-0.6803589743778296,7.9249329254,0.024235341083176265,-0.024235341083176265,0.00539694532897917,-0.005396654074501441,-0.005396654074504449,0.0,-0.0053966540744964245,0.0,,-0.031619473548418146,0.0,0.0,0.0,
010_190℃_020_1.0mm.csv,1.0,20,1.464655,0.300086903,1.55719,0.300105313,0.092535,3.934040756,1.981505,32.88772974,24.94377416,7.943955579,190,0.09253500000000003,3633935.443,189.11763116658554,40.0,7564.705246663421,91.5010112157837,1134.7057869995133,0.09265600000000007,0.0005290368607196072,-0.0005290368607196072,188.87557680907048,1.0761366876060083,-1.0761366876060083,7555.023072362819,43.04546750423996,-43.04546750423996,3639150.4894000003,28057.218285171242,-28057.218285171242,1133.238724865904,1139.7207661309783,1126.7935495246693,91.74876336343698,92.979423175578,90.53439235500642,1.973995,0.009316637671392005,-0.009316637671392005,32.318871576,0.7025139663960642,-0.7025139663960642,24.393938648,0.6803589743778296,-0.6803589743778296,7.9249329254,0.024235341083176265,-0.024235341083176265,-0.11873279723682272,0.11887393959048248,0.11887393959047345,-0.26406499268405415,0.11887393959047746,-0.3878602708907282,,0.24663189367762112,1.080702665119237,1.405897934740505,0.07302101104095311,
011_190℃_040_1.0mm.csv,1.0,40,1.48141,0.300050846,1.52602,0.300111704,0.04461,3.910933551,1.703945,26.51015381,19.88506686,6.625086954,190,0.04461000000000004,3610821.847,392.2887245012326,40.0,15691.548980049303,43.830955808073504,2353.7323470073957,0.044848,0.00032151205265123546,-0.00032151205265123546,390.22285336890764,2.778028100059228,-2.778028100059228,15608.914134756304,111.12112400236936,-111.12112400236936,3633037.2027999996,30554.43033951273,-30554.43033951273,2341.2894342524646,2358.0754905419312,2324.6228701874343,44.333750007446646,45.02696005193936,43.65121223941299,1.7079229999999999,0.004188120998729699,-0.004188120998729699,27.004333694000003,0.5132846392585589,-0.5132846392585589,20.356861812,0.49136572808680956,-0.49136572808680956,6.647471882,0.023541284819687543,-0.023541284819687543,-0.4685408299862162,0.47074646940107984,0.4707464694010769,-0.5443596946871332,0.47074646940108467,-1.0103499772422477,,-0.14211454725527872,-1.1118688664985639,-1.381907791947479,-0.312317125346012,
012_190℃_040_1.0mm.csv,1.0,40,1.481475,0.300154817,1.526295,0.300186548,0.04482,3.933439459,1.70637,26.80822613,20.16238307,6.64584306,190,0.04481999999999986,3633252.911,390.4506916555122,40.0,15618.027666220487,44.310855910481486,2342.704149933073,0.044848,0.00032151205265123546,-0.00032151205265123546,390.22285336890764,2.778028100059228,-2.778028100059228,15608.914134756304,111.12112400236936,-111.12112400236936,3633037.2027999996,30554.43033951273,-30554.43033951273,2341.2894342524646,2358.0754905419312,2324.6228701874343,44.333750007446646,45.02696005193936,43.65121223941299,1.7079229999999999,0.004188120998729699,-0.004188120998729699,27.004333694000003,0.5132846392585589,-0.5132846392585589,20.356861812,0.49136572808680956,-0.49136572808680956,6.647471882,0.023541284819687543,-0.023541284819687543,0.0,0.0,0.0,0.07347633472067006,0.0,0.07347633472016242,,0.0,0.0,-0.006584502309423756,0.0,
013_190℃_040_1.0mm.csv,1.0,40,1.481435,0.300156783,1.526035,0.30004496,0.0446,3.906994936,1.70631,26.79002524,20.16371075,6.626314488,190,0.04459999999999997,3606949.976,392.37668161435,40.0,15695.067264574,43.77414120533331,2354.2600896861,0.044848,0.00032151205265123546,-0.00032151205265123546,390.22285336890764,2.778028100059228,-2.778028100059228,15608.914134756304,111.12112400236936,-111.12112400236936,3633037.2027999996,30554.43033951273,-30554.43033951273,2341.2894342524646,2358.0754905419312,2324.6228701874343,44.333750007446646,45.02696005193936,43.65121223941299,1.7079229999999999,0.004188120998729699,-0.004188120998729699,27.004333694000003,0.5132846392585589,-0.5132846392585589,20.356861812,0.49136572808680956,-0.49136572808680956,6.647471882,0.023541284819687543,-0.023541284819687543,-0.4908522980809631,0.4932735426006326,0.4932735426006326,-0.6510056123760763,0.4932735426006326,-1.1386624344485343,,-0.00351623622074632,-0.06789292925142451,0.0,-0.2938464213447673,
014_190℃_040_1.0mm.csv,1.0,40,1.481425,0.300117268,1.526245,0.300011165,0.04482,3.930596455,1.708045,27.05907815,20.40009271,6.658985443,190,0.04482000000000008,3630585.29,390.45069165551024,40.0,15618.027666220409,44.27832182253069,2342.704149933061,0.044848,0.00032151205265123546,-0.00032151205265123546,390.22285336890764,2.778028100059228,-2.778028100059228,15608.914134756304,111.12112400236936,-111.12112400236936,3633037.2027999996,30554.43033951273,-30554.43033951273,2341.2894342524646,2358.0754905419312,2324.6228701874343,44.333750007446646,45.02696005193936,43.65121223941299,1.7079229999999999,0.004188120998729699,-0.004188120998729699,27.004333694000003,0.5132846392585589,-0.5132846392585589,20.356861812,0.49136572808680956,-0.49136572808680956,6.647471882,0.023541284819687543,-0.023541284819687543,4.954141118363053e-13,-4.949859950491876e-13,-5.008093596968252e-13,0.0,-5.046916027952501e-13,0.0,,0.09816159449592368,0.9357277828960179,1.1723137815791134,0.19775343596512684,
015_190℃_040_1.0mm.csv,1.0,40,1.481385,0.30006945,1.526775,0.30008394,0.04539,3.98365993,1.714945,27.85418514,21.17305567,6.681129465,190,0.04539000000000004,3683575.99,385.5474774179331,40.0,15421.899096717325,45.495922227510256,2313.2848645075987,0.044848,0.00032151205265123546,-0.00032151205265123546,390.22285336890764,2.778028100059228,-2.778028100059228,15608.914134756304,111.12112400236936,-111.12112400236936,3633037.2027999996,30554.43033951273,-30554.43033951273,2341.2894342524646,2358.0754905419312,2324.6228701874343,44.333750007446646,45.02696005193936,43.65121223941299,1.7079229999999999,0.004188120998729699,-0.004188120998729699,27.004333694000003,0.5132846392585589,-0.5132846392585589,20.356861812,0.49136572808680956,-0.49136572808680956,6.647471882,0.023541284819687543,-0.023541284819687543,1.2717536813926444,-1.2557832121616703,-1.2557832121616703,1.459563562546142,-1.2557832121616703,2.7498792972772446,,0.5025287598820889,3.9016345390697325,5.0057498469124795,0.5309545332537526,
016_190℃_080_1.0mm.csv,1.0,80,1.48773,0.300231641,1.509805,0.300015938,0.022075,3.273168684,1.582295,21.42161615,15.38676002,6.034856131,190,0.022075000000000067,2973152.746,792.7519818799523,40.0,31710.07927519809,17.859142004884408,4756.511891279713,0.02227100000000006,0.00016573321936173702,-0.00016573321936173702,785.8100349569876,5.847495017539746,-5.847495017539746,31432.401398279508,233.89980070158944,-233.89980070158944,3005716.0658,28985.581058486147,-28985.581058486147,4714.755775275215,4749.971778638895,4679.800861229683,18.213967763544836,18.527302573167503,17.90593209029313,1.5813549999999998,0.002320703018483869,-0.002320703018483869,21.155911323999998,0.6327935801973017,-0.6327935801973017,15.123456954,0.5946521437484503,-0.5946521437484503,6.0324543732,0.03984810964674773,-0.03984810964674773,-1.0976702508962788,1.1098527746321551,1.1098527746321551,-1.314918915243938,1.1098527746321358,-2.4855342459268464,,0.0,0.0,0.0,0.0,
017_190℃_080_1.0mm.csv,1.0,80,1.48772,0.300104638,1.51004,0.30011069,0.02232,3.316862041,1.58244,21.43453169,15.38811539,6.046416297,190,0.022320000000000118,3016751.351,784.0501792114654,40.0,31362.00716845862,18.32214698076744,4704.301075268793,0.02227100000000006,0.00016573321936173702,-0.00016573321936173702,785.8100349569876,5.847495017539746,-5.847495017539746,31432.401398279508,233.89980070158944,-233.89980070158944,3005716.0658,28985.581058486147,-28985.581058486147,4714.755775275215,4749.971778638895,4679.800861229683,18.213967763544836,18.527302573167503,17.90593209029313,1.5813549999999998,0.002320703018483869,-0.002320703018483869,21.155911323999998,0.6327935801973017,-0.6327935801973017,15.123456954,0.5946521437484503,-0.5946521437484503,6.0324543732,0.03984810964674773,-0.03984810964674773,0.0,0.0,0.0,0.1322088434612817,0.0,0.042564968042280917,,0.009163904328842709,0.0602920895863481,0.008808677058959269,0.1915566129342852,
018_190℃_080_1.0mm.csv,1.0,80,1.48773,0.300006395,1.509865,0.300039716,0.022135,3.281181783,1.57793,20.21716013,14.24658524,5.970574891,190,0.022135000000000016,2981142.067,790.6031172351474,40.0,31624.124689405893,17.955803987223142,4743.618703410883,0.02227100000000006,0.00016573321936173702,-0.00016573321936173702,785.8100349569876,5.847495017539746,-5.847495017539746,31432.401398279508,233.89980070158944,-233.89980070158944,3005716.0658,28985.581058486147,-28985.581058486147,4714.755775275215,4749.971778638895,4679.800861229683,18.213967763544836,18.527302573167503,17.90593209029313,1.5813549999999998,0.002320703018483869,-0.002320703018483869,21.155911323999998,0.6327935801973017,-0.6327935801973017,15.123456954,0.5946521437484503,-0.5946521437484503,6.0324543732,0.03984810964674773,-0.03984810964674773,-0.8288530465954337,0.8357804382204638,0.835780438220458,-1.0497368482418734,0.8357804382204348,-1.9577406059012874,,-0.2758651199681445,-5.622619748043607,-7.410103091995845,-1.0651660719764005,
019_190℃_080_1.0mm.csv,1.0,80,1.487685,0.300008886,1.51017,0.300169364,0.022485,3.344935324,1.580215,20.85591071,14.8260546,6.029856118,190,0.022485000000000088,3044765.9600000004,778.296642205912,40.0,31131.86568823648,18.62899662873477,4669.779853235472,0.02227100000000006,0.00016573321936173702,-0.00016573321936173702,785.8100349569876,5.847495017539746,-5.847495017539746,31432.401398279508,233.89980070158944,-233.89980070158944,3005716.0658,28985.581058486147,-28985.581058486147,4714.755775275215,4749.971778638895,4679.800861229683,18.213967763544836,18.527302573167503,17.90593209029313,1.5813549999999998,0.002320703018483869,-0.002320703018483869,21.155911323999998,0.6327935801973017,-0.6327935801973017,15.123456954,0.5946521437484503,-0.5946521437484503,6.0324543732,0.03984810964674773,-0.03984810964674773,0.739247311827822,-0.7338225483654465,-0.7338225483654465,1.0620715840965387,-0.7338225483654658,1.718025047825299,,-0.1314546276136929,-2.640815875136473,-3.644077240895317,-0.08285223195820508,
020_190℃_080_1.0mm.csv,1.0,80,1.487675,0.30003306,1.510015,0.300107057,0.02234,3.312875262,1.583895,21.85033794,15.76976952,6.080568429,190,0.022340000000000027,3012768.205,783.3482542524611,40.0,31333.930170098443,18.314351482911587,4700.089525514767,0.02227100000000006,0.00016573321936173702,-0.00016573321936173702,785.8100349569876,5.847495017539746,-5.847495017539746,31432.401398279508,233.89980070158944,-233.89980070158944,3005716.0658,28985.581058486147,-28985.581058486147,4714.755775275215,4749.971778638895,4679.800861229683,18.213967763544836,18.527302573167503,17.90593209029313,1.5813549999999998,0.002320703018483869,-0.002320703018483869,21.155911323999998,0.6327935801973017,-0.6327935801973017,15.123456954,0.5946521437484503,-0.5946521437484503,6.0324543732,0.03984810964674773,-0.03984810964674773,0.08960573476661682,-0.08952551477130104,-0.08952551477130104,0.0,-0.08952551477130102,0.0,,0.10111894431822423,2.001351284599509,2.489214750227839,0.757471214022561,
021_190℃_120_1.0mm.csv,1.0,120,1.489645,0.30013079,1.504635,0.300081601,0.01499,2.517351118,1.53551,13.39795983,7.762208022,5.635751811,190,0.014989999999999837,2217269.517,1167.4449633088852,40.0,46697.79853235541,9.044046274783577,7004.669779853311,0.015147999999999894,0.0001424166422859507,-0.0001424166422859507,1155.3499217542048,10.889019313653842,-10.889019313653842,46213.996870168194,435.56077254615343,-435.56077254615343,2276837.0544,37594.12329202518,-37594.12329202518,6931.85362570826,6997.414401975469,6866.907107099356,9.38354107493616,9.625698529974756,9.147475669513303,1.536088,0.00045718705143526735,-0.00045718705143526735,13.624792371999998,0.17914730421922825,-0.17914730421922825,7.9689521472,0.17098836261655836,-0.17098836261655836,5.6558402262000005,0.012571467190271971,-0.012571467190271971,-1.5435139573069818,1.5677118078718282,1.567711807871824,-3.3698199246147533,1.5677118078718215,-4.861320241049169,,-0.03125020345184773,-1.3425227955713763,-2.0168893616972827,-0.39836470446162836,
022_190℃_120_1.0mm.csv,1.0,120,1.48971,0.300048712,1.504935,0.300259238,0.015225,2.594852413,1.53599,13.58027816,7.921985709,5.658292451,190,0.015224999999999822,2294593.1750000003,1149.4252873563353,40.0,45977.01149425341,9.50617172499989,6896.551724138012,0.015147999999999894,0.0001424166422859507,-0.0001424166422859507,1155.3499217542048,10.889019313653842,-10.889019313653842,46213.996870168194,435.56077254615343,-435.56077254615343,2276837.0544,37594.12329202518,-37594.12329202518,6931.85362570826,6997.414401975469,6866.907107099356,9.38354107493616,9.625698529974756,9.147475669513303,1.536088,0.00045718705143526735,-0.00045718705143526735,13.624792371999998,0.17914730421922825,-0.17914730421922825,7.9689521472,0.17098836261655836,-0.17098836261655836,5.6558402262000005,0.012571467190271971,-0.012571467190271971,0.0,0.0,0.0,0.0,0.0,0.0,,0.0,0.0,0.0,0.0,
023_190℃_120_1.0mm.csv,1.0,120,1.489805,0.300259117,1.504805,0.30029931,0.015,2.563665566,1.53664,13.84130396,8.186081966,5.655221995,190,0.014999999999999902,2263366.2560000005,1166.6666666666742,40.0,46666.66666666697,9.238229616326473,7000.0000000000455,0.015147999999999894,0.0001424166422859507,-0.0001424166422859507,1155.3499217542048,10.889019313653842,-10.889019313653842,46213.996870168194,435.56077254615343,-435.56077254615343,2276837.0544,37594.12329202518,-37594.12329202518,6931.85362570826,6997.414401975469,6866.907107099356,9.38354107493616,9.625698529974756,9.147475669513303,1.536088,0.00045718705143526735,-0.00045718705143526735,13.624792371999998,0.17914730421922825,-0.17914730421922825,7.9689521472,0.17098836261655836,-0.17098836261655836,5.6558402262000005,0.012571467190271971,-0.012571467190271971,-1.4778325123147609,1.4999999999994729,1.4999999999994689,-1.3608913048388092,1.4999999999994662,-2.8186121229933887,,0.0423179838410432,1.9220946502321035,3.333712868226526,-0.05426471018580715,
024_190℃_120_1.0mm.csv,1.0,120,1.489715,0.300139024,1.504945,0.30001982,0.01523,2.598166433,1.53585,13.53697152,7.877277372,5.659694148,190,0.015230000000000077,2298146.613,1149.0479317137172,40.0,45961.917268548685,9.524019841085762,6894.2875902823025,0.015147999999999894,0.0001424166422859507,-0.0001424166422859507,1155.3499217542048,10.889019313653842,-10.889019313653842,46213.996870168194,435.56077254615343,-435.56077254615343,2276837.0544,37594.12329202518,-37594.12329202518,6931.85362570826,6997.414401975469,6866.907107099356,9.38354107493616,9.625698529974756,9.147475669513303,1.536088,0.00045718705143526735,-0.00045718705143526735,13.624792371999998,0.17914730421922825,-0.17914730421922825,7.9689521472,0.17098836261655836,-0.17098836261655836,5.6558402262000005,0.012571467190271971,-0.012571467190271971,0.03284072249756886,-0.032829940907775454,-0.032829940907783364,0.15486135140272156,-0.03282994090778864,0.18775293148696554,,-0.009114642673456793,-0.31889361535729277,-0.5643577083105329,0.02477243818940033,
025_190℃_120_1.0mm.csv,1.0,120,1.489705,0.300202266,1.505,0.300305947,0.015295,2.611115658,1.53645,13.76744839,8.097207667,5.670240726,190,0.015294999999999837,2310809.711,1144.1647597254128,40.0,45766.59038901651,9.617369940066563,6864.9885583524765,0.015147999999999894,0.0001424166422859507,-0.0001424166422859507,1155.3499217542048,10.889019313653842,-10.889019313653842,46213.996870168194,435.56077254615343,-435.56077254615343,2276837.0544,37594.12329202518,-37594.12329202518,6931.85362570826,6997.414401975469,6866.907107099356,9.38354107493616,9.625698529974756,9.147475669513303,1.536088,0.00045718705143526735,-0.00045718705143526735,13.624792371999998,0.17914730421922825,-0.17914730421922825,7.9689521472,0.17098836261655836,-0.17098836261655836,5.6558402262000005,0.012571467190271971,-0.012571467190271971,0.4597701149426293,-0.4576659038902543,-0.4576659038902662,0.7067281545452974,-0.4576659038902609,1.1697475943364046,,0.029948111641360096,1.3782503406395583,2.21184390424907,0.21116397046406307,
026_190℃_160_1.0mm.csv,1.0,160,1.490725,0.300226298,1.502235,0.300261206,0.01151,2.025635582,1.518715,8.524409062,3.636197028,4.888212033,190,0.01150999999999991,1725374.376,1520.417028670733,40.0,60816.68114682932,5.4038255966693445,9122.502172024399,0.01163599999999998,0.00013107249902245347,-0.00013107249902245347,1504.1057574045212,16.924280609721077,-16.924280609721077,60164.23029618085,676.9712243888438,-676.9712243888438,1753376.269,35953.34142173665,-35953.34142173665,9024.17717338636,9126.349099207015,8923.149089677421,5.550424723210206,5.728260949368757,5.3781094961146945,1.518698,0.0004849175187595319,-0.0004849175187595319,8.515789169,0.23606832145375004,-0.23606832145375004,3.6254089296000003,0.16650874615871483,-0.16650874615871483,4.890380239200001,0.06981326862423448,-0.06981326862423448,-1.3710368466166158,1.3900955690717793,1.3900955690717824,-1.9657629757437134,1.3900955690717742,-3.3098484876457417,,0.0,0.0,0.0,0.0,
027_190℃_160_1.0mm.csv,1.0,160,1.490705,0.300274135,1.502375,0.3001712,0.01167,2.060142439,1.518115,8.229328961,3.417068287,4.812260674,190,0.01167000000000007,1759971.2389999998,1499.5715509854238,40.0,59982.86203941695,5.588806628334726,8997.429305912543,0.01163599999999998,0.00013107249902245347,-0.00013107249902245347,1504.1057574045212,16.924280609721077,-16.924280609721077,60164.23029618085,676.9712243888438,-676.9712243888438,1753376.269,35953.34142173665,-35953.34142173665,9024.17717338636,9126.349099207015,8923.149089677421,5.550424723210206,5.728260949368757,5.3781094961146945,1.518698,0.0004849175187595319,-0.0004849175187595319,8.515789169,0.23606832145375004,-0.23606832145375004,3.6254089296000003,0.16650874615871483,-0.16650874615871483,4.890380239200001,0.06981326862423448,-0.06981326862423448,0.0,0.0,0.0,0.0,0.0,0.0,,-0.039507083290804,-3.4615901096934,-6.026316487050383,-1.5537656404275757,
028_190℃_160_1.0mm.csv,1.0,160,1.49067,0.300213246,1.50217,0.300105696,0.0115,2.008099111,1.51833,8.338888303,3.506097032,4.832791271,190,0.011500000000000066,1707993.415,1521.7391304347739,40.0,60869.565217390955,5.3447412986394855,9130.434782608643,0.01163599999999998,0.00013107249902245347,-0.00013107249902245347,1504.1057574045212,16.924280609721077,-16.924280609721077,60164.23029618085,676.9712243888438,-676.9712243888438,1753376.269,35953.34142173665,-35953.34142173665,9024.17717338636,9126.349099207015,8923.149089677421,5.550424723210206,5.728260949368757,5.3781094961146945,1.518698,0.0004849175187595319,-0.0004849175187595319,8.515789169,0.23606832145375004,-0.23606832145375004,3.6254089296000003,0.16650874615871483,-0.16650874615871483,4.890380239200001,0.06981326862423448,-0.06981326862423448,-1.4567266495287274,1.4782608695652422,1.4782608695652453,-2.953333716381248,1.478260869565237,-4.367038366613948,,-0.02535037844494061,-2.176347447085957,-3.5779138203508873,-1.13376346250651,
029_190℃_160_1.0mm.csv,1.0,160,1.490685,0.300087445,1.502495,0.300007991,0.01181,2.091923602,1.519285,8.798343856,3.822192015,4.976151841,190,0.011809999999999876,1791915.611,1481.7950889077208,40.0,59271.803556308834,5.758509759431232,8890.770533446324,0.01163599999999998,0.00013107249902245347,-0.00013107249902245347,1504.1057574045212,16.924280609721077,-16.924280609721077,60164.23029618085,676.9712243888438,-676.9712243888438,1753376.269,35953.34142173665,-35953.34142173665,9024.17717338636,9126.349099207015,8923.149089677421,5.550424723210206,5.728260949368757,5.3781094961146945,1.518698,0.0004849175187595319,-0.0004849175187595319,8.515789169,0.23606832145375004,-0.23606832145375004,3.6254089296000003,0.16650874615871483,-0.16650874615871483,4.890380239200001,0.06981326862423448,-0.06981326862423448,1.1996572407866848,-1.1854360711245406,-1.1854360711245344,1.815050796974996,-1.1854360711245506,3.0364824260715406,,0.037531729126265255,3.2135341231000223,5.115096502410978,1.7990178700580883,
030_190℃_160_1.0mm.csv,1.0,160,1.49076,0.300306953,1.50245,0.300227327,0.01169,2.081854031,1.519045,8.687975663,3.745490286,4.942485377,190,0.011689999999999978,1781626.7040000001,1497.0059880239548,40.0,59880.239520958195,5.667269706057133,8982.03592814373,0.01163599999999998,0.00013107249902245347,-0.00013107249902245347,1504.1057574045212,16.924280609721077,-16.924280609721077,60164.23029618085,676.9712243888438,-676.9712243888438,1753376.269,35953.34142173665,-35953.34142173665,9024.17717338636,9126.349099207015,8923.149089677421,5.550424723210206,5.728260949368757,5.3781094961146945,1.518698,0.0004849175187595319,-0.0004849175187595319,8.515789169,0.23606832145375004,-0.23606832145375004,3.6254089296000003,0.16650874615871483,-0.16650874615871483,4.890380239200001,0.06981326862423448,-0.06981326862423448,0.17137960582612563,-0.171086398630528,-0.17108639863052194,1.2304442550041195,-0.1710863986305179,1.4039325913443848,,0.021728895809940734,1.9188028144865137,3.0057023081643544,1.110290299062389,
031_190℃_200_1.0mm.csv,1.0,200,1.49134,0.300278395,1.500895,0.300036933,0.009555,1.715319101,1.50882,4.462693832,1.362218222,3.10047561,190,0.00955499999999998,1415282.168,1831.5018315018353,40.0,73260.07326007342,3.679733636799992,10989.010989011012,0.009583999999999992,0.0003075995773729299,-0.0003075995773729299,1827.4588353709976,58.39360718473655,-58.39360718473655,73098.3534148399,2335.744287389463,-2335.744287389463,1421533.7375999999,65172.98385292443,-65172.98385292443,10960.262014869804,11316.976236977707,10614.791523736461,3.7025857204984463,4.001036486787637,3.4263974005010467,1.509215,0.0002952541278288126,-0.0002952541278288126,4.6382517138,0.13243485202054928,-0.13243485202054928,1.4484882248,0.07505981667410469,-0.07505981667410469,3.1897634885999997,0.06145853450720473,-0.06145853450720473,0.0,0.0,0.0,0.0,0.0,0.0,,-0.03246516620176633,-4.812782757211586,-8.70555054222453,-2.99549204600766,
032_190℃_200_1.0mm.csv,1.0,200,1.49132,0.300138738,1.5007,0.300312053,0.00938,1.666024768,1.50948,4.754027376,1.521392548,3.232634827,190,0.009379999999999944,1365712.7149999999,1865.671641791056,40.0,74626.86567164224,3.4858191201904547,11194.029850746336,0.009583999999999992,0.0003075995773729299,-0.0003075995773729299,1827.4588353709976,58.39360718473655,-58.39360718473655,73098.3534148399,2335.744287389463,-2335.744287389463,1421533.7375999999,65172.98385292443,-65172.98385292443,10960.262014869804,11316.976236977707,10614.791523736461,3.7025857204984463,4.001036486787637,3.4263974005010467,1.509215,0.0002952541278288126,-0.0002952541278288126,4.6382517138,0.13243485202054928,-0.13243485202054928,1.4484882248,0.07505981667410469,-0.07505981667410469,3.1897634885999997,0.06145853450720473,-0.06145853450720473,-1.8315018315022147,1.865671641791438,1.865671641791438,-3.50244312553228,1.865671641791438,-5.269797647043041,,0.011263425008779077,1.401228417830505,1.9621473532323808,1.1393702877972776,
033_190℃_200_1.0mm.csv,1.0,200,1.49127,0.300158892,1.501265,0.300094206,0.009995,1.808375905,1.508995,4.534990636,1.372459449,3.162531186,190,0.009994999999999976,1508281.6989999998,1750.8754377188636,40.0,70035.01750875455,4.102115804491146,10505.252626313182,0.009583999999999992,0.0003075995773729299,-0.0003075995773729299,1827.4588353709976,58.39360718473655,-58.39360718473655,73098.3534148399,2335.744287389463,-2335.744287389463,1421533.7375999999,65172.98385292443,-65172.98385292443,10960.262014869804,11316.976236977707,10614.791523736461,3.7025857204984463,4.001036486787637,3.4263974005010467,1.509215,0.0002952541278288126,-0.0002952541278288126,4.6382517138,0.13243485202054928,-0.13243485202054928,1.4484882248,0.07505981667410469,-0.07505981667410469,3.1897634885999997,0.06145853450720473,-0.06145853450720473,4.604918890633144,-4.402201100550247,-4.402201100550246,6.57109466244612,-4.402201100550247,11.478607132511646,,-0.020870463986844532,-3.270725011963322,-8.019194152596754,-1.0539606898937044,
034_190℃_200_1.0mm.csv,1.0,200,1.49132,0.300266561,1.50109,0.300120176,0.00977,1.76411293,1.50947,4.751213605,1.494255853,3.256957752,190,0.009770000000000056,1463992.754,1791.1975435005015,40.0,71647.90174002005,3.892029716076213,10747.185261003007,0.009583999999999992,0.0003075995773729299,-0.0003075995773729299,1827.4588353709976,58.39360718473655,-58.39360718473655,73098.3534148399,2335.744287389463,-2335.744287389463,1421533.7375999999,65172.98385292443,-65172.98385292443,10960.262014869804,11316.976236977707,10614.791523736461,3.7025857204984463,4.001036486787637,3.4263974005010467,1.509215,0.0002952541278288126,-0.0002952541278288126,4.6382517138,0.13243485202054928,-0.13243485202054928,1.4484882248,0.07505981667410469,-0.07505981667410469,3.1897634885999997,0.06145853450720473,-0.06145853450720473,2.2501308215601954,-2.2006141248728217,-2.200614124872839,3.441757912405202,-2.200614124872842,5.769332789555933,,0.01060087059650834,1.3412119700231535,0.1434742580426792,1.9003610738614996,
035_190℃_200_1.0mm.csv,1.0,200,1.49143,0.30029108,1.50065,0.30012353,0.00922,1.654522882,1.50931,4.68833312,1.492115052,3.196218068,190,0.009220000000000006,1354399.352,1898.047722342732,40.0,75921.90889370927,3.39797606134422,11388.28633405639,0.009583999999999992,0.0003075995773729299,-0.0003075995773729299,1827.4588353709976,58.39360718473655,-58.39360718473655,73098.3534148399,2335.744287389463,-2335.744287389463,1421533.7375999999,65172.98385292443,-65172.98385292443,10960.262014869804,11316.976236977707,10614.791523736461,3.7025857204984463,4.001036486787637,3.4263974005010467,1.509215,0.0002952541278288126,-0.0002952541278288126,4.6382517138,0.13243485202054928,-0.13243485202054928,1.4484882248,0.07505981667410469,-0.07505981667410469,3.1897634885999997,0.06145853450720473,-0.06145853450720473,-3.506017791731815,3.6334056399129477,3.6334056399129353,-4.301814675305095,3.6334056399129353,-7.657010079153369,,0.0,0.0,0.0,0.0,
036_190℃_240_1.0mm.csv,1.0,240,1.491565,0.300163193,1.500195,0.300071117,0.00863,1.546990376,1.50315,2.373134941,0.56349106,1.809643881,190,0.008629999999999916,1246919.2589999998,2027.8099652375633,40.0,81112.39860950253,2.9281396476652772,12166.85979142538,0.008775999999999983,0.00012939281278343475,-0.00012939281278343475,1994.4201291020552,29.283442540624716,-29.283442540624716,79776.80516408221,1171.3377016249913,-1171.3377016249913,1289685.598,37964.06744857057,-37964.06744857057,11965.486028302676,12142.842389963387,11790.720104532153,3.078468536022231,3.2151636012279448,2.9475851629010066,1.503485,0.00020706279240848788,-0.00020706279240848788,2.4843780208,0.06945328920267445,-0.06945328920267445,0.5963590232,0.02099584041374736,-0.02099584041374736,1.8880189978000002,0.049691264050352076,-0.049691264050352076,-1.5963511972637388,1.6222479721903924,1.622247972190383,-3.920956192477686,1.622247972190392,-6.150294503801201,,-0.02893085525593586,-5.623277630540411,-6.431895037231201,-4.803538473987417,
037_190℃_240_1.0mm.csv,1.0,240,1.49157,0.300211804,1.500405,0.300147765,0.008835,1.597953415,1.50342,2.461087378,0.588916533,1.872170845,190,0.008834999999999926,1297805.6500000001,1980.7583474816238,40.0,79230.33389926495,3.1200307259183417,11884.550084889743,0.008775999999999983,0.00012939281278343475,-0.00012939281278343475,1994.4201291020552,29.283442540624716,-29.283442540624716,79776.80516408221,1171.3377016249913,-1171.3377016249913,1289685.598,37964.06744857057,-37964.06744857057,11965.486028302676,12142.842389963387,11790.720104532153,3.078468536022231,3.2151636012279448,2.9475851629010066,1.503485,0.00020706279240848788,-0.00020706279240848788,2.4843780208,0.06945328920267445,-0.06945328920267445,0.5963590232,0.02099584041374736,-0.02099584041374736,1.8880189978000002,0.049691264050352076,-0.049691264050352076,0.7411630558720883,-0.7357102433501069,-0.7357102433501137,0.0,-0.7357102433501107,0.0,,-0.010973772683284998,-2.1255149938449005,-2.2099765450513225,-1.5143025169795934,
038_190℃_240_1.0mm.csv,1.0,240,1.491695,0.300249034,1.500465,0.300174261,0.00877,1.613436169,1.50364,2.53979394,0.613584853,1.926209087,190,0.008769999999999945,1313261.908,1995.43899657926,40.0,79817.5598631704,3.133961070247599,11972.63397947556,0.008775999999999983,0.00012939281278343475,-0.00012939281278343475,1994.4201291020552,29.283442540624716,-29.283442540624716,79776.80516408221,1171.3377016249913,-1171.3377016249913,1289685.598,37964.06744857057,-37964.06744857057,11965.486028302676,12142.842389963387,11790.720104532153,3.078468536022231,3.2151636012279448,2.9475851629010066,1.503485,0.00020706279240848788,-0.00020706279240848788,2.4843780208,0.06945328920267445,-0.06945328920267445,0.5963590232,0.02099584041374736,-0.02099584041374736,1.8880189978000002,0.049691264050352076,-0.049691264050352076,0.0,0.0,0.0,1.19095320628323,0.0,0.44648099820097464,,0.003657924227771511,1.0045503143665977,1.8862161345897095,1.3283835382699383,
039_190℃_240_1.0mm.csv,1.0,240,1.491595,0.300043595,1.500555,0.300277105,0.00896,1.635828028,1.50363,2.533339666,0.602225577,1.93111409,190,0.008960000000000079,1335550.923,1953.1249999999827,40.0,78124.9999999993,3.2562003456000292,11718.749999999894,0.008775999999999983,0.00012939281278343475,-0.00012939281278343475,1994.4201291020552,29.283442540624716,-29.283442540624716,79776.80516408221,1171.3377016249913,-1171.3377016249913,1289685.598,37964.06744857057,-37964.06744857057,11965.486028302676,12142.842389963387,11790.720104532153,3.078468536022231,3.2151636012279448,2.9475851629010066,1.503485,0.00020706279240848788,-0.00020706279240848788,2.4843780208,0.06945328920267445,-0.06945328920267445,0.5963590232,0.02099584041374736,-0.02099584041374736,1.8880189978000002,0.049691264050352076,-0.049691264050352076,2.166476624859016,-2.1205357142871963,-2.1205357142872123,2.9083917919451046,-2.1205357142872154,4.364367906716934,,0.0029928470954467333,0.7478716001179415,0.0,1.5864116145544525,
040_190℃_240_1.0mm.csv,1.0,240,1.491545,0.300179446,1.50023,0.300195636,0.008685,1.555085886,1.503585,2.514534179,0.613577093,1.900957086,190,0.008685000000000054,1254890.25,2014.9683362118471,40.0,80598.73344847388,2.965638590816345,12089.810017271082,0.008775999999999983,0.00012939281278343475,-0.00012939281278343475,1994.4201291020552,29.283442540624716,-29.283442540624716,79776.80516408221,1171.3377016249913,-1171.3377016249913,1289685.598,37964.06744857057,-37964.06744857057,11965.486028302676,12142.842389963387,11790.720104532153,3.078468536022231,3.2151636012279448,2.9475851629010066,1.503485,0.00020706279240848788,-0.00020706279240848788,2.4843780208,0.06945328920267445,-0.06945328920267445,0.5963590232,0.02099584041374736,-0.02099584041374736,1.8880189978000002,0.049691264050352076,-0.049691264050352076,-0.9692132269086803,0.9786989061587901,0.9786989061587784,-3.3067663097321343,0.9786989061587786,-4.948417136390649,,0.0,0.0,1.8849275808821966,0.0,
001_210℃_010_1.0mm.csv,1.0,10,1.41948,0.300201944,1.62114,0.300202657,0.20166,3.919031554,2.59488,40.01109402,30.77150795,9.23958607,210,0.20165999999999995,3618828.8970000003,86.77972825547954,40.0,3471.1891302191816,198.57769669905304,520.6783695328772,0.20176000000000002,0.0015861904047118713,-0.0015861904047118713,86.74100611787956,0.6819990517381638,-0.6819990517381638,3469.6402447151827,27.279962069526608,-27.279962069526608,3608817.1755999997,41188.87352301091,-41188.87352301091,520.4331684827941,524.5409893287494,516.3575170810686,198.1112520245149,201.95368505880612,194.34192630499595,2.596452,0.0033777388886649263,-0.0033777388886649263,40.066114682,0.17309580702450156,-0.17309580702450156,30.816117530000003,0.16073670836666606,-0.16073670836666606,9.2499971508,0.02674534450403997,-0.02674534450403997,0.0,0.0,0.0,0.0,0.0,0.0,,-0.04468344093311543,0.0,0.0,-0.24653129461845996,
002_210℃_010_1.0mm.csv,1.0,10,1.41902,0.30016008,1.623,0.300065278,0.20398,3.957469295,2.59604,40.05865803,30.78851406,9.270143968,210,0.20398000000000005,3657404.017,85.7927247769389,40.0,3431.7089910775558,203.00333915310483,514.7563486616334,0.20176000000000002,0.0015861904047118713,-0.0015861904047118713,86.74100611787956,0.6819990517381638,-0.6819990517381638,3469.6402447151827,27.279962069526608,-27.279962069526608,3608817.1755999997,41188.87352301091,-41188.87352301091,520.4331684827941,524.5409893287494,516.3575170810686,198.1112520245149,201.95368505880612,194.34192630499595,2.596452,0.0033777388886649263,-0.0033777388886649263,40.066114682,0.17309580702450156,-0.17309580702450156,30.816117530000003,0.16073670836666606,-0.16073670836666606,9.2499971508,0.02674534450403997,-0.02674534450403997,1.1504512545869783,-1.1373664084714632,-1.1373664084714665,1.0659558961734368,-1.1373664084714579,2.2286704537412945,,0.0,0.11887705438951403,0.055265767370365475,0.08338135501230486,
003_210℃_010_1.0mm.csv,1.0,10,1.4193,0.300048891,1.6208,0.300183613,0.2015,3.903910668,2.6018,40.36433227,31.09421306,9.270119211,210,0.2015,3603727.0549999997,86.848635235732,40.0,3473.94540942928,197.59210927414966,521.091811414392,0.20176000000000002,0.0015861904047118713,-0.0015861904047118713,86.74100611787956,0.6819990517381638,-0.6819990517381638,3469.6402447151827,27.279962069526608,-27.279962069526608,3608817.1755999997,41188.87352301091,-41188.87352301091,520.4331684827941,524.5409893287494,516.3575170810686,198.1112520245149,201.95368505880612,194.34192630499595,2.596452,0.0033777388886649263,-0.0033777388886649263,40.066114682,0.17309580702450156,-0.17309580702450156,30.816117530000003,0.16073670836666606,-0.16073670836666606,9.2499971508,0.02674534450403997,-0.02674534450403997,-0.07934146583355053,0.07940446650121104,0.07940446650120776,-0.41731296034802945,0.07940446650121649,-0.4963233239617245,,0.22187639635752868,0.8828507658986449,1.0487139938814767,0.08311407067663458,
004_210℃_010_1.0mm.csv,1.0,10,1.41926,0.300091458,1.62138,0.300033784,0.20212,3.919962894,2.59268,39.94348584,30.681065,9.262420836,210,0.20212000000000008,3619929.1100000003,86.58222837918065,40.0,3463.289135167226,199.09117597638104,519.4933702750839,0.20176000000000002,0.0015861904047118713,-0.0015861904047118713,86.74100611787956,0.6819990517381638,-0.6819990517381638,3469.6402447151827,27.279962069526608,-27.279962069526608,3608817.1755999997,41188.87352301091,-41188.87352301091,520.4331684827941,524.5409893287494,516.3575170810686,198.1112520245149,201.95368505880612,194.34192630499595,2.596452,0.0033777388886649263,-0.0033777388886649263,40.066114682,0.17309580702450156,-0.17309580702450156,30.816117530000003,0.16073670836666606,-0.16073670836666606,9.2499971508,0.02674534450403997,-0.02674534450403997,0.2281067142716092,-0.22758757173962577,-0.22758757173962246,0.030402459782281014,-0.22758757173963118,0.2585785241059507,,-0.12942789787521794,-0.16897358509168947,-0.29391783511863906,0.0,
005_210℃_010_1.0mm.csv,1.0,10,1.41886,0.300167141,1.6184,0.300006003,0.19954,3.844202802,2.59686,39.95300325,30.74528758,9.207715669,210,0.19954000000000005,3544196.7989999996,87.70171394206673,40.0,3508.068557682669,192.43783109454697,526.2102836524003,0.20176000000000002,0.0015861904047118713,-0.0015861904047118713,86.74100611787956,0.6819990517381638,-0.6819990517381638,3469.6402447151827,27.279962069526608,-27.279962069526608,3608817.1755999997,41188.87352301091,-41188.87352301091,520.4331684827941,524.5409893287494,516.3575170810686,198.1112520245149,201.95368505880612,194.34192630499595,2.596452,0.0033777388886649263,-0.0033777388886649263,40.066114682,0.17309580702450156,-0.17309580702450156,30.816117530000003,0.16073670836666606,-0.16073670836666606,9.2499971508,0.02674534450403997,-0.02674534450403997,-1.0512744222949024,1.0624436203267034,1.0624436203266967,-2.0623273474429946,1.0624436203266923,-3.0919210498302396,,0.031586570314788794,-0.1451866574079739,-0.08520989625404682,-0.5906141382324018,
006_210℃_020_1.0mm.csv,1.0,20,1.461795,0.300093764,1.555565,0.300018412,0.09377,3.681642376,1.99652,30.98191201,23.90456677,7.07734524,210,0.09377000000000013,3381623.964,186.62685293803963,40.0,7465.074117521585,86.28432084470215,1119.7611176282378,0.09342800000000002,0.0007678020578248813,-0.0007678020578248813,187.32007906736496,1.5309273906597785,-1.5309273906597785,7492.8031626945985,61.23709562639108,-61.23709562639108,3367467.9277999997,35048.139473049436,-35048.139473049436,1123.8903348486344,1133.1390189221077,1114.717138562328,85.60374506442436,87.20649774691267,84.03044908788792,2.000982,0.005431462280086267,-0.005431462280086267,31.295606352,0.35114013458027493,-0.35114013458027493,24.215774042,0.3559736998722764,-0.3559736998722764,7.0798323072,0.0091943040006624,-0.0091943040006624,0.7791928636682104,-0.7731683907433939,-0.7731683907433939,0.95810524388902,-0.7731683907433939,1.821366267485928,,-0.1470397007191913,-0.7264797056455399,-0.9571116782778601,0.0,
007_210℃_020_1.0mm.csv,1.0,20,1.46171,0.300032184,1.554755,0.300009091,0.093045,3.64598656,2.008835,31.78211202,24.70888944,7.073222572,210,0.09304500000000004,3345977.4689999996,188.0810360578214,40.0,7523.241442312856,84.71468669472249,1128.4862163469284,0.09342800000000002,0.0007678020578248813,-0.0007678020578248813,187.32007906736496,1.5309273906597785,-1.5309273906597785,7492.8031626945985,61.23709562639108,-61.23709562639108,3367467.9277999997,35048.139473049436,-35048.139473049436,1123.8903348486344,1133.1390189221077,1114.717138562328,85.60374506442436,87.20649774691267,84.03044908788792,2.000982,0.005431462280086267,-0.005431462280086267,31.295606352,0.35114013458027493,-0.35114013458027493,24.215774042,0.3559736998722764,-0.3559736998722764,7.0798323072,0.0091943040006624,-0.0091943040006624,0.0,0.0,0.0,-0.10611793175021612,0.0,-0.030908770741324886,,0.46887659668109943,1.8375541702055507,2.3754080509403694,-0.058251616392814835,
008_210℃_020_1.0mm.csv,1.0,20,1.46178,0.300035073,1.554515,0.300004335,0.092735,3.637620669,2.00407,31.52366308,24.44353573,7.080127348,210,0.09273500000000001,3337616.334,188.7097643823799,40.0,7548.390575295196,84.22145598190204,1132.2585862942792,0.09342800000000002,0.0007678020578248813,-0.0007678020578248813,187.32007906736496,1.5309273906597785,-1.5309273906597785,7492.8031626945985,61.23709562639108,-61.23709562639108,3367467.9277999997,35048.139473049436,-35048.139473049436,1123.8903348486344,1133.1390189221077,1114.717138562328,85.60374506442436,87.20649774691267,84.03044908788792,2.000982,0.005431462280086267,-0.005431462280086267,31.295606352,0.35114013458027493,-0.35114013458027493,24.215774042,0.3559736998722764,-0.3559736998722764,7.0798323072,0.0091943040006624,-0.0091943040006624,-0.3331721210167471,0.3342858683345437,0.33428586833454976,-0.35573892931668044,0.3342858683345336,-0.6129545534838756,,0.2305622518079883,1.0094214170732339,1.2759780500475075,0.03931005067093184,
009_210℃_020_1.0mm.csv,1.0,20,1.46186,0.300041212,1.556475,0.300111145,0.094615,3.722701094,1.996025,30.98170823,23.88630713,7.095401094,210,0.09461500000000012,3422589.949,184.96010146382687,40.0,7398.404058553075,88.11655728561507,1109.7606087829613,0.09342800000000002,0.0007678020578248813,-0.0007678020578248813,187.32007906736496,1.5309273906597785,-1.5309273906597785,7492.8031626945985,61.23709562639108,-61.23709562639108,3367467.9277999997,35048.139473049436,-35048.139473049436,1123.8903348486344,1133.1390189221077,1114.717138562328,85.60374506442436,87.20649774691267,84.03044908788792,2.000982,0.005431462280086267,-0.005431462280086267,31.295606352,0.35114013458027493,-0.35114013458027493,24.215774042,0.3559736998722764,-0.3559736998722764,7.0798323072,0.0091943040006624,-0.0091943040006624,1.6873555806331029,-1.6593563388469728,-1.6593563388469754,2.1811413558514574,-1.6593563388469674,3.9835298669956094,,-0.17179638502396033,-0.7271326659263327,-1.0327661547933893,0.2551218484856616,
010_210℃_020_1.0mm.csv,1.0,20,1.46175,0.300019821,1.554725,0.300097439,0.092975,3.649629362,1.99946,31.20863642,24.13557114,7.073065282,210,0.09297499999999981,3349531.9230000004,188.22264049475703,40.0,7528.905619790281,84.74087905875494,1129.335842968542,0.09342800000000002,0.0007678020578248813,-0.0007678020578248813,187.32007906736496,1.5309273906597785,-1.5309273906597785,7492.8031626945985,61.23709562639108,-61.23709562639108,3367467.9277999997,35048.139473049436,-35048.139473049436,1123.8903348486344,1133.1390189221077,1114.717138562328,85.60374506442436,87.20649774691267,84.03044908788792,2.000982,0.005431462280086267,-0.005431462280086267,31.295606352,0.35114013458027493,-0.35114013458027493,24.215774042,0.3559736998722764,-0.3559736998722764,7.0798323072,0.0091943040006624,-0.0091943040006624,-0.07523241442338277,0.07528905619815061,0.07528905619814759,0.0,0.0752890561981355,0.0,,0.0,0.0,0.0,-0.06047405990328226,
011_210℃_040_1.0mm.csv,1.0,40,1.48026,0.300038645,1.525145,0.300082317,0.044885,3.609023699,1.708555,24.80133988,18.74079279,6.060547094,210,0.044885000000000064,3308941.382,389.8852623370831,40.0,15595.410493483323,40.414104471039515,2339.3115740224985,0.045196000000000014,0.0003986132210551743,-0.0003986132210551743,387.2262595702501,3.3805892972352596,-3.3805892972352596,15489.05038281,135.22357188941098,-135.22357188941098,3341087.3544,30301.026953232195,-30301.026953232195,2323.2862424676177,2343.762651085163,2302.9887270966556,41.08684994697967,41.822025428308905,40.364597871028636,1.7160890000000002,0.0066112247352513205,-0.0066112247352513205,25.759772981999998,0.8534768924354037,-0.8534768924354037,19.640698796000002,0.8099265631361492,-0.8099265631361492,6.1190741862,0.044441589258708135,-0.044441589258708135,-0.36625971143167724,0.36760610448917186,0.36760610448916886,-0.7479993929893175,0.36760610448915715,-1.111519484002709,,-0.6191833410888794,-5.289513526862097,-6.484654491311097,-1.3925894788128552,
012_210℃_040_1.0mm.csv,1.0,40,1.48022,0.300104303,1.52611,0.300112296,0.04589,3.691160991,1.70935,24.86781527,18.78565534,6.082159932,210,0.045889999999999986,3391048.695,381.346698627152,40.0,15253.86794508608,42.34427880640814,2288.080191762912,0.045196000000000014,0.0003986132210551743,-0.0003986132210551743,387.2262595702501,3.3805892972352596,-3.3805892972352596,15489.05038281,135.22357188941098,-135.22357188941098,3341087.3544,30301.026953232195,-30301.026953232195,2323.2862424676177,2343.762651085163,2302.9887270966556,41.08684994697967,41.822025428308905,40.364597871028636,1.7160890000000002,0.0066112247352513205,-0.0066112247352513205,25.759772981999998,0.8534768924354037,-0.8534768924354037,19.640698796000002,0.8099265631361492,-0.8099265631361492,6.1190741862,0.044441589258708135,-0.044441589258708135,1.86459489456149,-1.8304641534102242,-1.8304641534102328,1.7148170002072114,-1.8304641534102482,3.6113862850056346,,-0.5729409027454709,-5.0356596401021845,-6.260793264592365,-1.0409403692293746,
013_210℃_040_1.0mm.csv,1.0,40,1.480385,0.30008024,1.5254,0.300025459,0.045015,3.631632444,1.722255,26.51628376,20.36759972,6.148684038,210,0.04501500000000003,3331606.985,388.75930245473705,40.0,15550.372098189482,40.80878596728574,2332.5558147284223,0.045196000000000014,0.0003986132210551743,-0.0003986132210551743,387.2262595702501,3.3805892972352596,-3.3805892972352596,15489.05038281,135.22357188941098,-135.22357188941098,3341087.3544,30301.026953232195,-30301.026953232195,2323.2862424676177,2343.762651085163,2302.9887270966556,41.08684994697967,41.822025428308905,40.364597871028636,1.7160890000000002,0.0066112247352513205,-0.0066112247352513205,25.759772981999998,0.8534768924354037,-0.8534768924354037,19.640698796000002,0.8099265631361492,-0.8099265631361492,6.1190741862,0.044441589258708135,-0.044441589258708135,-0.07769145394008262,0.07775186049095238,0.07775186049094945,-0.06814254966424318,0.07775186049093773,-0.14578106266671062,,0.1776989297347621,1.259453985974173,1.6330070099705436,0.04143218363655678,
014_210℃_040_1.0mm.csv,1.0,40,1.480385,0.300173463,1.525435,0.300010317,0.04505,3.633889092,1.7192,26.18647713,20.04033957,6.146137559,210,0.045050000000000034,3333878.775,388.4572697003327,40.0,15538.290788013308,40.86836430306125,2330.7436182019965,0.045196000000000014,0.0003986132210551743,-0.0003986132210551743,387.2262595702501,3.3805892972352596,-3.3805892972352596,15489.05038281,135.22357188941098,-135.22357188941098,3341087.3544,30301.026953232195,-30301.026953232195,2323.2862424676177,2343.762651085163,2302.9887270966556,41.08684994697967,41.822025428308905,40.364597871028636,1.7160890000000002,0.0066112247352513205,-0.0066112247352513205,25.759772981999998,0.8534768924354037,-0.8534768924354037,19.640698796000002,0.8099265631361492,-0.8099265631361492,6.1190741862,0.044441589258708135,-0.044441589258708135,0.0,0.0,0.0,0.0,0.0,0.0,,0.0,0.0,0.0,0.0,
015_210℃_040_1.0mm.csv,1.0,40,1.48034,0.300035561,1.52548,0.300026052,0.04514,3.639986987,1.721085,26.42694887,20.26910656,6.157842308,210,0.04513999999999996,3339960.9349999996,387.68276473194544,40.0,15507.310589277819,41.024717443782265,2326.096588391673,0.045196000000000014,0.0003986132210551743,-0.0003986132210551743,387.2262595702501,3.3805892972352596,-3.3805892972352596,15489.05038281,135.22357188941098,-135.22357188941098,3341087.3544,30301.026953232195,-30301.026953232195,2323.2862424676177,2343.762651085163,2302.9887270966556,41.08684994697967,41.822025428308905,40.364597871028636,1.7160890000000002,0.0066112247352513205,-0.0066112247352513205,25.759772981999998,0.8534768924354037,-0.8534768924354037,19.640698796000002,0.8099265631361492,-0.8099265631361492,6.1190741862,0.044441589258708135,-0.044441589258708135,0.19977802441714407,-0.19937970757626025,-0.19937970757625736,0.1824349477134088,-0.1993797075762651,0.38257743706494446,,0.1096440204746344,0.9183050427371491,1.141532503483425,0.19044072619007624,
016_210℃_080_1.0mm.csv,1.0,80,1.487215,0.300073342,1.510015,0.30018675,0.0228,3.179797152,1.589215,21.48696937,15.76915215,5.717817222,210,0.022800000000000153,2879610.402,767.5438596491176,40.0,30701.754385964705,17.865338004245015,4605.263157894706,0.022675999999999964,0.00022542737189623697,-0.00022542737189623697,771.802258912925,7.6969393059354685,-7.6969393059354685,30872.090356517,307.8775722374201,-307.8775722374201,2856559.0752,41249.824621432475,-41249.824621432475,4630.629723157073,4676.9670403130685,4584.751495608233,17.62375577126724,18.052782275727587,17.2049251323925,1.5876670000000002,0.002969176232560123,-0.002969176232560123,21.092472254,0.7472068770047416,-0.7472068770047416,15.407980753999999,0.7067813183888896,-0.7067813183888896,5.6844914988,0.043156639489020765,-0.043156639489020765,0.5956320317680065,-0.5921052631588454,-0.5921052631588395,0.269039462121338,-0.5921052631588356,0.8662739791038065,,0.0,0.0,0.0,0.3538597402738398,
017_210℃_080_1.0mm.csv,1.0,80,1.487295,0.300060779,1.509915,0.300193727,0.02262,3.161092014,1.58975,21.60125528,15.89206959,5.709185693,210,0.022619999999999862,2860898.287,773.6516357206059,40.0,30946.065428824237,17.609120884881527,4641.909814323635,0.022675999999999964,0.00022542737189623697,-0.00022542737189623697,771.802258912925,7.6969393059354685,-7.6969393059354685,30872.090356517,307.8775722374201,-307.8775722374201,2856559.0752,41249.824621432475,-41249.824621432475,4630.629723157073,4676.9670403130685,4584.751495608233,17.62375577126724,18.052782275727587,17.2049251323925,1.5876670000000002,0.002969176232560123,-0.002969176232560123,21.092472254,0.7472068770047416,-0.7472068770047416,15.407980753999999,0.7067813183888896,-0.7067813183888896,5.6844914988,0.043156639489020765,-0.043156639489020765,-0.19854401058933552,0.19893899204276236,0.1989389920427712,-0.3825229145291991,0.19893899204276727,-0.5803074487826129,,0.033664419225841194,0.5318847345664529,0.7794803349652515,0.2023670959694309,
018_210℃_080_1.0mm.csv,1.0,80,1.487305,0.300211633,1.50997,0.300141734,0.022665,3.172025635,1.58293,19.89657809,14.28655469,5.610023398,210,0.022664999999999935,2871883.901,772.1155967350562,40.0,30884.623869402247,17.711904385350973,4632.693580410337,0.022675999999999964,0.00022542737189623697,-0.00022542737189623697,771.802258912925,7.6969393059354685,-7.6969393059354685,30872.090356517,307.8775722374201,-307.8775722374201,2856559.0752,41249.824621432475,-41249.824621432475,4630.629723157073,4676.9670403130685,4584.751495608233,17.62375577126724,18.052782275727587,17.2049251323925,1.5876670000000002,0.002969176232560123,-0.002969176232560123,21.092472254,0.7472068770047416,-0.7472068770047416,15.407980753999999,0.7067813183888896,-0.7067813183888896,5.6844914988,0.043156639489020765,-0.043156639489020765,0.0,0.0,0.0,0.0,0.0,0.0,,-0.3954782707185684,-7.401654708087864,-9.401884425346235,-1.538038142180673,
019_210℃_080_1.0mm.csv,1.0,80,1.48711,0.300151382,1.51006,0.300220347,0.02295,3.185963051,1.586565,20.8229608,15.13518513,5.687775668,210,0.022950000000000026,2885742.704,762.5272331154675,40.0,30501.0893246187,18.021168722938796,4575.163398692805,0.022675999999999964,0.00022542737189623697,-0.00022542737189623697,771.802258912925,7.6969393059354685,-7.6969393059354685,30872.090356517,307.8775722374201,-307.8775722374201,2856559.0752,41249.824621432475,-41249.824621432475,4630.629723157073,4676.9670403130685,4584.751495608233,17.62375577126724,18.052782275727587,17.2049251323925,1.5876670000000002,0.002969176232560123,-0.002969176232560123,21.092472254,0.7472068770047416,-0.7472068770047416,15.407980753999999,0.7067813183888896,-0.7067813183888896,5.6844914988,0.043156639489020765,-0.043156639489020765,1.257445400397492,-1.2418300653598673,-1.2418300653598642,0.4825683585319781,-1.2418300653598722,1.746081792557593,,-0.16674899242708136,-3.0902849004247455,-4.02029870705509,-0.17340193659406286,
020_210℃_080_1.0mm.csv,1.0,80,1.48717,0.300203462,1.509515,0.300069378,0.022345,3.08472946,1.589875,21.65459773,15.95694221,5.697655513,210,0.022344999999999837,2784660.0820000004,783.1729693443781,40.0,31326.918773775124,16.931491029194436,4699.0378160662685,0.022675999999999964,0.00022542737189623697,-0.00022542737189623697,771.802258912925,7.6969393059354685,-7.6969393059354685,30872.090356517,307.8775722374201,-307.8775722374201,2856559.0752,41249.824621432475,-41249.824621432475,4630.629723157073,4676.9670403130685,4584.751495608233,17.62375577126724,18.052782275727587,17.2049251323925,1.5876670000000002,0.002969176232560123,-0.002969176232560123,21.092472254,0.7472068770047416,-0.7472068770047416,15.407980753999999,0.7067813183888896,-0.7067813183888896,5.6844914988,0.043156639489020765,-0.043156639489020765,-1.4118685197445353,1.432087715373026,1.432087715373032,-3.0371638271877224,1.432087715373036,-4.406151586963143,,0.041529937736548096,0.7801396144494916,1.1908697323337027,0.0,
021_210℃_120_1.0mm.csv,1.0,120,1.48937,0.300200691,1.5049,0.300028243,0.01553,2.529061832,1.53533,12.42473211,7.207820839,5.216911276,210,0.015529999999999822,2229033.589,1126.8512556342691,40.0,45074.05022537077,9.419562350250233,6761.107533805615,0.015513999999999983,0.0003113157561062274,-0.0003113157561062274,1128.372854527662,22.393429288804416,-22.393429288804416,45134.91418110648,895.7371715521773,-895.7371715521773,2218048.1906,72078.89601208424,-72078.89601208424,6769.162680047217,6905.60888963978,6635.412477194929,9.358060953629492,9.859215143595861,8.882380953896611,1.537464,0.00367557206431867,-0.00367557206431867,13.18042367,1.3270121139962554,-1.3270121139962554,7.9218789692,1.2494441475293279,-1.2494441475293279,5.2585447004,0.07810488966403727,-0.07810488966403727,0.0,0.0,0.0,0.0,0.0,0.0,,-0.23814242411442582,-9.62634198556343,-14.757961142909865,-1.4276157538765366,CH04圧力@V01横ばい終点(MPa)
022_210℃_120_1.0mm.csv,1.0,120,1.48936,0.300169642,1.50493,0.300281012,0.01557,2.535032359,1.539875,14.04452069,8.723249899,5.321270789,210,0.015570000000000084,2234751.347,1123.956326268459,40.0,44958.253050738356,9.46804856402454,6743.737957610753,0.015513999999999983,0.0003113157561062274,-0.0003113157561062274,1128.372854527662,22.393429288804416,-22.393429288804416,45134.91418110648,895.7371715521773,-895.7371715521773,2218048.1906,72078.89601208424,-72078.89601208424,6769.162680047217,6905.60888963978,6635.412477194929,9.358060953629492,9.859215143595861,8.882380953896611,1.537464,0.00367557206431867,-0.00367557206431867,13.18042367,1.3270121139962554,-1.3270121139962554,7.9218789692,1.2494441475293279,-1.2494441475293279,5.2585447004,0.07810488966403727,-0.07810488966403727,0.25756600128952034,-0.25690430314875234,-0.25690430314876045,0.25651286854609684,-0.2569043031487658,0.5147395597739116,,0.05718017277510414,2.1554990946793704,3.163996922241711,0.5442341532703723,
023_210℃_120_1.0mm.csv,1.0,120,1.489305,0.300012986,1.504545,0.300035096,0.01524,2.441330673,1.541015,14.45094038,9.13026658,5.320673797,210,0.01523999999999992,2141295.577,1148.2939632545992,40.0,45931.75853018397,8.87982165808975,6889.763779527595,0.015513999999999983,0.0003113157561062274,-0.0003113157561062274,1128.372854527662,22.393429288804416,-22.393429288804416,45134.91418110648,895.7371715521773,-895.7371715521773,2218048.1906,72078.89601208424,-72078.89601208424,6769.162680047217,6905.60888963978,6635.412477194929,9.358060953629492,9.859215143595861,8.882380953896611,1.537464,0.00367557206431867,-0.00367557206431867,13.18042367,1.3270121139962554,-1.3270121139962554,7.9218789692,1.2494441475293279,-1.2494441475293279,5.2585447004,0.07810488966403727,-0.07810488966403727,-1.8673535093361542,1.9028871391069877,1.9028871391069875,-3.9361458002686067,1.902887139106974,-5.729997552870865,,0.1312544875064658,5.111670201566383,7.977508871589688,0.5329541215231365,
024_210℃_120_1.0mm.csv,1.0,120,1.489315,0.300135276,1.50531,0.300214288,0.015995,2.624302759,1.532105,11.23374635,6.092346079,5.141400266,210,0.01599499999999998,2324088.471,1094.0919037199137,40.0,43763.67614879655,10.11531839282856,6564.551422319482,0.015513999999999983,0.0003113157561062274,-0.0003113157561062274,1128.372854527662,22.393429288804416,-22.393429288804416,45134.91418110648,895.7371715521773,-895.7371715521773,2218048.1906,72078.89601208424,-72078.89601208424,6769.162680047217,6905.60888963978,6635.412477194929,9.358060953629492,9.859215143595861,8.882380953896611,1.537464,0.00367557206431867,-0.00367557206431867,13.18042367,1.3270121139962554,-1.3270121139962554,7.9218789692,1.2494441475293279,-1.2494441475293279,5.2585447004,0.07810488966403727,-0.07810488966403727,2.994204764972087,-2.9071584870281932,-2.9071584870281977,4.264398817006779,-2.9071584870282,7.386288414555089,,-0.44769476184132123,-18.289203995093214,-27.949929278623852,-2.8543795799694305,CH03圧力@V01横ばい終点(MPa)・CH04圧力@V01横ばい終点(MPa)
025_210℃_120_1.0mm.csv,1.0,120,1.48938,0.300118076,1.504615,0.300002752,0.015235,2.461074721,1.538995,13.74817882,8.455711449,5.292467374,210,0.01523500000000011,2161071.969,1148.6708237610683,40.0,45946.83295044273,8.958892910942922,6892.02494256641,0.015513999999999983,0.0003113157561062274,-0.0003113157561062274,1128.372854527662,22.393429288804416,-22.393429288804416,45134.91418110648,895.7371715521773,-895.7371715521773,2218048.1906,72078.89601208424,-72078.89601208424,6769.162680047217,6905.60888963978,6635.412477194929,9.358060953629492,9.859215143595861,8.882380953896611,1.537464,0.00367557206431867,-0.00367557206431867,13.18042367,1.3270121139962554,-1.3270121139962554,7.9218789692,1.2494441475293279,-1.2494441475293279,5.2585447004,0.07810488966403727,-0.07810488966403727,-1.8995492594959147,1.936330817195353,1.9363308171953488,-3.048927586169277,1.9363308171953462,-4.890560964279554,,0.0,0.0,0.0,0.0,
026_210℃_160_1.0mm.csv,1.0,160,1.49047,0.300082122,1.502225,0.300108309,0.011755,2.003130191,1.52174,9.465012966,4.595131287,4.869881679,210,0.01175499999999996,1703021.8819999998,1488.7282007656368,40.0,59549.12803062547,5.44735298582583,8932.36920459382,0.01182599999999998,0.00038031894509741665,-0.00038031894509741665,1481.0104837838555,47.43253303987221,-47.43253303987221,59240.41935135422,1897.3013215948902,-1897.3013215948902,1707211.128,75989.96518633307,-75989.96518633307,8882.406610146209,9172.157359703977,8601.809159379205,5.487120876982538,5.923313484315044,5.083049478698877,1.5222440000000002,0.0004080042891931582,-0.0004080042891931582,9.688686689799999,0.18425432264281102,-0.18425432264281102,4.7774574426,0.13491960205825512,-0.13491960205825512,4.9112292472,0.05348193816953137,-0.05348193816953137,0.0,0.0,0.0,0.0,0.0,0.0,,-0.027592368739151267,-1.9793137209577292,-3.669741239913819,-0.32893953985701985,
027_210℃_160_1.0mm.csv,1.0,160,1.490355,0.300242416,1.502615,0.300353965,0.01226,2.097460931,1.522495,9.79224233,4.838799338,4.953442991,210,0.012259999999999938,1797106.966,1427.4061990212144,40.0,57096.247960848574,5.995246640315616,8564.437194127288,0.01182599999999998,0.00038031894509741665,-0.00038031894509741665,1481.0104837838555,47.43253303987221,-47.43253303987221,59240.41935135422,1897.3013215948902,-1897.3013215948902,1707211.128,75989.96518633307,-75989.96518633307,8882.406610146209,9172.157359703977,8601.809159379205,5.487120876982538,5.923313484315044,5.083049478698877,1.5222440000000002,0.0004080042891931582,-0.0004080042891931582,9.688686689799999,0.18425432264281102,-0.18425432264281102,4.7774574426,0.13491960205825512,-0.13491960205825512,4.9112292472,0.05348193816953137,-0.05348193816953137,4.296044236494934,-4.119086460032468,-4.119086460032475,5.5245963069780615,-4.119086460032459,10.057979644708562,,0.0220081988752808,1.4095085601267836,1.4384058267003184,1.3812959708733263,
028_210℃_160_1.0mm.csv,1.0,160,1.490465,0.300048296,1.501895,0.300236341,0.01143,1.921462078,1.522035,9.588481042,4.724262188,4.864218855,210,0.011430000000000051,1621225.737,1531.058617672784,40.0,61242.34470691136,5.042342904465328,9186.351706036705,0.01182599999999998,0.00038031894509741665,-0.00038031894509741665,1481.0104837838555,47.43253303987221,-47.43253303987221,59240.41935135422,1897.3013215948902,-1897.3013215948902,1707211.128,75989.96518633307,-75989.96518633307,8882.406610146209,9172.157359703977,8601.809159379205,5.487120876982538,5.923313484315044,5.083049478698877,1.5222440000000002,0.0004080042891931582,-0.0004080042891931582,9.688686689799999,0.18425432264281102,-0.18425432264281102,4.7774574426,0.13491960205825512,-0.13491960205825512,4.9112292472,0.05348193816953137,-0.05348193816953137,-2.7647809442782627,2.843394575677228,2.843394575677225,-4.803000235319336,2.843394575677233,-7.434988744337849,,-0.008212014505697873,-0.700665124643387,-0.9626993013201153,-0.4448396192599825,
029_210℃_160_1.0mm.csv,1.0,160,1.49049,0.300083581,1.501995,0.300269121,0.011505,1.945952958,1.52216,9.656138235,4.770184723,4.885953512,210,0.011504999999999876,1645683.837,1521.0777922642492,40.0,60843.11169056997,5.151997971342802,9126.466753585495,0.01182599999999998,0.00038031894509741665,-0.00038031894509741665,1481.0104837838555,47.43253303987221,-47.43253303987221,59240.41935135422,1897.3013215948902,-1897.3013215948902,1707211.128,75989.96518633307,-75989.96518633307,8882.406610146209,9172.157359703977,8601.809159379205,5.487120876982538,5.923313484315044,5.083049478698877,1.5222440000000002,0.0004080042891931582,-0.0004080042891931582,9.688686689799999,0.18425432264281102,-0.18425432264281102,4.7774574426,0.13491960205825512,-0.13491960205825512,4.9112292472,0.05348193816953137,-0.05348193816953137,-2.1267545725230486,2.17296827466393,2.17296827466393,-3.3668413545375517,2.17296827466393,-5.421991474603357,,0.0,0.0,0.0,0.0,
030_210℃_160_1.0mm.csv,1.0,160,1.490325,0.300239228,1.502505,0.300327657,0.01218,2.069344875,1.52279,9.941558876,4.958909677,4.982649199,210,0.01218000000000008,1769017.218,1436.781609195393,40.0,57471.26436781572,5.863028493942895,8620.689655172358,0.01182599999999998,0.00038031894509741665,-0.00038031894509741665,1481.0104837838555,47.43253303987221,-47.43253303987221,59240.41935135422,1897.3013215948902,-1897.3013215948902,1707211.128,75989.96518633307,-75989.96518633307,8882.406610146209,9172.157359703977,8601.809159379205,5.487120876982538,5.923313484315044,5.083049478698877,1.5222440000000002,0.0004080042891931582,-0.0004080042891931582,9.688686689799999,0.18425432264281102,-0.18425432264281102,4.7774574426,0.13491960205825512,-0.13491960205825512,4.9112292472,0.05348193816953137,-0.05348193816953137,3.615482773288994,-3.4893267651897903,-3.489326765189793,3.875190136869913,-3.4893267651897846,7.630779741989638,,0.04138855310874878,2.9558466754903487,3.9563447740302626,1.9790545849958041,
031_210℃_200_1.0mm.csv,1.0,200,1.49105,0.300022057,1.500825,0.300185632,0.009775,1.691861839,1.511795,5.659050834,2.086693537,3.572357296,210,0.00977500000000009,1391676.207,1790.2813299232573,40.0,71611.2531969303,3.7016693669184013,10741.687979539545,0.009747000000000039,9.087078738518313e-05,-9.087078738518313e-05,1795.550138777573,16.88161379034512,-16.88161379034512,71822.00555110292,675.2645516138016,-675.2645516138016,1379587.901,20749.697380441517,-20749.697380441517,10772.922047023003,10874.255977687471,10672.532416872058,3.6585416772170447,3.7478052397532693,3.571404154612709,1.511935,0.0003492491947020068,-0.0003492491947020068,5.7196362964,0.16293268692328308,-0.16293268692328308,2.1250907886,0.10100264743295796,-0.10100264743295796,3.5945455076000004,0.06243560592791992,-0.06243560592791992,0.10240655402012788,-0.10230179028200354,-0.10230179028200351,0.2745985806146906,-0.10230179028198662,0.11480540591122868,,-0.017525759559803164,-1.90560588966251,-2.912020566311758,-1.3080244462912605,
032_210℃_200_1.0mm.csv,1.0,200,1.49106,0.300078095,1.500825,0.300254303,0.009765,1.691758156,1.51208,5.785900547,2.160864985,3.625035562,210,0.009765000000000024,1391503.853,1792.1146953404975,40.0,71684.5878136199,3.6974245236857226,10752.688172042985,0.009747000000000039,9.087078738518313e-05,-9.087078738518313e-05,1795.550138777573,16.88161379034512,-16.88161379034512,71822.00555110292,675.2645516138016,-675.2645516138016,1379587.901,20749.697380441517,-20749.697380441517,10772.922047023003,10874.255977687471,10672.532416872058,3.6585416772170447,3.7478052397532693,3.571404154612709,1.511935,0.0003492491947020068,-0.0003492491947020068,5.7196362964,0.16293268692328308,-0.16293268692328308,2.1250907886,0.10100264743295796,-0.10100264743295796,3.5945455076000004,0.06243560592791992,-0.06243560592791992,0.0,0.0,0.0,0.26217993892430475,0.0,0.0,,0.001322698834710992,0.29321615749868485,0.5389682302241441,0.14729530744811153,
033_210℃_200_1.0mm.csv,1.0,200,1.49103,0.300030957,1.500625,0.300286948,0.009595,1.643185105,1.51233,5.909121876,2.250751787,3.658370089,210,0.00959500000000002,1342898.1570000001,1823.8665971860305,40.0,72954.66388744122,3.5061517867795993,10943.199583116182,0.009747000000000039,9.087078738518313e-05,-9.087078738518313e-05,1795.550138777573,16.88161379034512,-16.88161379034512,71822.00555110292,675.2645516138016,-675.2645516138016,1379587.901,20749.697380441517,-20749.697380441517,10772.922047023003,10874.255977687471,10672.532416872058,3.6585416772170447,3.7478052397532693,3.571404154612709,1.511935,0.0003492491947020068,-0.0003492491947020068,5.7196362964,0.16293268692328308,-0.16293268692328308,2.1250907886,0.10100264743295796,-0.10100264743295796,3.5945455076000004,0.06243560592791992,-0.06243560592791992,-1.7409114183308045,1.7717561229807448,1.771756122980737,-3.2400116129726273,1.7717561229807406,-5.173134317707612,,0.017856434268480912,2.429143535479474,4.721148233753823,1.0682139197778817,
034_210℃_200_1.0mm.csv,1.0,200,1.490975,0.300029304,1.500815,0.300197512,0.00984,1.688062661,1.51206,5.768984951,2.149281043,3.619703908,210,0.009840000000000071,1387865.149,1778.4552845528326,40.0,71138.21138211331,3.7160797458939046,10670.731707316996,0.009747000000000039,9.087078738518313e-05,-9.087078738518313e-05,1795.550138777573,16.88161379034512,-16.88161379034512,71822.00555110292,675.2645516138016,-675.2645516138016,1379587.901,20749.697380441517,-20749.697380441517,10772.922047023003,10874.255977687471,10672.532416872058,3.6585416772170447,3.7478052397532693,3.571404154612709,1.511935,0.0003492491947020068,-0.0003492491947020068,5.7196362964,0.16293268692328308,-0.16293268692328308,2.1250907886,0.10100264743295796,-0.10100264743295796,3.5945455076000004,0.06243560592791992,-0.06243560592791992,0.7680491551464114,-0.7621951219517038,-0.7621951219516987,0.0,-0.7621951219516954,0.504546396787182,,0.0,0.0,0.0,0.0,
035_210℃_200_1.0mm.csv,1.0,200,1.491035,0.300041344,1.500795,0.300192179,0.00976,1.684188318,1.51141,5.475123274,1.977862591,3.497260683,210,0.009759999999999991,1383996.139,1793.0327868852476,40.0,71721.31147540991,3.6755924671129216,10758.196721311488,0.009747000000000039,9.087078738518313e-05,-9.087078738518313e-05,1795.550138777573,16.88161379034512,-16.88161379034512,71822.00555110292,675.2645516138016,-675.2645516138016,1379587.901,20749.697380441517,-20749.697380441517,10772.922047023003,10874.255977687471,10672.532416872058,3.6585416772170447,3.7478052397532693,3.571404154612709,1.511935,0.0003492491947020068,-0.0003492491947020068,5.7196362964,0.16293268692328308,-0.16293268692328308,2.1250907886,0.10100264743295796,-0.10100264743295796,3.5945455076000004,0.06243560592791992,-0.06243560592791992,-0.05120327701006394,0.051229508197052416,0.051229508197057495,-0.27877420243513945,0.05122950819707779,-0.5904665918924019,,-0.042987712127828225,-5.093819441305035,-7.97561829144183,-3.3826862116922087,
036_210℃_240_1.0mm.csv,1.0,240,1.491375,0.300167264,1.500235,0.300015203,0.00886,1.555178785,1.505095,3.003310997,0.83302636,2.170284637,210,0.00886000000000009,1255163.582,1975.1693002257136,40.0,79006.77200902854,3.0260542412299625,11851.015801354282,0.008953000000000034,0.0001970596356435977,-0.0001970596356435977,1955.4070040947104,42.87917633897216,-42.87917633897216,78216.28016378841,1715.167053558882,-1715.167053558882,1277382.8812,40176.559236739675,-40176.559236739675,11730.179825506413,11990.750470985518,11475.271633053053,3.1101224192298305,3.2792324786732565,2.9497333676414286,1.505322,0.00022695263823102632,-0.00022695263823102632,3.0868947982000003,0.08302946542898718,-0.08302946542898718,0.865947248,0.04323785198236455,-0.04323785198236455,2.2209475504,0.041648045253531975,-0.041648045253531975,-0.33745781777248907,0.3386004514669774,0.3386004514669797,-1.6315548488172258,0.3386004514669735,-1.9635068572011436,,-0.012290072278903575,-2.2975386660816444,-3.5406956054590633,-1.8118219136332678,
037_210℃_240_1.0mm.csv,1.0,240,1.49143,0.300226064,1.50032,0.300198897,0.00889,1.576180824,1.50528,3.073935862,0.863603947,2.210331915,210,0.008890000000000065,1275981.927,1968.5039370078598,40.0,78740.15748031439,3.086661042457165,11811.02362204716,0.008953000000000034,0.0001970596356435977,-0.0001970596356435977,1955.4070040947104,42.87917633897216,-42.87917633897216,78216.28016378841,1715.167053558882,-1715.167053558882,1277382.8812,40176.559236739675,-40176.559236739675,11730.179825506413,11990.750470985518,11475.271633053053,3.1101224192298305,3.2792324786732565,2.9497333676414286,1.505322,0.00022695263823102632,-0.00022695263823102632,3.0868947982000003,0.08302946542898718,-0.08302946542898718,0.865947248,0.04323785198236455,-0.04323785198236455,2.2209475504,0.041648045253531975,-0.041648045253531975,0.0,0.0,0.0,0.0,0.0,0.0,,0.0,0.0,0.0,0.0,
038_210℃_240_1.0mm.csv,1.0,240,1.4913,0.300306277,1.500385,0.300116148,0.009085,1.590965052,1.505535,3.159738748,0.897050538,2.262688211,210,0.00908500000000001,1290848.9039999999,1926.2520638414949,40.0,77050.0825536598,3.191118991248983,11557.51238304897,0.008953000000000034,0.0001970596356435977,-0.0001970596356435977,1955.4070040947104,42.87917633897216,-42.87917633897216,78216.28016378841,1715.167053558882,-1715.167053558882,1277382.8812,40176.559236739675,-40176.559236739675,11730.179825506413,11990.750470985518,11475.271633053053,3.1101224192298305,3.2792324786732565,2.9497333676414286,1.505322,0.00022695263823102632,-0.00022695263823102632,3.0868947982000003,0.08302946542898718,-0.08302946542898718,0.865947248,0.04323785198236455,-0.04323785198236455,2.2209475504,0.041648045253531975,-0.041648045253531975,2.193475815522427,-2.146395156851354,-2.146395156851345,1.1651400921448911,-2.1463951568513537,3.38417297380547,,0.016940369897966906,2.791303717839256,3.872908538246876,2.368707416505821,
039_210℃_240_1.0mm.csv,1.0,240,1.49141,0.300170773,1.500125,0.300344834,0.008715,1.529288124,1.50558,3.184867143,0.92005029,2.264816853,210,0.008715000000000028,1228943.29,2008.0321285140496,40.0,80321.28514056199,2.9143512305714383,12048.192771084297,0.008953000000000034,0.0001970596356435977,-0.0001970596356435977,1955.4070040947104,42.87917633897216,-42.87917633897216,78216.28016378841,1715.167053558882,-1715.167053558882,1277382.8812,40176.559236739675,-40176.559236739675,11730.179825506413,11990.750470985518,11475.271633053053,3.1101224192298305,3.2792324786732565,2.9497333676414286,1.505322,0.00022695263823102632,-0.00022695263823102632,3.0868947982000003,0.08302946542898718,-0.08302946542898718,0.865947248,0.04323785198236455,-0.04323785198236455,2.2209475504,0.041648045253531975,-0.041648045253531975,-1.9685039370082675,2.0080321285144582,2.0080321285144658,-3.6864657723322027,2.0080321285144467,-5.582401485475648,,0.019929846938773314,3.608770188452294,6.536137681640317,2.4650115953286735,
040_210℃_240_1.0mm.csv,1.0,240,1.491355,0.300238452,1.50057,0.300310082,0.009215,1.636286785,1.50512,3.012621241,0.816005105,2.196616136,210,0.009214999999999973,1335976.703,1899.077590884433,40.0,75963.10363537732,3.349938862080262,11394.465545306599,0.008953000000000034,0.0001970596356435977,-0.0001970596356435977,1955.4070040947104,42.87917633897216,-42.87917633897216,78216.28016378841,1715.167053558882,-1715.167053558882,1277382.8812,40176.559236739675,-40176.559236739675,11730.179825506413,11990.750470985518,11475.271633053053,3.1101224192298305,3.2792324786732565,2.9497333676414286,1.505322,0.00022695263823102632,-0.00022695263823102632,3.0868947982000003,0.08302946542898718,-0.08302946542898718,0.865947248,0.04323785198236455,-0.04323785198236455,2.2209475504,0.041648045253531975,-0.041648045253531975,3.6557930258707128,-3.5268583830701075,-3.5268583830700986,4.701851549030605,-3.526858383070107,8.529534535917561,,-0.010629251700676152,-1.994661689528763,-5.511651743296164,-0.6205302880947626,
001_230℃_010_1.0mm.csv,1.0,10,1.41534,0.300170522,1.60852,0.300010092,0.19318,3.561573568,2.56374,35.17924901,27.32232606,7.856922949,230,0.1931799999999999,3261563.4760000003,90.5890878972979,40.0,3623.563515891916,171.44730130440266,543.5345273837873,0.19261199999999995,0.007037593338635057,-0.007037593338635057,90.95059293786726,3.2296515991538826,-3.2296515991538826,3638.0237175146904,129.18606396615513,-129.18606396615513,3207058.6708,131991.93576175903,-131991.93576175903,545.4230854961078,565.4288288370357,526.1251761852316,167.88619442280697,181.19958145045737,155.55098997554222,2.588572,0.017689084769992983,-0.017689084769992983,35.905484554,0.5815627438193854,-0.5815627438193854,28.08687395,0.5513302758223029,-0.5513302758223029,7.8186106028,0.1137642562718259,-0.1137642562718259,1.257993500366893,-1.2423646340200665,-1.2423646340200758,2.612638973624436,-1.2423646340200716,3.9034993024675875,,-1.3156679189505318,-2.774539334966245,-3.7899063940237947,0.0,
002_230℃_010_1.0mm.csv,1.0,10,1.41336,0.300208596,1.60276,0.300121564,0.1894,3.415729684,2.59792,36.30242237,28.39860667,7.903815696,230,0.1894,3115608.12,92.39704329461456,40.0,3695.8817317845824,160.57038855183677,554.3822597676874,0.19261199999999995,0.007037593338635057,-0.007037593338635057,90.95059293786726,3.2296515991538826,-3.2296515991538826,3638.0237175146904,129.18606396615513,-129.18606396615513,3207058.6708,131991.93576175903,-131991.93576175903,545.4230854961078,565.4288288370357,526.1251761852316,167.88619442280697,181.19958145045737,155.55098997554222,2.588572,0.017689084769992983,-0.017689084769992983,35.905484554,0.5815627438193854,-0.5815627438193854,28.08687395,0.5513302758223029,-0.5513302758223029,7.8186106028,0.1137642562718259,-0.1137642562718259,-0.723346262710943,0.7286166842660621,0.7286166842660559,-1.9792889044319355,0.7286166842660724,-2.6883180548243986,,0.0,0.3295930841667713,0.0,0.5968334843600277,
003_230℃_010_1.0mm.csv,1.0,10,1.4144,0.300072743,1.60518,0.300137892,0.19078,3.47865811,2.5767,35.38840983,27.6811281,7.70728173,230,0.19077999999999995,3178520.218,91.72869273508756,40.0,3669.1477094035026,165.00628222858225,550.3721564105253,0.19261199999999995,0.007037593338635057,-0.007037593338635057,90.95059293786726,3.2296515991538826,-3.2296515991538826,3638.0237175146904,129.18606396615513,-129.18606396615513,3207058.6708,131991.93576175903,-131991.93576175903,545.4230854961078,565.4288288370357,526.1251761852316,167.88619442280697,181.19958145045737,155.55098997554222,2.588572,0.017689084769992983,-0.017689084769992983,35.905484554,0.5815627438193854,-0.5815627438193854,28.08687395,0.5513302758223029,-0.5513302758223029,7.8186106028,0.1137642562718259,-0.1137642562718259,0.0,0.0,0.0,0.0,0.0,0.0,,-0.8168072919874197,-2.196478186708199,-2.5264569432483386,-1.9045779113698198,
004_230℃_010_1.0mm.csv,1.0,10,1.41432,0.300043189,1.59984,0.300058423,0.18552,3.373433573,2.59822,36.18316516,28.49428759,7.688877568,230,0.1855199999999999,3073375.15,94.32945235015097,40.0,3773.178094006039,155.14899532734688,565.9767141009058,0.19261199999999995,0.007037593338635057,-0.007037593338635057,90.95059293786726,3.2296515991538826,-3.2296515991538826,3638.0237175146904,129.18606396615513,-129.18606396615513,3207058.6708,131991.93576175903,-131991.93576175903,545.4230854961078,565.4288288370357,526.1251761852316,167.88619442280697,181.19958145045737,155.55098997554222,2.588572,0.017689084769992983,-0.017689084769992983,35.905484554,0.5815627438193854,-0.5815627438193854,28.08687395,0.5513302758223029,-0.5513302758223029,7.8186106028,0.1137642562718259,-0.1137642562718259,-2.7571024216375113,2.8352738249245553,2.835273824924552,-3.307988019222345,2.835273824924561,-5.973885823074376,,0.01154769969822739,0.0,0.3369211775487417,-2.138819256479903,
005_230℃_010_1.0mm.csv,1.0,10,1.41316,0.300108546,1.61734,0.300042999,0.20418,3.706269389,2.60628,36.4741764,28.53802133,7.936155071,230,0.20418000000000003,3406226.39,85.70868841218531,40.0,3428.3475364874125,189.2471576354286,514.252130473112,0.19261199999999995,0.007037593338635057,-0.007037593338635057,90.95059293786726,3.2296515991538826,-3.2296515991538826,3638.0237175146904,129.18606396615513,-129.18606396615513,3207058.6708,131991.93576175903,-131991.93576175903,545.4230854961078,565.4288288370357,526.1251761852316,167.88619442280697,181.19958145045737,155.55098997554222,2.588572,0.017689084769992983,-0.017689084769992983,35.905484554,0.5815627438193854,-0.5815627438193854,28.08687395,0.5513302758223029,-0.5513302758223029,7.8186106028,0.1137642562718259,-0.1137642562718259,7.023797043715317,-6.562836712704523,-6.562836712704521,7.163905099942336,-6.562836712704502,14.690880298281982,,0.3217958982570728,0.8042724806223006,0.4909207751635088,1.008437049902392,
006_230℃_020_1.0mm.csv,1.0,20,1.45837,0.300033094,1.55196,0.300022437,0.09359,3.373236315,2.00373,28.71594936,22.43979458,6.276154772,230,0.09359000000000006,3073213.878,186.9857890800298,40.0,7479.431563201192,78.26451342640006,1121.9147344801788,0.09254000000000003,0.000805923383455299,-0.000805923383455299,189.11885037214785,1.641625530247956,-1.641625530247956,7564.754014885913,65.66502120991764,-65.66502120991764,3028588.7517999997,29988.702342075772,-29988.702342075772,1134.678827157253,1144.587631253805,1124.8558045211525,76.25746142027666,77.680716392942,74.8602831216081,2.009053,0.0039036082667194094,-0.0039036082667194094,29.011311912000004,0.21850472247220146,-0.21850472247220146,22.757876752,0.22987391967172352,-0.22987391967172352,6.2534351598,0.022176129965961744,-0.022176129965961744,1.5461400748657395,-1.5225985682231031,-1.5225985682231002,1.9986904956658038,-1.522598568223108,3.575733125257558,,-0.21886087768441448,-0.9678430866407083,-1.2306220359625368,0.4537657920679554,
007_230℃_020_1.0mm.csv,1.0,20,1.458265,0.300047683,1.55043,0.30001542,0.092165,3.313008884,2.012705,29.22549074,22.97768637,6.247804373,230,0.09216500000000005,3012993.464,189.87685129930006,40.0,7595.074051972002,75.56259662845176,1139.2611077958004,0.09254000000000003,0.000805923383455299,-0.000805923383455299,189.11885037214785,1.641625530247956,-1.641625530247956,7564.754014885913,65.66502120991764,-65.66502120991764,3028588.7517999997,29988.702342075772,-29988.702342075772,1134.678827157253,1144.587631253805,1124.8558045211525,76.25746142027666,77.680716392942,74.8602831216081,2.009053,0.0039036082667194094,-0.0039036082667194094,29.011311912000004,0.21850472247220146,-0.21850472247220146,22.757876752,0.22987391967172352,-0.22987391967172352,6.2534351598,0.022176129965961744,-0.022176129965961744,0.0,0.0,0.0,0.0,0.0,0.0,,0.22807345160285372,0.7894027304974022,1.1369235902177295,0.0,
008_230℃_020_1.0mm.csv,1.0,20,1.458265,0.300065713,1.55016,0.300039578,0.091895,3.303752156,2.013095,29.22212939,22.98601146,6.236117925,230,0.09189500000000006,3003712.578,190.43473529571781,40.0,7617.389411828713,75.10916118511842,1142.608411774307,0.09254000000000003,0.000805923383455299,-0.000805923383455299,189.11885037214785,1.641625530247956,-1.641625530247956,7564.754014885913,65.66502120991764,-65.66502120991764,3028588.7517999997,29988.702342075772,-29988.702342075772,1134.678827157253,1144.587631253805,1124.8558045211525,76.25746142027666,77.680716392942,74.8602831216081,2.009053,0.0039036082667194094,-0.0039036082667194094,29.011311912000004,0.21850472247220146,-0.21850472247220146,22.757876752,0.22987391967172352,-0.22987391967172352,6.2534351598,0.022176129965961744,-0.022176129965961744,-0.2929528562903405,0.29381359159910087,0.29381359159910386,-0.30802874652369105,0.29381359159909587,-0.6000792238029051,,0.2474945533768912,0.7778105056864533,1.173566704657264,-0.18704887833081085,
009_230℃_020_1.0mm.csv,1.0,20,1.458105,0.300045848,1.551315,0.300061382,0.09321,3.345746508,2.008125,28.99659086,22.71938433,6.277206538,230,0.09321000000000002,3045685.126,187.74809569788647,40.0,7509.923827915459,77.24851988964899,1126.4885741873188,0.09254000000000003,0.000805923383455299,-0.000805923383455299,189.11885037214785,1.641625530247956,-1.641625530247956,7564.754014885913,65.66502120991764,-65.66502120991764,3028588.7517999997,29988.702342075772,-29988.702342075772,1134.678827157253,1144.587631253805,1124.8558045211525,76.25746142027666,77.680716392942,74.8602831216081,2.009053,0.0039036082667194094,-0.0039036082667194094,29.011311912000004,0.21850472247220146,-0.21850472247220146,22.757876752,0.22987391967172352,-0.22987391967172352,6.2534351598,0.022176129965961744,-0.022176129965961744,1.133836054901494,-1.1211243428816193,-1.1211243428816164,1.0850226656847473,-1.1211243428816244,2.2311610987736055,,0.0,0.0,0.0,0.47059996191720693,
010_230℃_020_1.0mm.csv,1.0,20,1.458385,0.300081325,1.550225,0.30010739,0.09184,3.307446103,2.00761,28.89639921,22.66650702,6.229892191,230,0.09183999999999992,3007338.713,190.54878048780503,40.0,7621.9512195122015,75.15482650392374,1143.2926829268304,0.09254000000000003,0.000805923383455299,-0.000805923383455299,189.11885037214785,1.641625530247956,-1.641625530247956,7564.754014885913,65.66502120991764,-65.66502120991764,3028588.7517999997,29988.702342075772,-29988.702342075772,1134.678827157253,1144.587631253805,1124.8558045211525,76.25746142027666,77.680716392942,74.8602831216081,2.009053,0.0039036082667194094,-0.0039036082667194094,29.011311912000004,0.21850472247220146,-0.21850472247220146,22.757876752,0.22987391967172352,-0.22987391967172352,6.2534351598,0.022176129965961744,-0.022176129965961744,-0.3526284381274134,0.35387630662034925,0.3538763066203552,-0.18767883394254065,0.3538763066203592,-0.539645463129142,,-0.02564581388111015,-0.3455290674815655,-0.23274094593389674,-0.28669562826595063,
011_230℃_040_1.0mm.csv,1.0,40,1.478965,0.300057483,1.524485,0.300183403,0.04552,3.369971902,1.71881,23.90403804,18.31065001,5.593388031,230,0.045520000000000005,3069788.499,384.44639718804916,40.0,15377.855887521966,38.02361155768164,2306.6783831282946,0.04562900000000005,0.00021122854920680332,-0.00021122854920680332,383.5345734014144,1.7697158442674248,-1.7697158442674248,15341.382936056576,70.78863377069673,-70.78863377069673,3074898.4298,9630.382891319667,-9630.382891319667,2301.1877998224654,2311.8479196177796,2290.5768347111966,38.177629985644415,38.47285283837757,37.88467253634111,1.721912,0.0019219215644765142,-0.0019219215644765142,24.25010403,0.21593232953803487,-0.21593232953803487,18.641499618,0.20714556141780682,-0.20714556141780682,5.6086044088,0.01160289931114255,-0.01160289931114255,-0.08779631255496041,0.08787346221450218,0.08787346221449627,-0.18359433136978848,0.08787346221449233,-0.27122945487174216,,-0.18756823302594983,-1.4822339470285035,-1.8270813518327707,-0.38689223297685515,
012_230℃_040_1.0mm.csv,1.0,40,1.47897,0.300050549,1.524655,0.300144545,0.045685,3.377363046,1.72204,24.25037203,18.65142675,5.598945271,230,0.0456850000000002,3077218.501,383.05789646492116,40.0,15322.315858596847,38.25380332467636,2298.347378789527,0.04562900000000005,0.00021122854920680332,-0.00021122854920680332,383.5345734014144,1.7697158442674248,-1.7697158442674248,15341.382936056576,70.78863377069673,-70.78863377069673,3074898.4298,9630.382891319667,-9630.382891319667,2301.1877998224654,2311.8479196177796,2290.5768347111966,38.177629985644415,38.47285283837757,37.88467253634111,1.721912,0.0019219215644765142,-0.0019219215644765142,24.25010403,0.21593232953803487,-0.21593232953803487,18.641499618,0.20714556141780682,-0.20714556141780682,5.6086044088,0.01160289931114255,-0.01160289931114255,0.2743634767343122,-0.273612783189566,-0.273612783189566,0.05799758741952177,-0.27361278318956606,0.3325201883510996,,0.0,-0.054857913493195395,0.0,-0.2879228884688123,
013_230℃_040_1.0mm.csv,1.0,40,1.478835,0.300044853,1.5248,0.300030734,0.045965,3.389030029,1.722805,24.34079463,18.7241544,5.616640224,230,0.045965000000000034,3088999.2950000004,380.7244642662893,40.0,15228.978570651572,38.63560614821092,2284.346785597736,0.04562900000000005,0.00021122854920680332,-0.00021122854920680332,383.5345734014144,1.7697158442674248,-1.7697158442674248,15341.382936056576,70.78863377069673,-70.78863377069673,3074898.4298,9630.382891319667,-9630.382891319667,2301.1877998224654,2311.8479196177796,2290.5768347111966,38.177629985644415,38.47285283837757,37.88467253634111,1.721912,0.0019219215644765142,-0.0019219215644765142,24.25010403,0.21593232953803487,-0.21593232953803487,18.641499618,0.20714556141780682,-0.20714556141780682,5.6086044088,0.01160289931114255,-0.01160289931114255,0.8889376646180603,-0.8811051887305188,-0.8811051887305247,0.44105867237232826,-0.881105188730509,1.3339170736521622,,0.04442405519035009,0.31780851791871817,0.38993075958653367,0.027207985762045063,
014_230℃_040_1.0mm.csv,1.0,40,1.47902,0.300034,1.52458,0.300091214,0.04556,3.375526037,1.723995,24.49163287,18.8765204,5.615112465,230,0.045560000000000045,3075434.8230000003,384.10886742756765,40.0,15364.354697102706,38.12702327506943,2304.6532045654058,0.04562900000000005,0.00021122854920680332,-0.00021122854920680332,383.5345734014144,1.7697158442674248,-1.7697158442674248,15341.382936056576,70.78863377069673,-70.78863377069673,3074898.4298,9630.382891319667,-9630.382891319667,2301.1877998224654,2311.8479196177796,2290.5768347111966,38.177629985644415,38.47285283837757,37.88467253634111,1.721912,0.0019219215644765142,-0.0019219215644765142,24.25010403,0.21593232953803487,-0.21593232953803487,18.641499618,0.20714556141780682,-0.20714556141780682,5.6086044088,0.01160289931114255,-0.01160289931114255,0.0,0.0,0.0,0.0,0.0,0.0,,0.1135281410420158,0.939471117990528,1.2068441359318616,0.0,
015_230℃_040_1.0mm.csv,1.0,40,1.47901,0.300102853,1.524425,0.300051389,0.045415,3.36310242,1.72191,24.26368258,18.64474653,5.618936053,230,0.04541499999999998,3063051.031,385.33524166024455,40.0,15413.409666409781,37.85264287697005,2312.0114499614674,0.04562900000000005,0.00021122854920680332,-0.00021122854920680332,383.5345734014144,1.7697158442674248,-1.7697158442674248,15341.382936056576,70.78863377069673,-70.78863377069673,3074898.4298,9630.382891319667,-9630.382891319667,2301.1877998224654,2311.8479196177796,2290.5768347111966,38.177629985644415,38.47285283837757,37.88467253634111,1.721912,0.0019219215644765142,-0.0019219215644765142,24.25010403,0.21593232953803487,-0.21593232953803487,18.641499618,0.20714556141780682,-0.20714556141780682,5.6086044088,0.01160289931114255,-0.01160289931114255,-0.31826163301154875,0.3192777716614844,0.31927777166147847,-0.4026680034766701,0.3192777716614943,-0.7196480987247544,,-0.0075491858493393574,0.0,-0.03581613401237411,0.06809459336447127,
016_230℃_080_1.0mm.csv,1.0,80,1.48678,0.300192169,1.508855,0.300208468,0.022075,2.865253463,1.57868,17.33595162,12.29578127,5.040170357,230,0.022075000000000067,2565044.995,792.7519818799523,40.0,31710.07927519809,15.407719255680322,4756.511891279713,0.022671000000000018,0.00038851319153922485,-0.00038851319153922485,772.0944290296432,13.362448960084945,-13.362448960084945,30883.777161185724,534.4979584033979,-534.4979584033979,2640963.0916,52174.6595277282,-52174.6595277282,4632.01520574842,4712.47876654249,4552.92552586425,16.287562099663063,16.901635744868965,15.695799102220997,1.587514,0.005887097544630886,-0.005887097544630886,19.360647124,1.3598190273470467,-1.3598190273470467,14.157880363999999,1.2545053266365676,-1.2545053266365676,5.2027667624000005,0.10635383626986872,-0.10635383626986872,-3.073545554335557,3.1710079275194487,3.1710079275194487,-3.499954691107824,3.1710079275194287,-6.46592754363106,,-0.7465947420868727,-13.486467573730554,-16.94937100028601,-3.6897427334010837,CH03圧力@V01横ばい終点(MPa)・CH04圧力@V01横ばい終点(MPa)
017_230℃_080_1.0mm.csv,1.0,80,1.486655,0.300001089,1.50943,0.300162672,0.022775,2.958239139,1.584275,18.59054986,13.43327599,5.157273869,230,0.02277499999999999,2658076.4669999997,768.386388583974,40.0,30735.455543358963,16.472841234265296,4610.318331503845,0.022671000000000018,0.00038851319153922485,-0.00038851319153922485,772.0944290296432,13.362448960084945,-13.362448960084945,30883.777161185724,534.4979584033979,-534.4979584033979,2640963.0916,52174.6595277282,-52174.6595277282,4632.01520574842,4712.47876654249,4552.92552586425,16.287562099663063,16.901635744868965,15.695799102220997,1.587514,0.005887097544630886,-0.005887097544630886,19.360647124,1.3598190273470467,-1.3598190273470467,14.157880363999999,1.2545053266365676,-1.2545053266365676,5.2027667624000005,0.10635383626986872,-0.10635383626986872,0.0,0.0,0.0,0.0,0.0,0.0,,-0.39483073518362094,-7.225506081835219,-9.26627629443382,-1.4520665104380022,
018_230℃_080_1.0mm.csv,1.0,80,1.486635,0.300140825,1.50917,0.300000504,0.022535,2.912739241,1.590555,20.03842767,14.80516333,5.233264348,230,0.02253499999999997,2612738.7369999997,776.5697803416916,40.0,31062.791213667664,16.02124284035236,4659.41868205015,0.022671000000000018,0.00038851319153922485,-0.00038851319153922485,772.0944290296432,13.362448960084945,-13.362448960084945,30883.777161185724,534.4979584033979,-534.4979584033979,2640963.0916,52174.6595277282,-52174.6595277282,4632.01520574842,4712.47876654249,4552.92552586425,16.287562099663063,16.901635744868965,15.695799102220997,1.587514,0.005887097544630886,-0.005887097544630886,19.360647124,1.3598190273470467,-1.3598190273470467,14.157880363999999,1.2545053266365676,-1.2545053266365676,5.2027667624000005,0.10635383626986872,-0.10635383626986872,-1.0537870472009576,1.0650099844686722,1.0650099844686662,-1.7056593579179369,1.065009984468662,-2.7414723877357674,,0.0,0.0,0.0,0.0,
019_230℃_080_1.0mm.csv,1.0,80,1.486565,0.300086274,1.509655,0.300216797,0.02309,2.99584591,1.59221,20.46235408,15.16644125,5.295912822,230,0.023090000000000055,2695629.113,757.9038544824581,40.0,30316.154179298323,16.93661937936603,4547.423126894749,0.022671000000000018,0.00038851319153922485,-0.00038851319153922485,772.0944290296432,13.362448960084945,-13.362448960084945,30883.777161185724,534.4979584033979,-534.4979584033979,2640963.0916,52174.6595277282,-52174.6595277282,4632.01520574842,4712.47876654249,4552.92552586425,16.287562099663063,16.901635744868965,15.695799102220997,1.587514,0.005887097544630886,-0.005887097544630886,19.360647124,1.3598190273470467,-1.3598190273470467,14.157880363999999,1.2545053266365676,-1.2545053266365676,5.2027667624000005,0.10635383626986872,-0.10635383626986872,1.3830954994514395,-1.36422693806872,-1.364226938068726,1.4127752330008565,-1.3642269380687297,2.815410763117318,,0.104051730370843,2.115567234023407,2.440215700072259,1.1971203790602096,
020_230℃_080_1.0mm.csv,1.0,80,1.486635,0.300082193,1.509515,0.300202991,0.02288,2.973529137,1.59185,20.37595239,15.08873998,5.287212416,230,0.02288000000000001,2673326.146,764.8601398601395,40.0,30594.40559440558,16.643728495368716,4589.160839160837,0.022671000000000018,0.00038851319153922485,-0.00038851319153922485,772.0944290296432,13.362448960084945,-13.362448960084945,30883.777161185724,534.4979584033979,-534.4979584033979,2640963.0916,52174.6595277282,-52174.6595277282,4632.01520574842,4712.47876654249,4552.92552586425,16.287562099663063,16.901635744868965,15.695799102220997,1.587514,0.005887097544630886,-0.005887097544630886,19.360647124,1.3598190273470467,-1.3598190273470467,14.157880363999999,1.2545053266365676,-1.2545053266365676,5.2027667624000005,0.10635383626986872,-0.10635383626986872,0.4610318331504799,-0.4589160839161826,-0.45891608391618555,0.5737110722481134,-0.45891608391619737,1.0373878960719671,,0.08141812134758283,1.6843872461376486,1.9153902167724384,1.030868391362989,
021_230℃_120_1.0mm.csv,1.0,120,1.489025,0.3000814,1.50493,0.300217617,0.015905,2.481525515,1.539625,12.97264026,8.072731095,4.899909164,230,0.015905000000000058,2181307.898,1100.282929896255,40.0,44011.3171958502,9.440463161276226,6601.69757937753,0.015330999999999984,0.0003342603775502604,-0.0003342603775502604,1141.902364621781,24.328644732422163,-24.328644732422163,45676.09458487124,973.1457892968893,-973.1457892968893,2048835.9596000002,79052.77167677309,-79052.77167677309,6850.150924127295,6999.400849832759,6704.083490866683,8.540564256660911,9.057815149250457,8.05285122518645,1.5394970000000001,0.0006049235488886156,-0.0006049235488886156,12.924455076000001,0.19974356309836105,-0.19974356309836105,8.0600012542,0.1805054985219032,-0.1805054985219032,4.8644538204,0.02705211900581275,-0.02705211900581275,4.2950819672135925,-4.118201823326449,-4.118201823326441,8.452622507915741,-4.118201823326436,13.73360298764961,,0.0,0.0,0.0,0.7132701305904146,
022_230℃_120_1.0mm.csv,1.0,120,1.488875,0.300029069,1.504125,0.300156205,0.01525,2.300441785,1.539995,13.06512472,8.199917627,4.865207095,230,0.015249999999999986,2000285.5799999998,1147.5409836065585,40.0,45901.63934426234,8.300504787755093,6885.24590163935,0.015330999999999984,0.0003342603775502604,-0.0003342603775502604,1141.902364621781,24.328644732422163,-24.328644732422163,45676.09458487124,973.1457892968893,-973.1457892968893,2048835.9596000002,79052.77167677309,-79052.77167677309,6850.150924127295,6999.400849832759,6704.083490866683,8.540564256660911,9.057815149250457,8.05285122518645,1.5394970000000001,0.0006049235488886156,-0.0006049235488886156,12.924455076000001,0.19974356309836105,-0.19974356309836105,8.0600012542,0.1805054985219032,-0.1805054985219032,4.8644538204,0.02705211900581275,-0.02705211900581275,0.0,0.0,0.0,-0.5476406541818379,0.0,0.0,,0.024031825931637992,0.7129193298080375,1.57550809637119,0.0,
023_230℃_120_1.0mm.csv,1.0,120,1.489095,0.300206181,1.504155,0.30007122,0.01506,2.311371498,1.53916,12.80868141,7.968786922,4.839894484,230,0.015059999999999851,2011300.2780000002,1162.0185922974883,40.0,46480.74369189954,8.24222644535502,6972.111553784931,0.015330999999999984,0.0003342603775502604,-0.0003342603775502604,1141.902364621781,24.328644732422163,-24.328644732422163,45676.09458487124,973.1457892968893,-973.1457892968893,2048835.9596000002,79052.77167677309,-79052.77167677309,6850.150924127295,6999.400849832759,6704.083490866683,8.540564256660911,9.057815149250457,8.05285122518645,1.5394970000000001,0.0006049235488886156,-0.0006049235488886156,12.924455076000001,0.19974356309836105,-0.19974356309836105,8.0600012542,0.1805054985219032,-0.1805054985219032,4.8644538204,0.02705211900581275,-0.02705211900581275,-1.2459016393451456,1.261620185923886,1.261620185923898,0.0,1.261620185923906,-0.7021060030716005,,-0.030202159616785757,-1.2638818830547005,-1.2875961279619506,-0.5202781814984484,
024_230℃_120_1.0mm.csv,1.0,120,1.489085,0.300092775,1.504385,0.300057329,0.0153,2.36180199,1.540075,13.13429452,8.253320252,4.880974267,230,0.015300000000000091,2061744.661,1143.7908496731957,40.0,45751.63398692783,8.583590017224541,6862.745098039175,0.015330999999999984,0.0003342603775502604,-0.0003342603775502604,1141.902364621781,24.328644732422163,-24.328644732422163,45676.09458487124,973.1457892968893,-973.1457892968893,2048835.9596000002,79052.77167677309,-79052.77167677309,6850.150924127295,6999.400849832759,6704.083490866683,8.540564256660911,9.057815149250457,8.05285122518645,1.5394970000000001,0.0006049235488886156,-0.0006049235488886156,12.924455076000001,0.19974356309836105,-0.19974356309836105,8.0600012542,0.1805054985219032,-0.1805054985219032,4.8644538204,0.02705211900581275,-0.02705211900581275,0.3278688524597086,-0.3267973856216154,-0.32679738562160354,2.5080483283262343,-0.32679738562159566,3.410457998735873,,0.02922789640334896,1.2461168795256397,2.237026786533882,0.3240801818324309,
025_230℃_120_1.0mm.csv,1.0,120,1.48893,0.300022025,1.50407,0.300002278,0.01514,2.289543659,1.53863,12.64153447,7.805250375,4.836284092,230,0.015139999999999931,1989541.381,1155.8784676354082,40.0,46235.13870541633,8.19636911791561,6935.27080581245,0.015330999999999984,0.0003342603775502604,-0.0003342603775502604,1141.902364621781,24.328644732422163,-24.328644732422163,45676.09458487124,973.1457892968893,-973.1457892968893,2048835.9596000002,79052.77167677309,-79052.77167677309,6850.150924127295,6999.400849832759,6704.083490866683,8.540564256660911,9.057815149250457,8.05285122518645,1.5394970000000001,0.0006049235488886156,-0.0006049235488886156,12.924455076000001,0.19974356309836105,-0.19974356309836105,8.0600012542,0.1805054985219032,-0.1805054985219032,4.8644538204,0.02705211900581275,-0.02705211900581275,-0.7213114754101941,0.7265521796569068,0.7265521796569068,-1.0818323468655193,0.7265521796569201,-1.2545703243627282,,-0.06462612649184568,-2.5523392568044625,-3.313385728476318,-0.5944865744712982,
026_230℃_160_1.0mm.csv,1.0,160,1.49015,0.300106942,1.50191,0.300064118,0.01176,1.908094291,1.52146,8.784370588,4.316205277,4.468165312,230,0.011759999999999993,1608030.173,1488.095238095239,40.0,59523.809523809556,5.145696553599997,8928.571428571433,0.011817000000000012,0.00019279522815668305,-0.00019279522815668305,1481.2327113046435,24.165590284823324,-24.165590284823324,59249.30845218573,966.6236113929311,-966.6236113929311,1612475.641,35172.89935392413,-35172.89935392413,8886.450061942525,9032.624269847931,8742.641379095889,5.183385833113401,5.383490047036662,4.99071948869115,1.522167,0.0008130698002016067,-0.0008130698002016067,9.078260049399999,0.34219737456547716,-0.34219737456547716,4.5550504618,0.2760652263798883,-0.2760652263798883,4.523209587799999,0.06656351533486511,-0.06656351533486511,0.0,0.0,0.0,-0.20196942566582735,0.0,0.0,,-0.050911981395774644,-3.634853181198952,-6.109988853754004,-1.1139164049191497,
027_230℃_160_1.0mm.csv,1.0,160,1.49005,0.300155419,1.50202,0.300329038,0.01197,1.931991474,1.52233,9.136595407,4.597086766,4.53950864,230,0.011969999999999814,1631662.436,1461.98830409359,40.0,58479.5321637436,5.314557648685632,8771.92982456154,0.011817000000000012,0.00019279522815668305,-0.00019279522815668305,1481.2327113046435,24.165590284823324,-24.165590284823324,59249.30845218573,966.6236113929311,-966.6236113929311,1612475.641,35172.89935392413,-35172.89935392413,8886.450061942525,9032.624269847931,8742.641379095889,5.183385833113401,5.383490047036662,4.99071948869115,1.522167,0.0008130698002016067,-0.0008130698002016067,9.078260049399999,0.34219737456547716,-0.34219737456547716,4.5550504618,0.2760652263798883,-0.2760652263798883,4.523209587799999,0.06656351533486511,-0.06656351533486511,1.7857142857127684,-1.754385964910815,-1.754385964910806,1.264702870050299,-1.7543859649108102,3.2815983866654097,,0.006240823525931031,0.22907720016813013,0.0,0.46500062342183146,
028_230℃_160_1.0mm.csv,1.0,160,1.49019,0.300277533,1.501925,0.300224594,0.011735,1.911509069,1.521405,8.75446446,4.291565303,4.462899157,230,0.011735000000000051,1611284.475,1491.265445249248,40.0,59650.61780996992,5.1451492011224715,8947.592671495488,0.011817000000000012,0.00019279522815668305,-0.00019279522815668305,1481.2327113046435,24.165590284823324,-24.165590284823324,59249.30845218573,966.6236113929311,-966.6236113929311,1612475.641,35172.89935392413,-35172.89935392413,8886.450061942525,9032.624269847931,8742.641379095889,5.183385833113401,5.383490047036662,4.99071948869115,1.522167,0.0008130698002016067,-0.0008130698002016067,9.078260049399999,0.34219737456547716,-0.34219737456547716,4.5550504618,0.2760652263798883,-0.2760652263798883,4.523209587799999,0.06656351533486511,-0.06656351533486511,-0.2125850340131101,0.21303792074940123,0.2130379207494074,0.0,0.21303792074941147,-0.0106370920209535,,-0.054525089752903357,-3.962925453040347,-6.645979911878842,-1.230462997802835,
029_230℃_160_1.0mm.csv,1.0,160,1.490125,0.300269894,1.501695,0.300179451,0.01157,1.858617903,1.522235,9.115713386,4.597215789,4.518497598,230,0.01157000000000008,1558438.452,1512.5324114088055,40.0,60501.29645635222,4.906430718269421,9075.194468452832,0.011817000000000012,0.00019279522815668305,-0.00019279522815668305,1481.2327113046435,24.165590284823324,-24.165590284823324,59249.30845218573,966.6236113929311,-966.6236113929311,1612475.641,35172.89935392413,-35172.89935392413,8886.450061942525,9032.624269847931,8742.641379095889,5.183385833113401,5.383490047036662,4.99071948869115,1.522167,0.0008130698002016067,-0.0008130698002016067,9.078260049399999,0.34219737456547716,-0.34219737456547716,4.5550504618,0.2760652263798883,-0.2760652263798883,4.523209587799999,0.06656351533486511,-0.06656351533486511,-1.6156462585026579,1.6421780466716691,1.6421780466716722,-3.279745061777502,1.6421780466716642,-4.649824039141646,,0.0,0.0,0.0028066252948227752,0.0,
030_230℃_160_1.0mm.csv,1.0,160,1.49006,0.300091461,1.50211,0.300004503,0.01205,1.952967172,1.523405,9.600156406,4.973179174,4.626977232,230,0.012050000000000116,1652962.669,1452.2821576763345,40.0,58091.28630705338,5.419918411278965,8713.692946058007,0.011817000000000012,0.00019279522815668305,-0.00019279522815668305,1481.2327113046435,24.165590284823324,-24.165590284823324,59249.30845218573,966.6236113929311,-966.6236113929311,1612475.641,35172.89935392413,-35172.89935392413,8886.450061942525,9032.624269847931,8742.641379095889,5.183385833113401,5.383490047036662,4.99071948869115,1.522167,0.0008130698002016067,-0.0008130698002016067,9.078260049399999,0.34219737456547716,-0.34219737456547716,4.5550504618,0.2760652263798883,-0.2760652263798883,4.523209587799999,0.06656351533486511,-0.06656351533486511,2.4659863945588745,-2.406639004150382,-2.4066390041503762,2.5866440499279246,-2.4066390041503722,5.329149412961758,,0.07686066868781058,5.3143730993562475,8.181103101676804,2.400789900785072,
031_230℃_200_1.0mm.csv,1.0,200,1.4908,0.300195145,1.50044,0.300166459,0.00964,1.597568327,1.51154,5.308871749,1.995340022,3.313531727,230,0.009640000000000093,1297401.868,1815.352697095418,40.0,72614.10788381673,3.4032527911619375,10892.11618257251,0.009887000000000024,0.00022320394261749358,-0.00022320394261749358,1770.7265837093353,40.176256517044926,-40.176256517044926,70829.06334837343,1607.0502606817988,-1607.0502606817988,1354155.762,49745.78513050059,-49745.78513050059,10622.178918940184,10865.351776563302,10384.448410529554,3.6404177573794434,3.86347928136079,3.4302348953132586,1.5113240000000001,0.00020866839722392076,-0.00020866839722392076,5.2231511048,0.0899428986914961,-0.0899428986914961,1.9255971425999998,0.06496490757105013,-0.06496490757105013,3.2975539626,0.029205821226386004,-0.029205821226386004,-3.2128514056212545,3.3195020746874726,3.3195020746874784,-5.482686070316211,3.319502074687481,-8.51938691946152,,0.014225927580108596,1.5398973358486574,3.8750889548938314,0.2585060416614761,
032_230℃_200_1.0mm.csv,1.0,200,1.49077,0.300172562,1.500835,0.300163175,0.010065,1.687029957,1.51099,5.074853753,1.828423208,3.246430545,230,0.01006499999999999,1386866.7820000001,1738.698460009937,40.0,69547.93840039748,3.798316778457139,10432.190760059622,0.009887000000000024,0.00022320394261749358,-0.00022320394261749358,1770.7265837093353,40.176256517044926,-40.176256517044926,70829.06334837343,1607.0502606817988,-1607.0502606817988,1354155.762,49745.78513050059,-49745.78513050059,10622.178918940184,10865.351776563302,10384.448410529554,3.6404177573794434,3.86347928136079,3.4302348953132586,1.5113240000000001,0.00020866839722392076,-0.00020866839722392076,5.2231511048,0.0899428986914961,-0.0899428986914961,1.9255971425999998,0.06496490757105013,-0.06496490757105013,3.2975539626,0.029205821226386004,-0.029205821226386004,1.0542168674701011,-1.0432190760061804,-1.043219076006178,1.034942407639836,-1.0432190760061848,2.1000698125398545,,-0.022165980182950337,-2.936037365918611,-4.8144069260831195,-1.771794198451369,
033_230℃_200_1.0mm.csv,1.0,200,1.49082,0.300132571,1.50048,0.300269452,0.00966,1.605960509,1.51145,5.277778212,1.973572576,3.304205637,230,0.009660000000000002,1305691.057,1811.5942028985503,40.0,72463.76811594202,3.432102206971429,10869.565217391302,0.009887000000000024,0.00022320394261749358,-0.00022320394261749358,1770.7265837093353,40.176256517044926,-40.176256517044926,70829.06334837343,1607.0502606817988,-1607.0502606817988,1354155.762,49745.78513050059,-49745.78513050059,10622.178918940184,10865.351776563302,10384.448410529554,3.6404177573794434,3.86347928136079,3.4302348953132586,1.5113240000000001,0.00020866839722392076,-0.00020866839722392076,5.2231511048,0.0899428986914961,-0.0899428986914961,1.9255971425999998,0.06496490757105013,-0.06496490757105013,3.2975539626,0.029205821226386004,-0.029205821226386004,-3.012048192770762,3.105590062111456,3.105590062111458,-4.878808506810589,3.105590062111451,-7.743904636123233,,0.008270888127962598,0.9451881953645122,2.7419009445092843,-0.02367621209247602,
034_230℃_200_1.0mm.csv,1.0,200,1.49081,0.300186456,1.50077,0.300124131,0.00996,1.672784667,1.511315,5.225891443,1.92090331,3.304988133,230,0.009959999999999969,1372660.5359999998,1757.0281124498047,40.0,70281.12449799219,3.7201901873632535,10542.168674698829,0.009887000000000024,0.00022320394261749358,-0.00022320394261749358,1770.7265837093353,40.176256517044926,-40.176256517044926,70829.06334837343,1607.0502606817988,-1607.0502606817988,1354155.762,49745.78513050059,-49745.78513050059,10622.178918940184,10865.351776563302,10384.448410529554,3.6404177573794434,3.86347928136079,3.4302348953132586,1.5113240000000001,0.00020866839722392076,-0.00020866839722392076,5.2231511048,0.0899428986914961,-0.0899428986914961,1.9255971425999998,0.06496490757105013,-0.06496490757105013,3.2975539626,0.029205821226386004,-0.029205821226386004,0.0,0.0,0.0,0.0,0.0,0.0,,-0.0006616710502417092,-0.04722176412289256,0.0,0.0,
035_230℃_200_1.0mm.csv,1.0,200,1.490815,0.300053959,1.500925,0.300103324,0.01011,1.708261891,1.511325,5.228360367,1.909746597,3.318613771,230,0.010110000000000063,1408158.567,1730.9594460929663,40.0,69238.37784371866,3.873872955746963,10385.756676557798,0.009887000000000024,0.00022320394261749358,-0.00022320394261749358,1770.7265837093353,40.176256517044926,-40.176256517044926,70829.06334837343,1607.0502606817988,-1607.0502606817988,1354155.762,49745.78513050059,-49745.78513050059,10622.178918940184,10865.351776563302,10384.448410529554,3.6404177573794434,3.86347928136079,3.4302348953132586,1.5113240000000001,0.00020866839722392076,-0.00020866839722392076,5.2231511048,0.0899428986914961,-0.0899428986914961,1.9255971425999998,0.06496490757105013,-0.06496490757105013,3.2975539626,0.029205821226386004,-0.029205821226386004,1.5060240963864957,-1.4836795252234791,-1.4836795252234818,2.586075003179096,-1.483679525223492,4.1310460122640835,,0.0,0.0,-0.5808055481980441,0.41227494477057225,
036_230℃_240_1.0mm.csv,1.0,240,1.491145,0.300088869,1.49969,0.300033719,0.008545,1.432406363,1.50528,3.01021848,0.899118712,2.111099767,230,0.008545000000000025,1132372.6439999999,2047.98127559976,40.0,81919.2510239904,2.63295897768164,12287.887653598558,0.008874999999999966,0.00022734885088775765,-0.00022734885088775765,1972.880384193566,51.21291634615951,-51.21291634615951,78915.21536774262,2048.516653846383,-2048.516653846383,1209986.1864,49992.24392441055,-49992.24392441055,11834.119786469877,12143.286204318127,11532.824703638924,2.919267345359624,3.122987060488038,2.728836741434097,1.505326,0.0001626883523796674,-0.0001626883523796674,3.0266347916000003,0.05791854072925952,-0.05791854072925952,0.8852282808,0.02542678695511591,-0.02542678695511591,2.1414065102,0.03755162828643071,-0.03755162828643071,-4.897050639953075,5.149210064362463,5.149210064362461,-7.745579007617562,5.149210064362451,-12.263324721210031,,-0.004982213497815947,-0.9555139516137645,0.8001967682929979,-1.6848377534377983,
037_230℃_240_1.0mm.csv,1.0,240,1.491135,0.300164918,1.50012,0.300299797,0.008985,1.527745194,1.50508,2.937767131,0.841348439,2.096418691,230,0.008984999999999799,1227445.3969999999,1947.6905954368829,40.0,77907.62381747531,3.0009787461346265,11686.143572621297,0.008874999999999966,0.00022734885088775765,-0.00022734885088775765,1972.880384193566,51.21291634615951,-51.21291634615951,78915.21536774262,2048.516653846383,-2048.516653846383,1209986.1864,49992.24392441055,-49992.24392441055,11834.119786469877,12143.286204318127,11532.824703638924,2.919267345359624,3.122987060488038,2.728836741434097,1.505326,0.0001626883523796674,-0.0001626883523796674,3.0266347916000003,0.05791854072925952,-0.05791854072925952,0.8852282808,0.02542678695511591,-0.02542678695511591,2.1414065102,0.03755162828643071,-0.03755162828643071,0.0,0.0,0.0,0.0,0.0,0.0,,-0.01826811615864864,-3.339363055223422,-5.676428407046482,-2.3685441284071027,
038_230℃_240_1.0mm.csv,1.0,240,1.49121,0.300167456,1.49995,0.300276206,0.00874,1.489811666,1.505355,3.039259024,0.891981108,2.147277916,230,0.00873999999999997,1189535.4600000002,2002.2883295194576,40.0,80091.53318077831,2.8289904545306026,12013.729977116745,0.008874999999999966,0.00022734885088775765,-0.00022734885088775765,1972.880384193566,51.21291634615951,-51.21291634615951,78915.21536774262,2048.516653846383,-2048.516653846383,1209986.1864,49992.24392441055,-49992.24392441055,11834.119786469877,12143.286204318127,11532.824703638924,2.919267345359624,3.122987060488038,2.728836741434097,1.505326,0.0001626883523796674,-0.0001626883523796674,3.0266347916000003,0.05791854072925952,-0.05791854072925952,0.8852282808,0.02542678695511591,-0.02542678695511591,2.1414065102,0.03755162828643071,-0.03755162828643071,-2.7267668336097293,2.803203661325277,2.8032036613252864,-3.088523293390923,2.803203661325277,-5.731073298188174,,0.0,0.0,0.0,0.0,
039_230℃_240_1.0mm.csv,1.0,240,1.491125,0.300009428,1.500225,0.300210008,0.0091,1.551332959,1.50552,3.092952009,0.905568135,2.187383874,230,0.009099999999999886,1251122.9510000001,1923.0769230769472,40.0,76923.07692307788,3.0980187358094855,11538.461538461683,0.008874999999999966,0.00022734885088775765,-0.00022734885088775765,1972.880384193566,51.21291634615951,-51.21291634615951,78915.21536774262,2048.516653846383,-2048.516653846383,1209986.1864,49992.24392441055,-49992.24392441055,11834.119786469877,12143.286204318127,11532.824703638924,2.919267345359624,3.122987060488038,2.728836741434097,1.505326,0.0001626883523796674,-0.0001626883523796674,3.0266347916000003,0.05791854072925952,-0.05791854072925952,0.8852282808,0.02542678695511591,-0.02542678695511591,2.1414065102,0.03755162828643071,-0.03755162828643071,1.279910962716637,-1.2637362637372398,-1.2637362637372398,1.929010777821202,-1.2637362637372398,3.2336113609551616,,0.010960869695186233,1.7666472181543036,1.5232415662328163,1.867758136995613,
040_230℃_240_1.0mm.csv,1.0,240,1.49121,0.3001072,1.500215,0.300282883,0.009005,1.549737363,1.505395,3.052977314,0.88812501,2.164852303,230,0.009005000000000152,1249454.48,1943.3647973347813,40.0,77734.59189339125,3.0615884605170587,11660.188784008687,0.008874999999999966,0.00022734885088775765,-0.00022734885088775765,1972.880384193566,51.21291634615951,-51.21291634615951,78915.21536774262,2048.516653846383,-2048.516653846383,1209986.1864,49992.24392441055,-49992.24392441055,11834.119786469877,12143.286204318127,11532.824703638924,2.919267345359624,3.122987060488038,2.728836741434097,1.505326,0.0001626883523796674,-0.0001626883523796674,3.0266347916000003,0.05791854072925952,-0.05791854072925952,0.8852282808,0.02542678695511591,-0.02542678695511591,2.1414065102,0.03755162828643071,-0.03755162828643071,0.22259321091100187,-0.22209883398503716,-0.22209883398503716,1.793080413498842,-0.22209883398503716,2.019664899676475,,0.0026571805321694885,0.4513695572398146,-0.43230713805655785,0.8184495760445292,
001_190℃_010_1.5mm.csv,1.5,10,1.33088,0.300061022,1.59466,0.300069781,0.26378,2.346396609,2.55774,15.668623,11.58444859,4.084174405,190,0.2637799999999999,2046326.8280000002,66.34316475851091,60.0,3980.5898855106543,330.4776065447999,265.37265903404364,0.251132,0.012360959509682088,-0.012360959509682088,69.82396491708593,3.545192440078236,-3.545192440078236,4189.437895025156,212.71154640469388,-212.71154640469388,1945443.7206000001,102570.32014661761,-102570.32014661761,279.0138393490704,293.31950416238726,265.40588485793404,298.48176943271443,331.09125972345123,269.0840185817618,2.6920720000000005,0.07919629865088418,-0.07919629865088418,18.019600992,1.4367162538547984,-1.4367162538547984,13.756118906000001,1.2758812033924483,-1.2758812033924483,4.2634820862,0.2131039897781839,-0.2131039897781839,4.153834004580218,-3.9881719614829914,-3.9881719614829954,3.5213840901686138,-3.9881719614829914,7.821490544518126,,-5.541768225127421,-13.736362034282518,-17.273873571173336,-1.829189863567907,CH03圧力@V01横ばい終点(MPa)・CH04圧力@V01横ばい終点(MPa)
002_190℃_010_1.5mm.csv,1.5,10,1.32992,0.300020977,1.58932,0.300037094,0.2594,2.295655892,2.75876,19.40287267,14.83194431,4.570928362,190,0.2594000000000001,1995618.7980000002,67.46337702390129,60.0,4047.802621434077,316.93684665379607,269.85350809560515,0.251132,0.012360959509682088,-0.012360959509682088,69.82396491708593,3.545192440078236,-3.545192440078236,4189.437895025156,212.71154640469388,-212.71154640469388,1945443.7206000001,102570.32014661761,-102570.32014661761,279.0138393490704,293.31950416238726,265.40588485793404,298.48176943271443,331.09125972345123,269.0840185817618,2.6920720000000005,0.07919629865088418,-0.07919629865088418,18.019600992,1.4367162538547984,-1.4367162538547984,13.756118906000001,1.2758812033924483,-1.2758812033924483,4.2634820862,0.2131039897781839,-0.2131039897781839,2.424386006475572,-2.3670007710100354,-2.367000771010038,0.9561216021542625,-2.3670007710100354,3.403687686957351,,1.8819706034419046,6.822557636353506,5.916936023484601,9.87085659803859,
003_190℃_010_1.5mm.csv,1.5,10,1.3333,0.300078448,1.5654,0.300083456,0.2321,2.077591776,2.7404,18.90898678,14.50961877,4.39936801,190,0.23209999999999997,1777508.3199999996,75.39853511417493,60.0,4523.912106850496,252.58755983999993,301.5941404566997,0.251132,0.012360959509682088,-0.012360959509682088,69.82396491708593,3.545192440078236,-3.545192440078236,4189.437895025156,212.71154640469388,-212.71154640469388,1945443.7206000001,102570.32014661761,-102570.32014661761,279.0138393490704,293.31950416238726,265.40588485793404,298.48176943271443,331.09125972345123,269.0840185817618,2.6920720000000005,0.07919629865088418,-0.07919629865088418,18.019600992,1.4367162538547984,-1.4367162538547984,13.756118906000001,1.2758812033924483,-1.2758812033924483,4.2634820862,0.2131039897781839,-0.2131039897781839,-8.355050146094948,9.116760017233988,9.116760017233979,-10.077843382410915,9.116760017233966,-17.590884660260524,圧力差・樹脂粘度,1.20392938917202,4.103467796018699,3.6151654069446266,5.747081001552651,
004_190℃_010_1.5mm.csv,1.5,10,1.33388,0.300009177,1.58714,0.300031676,0.25326,2.276750637,2.69566,17.95387515,13.85120921,4.102665944,190,0.25326000000000004,1976718.961,69.0989496959646,60.0,4145.936981757876,306.50439432420006,276.3957987838584,0.251132,0.012360959509682088,-0.012360959509682088,69.82396491708593,3.545192440078236,-3.545192440078236,4189.437895025156,212.71154640469388,-212.71154640469388,1945443.7206000001,102570.32014661761,-102570.32014661761,279.0138393490704,293.31950416238726,265.40588485793404,298.48176943271443,331.09125972345123,269.0840185817618,2.6920720000000005,0.07919629865088418,-0.07919629865088418,18.019600992,1.4367162538547984,-1.4367162538547984,13.756118906000001,1.2758812033924483,-1.2758812033924483,4.2634820862,0.2131039897781839,-0.2131039897781839,0.0,0.0,0.0,0.0,0.0,0.0,,-0.4483344412438156,-1.1549013578735354,-1.086627007199797,-1.3847109593181137,
005_190℃_010_1.5mm.csv,1.5,10,1.33424,0.300076902,1.58136,0.30006855,0.24712,2.231114246,2.7078,18.16364736,14.00337365,4.16027371,190,0.24712,1931045.6960000002,70.81579799287795,60.0,4248.947879572677,292.1632728952164,283.26319197151184,0.251132,0.012360959509682088,-0.012360959509682088,69.82396491708593,3.545192440078236,-3.545192440078236,4189.437895025156,212.71154640469388,-212.71154640469388,1945443.7206000001,102570.32014661761,-102570.32014661761,279.0138393490704,293.31950416238726,265.40588485793404,298.48176943271443,331.09125972345123,269.0840185817618,2.6920720000000005,0.07919629865088418,-0.07919629865088418,18.019600992,1.4367162538547984,-1.4367162538547984,13.756118906000001,1.2758812033924483,-1.2758812033924483,4.2634820862,0.2131039897781839,-0.2131039897781839,-2.424386006475572,2.4846228552929874,2.4846228552929994,-2.3105593613011166,2.484622855293008,-4.678928489949999,,0.0,0.0,0.0,0.0,
006_190℃_020_1.5mm.csv,1.5,20,1.42236,0.300023885,1.541255,0.300023501,0.118895,2.231733624,2.08648,15.95384457,12.44500859,3.508835986,190,0.11889499999999997,1931710.1229999997,147.1886959081543,60.0,8831.321754489258,140.61469902494994,588.7547836326172,0.11837199999999996,0.0008486356697665069,-0.0008486356697665069,147.84510352165498,1.0614104365687431,-1.0614104365687431,8870.706211299299,63.68462619412432,-63.68462619412432,1919548.7939999998,15344.630434902969,-15344.630434902969,591.3682332396932,595.6261265551049,587.1407779032032,139.10837229823238,141.2298366802836,137.0187751988326,2.08032,0.007336844519273901,-0.007336844519273901,15.758860554,0.1889924763848394,-0.1889924763848394,12.265389514,0.18743526851156286,-0.18743526851156286,3.4934710392,0.009954486970946818,-0.009954486970946818,0.22338362977321052,-0.22288573951802557,-0.22288573951803073,0.44987350571329826,-0.22288573951802557,0.6742620792529788,,0.15144060576242396,1.085749076430208,1.183171036357205,0.5179272020638997,
007_190℃_020_1.5mm.csv,1.5,20,1.422235,0.300031183,1.541575,0.300058007,0.11934,2.235921501,2.06809,15.44590108,11.94899663,3.496904443,190,0.11934,1935863.494,146.63985252220547,60.0,8798.39115133233,141.44445880038364,586.5594100888219,0.11837199999999996,0.0008486356697665069,-0.0008486356697665069,147.84510352165498,1.0614104365687431,-1.0614104365687431,8870.706211299299,63.68462619412432,-63.68462619412432,1919548.7939999998,15344.630434902969,-15344.630434902969,591.3682332396932,595.6261265551049,587.1407779032032,139.10837229823238,141.2298366802836,137.0187751988326,2.08032,0.007336844519273901,-0.007336844519273901,15.758860554,0.1889924763848394,-0.1889924763848394,12.265389514,0.18743526851156286,-0.18743526851156286,3.4934710392,0.009954486970946818,-0.009954486970946818,0.5984995363735888,-0.594938830232937,-0.5949388302329293,0.6658508340944291,-0.594938830232937,1.2683354846230133,,-0.7312829251316845,-2.1326505983226793,-2.8496154918165635,0.17612326039562937,
008_190℃_020_1.5mm.csv,1.5,20,1.42246,0.300026053,1.539765,0.300030451,0.117305,2.202191534,2.0792,15.77520423,12.28734759,3.487856641,190,0.11730499999999999,1902161.0829999999,149.1837517582371,60.0,8951.025105494225,136.61204439264182,596.7350070329484,0.11837199999999996,0.0008486356697665069,-0.0008486356697665069,147.84510352165498,1.0614104365687431,-1.0614104365687431,8870.706211299299,63.68462619412432,-63.68462619412432,1919548.7939999998,15344.630434902969,-15344.630434902969,591.3682332396932,595.6261265551049,587.1407779032032,139.10837229823238,141.2298366802836,137.0187751988326,2.08032,0.007336844519273901,-0.007336844519273901,15.758860554,0.1889924763848394,-0.1889924763848394,12.265389514,0.18743526851156286,-0.18743526851156286,3.4934710392,0.009954486970946818,-0.009954486970946818,-1.1169181488662399,1.1295341204552412,1.1295341204552385,-1.0866910620623003,1.1295341204552412,-2.1914717612342374,,-0.1980007920031542,-0.046140638612196916,-0.09867941906005458,-0.08306990406215431,
009_190℃_020_1.5mm.csv,1.5,20,1.422225,0.300026947,1.539915,0.300011454,0.11769,2.204961933,2.083325,15.78248637,12.29948465,3.483001717,190,0.11768999999999985,1904950.4789999998,148.6957260599883,60.0,8921.743563599297,137.26140114704677,594.7829042399532,0.11837199999999996,0.0008486356697665069,-0.0008486356697665069,147.84510352165498,1.0614104365687431,-1.0614104365687431,8870.706211299299,63.68462619412432,-63.68462619412432,1919548.7939999998,15344.630434902969,-15344.630434902969,591.3682332396932,595.6261265551049,587.1407779032032,139.10837229823238,141.2298366802836,137.0187751988326,2.08032,0.007336844519273901,-0.007336844519273901,15.758860554,0.1889924763848394,-0.1889924763848394,12.265389514,0.18743526851156286,-0.18743526851156286,3.4934710392,0.009954486970946818,-0.009954486970946818,-0.7923796678750424,0.7987084714080656,0.7987084714080603,-0.9416411024326495,0.7987084714080656,-1.7265593976676283,,0.0,0.0,0.0,-0.22214933072976237,
010_190℃_020_1.5mm.csv,1.5,20,1.422315,0.300030799,1.540945,0.300014813,0.11863,2.223073604,2.084505,15.83686652,12.34611011,3.490756409,190,0.11863000000000001,1923058.7910000002,147.51749135968979,60.0,8851.049481581387,139.67293737326327,590.0699654387591,0.11837199999999996,0.0008486356697665069,-0.0008486356697665069,147.84510352165498,1.0614104365687431,-1.0614104365687431,8870.706211299299,63.68462619412432,-63.68462619412432,1919548.7939999998,15344.630434902969,-15344.630434902969,591.3682332396932,595.6261265551049,587.1407779032032,139.10837229823238,141.2298366802836,137.0187751988326,2.08032,0.007336844519273901,-0.007336844519273901,15.758860554,0.1889924763848394,-0.1889924763848394,12.265389514,0.18743526851156286,-0.18743526851156286,3.4934710392,0.009954486970946818,-0.009954486970946818,0.0,0.0,0.0,0.0,0.0,0.0,,0.05664022656091493,0.3445600948109565,0.37908466351880493,0.0,
011_190℃_040_1.5mm.csv,1.5,40,1.46566,0.300090075,1.5234,0.30008441,0.05774,2.400745504,1.76644,14.24672389,11.03781875,3.208905142,190,0.057740000000000125,2100661.094,303.08278489781713,60.0,18184.96709386903,74.26051320462874,1212.3311395912688,0.05789900000000001,0.0003096045865293624,-0.0003096045865293624,302.2573686720788,1.612514630627418,-1.612514630627418,18135.44212032473,96.75087783764688,-96.75087783764688,2101214.43,13048.616434218318,-13048.616434218318,1209.0156892498749,1215.4904536390218,1202.5754151142464,74.4826219953436,75.33922116036467,73.6357622743759,1.7665510000000002,0.00306663985495535,-0.00306663985495535,14.22858492,0.11091565841282192,-0.11091565841282192,11.026340452,0.10917637413616985,-0.10917637413616985,3.202244468,0.004560334465014311,-0.004560334465014311,-0.25911210917234834,0.25978524419790316,0.25978524419790944,-0.01060477455573819,0.259785244197922,-0.27425549257117104,,-0.006792862965305338,0.0,-0.02881351313823796,0.23518671853224588,
012_190℃_040_1.5mm.csv,1.5,40,1.46553,0.300048821,1.523065,0.300006573,0.057535,2.383341435,1.76161,14.03776624,10.84046198,3.197304261,190,0.05753499999999989,2083334.862,304.162683583906,60.0,18249.76101503436,73.38653343989986,1216.650734335624,0.05789900000000001,0.0003096045865293624,-0.0003096045865293624,302.2573686720788,1.612514630627418,-1.612514630627418,18135.44212032473,96.75087783764688,-96.75087783764688,2101214.43,13048.616434218318,-13048.616434218318,1209.0156892498749,1215.4904536390218,1202.5754151142464,74.4826219953436,75.33922116036467,73.6357622743759,1.7665510000000002,0.00306663985495535,-0.00306663985495535,14.22858492,0.11091565841282192,-0.11091565841282192,11.026340452,0.10917637413616985,-0.10917637413616985,3.202244468,0.004560334465014311,-0.004560334465014311,-0.6132319917085943,0.6170157295561052,0.6170157295561065,-0.835316320917984,0.6170157295561052,-1.4479382340551288,,-0.280205597319084,-1.4667066731508076,-1.8163034968920102,-0.1271850006921177,
013_190℃_040_1.5mm.csv,1.5,40,1.46555,0.300123339,1.52351,0.300117666,0.05796,2.401001554,1.768585,14.30213882,11.10289899,3.199239828,190,0.05796000000000001,2100883.8880000003,301.9323671497584,60.0,18115.942028985504,74.55136539702859,1207.7294685990337,0.05789900000000001,0.0003096045865293624,-0.0003096045865293624,302.2573686720788,1.612514630627418,-1.612514630627418,18135.44212032473,96.75087783764688,-96.75087783764688,2101214.43,13048.616434218318,-13048.616434218318,1209.0156892498749,1215.4904536390218,1202.5754151142464,74.4826219953436,75.33922116036467,73.6357622743759,1.7665510000000002,0.00306663985495535,-0.00306663985495535,14.22858492,0.11091565841282192,-0.11091565841282192,11.026340452,0.10917637413616985,-0.10917637413616985,3.202244468,0.004560334465014311,-0.004560334465014311,0.12091898428055708,-0.1207729468599196,-0.12077294685992211,0.0,-0.1207729468599196,0.11633501343256854,,0.11462956253963441,0.38896612602211056,0.56062802028518,-0.0667245286414249,
014_190℃_040_1.5mm.csv,1.5,40,1.465555,0.300041721,1.523445,0.300096623,0.05789,2.401076703,1.76656,14.24539723,11.04100005,3.204397178,190,0.05789,2100980.08,302.2974607013301,60.0,18137.847642079807,74.46473683542857,1209.1898428053205,0.05789900000000001,0.0003096045865293624,-0.0003096045865293624,302.2573686720788,1.612514630627418,-1.612514630627418,18135.44212032473,96.75087783764688,-96.75087783764688,2101214.43,13048.616434218318,-13048.616434218318,1209.0156892498749,1215.4904536390218,1202.5754151142464,74.4826219953436,75.33922116036467,73.6357622743759,1.7665510000000002,0.00306663985495535,-0.00306663985495535,14.22858492,0.11091565841282192,-0.11091565841282192,11.026340452,0.10917637413616985,-0.10917637413616985,3.202244468,0.004560334465014311,-0.004560334465014311,0.0,0.0,0.0,0.004578644281544715,0.0,0.0,,0.0,-0.009312035596698477,0.0,0.09437339022712699,
015_190℃_040_1.5mm.csv,1.5,40,1.46555,0.300022761,1.52392,0.300099247,0.05837,2.420311473,1.76956,14.31089842,11.10952249,3.201375931,190,0.05837000000000003,2120212.2260000003,299.8115470275825,60.0,17988.69282165495,75.76946181527761,1199.24618811033,0.05789900000000001,0.0003096045865293624,-0.0003096045865293624,302.2573686720788,1.612514630627418,-1.612514630627418,18135.44212032473,96.75087783764688,-96.75087783764688,2101214.43,13048.616434218318,-13048.616434218318,1209.0156892498749,1215.4904536390218,1202.5754151142464,74.4826219953436,75.33922116036467,73.6357622743759,1.7665510000000002,0.00306663985495535,-0.00306663985495535,14.22858492,0.11091565841282192,-0.11091565841282192,11.026340452,0.10917637413616985,-0.10917637413616985,3.202244468,0.004560334465014311,-0.004560334465014311,0.829158749352282,-0.8223402432757166,-0.8223402432757142,0.9200098163635394,-0.8223402432757166,1.7521380391534316,,0.1698215741327843,0.45045113877053566,0.6206180571478273,0.0,
016_190℃_080_1.5mm.csv,1.5,80,1.481655,0.300110854,1.5107,0.300187571,0.029045,2.441174308,1.624145,14.10869375,10.89876279,3.209930957,190,0.029044999999999987,2140986.737,602.5133413668448,60.0,36150.80048201069,38.07242435275407,2410.053365467379,0.029021000000000054,0.00023998437449125859,-0.00023998437449125859,603.044402693926,4.956748238508359,-4.956748238508359,36182.66416163556,297.40489431049957,-297.40489431049957,2137838.2298,20317.70286078096,-20317.70286078096,2412.112161089738,2432.080830139869,2392.3074453666068,37.98261720031492,38.65869563594493,37.31836228960225,1.624534,0.0003330240231574979,-0.0003330240231574979,14.155247294,0.039815128811640295,-0.039815128811640295,10.93786013,0.04051508017352603,-0.04051508017352603,3.2173871628,0.009830895164192183,-0.009830895164192183,0.29350828729243933,-0.29264933723495234,-0.29264933723494735,0.25951270280114647,-0.29264933723495234,0.6297326845229131,,-0.025853074515337148,-0.39268640697825696,-0.294467702444386,-0.11637566914411732,
017_190℃_080_1.5mm.csv,1.5,80,1.48157,0.300016227,1.51098,0.300158098,0.02941,2.468031348,1.624565,14.16431509,10.93095091,3.233364187,190,0.029409999999999936,2167873.25,595.0357021421298,60.0,35702.14212852779,39.03499119336726,2380.1428085685193,0.029021000000000054,0.00023998437449125859,-0.00023998437449125859,603.044402693926,4.956748238508359,-4.956748238508359,36182.66416163556,297.40489431049957,-297.40489431049957,2137838.2298,20317.70286078096,-20317.70286078096,2412.112161089738,2432.080830139869,2392.3074453666068,37.98261720031492,38.65869563594493,37.31836228960225,1.624534,0.0003330240231574979,-0.0003330240231574979,14.155247294,0.039815128811640295,-0.039815128811640295,10.93786013,0.04051508017352603,-0.04051508017352603,3.2173871628,0.009830895164192183,-0.009830895164192183,1.5538674033143574,-1.5300918055077846,-1.5300918055077797,1.5185717362235978,-1.5300918055077846,3.173905941377371,,0.0,0.0,0.0,0.61279762882801,
018_190℃_080_1.5mm.csv,1.5,80,1.48158,0.300038271,1.510345,0.300059212,0.028765,2.411112123,1.624645,14.17309109,10.96312482,3.209966267,190,0.02876500000000015,2111052.9110000003,608.3782374413317,60.0,36502.69424647991,37.178226725458366,2433.512949765327,0.029021000000000054,0.00023998437449125859,-0.00023998437449125859,603.044402693926,4.956748238508359,-4.956748238508359,36182.66416163556,297.40489431049957,-297.40489431049957,2137838.2298,20317.70286078096,-20317.70286078096,2412.112161089738,2432.080830139869,2392.3074453666068,37.98261720031492,38.65869563594493,37.31836228960225,1.624534,0.0003330240231574979,-0.0003330240231574979,14.155247294,0.039815128811640295,-0.039815128811640295,10.93786013,0.04051508017352603,-0.04051508017352603,3.2173871628,0.009830895164192183,-0.009830895164192183,-0.6733425414362727,0.6779071788630103,0.6779071788630179,-1.1422478761997814,0.6779071788630103,-1.7337329925818374,,0.004924395145768742,0.06195852001481583,0.2943377046050691,-0.11527692564391172,
019_190℃_080_1.5mm.csv,1.5,80,1.481695,0.300020096,1.51062,0.300047056,0.028925,2.435492042,1.62501,14.20737794,10.99370705,3.213670888,190,0.02892500000000009,2135444.986,605.0129645635245,60.0,36300.77787381147,37.81698748166338,2420.051858254098,0.029021000000000054,0.00023998437449125859,-0.00023998437449125859,603.044402693926,4.956748238508359,-4.956748238508359,36182.66416163556,297.40489431049957,-297.40489431049957,2137838.2298,20317.70286078096,-20317.70286078096,2412.112161089738,2432.080830139869,2392.3074453666068,37.98261720031492,38.65869563594493,37.31836228960225,1.624534,0.0003330240231574979,-0.0003330240231574979,14.155247294,0.039815128811640295,-0.039815128811640295,10.93786013,0.04051508017352603,-0.04051508017352603,3.2173871628,0.009830895164192183,-0.009830895164192183,-0.12085635359118485,0.12100259291273789,0.12100259291274293,0.0,0.12100259291273789,-0.045415916928503976,,0.027391947998389028,0.30402352479720285,0.5741141874728207,0.0,
020_190℃_080_1.5mm.csv,1.5,80,1.481655,0.3000053,1.510615,0.300167794,0.02896,2.434001059,1.624305,14.1227586,10.90275508,3.220003515,190,0.028960000000000097,2133833.2649999997,604.2817679557991,60.0,36256.90607734794,37.834170216979714,2417.1270718231963,0.029021000000000054,0.00023998437449125859,-0.00023998437449125859,603.044402693926,4.956748238508359,-4.956748238508359,36182.66416163556,297.40489431049957,-297.40489431049957,2137838.2298,20317.70286078096,-20317.70286078096,2412.112161089738,2432.080830139869,2392.3074453666068,37.98261720031492,38.65869563594493,37.31836228960225,1.624534,0.0003330240231574979,-0.0003330240231574979,14.155247294,0.039815128811640295,-0.039815128811640295,10.93786013,0.04051508017352603,-0.04051508017352603,3.2173871628,0.009830895164192183,-0.009830895164192183,0.0,0.0,0.0,-0.07547471419618997,0.0,0.0,,-0.01600428422377233,-0.2933886300604838,-0.2579448963969374,0.19705275433295608,
021_190℃_120_1.5mm.csv,1.5,120,1.485785,0.300182384,1.50509,0.300125332,0.019305,2.163596263,1.554915,10.00619128,6.895453782,3.110737502,190,0.019305000000000128,1863470.931,906.5009065009006,60.0,54390.054390054036,22.025085503850143,3626.0036260036027,0.019777000000000065,0.00040924625838235836,-0.00040924625838235836,885.1693493431867,18.31041293944911,-18.31041293944911,53110.16096059121,1098.6247763669458,-1098.6247763669458,1928523.7656,52799.10371748446,-52799.10371748446,3540.0712352788614,3614.080643549339,3467.577397094603,23.340267487128585,24.48945914983497,22.245002759662125,1.5549009999999999,0.001961120215591122,-0.001961120215591122,9.9960064988,0.32936405723022355,-0.32936405723022355,6.8640206416,0.32371573521423,-0.32371573521423,3.1319858583999998,0.018415256287940093,-0.018415256287940093,-2.647503782147687,2.719502719502119,2.7195027195021244,-3.6403742666038914,2.7195027195021186,-6.191499002358917,,0.0,0.0,0.0,-0.6586836834023652,
022_190℃_120_1.5mm.csv,1.5,120,1.48579,0.300193828,1.50581,0.300172192,0.02002,2.263204969,1.551925,9.493170404,6.375488762,3.117681641,190,0.02002000000000015,1963032.7769999998,874.1258741258677,60.0,52447.55244755206,24.061173180943033,3496.50349650347,0.019777000000000065,0.00040924625838235836,-0.00040924625838235836,885.1693493431867,18.31041293944911,-18.31041293944911,53110.16096059121,1098.6247763669458,-1098.6247763669458,1928523.7656,52799.10371748446,-52799.10371748446,3540.0712352788614,3614.080643549339,3467.577397094603,23.340267487128585,24.48945914983497,22.245002759662125,1.5549009999999999,0.001961120215591122,-0.001961120215591122,9.9960064988,0.32936405723022355,-0.32936405723022355,6.8640206416,0.32371573521423,-0.32371573521423,3.1319858583999998,0.018415256287940093,-0.018415256287940093,0.9581442259210003,-0.9490509490516118,-0.9490509490516145,1.507944421006475,-0.9490509490516376,2.480536929327457,,-0.19229346941794556,-5.127034469403015,-7.540693280510773,-0.43692279599162104,
023_190℃_120_1.5mm.csv,1.5,120,1.485775,0.300130955,1.505605,0.300116392,0.01983,2.233987468,1.55643,10.24703289,7.101738318,3.145294575,190,0.019830000000000014,1933871.076,882.5012607160861,60.0,52950.07564296517,23.478773532906136,3530.005042864345,0.019777000000000065,0.00040924625838235836,-0.00040924625838235836,885.1693493431867,18.31041293944911,-18.31041293944911,53110.16096059121,1098.6247763669458,-1098.6247763669458,1928523.7656,52799.10371748446,-52799.10371748446,3540.0712352788614,3614.080643549339,3467.577397094603,23.340267487128585,24.48945914983497,22.245002759662125,1.5549009999999999,0.001961120215591122,-0.001961120215591122,9.9960064988,0.32936405723022355,-0.32936405723022355,6.8640206416,0.32371573521423,-0.32371573521423,3.1319858583999998,0.018415256287940093,-0.018415256287940093,0.0,0.0,0.0,0.0,0.0,0.0,,0.09743297865156186,2.40692590477843,2.991602039861226,0.44489548959489816,
024_190℃_120_1.5mm.csv,1.5,120,1.48574,0.300027664,1.506035,0.300257465,0.020295,2.29325536,1.55436,9.9061423,6.751290007,3.154852293,190,0.020294999999999952,1992997.8949999998,862.2813500862302,60.0,51736.88100517381,24.76401568103565,3449.1254003449208,0.019777000000000065,0.00040924625838235836,-0.00040924625838235836,885.1693493431867,18.31041293944911,-18.31041293944911,53110.16096059121,1098.6247763669458,-1098.6247763669458,1928523.7656,52799.10371748446,-52799.10371748446,3540.0712352788614,3614.080643549339,3467.577397094603,23.340267487128585,24.48945914983497,22.245002759662125,1.5549009999999999,0.001961120215591122,-0.001961120215591122,9.9960064988,0.32936405723022355,-0.32936405723022355,6.8640206416,0.32371573521423,-0.32371573521423,3.1319858583999998,0.018415256287940093,-0.018415256287940093,2.3449319213310003,-2.291204730228818,-2.2912047302288183,3.057433338436254,-2.2912047302288303,5.474059990093667,,-0.035693269407014734,-0.999870752021029,-2.090707581513016,0.7501209502750043,
025_190℃_120_1.5mm.csv,1.5,120,1.485835,0.300011869,1.50527,0.30016377,0.019435,2.189409919,1.556875,10.32749562,7.196132339,3.131363281,190,0.01943500000000009,1889246.1490000002,900.4373552868494,60.0,54026.24131721097,22.48010137090725,3601.749421147398,0.019777000000000065,0.00040924625838235836,-0.00040924625838235836,885.1693493431867,18.31041293944911,-18.31041293944911,53110.16096059121,1098.6247763669458,-1098.6247763669458,1928523.7656,52799.10371748446,-52799.10371748446,3540.0712352788614,3614.080643549339,3467.577397094603,23.340267487128585,24.48945914983497,22.245002759662125,1.5549009999999999,0.001961120215591122,-0.001961120215591122,9.9960064988,0.32936405723022355,-0.32936405723022355,6.8640206416,0.32371573521423,-0.32371573521423,3.1319858583999998,0.018415256287940093,-0.018415256287940093,-1.9919314170444926,2.0324157447899247,2.0324157447899265,-2.3075440526418878,2.0324157447899243,-4.253510774739661,,0.12605190637430097,3.2110553457259225,4.360533280418707,0.0,
026_190℃_160_1.5mm.csv,1.5,160,1.487555,0.300055528,1.50268,0.300161911,0.015125,1.919217996,1.53041,7.637826187,4.508352501,3.129473686,190,0.015125000000000055,1619056.085,1157.0247933884255,60.0,69421.48760330553,14.992789766709237,4628.099173553702,0.01518500000000005,0.00021198466925697435,-0.00021198466925697435,1152.6308854096726,15.921956004443052,-15.921956004443052,69157.85312458036,955.3173602665795,-955.3173602665795,1642126.7562,27938.920214501108,-27938.920214501108,4610.169165570986,4674.636212878522,4546.591171443053,15.263812403097917,15.733163748987195,14.808462734773475,1.530411,0.00021921450681913702,-0.00021921450681913702,7.643064239199999,0.04644543866403436,-0.04644543866403436,4.5083785106,0.05141015325761107,-0.05141015325761107,3.1346857288,0.010988186203741783,-0.010988186203741783,0.0,0.0,0.0,-0.8747122798393783,0.0,-0.6777093893721864,,0.0,0.0,0.39625083393716565,-0.03345887022784942,
027_190℃_160_1.5mm.csv,1.5,160,1.487695,0.300052942,1.50266,0.300202654,0.014965,1.917728447,1.53076,7.719807196,4.595059045,3.124748151,190,0.014965000000000117,1617525.793,1169.3952555963824,60.0,70163.71533578294,14.820167444231751,4677.581022385529,0.01518500000000005,0.00021198466925697435,-0.00021198466925697435,1152.6308854096726,15.921956004443052,-15.921956004443052,69157.85312458036,955.3173602665795,-955.3173602665795,1642126.7562,27938.920214501108,-27938.920214501108,4610.169165570986,4674.636212878522,4546.591171443053,15.263812403097917,15.733163748987195,14.808462734773475,1.530411,0.00021921450681913702,-0.00021921450681913702,7.643064239199999,0.04644543866403436,-0.04644543866403436,4.5083785106,0.05141015325761107,-0.05141015325761107,3.1346857288,0.010988186203741783,-0.010988186203741783,-1.0578512396690074,1.0691613765448555,1.0691613765448358,-0.9684030643657524,1.069161376544836,-1.8212753798098353,,0.022869688514832655,1.073355258326458,2.3271140347265797,-0.18440929714819024,
028_190℃_160_1.5mm.csv,1.5,160,1.48769,0.300165066,1.5029,0.300284658,0.01521,1.958106681,1.53017,7.595917173,4.460325803,3.135591371,190,0.015209999999999946,1657822.023,1150.5588428665392,60.0,69033.53057199235,15.438044675406069,4602.235371466157,0.01518500000000005,0.00021198466925697435,-0.00021198466925697435,1152.6308854096726,15.921956004443052,-15.921956004443052,69157.85312458036,955.3173602665795,-955.3173602665795,1642126.7562,27938.920214501108,-27938.920214501108,4610.169165570986,4674.636212878522,4546.591171443053,15.263812403097917,15.733163748987195,14.808462734773475,1.530411,0.00021921450681913702,-0.00021921450681913702,7.643064239199999,0.04644543866403436,-0.04644543866403436,4.5083785106,0.05141015325761107,-0.05141015325761107,3.1346857288,0.010988186203741783,-0.010988186203741783,0.5619834710736556,-0.5588428665344584,-0.55884286653447,1.4986982484264886,-0.5588428665344584,2.271957625608038,,-0.01568207212446455,-0.548703426523783,-0.6732530298499404,0.1619617884942155,
029_190℃_160_1.5mm.csv,1.5,160,1.48753,0.300031866,1.50306,0.300245813,0.01553,1.983132555,1.530415,7.640690892,4.487596579,3.153094313,190,0.015530000000000044,1682886.742,1126.851255634253,60.0,67611.07533805518,16.00116189995515,4507.405022537012,0.01518500000000005,0.00021198466925697435,-0.00021198466925697435,1152.6308854096726,15.921956004443052,-15.921956004443052,69157.85312458036,955.3173602665795,-955.3173602665795,1642126.7562,27938.920214501108,-27938.920214501108,4610.169165570986,4674.636212878522,4546.591171443053,15.263812403097917,15.733163748987195,14.808462734773475,1.530411,0.00021921450681913702,-0.00021921450681913702,7.643064239199999,0.04644543866403436,-0.04644543866403436,4.5083785106,0.05141015325761107,-0.05141015325761107,3.1346857288,0.010988186203741783,-0.010988186203741783,2.6776859504131387,-2.607855763039201,-2.6078557630392147,3.0332636693025545,-2.607855763039201,6.002423635923483,,0.00032670983592846073,0.03750681057492826,-0.06596163745664013,0.7210681261389505,
030_190℃_160_1.5mm.csv,1.5,160,1.487665,0.30023705,1.50276,0.300251551,0.015095,1.933594689,1.5303,7.621079748,4.490558625,3.130521123,190,0.01509500000000008,1633343.1379999998,1159.324279562763,60.0,69559.45677376578,15.095090613128649,4637.297118251052,0.01518500000000005,0.00021198466925697435,-0.00021198466925697435,1152.6308854096726,15.921956004443052,-15.921956004443052,69157.85312458036,955.3173602665795,-955.3173602665795,1642126.7562,27938.920214501108,-27938.920214501108,4610.169165570986,4674.636212878522,4546.591171443053,15.263812403097917,15.733163748987195,14.808462734773475,1.530411,0.00021921450681913702,-0.00021921450681913702,7.643064239199999,0.04644543866403436,-0.04644543866403436,4.5083785106,0.05141015325761107,-0.05141015325761107,3.1346857288,0.010988186203741783,-0.010988186203741783,-0.19834710743784714,0.19874130506774326,0.19874130506773408,0.0,0.19874130506774326,0.0,,-0.00718761639038261,-0.2192566129418294,0.0,0.0,
031_190℃_200_1.5mm.csv,1.5,200,1.488625,0.300006576,1.501395,0.300205406,0.01277,1.742193931,1.516755,5.352938326,2.419434076,2.93350425,190,0.012769999999999948,1441988.5250000001,1370.3993735317206,60.0,82223.96241190324,11.273995998520364,5481.597494126882,0.012177999999999977,0.0003664798766644388,-0.0003664798766644388,1438.0366043601152,42.338779860660416,-42.338779860660416,86282.1962616069,2540.326791639619,-2540.326791639619,1344238.6854,58428.80371893672,-58428.80371893672,5750.122864197271,5923.8651114690865,5581.476338708287,10.011578268186309,10.762372140374989,9.31316052935966,1.5171160000000001,0.00039790702431585995,-0.00039790702431585995,5.4483834174000005,0.10754862971267257,-0.10754862971267257,2.5288480982,0.10104985261256978,-0.10104985261256978,2.919535319,0.016647057325925738,-0.016647057325925738,5.31958762886606,-5.050900548159822,-5.050900548159813,7.800584108133464,-5.050900548159822,13.535130644195073,,-0.028341962252456387,-2.0925844145692962,-5.383145355076111,0.6617548392754484,
032_190℃_200_1.5mm.csv,1.5,200,1.488675,0.300163883,1.500615,0.300042494,0.01194,1.60510301,1.517185,5.467347181,2.557085717,2.910261463,190,0.011940000000000062,1305060.516,1465.661641541031,60.0,87939.69849246186,9.540258710840869,5862.646566164123,0.012177999999999977,0.0003664798766644388,-0.0003664798766644388,1438.0366043601152,42.338779860660416,-42.338779860660416,86282.1962616069,2540.326791639619,-2540.326791639619,1344238.6854,58428.80371893672,-58428.80371893672,5750.122864197271,5923.8651114690865,5581.476338708287,10.011578268186309,10.762372140374989,9.31316052935966,1.5171160000000001,0.00039790702431585995,-0.00039790702431585995,5.4483834174000005,0.10754862971267257,-0.10754862971267257,2.5288480982,0.10104985261256978,-0.10104985261256978,2.919535319,0.016647057325925738,-0.016647057325925738,-1.5257731958753038,1.5494137353423691,1.5494137353423725,-2.4359185373808363,1.5494137353423536,-3.9245251411394184,,0.0,0.0,0.0,-0.13580995947181868,
033_190℃_200_1.5mm.csv,1.5,200,1.488605,0.300156921,1.500835,0.300237392,0.01223,1.642688909,1.516675,5.327015429,2.427155982,2.899859447,190,0.012229999999999963,1342451.5170000002,1430.907604251844,60.0,85854.45625511065,10.051948195659152,5723.630417007376,0.012177999999999977,0.0003664798766644388,-0.0003664798766644388,1438.0366043601152,42.338779860660416,-42.338779860660416,86282.1962616069,2540.326791639619,-2540.326791639619,1344238.6854,58428.80371893672,-58428.80371893672,5750.122864197271,5923.8651114690865,5581.476338708287,10.011578268186309,10.762372140374989,9.31316052935966,1.5171160000000001,0.00039790702431585995,-0.00039790702431585995,5.4483834174000005,0.10754862971267257,-0.10754862971267257,2.5288480982,0.10104985261256978,-0.10104985261256978,2.919535319,0.016647057325925738,-0.016647057325925738,0.8659793814434824,-0.8585445625512866,-0.8585445625512741,0.3593684418881701,-0.8585445625512866,1.2284598799417725,,-0.03361488546222184,-2.5667247268963913,-5.08116462957038,-0.49275001995621104,
034_190℃_200_1.5mm.csv,1.5,200,1.48868,0.300184207,1.500805,0.300049774,0.012125,1.637694219,1.517615,5.582628584,2.642796412,2.939832172,190,0.012124999999999941,1337644.445,1443.298969072172,60.0,86597.93814433031,9.929962589158118,5773.195876288688,0.012177999999999977,0.0003664798766644388,-0.0003664798766644388,1438.0366043601152,42.338779860660416,-42.338779860660416,86282.1962616069,2540.326791639619,-2540.326791639619,1344238.6854,58428.80371893672,-58428.80371893672,5750.122864197271,5923.8651114690865,5581.476338708287,10.011578268186309,10.762372140374989,9.31316052935966,1.5171160000000001,0.00039790702431585995,-0.00039790702431585995,5.4483834174000005,0.10754862971267257,-0.10754862971267257,2.5288480982,0.10104985261256978,-0.10104985261256978,2.919535319,0.016647057325925738,-0.016647057325925738,0.0,0.0,0.0,0.0,0.0,0.0,,0.028341962252456387,2.1085436717943082,3.3518897872753612,0.8788943689032195,
035_190℃_200_1.5mm.csv,1.5,200,1.48873,0.300182416,1.500555,0.300247216,0.011825,1.59429564,1.51735,5.511987567,2.597768304,2.914219263,190,0.011824999999999974,1294048.4239999999,1479.9154334038087,60.0,88794.92600422852,9.36864649824488,5919.661733615234,0.012177999999999977,0.0003664798766644388,-0.0003664798766644388,1438.0366043601152,42.338779860660416,-42.338779860660416,86282.1962616069,2540.326791639619,-2540.326791639619,1344238.6854,58428.80371893672,-58428.80371893672,5750.122864197271,5923.8651114690865,5581.476338708287,10.011578268186309,10.762372140374989,9.31316052935966,1.5171160000000001,0.00039790702431585995,-0.00039790702431585995,5.4483834174000005,0.10754862971267257,-0.10754862971267257,2.5288480982,0.10104985261256978,-0.10104985261256978,2.919535319,0.016647057325925738,-0.016647057325925738,-2.4742268041234508,2.5369978858348183,2.5369978858348174,-3.2591636112988294,2.536997885834803,-5.652751315761272,,0.010875404120128444,0.816490786521358,1.5909747072432632,0.0,
036_190℃_240_1.5mm.csv,1.5,240,1.48934,0.300232886,1.500305,0.300017906,0.010965,1.555738235,1.508725,3.499788471,1.212793535,2.286994936,190,0.010964999999999892,1255720.329,1595.987232102159,60.0,95759.23392612954,8.429983718868284,6383.948928408637,0.010641999999999952,0.00023188359148496328,-0.00023188359148496328,1645.0474943740185,35.55690624685729,-35.55690624685729,98702.8496624411,2133.414374811438,-2133.414374811438,1218291.1134,34490.03921534149,-34490.03921534149,6578.953681391448,6723.299445949458,6437.70694580178,7.933750176331652,8.337105125702658,7.54990982018324,1.508812,0.00010929318368493693,-0.00010929318368493693,3.5275927188,0.03181119291394494,-0.03181119291394494,1.2442974548,0.02737263993409877,-0.02737263993409877,2.2832952636000003,0.01174335915781254,-0.01174335915781254,4.08163265306058,-3.921568627450385,-3.9215686274503723,4.234753047894952,-3.921568627450358,8.643922734807212,,-0.003976709736639016,-0.5556724838957898,-2.4021427228071315,0.0,
037_190℃_240_1.5mm.csv,1.5,240,1.489485,0.300183352,1.49988,0.300187092,0.010395,1.47844182,1.50898,3.576638987,1.288076472,2.288562515,190,0.010395000000000154,1178254.728,1683.5016835016586,60.0,101010.10101009952,7.49874973320011,6734.006734006634,0.010641999999999952,0.00023188359148496328,-0.00023188359148496328,1645.0474943740185,35.55690624685729,-35.55690624685729,98702.8496624411,2133.414374811438,-2133.414374811438,1218291.1134,34490.03921534149,-34490.03921534149,6578.953681391448,6723.299445949458,6437.70694580178,7.933750176331652,8.337105125702658,7.54990982018324,1.508812,0.00010929318368493693,-0.00010929318368493693,3.5275927188,0.03181119291394494,-0.03181119291394494,1.2442974548,0.02737263993409877,-0.02737263993409877,2.2832952636000003,0.01174335915781254,-0.01174335915781254,-1.3289036544832222,1.3468013467994744,1.3468013467994855,-2.195506623358461,1.3468013467994882,-3.3576322575839312,,0.012924306644084163,1.6279874561868004,3.656145954279105,0.06854317757002856,
038_190℃_240_1.5mm.csv,1.5,240,1.489495,0.300262739,1.50029,0.300005156,0.010795,1.553213692,1.508855,3.540026518,1.242643608,2.297382909,190,0.010794999999999888,1253208.5359999998,1621.120889300619,60.0,97267.25335803714,8.282685395583588,6484.483557202476,0.010641999999999952,0.00023188359148496328,-0.00023188359148496328,1645.0474943740185,35.55690624685729,-35.55690624685729,98702.8496624411,2133.414374811438,-2133.414374811438,1218291.1134,34490.03921534149,-34490.03921534149,6578.953681391448,6723.299445949458,6437.70694580178,7.933750176331652,8.337105125702658,7.54990982018324,1.508812,0.00010929318368493693,-0.00010929318368493693,3.5275927188,0.03181119291394494,-0.03181119291394494,1.2442974548,0.02737263993409877,-0.02737263993409877,2.2832952636000003,0.01174335915781254,-0.01174335915781254,2.4679639297572655,-2.408522464103098,-2.40852246410309,4.026254294616874,-2.4085224641030845,6.745571778554408,,0.004639494692750425,0.5876667657855043,0.0,0.45421932670164106,
039_190℃_240_1.5mm.csv,1.5,240,1.48946,0.300082826,1.499995,0.300076383,0.010535,1.499644271,1.508785,3.5193445,1.242781936,2.276562564,190,0.010534999999999961,1199567.888,1661.1295681063184,60.0,99667.7740863791,7.737212877599972,6644.518272425273,0.010641999999999952,0.00023188359148496328,-0.00023188359148496328,1645.0474943740185,35.55690624685729,-35.55690624685729,98702.8496624411,2133.414374811438,-2133.414374811438,1218291.1134,34490.03921534149,-34490.03921534149,6578.953681391448,6723.299445949458,6437.70694580178,7.933750176331652,8.337105125702658,7.54990982018324,1.508812,0.00010929318368493693,-0.00010929318368493693,3.5275927188,0.03181119291394494,-0.03181119291394494,1.2442974548,0.02737263993409877,-0.02737263993409877,2.2832952636000003,0.01174335915781254,-0.01174335915781254,0.0,0.0,0.0,-0.4263451962758479,0.0,-0.28436755159279536,,0.0,0.0,0.01113175162286924,-0.45616069523296726,
040_190℃_240_1.5mm.csv,1.5,240,1.489505,0.300010163,1.500025,0.300214903,0.01052,1.504918989,1.508715,3.502165118,1.235191723,2.266973394,190,0.010519999999999863,1204704.086,1663.4980988593372,60.0,99809.88593156023,7.759277745746837,6653.992395437348,0.010641999999999952,0.00023188359148496328,-0.00023188359148496328,1645.0474943740185,35.55690624685729,-35.55690624685729,98702.8496624411,2133.414374811438,-2133.414374811438,1218291.1134,34490.03921534149,-34490.03921534149,6578.953681391448,6723.299445949458,6437.70694580178,7.933750176331652,8.337105125702658,7.54990982018324,1.508812,0.00010929318368493693,-0.00010929318368493693,3.5275927188,0.03181119291394494,-0.03181119291394494,1.2442974548,0.02737263993409877,-0.02737263993409877,2.2832952636000003,0.01174335915781254,-0.01174335915781254,-0.14238253441004578,0.14258555133173312,0.1425855513317377,0.0,0.14258555133173312,0.0,,-0.004639494692750425,-0.4881415274918295,-0.5996799848344004,-0.8754519603361414,
001_210℃_010_1.5mm.csv,1.5,10,1.31522,0.300039032,1.56086,0.300085346,0.24564,1.988410935,2.7359,16.40642233,12.92917583,3.477246493,210,0.24563999999999986,1688325.5890000002,71.24246865331384,60.0,4274.54811919883,253.91038633589375,284.96987461325534,0.24309599999999998,0.003561948904743013,-0.003561948904743013,72.00035225542072,1.052000569878385,-1.052000569878385,4320.021135325243,63.120034192702896,-63.120034192702896,1666429.9335999999,28561.649651228898,-28561.649651228898,287.9767690959111,292.2214983419334,283.7936976213884,247.97160657542162,255.9261140556568,240.26433525350734,2.7436999999999996,0.009571050099127043,-0.009571050099127043,16.515452271999997,0.11215965815133279,-0.11215965815133279,13.060296712000001,0.12765407889453198,-0.12765407889453198,3.4551555586,0.02761230927842392,-0.02761230927842392,1.2030323005931982,-1.1887314769580741,-1.1887314769580652,1.9241257916915733,-1.1887314769580741,3.150305947062836,,-0.26320394295545885,-0.6315844359936889,-1.0664130438529598,0.8303527472104277,
002_210℃_010_1.5mm.csv,1.5,10,1.31478,0.300024225,1.56248,0.300043721,0.2477,2.004025086,2.73454,16.44510888,12.95697419,3.488134692,210,0.24770000000000003,1703981.365,70.64997981429147,60.0,4238.998788857488,258.41399027173475,282.5999192571659,0.24309599999999998,0.003561948904743013,-0.003561948904743013,72.00035225542072,1.052000569878385,-1.052000569878385,4320.021135325243,63.120034192702896,-63.120034192702896,1666429.9335999999,28561.649651228898,-28561.649651228898,287.9767690959111,292.2214983419334,283.7936976213884,247.97160657542162,255.9261140556568,240.26433525350734,2.7436999999999996,0.009571050099127043,-0.009571050099127043,16.515452271999997,0.11215965815133279,-0.11215965815133279,13.060296712000001,0.12765407889453198,-0.12765407889453198,3.4551555586,0.02761230927842392,-0.02761230927842392,2.051746868820033,-2.010496568429552,-2.0104965684295513,2.8692641540945663,-2.010496568429552,4.979881060354392,,-0.3127825250080132,-0.3972724635347009,-0.8537009961200375,1.1460798456953691,
003_210℃_010_1.5mm.csv,1.5,10,1.31426,0.300091515,1.55698,0.30007094,0.24272,1.956524283,2.74312,16.51070135,13.06854045,3.442160908,210,0.24272000000000005,1656453.3429999999,72.09953856295319,60.0,4325.972313777191,246.15572780385315,288.39815425181274,0.24309599999999998,0.003561948904743013,-0.003561948904743013,72.00035225542072,1.052000569878385,-1.052000569878385,4320.021135325243,63.120034192702896,-63.120034192702896,1666429.9335999999,28561.649651228898,-28561.649651228898,287.9767690959111,292.2214983419334,283.7936976213884,247.97160657542162,255.9261140556568,240.26433525350734,2.7436999999999996,0.009571050099127043,-0.009571050099127043,16.515452271999997,0.11215965815133279,-0.11215965815133279,13.060296712000001,0.12765407889453198,-0.12765407889453198,3.4551555586,0.02761230927842392,-0.02761230927842392,0.0,0.0,0.0,0.0,0.0,0.0,,0.0,0.0,0.0,-0.18703038021925542,
004_210℃_010_1.5mm.csv,1.5,10,1.31526,0.300003198,1.55504,0.300018928,0.23978,1.936696431,2.75828,16.69837141,13.24976055,3.448610858,210,0.23977999999999988,1636677.503,72.98356827091504,60.0,4379.014096254903,240.27093775673865,291.93427308366023,0.24309599999999998,0.003561948904743013,-0.003561948904743013,72.00035225542072,1.052000569878385,-1.052000569878385,4320.021135325243,63.120034192702896,-63.120034192702896,1666429.9335999999,28561.649651228898,-28561.649651228898,287.9767690959111,292.2214983419334,283.7936976213884,247.97160657542162,255.9261140556568,240.26433525350734,2.7436999999999996,0.009571050099127043,-0.009571050099127043,16.515452271999997,0.11215965815133279,-0.11215965815133279,13.060296712000001,0.12765407889453198,-0.12765407889453198,3.4551555586,0.02761230927842392,-0.02761230927842392,-1.2112722478576814,1.2261239469514411,1.2261239469514609,-1.1938664064140714,1.2261239469514609,-2.3906776818143944,,0.5526553705270016,1.136657105120483,1.3866896666337296,0.0,
005_210℃_010_1.5mm.csv,1.5,10,1.31582,0.300002159,1.55546,0.300042581,0.23964,1.946754449,2.74666,16.51665739,13.09703254,3.419624842,210,0.23964000000000008,1646711.868,73.02620597563009,60.0,4381.5723585378055,241.6028767637878,292.10482390252037,0.24309599999999998,0.003561948904743013,-0.003561948904743013,72.00035225542072,1.052000569878385,-1.052000569878385,4320.021135325243,63.120034192702896,-63.120034192702896,1666429.9335999999,28561.649651228898,-28561.649651228898,287.9767690959111,292.2214983419334,283.7936976213884,247.97160657542162,255.9261140556568,240.26433525350734,2.7436999999999996,0.009571050099127043,-0.009571050099127043,16.515452271999997,0.11215965815133279,-0.11215965815133279,13.060296712000001,0.12765407889453198,-0.12765407889453198,3.4551555586,0.02761230927842392,-0.02761230927842392,-1.2689518787079643,1.2852612251710782,1.2852612251710875,-0.588092326365021,1.2852612251710782,-1.8495815964490756,,0.12905013269562027,0.03607381584669864,0.21802044466258894,-0.840512809172386,
006_210℃_020_1.5mm.csv,1.5,20,1.411985,0.300053736,1.52932,0.300056141,0.117335,1.961447283,2.075815,13.97205996,10.98812998,2.983929984,210,0.11733499999999997,1661391.142,149.1456087271488,60.0,8948.736523628928,119.35060998769589,596.5824349085952,0.11790999999999996,0.0008566285659491108,-0.0008566285659491108,148.4245479643584,1.0775680359888278,-1.0775680359888278,8905.472877861504,64.65408215932982,-64.65408215932982,1672806.0881999999,16883.40961066076,-16883.40961066076,593.6856689745371,598.0130754976379,589.3895768958581,120.75205971286832,122.86407737208646,118.6763473650826,2.0733889999999997,0.008179473852271834,-0.008179473852271834,13.91578849,0.17225427290158865,-0.17225427290158865,10.92911099,0.1757698952533227,-0.1757698952533227,2.9866775012,0.010174378732424121,-0.010174378732424121,-0.4369961815867994,0.43891421996850005,0.4389142199684835,-0.6569902662932112,0.4389142199684809,-1.0911154255028943,,-0.03683941865952214,-0.01974766091543513,-0.006250718423565987,-0.17389686985045588,
007_210℃_020_1.5mm.csv,1.5,20,1.411885,0.300027385,1.528765,0.3000046,0.11688,1.951719311,2.07681,13.97481966,11.00430647,2.970513189,210,0.11687999999999987,1651714.711,149.72621492128695,60.0,8983.572895277217,118.19535638062027,598.9048596851478,0.11790999999999996,0.0008566285659491108,-0.0008566285659491108,148.4245479643584,1.0775680359888278,-1.0775680359888278,8905.472877861504,64.65408215932982,-64.65408215932982,1672806.0881999999,16883.40961066076,-16883.40961066076,593.6856689745371,598.0130754976379,589.3895768958581,120.75205971286832,122.86407737208646,118.6763473650826,2.0733889999999997,0.008179473852271834,-0.008179473852271834,13.91578849,0.17225427290158865,-0.17225427290158865,10.92911099,0.1757698952533227,-0.1757698952533227,2.9866775012,0.010174378732424121,-0.010174378732424121,-0.8230801866780969,0.8299110198495284,0.8299110198495182,-1.2355931941163043,0.8299110198495092,-2.0485034580256767,,0.011075903649277876,0.0,0.14095794112633422,-0.62275001604615,
008_210℃_020_1.5mm.csv,1.5,20,1.412255,0.300026889,1.531275,0.300021143,0.11902,1.992651787,2.058895,13.61112671,10.61758698,2.993539734,210,0.1190199999999999,1692630.644,147.03411191396415,60.0,8822.046714837848,123.34095872380401,588.1364476558566,0.11790999999999996,0.0008566285659491108,-0.0008566285659491108,148.4245479643584,1.0775680359888278,-1.0775680359888278,8905.472877861504,64.65408215932982,-64.65408215932982,1672806.0881999999,16883.40961066076,-16883.40961066076,593.6856689745371,598.0130754976379,589.3895768958581,120.75205971286832,122.86407737208646,118.6763473650826,2.0733889999999997,0.008179473852271834,-0.008179473852271834,13.91578849,0.17225427290158865,-0.17225427290158865,10.92911099,0.1757698952533227,-0.1757698952533227,2.9866775012,0.010174378732424121,-0.010174378732424121,0.9927874416630406,-0.9830280625104253,-0.9830280625104418,1.2109781324826636,-0.9830280625104444,2.215788012966308,,-0.8516406784231635,-2.6024876087739015,-3.378251587314192,0.1475932119204986,
009_210℃_020_1.5mm.csv,1.5,20,1.412375,0.30003158,1.53084,0.300017541,0.118465,1.985932979,2.07658,13.98509348,10.98881686,2.996276615,210,0.11846500000000004,1685915.4379999998,147.72295614738525,60.0,8863.377368843116,122.27875858938982,590.891824589541,0.11790999999999996,0.0008566285659491108,-0.0008566285659491108,148.4245479643584,1.0775680359888278,-1.0775680359888278,8905.472877861504,64.65408215932982,-64.65408215932982,1672806.0881999999,16883.40961066076,-16883.40961066076,593.6856689745371,598.0130754976379,589.3895768958581,120.75205971286832,122.86407737208646,118.6763473650826,2.0733889999999997,0.008179473852271834,-0.008179473852271834,13.91578849,0.17225427290158865,-0.17225427290158865,10.92911099,0.1757698952533227,-0.1757698952533227,2.9866775012,0.010174378732424121,-0.010174378732424121,0.5218498090793654,-0.519140674460849,-0.5191406744608477,0.8094418788230964,-0.519140674460868,1.3355157588017184,,0.0,0.07351665531260315,0.0,0.23915439680953393,
010_210℃_020_1.5mm.csv,1.5,20,1.41216,0.300044331,1.53001,0.300010341,0.11785,1.972388847,2.078845,14.03584264,11.04671466,2.989127984,210,0.11785000000000001,1672378.5059999998,148.4938481120068,60.0,8909.630886720408,120.66722873393876,593.9753924480273,0.11790999999999996,0.0008566285659491108,-0.0008566285659491108,148.4245479643584,1.0775680359888278,-1.0775680359888278,8905.472877861504,64.65408215932982,-64.65408215932982,1672806.0881999999,16883.40961066076,-16883.40961066076,593.6856689745371,598.0130754976379,589.3895768958581,120.75205971286832,122.86407737208646,118.6763473650826,2.0733889999999997,0.008179473852271834,-0.008179473852271834,13.91578849,0.17225427290158865,-0.17225427290158865,10.92911099,0.1757698952533227,-0.1757698952533227,2.9866775012,0.010174378732424121,-0.010174378732424121,0.0,0.0,0.0,0.0,0.0,0.0,,0.109073572893891,0.43666381022909473,0.526879287712501,0.0,
011_210℃_040_1.5mm.csv,1.5,40,1.46141,0.30003465,1.51941,0.300121937,0.058,2.163747855,1.763685,12.61513309,9.801757186,2.813375908,210,0.05799999999999983,1863625.9179999998,301.7241379310354,60.0,18103.448275862123,66.17773667999978,1206.8965517241415,0.05775599999999996,0.0004781265522851009,-0.0004781265522851009,303.0154534013679,2.511196785771365,-2.511196785771365,18180.927204082076,150.67180714628074,-150.67180714628074,1858021.9467999998,19020.697118313285,-19020.697118313285,1212.0285396081144,1222.109433935558,1202.0308002155887,65.69661237681292,66.91257472075576,64.50274699189546,1.7615770000000002,0.005179030556001745,-0.005179030556001745,12.60712101,0.17958880886076284,-0.17958880886076284,9.7822452646,0.17888780977601387,-0.17888780977601387,2.8248757474,0.011028819617178318,-0.011028819617178318,0.07764644983150847,-0.07758620689628386,-0.07758620689629013,0.0,-0.07758620689628386,0.0,,0.05105557399228499,0.0,0.0,-0.41749795869608874,
012_210℃_040_1.5mm.csv,1.5,40,1.46147,0.300104503,1.518705,0.30005783,0.057235,2.137721248,1.762785,12.69388315,9.868712212,2.825170939,210,0.057234999999999925,1837663.418,305.75696689088886,60.0,18345.41801345333,64.39510146687543,1223.0278675635554,0.05775599999999996,0.0004781265522851009,-0.0004781265522851009,303.0154534013679,2.511196785771365,-2.511196785771365,18180.927204082076,150.67180714628074,-150.67180714628074,1858021.9467999998,19020.697118313285,-19020.697118313285,1212.0285396081144,1222.109433935558,1202.0308002155887,65.69661237681292,66.91257472075576,64.50274699189546,1.7615770000000002,0.005179030556001745,-0.005179030556001745,12.60712101,0.17958880886076284,-0.17958880886076284,9.7822452646,0.17888780977601387,-0.17888780977601387,2.8248757474,0.011028819617178318,-0.011028819617178318,-1.2423431973083499,1.2579715209226194,1.2579715209226068,-1.3931175644875191,1.2579715209226194,-2.6937083414384864,,0.0,0.6242507267911754,0.683092069406018,0.0,
013_210℃_040_1.5mm.csv,1.5,40,1.46146,0.300091865,1.519775,0.30010176,0.058315,2.175781305,1.75763,12.49109476,9.64980768,2.841287076,210,0.05831500000000012,1875679.5450000002,300.09431535625424,60.0,18005.658921375256,66.96750163265828,1200.377261425017,0.05775599999999996,0.0004781265522851009,-0.0004781265522851009,303.0154534013679,2.511196785771365,-2.511196785771365,18180.927204082076,150.67180714628074,-150.67180714628074,1858021.9467999998,19020.697118313285,-19020.697118313285,1212.0285396081144,1222.109433935558,1202.0308002155887,65.69661237681292,66.91257472075576,64.50274699189546,1.7615770000000002,0.005179030556001745,-0.005179030556001745,12.60712101,0.17958880886076284,-0.17958880886076284,9.7822452646,0.17888780977601387,-0.17888780977601387,2.8248757474,0.011028819617178318,-0.011028819617178318,0.6211715986543664,-0.6173368773045192,-0.6173368773045191,0.6467836105722334,-0.6173368773045192,1.1933997629404935,,-0.2924349821447324,-0.9832502686660216,-1.5502272002517177,0.5704482081960149,
014_210℃_040_1.5mm.csv,1.5,40,1.461715,0.30007198,1.51967,0.30002027,0.057955,2.175101084,1.768435,12.84983406,10.02159008,2.828243987,210,0.05795499999999998,1875080.814,301.9584160124235,60.0,18117.504960745413,66.53284198492038,1207.833664049694,0.05775599999999996,0.0004781265522851009,-0.0004781265522851009,303.0154534013679,2.511196785771365,-2.511196785771365,18180.927204082076,150.67180714628074,-150.67180714628074,1858021.9467999998,19020.697118313285,-19020.697118313285,1212.0285396081144,1222.109433935558,1202.0308002155887,65.69661237681292,66.91257472075576,64.50274699189546,1.7615770000000002,0.005179030556001745,-0.005179030556001745,12.60712101,0.17958880886076284,-0.17958880886076284,9.7822452646,0.17888780977601387,-0.17888780977601387,2.8248757474,0.011028819617178318,-0.011028819617178318,0.0,0.0,0.0,0.6146564012317081,0.0,0.5365933057482741,,0.3205155478404872,1.860471612352991,2.242790653026891,0.10877387833699781,
015_210℃_040_1.5mm.csv,1.5,40,1.4614,0.300068939,1.518675,0.300037559,0.057275,2.138097598,1.75535,12.38565999,9.569359165,2.816300827,210,0.057274999999999965,1838060.0389999999,305.5434308162376,60.0,18332.605848974257,64.45401351044383,1222.1737232649505,0.05775599999999996,0.0004781265522851009,-0.0004781265522851009,303.0154534013679,2.511196785771365,-2.511196785771365,18180.927204082076,150.67180714628074,-150.67180714628074,1858021.9467999998,19020.697118313285,-19020.697118313285,1212.0285396081144,1222.109433935558,1202.0308002155887,65.69661237681292,66.91257472075576,64.50274699189546,1.7615770000000002,0.005179030556001745,-0.005179030556001745,12.60712101,0.17958880886076284,-0.17958880886076284,9.7822452646,0.17888780977601387,-0.17888780977601387,2.8248757474,0.011028819617178318,-0.011028819617178318,-1.1733241307911555,1.1872544740288316,1.1872544740288251,-1.3718353427621712,1.1872544740288316,-2.6046874009773986,,-0.4217757695918719,-1.819030353170851,-2.370983249125346,-0.31396726752185644,
016_210℃_080_1.5mm.csv,1.5,80,1.480465,0.300146044,1.509645,0.300171008,0.02918,2.26251379,1.623005,12.70630615,9.799689909,2.906616245,210,0.029179999999999984,1962342.782,599.7258396161758,60.0,35983.55037697055,35.05785451760814,2398.903358464703,0.028937999999999908,0.0004969607630387192,-0.0004969607630387192,604.8846389537075,10.442783090262674,-10.442783090262674,36293.07833722245,626.5669854157615,-626.5669854157615,1939346.6252000001,39322.87698811395,-39322.87698811395,2419.251098077185,2461.2710505930113,2377.9485295361983,34.349939611326754,35.663310064466785,33.08493656839243,1.6185870000000002,0.005746334266295319,-0.005746334266295319,12.275989714,0.5635248973452834,-0.5635248973452834,9.3988319852,0.5365286242783825,-0.5365286242783825,2.8771577286,0.03377618221607055,-0.03377618221607055,0.0,0.0,0.0,0.0,0.0,0.0,,0.02835052340613832,0.3861711443811461,0.3194282519711626,1.1069284745019787,
017_210℃_080_1.5mm.csv,1.5,80,1.480425,0.300010323,1.508835,0.300170672,0.02841,2.197875856,1.622545,12.65742682,9.782632489,2.874794328,210,0.028409999999999824,1897705.184,615.9802886307676,60.0,36958.81731784606,33.008451598432444,2463.9211545230705,0.028937999999999908,0.0004969607630387192,-0.0004969607630387192,604.8846389537075,10.442783090262674,-10.442783090262674,36293.07833722245,626.5669854157615,-626.5669854157615,1939346.6252000001,39322.87698811395,-39322.87698811395,2419.251098077185,2461.2710505930113,2377.9485295361983,34.349939611326754,35.663310064466785,33.08493656839243,1.6185870000000002,0.005746334266295319,-0.005746334266295319,12.275989714,0.5635248973452834,-0.5635248973452834,9.3988319852,0.5365286242783825,-0.5365286242783825,2.8771577286,0.03377618221607055,-0.03377618221607055,-2.63879369431172,2.710313269975941,2.71031326997594,-3.293899444730141,2.710313269975941,-5.845773928197363,,0.0,0.0,0.144811438812388,0.0,
018_210℃_080_1.5mm.csv,1.5,80,1.480425,0.300012533,1.509815,0.300058298,0.02939,2.277260111,1.622625,12.68196936,9.768486603,2.913482756,210,0.029389999999999805,1977201.813,595.4406260632908,60.0,35726.437563797444,35.577527316777314,2381.762504253163,0.028937999999999908,0.0004969607630387192,-0.0004969607630387192,604.8846389537075,10.442783090262674,-10.442783090262674,36293.07833722245,626.5669854157615,-626.5669854157615,1939346.6252000001,39322.87698811395,-39322.87698811395,2419.251098077185,2461.2710505930113,2377.9485295361983,34.349939611326754,35.663310064466785,33.08493656839243,1.6185870000000002,0.005746334266295319,-0.005746334266295319,12.275989714,0.5635248973452834,-0.5635248973452834,9.3988319852,0.5365286242783825,-0.5365286242783825,2.8771577286,0.03377618221607055,-0.03377618221607055,0.7196710075387991,-0.7145287512753403,-0.7145287512753441,0.7572087372449791,-0.7145287512753403,1.4823291565322716,,0.004930525809766756,0.19389833612327026,0.0,1.3457807267525659,
019_210℃_080_1.5mm.csv,1.5,80,1.480415,0.300120353,1.508805,0.300084367,0.02839,2.19587905,1.61371,11.79619327,8.964150227,2.832043046,210,0.028389999999999915,1895794.683,616.4142303628056,60.0,36984.85382176834,32.95200676553256,2465.6569214512224,0.028937999999999908,0.0004969607630387192,-0.0004969607630387192,604.8846389537075,10.442783090262674,-10.442783090262674,36293.07833722245,626.5669854157615,-626.5669854157615,1939346.6252000001,39322.87698811395,-39322.87698811395,2419.251098077185,2461.2710505930113,2377.9485295361983,34.349939611326754,35.663310064466785,33.08493656839243,1.6185870000000002,0.005746334266295319,-0.005746334266295319,12.275989714,0.5635248973452834,-0.5635248973452834,9.3988319852,0.5365286242783825,-0.5365286242783825,2.8771577286,0.03377618221607055,-0.03377618221607055,-2.7073337902675423,2.7826699542094713,2.78266995420948,-3.391257613625219,2.7826699542094713,-6.006778740604052,,-0.544514944115567,-6.804175621534422,-8.23399169890841,-1.4871074978689822,
020_210℃_080_1.5mm.csv,1.5,80,1.48034,0.300014589,1.50966,0.300171907,0.02932,2.263860571,1.61105,11.53805297,8.679200698,2.858852268,210,0.029320000000000013,1963688.6639999999,596.8622100954977,60.0,35811.73260572986,35.25021528274287,2387.448840381991,0.028937999999999908,0.0004969607630387192,-0.0004969607630387192,604.8846389537075,10.442783090262674,-10.442783090262674,36293.07833722245,626.5669854157615,-626.5669854157615,1939346.6252000001,39322.87698811395,-39322.87698811395,2419.251098077185,2461.2710505930113,2377.9485295361983,34.349939611326754,35.663310064466785,33.08493656839243,1.6185870000000002,0.005746334266295319,-0.005746334266295319,12.275989714,0.5635248973452834,-0.5635248973452834,9.3988319852,0.5365286242783825,-0.5365286242783825,2.8771577286,0.03377618221607055,-0.03377618221607055,0.47978067169303995,-0.47748976807648763,-0.4774897680764889,0.06858546897847653,-0.47748976807648763,0.5486952004952689,,-0.7084549272901406,-8.843613049622977,-11.151020104439393,-0.5545461059501569,CH04圧力@V01横ばい終点(MPa)
021_210℃_120_1.5mm.csv,1.5,120,1.485125,0.300141584,1.504655,0.300129102,0.01953,2.057698114,1.556385,9.389582989,6.550333131,2.839249858,210,0.019530000000000047,1757569.0119999999,896.0573476702488,60.0,53763.44086021493,21.01550375777148,3584.229390680995,0.019674000000000014,0.00013699452543806956,-0.00013699452543806956,889.5331643295483,6.163444635777896,-6.163444635777896,53371.98985977289,369.8066781466738,-369.8066781466738,1773986.6398000002,13899.947838607277,-13899.947838607277,3558.0641031565037,3582.864562642997,3533.435311557531,21.367275852393327,21.68177007376725,21.05734337182475,1.5545550000000001,0.0015349714981067494,-0.0015349714981067494,9.1225241912,0.22327613222627601,-0.22327613222627601,6.2905040386,0.22015964063387883,-0.22015964063387883,2.8320201525999997,0.004723508605084539,-0.004723508605084539,-0.7117437722421375,0.7168458781363466,0.7168458781363457,-0.8542958200649967,0.7168458781363337,-1.4081028909211228,,0.08488391160498036,2.1161019949372353,2.9686349775786116,0.29692621682509557,
022_210℃_120_1.5mm.csv,1.5,120,1.48517,0.300030572,1.50477,0.300192022,0.0196,2.072905249,1.55519,9.214433004,6.384645368,2.829787636,210,0.01959999999999984,1772713.2270000002,892.8571428571502,60.0,53571.42857142901,21.27255872399983,3571.4285714286007,0.019674000000000014,0.00013699452543806956,-0.00013699452543806956,889.5331643295483,6.163444635777896,-6.163444635777896,53371.98985977289,369.8066781466738,-369.8066781466738,1773986.6398000002,13899.947838607277,-13899.947838607277,3558.0641031565037,3582.864562642997,3533.435311557531,21.367275852393327,21.68177007376725,21.05734337182475,1.5545550000000001,0.0015349714981067494,-0.0015349714981067494,9.1225241912,0.22327613222627601,-0.22327613222627601,6.2905040386,0.22015964063387883,-0.22015964063387883,2.8320201525999997,0.004723508605084539,-0.004723508605084539,-0.3558718861221976,0.35714285714406324,0.35714285714405813,0.0,0.3571428571440504,-0.20215812395872468,,0.008038249205026979,0.2112640746989207,0.36408915564817357,-0.03732819164382033,
023_210℃_120_1.5mm.csv,1.5,120,1.485075,0.300000213,1.50475,0.300232634,0.019675,2.069765632,1.555065,9.195007257,6.361483895,2.833523361,210,0.01967500000000011,1769532.9980000004,889.453621346882,60.0,53367.21728081292,21.315650042234818,3557.814485387528,0.019674000000000014,0.00013699452543806956,-0.00013699452543806956,889.5331643295483,6.163444635777896,-6.163444635777896,53371.98985977289,369.8066781466738,-369.8066781466738,1773986.6398000002,13899.947838607277,-13899.947838607277,3558.0641031565037,3582.864562642997,3533.435311557531,21.367275852393327,21.68177007376725,21.05734337182475,1.5545550000000001,0.0015349714981067494,-0.0015349714981067494,9.1225241912,0.22327613222627601,-0.22327613222627601,6.2905040386,0.22015964063387883,-0.22015964063387883,2.8320201525999997,0.004723508605084539,-0.004723508605084539,0.025419420437380463,-0.025412960610084568,-0.02541296061008713,-0.17939895475264128,-0.025412960610097346,0.0,,0.0,0.0,0.0,0.0946368531498454,
024_210℃_120_1.5mm.csv,1.5,120,1.48511,0.300053606,1.50478,0.300025338,0.01967,2.074206688,1.55377,9.010028344,6.183332776,2.826695569,210,0.019670000000000076,1774181.3499999999,889.6797153024877,60.0,53380.78291814926,21.366212543571507,3558.7188612099512,0.019674000000000014,0.00013699452543806956,-0.00013699452543806956,889.5331643295483,6.163444635777896,-6.163444635777896,53371.98985977289,369.8066781466738,-369.8066781466738,1773986.6398000002,13899.947838607277,-13899.947838607277,3558.0641031565037,3582.864562642997,3533.435311557531,21.367275852393327,21.68177007376725,21.05734337182475,1.5545550000000001,0.0015349714981067494,-0.0015349714981067494,9.1225241912,0.22327613222627601,-0.22327613222627601,6.2905040386,0.22015964063387883,-0.22015964063387883,2.8320201525999997,0.004723508605084539,-0.004723508605084539,0.0,0.0,0.0,0.0828178510567221,0.0,0.23720834802834684,,-0.08327626176396641,-2.011732104498111,-2.8004648277113935,-0.14655592124382166,
025_210℃_120_1.5mm.csv,1.5,120,1.48506,0.300178319,1.504955,0.300101313,0.019895,2.096037925,1.552365,8.803569362,5.972725023,2.830844339,210,0.019894999999999996,1795936.6120000002,879.6179944709728,60.0,52777.07966825837,21.875607487187754,3518.471977883891,0.019674000000000014,0.00013699452543806956,-0.00013699452543806956,889.5331643295483,6.163444635777896,-6.163444635777896,53371.98985977289,369.8066781466738,-369.8066781466738,1773986.6398000002,13899.947838607277,-13899.947838607277,3558.0641031565037,3582.864562642997,3533.435311557531,21.367275852393327,21.68177007376725,21.05734337182475,1.5545550000000001,0.0015349714981067494,-0.0015349714981067494,9.1225241912,0.22327613222627601,-0.22327613222627601,6.2905040386,0.22015964063387883,-0.22015964063387883,2.8320201525999997,0.004723508605084539,-0.004723508605084539,1.143873919674219,-1.130937421462278,-1.1309374214622823,1.3100474823726245,-1.1309374214622907,2.626978036529199,,-0.17362618282836567,-4.2570699952629845,-6.111135049882892,0.0,
026_210℃_160_1.5mm.csv,1.5,160,1.48719,0.300155427,1.50229,0.300080917,0.0151,1.835637238,1.52952,6.918572015,4.09153108,2.827040935,210,0.015099999999999891,1535556.3209999998,1158.9403973510018,60.0,69536.42384106011,14.196061498224385,4635.761589404007,0.01507900000000002,0.0001568598100216065,-0.0001568598100216065,1160.6539368335077,11.959318311072856,-11.959318311072856,69639.23621001045,717.5590986643729,-717.5590986643729,1524717.2289999998,17270.958369662094,-17270.958369662094,4642.417328044612,4690.731046853217,4594.601232186844,14.074926983620259,14.377848730036611,13.77838738700774,1.529725,0.0003289376840679552,-0.0003289376840679552,6.961771057200001,0.06282107165465795,-0.06282107165465795,4.131962143,0.06438780932944074,-0.06438780932944074,2.8298089142,0.007747750042682116,-0.007747750042682116,0.5326231691069093,-0.5298013245023645,-0.5298013245023645,1.4346366331029141,-0.5298013245023645,2.144915849271994,,-0.001961361184660488,-0.20003314299537783,0.0,0.0,
027_210℃_160_1.5mm.csv,1.5,160,1.48711,0.300030552,1.50213,0.300183909,0.01502,1.811276336,1.52994,7.001115847,4.176770251,2.824345596,210,0.015020000000000033,1511092.427,1165.1131824234328,60.0,69906.79094540597,13.895882604208191,4660.452729693731,0.01507900000000002,0.0001568598100216065,-0.0001568598100216065,1160.6539368335077,11.959318311072856,-11.959318311072856,69639.23621001045,717.5590986643729,-717.5590986643729,1524717.2289999998,17270.958369662094,-17270.958369662094,4642.417328044612,4690.731046853217,4594.601232186844,14.074926983620259,14.377848730036611,13.77838738700774,1.529725,0.0003289376840679552,-0.0003289376840679552,6.961771057200001,0.06282107165465795,-0.06282107165465795,4.131962143,0.06438780932944074,-0.06438780932944074,2.8298089142,0.007747750042682116,-0.007747750042682116,0.0,0.0,0.0,-0.18138106978714635,0.0,-0.014961231624472377,,0.02549769540061538,0.9906564501735425,2.0833074302346386,-0.09534135026593597,
028_210℃_160_1.5mm.csv,1.5,160,1.487155,0.300107915,1.50215,0.300001794,0.014995,1.813840037,1.530195,7.052393708,4.223181771,2.829211937,210,0.014995000000000092,1513838.2430000002,1167.0556852284024,60.0,70023.34111370414,13.8979619104807,4668.222740913609,0.01507900000000002,0.0001568598100216065,-0.0001568598100216065,1160.6539368335077,11.959318311072856,-11.959318311072856,69639.23621001045,717.5590986643729,-717.5590986643729,1524717.2289999998,17270.958369662094,-17270.958369662094,4642.417328044612,4690.731046853217,4594.601232186844,14.074926983620259,14.377848730036611,13.77838738700774,1.529725,0.0003289376840679552,-0.0003289376840679552,6.961771057200001,0.06282107165465795,-0.06282107165465795,4.131962143,0.06438780932944074,-0.06438780932944074,2.8298089142,0.007747750042682116,-0.007747750042682116,-0.16644474034581677,0.16672224074652853,0.16672224074652592,0.0,0.16672224074652853,0.0,,0.042169265470236784,1.7303363750486311,3.217638786700844,0.07679414801258655,
029_210℃_160_1.5mm.csv,1.5,160,1.4872,0.300204872,1.50214,0.300109036,0.01494,1.813242471,1.52942,6.904334525,4.079146831,2.825187694,210,0.014939999999999953,1513133.4349999998,1171.3520749665365,60.0,70281.12449799219,13.840538889122405,4685.408299866146,0.01507900000000002,0.0001568598100216065,-0.0001568598100216065,1160.6539368335077,11.959318311072856,-11.959318311072856,69639.23621001045,717.5590986643729,-717.5590986643729,1524717.2289999998,17270.958369662094,-17270.958369662094,4642.417328044612,4690.731046853217,4594.601232186844,14.074926983620259,14.377848730036611,13.77838738700774,1.529725,0.0003289376840679552,-0.0003289376840679552,6.961771057200001,0.06282107165465795,-0.06282107165465795,4.131962143,0.06438780932944074,-0.06438780932944074,2.8298089142,0.007747750042682116,-0.007747750042682116,-0.5326231691083877,0.535475234270959,0.5354752342709563,-0.04655768231906309,0.535475234270959,-0.4131758435385477,,-0.008499231800200287,-0.4054080421864597,-0.30268006665123814,-0.06555409145499555,
030_210℃_160_1.5mm.csv,1.5,160,1.487045,0.300078935,1.502385,0.300113163,0.01534,1.850078882,1.52955,6.932439191,4.089180782,2.843258409,210,0.015340000000000131,1549965.719,1140.8083441981648,60.0,68448.50065188989,14.557024977220534,4563.233376792659,0.01507900000000002,0.0001568598100216065,-0.0001568598100216065,1160.6539368335077,11.959318311072856,-11.959318311072856,69639.23621001045,717.5590986643729,-717.5590986643729,1524717.2289999998,17270.958369662094,-17270.958369662094,4642.417328044612,4690.731046853217,4594.601232186844,14.074926983620259,14.377848730036611,13.77838738700774,1.529725,0.0003289376840679552,-0.0003289376840679552,6.961771057200001,0.06282107165465795,-0.06282107165465795,4.131962143,0.06438780932944074,-0.06438780932944074,2.8298089142,0.007747750042682116,-0.007747750042682116,2.1304926764320724,-2.0860495436772912,-2.0860495436772952,2.3864819221639775,-2.0860495436772912,4.742156231143673,,0.0,0.0,-0.057442995153797735,0.5736554359443786,
031_210℃_200_1.5mm.csv,1.5,200,1.488225,0.30017459,1.500825,0.300272955,0.0126,1.63466641,1.51699,5.11185333,2.41276924,2.69908409,210,0.012600000000000167,1334393.4549999998,1388.8888888888705,60.0,83333.33333333224,10.293892367142991,5555.555555555483,0.012395000000000022,0.0001385189517719947,-0.0001385189517719947,1412.000051922325,15.708307193871377,-15.708307193871377,84720.0031153395,942.4984316322752,-942.4984316322752,1310802.0458,22150.52477960704,-22150.52477960704,5647.719762739298,5711.045229060719,5585.096464676748,9.945749385455915,10.223419746833528,9.675620613047244,1.517309,0.0004352068473727738,-0.0004352068473727738,5.1950023472,0.10877330211445839,-0.10877330211445839,2.4902387738000002,0.09329257994904473,-0.09329257994904473,2.7047635734,0.016947259487492806,-0.016947259487492806,2.0656136087494144,-2.023809523810416,-2.0238095238104012,1.7748037853920418,-2.0238095238103844,3.8770779826610964,,-0.03163159732976836,-2.2554720651308915,-4.636444851678437,-0.02412784531329873,
032_210℃_200_1.5mm.csv,1.5,200,1.488345,0.300053575,1.5008,0.300094012,0.012455,1.630532307,1.51673,5.054190934,2.37181662,2.682374314,210,0.012454999999999883,1330438.295,1405.0582095544091,60.0,84303.49257326455,10.145270794423373,5620.2328382176365,0.012395000000000022,0.0001385189517719947,-0.0001385189517719947,1412.000051922325,15.708307193871377,-15.708307193871377,84720.0031153395,942.4984316322752,-942.4984316322752,1310802.0458,22150.52477960704,-22150.52477960704,5647.719762739298,5711.045229060719,5585.096464676748,9.945749385455915,10.223419746833528,9.675620613047244,1.517309,0.0004352068473727738,-0.0004352068473727738,5.1950023472,0.10877330211445839,-0.10877330211445839,2.4902387738000002,0.09329257994904473,-0.09329257994904473,2.7047635734,0.016947259487492806,-0.016947259487492806,0.8910490076940624,-0.8831794460042717,-0.8831794460042631,1.4731419094052307,-0.8831794460042557,2.3773173334649647,,-0.04876537921673475,-3.358043542198964,-6.255077653810076,-0.6430690762659965,
033_210℃_200_1.5mm.csv,1.5,200,1.48828,0.300023499,1.500515,0.300148205,0.012235,1.583172467,1.51747,5.229810239,2.530074761,2.699735478,210,0.012234999999999996,1283024.262,1430.3228442991424,60.0,85819.37065794854,9.610899089124485,5721.29137719657,0.012395000000000022,0.0001385189517719947,-0.0001385189517719947,1412.000051922325,15.708307193871377,-15.708307193871377,84720.0031153395,942.4984316322752,-942.4984316322752,1310802.0458,22150.52477960704,-22150.52477960704,5647.719762739298,5711.045229060719,5585.096464676748,9.945749385455915,10.223419746833528,9.675620613047244,1.517309,0.0004352068473727738,-0.0004352068473727738,5.1950023472,0.10877330211445839,-0.10877330211445839,2.4902387738000002,0.09329257994904473,-0.09329257994904473,2.7047635734,0.016947259487492806,-0.016947259487492806,-0.8910490076958612,0.8990600735599189,0.8990600735599266,-2.143148238877223,0.8990600735599352,-3.0151007454571443,,0.0,0.0,0.0,0.0,
034_210℃_200_1.5mm.csv,1.5,200,1.48834,0.300203292,1.500685,0.300272668,0.012345,1.611396252,1.51757,5.262339113,2.545627167,2.716711946,210,0.01234500000000005,1311123.584,1417.5779667881675,60.0,85054.67800729004,9.909686108865348,5670.311867152669,0.012395000000000022,0.0001385189517719947,-0.0001385189517719947,1412.000051922325,15.708307193871377,-15.708307193871377,84720.0031153395,942.4984316322752,-942.4984316322752,1310802.0458,22150.52477960704,-22150.52477960704,5647.719762739298,5711.045229060719,5585.096464676748,9.945749385455915,10.223419746833528,9.675620613047244,1.517309,0.0004352068473727738,-0.0004352068473727738,5.1950023472,0.10877330211445839,-0.10877330211445839,2.4902387738000002,0.09329257994904473,-0.09329257994904473,2.7047635734,0.016947259487492806,-0.016947259487492806,0.0,0.0,0.0,0.0,0.0,0.0,,0.00658991611036719,0.6219895658436048,0.6147014404370124,0.6288196802368423,
035_210℃_200_1.5mm.csv,1.5,200,1.488245,0.300072431,1.500585,0.300167598,0.01234,1.595198231,1.517785,5.31681812,2.590906081,2.725912039,210,0.012340000000000018,1295030.633,1418.1523500810354,60.0,85089.14100486212,9.784088578297972,5672.6094003241415,0.012395000000000022,0.0001385189517719947,-0.0001385189517719947,1412.000051922325,15.708307193871377,-15.708307193871377,84720.0031153395,942.4984316322752,-942.4984316322752,1310802.0458,22150.52477960704,-22150.52477960704,5647.719762739298,5711.045229060719,5585.096464676748,9.945749385455915,10.223419746833528,9.675620613047244,1.517309,0.0004352068473727738,-0.0004352068473727738,5.1950023472,0.10877330211445839,-0.10877330211445839,2.4902387738000002,0.09329257994904473,-0.09329257994904473,2.7047635734,0.016947259487492806,-0.016947259487492806,-0.04050222762278441,0.04051863857402279,0.040518638574024934,-1.2274167894153385,0.04051863857403884,-1.2674218858962083,,0.020758235747648596,1.663690975843835,2.4043289525546214,0.9695972517793376,
036_210℃_240_1.5mm.csv,1.5,240,1.48911,0.300041618,1.49971,0.300064705,0.0106,1.451037123,1.50834,3.286692098,1.185945923,2.100746175,210,0.010600000000000165,1150972.418,1650.9433962263895,60.0,99056.60377358337,7.469576100489912,6603.773584905558,0.010648000000000036,0.0002167833019399728,-0.0002167833019399728,1644.0450435191756,33.39864148303222,-33.39864148303222,98642.70261115054,2003.9184889819314,-2003.9184889819314,1156979.8512,30468.81811712168,-30468.81811712168,6575.093038187217,6710.186440469567,6442.719415377781,7.539236189594687,7.896863401847054,7.197804929638201,1.508785,0.0002883574171059682,-0.0002883574171059682,3.3989809782,0.0731065475544362,-0.0731065475544362,1.2470676454,0.04663194714241998,-0.04663194714241998,2.151913333,0.029554491365701385,-0.029554491365701385,0.0,0.0,0.0,0.0,0.0,0.0,,-0.0377756128596112,-4.007634946217169,-5.316632472756081,-3.0544804930734597,
037_210℃_240_1.5mm.csv,1.5,240,1.48901,0.300135713,1.499815,0.300011679,0.010805,1.469072085,1.50891,3.423909908,1.252538808,2.1713711,210,0.010804999999999954,1169060.406,1619.6205460435053,60.0,97177.23276261032,7.733692461324456,6478.482184174021,0.010648000000000036,0.0002167833019399728,-0.0002167833019399728,1644.0450435191756,33.39864148303222,-33.39864148303222,98642.70261115054,2003.9184889819314,-2003.9184889819314,1156979.8512,30468.81811712168,-30468.81811712168,6575.093038187217,6710.186440469567,6442.719415377781,7.539236189594687,7.896863401847054,7.197804929638201,1.508785,0.0002883574171059682,-0.0002883574171059682,3.3989809782,0.0731065475544362,-0.0731065475544362,1.2470676454,0.04663194714241998,-0.04663194714241998,2.151913333,0.029554491365701385,-0.029554491365701385,1.93396226414892,-1.8972697825061562,-1.8972697825061515,1.5715396578686642,-1.8972697825061562,3.5358949059669027,,0.0,0.0,0.0,0.2047281280074481,
038_210℃_240_1.5mm.csv,1.5,240,1.489135,0.300263751,1.49966,0.300149081,0.010525,1.44212066,1.50899,3.451909461,1.283518841,2.16839062,210,0.010524999999999896,1141971.579,1662.7078384798265,60.0,99762.47030878959,7.358725021821355,6650.831353919306,0.010648000000000036,0.0002167833019399728,-0.0002167833019399728,1644.0450435191756,33.39864148303222,-33.39864148303222,98642.70261115054,2003.9184889819314,-2003.9184889819314,1156979.8512,30468.81811712168,-30468.81811712168,6575.093038187217,6710.186440469567,6442.719415377781,7.539236189594687,7.896863401847054,7.197804929638201,1.508785,0.0002883574171059682,-0.0002883574171059682,3.3989809782,0.0731065475544362,-0.0731065475544362,1.2470676454,0.04663194714241998,-0.04663194714241998,2.151913333,0.029554491365701385,-0.029554491365701385,-0.7075471698138502,0.7125890736367654,0.71258907363677,-0.7820203906919473,0.7125890736367654,-1.484034397364086,,0.005301840401354621,0.8177654714155493,2.4733790922987575,0.0671845325847306,
039_210℃_240_1.5mm.csv,1.5,240,1.489085,0.300161936,1.50001,0.300219402,0.010925,1.502078459,1.508655,3.367443057,1.215319063,2.152123995,210,0.010925000000000074,1201859.057,1601.8306636155498,60.0,96109.83981693299,8.038965427178626,6407.322654462199,0.010648000000000036,0.0002167833019399728,-0.0002167833019399728,1644.0450435191756,33.39864148303222,-33.39864148303222,98642.70261115054,2003.9184889819314,-2003.9184889819314,1156979.8512,30468.81811712168,-30468.81811712168,6575.093038187217,6710.186440469567,6442.719415377781,7.539236189594687,7.896863401847054,7.197804929638201,1.508785,0.0002883574171059682,-0.0002883574171059682,3.3989809782,0.0731065475544362,-0.0731065475544362,1.2470676454,0.04663194714241998,-0.04663194714241998,2.151913333,0.029554491365701385,-0.029554491365701385,3.0660377358481474,-2.974828375285191,-2.97482837528519,4.4211866595746665,-2.974828375285191,7.622779646777661,,-0.01689961627929394,-1.6491920791509376,-2.9715442557369474,-0.6834898849228128,
040_210℃_240_1.5mm.csv,1.5,240,1.48915,0.300055204,1.499535,0.300121362,0.010385,1.421157158,1.50903,3.464950367,1.298015592,2.166934775,210,0.010385000000000089,1121035.7959999999,1685.1227732306068,60.0,101107.3663938364,7.127728617220467,6740.491092922427,0.010648000000000036,0.0002167833019399728,-0.0002167833019399728,1644.0450435191756,33.39864148303222,-33.39864148303222,98642.70261115054,2003.9184889819314,-2003.9184889819314,1156979.8512,30468.81811712168,-30468.81811712168,6575.093038187217,6710.186440469567,6442.719415377781,7.539236189594687,7.896863401847054,7.197804929638201,1.508785,0.0002883574171059682,-0.0002883574171059682,3.3989809782,0.0731065475544362,-0.0731065475544362,1.2470676454,0.04663194714241998,-0.04663194714241998,2.151913333,0.029554491365701385,-0.029554491365701385,-2.02830188679314,2.070293692826906,2.070293692826908,-2.600985178430245,2.070293692826906,-4.576531233774087,,0.007952760602031931,1.1986430748107164,3.6307684607884902,0.0,
001_230℃_010_1.5mm.csv,1.5,10,1.29448,0.300053695,1.54338,0.300054232,0.2489,1.811765428,2.70408,14.29671878,11.40770359,2.889015187,230,0.2488999999999999,1511711.196,70.30936118923265,60.0,4218.561671353958,230.36627552106117,281.2374447569306,0.24683199999999994,0.0036637576339053706,-0.0036637576339053706,70.91108659739386,1.0663632675912484,-1.0663632675912484,4254.665195843632,63.981796055474916,-63.981796055474916,1496034.8290000001,25065.439890754802,-25065.439890754802,283.61891161740255,287.888136403888,279.41299711700674,226.03750736634382,233.3422969650225,218.96139448755258,2.71462,0.008973984622228906,-0.008973984622228906,14.396511224,0.09894864776554627,-0.09894864776554627,11.51996765,0.09164545482630433,-0.09164545482630433,2.8765435734,0.01678357549261558,-0.01678357549261558,0.5656565656565935,-0.5624748895138969,-0.5624748895139129,0.7539492079756394,-0.5624748895138969,1.3238705368288906,,-0.5706721576702448,-0.7628142619925132,-1.1180051090433236,0.5211289947906538,
002_230℃_010_1.5mm.csv,1.5,10,1.29466,0.30008504,1.53544,0.300057369,0.24078,1.755145451,2.70566,14.3021451,11.44867371,2.853471387,230,0.24078,1455088.0820000002,72.68045518730791,60.0,4360.827311238475,214.50373982691434,290.7218207492317,0.24683199999999994,0.0036637576339053706,-0.0036637576339053706,70.91108659739386,1.0663632675912484,-1.0663632675912484,4254.665195843632,63.981796055474916,-63.981796055474916,1496034.8290000001,25065.439890754802,-25065.439890754802,283.61891161740255,287.888136403888,279.41299711700674,226.03750736634382,233.3422969650225,218.96139448755258,2.71462,0.008973984622228906,-0.008973984622228906,14.396511224,0.09894864776554627,-0.09894864776554627,11.51996765,0.09164545482630433,-0.09164545482630433,2.8765435734,0.01678357549261558,-0.01678357549261558,-2.7151515151514514,2.79092947919255,2.790929479192546,-3.019921334922289,2.79092947919257,-5.653077410192191,,-0.5125753787321606,-0.725148785459034,-0.7628760364337341,-0.7155910199889198,
003_230℃_010_1.5mm.csv,1.5,10,1.29384,0.30000037,1.54134,0.300033036,0.2475,1.800431986,2.7224,14.52890959,11.63264622,2.896263373,230,0.24749999999999983,1500398.9500000002,70.70707070707076,60.0,4242.424242424246,227.3563715051019,282.828282828283,0.24683199999999994,0.0036637576339053706,-0.0036637576339053706,70.91108659739386,1.0663632675912484,-1.0663632675912484,4254.665195843632,63.981796055474916,-63.981796055474916,1496034.8290000001,25065.439890754802,-25065.439890754802,283.61891161740255,287.888136403888,279.41299711700674,226.03750736634382,233.3422969650225,218.96139448755258,2.71462,0.008973984622228906,-0.008973984622228906,14.396511224,0.09894864776554627,-0.09894864776554627,11.51996765,0.09164545482630433,-0.09164545482630433,2.8765435734,0.01678357549261558,-0.01678357549261558,0.0,0.0,0.0,0.0,0.0,0.0,,0.10295631710546169,0.848881602856014,0.8317980055744436,0.7733242214418575,
004_230℃_010_1.5mm.csv,1.5,10,1.2936,0.30003167,1.54024,0.300052629,0.24664,1.793252639,2.7196,14.44816816,11.57413042,2.874037743,230,0.24663999999999997,1493200.01,70.95361660720079,60.0,4257.216996432047,225.47929620391832,283.81446642880314,0.24683199999999994,0.0036637576339053706,-0.0036637576339053706,70.91108659739386,1.0663632675912484,-1.0663632675912484,4254.665195843632,63.981796055474916,-63.981796055474916,1496034.8290000001,25065.439890754802,-25065.439890754802,283.61891161740255,287.888136403888,279.41299711700674,226.03750736634382,233.3422969650225,218.96139448755258,2.71462,0.008973984622228906,-0.008973984622228906,14.396511224,0.09894864776554627,-0.09894864776554627,11.51996765,0.09164545482630433,-0.09164545482630433,2.8765435734,0.01678357549261558,-0.01678357549261558,-0.34747474747469154,0.34868634446961405,0.34868634446961133,-0.47980172206866556,0.34868634446961405,-0.8256092797212172,,0.0,0.2884346633197026,0.32458294769790247,0.0,
005_230℃_010_1.5mm.csv,1.5,10,1.29384,0.30004505,1.54418,0.300018447,0.25034,1.819794354,2.72136,14.40661449,11.53668431,2.869930177,230,0.25034,1519775.907,69.90492929615722,60.0,4194.295757769433,232.93512279084487,279.6197171846289,0.24683199999999994,0.0036637576339053706,-0.0036637576339053706,70.91108659739386,1.0663632675912484,-1.0663632675912484,4254.665195843632,63.981796055474916,-63.981796055474916,1496034.8290000001,25065.439890754802,-25065.439890754802,283.61891161740255,287.888136403888,279.41299711700674,226.03750736634382,233.3422969650225,218.96139448755258,2.71462,0.008973984622228906,-0.008973984622228906,14.396511224,0.09894864776554627,-0.09894864776554627,11.51996765,0.09164545482630433,-0.09164545482630433,2.8765435734,0.01678357549261558,-0.01678357549261558,1.1474747474748193,-1.1344571382919988,-1.1344571382920052,1.2914536497109452,-1.1344571382919988,2.4537475016915433,,0.06471539932342932,0.0,0.0,-0.14291969581834618,
006_230℃_020_1.5mm.csv,1.5,20,1.40025,0.300010706,1.52063,0.300000283,0.12038,1.785019644,2.05943,12.35113253,9.729547031,2.621585504,230,0.12037999999999993,1485019.361,145.3729855457718,60.0,8722.379132746308,109.44895755745708,581.4919421830872,0.11978099999999996,0.0007970366992805301,-0.0007970366992805301,146.10515147472475,0.9741655388590712,-0.9741655388590712,8766.309088483486,58.44993233154398,-58.44993233154398,1472056.7026,11133.4733065726,-11133.4733065726,584.4102274191081,588.3158988940179,580.5304846496754,107.94934352142998,109.48036733156282,106.43973025242269,2.055892,0.007850904884151846,-0.007850904884151846,12.237355908000001,0.15241036605130667,-0.15241036605130667,9.638130961,0.15469376686708752,-0.15469376686708752,2.5992249458,0.016931528250982455,-0.016931528250982455,0.4673677182439441,-0.4651935537463906,-0.46519355374639193,0.9016151129303188,-0.4651935537463906,1.3731966891549199,,0.0,0.10892627504831955,0.0,0.8708378490126255,
007_230℃_020_1.5mm.csv,1.5,20,1.399675,0.300028344,1.51907,0.300015265,0.119395,1.764790859,2.061955,12.33769354,9.740606155,2.59708738,230,0.11939499999999992,1464775.5940000003,146.57230202269787,60.0,8794.338121361872,107.07360125242647,586.2892080907915,0.11978099999999996,0.0007970366992805301,-0.0007970366992805301,146.10515147472475,0.9741655388590712,-0.9741655388590712,8766.309088483486,58.44993233154398,-58.44993233154398,1472056.7026,11133.4733065726,-11133.4733065726,584.4102274191081,588.3158988940179,580.5304846496754,107.94934352142998,109.48036733156282,106.43973025242269,2.055892,0.007850904884151846,-0.007850904884151846,12.237355908000001,0.15241036605130667,-0.15241036605130667,9.638130961,0.15469376686708752,-0.15469376686708752,2.5992249458,0.016931528250982455,-0.016931528250982455,-0.35469871473887465,0.3559613049123633,0.35596130491236455,-0.47387455401538764,0.3559613049123633,-0.8268924418016844,,0.12260674070011278,0.0,0.11366535322522833,-0.07177733170093094,
008_230℃_020_1.5mm.csv,1.5,20,1.399785,0.300033385,1.519605,0.300002711,0.11982,1.771752553,2.04916,12.13126495,9.52713173,2.604133217,230,0.11982000000000004,1471749.842,146.05241195126018,60.0,8763.144717075611,107.96636698067756,584.2096478050407,0.11978099999999996,0.0007970366992805301,-0.0007970366992805301,146.10515147472475,0.9741655388590712,-0.9741655388590712,8766.309088483486,58.44993233154398,-58.44993233154398,1472056.7026,11133.4733065726,-11133.4733065726,584.4102274191081,588.3158988940179,580.5304846496754,107.94934352142998,109.48036733156282,106.43973025242269,2.055892,0.007850904884151846,-0.007850904884151846,12.237355908000001,0.15241036605130667,-0.15241036605130667,9.638130961,0.15469376686708752,-0.15469376686708752,2.5992249458,0.016931528250982455,-0.016931528250982455,0.0,0.0,0.0,0.0,0.0,0.0,,-0.49868167405543185,-1.6731538138043247,-2.080418547287646,0.19932558691573588,
009_230℃_020_1.5mm.csv,1.5,20,1.39997,0.300024806,1.518625,0.300010069,0.118655,1.757972542,2.063055,12.3458452,9.771479408,2.574365789,230,0.11865499999999995,1457962.473,147.48641018077626,60.0,8849.184610846576,105.91502279621321,589.945640723105,0.11978099999999996,0.0007970366992805301,-0.0007970366992805301,146.10515147472475,0.9741655388590712,-0.9741655388590712,8766.309088483486,58.44993233154398,-58.44993233154398,1472056.7026,11133.4733065726,-11133.4733065726,584.4102274191081,588.3158988940179,580.5304846496754,107.94934352142998,109.48036733156282,106.43973025242269,2.055892,0.007850904884151846,-0.007850904884151846,12.237355908000001,0.15241036605130667,-0.15241036605130667,9.638130961,0.15469376686708752,-0.15469376686708752,2.5992249458,0.016931528250982455,-0.016931528250982455,-0.9722917709898866,0.9818381020606658,0.981838102060671,-0.9368011197652941,0.9818381020606658,-1.8999844505571615,,0.17601957823281147,0.06607118237757216,0.4309797451659,-0.9460367895502262,
010_230℃_020_1.5mm.csv,1.5,20,1.3997,0.300033178,1.520355,0.300031237,0.120655,1.78080748,2.04586,12.02084332,9.421890481,2.598952839,230,0.12065499999999996,1480776.243,145.0416476731176,60.0,8702.498860387057,109.38554546887649,580.1665906924704,0.11978099999999996,0.0007970366992805301,-0.0007970366992805301,146.10515147472475,0.9741655388590712,-0.9741655388590712,8766.309088483486,58.44993233154398,-58.44993233154398,1472056.7026,11133.4733065726,-11133.4733065726,584.4102274191081,588.3158988940179,580.5304846496754,107.94934352142998,109.48036733156282,106.43973025242269,2.055892,0.007850904884151846,-0.007850904884151846,12.237355908000001,0.15241036605130667,-0.15241036605130667,9.638130961,0.15469376686708752,-0.15469376686708752,2.5992249458,0.016931528250982455,-0.016931528250982455,0.6968786513102311,-0.6920558617545327,-0.6920558617545276,0.6133108183476246,-0.6920558617545327,1.3144635018171076,,-0.6589201866535926,-2.568147919809647,-3.1620850284165614,0.0,
011_230℃_040_1.5mm.csv,1.5,40,1.456845,0.300094009,1.514625,0.300092538,0.05778,1.942251507,1.75093,11.07897374,8.577594385,2.501379353,230,0.057780000000000165,1642158.969,302.8729664243674,60.0,18172.377985462044,58.09221136458384,1211.4918656974696,0.057765000000000025,0.0007529193183868294,-0.0007529193183868294,302.9930294203069,3.9719713570113755,-3.9719713570113755,18179.581765218416,238.3182814206822,-238.3182814206822,1642823.7634,22863.35976133643,-22863.35976133643,1211.889126318748,1227.8346982540834,1196.1506354055618,58.09216735819478,59.680267947162214,56.54632635631418,1.753418,0.005857421147570007,-0.005857421147570007,11.149058848,0.2032949700193958,-0.2032949700193958,8.647823902199999,0.21487099602506718,-0.21487099602506718,2.5012349447999997,0.020075671300298515,-0.020075671300298515,0.0,0.0,0.0,0.0,0.0,0.0,,-0.18299565599096623,-1.149010877964612,-1.5080071972276299,0.0,
012_230℃_040_1.5mm.csv,1.5,40,1.456835,0.300018147,1.514315,0.300009025,0.05748,1.930745552,1.75414,11.20775203,8.70892561,2.498826419,230,0.057479999999999976,1630736.527,304.45372303409897,60.0,18267.223382045937,57.388613615485696,1217.8148921363959,0.057765000000000025,0.0007529193183868294,-0.0007529193183868294,302.9930294203069,3.9719713570113755,-3.9719713570113755,18179.581765218416,238.3182814206822,-238.3182814206822,1642823.7634,22863.35976133643,-22863.35976133643,1211.889126318748,1227.8346982540834,1196.1506354055618,58.09216735819478,59.680267947162214,56.54632635631418,1.753418,0.005857421147570007,-0.005857421147570007,11.149058848,0.2032949700193958,-0.2032949700193958,8.647823902199999,0.21487099602506718,-0.21487099602506718,2.5012349447999997,0.020075671300298515,-0.020075671300298515,-0.519210799584957,0.5219206680588008,0.5219206680587933,-0.6955746803828491,0.5219206680588008,-1.2111739811080684,,0.0,0.0,0.0,-0.10206104871451371,
013_230℃_040_1.5mm.csv,1.5,40,1.456895,0.300108015,1.51532,0.300107716,0.058425,1.965536371,1.754975,11.24656299,8.723650927,2.522912059,230,0.05842499999999995,1665428.655,299.5293110825848,60.0,17971.758664955087,59.573062756147905,1198.1172443303392,0.057765000000000025,0.0007529193183868294,-0.0007529193183868294,302.9930294203069,3.9719713570113755,-3.9719713570113755,18179.581765218416,238.3182814206822,-238.3182814206822,1642823.7634,22863.35976133643,-22863.35976133643,1211.889126318748,1227.8346982540834,1196.1506354055618,58.09216735819478,59.680267947162214,56.54632635631418,1.753418,0.005857421147570007,-0.005857421147570007,11.149058848,0.2032949700193958,-0.2032949700193958,8.647823902199999,0.21487099602506718,-0.21487099602506718,2.5012349447999997,0.020075671300298515,-0.020075671300298515,1.1163032191065816,-1.103979460846855,-1.1039794608468612,1.4170178672878524,-1.103979460846855,2.54913930246228,,0.04760167375465579,0.3462867477448935,0.16908304949914374,0.8608332828115376,
014_230℃_040_1.5mm.csv,1.5,40,1.45681,0.300045555,1.515295,0.300080568,0.058485,1.964292052,1.74552,10.83791334,8.324613599,2.513299746,230,0.05848500000000012,1664211.484,299.2220227408731,60.0,17953.321364452386,59.59065835208583,1196.8880909634925,0.057765000000000025,0.0007529193183868294,-0.0007529193183868294,302.9930294203069,3.9719713570113755,-3.9719713570113755,18179.581765218416,238.3182814206822,-238.3182814206822,1642823.7634,22863.35976133643,-22863.35976133643,1211.889126318748,1227.8346982540834,1196.1506354055618,58.09216735819478,59.680267947162214,56.54632635631418,1.753418,0.005857421147570007,-0.005857421147570007,11.149058848,0.2032949700193958,-0.2032949700193958,8.647823902199999,0.21487099602506718,-0.21487099602506718,2.5012349447999997,0.020075671300298515,-0.020075671300298515,1.2201453790238035,-1.205437291613147,-1.2054372916131533,1.3428976984748848,-1.205437291613147,2.5794283817116437,,-0.491408895527157,-3.299847186215806,-4.41285214973837,0.47655278619388325,
015_230℃_040_1.5mm.csv,1.5,40,1.45692,0.300090868,1.513575,0.300025712,0.056655,1.911608894,1.761525,11.37409214,8.90433499,2.469757147,230,0.0566549999999999,1611583.182,308.88712381961045,60.0,18533.227429176626,55.90055827114889,1235.5484952784418,0.057765000000000025,0.0007529193183868294,-0.0007529193183868294,302.9930294203069,3.9719713570113755,-3.9719713570113755,18179.581765218416,238.3182814206822,-238.3182814206822,1642823.7634,22863.35976133643,-22863.35976133643,1211.889126318748,1227.8346982540834,1196.1506354055618,58.09216735819478,59.680267947162214,56.54632635631418,1.753418,0.005857421147570007,-0.005857421147570007,11.149058848,0.2032949700193958,-0.2032949700193958,8.647823902199999,0.21487099602506718,-0.21487099602506718,2.5012349447999997,0.020075671300298515,-0.020075671300298515,-1.9470404984428202,1.985702938840824,1.9857029388408192,-1.8619261336567967,1.985702938840824,-3.7727141762262155,,0.4210040247642705,1.484152304179772,2.243782858537943,-1.2641907338874465,
016_230℃_080_1.5mm.csv,1.5,80,1.47901,0.300018772,1.508015,0.300161265,0.029005,2.068295163,1.61915,11.2462068,8.652718586,2.593488212,230,0.02900500000000017,1768133.898,603.3442509912048,60.0,36200.65505947229,31.39881043560631,2413.3770039648193,0.0291570000000001,0.00016653077793601567,-0.00016653077793601567,600.2145307119451,3.4158451361172824,-3.4158451361172824,36012.87184271671,204.95070816703648,-204.95070816703648,1772636.349,9787.370073161008,-9787.370073161008,2400.82694473992,2414.55386651865,2387.1780615521407,31.64293114358552,31.980813281326824,31.308618781822094,1.620867,0.001262356922585692,-0.001262356922585692,11.404395804,0.10419396557592113,-0.10419396557592113,8.7969790624,0.0985238037986925,-0.0985238037986925,2.6074167406,0.008582108466296102,-0.008582108466296102,-0.2064338551520686,0.20686088605394276,0.20686088605393144,-0.26412071410400095,0.20686088605394276,-0.4700093346836744,,-0.12860566173317825,-1.7119633675774526,-2.0781369584407727,-0.6076106463919589,
017_230℃_080_1.5mm.csv,1.5,80,1.47882,0.300033747,1.50823,0.300017277,0.02941,2.082576037,1.62203,11.48243985,8.868706249,2.613733602,230,0.029409999999999936,1782558.76,595.0357021421298,60.0,35702.14212852779,32.09697130506115,2380.1428085685193,0.0291570000000001,0.00016653077793601567,-0.00016653077793601567,600.2145307119451,3.4158451361172824,-3.4158451361172824,36012.87184271671,204.95070816703648,-204.95070816703648,1772636.349,9787.370073161008,-9787.370073161008,2400.82694473992,2414.55386651865,2387.1780615521407,31.64293114358552,31.980813281326824,31.308618781822094,1.620867,0.001262356922585692,-0.001262356922585692,11.404395804,0.10419396557592113,-0.10419396557592113,8.7969790624,0.0985238037986925,-0.0985238037986925,2.6074167406,0.008582108466296102,-0.008582108466296102,1.1869946671247764,-1.173070384222435,-1.173070384222435,0.5495485995011753,-1.173070384222435,1.743066379195285,,0.04903669116445804,0.35263344138296965,0.3661716302116723,0.16827014465427173,
018_230℃_080_1.5mm.csv,1.5,80,1.47881,0.300009892,1.507875,0.300163192,0.029065,2.058847639,1.621235,11.44209121,8.836350042,2.605741163,230,0.02906500000000012,1758684.447,602.0987441940454,60.0,36125.92465164272,31.29561027676849,2408.3949767761815,0.0291570000000001,0.00016653077793601567,-0.00016653077793601567,600.2145307119451,3.4158451361172824,-3.4158451361172824,36012.87184271671,204.95070816703648,-204.95070816703648,1772636.349,9787.370073161008,-9787.370073161008,2400.82694473992,2414.55386651865,2387.1780615521407,31.64293114358552,31.980813281326824,31.308618781822094,1.620867,0.001262356922585692,-0.001262356922585692,11.404395804,0.10419396557592113,-0.10419396557592113,8.7969790624,0.0985238037986925,-0.0985238037986925,2.6074167406,0.008582108466296102,-0.008582108466296102,0.0,0.0,0.0,-0.7971399075712147,0.0,-0.7971399075712284,,0.0,0.0,0.0,-0.13803069191686224,
019_230℃_080_1.5mm.csv,1.5,80,1.47894,0.300043761,1.50818,0.300100496,0.02924,2.081088863,1.61998,11.35494891,8.740171043,2.614777869,230,0.029240000000000155,1780988.367,598.4952120383006,60.0,35909.712722298034,31.883326439436903,2393.9808481532023,0.0291570000000001,0.00016653077793601567,-0.00016653077793601567,600.2145307119451,3.4158451361172824,-3.4158451361172824,36012.87184271671,204.95070816703648,-204.95070816703648,1772636.349,9787.370073161008,-9787.370073161008,2400.82694473992,2414.55386651865,2387.1780615521407,31.64293114358552,31.980813281326824,31.308618781822094,1.620867,0.001262356922585692,-0.001262356922585692,11.404395804,0.10419396557592113,-0.10419396557592113,8.7969790624,0.0985238037986925,-0.0985238037986925,2.6074167406,0.008582108466296102,-0.008582108466296102,0.6020987441941701,-0.5984952120384176,-0.5984952120384188,0.46096677498179245,-0.5984952120384176,1.0658409943392757,,-0.07741012253004692,-0.7615941736580512,-1.088447136463036,0.20829045080908512,
020_230℃_080_1.5mm.csv,1.5,80,1.47901,0.300055314,1.508075,0.300110827,0.029065,2.0729271,1.62194,11.49629225,8.886949392,2.609342857,230,0.02906500000000012,1772816.2729999996,602.0987441940454,60.0,36125.92465164272,31.547084678415427,2408.3949767761815,0.0291570000000001,0.00016653077793601567,-0.00016653077793601567,600.2145307119451,3.4158451361172824,-3.4158451361172824,36012.87184271671,204.95070816703648,-204.95070816703648,1772636.349,9787.370073161008,-9787.370073161008,2400.82694473992,2414.55386651865,2387.1780615521407,31.64293114358552,31.980813281326824,31.308618781822094,1.620867,0.001262356922585692,-0.001262356922585692,11.404395804,0.10419396557592113,-0.10419396557592113,8.7969790624,0.0985238037986925,-0.0985238037986925,2.6074167406,0.008582108466296102,-0.008582108466296102,0.0,0.0,0.0,0.0,0.0,0.0,,0.04348536763639791,0.4736987234696287,0.5726272698512072,0.0,
021_230℃_120_1.5mm.csv,1.5,120,1.484135,0.300167791,1.503835,0.300127566,0.0197,1.917035578,1.552735,8.144113071,5.619425764,2.524687307,230,0.01970000000000005,1616908.0119999999,888.3248730964444,60.0,53299.49238578667,19.501890512081683,3553.2994923857777,0.019595999999999992,9.456479260275357e-05,-9.456479260275357e-05,893.0560794018104,4.321567921697709,-4.321567921697709,53583.36476410863,259.29407530186387,-259.29407530186387,1627995.8906,12256.56590234144,-12256.56590234144,3572.1909194908944,3589.494951931688,3554.97030534229,19.531338796294854,19.717931037571233,19.346512291212512,1.5499079999999998,0.0037260830640231694,-0.0037260830640231694,7.753675706,0.5037763812104753,-0.5037763812104753,5.2479235214,0.47688963852172495,-0.47688963852172495,2.5057521844,0.02740633146650232,-0.02740633146650232,0.35659704533884035,-0.3553299492386448,-0.35532994923864397,-0.6164015719276361,-0.3553299492386448,-0.2874006094705358,,0.051548550680274106,1.5460078767887862,2.052375180323817,0.436782816396838,
022_230℃_120_1.5mm.csv,1.5,120,1.484345,0.30002875,1.503795,0.300108473,0.01945,1.915304081,1.551935,8.020121363,5.5064135,2.513707863,230,0.019449999999999967,1615195.608,899.7429305912611,60.0,53984.57583547567,19.234013005469357,3598.9717223650446,0.019595999999999992,9.456479260275357e-05,-9.456479260275357e-05,893.0560794018104,4.321567921697709,-4.321567921697709,53583.36476410863,259.29407530186387,-259.29407530186387,1627995.8906,12256.56590234144,-12256.56590234144,3572.1909194908944,3589.494951931688,3554.97030534229,19.531338796294854,19.717931037571233,19.346512291212512,1.5499079999999998,0.0037260830640231694,-0.0037260830640231694,7.753675706,0.5037763812104753,-0.5037763812104753,5.2479235214,0.47688963852172495,-0.47688963852172495,2.5057521844,0.02740633146650232,-0.02740633146650232,-0.9169638308714654,0.9254498714656546,0.9254498714656546,-0.7216548517800285,0.9254498714656546,-1.6570505152589552,,0.0,0.0,0.0,0.0,
023_230℃_120_1.5mm.csv,1.5,120,1.48445,0.300019572,1.504015,0.300133218,0.019565,1.941549513,1.552285,8.076411665,5.548867821,2.527543844,230,0.019565000000000055,1641416.295,894.4543828264733,60.0,53667.262969588395,19.661822333678625,3577.817531305893,0.019595999999999992,9.456479260275357e-05,-9.456479260275357e-05,893.0560794018104,4.321567921697709,-4.321567921697709,53583.36476410863,259.29407530186387,-259.29407530186387,1627995.8906,12256.56590234144,-12256.56590234144,3572.1909194908944,3589.494951931688,3554.97030534229,19.531338796294854,19.717931037571233,19.346512291212512,1.5499079999999998,0.0037260830640231694,-0.0037260830640231694,7.753675706,0.5037763812104753,-0.5037763812104753,5.2479235214,0.47688963852172495,-0.47688963852172495,2.5057521844,0.02740633146650232,-0.02740633146650232,-0.3311258278144759,0.3322259136211665,0.33222591362115966,0.8900053094513141,0.3322259136211665,0.5303261461388231,,0.022552490922612765,0.7018634687959988,0.7709976920549125,0.5504212006357623,
024_230℃_120_1.5mm.csv,1.5,120,1.484375,0.300032861,1.504005,0.300091192,0.01963,1.939614256,1.548705,7.586157056,5.083266705,2.50289035,230,0.019630000000000036,1639523.064,891.4926133469163,60.0,53489.55680081498,19.704390456930653,3565.970453387665,0.019595999999999992,9.456479260275357e-05,-9.456479260275357e-05,893.0560794018104,4.321567921697709,-4.321567921697709,53583.36476410863,259.29407530186387,-259.29407530186387,1627995.8906,12256.56590234144,-12256.56590234144,3572.1909194908944,3589.494951931688,3554.97030534229,19.531338796294854,19.717931037571233,19.346512291212512,1.5499079999999998,0.0037260830640231694,-0.0037260830640231694,7.753675706,0.5037763812104753,-0.5037763812104753,5.2479235214,0.47688963852172495,-0.47688963852172495,2.5057521844,0.02740633146650232,-0.02740633146650232,0.0,0.0,0.0,0.7736374591845363,0.0,0.7479757231378636,,-0.20812727337163384,-5.410944390468312,-7.68461712873543,-0.4303408983687502,
025_230℃_120_1.5mm.csv,1.5,120,1.484255,0.300075692,1.50389,0.300099059,0.019635,1.927035533,1.54388,6.941575375,4.481643817,2.459931558,230,0.019634999999999847,1626936.474,891.265597147957,60.0,53475.935828877424,19.558100612442704,3565.062388591828,0.019595999999999992,9.456479260275357e-05,-9.456479260275357e-05,893.0560794018104,4.321567921697709,-4.321567921697709,53583.36476410863,259.29407530186387,-259.29407530186387,1627995.8906,12256.56590234144,-12256.56590234144,3572.1909194908944,3589.494951931688,3554.97030534229,19.531338796294854,19.717931037571233,19.346512291212512,1.5499079999999998,0.0037260830640231694,-0.0037260830640231694,7.753675706,0.5037763812104753,-0.5037763812104753,5.2479235214,0.47688963852172495,-0.47688963852172495,2.5057521844,0.02740633146650232,-0.02740633146650232,0.02547121752323333,-0.02546473134611934,-0.02546473134611424,0.0,-0.02546473134611934,0.0,,-0.5190294696620763,-13.448000836692566,-18.610474549359573,-2.139321986916185,CH03圧力@V01横ばい終点(MPa)・CH04圧力@V01横ばい終点(MPa)
026_230℃_160_1.5mm.csv,1.5,160,1.48667,0.300103382,1.501935,0.300160401,0.015265,1.767404378,1.528725,6.362399947,3.761199559,2.601200388,230,0.015265000000000084,1467243.977,1146.41336390435,60.0,68784.801834261,13.712742434023546,4585.6534556174,0.015215999999999985,0.00018389535067541842,-0.00018389535067541842,1150.238519614004,13.79455628196045,-13.79455628196045,69014.31117684025,827.6733769176218,-827.6733769176218,1460145.004,28425.40935560285,-28425.40935560285,4600.688022369382,4656.4116382424245,4545.63125504995,13.59975783882716,14.032107486569986,13.180729512780468,1.529172,0.00048185319341051896,-0.00048185319341051896,6.434475159,0.08272069649707194,-0.08272069649707194,3.8339891202000005,0.08025753519147728,-0.08025753519147728,2.6004860386,0.007594357771456489,-0.007594357771456489,0.5599472990784777,-0.5568293481828611,-0.5568293481828598,0.8410113703622719,-0.5568293481828611,1.4056678898940773,,-0.03236944324558495,-1.2996353252174249,-2.478075890054469,0.0,
027_230℃_160_1.5mm.csv,1.5,160,1.48667,0.300045238,1.50185,0.300100428,0.01518,1.755107629,1.528635,6.337228334,3.738720578,2.598507755,230,0.015179999999999971,1455007.2010000001,1152.8326745718073,60.0,69169.96047430843,13.52265876194691,4611.330698287229,0.015215999999999985,0.00018389535067541842,-0.00018389535067541842,1150.238519614004,13.79455628196045,-13.79455628196045,69014.31117684025,827.6733769176218,-827.6733769176218,1460145.004,28425.40935560285,-28425.40935560285,4600.688022369382,4656.4116382424245,4545.63125504995,13.59975783882716,14.032107486569986,13.180729512780468,1.529172,0.00048185319341051896,-0.00048185319341051896,6.434475159,0.08272069649707194,-0.08272069649707194,3.8339891202000005,0.08025753519147728,-0.08025753519147728,2.6004860386,0.007594357771456489,-0.007594357771456489,0.0,0.0,0.0,0.0,0.0,0.0,,-0.03825479656295744,-1.6901243550251157,-3.0609201249223847,-0.1035150160834172,
028_230℃_160_1.5mm.csv,1.5,160,1.48662,0.300165344,1.50172,0.300022565,0.0151,1.736260184,1.52963,6.522230831,3.919261337,2.602969494,230,0.015099999999999891,1436237.619,1158.9403973510018,60.0,69536.42384106011,13.27787023279582,4635.761589404007,0.015215999999999985,0.00018389535067541842,-0.00018389535067541842,1150.238519614004,13.79455628196045,-13.79455628196045,69014.31117684025,827.6733769176218,-827.6733769176218,1460145.004,28425.40935560285,-28425.40935560285,4600.688022369382,4656.4116382424245,4545.63125504995,13.59975783882716,14.032107486569986,13.180729512780468,1.529172,0.00048185319341051896,-0.00048185319341051896,6.434475159,0.08272069649707194,-0.08272069649707194,3.8339891202000005,0.08025753519147728,-0.08025753519147728,2.6004860386,0.007594357771456489,-0.007594357771456489,-0.5270092226619246,0.5298013245038459,0.5298013245038498,-1.2899992513507956,0.5298013245038459,-1.8102100589858232,,0.02681105400138773,1.1798325907426923,1.620214689054646,0.0680111385559196,
029_230℃_160_1.5mm.csv,1.5,160,1.48669,0.300149634,1.50172,0.300038938,0.01503,1.736931022,1.52922,6.446176737,3.856773329,2.589403408,230,0.015029999999999877,1436892.084,1164.3379906853056,60.0,69860.27944111834,13.22233960562438,4657.351962741222,0.015215999999999985,0.00018389535067541842,-0.00018389535067541842,1150.238519614004,13.79455628196045,-13.79455628196045,69014.31117684025,827.6733769176218,-827.6733769176218,1460145.004,28425.40935560285,-28425.40935560285,4600.688022369382,4656.4116382424245,4545.63125504995,13.59975783882716,14.032107486569986,13.180729512780468,1.529172,0.00048185319341051896,-0.00048185319341051896,6.434475159,0.08272069649707194,-0.08272069649707194,3.8339891202000005,0.08025753519147728,-0.08025753519147728,2.6004860386,0.007594357771456489,-0.007594357771456489,-0.9881422924907429,0.9980039920165967,0.9980039920166073,-1.2450190615929524,0.9980039920165967,-2.2208587941865057,,0.0,0.0,0.0,-0.453520615113801,
030_230℃_160_1.5mm.csv,1.5,160,1.4867,0.300073132,1.502205,0.300149709,0.015505,1.805493848,1.52965,6.504339946,3.893990798,2.610349148,230,0.015505000000000102,1505344.139,1128.6681715575546,60.0,67720.09029345328,14.29001686236438,4514.6726862302185,0.015215999999999985,0.00018389535067541842,-0.00018389535067541842,1150.238519614004,13.79455628196045,-13.79455628196045,69014.31117684025,827.6733769176218,-827.6733769176218,1460145.004,28425.40935560285,-28425.40935560285,4600.688022369382,4656.4116382424245,4545.63125504995,13.59975783882716,14.032107486569986,13.180729512780468,1.529172,0.00048185319341051896,-0.00048185319341051896,6.434475159,0.08272069649707194,-0.08272069649707194,3.8339891202000005,0.08025753519147728,-0.08025753519147728,2.6004860386,0.007594357771456489,-0.007594357771456489,2.140974967062789,-2.096098032893455,-2.0960980328934498,3.459566245816803,-2.096098032893455,5.674609660171519,,0.028118910294132334,0.9022900142677229,0.9649897939335128,0.3517130030506507,
031_230℃_200_1.5mm.csv,1.5,200,1.48785,0.300054373,1.50047,0.300144369,0.01262,1.572530184,1.515755,4.566868469,2.132844111,2.434024358,230,0.012620000000000076,1272385.815,1386.6877971473768,60.0,83201.26782884261,9.831127950183731,5546.751188589507,0.012484999999999991,0.0002836591264175915,-0.0002836591264175915,1402.2634653705395,31.99169920975963,-31.99169920975963,84135.80792223236,1919.5019525855819,-1919.5019525855819,1255222.997,34955.50157842289,-34955.50157842289,5607.889240650777,5737.042684021379,5481.64332522675,9.589799994332699,10.088145858354817,9.1160719940563,1.516361,0.00045874012250942515,-0.00045874012250942515,4.698909673,0.10201413399674343,-0.10201413399674343,2.2451950388,0.09078039472643526,-0.09078039472643526,2.4537146344,0.015995870281017233,-0.015995870281017233,0.0,0.0,0.0,0.14813107950363447,0.0,0.06883723066914797,,-0.04484201432966226,-3.1538894282790317,-5.178537336935291,-0.674869637887139,
032_230℃_200_1.5mm.csv,1.5,200,1.487925,0.300223549,1.5001,0.300121841,0.012175,1.515770403,1.516435,4.71559306,2.271068106,2.444524954,230,0.012175000000000047,1215648.5620000002,1437.3716632443477,60.0,86242.29979466087,9.061543617765343,5749.486652977391,0.012484999999999991,0.0002836591264175915,-0.0002836591264175915,1402.2634653705395,31.99169920975963,-31.99169920975963,84135.80792223236,1919.5019525855819,-1919.5019525855819,1255222.997,34955.50157842289,-34955.50157842289,5607.889240650777,5737.042684021379,5481.64332522675,9.589799994332699,10.088145858354817,9.1160719940563,1.516361,0.00045874012250942515,-0.00045874012250942515,4.698909673,0.10201413399674343,-0.10201413399674343,2.2451950388,0.09078039472643526,-0.09078039472643526,2.4537146344,0.015995870281017233,-0.015995870281017233,-3.5261489698892716,3.655030800821577,3.655030800821583,-4.317597619723448,3.655030800821577,-7.76458836263824,,0.0,0.0,0.9665912795612195,-0.24637225529033005,
033_230℃_200_1.5mm.csv,1.5,200,1.487815,0.300114709,1.50062,0.300180449,0.012805,1.596170483,1.51646,4.72282194,2.249326314,2.473495626,230,0.012804999999999955,1295990.0340000002,1366.653650917615,60.0,81999.2190550569,10.160297378797923,5466.61460367046,0.012484999999999991,0.0002836591264175915,-0.0002836591264175915,1402.2634653705395,31.99169920975963,-31.99169920975963,84135.80792223236,1919.5019525855819,-1919.5019525855819,1255222.997,34955.50157842289,-34955.50157842289,5607.889240650777,5737.042684021379,5481.64332522675,9.589799994332699,10.088145858354817,9.1160719940563,1.516361,0.00045874012250942515,-0.00045874012250942515,4.698909673,0.10201413399674343,-0.10201413399674343,2.2451950388,0.09078039472643526,-0.09078039472643526,2.4537146344,0.015995870281017233,-0.015995870281017233,1.4659270998405594,-1.4447481452548272,-1.4447481452548259,2.0059939938597946,-1.4447481452548272,3.4193787087393526,,0.0016486034679984132,0.15329736701242067,0.0,0.9358327475562512,
034_230℃_200_1.5mm.csv,1.5,200,1.48783,0.300048994,1.50046,0.300157585,0.01263,1.570661389,1.51615,4.646751453,2.196188993,2.45056246,230,0.012629999999999919,1270503.804,1385.5898653998506,60.0,83135.39192399103,9.824365129297897,5542.3594615994025,0.012484999999999991,0.0002836591264175915,-0.0002836591264175915,1402.2634653705395,31.99169920975963,-31.99169920975963,84135.80792223236,1919.5019525855819,-1919.5019525855819,1255222.997,34955.50157842289,-34955.50157842289,5607.889240650777,5737.042684021379,5481.64332522675,9.589799994332699,10.088145858354817,9.1160719940563,1.516361,0.00045874012250942515,-0.00045874012250942515,4.698909673,0.10201413399674343,-0.10201413399674343,2.2451950388,0.09078039472643526,-0.09078039472643526,2.4537146344,0.015995870281017233,-0.015995870281017233,0.07923930269289547,-0.07917656373589115,-0.07917656373589771,0.0,-0.07917656373589115,0.0,,-0.01879407953521705,-1.4598716667039868,-2.362366041301749,0.0,
035_230℃_200_1.5mm.csv,1.5,200,1.487945,0.300088693,1.50014,0.300214924,0.012195,1.521801694,1.517005,4.842513443,2.37654767,2.465965774,230,0.012194999999999956,1221586.77,1435.0143501435066,60.0,86100.8610086104,9.120765710295887,5740.057400574026,0.012484999999999991,0.0002836591264175915,-0.0002836591264175915,1402.2634653705395,31.99169920975963,-31.99169920975963,84135.80792223236,1919.5019525855819,-1919.5019525855819,1255222.997,34955.50157842289,-34955.50157842289,5607.889240650777,5737.042684021379,5481.64332522675,9.589799994332699,10.088145858354817,9.1160719940563,1.516361,0.00045874012250942515,-0.00045874012250942515,4.698909673,0.10201413399674343,-0.10201413399674343,2.2451950388,0.09078039472643526,-0.09078039472643526,2.4537146344,0.015995870281017233,-0.015995870281017233,-3.3676703645017207,3.4850348503494915,3.485034850349499,-3.850207598433919,3.4850348503494915,-7.161780020815386,,0.03758815907044875,2.691504151971923,5.655975978592482,0.6285623913458559,
036_230℃_240_1.5mm.csv,1.5,240,1.48859,0.300147968,1.499365,0.300248948,0.010775,1.397946636,1.5071,2.888869788,1.009136467,1.879733321,230,0.010774999999999979,1097697.6879999998,1624.1299303944347,60.0,97447.79582366608,7.241444441755088,6496.519721577738,0.010789999999999944,0.0001107925990307985,-0.0001107925990307985,1622.0079383423385,16.536760169759354,-16.536760169759354,97320.47630054031,992.2056101855594,-992.2056101855594,1121549.1042,20067.70317949134,-20067.70317949134,6487.76072330645,6554.481592186968,6421.719034660335,7.407833174851588,7.6042867603256905,7.216454886043966,1.508221,0.000662593389644113,-0.000662593389644113,3.1499024419999997,0.15480054497758877,-0.15480054497758877,1.1665808406,0.09387349826931908,-0.09387349826931908,1.9833216014000001,0.06149343847614455,-0.06149343847614455,0.0,0.0,0.0,-1.5802983609088286,0.0,-1.4888727207418349,,-0.08552164891041385,-9.298812245305315,-14.573612069702408,-5.944221058215235,CH04圧力@V01横ばい終点(MPa)
037_230℃_240_1.5mm.csv,1.5,240,1.488715,0.300184686,1.499685,0.30026794,0.01097,1.448568629,1.50839,3.185040747,1.177111885,2.007928862,230,0.010969999999999924,1148300.689,1595.2597994530647,60.0,95715.58796718388,7.712362382650968,6381.039197812258,0.010789999999999944,0.0001107925990307985,-0.0001107925990307985,1622.0079383423385,16.536760169759354,-16.536760169759354,97320.47630054031,992.2056101855594,-992.2056101855594,1121549.1042,20067.70317949134,-20067.70317949134,6487.76072330645,6554.481592186968,6421.719034660335,7.407833174851588,7.6042867603256905,7.216454886043966,1.508221,0.000662593389644113,-0.000662593389644113,3.1499024419999997,0.15480054497758877,-0.15480054497758877,1.1665808406,0.09387349826931908,-0.09387349826931908,1.9833216014000001,0.06149343847614455,-0.06149343847614455,1.8097447795818618,-1.7775752051043499,-1.7775752051043499,2.9567725602632753,-1.77757520510435,4.917398512409638,,0.0,0.0,-0.3539959027426148,0.4702694074876405,
038_230℃_240_1.5mm.csv,1.5,240,1.48883,0.300146174,1.499605,0.300262526,0.010775,1.435349303,1.50886,3.301905934,1.259085114,2.04282082,230,0.010774999999999979,1135086.777,1624.1299303944347,60.0,97447.79582366608,7.48809797276019,6496.519721577738,0.010789999999999944,0.0001107925990307985,-0.0001107925990307985,1622.0079383423385,16.536760169759354,-16.536760169759354,97320.47630054031,992.2056101855594,-992.2056101855594,1121549.1042,20067.70317949134,-20067.70317949134,6487.76072330645,6554.481592186968,6421.719034660335,7.407833174851588,7.6042867603256905,7.216454886043966,1.508221,0.000662593389644113,-0.000662593389644113,3.1499024419999997,0.15480054497758877,-0.15480054497758877,1.1665808406,0.09387349826931908,-0.09387349826931908,1.9833216014000001,0.06149343847614455,-0.06149343847614455,0.0,0.0,0.0,1.772011682343664,0.0,1.8665514052261911,,0.031159050378230597,3.669189699066671,6.5852804879629385,2.2161501937835277,
039_230℃_240_1.5mm.csv,1.5,240,1.48879,0.300115278,1.499455,0.300220179,0.010665,1.411557425,1.508295,3.168888235,1.181293616,1.987594619,230,0.010664999999999925,1111337.2460000003,1640.8813877168423,60.0,98452.88326301053,7.256578609340767,6563.525550867369,0.010789999999999944,0.0001107925990307985,-0.0001107925990307985,1622.0079383423385,16.536760169759354,-16.536760169759354,97320.47630054031,992.2056101855594,-992.2056101855594,1121549.1042,20067.70317949134,-20067.70317949134,6487.76072330645,6554.481592186968,6421.719034660335,7.407833174851588,7.6042867603256905,7.216454886043966,1.508221,0.000662593389644113,-0.000662593389644113,3.1499024419999997,0.15480054497758877,-0.15480054497758877,1.1665808406,0.09387349826931908,-0.09387349826931908,1.9833216014000001,0.06149343847614455,-0.06149343847614455,-1.0208816705341506,1.0314111579939473,1.0314111579939493,-0.35737401340931824,1.0314111579939615,-1.2829906040881667,,-0.006298105927509214,-0.5071367459023632,0.0,-0.5471903795948547,
040_230℃_240_1.5mm.csv,1.5,240,1.488715,0.300053578,1.49948,0.300214373,0.010765,1.415537494,1.50846,3.204807506,1.206277121,1.998530385,230,0.010764999999999914,1115323.121,1625.638643752916,60.0,97538.31862517497,7.350889835243818,6502.554575011664,0.010789999999999944,0.0001107925990307985,-0.0001107925990307985,1622.0079383423385,16.536760169759354,-16.536760169759354,97320.47630054031,992.2056101855594,-992.2056101855594,1121549.1042,20067.70317949134,-20067.70317949134,6487.76072330645,6554.481592186968,6421.719034660335,7.407833174851588,7.6042867603256905,7.216454886043966,1.508221,0.000662593389644113,-0.000662593389644113,3.1499024419999997,0.15480054497758877,-0.15480054497758877,1.1665808406,0.09387349826931908,-0.09387349826931908,1.9833216014000001,0.06149343847614455,-0.06149343847614455,-0.09280742459457571,0.09289363678649577,0.09289363678650792,0.0,0.09289363678650979,0.0,,0.004640709630799362,0.6206124370188445,2.1149276235485908,0.0,
001_190℃_010_2.0mm.csv,2.0,10,1.18496,0.300004897,1.49232,0.300042681,0.30736,1.464424576,2.901,10.15915618,8.015366353,2.143789825,190,0.3073600000000001,1164381.895,56.93649141072357,80.0,4554.919312857885,389.53406176565994,170.80947423217071,0.313948,0.006567687568695652,-0.006567687568695652,55.761273346005154,1.168703098930511,-1.168703098930511,4460.901867680413,93.49624791444097,-93.49624791444097,1188154.8588,28124.645882548237,-28124.645882548237,167.25446183584242,170.79390200808234,163.78837110164199,405.8446962700112,424.33762237883093,388.15770462947887,2.89836,0.003105060385886394,-0.003105060385886394,10.102293485999999,0.046623237683124874,-0.046623237683124874,7.9540288102000005,0.05220796608042678,-0.05220796608042678,2.148264674,0.025133323639658537,-0.025133323639658537,-2.406807645900781,2.4661634565330295,2.4661634565330193,-2.1095106347324726,2.4661634565330295,-4.465546417385418,,0.046902374087803435,0.7935578343908591,0.5536243555221357,-0.4591606971437753,
002_190℃_010_2.0mm.csv,2.0,10,1.18268,0.30002923,1.49762,0.300016345,0.31494,1.48949032,2.90112,10.14582469,7.984000933,2.161823755,190,0.31494,1189473.975,55.56613958214263,80.0,4445.291166571411,407.7419686383673,166.6984187464279,0.313948,0.006567687568695652,-0.006567687568695652,55.761273346005154,1.168703098930511,-1.168703098930511,4460.901867680413,93.49624791444097,-93.49624791444097,1188154.8588,28124.645882548237,-28124.645882548237,167.25446183584242,170.79390200808234,163.78837110164199,405.8446962700112,424.33762237883093,388.15770462947887,2.89836,0.003105060385886394,-0.003105060385886394,10.102293485999999,0.046623237683124874,-0.046623237683124874,7.9540288102000005,0.05220796608042678,-0.05220796608042678,2.148264674,0.025133323639658537,-0.025133323639658537,0.0,0.0,0.0,0.0,0.0,0.0,,0.051040818860269746,0.661290125879889,0.16014182190685503,0.3781940226123775,
003_190℃_010_2.0mm.csv,2.0,10,1.18314,0.300046153,1.50242,0.300041428,0.31928,1.51103418,2.8949,10.05883779,7.905159116,2.153678671,190,0.31928,1210992.752,54.81082435479829,80.0,4384.865948383864,420.83892882564356,164.43247306439488,0.313948,0.006567687568695652,-0.006567687568695652,55.761273346005154,1.168703098930511,-1.168703098930511,4460.901867680413,93.49624791444097,-93.49624791444097,1188154.8588,28124.645882548237,-28124.645882548237,167.25446183584242,170.79390200808234,163.78837110164199,405.8446962700112,424.33762237883093,388.15770462947887,2.89836,0.003105060385886394,-0.003105060385886394,10.102293485999999,0.046623237683124874,-0.046623237683124874,7.9540288102000005,0.05220796608042678,-0.05220796608042678,2.148264674,0.025133323639658537,-0.025133323639658537,1.3780402616371406,-1.3593084439990086,-1.3593084439990084,1.809100278969954,-1.3593084439990084,3.2120706708246987,,-0.16346856851196737,-0.20174603387962314,-0.828937167247217,0.0,
004_190℃_010_2.0mm.csv,2.0,10,1.18326,0.3000265,1.5044,0.300044882,0.32114,1.520221425,2.89514,10.06847665,7.894381998,2.174094648,190,0.32114,1220176.543,54.49336737871334,80.0,4359.469390297067,426.50067485063397,163.48010213614,0.313948,0.006567687568695652,-0.006567687568695652,55.761273346005154,1.168703098930511,-1.168703098930511,4460.901867680413,93.49624791444097,-93.49624791444097,1188154.8588,28124.645882548237,-28124.645882548237,167.25446183584242,170.79390200808234,163.78837110164199,405.8446962700112,424.33762237883093,388.15770462947887,2.89836,0.003105060385886394,-0.003105060385886394,10.102293485999999,0.046623237683124874,-0.046623237683124874,7.9540288102000005,0.05220796608042678,-0.05220796608042678,2.148264674,0.025133323639658537,-0.025133323639658537,1.968628945195905,-1.930622158560127,-1.9306221585601424,2.5811887141120486,-1.9306221585601353,4.600631687464096,,-0.15519167896705005,-0.10611456846518963,-0.9641372600790985,0.9479583595690381,
005_190℃_010_2.0mm.csv,2.0,10,1.18296,0.300008048,1.48998,0.300048226,0.30702,1.455797355,2.89964,10.07917212,7.971235651,2.107936471,190,0.30702000000000007,1155749.1290000002,56.999544003647955,80.0,4559.963520291836,386.2183375081145,170.99863201094385,0.313948,0.006567687568695652,-0.006567687568695652,55.761273346005154,1.168703098930511,-1.168703098930511,4460.901867680413,93.49624791444097,-93.49624791444097,1188154.8588,28124.645882548237,-28124.645882548237,167.25446183584242,170.79390200808234,163.78837110164199,405.8446962700112,424.33762237883093,388.15770462947887,2.89836,0.003105060385886394,-0.003105060385886394,10.102293485999999,0.046623237683124874,-0.046623237683124874,7.9540288102000005,0.05220796608042678,-0.05220796608042678,2.148264674,0.025133323639658537,-0.025133323639658537,-2.514764717088946,2.5796365057650643,2.5796365057650514,-2.835273970580138,2.5796365057650514,-5.278738218224108,,0.0,0.0,0.0,-2.123910155026106,
006_190℃_020_2.0mm.csv,2.0,20,1.34674,0.300001759,1.495175,0.300027615,0.148435,1.458070575,2.124615,8.56357011,6.672712422,1.890857688,190,0.14843499999999987,1158042.96,117.89672247111541,80.0,9431.737797689233,187.09562641371411,353.6901674133463,0.152188,0.0024883644226680285,-0.0024883644226680285,115.01421450832588,1.900561691829272,-1.900561691829272,9201.137160666072,152.04493534634182,-152.04493534634182,1188821.3961999998,19973.04268028035,-19973.04268028035,345.0052210885401,350.72331091665706,339.38035731715996,196.88086243695625,203.52394006557773,190.45461669732862,2.1163909999999997,0.008023578067171768,-0.008023578067171768,8.4559757914,0.0893929468512399,-0.0893929468512399,6.5451133522,0.09851082414984395,-0.09851082414984395,1.910862439,0.01489206204465118,-0.01489206204465118,-3.2681655262301796,3.3785832182438273,3.378583218243822,-3.327501162045062,3.378583218243835,-6.486918442412374,,0.24842522471512848,1.177502893263008,1.8186299504356493,-1.0218739502428555,
007_190℃_020_2.0mm.csv,2.0,20,1.346905,0.300006206,1.500975,0.300027796,0.15407,1.50863714,2.10349,8.325826715,6.401007512,1.924819203,190,0.15406999999999993,1208609.344,113.584734211722,80.0,9086.77873693776,202.67803170620945,340.754202635166,0.152188,0.0024883644226680285,-0.0024883644226680285,115.01421450832588,1.900561691829272,-1.900561691829272,9201.137160666072,152.04493534634182,-152.04493534634182,1188821.3961999998,19973.04268028035,-19973.04268028035,345.0052210885401,350.72331091665706,339.38035731715996,196.88086243695625,203.52394006557773,190.45461669732862,2.1163909999999997,0.008023578067171768,-0.008023578067171768,8.4559757914,0.0893929468512399,-0.0893929468512399,6.5451133522,0.09851082414984395,-0.09851082414984395,1.910862439,0.01489206204465118,-0.01489206204465118,0.40404040404030145,-0.40241448692143067,-0.4024144869214306,0.8937400762589047,-0.4024144869214306,1.3013915513144065,,-0.7483426522282769,-1.6314053922402145,-2.327303507717879,0.7558627529704783,
008_190℃_020_2.0mm.csv,2.0,20,1.34631,0.300007218,1.49976,0.30000761,0.15345,1.497910813,2.11935,8.503779657,6.578020864,1.925758793,190,0.1534500000000001,1197903.203,114.04366243075914,80.0,9123.492994460732,200.07428190514295,342.13098729227744,0.152188,0.0024883644226680285,-0.0024883644226680285,115.01421450832588,1.900561691829272,-1.900561691829272,9201.137160666072,152.04493534634182,-152.04493534634182,1188821.3961999998,19973.04268028035,-19973.04268028035,345.0052210885401,350.72331091665706,339.38035731715996,196.88086243695625,203.52394006557773,190.45461669732862,2.1163909999999997,0.008023578067171768,-0.008023578067171768,8.4559757914,0.0893929468512399,-0.0893929468512399,6.5451133522,0.09851082414984395,-0.09851082414984395,1.910862439,0.01489206204465118,-0.01489206204465118,0.0,0.0,0.0,0.0,0.0,0.0,,0.0,0.4710862173099716,0.3737355666098838,0.8050461780612672,
009_190℃_020_2.0mm.csv,2.0,20,1.34689,0.300004473,1.497745,0.300009445,0.150855,1.480497718,2.11468,8.422795119,6.520297964,1.902497154,190,0.15085500000000018,1180488.273,116.00543568327187,80.0,9280.43485466175,193.8313561071186,348.0163070498156,0.152188,0.0024883644226680285,-0.0024883644226680285,115.01421450832588,1.900561691829272,-1.900561691829272,9201.137160666072,152.04493534634182,-152.04493534634182,1188821.3961999998,19973.04268028035,-19973.04268028035,345.0052210885401,350.72331091665706,339.38035731715996,196.88086243695625,203.52394006557773,190.45461669732862,2.1163909999999997,0.008023578067171768,-0.008023578067171768,8.4559757914,0.0893929468512399,-0.0893929468512399,6.5451133522,0.09851082414984395,-0.09851082414984395,1.910862439,0.01489206204465118,-0.01489206204465118,-1.6911045943303367,1.720194889131876,1.720194889131866,-1.4537844089895078,1.720194889131876,-3.1203039883877595,,-0.22035057918701265,-0.48573590507055764,-0.5070556653617782,-0.41259883651475654,
010_190℃_020_2.0mm.csv,2.0,20,1.34576,0.300001237,1.49989,0.300001709,0.15413,1.49906491,2.11982,8.463907356,6.553527999,1.910379357,190,0.15412999999999988,1199063.201,113.540517744761,80.0,9083.24141958088,201.15549515116174,340.62155323428294,0.152188,0.0024883644226680285,-0.0024883644226680285,115.01421450832588,1.900561691829272,-1.900561691829272,9201.137160666072,152.04493534634182,-152.04493534634182,1188821.3961999998,19973.04268028035,-19973.04268028035,345.0052210885401,350.72331091665706,339.38035731715996,196.88086243695625,203.52394006557773,190.45461669732862,2.1163909999999997,0.008023578067171768,-0.008023578067171768,8.4559757914,0.0893929468512399,-0.0893929468512399,6.5451133522,0.09851082414984395,-0.09851082414984395,1.910862439,0.01489206204465118,-0.01489206204465118,0.4431410883022427,-0.44118601180808115,-0.4411860118080961,0.09683570401137871,-0.44118601180810607,0.5404059111062581,,0.02217661075329561,0.0,0.0,0.0,
011_190℃_040_2.0mm.csv,2.0,40,1.434025,0.300052913,1.506445,0.300035772,0.07242,1.621587313,1.79109,8.130511919,6.259607939,1.87090398,190,0.07241999999999993,1321551.541,241.64595415631064,80.0,19331.676332504852,104.1706259583346,724.9378624689319,0.07253899999999995,0.0009707883394437282,-0.0009707883394437282,241.28450868731238,3.266789823809461,-3.266789823809461,19302.76069498499,261.34318590475755,-261.34318590475755,1324317.217,17229.628569640387,-17229.628569640387,723.8008603380579,733.6098661853355,714.1230094822096,104.5454754668862,107.35520951031732,101.80927865961554,1.7875109999999999,0.005305881642102472,-0.005305881642102472,8.044909174599999,0.12444960311886745,-0.12444960311886745,6.1796872186,0.1041022575144881,-0.1041022575144881,1.8652219557999998,0.02123285193141912,-0.02123285193141912,-0.42623401622443646,0.42805854736264837,0.42805854736266247,-0.6620792723184726,0.428058547362672,-1.0854912814699131,,0.07990344534716327,0.46957280358873005,0.7504058434656605,0.0,
012_190℃_040_2.0mm.csv,2.0,40,1.43407,0.300019892,1.505015,0.300013008,0.070945,1.595832323,1.778385,7.829578545,6.000625454,1.82895309,190,0.07094500000000004,1295819.315,246.66995559940787,80.0,19733.59644795263,100.0619333906667,740.0098667982236,0.07253899999999995,0.0009707883394437282,-0.0009707883394437282,241.28450868731238,3.266789823809461,-3.266789823809461,19302.76069498499,261.34318590475755,-261.34318590475755,1324317.217,17229.628569640387,-17229.628569640387,723.8008603380579,733.6098661853355,714.1230094822096,104.5454754668862,107.35520951031732,101.80927865961554,1.7875109999999999,0.005305881642102472,-0.005305881642102472,8.044909174599999,0.12444960311886745,-0.12444960311886745,6.1796872186,0.1041022575144881,-0.1041022575144881,1.8652219557999998,0.02123285193141912,-0.02123285193141912,-2.4542829643887343,2.5160335471138575,2.5160335471138673,-2.5963101723108837,2.516033547113874,-4.98687233843792,,-0.6300079344679952,-3.2490918794391517,-3.4180006644773475,-2.2422791574798016,
013_190℃_040_2.0mm.csv,2.0,40,1.43398,0.300051386,1.50738,0.300042614,0.0734,1.639529344,1.79096,8.122147941,6.24108914,1.881058802,190,0.07339999999999991,1339486.73,238.41961852861064,80.0,19073.56948228885,107.01314392598627,715.258855585832,0.07253899999999995,0.0009707883394437282,-0.0009707883394437282,241.28450868731238,3.266789823809461,-3.266789823809461,19302.76069498499,261.34318590475755,-261.34318590475755,1324317.217,17229.628569640387,-17229.628569640387,723.8008603380579,733.6098661853355,714.1230094822096,104.5454754668862,107.35520951031732,101.80927865961554,1.7875109999999999,0.005305881642102472,-0.005305881642102472,8.044909174599999,0.12444960311886745,-0.12444960311886745,6.1796872186,0.1041022575144881,-0.1041022575144881,1.8652219557999998,0.02123285193141912,-0.02123285193141912,0.9212154544203889,-0.9128065395094692,-0.9128065395094646,0.6860666969033113,-0.9128065395094458,1.613602303763209,,0.07263949577015069,0.36621826638733934,0.45233980911244565,0.5427762252128013,
014_190℃_040_2.0mm.csv,2.0,40,1.43412,0.300014119,1.50685,0.300071795,0.07273,1.630431371,1.78746,8.049795783,6.184128226,1.865667556,190,0.07272999999999996,1330359.576,240.61597690086634,80.0,19249.278152069306,105.31379805439994,721.8479307025989,0.07253899999999995,0.0009707883394437282,-0.0009707883394437282,241.28450868731238,3.266789823809461,-3.266789823809461,19302.76069498499,261.34318590475755,-261.34318590475755,1324317.217,17229.628569640387,-17229.628569640387,723.8008603380579,733.6098661853355,714.1230094822096,104.5454754668862,107.35520951031732,101.80927865961554,1.7875109999999999,0.005305881642102472,-0.005305881642102472,8.044909174599999,0.12444960311886745,-0.12444960311886745,6.1796872186,0.1041022575144881,-0.1041022575144881,1.8652219557999998,0.02123285193141912,-0.02123285193141912,0.0,0.0,0.0,0.0,0.0,0.0,,-0.1229283774571695,-0.5278447985336386,-0.4644644474224268,-0.2798873729479167,
015_190℃_040_2.0mm.csv,2.0,40,1.433905,0.300026396,1.507105,0.300056093,0.0732,1.634425016,1.78966,8.092511685,6.212985334,1.879526351,190,0.07319999999999993,1334368.923,239.07103825136633,80.0,19125.683060109306,106.31380153861215,717.2131147540989,0.07253899999999995,0.0009707883394437282,-0.0009707883394437282,241.28450868731238,3.266789823809461,-3.266789823809461,19302.76069498499,261.34318590475755,-261.34318590475755,1324317.217,17229.628569640387,-17229.628569640387,723.8008603380579,733.6098661853355,714.1230094822096,104.5454754668862,107.35520951031732,101.80927865961554,1.7875109999999999,0.005305881642102472,-0.005305881642102472,8.044909174599999,0.12444960311886745,-0.12444960311886745,6.1796872186,0.1041022575144881,-0.1041022575144881,1.8652219557999998,0.02123285193141912,-0.02123285193141912,0.6462257665337148,-0.6420765027322043,-0.6420765027321996,0.30137318303484495,-0.6420765027321966,0.949546500730761,,0.0,0.0,0.0,0.4608665699668864,
016_190℃_080_2.0mm.csv,2.0,80,1.47087,0.300104606,1.505965,0.300026799,0.035095,1.765550862,1.61751,7.251867658,5.38634974,1.865517918,190,0.0350950000000001,1465524.0629999998,498.6465308448483,80.0,39891.72246758787,55.98102529631036,1495.939592534545,0.03589899999999999,0.0007409740211370489,-0.0007409740211370489,487.6444424688865,10.034529950382025,-10.034529950382025,39011.55539751092,802.7623960305608,-802.7623960305608,1501584.7636,32873.97165205577,-32873.97165205577,1462.6850354803707,1493.144503737261,1432.8469265119957,58.65133056508565,61.19530647087823,56.21311135506733,1.626172,0.005037175051554211,-0.005037175051554211,7.6903851078,0.2541320221283505,-0.2541320221283505,5.783638402199999,0.2339749147099784,-0.2339749147099784,1.9067467056000003,0.028576267426477432,-0.028576267426477432,-1.969273743016025,2.0088331671170576,2.008833167117067,-2.031929178570434,2.008833167117073,-3.961188673796184,,-0.651976967370444,-6.85666145839566,-7.891753555898884,-2.4954736369216204,
017_190℃_080_2.0mm.csv,2.0,80,1.47089,0.300092943,1.506195,0.300059203,0.035305,1.776063372,1.62821,7.796678581,5.904709755,1.891968827,190,0.03530499999999992,1476004.169,495.6804985129596,80.0,39654.43988103677,56.718723468348166,1487.041495538879,0.03589899999999999,0.0007409740211370489,-0.0007409740211370489,487.6444424688865,10.034529950382025,-10.034529950382025,39011.55539751092,802.7623960305608,-802.7623960305608,1501584.7636,32873.97165205577,-32873.97165205577,1462.6850354803707,1493.144503737261,1432.8469265119957,58.65133056508565,61.19530647087823,56.21311135506733,1.626172,0.005037175051554211,-0.005037175051554211,7.6903851078,0.2541320221283505,-0.2541320221283505,5.783638402199999,0.2339749147099784,-0.2339749147099784,1.9067467056000003,0.028576267426477432,-0.028576267426477432,-1.3826815642455712,1.4020676957935438,1.4020676957935507,-1.3313499163491331,1.4020676957935634,-2.6956231507457495,,0.005220729366595975,0.1409163567720384,0.9723630189724568,-1.112971046604572,
018_190℃_080_2.0mm.csv,2.0,80,1.470865,0.300044227,1.506665,0.30013116,0.0358,1.79605126,1.630455,7.902614841,5.989351951,1.913262889,190,0.03579999999999983,1495920.0999999999,488.8268156424604,80.0,39106.14525139683,58.2900022639453,1466.480446927381,0.03589899999999999,0.0007409740211370489,-0.0007409740211370489,487.6444424688865,10.034529950382025,-10.034529950382025,39011.55539751092,802.7623960305608,-802.7623960305608,1501584.7636,32873.97165205577,-32873.97165205577,1462.6850354803707,1493.144503737261,1432.8469265119957,58.65133056508565,61.19530647087823,56.21311135506733,1.626172,0.005037175051554211,-0.005037175051554211,7.6903851078,0.2541320221283505,-0.2541320221283505,5.783638402199999,0.2339749147099784,-0.2339749147099784,1.9067467056000003,0.028576267426477432,-0.028576267426477432,0.0,0.0,0.0,0.0,0.0,0.0,,0.1431094049903996,1.5015667980588723,2.4197707487085323,0.0,
019_190℃_080_2.0mm.csv,2.0,80,1.470825,0.300108778,1.507655,0.300133587,0.03683,1.841326019,1.628125,7.785707246,5.847847449,1.937859797,190,0.03682999999999992,1541192.432,475.1561227260396,80.0,38012.489818083166,61.78189634890871,1425.4683681781187,0.03589899999999999,0.0007409740211370489,-0.0007409740211370489,487.6444424688865,10.034529950382025,-10.034529950382025,39011.55539751092,802.7623960305608,-802.7623960305608,1501584.7636,32873.97165205577,-32873.97165205577,1462.6850354803707,1493.144503737261,1432.8469265119957,58.65133056508565,61.19530647087823,56.21311135506733,1.626172,0.005037175051554211,-0.005037175051554211,7.6903851078,0.2541320221283505,-0.2541320221283505,5.783638402199999,0.2339749147099784,-0.2339749147099784,1.9067467056000003,0.028576267426477432,-0.028576267426477432,2.877094972067294,-2.7966331794735027,-2.7966331794735053,3.0263870376499504,-2.7966331794734995,5.990554039012775,,0.0,0.0,0.0,1.285600015628585,
020_190℃_080_2.0mm.csv,2.0,80,1.47094,0.300060663,1.507405,0.300140555,0.036465,1.829423609,1.62656,7.715057213,5.789933116,1.925124097,190,0.03646500000000019,1529283.054,479.9122446181245,80.0,38392.979569449955,60.696932314677866,1439.7367338543731,0.03589899999999999,0.0007409740211370489,-0.0007409740211370489,487.6444424688865,10.034529950382025,-10.034529950382025,39011.55539751092,802.7623960305608,-802.7623960305608,1501584.7636,32873.97165205577,-32873.97165205577,1462.6850354803707,1493.144503737261,1432.8469265119957,58.65133056508565,61.19530647087823,56.21311135506733,1.626172,0.005037175051554211,-0.005037175051554211,7.6903851078,0.2541320221283505,-0.2541320221283505,5.783638402199999,0.2339749147099784,-0.2339749147099784,1.9067467056000003,0.028576267426477432,-0.028576267426477432,1.8575418994423543,-1.8236665295498584,-1.8236665295498629,2.230263100281903,-1.8236665295498662,4.129233071279793,,-0.09612284069098126,-0.9074324369991936,-0.9903530060433245,0.6199465880091093,
021_190℃_120_2.0mm.csv,2.0,120,1.479655,0.300096212,1.504995,0.300175046,0.02534,1.867898483,1.568435,6.86075841,4.86497105,1.99578736,190,0.02534000000000014,1567723.4370000002,690.607734806626,80.0,55248.61878453008,43.239305462400246,2071.823204419878,0.024580000000000046,0.00042750730987907464,-0.00042750730987907464,712.1294677255559,12.11193529026447,-12.11193529026447,56970.35741804447,968.9548232211603,-968.9548232211603,1523234.2676000001,25355.490904556784,-25355.490904556784,2136.1374858062077,2173.1970796253845,2099.7098703321694,40.742901582402055,42.13617184727199,39.395701046837544,1.5670300000000001,0.0027361400731687837,-0.0027361400731687837,6.751007640599999,0.2216847688427292,-0.2216847688427292,4.7855112244,0.2129968831824138,-0.2129968831824138,1.9654964162,0.017773804430184288,-0.017773804430184288,3.895038950389509,-3.7490134175217142,-3.7490134175217205,3.783423657114488,-3.7490134175217036,7.9143190591421915,,0.038907403568638046,0.6190413444126218,0.21003452002255657,1.716187400974465,
022_190℃_120_2.0mm.csv,2.0,120,1.479795,0.300019882,1.504185,0.300177399,0.02439,1.808261418,1.56376,6.484000845,4.533790918,1.950209927,190,0.024390000000000134,1508084.019,717.5071750717468,80.0,57400.57400573975,40.035014120718586,2152.52152521524,0.024580000000000046,0.00042750730987907464,-0.00042750730987907464,712.1294677255559,12.11193529026447,-12.11193529026447,56970.35741804447,968.9548232211603,-968.9548232211603,1523234.2676000001,25355.490904556784,-25355.490904556784,2136.1374858062077,2173.1970796253845,2099.7098703321694,40.742901582402055,42.13617184727199,39.395701046837544,1.5670300000000001,0.0027361400731687837,-0.0027361400731687837,6.751007640599999,0.2216847688427292,-0.2216847688427292,4.7855112244,0.2129968831824138,-0.2129968831824138,1.9654964162,0.017773804430184288,-0.017773804430184288,0.0,0.0,0.0,-0.1647108408950264,0.0,-0.0827778994426404,,-0.2592763860762512,-4.906438893209568,-6.611706476784739,-0.6066866732873157,
023_190℃_120_2.0mm.csv,2.0,120,1.479865,0.300123379,1.5042,0.300068925,0.024335,1.809334549,1.5704,7.024614405,5.062500595,1.96211381,190,0.024334999999999996,1509265.624,719.1288267926856,80.0,57530.30614341485,39.976031521131965,2157.386480378057,0.024580000000000046,0.00042750730987907464,-0.00042750730987907464,712.1294677255559,12.11193529026447,-12.11193529026447,56970.35741804447,968.9548232211603,-968.9548232211603,1523234.2676000001,25355.490904556784,-25355.490904556784,2136.1374858062077,2173.1970796253845,2099.7098703321694,40.742901582402055,42.13617184727199,39.395701046837544,1.5670300000000001,0.0027361400731687837,-0.0027361400731687837,6.751007640599999,0.2216847688427292,-0.2216847688427292,4.7855112244,0.2129968831824138,-0.2129968831824138,1.9654964162,0.017773804430184288,-0.017773804430184288,-0.2255022550231159,0.22601191699255146,0.2260119169925483,-0.08648849030937089,0.22601191699257792,-0.22998348016740724,,0.16424026916269316,3.0221332695566403,4.278803340995162,0.0,
024_190℃_120_2.0mm.csv,2.0,120,1.47988,0.300116015,1.504345,0.300008062,0.024465,1.820534225,1.56473,6.567115769,4.611519211,1.955596558,190,0.02446499999999996,1520526.163,715.3075822603731,80.0,57224.60658082985,40.48943954045707,2145.9227467811193,0.024580000000000046,0.00042750730987907464,-0.00042750730987907464,712.1294677255559,12.11193529026447,-12.11193529026447,56970.35741804447,968.9548232211603,-968.9548232211603,1523234.2676000001,25355.490904556784,-25355.490904556784,2136.1374858062077,2173.1970796253845,2099.7098703321694,40.742901582402055,42.13617184727199,39.395701046837544,1.5670300000000001,0.0027361400731687837,-0.0027361400731687837,6.751007640599999,0.2216847688427292,-0.2216847688427292,4.7855112244,0.2129968831824138,-0.2129968831824138,1.9654964162,0.017773804430184288,-0.017773804430184288,0.30750307503003194,-0.3065603923965978,-0.30656039239660093,0.6589601405287271,-0.30656039239659255,1.0513524759142545,,-0.19740723613924194,-3.6874856121693558,-5.0106373553739525,-0.3321546368403504,
025_190℃_120_2.0mm.csv,2.0,120,1.479845,0.300058353,1.504215,0.300011367,0.02437,1.810583462,1.567825,6.818548774,4.854774348,1.963774426,190,0.024370000000000003,1510572.0950000002,718.0960196963479,80.0,57447.68157570783,40.06818171989117,2154.2880590890436,0.024580000000000046,0.00042750730987907464,-0.00042750730987907464,712.1294677255559,12.11193529026447,-12.11193529026447,56970.35741804447,968.9548232211603,-968.9548232211603,1523234.2676000001,25355.490904556784,-25355.490904556784,2136.1374858062077,2173.1970796253845,2099.7098703321694,40.742901582402055,42.13617184727199,39.395701046837544,1.5670300000000001,0.0027361400731687837,-0.0027361400731687837,6.751007640599999,0.2216847688427292,-0.2216847688427292,4.7855112244,0.2129968831824138,-0.2129968831824138,1.9654964162,0.017773804430184288,-0.017773804430184288,-0.08200082000873683,0.08206811653725558,0.08206811653724924,0.0,0.08206811653726616,0.0,,0.0,0.0,0.0,0.08463403047961396,
026_190℃_160_2.0mm.csv,2.0,160,1.48355,0.300179625,1.501915,0.300203523,0.018365,1.690222068,1.537375,5.524151329,3.531848962,1.992302367,190,0.018364999999999965,1390018.545,952.8995371630838,80.0,76231.9629730467,27.785241446448925,2858.698611489251,0.01886899999999998,0.000437327108695574,-0.000437327108695574,927.8447879418343,21.449428261812773,-21.449428261812773,74227.58303534675,1715.9542609450152,-1715.9542609450152,1436340.6278000001,41999.93693916379,-41999.93693916379,2782.938332670577,2848.1110875714676,2719.2569128513505,29.482781479116916,31.056502300460664,27.98880554338748,1.536885,0.001549358738317238,-0.001549358738317238,5.4740105928,0.17109828438244615,-0.17109828438244615,3.4581828194,0.17923053072008382,-0.17923053072008382,2.0158277734000003,0.018253408972425354,-0.018253408972425354,-2.779248279512392,2.858698611488636,2.8586986114886335,-2.639266276549607,2.8586986114886233,-5.345162793479252,,0.0,0.0,0.0,-1.293457165435016,
027_190℃_160_2.0mm.csv,2.0,160,1.483595,0.300096246,1.502125,0.300175883,0.01853,1.711230834,1.5383,5.631449616,3.625161566,2.00628805,190,0.018529999999999935,1411054.9510000001,944.4144630329229,80.0,75553.15704263383,28.459154549148202,2833.2433890987686,0.01886899999999998,0.000437327108695574,-0.000437327108695574,927.8447879418343,21.449428261812773,-21.449428261812773,74227.58303534675,1715.9542609450152,-1715.9542609450152,1436340.6278000001,41999.93693916379,-41999.93693916379,2782.938332670577,2848.1110875714676,2719.2569128513505,29.482781479116916,31.056502300460664,27.98880554338748,1.536885,0.001549358738317238,-0.001549358738317238,5.4740105928,0.17109828438244615,-0.17109828438244615,3.4581828194,0.17923053072008382,-0.17923053072008382,2.0158277734000003,0.018253408972425354,-0.018253408972425354,-1.9057702488084634,1.9427954668101308,1.9427954668101335,-1.1658183643389013,1.9427954668101266,-3.0493707936046595,,0.06016749329214178,1.942348799112702,2.6420326861078225,-0.6005510880362875,
028_190℃_160_2.0mm.csv,2.0,160,1.48354,0.300128475,1.50299,0.300182656,0.01945,1.798741369,1.53605,5.382245296,3.340759174,2.041486121,190,0.019449999999999967,1498558.713,899.7429305912611,80.0,71979.4344473009,31.724589896979534,2699.2287917737835,0.01886899999999998,0.000437327108695574,-0.000437327108695574,927.8447879418343,21.449428261812773,-21.449428261812773,74227.58303534675,1715.9542609450152,-1715.9542609450152,1436340.6278000001,41999.93693916379,-41999.93693916379,2782.938332670577,2848.1110875714676,2719.2569128513505,29.482781479116916,31.056502300460664,27.98880554338748,1.536885,0.001549358738317238,-0.001549358738317238,5.4740105928,0.17109828438244615,-0.17109828438244615,3.4581828194,0.17923053072008382,-0.17923053072008382,2.0158277734000003,0.018253408972425354,-0.018253408972425354,2.9645314981478053,-2.8791773778926313,-2.8791773778926215,4.963186534572117,-2.879177377892631,8.074853260849117,,-0.08618586876982003,-2.5688295730611146,-5.4104745150763955,1.1433006286522336,
029_190℃_160_2.0mm.csv,2.0,160,1.483445,0.300000871,1.502555,0.300143788,0.01911,1.754515386,1.534605,5.222880708,3.204471078,2.018409631,190,0.019110000000000182,1454371.598,915.750915750907,80.0,73260.07326007256,30.250929238400293,2747.252747252721,0.01886899999999998,0.000437327108695574,-0.000437327108695574,927.8447879418343,21.449428261812773,-21.449428261812773,74227.58303534675,1715.9542609450152,-1715.9542609450152,1436340.6278000001,41999.93693916379,-41999.93693916379,2782.938332670577,2848.1110875714676,2719.2569128513505,29.482781479116916,31.056502300460664,27.98880554338748,1.536885,0.001549358738317238,-0.001549358738317238,5.4740105928,0.17109828438244615,-0.17109828438244615,3.4581828194,0.17923053072008382,-0.17923053072008382,2.0158277734000003,0.018253408972425354,-0.018253408972425354,1.1646373742738632,-1.1512297226600166,-1.1512297226600117,1.8681990950178622,-1.1512297226600248,3.0545942141781515,,-0.18017725018293776,-5.453699637416295,-9.269305893947797,0.0,
030_190℃_160_2.0mm.csv,2.0,160,1.4834,0.300090252,1.50229,0.300166385,0.01889,1.727865717,1.538095,5.609326015,3.588673317,2.020652698,190,0.01888999999999985,1427699.332,926.4160931709972,80.0,74113.28745367978,29.35427524514807,2779.2482795129918,0.01886899999999998,0.000437327108695574,-0.000437327108695574,927.8447879418343,21.449428261812773,-21.449428261812773,74227.58303534675,1715.9542609450152,-1715.9542609450152,1436340.6278000001,41999.93693916379,-41999.93693916379,2782.938332670577,2848.1110875714676,2719.2569128513505,29.482781479116916,31.056502300460664,27.98880554338748,1.536885,0.001549358738317238,-0.001549358738317238,5.4740105928,0.17109828438244615,-0.17109828438244615,3.4581828194,0.17923053072008382,-0.17923053072008382,2.0158277734000003,0.018253408972425354,-0.018253408972425354,0.0,0.0,0.0,0.0,0.0,0.0,,0.04683307585982951,1.5418601143828174,1.60891237454904,0.11113041503319153,
031_190℃_200_2.0mm.csv,2.0,200,1.485395,0.300140394,1.500755,0.300050209,0.01536,1.589456493,1.52176,4.435992112,2.388233916,2.047758196,190,0.01536000000000004,1289406.284,1139.3229166666638,80.0,91145.83333333311,21.55676791536332,3417.9687499999914,0.01512500000000001,0.0003211502763505103,-0.0003211502763505103,1157.4483882634172,24.93887887829877,-24.93887887829877,92595.87106107338,1995.1103102639036,-1995.1103102639036,1267680.5359999998,38650.96125181411,-38650.96125181411,3471.7066114586414,3546.7690130302076,3398.2328005477552,20.857640216252683,21.97220528292221,19.7996127283944,1.52252,0.0005641918999773371,-0.0005641918999773371,4.5416042846,0.07840385794628983,-0.07840385794628983,2.4982519384,0.07298664574060297,-0.07298664574060297,2.0433523462,0.01477119662803731,-0.01477119662803731,0.3593596863779067,-0.35807291666755087,-0.358072916667539,0.0,-0.35807291666755753,0.0,,-0.07059202080330024,-3.2749314369477514,-5.593173158148969,0.0,
032_190℃_200_2.0mm.csv,2.0,200,1.48551,0.300080407,1.500815,0.30012161,0.015305,1.597429041,1.52306,4.61644781,2.56204543,2.05440238,190,0.015304999999999902,1297307.431,1143.4171839268286,80.0,91473.37471414628,21.611200251923673,3430.251551780486,0.01512500000000001,0.0003211502763505103,-0.0003211502763505103,1157.4483882634172,24.93887887829877,-24.93887887829877,92595.87106107338,1995.1103102639036,-1995.1103102639036,1267680.5359999998,38650.96125181411,-38650.96125181411,3471.7066114586414,3546.7690130302076,3398.2328005477552,20.857640216252683,21.97220528292221,19.7996127283944,1.52252,0.0005641918999773371,-0.0005641918999773371,4.5416042846,0.07840385794628983,-0.07840385794628983,2.4982519384,0.07298664574060297,-0.07298664574060297,2.0433523462,0.01477119662803731,-0.01477119662803731,0.0,0.0,0.0,0.6127740416689418,0.0,0.2525069471177993,,0.014775074121631152,0.6598342977401642,1.2775916339368212,0.32446135549491284,
033_190℃_200_2.0mm.csv,2.0,200,1.485445,0.300041856,1.50081,0.300131226,0.015365,1.596546194,1.522835,4.586186578,2.529725864,2.056460714,190,0.015365000000000073,1296414.968,1138.9521640091061,80.0,91116.17312072849,21.680996988647728,3416.856492027319,0.01512500000000001,0.0003211502763505103,-0.0003211502763505103,1157.4483882634172,24.93887887829877,-24.93887887829877,92595.87106107338,1995.1103102639036,-1995.1103102639036,1267680.5359999998,38650.96125181411,-38650.96125181411,3471.7066114586414,3546.7690130302076,3398.2328005477552,20.857640216252683,21.97220528292221,19.7996127283944,1.52252,0.0005641918999773371,-0.0005641918999773371,4.5416042846,0.07840385794628983,-0.07840385794628983,2.4982519384,0.07298664574060297,-0.07298664574060297,2.0433523462,0.01477119662803731,-0.01477119662803731,0.39202874877603017,-0.3904978848042363,-0.3904978848042323,0.5435590075036524,-0.39049788480422964,0.5762880306183127,,0.0,0.0,0.0,0.4249778131519084,
034_190℃_200_2.0mm.csv,2.0,200,1.485455,0.300092823,1.50009,0.300196618,0.014635,1.5106117,1.522085,4.481077567,2.460709378,2.020368189,190,0.014634999999999954,1210415.082,1195.7635804578103,80.0,95661.08643662483,19.281006503477492,3587.290741373431,0.01512500000000001,0.0003211502763505103,-0.0003211502763505103,1157.4483882634172,24.93887887829877,-24.93887887829877,92595.87106107338,1995.1103102639036,-1995.1103102639036,1267680.5359999998,38650.96125181411,-38650.96125181411,3471.7066114586414,3546.7690130302076,3398.2328005477552,20.857640216252683,21.97220528292221,19.7996127283944,1.52252,0.0005641918999773371,-0.0005641918999773371,4.5416042846,0.07840385794628983,-0.07840385794628983,2.4982519384,0.07298664574060297,-0.07298664574060297,2.0433523462,0.01477119662803731,-0.01477119662803731,-4.377654361319521,4.578066279466693,4.578066279466697,-6.126168530445913,4.578066279466686,-10.557062268429918,,-0.04925024707207468,-2.291860769559833,-2.728219961781606,-1.3375606091335677,
035_190℃_200_2.0mm.csv,2.0,200,1.48542,0.300174042,1.50038,0.300111088,0.01496,1.544970003,1.52286,4.588317356,2.550545104,2.037772252,190,0.014960000000000084,1244858.915,1169.7860962566779,80.0,93582.88770053422,20.270029244517122,3509.3582887700336,0.01512500000000001,0.0003211502763505103,-0.0003211502763505103,1157.4483882634172,24.93887887829877,-24.93887887829877,92595.87106107338,1995.1103102639036,-1995.1103102639036,1267680.5359999998,38650.96125181411,-38650.96125181411,3471.7066114586414,3546.7690130302076,3398.2328005477552,20.857640216252683,21.97220528292221,19.7996127283944,1.52252,0.0005641918999773371,-0.0005641918999773371,4.5416042846,0.07840385794628983,-0.07840385794628983,2.4982519384,0.07298664574060297,-0.07298664574060297,2.0433523462,0.01477119662803731,-0.01477119662803731,-2.2541653054545563,2.306149732619092,2.306149732619088,-3.4548745071882982,2.3061497326190854,-5.969070483563311,,0.0016416749024131822,0.04646077877034252,0.8229840353958524,-0.4876524982054229,
036_190℃_240_2.0mm.csv,2.0,240,1.48661,0.300027463,1.50011,0.300066267,0.0135,1.51470383,1.51304,3.5046006,1.523733493,1.980867108,190,0.013500000000000068,1214637.5629999998,1296.2962962962897,80.0,103703.70370370318,17.847735619591926,3888.8888888888696,0.013274000000000008,0.00025882909419151735,-0.00025882909419151735,1318.7713759792591,25.940878765810258,-25.940878765810258,105501.71007834072,2075.2703012648144,-2075.2703012648144,1191183.8426,34917.702344737176,-34917.702344737176,3955.7053432093344,4033.946044410583,3878.9821653604236,17.201497202991238,18.064100860023355,16.380084916340135,1.5132210000000001,0.0001791089054179416,-0.0001791089054179416,3.5365245756,0.031374303749695014,-0.031374303749695014,1.5620312968,0.030112369430787673,-0.030112369430787673,1.974493279,0.01739538977261349,-0.01739538977261349,0.4838109415703858,-0.4814814814813484,-0.4814814814813449,0.3212181770356391,-0.48148148148134257,0.8065832072928529,,-0.014207783883091497,-1.1045633826861232,-2.0723207296800723,0.0,
037_190℃_240_2.0mm.csv,2.0,240,1.486645,0.30007019,1.50008,0.300044772,0.013435,1.510793191,1.51341,3.567699978,1.576088071,1.991611908,190,0.013435000000000086,1210748.4190000002,1302.567919612943,80.0,104205.43356903543,17.704930622329368,3907.703758838829,0.013274000000000008,0.00025882909419151735,-0.00025882909419151735,1318.7713759792591,25.940878765810258,-25.940878765810258,105501.71007834072,2075.2703012648144,-2075.2703012648144,1191183.8426,34917.702344737176,-34917.702344737176,3955.7053432093344,4033.946044410583,3878.9821653604236,17.201497202991238,18.064100860023355,16.380084916340135,1.5132210000000001,0.0001791089054179416,-0.0001791089054179416,3.5365245756,0.031374303749695014,-0.031374303749695014,1.5620312968,0.030112369430787673,-0.030112369430787673,1.974493279,0.01739538977261349,-0.01739538977261349,0.0,0.0,0.0,0.0,0.0,0.0,,0.010242820938963044,0.6760219820458604,1.29241617888702,0.5424291188745464,
038_190℃_240_2.0mm.csv,2.0,240,1.48665,0.300172771,1.49972,0.300088752,0.01307,1.463252907,1.51303,3.502684695,1.550093194,1.952591501,190,0.013069999999999915,1163164.155,1338.9441469013093,80.0,107115.53175210474,16.54699919004071,4016.8324407039277,0.013274000000000008,0.00025882909419151735,-0.00025882909419151735,1318.7713759792591,25.940878765810258,-25.940878765810258,105501.71007834072,2075.2703012648144,-2075.2703012648144,1191183.8426,34917.702344737176,-34917.702344737176,3955.7053432093344,4033.946044410583,3878.9821653604236,17.201497202991238,18.064100860023355,16.380084916340135,1.5132210000000001,0.0001791089054179416,-0.0001791089054179416,3.5365245756,0.031374303749695014,-0.031374303749695014,1.5620312968,0.030112369430787673,-0.030112369430787673,1.974493279,0.01739538977261349,-0.01739538977261349,-2.7167845180511234,2.7926549349668903,2.792654934966883,-3.930152891655371,2.7926549349668783,-6.540163624410248,,-0.01486861104043401,-1.1586278205830598,-0.37822897607080896,-1.4274358378613703,
039_190℃_240_2.0mm.csv,2.0,240,1.48665,0.300183012,1.499575,0.300063887,0.012925,1.444719256,1.51337,3.563894112,1.604263371,1.95963074,190,0.012925000000000075,1144655.3690000002,1353.96518375241,80.0,108317.2147001928,16.103042878176964,4061.8955512572297,0.013274000000000008,0.00025882909419151735,-0.00025882909419151735,1318.7713759792591,25.940878765810258,-25.940878765810258,105501.71007834072,2075.2703012648144,-2075.2703012648144,1191183.8426,34917.702344737176,-34917.702344737176,3955.7053432093344,4033.946044410583,3878.9821653604236,17.201497202991238,18.064100860023355,16.380084916340135,1.5132210000000001,0.0001791089054179416,-0.0001791089054179416,3.5365245756,0.031374303749695014,-0.031374303749695014,1.5620312968,0.030112369430787673,-0.030112369430787673,1.974493279,0.01739538977261349,-0.01739538977261349,-3.79605508001494,3.945841392649971,3.945841392649964,-5.4588590794600105,3.945841392649959,-9.047692862078266,,0.00759951230956364,0.5686252134163654,3.103193296027574,-1.0720743412939775,
040_190℃_240_2.0mm.csv,2.0,240,1.48673,0.300003604,1.50017,0.300110145,0.01344,1.522823852,1.513255,3.543743493,1.555978355,1.987765138,190,0.013439999999999896,1222713.707,1302.0833333333433,80.0,104166.66666666746,17.886554799542722,3906.25000000003,0.013274000000000008,0.00025882909419151735,-0.00025882909419151735,1318.7713759792591,25.940878765810258,-25.940878765810258,105501.71007834072,2075.2703012648144,-2075.2703012648144,1191183.8426,34917.702344737176,-34917.702344737176,3955.7053432093344,4033.946044410583,3878.9821653604236,17.201497202991238,18.064100860023355,16.380084916340135,1.5132210000000001,0.0001791089054179416,-0.0001791089054179416,3.5365245756,0.031374303749695014,-0.031374303749695014,1.5620312968,0.030112369430787673,-0.030112369430787673,1.974493279,0.01739538977261349,-0.01739538977261349,0.03721622627324659,-0.03720238095097719,-0.03720238095098418,0.9882555130554919,-0.03720238095097719,1.0258395307366581,,0.0,0.0,0.0,0.34823285076224864,
001_210℃_010_2.0mm.csv,2.0,10,1.15078,0.300022902,1.46802,0.300002757,0.31724,1.372597229,2.8742,8.921391252,7.088005554,1.833385698,210,0.3172400000000002,1072594.472,55.163283318623094,80.0,4413.062665489848,370.3617635888764,165.4898499558693,0.311052,0.006325023320115196,-0.006325023320115196,56.27958466158676,1.1616805103780097,-1.1616805103780097,4502.366772926941,92.93444083024076,-92.93444083024076,1045391.7028000001,23659.250781833936,-23659.250781833936,168.8102673566342,172.30448307653268,165.3869119143047,353.7956521963081,369.4051787952483,338.8457192756094,2.869924,0.004840049586522766,-0.004840049586522766,8.882148690200001,0.03348393190975639,-0.03348393190975639,7.0756237924,0.017888433943038337,-0.017888433943038337,1.8065248978,0.01848879985524129,-0.01848879985524129,1.986754966887513,-1.9480519480520386,-1.9480519480520309,2.7779490619337985,-1.948051948052034,4.819895069786879,,0.10309134729246931,0.4722255201735752,0.2576356408663099,1.335665898768396,
002_210℃_010_2.0mm.csv,2.0,10,1.14812,0.300040424,1.45918,0.300006276,0.31106,1.343609969,2.87318,8.909349325,7.100128769,1.809220556,210,0.3110599999999999,1043603.6930000001,56.25924258985407,80.0,4500.7394071883255,353.3315534634883,168.7777277695622,0.311052,0.006325023320115196,-0.006325023320115196,56.27958466158676,1.1616805103780097,-1.1616805103780097,4502.366772926941,92.93444083024076,-92.93444083024076,1045391.7028000001,23659.250781833936,-23659.250781833936,168.8102673566342,172.30448307653268,165.3869119143047,353.7956521963081,369.4051787952483,338.8457192756094,2.869924,0.004840049586522766,-0.004840049586522766,8.882148690200001,0.03348393190975639,-0.03348393190975639,7.0756237924,0.017888433943038337,-0.017888433943038337,1.8065248978,0.01848879985524129,-0.01848879985524129,0.0,0.0,0.0,0.0,0.0,0.0,,0.06756662626601312,0.3366099899198061,0.4291147492002417,0.0,
003_210℃_010_2.0mm.csv,2.0,10,1.15108,0.30003046,1.452,0.300007649,0.30092,1.309220863,2.86204,8.841180591,7.057862611,1.78331798,210,0.30091999999999985,1009213.2139999998,58.154991359829886,80.0,4652.399308786391,330.5495949462637,174.46497407948965,0.311052,0.006325023320115196,-0.006325023320115196,56.27958466158676,1.1616805103780097,-1.1616805103780097,4502.366772926941,92.93444083024076,-92.93444083024076,1045391.7028000001,23659.250781833936,-23659.250781833936,168.8102673566342,172.30448307653268,165.3869119143047,353.7956521963081,369.4051787952483,338.8457192756094,2.869924,0.004840049586522766,-0.004840049586522766,8.882148690200001,0.03348393190975639,-0.03348393190975639,7.0756237924,0.017888433943038337,-0.017888433943038337,1.8065248978,0.01848879985524129,-0.01848879985524129,-3.2598212563492703,3.3696663565067295,3.3696663565067313,-3.2953581163688233,3.369666356506725,-6.44775658836787,,-0.32041905239547636,-0.4311026035994316,-0.16872691957666172,-1.431698082033068,
004_210℃_010_2.0mm.csv,2.0,10,1.14914,0.300037037,1.46454,0.300019943,0.3154,1.358825975,2.87124,8.879460175,7.069791252,1.809668923,210,0.3153999999999999,1058806.0320000001,55.48509828788841,80.0,4438.807863031073,363.48018774726523,166.45529486366522,0.311052,0.006325023320115196,-0.006325023320115196,56.27958466158676,1.1616805103780097,-1.1616805103780097,4502.366772926941,92.93444083024076,-92.93444083024076,1045391.7028000001,23659.250781833936,-23659.250781833936,168.8102673566342,172.30448307653268,165.3869119143047,353.7956521963081,369.4051787952483,338.8457192756094,2.869924,0.004840049586522766,-0.004840049586522766,8.882148690200001,0.03348393190975639,-0.03348393190975639,7.0756237924,0.017888433943038337,-0.017888433943038337,1.8065248978,0.01848879985524129,-0.01848879985524129,1.3952292162283841,-1.3760304375396388,-1.3760304375396413,1.4567157151675618,-1.3760304375396515,2.87226945465136,,0.0,0.0,0.0,0.024782329523783585,
005_210℃_010_2.0mm.csv,2.0,10,1.1499,0.300030345,1.46054,0.300005402,0.31064,1.342746505,2.86896,8.859362108,7.062330776,1.797031332,210,0.31064,1042741.103,56.33530775173834,80.0,4506.8246201390675,352.56282583501496,169.005923255215,0.311052,0.006325023320115196,-0.006325023320115196,56.27958466158676,1.1616805103780097,-1.1616805103780097,4502.366772926941,92.93444083024076,-92.93444083024076,1045391.7028000001,23659.250781833936,-23659.250781833936,168.8102673566342,172.30448307653268,165.3869119143047,353.7956521963081,369.4051787952483,338.8457192756094,2.869924,0.004840049586522766,-0.004840049586522766,8.882148690200001,0.03348393190975639,-0.03348393190975639,7.0756237924,0.017888433943038337,-0.017888433943038337,1.8065248978,0.01848879985524129,-0.01848879985524129,-0.13502218221560636,0.1352047386041253,0.13520473860413035,-0.08265493939758257,0.1352047386041169,-0.21756551911030894,,-0.07940819994148304,-0.22634334299495915,-0.10552611433739016,-0.6737279188861984,
006_210℃_020_2.0mm.csv,2.0,20,1.324965,0.300025961,1.479735,0.300007431,0.15477,1.342355151,2.103205,7.479476498,5.827804568,1.65167193,210,0.15477000000000007,1042347.72,113.0710085933966,80.0,9045.680687471728,175.59091877485722,339.21302578018975,0.15322000000000005,0.0021856263404342983,-0.0021856263404342983,114.23352769789668,1.636338438893879,-1.636338438893879,9138.682215831734,130.90707511151058,-130.90707511151058,1030630.3973999999,17111.934547590594,-17111.934547590594,342.6725329801957,347.60629548919945,337.8087980075487,171.8452402414255,177.237305858002,166.6172166783699,2.102595,0.0036731185660143057,-0.0036731185660143057,7.4792053136,0.026878988483479617,-0.026878988483479617,5.8353960553999995,0.03595920549716183,-0.03595920549716183,1.6438092584,0.012845364659301695,-0.012845364659301695,0.3111024693758739,-0.3101376235704812,-0.3101376235704912,0.1283176471760424,-0.31013762357051455,0.43981931592092116,,0.0,0.052624715759515335,-0.005838942023410641,0.2594567870709766,
007_210℃_020_2.0mm.csv,2.0,20,1.324795,0.300027551,1.47558,0.300014307,0.150785,1.309222777,2.10272,7.474952564,5.848112688,1.626839876,210,0.15078499999999995,1009208.4699999999,116.05928971714697,80.0,9284.743177371758,165.63101948185027,348.1778691514409,0.15322000000000005,0.0021856263404342983,-0.0021856263404342983,114.23352769789668,1.636338438893879,-1.636338438893879,9138.682215831734,130.90707511151058,-130.90707511151058,1030630.3973999999,17111.934547590594,-17111.934547590594,342.6725329801957,347.60629548919945,337.8087980075487,171.8452402414255,177.237305858002,166.6172166783699,2.102595,0.0036731185660143057,-0.0036731185660143057,7.4792053136,0.026878988483479617,-0.026878988483479617,5.8353960553999995,0.03595920549716183,-0.03595920549716183,1.6438092584,0.012845364659301695,-0.012845364659301695,-2.2716961565883014,2.3245017740492018,2.3245017740492013,-3.0550512871266013,2.3245017740491845,-5.257345961043438,,-0.02306004407558211,-0.007891748308788195,0.34261018635248136,-1.2478935527433062,
008_210℃_020_2.0mm.csv,2.0,20,1.325075,0.300008946,1.479365,0.30001847,0.15429,1.341030388,2.10374,7.475542515,5.82814487,1.647397645,210,0.15429000000000004,1041011.9180000002,113.42277529327886,80.0,9073.82202346231,174.82201777221232,340.26832587983665,0.15322000000000005,0.0021856263404342983,-0.0021856263404342983,114.23352769789668,1.636338438893879,-1.636338438893879,9138.682215831734,130.90707511151058,-130.90707511151058,1030630.3973999999,17111.934547590594,-17111.934547590594,342.6725329801957,347.60629548919945,337.8087980075487,171.8452402414255,177.237305858002,166.6172166783699,2.102595,0.0036731185660143057,-0.0036731185660143057,7.4792053136,0.026878988483479617,-0.026878988483479617,5.8353960553999995,0.03595920549716183,-0.03595920549716183,1.6438092584,0.012845364659301695,-0.012845364659301695,0.0,0.0,0.0,0.0,0.0,0.0,,0.025437368207101747,0.0,0.0,0.0,
009_210℃_020_2.0mm.csv,2.0,20,1.324925,0.300010669,1.47586,0.300012869,0.150935,1.315022899,2.10668,7.520638175,5.885946825,1.634691351,210,0.15093500000000004,1015010.03,115.94394938218436,80.0,9275.515950574749,166.7488858536599,347.83184814655306,0.15322000000000005,0.0021856263404342983,-0.0021856263404342983,114.23352769789668,1.636338438893879,-1.636338438893879,9138.682215831734,130.90707511151058,-130.90707511151058,1030630.3973999999,17111.934547590594,-17111.934547590594,342.6725329801957,347.60629548919945,337.8087980075487,171.8452402414255,177.237305858002,166.6172166783699,2.102595,0.0036731185660143057,-0.0036731185660143057,7.4792053136,0.026878988483479617,-0.026878988483479617,5.8353960553999995,0.03595920549716183,-0.03595920549716183,1.6438092584,0.012845364659301695,-0.012845364659301695,-2.1744766349082867,2.222811143869881,2.2228111438698757,-2.4977512313168493,2.2228111438698557,-4.617914849302018,,0.1652240271395273,0.6032426397082743,0.9917727903012884,-0.771294898870637,
010_210℃_020_2.0mm.csv,2.0,20,1.32483,0.30001457,1.48015,0.300013887,0.15532,1.345587736,2.09663,7.445416816,5.786971326,1.65844549,210,0.15532000000000012,1045573.8489999999,112.6706155034766,80.0,9013.649240278128,176.7603050086314,338.0118465104298,0.15322000000000005,0.0021856263404342983,-0.0021856263404342983,114.23352769789668,1.636338438893879,-1.636338438893879,9138.682215831734,130.90707511151058,-130.90707511151058,1030630.3973999999,17111.934547590594,-17111.934547590594,342.6725329801957,347.60629548919945,337.8087980075487,171.8452402414255,177.237305858002,166.6172166783699,2.102595,0.0036731185660143057,-0.0036731185660143057,7.4792053136,0.026878988483479617,-0.026878988483479617,5.8353960553999995,0.03595920549716183,-0.03595920549716183,1.6438092584,0.012845364659301695,-0.012845364659301695,0.6675740488690687,-0.6631470512490929,-0.6631470512491003,0.43822082351988484,-0.6631470512491136,1.1087203208835024,,-0.31261812329277344,-0.40299013669645434,-0.7064605447942526,0.6706240617455781,
011_210℃_040_2.0mm.csv,2.0,40,1.424565,0.300022276,1.496945,0.300060563,0.07238,1.449142942,1.781405,7.171535815,5.549583793,1.621952022,210,0.07237999999999989,1149082.379,241.7794970986464,80.0,19342.359767891714,90.52580418179032,725.3384912959393,0.07267099999999997,0.0010663864215189455,-0.0010663864215189455,240.8528743496996,3.539476627795175,-3.539476627795175,19268.229947975968,283.1581302236138,-283.1581302236138,1154744.6013999998,16981.5112490892,-16981.5112490892,722.4962701691004,733.1842599944381,711.9640844611444,91.32183010833504,94.03947175628237,88.68272544053791,1.781974,0.0013286242885029724,-0.0013286242885029724,7.1918705446,0.03293709453343136,-0.03293709453343136,5.560739224800001,0.028313468532530042,-0.028313468532530042,1.6311313198000001,0.016409223173953064,-0.016409223173953064,-0.3716448726775143,0.37303122409535366,0.3730312240953607,-0.42569504368286015,0.37303122409537337,-0.7957578425573064,,0.0,-0.265328960966786,0.0,-0.31089887718533055,
012_210℃_040_2.0mm.csv,2.0,40,1.42458,0.300057499,1.49723,0.300036633,0.07265,1.454031511,1.78081,7.15459857,5.527588191,1.627010379,210,0.0726500000000001,1153994.878,240.8809359944938,80.0,19270.474879559504,91.25194872021783,722.6428079834814,0.07267099999999997,0.0010663864215189455,-0.0010663864215189455,240.8528743496996,3.539476627795175,-3.539476627795175,19268.229947975968,283.1581302236138,-283.1581302236138,1154744.6013999998,16981.5112490892,-16981.5112490892,722.4962701691004,733.1842599944381,711.9640844611444,91.32183010833504,94.03947175628237,88.68272544053791,1.781974,0.0013286242885029724,-0.0013286242885029724,7.1918705446,0.03293709453343136,-0.03293709453343136,5.560739224800001,0.028313468532530042,-0.028313468532530042,1.6311313198000001,0.016409223173953064,-0.016409223173953064,0.0,0.0,0.0,0.0,0.0,0.0,,-0.033400602333545776,-0.500875516399074,-0.3963468760980579,0.0,
013_210℃_040_2.0mm.csv,2.0,40,1.424635,0.300048752,1.495805,0.300022073,0.07117,1.430298373,1.78138,7.190614598,5.578920997,1.611693601,210,0.07116999999999996,1130276.3,245.89012224251806,80.0,19671.209779401444,87.55566179156457,737.6703667275542,0.07267099999999997,0.0010663864215189455,-0.0010663864215189455,240.8528743496996,3.539476627795175,-3.539476627795175,19268.229947975968,283.1581302236138,-283.1581302236138,1154744.6013999998,16981.5112490892,-16981.5112490892,722.4962701691004,733.1842599944381,711.9640844611444,91.32183010833504,94.03947175628237,88.68272544053791,1.781974,0.0013286242885029724,-0.0013286242885029724,7.1918705446,0.03293709453343136,-0.03293709453343136,5.560739224800001,0.028313468532530042,-0.028313468532530042,1.6311313198000001,0.016409223173953064,-0.016409223173953064,-2.0371644872679227,2.0795278909655046,2.0795278909654997,-2.0553451711247526,2.0795278909655126,-4.0506388964757525,,-0.0014033866526669532,0.0,0.5286379140180675,-0.9414062871199339,
014_210℃_040_2.0mm.csv,2.0,40,1.424865,0.300014872,1.49791,0.300004763,0.073045,1.465426535,1.784215,7.241335894,5.59940771,1.641928184,210,0.07304500000000003,1165421.7719999999,239.57834211787247,80.0,19166.2673694298,92.65658050148573,718.7350263536175,0.07267099999999997,0.0010663864215189455,-0.0010663864215189455,240.8528743496996,3.539476627795175,-3.539476627795175,19268.229947975968,283.1581302236138,-283.1581302236138,1154744.6013999998,16981.5112490892,-16981.5112490892,722.4962701691004,733.1842599944381,711.9640844611444,91.32183010833504,94.03947175628237,88.68272544053791,1.781974,0.0013286242885029724,-0.0013286242885029724,7.1918705446,0.03293709453343136,-0.03293709453343136,5.560739224800001,0.028313468532530042,-0.028313468532530042,1.6311313198000001,0.016409223173953064,-0.016409223173953064,0.5437026841017517,-0.5407625436373701,-0.540762543637363,0.9902031818203489,-0.5407625436373504,1.5392896271997076,,0.15774065976014445,0.7053819295795314,0.8977955619454926,0.9168844398625722,
015_210℃_040_2.0mm.csv,2.0,40,1.424395,0.300036395,1.498505,0.300067034,0.07411,1.475014712,1.78206,7.201267846,5.548195433,1.653072413,210,0.0741099999999999,1174947.6779999998,236.13547429496725,80.0,18890.83794359738,94.77591555546108,708.4064228849018,0.07267099999999997,0.0010663864215189455,-0.0010663864215189455,240.8528743496996,3.539476627795175,-3.539476627795175,19268.229947975968,283.1581302236138,-283.1581302236138,1154744.6013999998,16981.5112490892,-16981.5112490892,722.4962701691004,733.1842599944381,711.9640844611444,91.32183010833504,94.03947175628237,88.68272544053791,1.781974,0.0013286242885029724,-0.0013286242885029724,7.1918705446,0.03293709453343136,-0.03293709453343136,5.560739224800001,0.028313468532530042,-0.028313468532530042,1.6311313198000001,0.016409223173953064,-0.016409223173953064,2.009635237439494,-1.9700445284034511,-1.9700445284034533,1.815675303196607,-1.970044528403447,3.861798991326621,,0.036768730299963914,0.1481549018489137,-0.025017371604537146,1.6018357557140193,
016_210℃_080_2.0mm.csv,2.0,80,1.46759,0.300133502,1.50361,0.300060252,0.03602,1.642458688,1.624865,6.959101894,5.262951589,1.696150305,210,0.03601999999999994,1342398.436,485.8411993337043,80.0,38867.295946696344,52.62932426091964,1457.523598001113,0.036460999999999945,0.0005379172798859846,-0.0005379172798859846,480.0471394440764,6.968675215054285,-6.968675215054285,38403.77115552611,557.4940172043424,-557.4940172043424,1360252.6121999999,21024.26826737637,-21024.26826737637,1440.0187096586023,1461.248109928152,1419.0977357491915,53.972476761992134,55.61349590146836,52.37988011012392,1.626758,0.002668025018623283,-0.002668025018623283,7.043730167600001,0.1178111218129466,-0.1178111218129466,5.329491302,0.09927003941370562,-0.09927003941370562,1.7142388656,0.01956512642354087,-0.01956512642354087,-0.853289292595741,0.8606329816769467,0.8606329816769467,-0.8664866987601235,0.8606329816769467,-1.712382353133595,,-0.08731556891934543,-0.9432878565312518,-0.9998355216491155,-0.7674152884269054,
017_210℃_080_2.0mm.csv,2.0,80,1.46761,0.300002297,1.505,0.300107853,0.03739,1.696683148,1.63114,7.237621164,5.489973389,1.747647775,210,0.03738999999999981,1396575.295,468.0395827761457,80.0,37443.16662209166,56.83586425039426,1404.118748328437,0.036460999999999945,0.0005379172798859846,-0.0005379172798859846,480.0471394440764,6.968675215054285,-6.968675215054285,38403.77115552611,557.4940172043424,-557.4940172043424,1360252.6121999999,21024.26826737637,-21024.26826737637,1440.0187096586023,1461.248109928152,1419.0977357491915,53.972476761992134,55.61349590146836,52.37988011012392,1.626758,0.002668025018623283,-0.002668025018623283,7.043730167600001,0.1178111218129466,-0.1178111218129466,5.329491302,0.09927003941370562,-0.09927003941370562,1.7142388656,0.01956512642354087,-0.01956512642354087,2.9176988714556553,-2.8349826156722138,-2.8349826156722067,3.1343689550197738,-2.8349826156722253,6.143519274103265,,0.2985331599319956,3.021189683104423,3.270619024645077,2.245423278498735,
018_210℃_080_2.0mm.csv,2.0,80,1.467615,0.30006411,1.503995,0.300021048,0.03638,1.6569523,1.626285,7.025371369,5.316103884,1.709267485,210,0.03638000000000008,1356931.2519999999,481.03353490928976,80.0,38482.68279274318,53.7307852492627,1443.1006047278693,0.036460999999999945,0.0005379172798859846,-0.0005379172798859846,480.0471394440764,6.968675215054285,-6.968675215054285,38403.77115552611,557.4940172043424,-557.4940172043424,1360252.6121999999,21024.26826737637,-21024.26826737637,1440.0187096586023,1461.248109928152,1419.0977357491915,53.972476761992134,55.61349590146836,52.37988011012392,1.626758,0.002668025018623283,-0.002668025018623283,7.043730167600001,0.1178111218129466,-0.1178111218129466,5.329491302,0.09927003941370562,-0.09927003941370562,1.7142388656,0.01956512642354087,-0.01956512642354087,0.1376273052576536,-0.13743815283151395,-0.13743815283151162,0.20673349399676025,-0.13743815283151786,0.3446453209912654,,0.0,0.0,0.0,0.0,
019_210℃_080_2.0mm.csv,2.0,80,1.46758,0.300128997,1.50391,0.300116921,0.03633,1.654248729,1.62706,7.054373532,5.343122802,1.71125073,210,0.03632999999999997,1354131.808,481.69556840077104,80.0,38535.64547206168,53.54624063634282,1445.0867052023132,0.036460999999999945,0.0005379172798859846,-0.0005379172798859846,480.0471394440764,6.968675215054285,-6.968675215054285,38403.77115552611,557.4940172043424,-557.4940172043424,1360252.6121999999,21024.26826737637,-21024.26826737637,1440.0187096586023,1461.248109928152,1419.0977357491915,53.972476761992134,55.61349590146836,52.37988011012392,1.626758,0.002668025018623283,-0.002668025018623283,7.043730167600001,0.1178111218129466,-0.1178111218129466,5.329491302,0.09927003941370562,-0.09927003941370562,1.7142388656,0.01956512642354087,-0.01956512642354087,0.0,0.0,0.0,0.0,0.0,0.0,,0.04765462388203606,0.4128203546359667,0.5082466142416632,0.11602894324055496,
020_210℃_080_2.0mm.csv,2.0,80,1.46764,0.300111788,1.503825,0.300142215,0.036185,1.651368485,1.62444,6.942182879,5.235304846,1.706878033,210,0.03618499999999991,1351226.2700000003,483.625811800471,80.0,38690.06494403768,53.21809260402709,1450.877435401413,0.036460999999999945,0.0005379172798859846,-0.0005379172798859846,480.0471394440764,6.968675215054285,-6.968675215054285,38403.77115552611,557.4940172043424,-557.4940172043424,1360252.6121999999,21024.26826737637,-21024.26826737637,1440.0187096586023,1461.248109928152,1419.0977357491915,53.972476761992134,55.61349590146836,52.37988011012392,1.626758,0.002668025018623283,-0.002668025018623283,7.043730167600001,0.1178111218129466,-0.1178111218129466,5.329491302,0.09927003941370562,-0.09927003941370562,1.7142388656,0.01956512642354087,-0.01956512642354087,-0.3991191852465231,0.40071852977771455,0.40071852977771455,-0.21456832952554866,0.40071852977771455,-0.6128311314034826,,-0.11344874975787606,-1.1841151966296914,-1.519892006685254,-0.13979391879674524,
021_210℃_120_2.0mm.csv,2.0,120,1.478275,0.300043826,1.50344,0.300012544,0.025165,1.727419037,1.56471,6.012374135,4.23459555,1.777778585,210,0.025165000000000104,1427406.4929999998,695.4102920723197,80.0,55632.82336578558,39.09734356064778,2086.230876216959,0.02477000000000005,0.0002651178983018972,-0.0002651178983018972,706.5641383590967,7.514269007122803,-7.514269007122803,56525.13106872772,601.1415205698227,-601.1415205698227,1400477.3878,17766.9972686651,-17766.9972686651,2119.5961083278435,2142.331595791399,2097.101901154986,37.753491147136955,38.642542056765244,36.88489467652435,1.5622260000000001,0.0018161029706489078,-0.0018161029706489078,5.8429625882,0.127301729391809,-0.127301729391809,4.0823972822000005,0.11717254835326933,-0.11717254835326933,1.7605653060000002,0.012089405163531648,-0.012089405163531648,2.172147787252033,-2.1259686071932267,-2.1259686071932204,2.3942060293327834,-2.125968607193237,4.618359509873231,,0.13695386446687385,2.4616003851531167,3.2995971958653914,1.3709613759850632,
022_210℃_120_2.0mm.csv,2.0,120,1.47824,0.300164905,1.50316,0.300060534,0.02492,1.708906284,1.56257,5.867929168,4.099334039,1.768595129,210,0.024920000000000053,1408845.75,702.2471910112345,80.0,56179.77528089876,38.21326377142865,2106.7415730337034,0.02477000000000005,0.0002651178983018972,-0.0002651178983018972,706.5641383590967,7.514269007122803,-7.514269007122803,56525.13106872772,601.1415205698227,-601.1415205698227,1400477.3878,17766.9972686651,-17766.9972686651,2119.5961083278435,2142.331595791399,2097.101901154986,37.753491147136955,38.642542056765244,36.88489467652435,1.5622260000000001,0.0018161029706489078,-0.0018161029706489078,5.8429625882,0.127301729391809,-0.127301729391809,4.0823972822000005,0.11717254835326933,-0.11717254835326933,1.7605653060000002,0.012089405163531648,-0.012089405163531648,1.177425903370379,-1.1637239165334041,-1.163723916533401,1.0627615164210191,-1.1637239165334092,2.2527006491767794,,0.0,0.0,0.0,0.847310246801238,
023_210℃_120_2.0mm.csv,2.0,120,1.478265,0.300089925,1.502855,0.300082948,0.02459,1.688339318,1.56153,5.798170735,4.044853961,1.753316774,210,0.024590000000000112,1388256.3699999999,711.6714111427377,80.0,56933.71289141902,37.156162327401525,2135.014233428213,0.02477000000000005,0.0002651178983018972,-0.0002651178983018972,706.5641383590967,7.514269007122803,-7.514269007122803,56525.13106872772,601.1415205698227,-601.1415205698227,1400477.3878,17766.9972686651,-17766.9972686651,2119.5961083278435,2142.331595791399,2097.101901154986,37.753491147136955,38.642542056765244,36.88489467652435,1.5622260000000001,0.0018161029706489078,-0.0018161029706489078,5.8429625882,0.127301729391809,-0.127301729391809,4.0823972822000005,0.11717254835326933,-0.11717254835326933,1.7605653060000002,0.012089405163531648,-0.012089405163531648,-0.1624035728778647,0.16266775111759402,0.1626677511175972,-0.41420613650406557,0.16266775111758866,-0.5759370238171768,,-0.06655701824557811,-1.1888083683834887,-1.328998258782787,-0.0238789708332993,
024_210℃_120_2.0mm.csv,2.0,120,1.47831,0.30004543,1.50294,0.30007265,0.02463,1.69410318,1.55972,5.662564096,3.913163602,1.749400494,210,0.02462999999999993,1394030.53,710.5156313438916,80.0,56841.25050751133,37.37139804506112,2131.546894031675,0.02477000000000005,0.0002651178983018972,-0.0002651178983018972,706.5641383590967,7.514269007122803,-7.514269007122803,56525.13106872772,601.1415205698227,-601.1415205698227,1400477.3878,17766.9972686651,-17766.9972686651,2119.5961083278435,2142.331595791399,2097.101901154986,37.753491147136955,38.642542056765244,36.88489467652435,1.5622260000000001,0.0018161029706489078,-0.0018161029706489078,5.8429625882,0.127301729391809,-0.127301729391809,4.0823972822000005,0.11717254835326933,-0.11717254835326933,1.7605653060000002,0.012089405163531648,-0.012089405163531648,0.0,0.0,0.0,0.0,0.0,0.0,,-0.18239182884606892,-3.4997878488365592,-4.541480036240597,-0.24718972053362318,
025_210℃_120_2.0mm.csv,2.0,120,1.47824,0.300075041,1.502785,0.300106586,0.024545,1.683954382,1.5626,5.873774807,4.120039259,1.753735548,210,0.02454500000000004,1383847.7959999999,712.9761662252994,80.0,57038.09329802395,36.97038819354563,2138.9284986758985,0.02477000000000005,0.0002651178983018972,-0.0002651178983018972,706.5641383590967,7.514269007122803,-7.514269007122803,56525.13106872772,601.1415205698227,-601.1415205698227,1400477.3878,17766.9972686651,-17766.9972686651,2119.5961083278435,2142.331595791399,2097.101901154986,37.753491147136955,38.642542056765244,36.88489467652435,1.5622260000000001,0.0018161029706489078,-0.0018161029706489078,5.8429625882,0.127301729391809,-0.127301729391809,4.0823972822000005,0.11717254835326933,-0.11717254835326933,1.7605653060000002,0.012089405163531648,-0.012089405163531648,-0.3451075923665894,0.3463027093089853,0.3463027093089917,-0.7304527254507239,0.3463027093089959,-1.0730394700031447,,0.0019199139878517118,0.09962013570100317,0.5050874069547853,0.0,
026_210℃_160_2.0mm.csv,2.0,160,1.482365,0.300115161,1.501835,0.300129365,0.01947,1.666377829,1.537775,5.155490018,3.316730284,1.838759734,210,0.0194700000000001,1366248.464,898.8186954288603,80.0,71905.49563430883,28.95331438811443,2696.456086286581,0.019025999999999987,0.0005175229463511966,-0.0005175229463511966,920.3437058674881,25.26403378034784,-25.26403378034784,73627.49646939905,2021.1227024278207,-2021.1227024278207,1334345.0176,45244.974960766594,-45244.974960766594,2760.20387170614,2836.680968127347,2685.7886025904118,27.61133472814688,29.359619449931238,25.967155561056003,1.5375969999999999,0.0005426163469708354,-0.0005426163469708354,5.1453149966,0.05313462196820963,-0.05313462196820963,3.321022498,0.054958537270034906,-0.054958537270034906,1.8242924987999998,0.023071399759903275,-0.023071399759903275,1.090342679129114,-1.078582434516003,-1.0785824345160007,0.5684886711956357,-1.0785824345160073,1.6650298249328046,,0.008454487219089158,0.012948845403968479,0.1900893767487117,0.2361311982906279,
027_210℃_160_2.0mm.csv,2.0,160,1.48249,0.300034613,1.50175,0.300075915,0.01926,1.658601316,1.5376,5.144865571,3.310437494,1.834428077,210,0.019259999999999833,1358525.4009999998,908.6188992731128,80.0,72689.51194184902,28.479128406269137,2725.8566978193385,0.019025999999999987,0.0005175229463511966,-0.0005175229463511966,920.3437058674881,25.26403378034784,-25.26403378034784,73627.49646939905,2021.1227024278207,-2021.1227024278207,1334345.0176,45244.974960766594,-45244.974960766594,2760.20387170614,2836.680968127347,2685.7886025904118,27.61133472814688,29.359619449931238,25.967155561056003,1.5375969999999999,0.0005426163469708354,-0.0005426163469708354,5.1453149966,0.05313462196820963,-0.05313462196820963,3.321022498,0.054958537270034906,-0.054958537270034906,1.8242924987999998,0.023071399759903275,-0.023071399759903275,0.0,0.0,0.0,0.0,0.0,0.0,,-0.0029265532681373605,-0.19315809508311338,0.0,0.0,
028_210℃_160_2.0mm.csv,2.0,160,1.4825,0.300110902,1.50105,0.300189363,0.01855,1.594898524,1.536735,5.061826688,3.26091578,1.800910908,210,0.018550000000000066,1294709.161,943.396226415091,80.0,75471.69811320727,26.140794488762005,2830.1886792452724,0.019025999999999987,0.0005175229463511966,-0.0005175229463511966,920.3437058674881,25.26403378034784,-25.26403378034784,73627.49646939905,2021.1227024278207,-2021.1227024278207,1334345.0176,45244.974960766594,-45244.974960766594,2760.20387170614,2836.680968127347,2685.7886025904118,27.61133472814688,29.359619449931238,25.967155561056003,1.5375969999999999,0.0005426163469708354,-0.0005426163469708354,5.1453149966,0.05313462196820963,-0.05313462196820963,3.321022498,0.054958537270034906,-0.054958537270034906,1.8242924987999998,0.023071399759903275,-0.023071399759903275,-3.686396677049702,3.827493261454249,3.8274932614542414,-4.697463879072495,3.827493261454228,-8.210693403778441,,-0.05918141053363854,-1.80405512497986,-1.4959265683087368,-1.8271181857842884,
029_210℃_160_2.0mm.csv,2.0,160,1.48247,0.300023321,1.50193,0.300104113,0.01946,1.675619684,1.537645,5.154822528,3.305944584,1.848877945,210,0.019460000000000033,1375515.571,899.2805755395668,80.0,71942.44604316534,29.134729808609578,2697.8417266187002,0.019025999999999987,0.0005175229463511966,-0.0005175229463511966,920.3437058674881,25.26403378034784,-25.26403378034784,73627.49646939905,2021.1227024278207,-2021.1227024278207,1334345.0176,45244.974960766594,-45244.974960766594,2760.20387170614,2836.680968127347,2685.7886025904118,27.61133472814688,29.359619449931238,25.967155561056003,1.5375969999999999,0.0005426163469708354,-0.0005426163469708354,5.1453149966,0.05313462196820963,-0.05313462196820963,3.321022498,0.054958537270034906,-0.054958537270034906,1.8242924987999998,0.023071399759903275,-0.023071399759903275,1.0384215991703103,-1.0277492291891068,-1.0277492291891093,1.2506332224258616,-1.027749229189119,2.30204166710426,,0.0,0.0,-0.1357195237228587,0.7877042540490842,
030_210℃_160_2.0mm.csv,2.0,160,1.48246,0.300121643,1.50085,0.300110886,0.01839,1.576837377,1.53823,5.209570178,3.411084348,1.79848583,210,0.018389999999999906,1276726.4909999997,951.6041326808096,80.0,76128.33061446476,25.55537433413864,2854.812398042429,0.019025999999999987,0.0005175229463511966,-0.0005175229463511966,920.3437058674881,25.26403378034784,-25.26403378034784,73627.49646939905,2021.1227024278207,-2021.1227024278207,1334345.0176,45244.974960766594,-45244.974960766594,2760.20387170614,2836.680968127347,2685.7886025904118,27.61133472814688,29.359619449931238,25.967155561056003,1.5375969999999999,0.0005426163469708354,-0.0005426163469708354,5.1453149966,0.05313462196820963,-0.05313462196820963,3.321022498,0.054958537270034906,-0.054958537270034906,1.8242924987999998,0.023071399759903275,-0.023071399759903275,-4.51713395638595,4.730831973898475,4.730831973898475,-6.021154255915173,4.730831973898474,-10.266304608840793,,0.03804519248591565,1.0620666318310827,3.040288607847682,-1.9593162278010723,
031_210℃_200_2.0mm.csv,2.0,200,1.484735,0.300091792,1.50038,0.300018189,0.015645,1.542007715,1.52178,4.166129726,2.299687104,1.866442622,210,0.01564500000000013,1241989.526,1118.568232662183,80.0,89485.45861297463,21.149307357028754,3355.704697986549,0.015430000000000055,0.0001757483997082081,-0.0001757483997082081,1134.2724127233755,12.969046958716188,-12.969046958716188,90741.79301787005,1037.5237566972933,-1037.5237566972933,1216066.4316,16655.492555518158,-16655.492555518158,3402.6397553802544,3441.6928058255785,3364.02984173857,20.420710885502906,20.92629717986943,19.92733972403133,1.522508,0.0005124036494796887,-0.0005124036494796887,4.2573921966,0.06490213320517653,-0.06490213320517653,2.3953049426,0.06519233953572541,-0.06519233953572541,1.8620872542,0.006633471885939356,-0.006633471885939356,1.4262560777964906,-1.4062000639188696,-1.4062000639188736,2.1925289186560954,-1.406200063918863,3.3359858487538157,,-0.04958835100671322,-2.298050066994212,-4.025816875348046,0.11935505914636728,
032_210℃_200_2.0mm.csv,2.0,200,1.48475,0.300050088,1.500175,0.30018016,0.015425,1.519216749,1.522655,4.27225172,2.411797741,1.860453979,210,0.015425000000000022,1219036.589,1134.521880064828,80.0,90761.75040518625,20.466546269741524,3403.5656401944843,0.015430000000000055,0.0001757483997082081,-0.0001757483997082081,1134.2724127233755,12.969046958716188,-12.969046958716188,90741.79301787005,1037.5237566972933,-1037.5237566972933,1216066.4316,16655.492555518158,-16655.492555518158,3402.6397553802544,3441.6928058255785,3364.02984173857,20.420710885502906,20.92629717986943,19.92733972403133,1.522508,0.0005124036494796887,-0.0005124036494796887,4.2573921966,0.06490213320517653,-0.06490213320517653,2.3953049426,0.06519233953572541,-0.06519233953572541,1.8620872542,0.006633471885939356,-0.006633471885939356,0.0,0.0,0.0,0.3039311253276783,0.0,0.0,,0.007881592212994776,0.19066882235577795,0.6529617232466258,-0.20188657334324536,
033_210℃_200_2.0mm.csv,2.0,200,1.48481,0.300144402,1.49998,0.300146044,0.01517,1.498158662,1.52237,4.238252216,2.386899714,1.851352503,210,0.015170000000000128,1198012.618,1153.5926170072414,80.0,92287.40936057932,19.781062764691324,3460.777851021724,0.015430000000000055,0.0001757483997082081,-0.0001757483997082081,1134.2724127233755,12.969046958716188,-12.969046958716188,90741.79301787005,1037.5237566972933,-1037.5237566972933,1216066.4316,16655.492555518158,-16655.492555518158,3402.6397553802544,3441.6928058255785,3364.02984173857,20.420710885502906,20.92629717986943,19.92733972403133,1.522508,0.0005124036494796887,-0.0005124036494796887,4.2573921966,0.06490213320517653,-0.06490213320517653,2.3953049426,0.06519233953572541,-0.06519233953572541,1.8620872542,0.006633471885939356,-0.006633471885939356,-1.6531604538080638,1.6809492419241467,1.6809492419241507,-1.4259488128083515,1.68094924192414,-3.349287642457017,,-0.010837189292855057,-0.6066702083575909,-0.38612215846240383,-0.69010619309768,
034_210℃_200_2.0mm.csv,2.0,200,1.484665,0.300026004,1.500055,0.300211852,0.01539,1.506162493,1.5232,4.346205951,2.481988367,1.864217584,210,0.015390000000000015,1205950.6409999998,1137.1020142949956,80.0,90968.16114359965,20.20090379862859,3411.3060428849867,0.015430000000000055,0.0001757483997082081,-0.0001757483997082081,1134.2724127233755,12.969046958716188,-12.969046958716188,90741.79301787005,1037.5237566972933,-1037.5237566972933,1216066.4316,16655.492555518158,-16655.492555518158,3402.6397553802544,3441.6928058255785,3364.02984173857,20.420710885502906,20.92629717986943,19.92733972403133,1.522508,0.0005124036494796887,-0.0005124036494796887,4.2573921966,0.06490213320517653,-0.06490213320517653,2.3953049426,0.06519233953572541,-0.06519233953572541,1.8620872542,0.006633471885939356,-0.006633471885939356,-0.2269043760130126,0.22742040285904638,0.22742040285904638,-0.772797857826435,0.22742040285904638,-1.2979350185022112,,0.04367715684697808,1.9250057368793927,3.5822680543734706,0.0,
035_210℃_200_2.0mm.csv,2.0,200,1.48462,0.300106856,1.50014,0.300234964,0.01552,1.515577748,1.522535,4.26412137,2.396151787,1.867969583,210,0.015519999999999978,1215342.784,1127.5773195876304,80.0,90206.18556701043,20.530198647814938,3382.731958762891,0.015430000000000055,0.0001757483997082081,-0.0001757483997082081,1134.2724127233755,12.969046958716188,-12.969046958716188,90741.79301787005,1037.5237566972933,-1037.5237566972933,1216066.4316,16655.492555518158,-16655.492555518158,3402.6397553802544,3441.6928058255785,3364.02984173857,20.420710885502906,20.92629717986943,19.92733972403133,1.522508,0.0005124036494796887,-0.0005124036494796887,4.2573921966,0.06490213320517653,-0.06490213320517653,2.3953049426,0.06519233953572541,-0.06519233953572541,1.8620872542,0.006633471885939356,-0.006633471885939356,0.615883306320623,-0.6121134020615682,-0.6121134020615762,0.0,-0.6121134020615815,0.31100693411823804,,0.0,0.0,0.0,0.20126400653026547,
036_210℃_240_2.0mm.csv,2.0,240,1.48606,0.30000999,1.49931,0.30018903,0.01325,1.415346133,1.5128,3.302432826,1.499994535,1.802438292,210,0.013249999999999984,1115157.103,1320.7547169811337,80.0,105660.37735849069,16.08253781197277,3962.2641509434006,0.013327000000000044,0.00028214801080275607,-0.00028214801080275607,1313.598791884784,28.052928652061876,-28.052928652061876,105087.90335078273,2244.234292164953,-2244.234292164953,1128316.0398,33358.31124882336,-33358.31124882336,3940.081661565535,4024.7601887540804,3857.1847195225732,16.358201587124125,17.20785892864574,15.550497030140962,1.513269,0.0004120436870041438,-0.0004120436870041438,3.3761155372000005,0.06391283949373439,-0.06391283949373439,1.5563753982,0.056619060760024334,-0.056619060760024334,1.8197401394,0.018442978675150178,-0.018442978675150178,-0.4133784291630046,0.41509433962367914,0.4150943396236757,-0.1806223780858629,0.4150943396236733,-0.5932541532995944,,-0.0366734837496875,-2.601741200539603,-5.709425768210246,-1.2606450242728198,
037_210℃_240_2.0mm.csv,2.0,240,1.4861,0.300033755,1.499735,0.30001437,0.013635,1.467503984,1.51288,3.316587413,1.489336775,1.827250637,210,0.013635000000000064,1167489.614,1283.4616795012776,80.0,102676.9343601022,17.326498924506204,3850.3850385038327,0.013327000000000044,0.00028214801080275607,-0.00028214801080275607,1313.598791884784,28.052928652061876,-28.052928652061876,105087.90335078273,2244.234292164953,-2244.234292164953,1128316.0398,33358.31124882336,-33358.31124882336,3940.081661565535,4024.7601887540804,3857.1847195225732,16.358201587124125,17.20785892864574,15.550497030140962,1.513269,0.0004120436870041438,-0.0004120436870041438,3.3761155372000005,0.06391283949373439,-0.06391283949373439,1.5563753982,0.056619060760024334,-0.056619060760024334,1.8197401394,0.018442978675150178,-0.018442978675150178,2.4802705749713523,-2.4202420242019804,-2.420242024201984,4.503738832867203,-2.420242024201975,7.095714316883729,,-0.03138721582180012,-2.1842816486082066,-6.379379082689886,0.09859981179683316,
038_210℃_240_2.0mm.csv,2.0,240,1.48611,0.300086172,1.499645,0.300254064,0.013535,1.456549744,1.51369,3.442979638,1.599246052,1.843733587,210,0.013534999999999853,1156295.68,1292.9442186922934,80.0,103435.53749538347,17.034516493931786,3878.83265607688,0.013327000000000044,0.00028214801080275607,-0.00028214801080275607,1313.598791884784,28.052928652061876,-28.052928652061876,105087.90335078273,2244.234292164953,-2244.234292164953,1128316.0398,33358.31124882336,-33358.31124882336,3940.081661565535,4024.7601887540804,3857.1847195225732,16.358201587124125,17.20785892864574,15.550497030140962,1.513269,0.0004120436870041438,-0.0004120436870041438,3.3761155372000005,0.06391283949373439,-0.06391283949373439,1.5563753982,0.056619060760024334,-0.056619060760024334,1.8197401394,0.018442978675150178,-0.018442978675150178,1.7286734310389198,-1.699298115993601,-1.6992981159935978,3.501753083940134,-1.6992981159935954,5.2909603901617235,,0.022136246948004545,1.5433892199315524,0.5295853167909768,1.0015521393859614,
039_210℃_240_2.0mm.csv,2.0,240,1.48602,0.300053097,1.499325,0.300161404,0.013305,1.417336375,1.51362,3.427929078,1.602478333,1.825450746,210,0.013305000000000122,1117174.9710000001,1315.2950018789809,80.0,105223.60015031847,16.178517539216475,3945.8850056369424,0.013327000000000044,0.00028214801080275607,-0.00028214801080275607,1313.598791884784,28.052928652061876,-28.052928652061876,105087.90335078273,2244.234292164953,-2244.234292164953,1128316.0398,33358.31124882336,-33358.31124882336,3940.081661565535,4024.7601887540804,3857.1847195225732,16.358201587124125,17.20785892864574,15.550497030140962,1.513269,0.0004120436870041438,-0.0004120436870041438,3.3761155372000005,0.06391283949373439,-0.06391283949373439,1.5563753982,0.056619060760024334,-0.056619060760024334,1.8197401394,0.018442978675150178,-0.018442978675150178,0.0,0.0,0.0,0.0,0.0,0.0,,0.01751076251110676,1.099504842809381,0.7327684781006338,0.0,
040_210℃_240_2.0mm.csv,2.0,240,1.486155,0.300138542,1.499065,0.300075937,0.01291,1.385538768,1.513355,3.390648731,1.590821296,1.799827435,210,0.012910000000000199,1085462.831,1355.5383423702347,80.0,108443.06738961878,15.252598800773024,4066.6150271107044,0.013327000000000044,0.00028214801080275607,-0.00028214801080275607,1313.598791884784,28.052928652061876,-28.052928652061876,105087.90335078273,2244.234292164953,-2244.234292164953,1128316.0398,33358.31124882336,-33358.31124882336,3940.081661565535,4024.7601887540804,3857.1847195225732,16.358201587124125,17.20785892864574,15.550497030140962,1.513269,0.0004120436870041438,-0.0004120436870041438,3.3761155372000005,0.06391283949373439,-0.06391283949373439,1.5563753982,0.056619060760024334,-0.056619060760024334,1.8197401394,0.018442978675150178,-0.018442978675150178,-2.9688087185262653,3.059643687063636,3.0596436870636468,-2.8386010090804414,3.0596436870636534,-5.723137093364945,,0.0,0.0,0.0,-1.40367035682265,
001_230℃_010_2.0mm.csv,2.0,10,1.11092,0.300030668,1.42988,0.30003064,0.31896,1.253002731,2.81198,7.735220837,6.179286897,1.55593394,230,0.31896000000000013,952972.091,54.86581389515924,80.0,4389.265111612739,330.8407925391675,164.59744168547772,0.31466399999999994,0.007735494812874007,-0.007735494812874007,55.64192728936543,1.3756117932904872,-1.3756117932904872,4451.354183149234,110.04894346323901,-110.04894346323901,933665.7546,26781.409182683656,-26781.409182683656,166.8851267521031,171.05072280960783,162.82097540193013,319.58916612866113,337.1104170155045,302.97857898029724,2.807392,0.006560451203995051,-0.006560451203995051,7.6934749824,0.04443517040584181,-0.04443517040584181,6.145772607,0.04742229017992606,-0.04742229017992606,1.5477023754,0.025701549685441985,-0.025701549685441985,0.7899892561461699,-0.7837973413594758,-0.7837973413594912,1.374989354117651,-0.7837973413595012,2.175840878434517,,0.08542202037315826,0.6078031222452226,0.24124619845404563,0.0,
002_230℃_010_2.0mm.csv,2.0,10,1.11132,0.300011505,1.41554,0.300027857,0.30422,1.198395009,2.80338,7.652956015,6.134165317,1.518790698,230,0.30421999999999993,898367.152,57.52416014726186,80.0,4601.932811780949,297.4707537212951,172.5724804417856,0.31466399999999994,0.007735494812874007,-0.007735494812874007,55.64192728936543,1.3756117932904872,-1.3756117932904872,4451.354183149234,110.04894346323901,-110.04894346323901,933665.7546,26781.409182683656,-26781.409182683656,166.8851267521031,171.05072280960783,162.82097540193013,319.58916612866113,337.1104170155045,302.97857898029724,2.807392,0.006560451203995051,-0.006560451203995051,7.6934749824,0.04443517040584181,-0.04443517040584181,6.145772607,0.04742229017992606,-0.04742229017992606,1.5477023754,0.025701549685441985,-0.025701549685441985,-3.8677873980913957,4.023404115442777,4.023404115442777,-4.433759046896378,4.0234041154427596,-8.130058071310192,,-0.2206735526306338,-0.46217059797146676,-0.4907223094071357,-2.387199163481193,
003_230℃_010_2.0mm.csv,2.0,10,1.10938,0.300028095,1.43326,0.300034114,0.32388,1.262623489,2.79806,7.648017375,6.068192109,1.579825265,230,0.32387999999999995,962589.3750000001,54.03235766333211,80.0,4322.5886130665685,339.3343638367347,162.09707298999632,0.31466399999999994,0.007735494812874007,-0.007735494812874007,55.64192728936543,1.3756117932904872,-1.3756117932904872,4451.354183149234,110.04894346323901,-110.04894346323901,933665.7546,26781.409182683656,-26781.409182683656,166.8851267521031,171.05072280960783,162.82097540193013,319.58916612866113,337.1104170155045,302.97857898029724,2.807392,0.006560451203995051,-0.006560451203995051,7.6934749824,0.04443517040584181,-0.04443517040584181,6.145772607,0.04742229017992606,-0.04742229017992606,1.5477023754,0.025701549685441985,-0.025701549685441985,2.344688112241668,-2.290971964925277,-2.2909719649252844,2.398054008710496,-2.2909719649252978,4.798969008219551,,-0.4100256977911281,-0.5264047977805991,-1.5609488089795205,1.5354973875047617,
004_230℃_010_2.0mm.csv,2.0,10,1.1089,0.300013417,1.42536,0.300015923,0.31646,1.240062474,2.81396,7.74269073,6.182803233,1.559887498,230,0.31645999999999996,940046.5509999999,55.299247930228155,80.0,4423.939834418253,323.7955173109768,165.8977437906845,0.31466399999999994,0.007735494812874007,-0.007735494812874007,55.64192728936543,1.3756117932904872,-1.3756117932904872,4451.354183149234,110.04894346323901,-110.04894346323901,933665.7546,26781.409182683656,-26781.409182683656,166.8851267521031,171.05072280960783,162.82097540193013,319.58916612866113,337.1104170155045,302.97857898029724,2.807392,0.006560451203995051,-0.006560451203995051,7.6934749824,0.04443517040584181,-0.04443517040584181,6.145772607,0.04742229017992606,-0.04742229017992606,1.5477023754,0.025701549685441985,-0.025701549685441985,0.0,0.0,0.0,0.0,0.0,0.0,,0.15589518718099604,0.7049599507475716,0.29828868710489337,0.25409549199754955,
005_230℃_010_2.0mm.csv,2.0,10,1.10908,0.300024893,1.41888,0.300020793,0.3098,1.214374397,2.80958,7.688489955,6.164415479,1.524074476,230,0.30979999999999985,914353.6039999999,56.488056810845734,80.0,4519.044544867658,308.31754723178216,169.46417043253717,0.31466399999999994,0.007735494812874007,-0.007735494812874007,55.64192728936543,1.3756117932904872,-1.3756117932904872,4451.354183149234,110.04894346323901,-110.04894346323901,933665.7546,26781.409182683656,-26781.409182683656,166.8851267521031,171.05072280960783,162.82097540193013,319.58916612866113,337.1104170155045,302.97857898029724,2.807392,0.006560451203995051,-0.006560451203995051,7.6934749824,0.04443517040584181,-0.04443517040584181,6.145772607,0.04742229017992606,-0.04742229017992606,1.5477023754,0.025701549685441985,-0.025701549685441985,-2.104531378373289,2.149774047772794,2.149774047772776,-2.733156881717013,2.149774047772755,-4.7801681158943925,,0.0,0.0,0.0,-2.0476103246388506,
006_230℃_020_2.0mm.csv,2.0,20,1.301285,0.30000943,1.457605,0.300018395,0.15632,1.210536878,2.076495,6.565425519,5.104436335,1.460989183,230,0.15632000000000001,910518.4830000001,111.94984646878197,80.0,8955.987717502558,154.9194549796572,335.8495394063459,0.155746,0.00292164850726429,-0.00292164850726429,112.39398932212362,2.102714663811361,-2.102714663811361,8991.519145769891,168.21717310490902,-168.21717310490902,906971.4278000001,18606.966012653673,-18606.966012653673,337.13467771046186,343.5102504985165,330.8774359716752,153.70184433392478,159.84930377932014,147.79080291938274,2.0789429999999998,0.002352909369270363,-0.002352909369270363,6.587155577599999,0.022069760218812,-0.022069760218812,5.1321809782,0.02538704062897439,-0.02538704062897439,1.4549745994,0.010067888443354355,-0.010067888443354355,0.0,0.0,0.0,0.0,0.0,0.0,,-0.084926813776921,-0.14039141091939078,-0.5624288393380232,0.1958567120910246,
007_230℃_020_2.0mm.csv,2.0,20,1.301425,0.300014885,1.454615,0.30000466,0.15319,1.189667891,2.07826,6.573903734,5.133307537,1.440596198,230,0.15318999999999994,889663.2310000001,114.23722175076706,80.0,9138.977740061366,148.34014732722719,342.7116652523012,0.155746,0.00292164850726429,-0.00292164850726429,112.39398932212362,2.102714663811361,-2.102714663811361,8991.519145769891,168.21717310490902,-168.21717310490902,906971.4278000001,18606.966012653673,-18606.966012653673,337.13467771046186,343.5102504985165,330.8774359716752,153.70184433392478,159.84930377932014,147.79080291938274,2.0789429999999998,0.002352909369270363,-0.002352909369270363,6.587155577599999,0.022069760218812,-0.022069760218812,5.1321809782,0.02538704062897439,-0.02538704062897439,1.4549745994,0.010067888443354355,-0.010067888443354355,-2.002302968270264,2.043214309028055,2.0432143090280626,-2.2904809061410316,2.043214309028059,-4.2469215072399695,,0.0,-0.011438423944823996,0.0,-1.2027112080328708,
008_230℃_020_2.0mm.csv,2.0,20,1.30182,0.300010681,1.45439,0.300005226,0.15257,1.187090172,2.078115,6.607981903,5.158741781,1.449240122,230,0.1525700000000001,887084.946,114.70144851543547,80.0,9176.115881234839,147.31161927751845,344.1043455463065,0.155746,0.00292164850726429,-0.00292164850726429,112.39398932212362,2.102714663811361,-2.102714663811361,8991.519145769891,168.21717310490902,-168.21717310490902,906971.4278000001,18606.966012653673,-18606.966012653673,337.13467771046186,343.5102504985165,330.8774359716752,153.70184433392478,159.84930377932014,147.79080291938274,2.0789429999999998,0.002352909369270363,-0.002352909369270363,6.587155577599999,0.022069760218812,-0.022069760218812,5.1321809782,0.02538704062897439,-0.02538704062897439,1.4549745994,0.010067888443354355,-0.010067888443354355,-2.3989252814738484,2.4578881824735745,2.457888182473582,-2.5736475906332728,2.457888182473596,-4.910832989399391,,-0.006976990366955231,0.5068878609127718,0.495474775603718,-0.6099036906248468,
009_230℃_020_2.0mm.csv,2.0,20,1.301845,0.300004757,1.458775,0.300022744,0.15693,1.216362515,2.082815,6.613810961,5.15567763,1.458133331,230,0.15693000000000001,916339.7709999998,111.51468807748677,80.0,8921.175046198941,156.51831321146122,334.5440642324603,0.155746,0.00292164850726429,-0.00292164850726429,112.39398932212362,2.102714663811361,-2.102714663811361,8991.519145769891,168.21717310490902,-168.21717310490902,906971.4278000001,18606.966012653673,-18606.966012653673,337.13467771046186,343.5102504985165,330.8774359716752,153.70184433392478,159.84930377932014,147.79080291938274,2.0789429999999998,0.002352909369270363,-0.002352909369270363,6.587155577599999,0.022069760218812,-0.022069760218812,5.1321809782,0.02538704062897439,-0.02538704062897439,1.4549745994,0.010067888443354355,-0.010067888443354355,0.39022517911975396,-0.38870834129866433,-0.38870834129866433,0.6393377079858475,-0.38870834129866433,1.0320577438217684,,0.21917373187184783,0.5955473771373615,0.43578322239140094,0.0,
010_230℃_020_2.0mm.csv,2.0,20,1.30109,0.300018856,1.46081,0.300008738,0.15972,1.231259446,2.07903,6.574655771,5.108741608,1.465914163,230,0.15971999999999986,931250.7079999999,109.56674179814685,80.0,8765.339343851749,161.89318430667737,328.70022539444057,0.155746,0.00292164850726429,-0.00292164850726429,112.39398932212362,2.102714663811361,-2.102714663811361,8991.519145769891,168.21717310490902,-168.21717310490902,906971.4278000001,18606.966012653673,-18606.966012653673,337.13467771046186,343.5102504985165,330.8774359716752,153.70184433392478,159.84930377932014,147.79080291938274,2.0789429999999998,0.002352909369270363,-0.002352909369270363,6.587155577599999,0.022069760218812,-0.022069760218812,5.1321809782,0.02538704062897439,-0.02538704062897439,1.4549745994,0.010067888443354355,-0.010067888443354355,2.175025588536238,-2.1287252692210403,-2.128725269221033,2.2769691540682038,-2.1287252692210363,4.501519404348483,,0.03705022470719329,0.0,-0.4785594633271712,0.5336159481838308,
011_230℃_040_2.0mm.csv,2.0,40,1.413205,0.30000242,1.488635,0.300008129,0.07543,1.333149888,1.779765,6.418605099,4.95676637,1.461838729,230,0.07542999999999989,1033141.7589999998,232.0031817579216,80.0,18560.254540633727,84.82164123142299,696.0095452737647,0.075277,0.0008027188175195968,-0.0008027188175195968,232.49587986020907,2.47968569087718,-2.47968569087718,18599.670388816725,198.3748552701752,-198.3748552701752,1031447.3883999999,10466.549477940474,-10466.549477940474,697.4559071284042,704.9338482030739,690.057292082494,84.50343720601118,86.27902836548695,82.76438706960134,1.773298,0.005675414742554066,-0.005675414742554066,6.3835726988,0.08797361370741548,-0.08797361370741548,4.9059564738,0.0926625948641594,-0.0926625948641594,1.4776162248,0.011413064582281763,-0.011413064582281763,0.0,0.0,0.0,0.0,0.0,0.0,,0.24755403099073148,0.0,0.0,-0.881642097318924,
012_230℃_040_2.0mm.csv,2.0,40,1.413105,0.300009378,1.4894,0.300009585,0.076295,1.344583299,1.765215,6.244087353,4.755343811,1.488743542,230,0.076295,1044573.714,229.37282915000984,80.0,18349.826332000786,86.74367511252245,688.1184874500295,0.075277,0.0008027188175195968,-0.0008027188175195968,232.49587986020907,2.47968569087718,-2.47968569087718,18599.670388816725,198.3748552701752,-198.3748552701752,1031447.3883999999,10466.549477940474,-10466.549477940474,697.4559071284042,704.9338482030739,690.057292082494,84.50343720601118,86.27902836548695,82.76438706960134,1.773298,0.005675414742554066,-0.005675414742554066,6.3835726988,0.08797361370741548,-0.08797361370741548,4.9059564738,0.0926625948641594,-0.0926625948641594,1.4776162248,0.011413064582281763,-0.011413064582281763,1.14675858411788,-1.1337571269416216,-1.1337571269416191,1.1065233691710832,-1.1337571269416096,2.265971105010204,,-0.5719934436201983,-2.718935708121204,-4.0635879112454525,0.9426089854684097,
013_230℃_040_2.0mm.csv,2.0,40,1.41337,0.300062069,1.488015,0.30001375,0.074645,1.324807959,1.77537,6.446204504,4.972393253,1.47381125,230,0.07464500000000007,1024794.2089999999,234.44303034362628,80.0,18755.442427490103,83.2606952172028,703.3290910308789,0.075277,0.0008027188175195968,-0.0008027188175195968,232.49587986020907,2.47968569087718,-2.47968569087718,18599.670388816725,198.3748552701752,-198.3748552701752,1031447.3883999999,10466.549477940474,-10466.549477940474,697.4559071284042,704.9338482030739,690.057292082494,84.50343720601118,86.27902836548695,82.76438706960134,1.773298,0.005675414742554066,-0.005675414742554066,6.3835726988,0.08797361370741548,-0.08797361370741548,4.9059564738,0.0926625948641594,-0.0926625948641594,1.4776162248,0.011413064582281763,-0.011413064582281763,-1.0406999867424298,1.0516444503983073,1.0516444503983173,-0.8079772138994462,1.0516444503983238,-1.8402685818839415,,0.0,0.4299907000712669,0.3152636584725594,-0.06985855517186297,
014_230℃_040_2.0mm.csv,2.0,40,1.413315,0.300044622,1.487625,0.30001959,0.07431,1.317755023,1.77013,6.352153788,4.877312235,1.474841553,230,0.07430999999999988,1017735.433,235.49993271430534,80.0,18839.994617144428,82.31610342991006,706.499798142916,0.075277,0.0008027188175195968,-0.0008027188175195968,232.49587986020907,2.47968569087718,-2.47968569087718,18599.670388816725,198.3748552701752,-198.3748552701752,1031447.3883999999,10466.549477940474,-10466.549477940474,697.4559071284042,704.9338482030739,690.057292082494,84.50343720601118,86.27902836548695,82.76438706960134,1.773298,0.005675414742554066,-0.005675414742554066,6.3835726988,0.08797361370741548,-0.08797361370741548,4.9059564738,0.0926625948641594,-0.0926625948641594,1.4776162248,0.011413064582281763,-0.011413064582281763,-1.4848203632507113,1.507199569371576,1.5071995693715836,-1.4912112365791892,1.5071995693715805,-2.9538897917300955,,-0.29514974343375816,-1.0352920918963018,-1.602942908120171,0.0,
015_230℃_040_2.0mm.csv,2.0,40,1.41325,0.300024174,1.488955,0.300059732,0.075705,1.337051559,1.77601,6.45681275,4.9679667,1.48884605,230,0.07570500000000013,1036991.827,231.1604253351822,80.0,18492.834026814577,85.44812654480015,693.4812760055466,0.075277,0.0008027188175195968,-0.0008027188175195968,232.49587986020907,2.47968569087718,-2.47968569087718,18599.670388816725,198.3748552701752,-198.3748552701752,1031447.3883999999,10466.549477940474,-10466.549477940474,697.4559071284042,704.9338482030739,690.057292082494,84.50343720601118,86.27902836548695,82.76438706960134,1.773298,0.005675414742554066,-0.005675414742554066,6.3835726988,0.08797361370741548,-0.08797361370741548,4.9059564738,0.0926625948641594,-0.0926625948641594,1.4776162248,0.011413064582281763,-0.011413064582281763,0.3645764284770618,-0.36325209695561567,-0.36325209695560595,0.3726563142435329,-0.3632520969555994,0.7385913598015503,,0.036048823625508826,0.5952640863659473,0.22596041781972115,0.9495594270118825,
016_230℃_080_2.0mm.csv,2.0,80,1.463885,0.300075847,1.50123,0.300013397,0.037345,1.543126428,1.62434,6.342022122,4.785111066,1.556911055,230,0.03734499999999996,1243113.031,468.60356138706703,80.0,37488.28491096536,50.52958491721899,1405.8106841612012,0.03709999999999991,0.00024271897330043545,-0.00024271897330043545,471.7142379966157,3.080884496043677,-3.080884496043677,37737.139039729256,246.47075968349327,-246.47075968349327,1235701.9248,6532.672290110835,-6532.672290110835,1415.1185402144415,1424.399232711929,1405.8983161946496,49.897409896995576,50.48848083649015,49.31325865184964,1.625569,0.0012690616612285248,-0.0012690616612285248,6.395522333000001,0.054008818384772096,-0.054008818384772096,4.841287938,0.0559032807747952,-0.0559032807747952,1.5542343944,0.0023543610066352736,-0.0023543610066352736,0.9324324324325417,-0.9238184495917552,-0.9238184495917601,0.7931388222848895,-0.9238184495917472,1.73296673833063,,-0.12021189267630726,-1.248381360616642,-1.7379950843155048,0.14379747038538848,
017_230℃_080_2.0mm.csv,2.0,80,1.46395,0.300051084,1.50095,0.300024376,0.037,1.53335538,1.626295,6.422195615,4.86974703,1.552448585,230,0.03699999999999992,1233331.004,472.972972972974,80.0,37837.83783783792,49.66884043319717,1418.918918918922,0.03709999999999991,0.00024271897330043545,-0.00024271897330043545,471.7142379966157,3.080884496043677,-3.080884496043677,37737.139039729256,246.47075968349327,-246.47075968349327,1235701.9248,6532.672290110835,-6532.672290110835,1415.1185402144415,1424.399232711929,1405.8983161946496,49.897409896995576,50.48848083649015,49.31325865184964,1.625569,0.0012690616612285248,-0.0012690616612285248,6.395522333000001,0.054008818384772096,-0.054008818384772096,4.841287938,0.0559032807747952,-0.0559032807747952,1.5542343944,0.0023543610066352736,-0.0023543610066352736,0.0,0.0,0.0,0.0,0.0,0.0,,0.0,0.0,0.0,-0.14323799670985307,
018_230℃_080_2.0mm.csv,2.0,80,1.463835,0.300080281,1.50121,0.300120904,0.037375,1.542354345,1.624045,6.332121882,4.776236463,1.555885419,230,0.037374999999999936,1242233.4409999999,468.2274247491647,80.0,37458.193979933174,50.53439440258494,1404.682274247494,0.03709999999999991,0.00024271897330043545,-0.00024271897330043545,471.7142379966157,3.080884496043677,-3.080884496043677,37737.139039729256,246.47075968349327,-246.47075968349327,1235701.9248,6532.672290110835,-6532.672290110835,1415.1185402144415,1424.399232711929,1405.8983161946496,49.897409896995576,50.48848083649015,49.31325865184964,1.625569,0.0012690616612285248,-0.0012690616612285248,6.395522333000001,0.054008818384772096,-0.054008818384772096,4.841287938,0.0559032807747952,-0.0559032807747952,1.5542343944,0.0023543610066352736,-0.0023543610066352736,1.013513513513554,-1.0033444816053914,-1.0033444816053985,0.7218205794816716,-1.0033444816053954,1.7426498421115912,,-0.13835128313129447,-1.4025379854456466,-1.9202345917340196,0.07782640316707434,
019_230℃_080_2.0mm.csv,2.0,80,1.46392,0.300094662,1.50084,0.300094086,0.03692,1.529488324,1.6267,6.439227821,4.887976378,1.551251442,230,0.03691999999999984,1229394.238,473.99783315276477,80.0,37919.82665222118,49.40324927016033,1421.993499458294,0.03709999999999991,0.00024271897330043545,-0.00024271897330043545,471.7142379966157,3.080884496043677,-3.080884496043677,37737.139039729256,246.47075968349327,-246.47075968349327,1235701.9248,6532.672290110835,-6532.672290110835,1415.1185402144415,1424.399232711929,1405.8983161946496,49.897409896995576,50.48848083649015,49.31325865184964,1.625569,0.0012690616612285248,-0.0012690616612285248,6.395522333000001,0.054008818384772096,-0.054008818384772096,4.841287938,0.0559032807747952,-0.0559032807747952,1.5542343944,0.0023543610066352736,-0.0023543610066352736,-0.21621621621643294,0.21668472372719264,0.2166847237271806,-0.3191978460958289,0.21668472372718064,-0.5347239048071771,,0.024903230963631364,0.26520845861840897,0.37433870563909355,-0.2202407553132244,
020_230℃_080_2.0mm.csv,2.0,80,1.46401,0.300122993,1.50087,0.300025955,0.03686,1.530463865,1.626465,6.442044225,4.887368753,1.554675471,230,0.03685999999999989,1230437.91,474.76939772110825,80.0,37981.55181768866,49.36483413616312,1424.3081931633249,0.03709999999999991,0.00024271897330043545,-0.00024271897330043545,471.7142379966157,3.080884496043677,-3.080884496043677,37737.139039729256,246.47075968349327,-246.47075968349327,1235701.9248,6532.672290110835,-6532.672290110835,1415.1185402144415,1424.399232711929,1405.8983161946496,49.897409896995576,50.48848083649015,49.31325865184964,1.625569,0.0012690616612285248,-0.0012690616612285248,6.395522333000001,0.054008818384772096,-0.054008818384772096,4.841287938,0.0559032807747952,-0.0559032807747952,1.5542343944,0.0023543610066352736,-0.0023543610066352736,-0.3783783783784575,0.37981551817695636,0.37981551817695874,-0.23457563222014333,0.37981551817696835,-0.6120664271253277,,0.010453208058808732,0.3090626818286409,0.3618611581143987,0.0,
021_230℃_120_2.0mm.csv,2.0,120,1.476575,0.300131215,1.50188,0.300062631,0.025305,1.611416485,1.56002,5.248153255,3.647007676,1.601145579,230,0.025305000000000133,1311353.8539999998,691.562932226829,80.0,55325.034578146326,36.11843186445733,2074.688796680487,0.02529900000000005,0.00048124058432350226,-0.00048124058432350226,691.9272420984416,13.164579333454403,-13.164579333454403,55354.17936787533,1053.1663466763487,-1053.1663466763487,1303209.071,25278.498731295724,-25278.498731295724,2075.4812397771097,2115.342650002598,2036.370975955804,35.874980437337776,37.275970820444435,34.52664526374966,1.5607060000000001,0.002850494255387931,-0.002850494255387931,5.2910001758,0.18547809916138921,-0.18547809916138921,3.6923176084,0.16187587502757006,-0.16187587502757006,1.5986825674,0.025358697978506255,-0.025358697978506255,0.0,0.0,0.0,0.40268290401220197,0.0,0.0,,-0.04901379754419261,-0.9949916521058237,-1.6476502713313943,0.0,
022_230℃_120_2.0mm.csv,2.0,120,1.47649,0.300123952,1.501125,0.300000988,0.024635,1.566530533,1.5563,5.001945791,3.441107586,1.560838205,230,0.024634999999999962,1266529.545,710.3714227724793,80.0,56829.713821798345,33.96022350048974,2131.114268317438,0.02529900000000005,0.00048124058432350226,-0.00048124058432350226,691.9272420984416,13.164579333454403,-13.164579333454403,55354.17936787533,1053.1663466763487,-1053.1663466763487,1303209.071,25278.498731295724,-25278.498731295724,2075.4812397771097,2115.342650002598,2036.370975955804,35.874980437337776,37.275970820444435,34.52664526374966,1.5607060000000001,0.002850494255387931,-0.002850494255387931,5.2910001758,0.18547809916138921,-0.18547809916138921,3.6923176084,0.16187587502757006,-0.16187587502757006,1.5986825674,0.025358697978506255,-0.025358697978506255,-2.6476980833833905,2.7197077329010355,2.7197077329010386,-3.0292518626342764,2.719707732901052,-5.975365630675105,,-0.2873554012884588,-5.639629650321805,-7.200355244811221,-2.5174084435953685,
023_230℃_120_2.0mm.csv,2.0,120,1.476375,0.30014224,1.5018,0.300044944,0.025425,1.606139379,1.56306,5.440197151,3.832006135,1.608191016,230,0.02542500000000003,1306094.435,688.2989183874131,80.0,55063.91347099305,36.144164364489846,2064.8967551622395,0.02529900000000005,0.00048124058432350226,-0.00048124058432350226,691.9272420984416,13.164579333454403,-13.164579333454403,55354.17936787533,1053.1663466763487,-1053.1663466763487,1303209.071,25278.498731295724,-25278.498731295724,2075.4812397771097,2115.342650002598,2036.370975955804,35.874980437337776,37.275970820444435,34.52664526374966,1.5607060000000001,0.002850494255387931,-0.002850494255387931,5.2910001758,0.18547809916138921,-0.18547809916138921,3.6923176084,0.16187587502757006,-0.16187587502757006,1.5986825674,0.025358697978506255,-0.025358697978506255,0.47421458209799383,-0.47197640117954914,-0.4719764011795458,0.0,-0.4719764011795327,0.07124478750651533,,0.14575998616079758,2.6278651134674353,3.341380395801416,0.4400247605467693,
024_230℃_120_2.0mm.csv,2.0,120,1.47647,0.300020872,1.50163,0.300166225,0.02516,1.596112499,1.560785,5.300896735,3.708104266,1.592792469,230,0.02516000000000007,1295946.2739999997,695.5484896661347,80.0,55643.87917329078,35.48953279329534,2086.6454689984043,0.02529900000000005,0.00048124058432350226,-0.00048124058432350226,691.9272420984416,13.164579333454403,-13.164579333454403,55354.17936787533,1053.1663466763487,-1053.1663466763487,1303209.071,25278.498731295724,-25278.498731295724,2075.4812397771097,2115.342650002598,2036.370975955804,35.874980437337776,37.275970820444435,34.52664526374966,1.5607060000000001,0.002850494255387931,-0.002850494255387931,5.2910001758,0.18547809916138921,-0.18547809916138921,3.6923176084,0.16187587502757006,-0.16187587502757006,1.5986825674,0.025358697978506255,-0.025358697978506255,-0.5730092867024738,0.5763116057236064,0.5763116057235997,-0.7769852414998087,0.5763116057236174,-1.7412136648735925,,0.0,0.0,0.0,-0.5216958476203651,
025_230℃_120_2.0mm.csv,2.0,120,1.476335,0.300137504,1.502305,0.300039682,0.02597,1.636160929,1.563365,5.463807947,3.833362379,1.630445568,230,0.02597000000000005,1336121.2470000002,673.8544474393518,80.0,53908.35579514815,37.76769391520008,2021.5633423180557,0.02529900000000005,0.00048124058432350226,-0.00048124058432350226,691.9272420984416,13.164579333454403,-13.164579333454403,55354.17936787533,1053.1663466763487,-1053.1663466763487,1303209.071,25278.498731295724,-25278.498731295724,2075.4812397771097,2115.342650002598,2036.370975955804,35.874980437337776,37.275970820444435,34.52664526374966,1.5607060000000001,0.002850494255387931,-0.002850494255387931,5.2910001758,0.18547809916138921,-0.18547809916138921,3.6923176084,0.16187587502757006,-0.16187587502757006,1.5986825674,0.025358697978506255,-0.025358697978506255,2.6279391424616168,-2.560646900269221,-2.5606469002692176,2.2989771026778896,-2.5606469002692047,4.566261505848265,,0.16530143485488422,3.07327646894823,3.3779555269927277,1.8299391001222682,
026_230℃_160_2.0mm.csv,2.0,160,1.481385,0.300117299,1.500315,0.300120988,0.01893,1.526220058,1.536145,4.65196339,3.018635838,1.633327552,230,0.018930000000000113,1226099.07,924.4585314315846,80.0,73956.68251452676,25.262645328000154,2773.3755942947537,0.018880000000000053,0.000515594317268933,-0.000515594317268933,927.4645396228494,25.534127868691805,-25.534127868691805,74197.16316982797,2042.7302294953417,-2042.7302294953417,1224278.2596,39639.88015354227,-39639.88015354227,2781.5545942624804,2858.887806827059,2706.3132531422016,25.14031789617149,26.69263747503366,23.678274000151546,1.5369199999999998,0.001424956139675868,-0.001424956139675868,4.719817338,0.12631710630316972,-0.12631710630316972,3.0833746456,0.13829839604711427,-0.13829839604711427,1.6364426924,0.01755720633272309,-0.01755720633272309,0.0,0.0,0.0,0.0,0.0,0.0,,-0.07350669203622341,-2.0482813909986577,-2.37506575536604,0.0,
027_230℃_160_2.0mm.csv,2.0,160,1.48143,0.300163458,1.50076,0.300077936,0.01933,1.562832512,1.53503,4.553827448,2.903578052,1.650249396,230,0.01933000000000007,1262754.576,905.3285049146372,80.0,72426.28039317098,26.567669065665395,2715.9855147439116,0.018880000000000053,0.000515594317268933,-0.000515594317268933,927.4645396228494,25.534127868691805,-25.534127868691805,74197.16316982797,2042.7302294953417,-2042.7302294953417,1224278.2596,39639.88015354227,-39639.88015354227,2781.5545942624804,2858.887806827059,2706.3132531422016,25.14031789617149,26.69263747503366,23.678274000151546,1.5369199999999998,0.001424956139675868,-0.001424956139675868,4.719817338,0.12631710630316972,-0.12631710630316972,3.0833746456,0.13829839604711427,-0.13829839604711427,1.6364426924,0.01755720633272309,-0.01755720633272309,2.113048071843389,-2.069322296947522,-2.0693222969475147,2.989603931434335,-2.0693222969475182,5.165823771506631,,-0.14603763152331578,-4.114631310449177,-6.096120362610507,1.0360349324469165,
028_230℃_160_2.0mm.csv,2.0,160,1.481505,0.300147679,1.500075,0.3001692,0.01857,1.50652684,1.537315,4.751643661,3.123500964,1.628142696,230,0.018569999999999975,1206357.64,942.3801830910082,80.0,75390.41464728066,24.383196054204046,2827.140549273025,0.018880000000000053,0.000515594317268933,-0.000515594317268933,927.4645396228494,25.534127868691805,-25.534127868691805,74197.16316982797,2042.7302294953417,-2042.7302294953417,1224278.2596,39639.88015354227,-39639.88015354227,2781.5545942624804,2858.887806827059,2706.3132531422016,25.14031789617149,26.69263747503366,23.678274000151546,1.5369199999999998,0.001424956139675868,-0.001424956139675868,4.719817338,0.12631710630316972,-0.12631710630316972,3.0833746456,0.13829839604711427,-0.13829839604711427,1.6364426924,0.01755720633272309,-0.01755720633272309,-1.9017432646599886,1.9386106623593837,1.9386106623593864,-1.6101007237531113,1.9386106623593962,-3.4812240063448954,,0.0026020067977453615,0.050585912396230136,1.0163506259779673,-0.31744128687788453,
029_230℃_160_2.0mm.csv,2.0,160,1.48132,0.300171977,1.500715,0.300055046,0.019395,1.559134374,1.537275,4.749241214,3.092074644,1.65716657,230,0.01939500000000005,1259079.3280000002,902.2944057746818,80.0,72183.55246197454,26.57942156904497,2706.8832173240453,0.018880000000000053,0.000515594317268933,-0.000515594317268933,927.4645396228494,25.534127868691805,-25.534127868691805,74197.16316982797,2042.7302294953417,-2042.7302294953417,1224278.2596,39639.88015354227,-39639.88015354227,2781.5545942624804,2858.887806827059,2706.3132531422016,25.14031789617149,26.69263747503366,23.678274000151546,1.5369199999999998,0.001424956139675868,-0.001424956139675868,4.719817338,0.12631710630316972,-0.12631710630316972,3.0833746456,0.13829839604711427,-0.13829839604711427,1.6364426924,0.01755720633272309,-0.01755720633272309,2.456418383517881,-2.3975251353438427,-2.3975251353438427,2.689852623409962,-2.3975251353438427,5.2123450412588115,,0.0,0.0,0.0,1.459536880450548,
030_230℃_160_2.0mm.csv,2.0,160,1.48142,0.300166228,1.499595,0.300065723,0.018175,1.467166407,1.538835,4.892410977,3.27908373,1.613327248,230,0.018175000000000052,1167100.684,962.8610729023356,80.0,77028.88583218685,23.087950946068094,2888.583218707007,0.018880000000000053,0.000515594317268933,-0.000515594317268933,927.4645396228494,25.534127868691805,-25.534127868691805,74197.16316982797,2042.7302294953417,-2042.7302294953417,1224278.2596,39639.88015354227,-39639.88015354227,2781.5545942624804,2858.887806827059,2706.3132531422016,25.14031789617149,26.69263747503366,23.678274000151546,1.5369199999999998,0.001424956139675868,-0.001424956139675868,4.719817338,0.12631710630316972,-0.12631710630316972,3.0833746456,0.13829839604711427,-0.13829839604711427,1.6364426924,0.01755720633272309,-0.01755720633272309,-3.988378235605159,4.154057771664699,4.154057771664692,-4.811877558964315,4.154057771664696,-8.608339917283766,,0.101478265111968,3.0145818363143575,6.0480133092155635,-1.2245127424385638,
031_230℃_200_2.0mm.csv,2.0,200,1.48394,0.300060928,1.49907,0.300139958,0.01513,1.40687815,1.52147,3.872502989,2.212016328,1.660486661,230,0.015129999999999866,1106738.192,1156.6424322538107,80.0,92531.39458030486,18.22579466118079,3469.927296761432,0.015770000000000017,0.0004615598552734384,-0.0004615598552734384,1110.4641506351331,32.565968280146095,-32.565968280146095,88837.13205081064,2605.2774624116823,-2605.2774624116823,1164055.3674,43977.42650245996,-43977.42650245996,3330.2482207481057,3429.256196922102,3234.098759302425,19.96234913167588,21.344880099329885,18.669366189947883,1.522166,0.0005957075624833396,-0.0005957075624833396,3.9525671828,0.06967867657927872,-0.06967867657927872,2.2581168788,0.05065607555073413,-0.05065607555073413,1.6944503042,0.023953996999059184,-0.023953996999059184,-4.512464499843725,4.725710508924323,4.725710508924328,-5.433217041366454,4.7257105089243305,-9.700509551019074,,-0.03318057129716176,-1.464202450365148,-1.4174620352891851,-1.9715518839503572,
032_230℃_200_2.0mm.csv,2.0,200,1.48386,0.300136634,1.499705,0.300157865,0.015845,1.470482325,1.52183,3.911396209,2.217513777,1.693882432,230,0.01584500000000011,1170324.46,1104.4493531082285,80.0,88355.94824865827,20.183718170013744,3313.348059324685,0.015770000000000017,0.0004615598552734384,-0.0004615598552734384,1110.4641506351331,32.565968280146095,-32.565968280146095,88837.13205081064,2605.2774624116823,-2605.2774624116823,1164055.3674,43977.42650245996,-43977.42650245996,3330.2482207481057,3429.256196922102,3234.098759302425,19.96234913167588,21.344880099329885,18.669366189947883,1.522166,0.0005957075624833396,-0.0005957075624833396,3.9525671828,0.06967867657927872,-0.06967867657927872,2.2581168788,0.05065607555073413,-0.05065607555073413,1.6944503042,0.023953996999059184,-0.023953996999059184,0.0,0.0,0.0,0.0,0.0,0.0,,-0.009527094728892507,-0.4745648793007985,-1.1724582042181884,0.0,
033_230℃_200_2.0mm.csv,2.0,200,1.48383,0.300012829,1.49944,0.300218256,0.01561,1.443976062,1.521975,3.930046831,2.243821648,1.686225184,230,0.015610000000000124,1143757.806,1121.0762331838475,80.0,89686.0986547078,19.432989770514443,3363.2286995515433,0.015770000000000017,0.0004615598552734384,-0.0004615598552734384,1110.4641506351331,32.565968280146095,-32.565968280146095,88837.13205081064,2605.2774624116823,-2605.2774624116823,1164055.3674,43977.42650245996,-43977.42650245996,3330.2482207481057,3429.256196922102,3234.098759302425,19.96234913167588,21.344880099329885,18.669366189947883,1.522166,0.0005957075624833396,-0.0005957075624833396,3.9525671828,0.06967867657927872,-0.06967867657927872,2.2581168788,0.05065607555073413,-0.05065607555073413,1.6944503042,0.023953996999059184,-0.023953996999059184,-1.483117702745242,1.5054452274182042,1.5054452274182168,-2.270024673328614,1.5054452274182388,-3.7194752382870324,,0.0,0.0,0.0,-0.4520530973899442,
034_230℃_200_2.0mm.csv,2.0,200,1.483855,0.300201633,1.50026,0.300136472,0.016405,1.52683135,1.52264,4.009031365,2.284269468,1.724761897,230,0.016405000000000003,1226694.878,1066.747942700396,80.0,85339.83541603168,21.903596705948306,3200.2438281011882,0.015770000000000017,0.0004615598552734384,-0.0004615598552734384,1110.4641506351331,32.565968280146095,-32.565968280146095,88837.13205081064,2605.2774624116823,-2605.2774624116823,1164055.3674,43977.42650245996,-43977.42650245996,3330.2482207481057,3429.256196922102,3234.098759302425,19.96234913167588,21.344880099329885,18.669366189947883,1.522166,0.0005957075624833396,-0.0005957075624833396,3.9525671828,0.06967867657927872,-0.06967867657927872,2.2581168788,0.05065607555073413,-0.05065607555073413,1.6944503042,0.023953996999059184,-0.023953996999059184,3.5342379299456614,-3.413593416640634,-3.413593416640617,4.816648709538214,-3.413593416640607,8.521118465128623,,0.043693227549724246,2.0097606312722434,1.802630794477487,1.822999307191583,
035_230℃_200_2.0mm.csv,2.0,200,1.48387,0.300075411,1.49973,0.300166629,0.01586,1.47292813,1.522915,4.03985852,2.332963173,1.706895347,230,0.015859999999999985,1172761.501,1103.404791929383,80.0,88272.38335435063,20.244895135629914,3310.2143757881486,0.015770000000000017,0.0004615598552734384,-0.0004615598552734384,1110.4641506351331,32.565968280146095,-32.565968280146095,88837.13205081064,2605.2774624116823,-2605.2774624116823,1164055.3674,43977.42650245996,-43977.42650245996,3330.2482207481057,3429.256196922102,3234.098759302425,19.96234913167588,21.344880099329885,18.669366189947883,1.522166,0.0005957075624833396,-0.0005957075624833396,3.9525671828,0.06967867657927872,-0.06967867657927872,2.2581168788,0.05065607555073413,-0.05065607555073413,1.6944503042,0.023953996999059184,-0.023953996999059184,0.09466708740849555,-0.09457755359318047,-0.09457755359318049,0.20823635524117545,-0.09457755359318049,0.30310057394211104,,0.061761855483824686,2.7941572638221897,3.972754478033276,0.7682301176378096,
036_230℃_240_2.0mm.csv,2.0,240,1.48537,0.300014573,1.498865,0.300022564,0.013495,1.370156389,1.512495,3.106209628,1.447688067,1.658521561,230,0.013494999999999813,1070133.825,1296.7765839199883,80.0,103742.12671359906,15.718591530203863,3890.329751759965,0.013233000000000005,0.00020930241279059218,-0.00020930241279059218,1322.7145600951465,20.79408131901339,-20.79408131901339,105817.1648076117,1663.5265055210648,-1663.5265055210648,1049243.7346,20174.730467803547,-20174.730467803547,3967.7497916476054,4030.81560552771,3905.6707003739393,15.108799545560881,15.640820572788572,14.59487516307732,1.512591,0.00037495666416261766,-0.00037495666416261766,3.1209375792,0.050284310561608876,-0.050284310561608876,1.4735140273999998,0.05041146317079738,-0.05041146317079738,1.647423552,0.008480051482763491,-0.008480051482763491,2.975963372755926,-2.8899592441620876,-2.889959244162081,2.595865632349071,-2.8899592441620765,5.85100968719677,,-0.01850903141577948,-1.2612264468563636,-3.4067952184273396,0.6910467535145414,
037_230℃_240_2.0mm.csv,2.0,240,1.485425,0.30019304,1.498485,0.300140671,0.01306,1.327549303,1.51284,3.153686038,1.516771894,1.636914144,230,0.013060000000000072,1027408.632,1339.9693721286296,80.0,107197.54977029037,14.604578758008245,4019.9081163858887,0.013233000000000005,0.00020930241279059218,-0.00020930241279059218,1322.7145600951465,20.79408131901339,-20.79408131901339,105817.1648076117,1663.5265055210648,-1663.5265055210648,1049243.7346,20174.730467803547,-20174.730467803547,3967.7497916476054,4030.81560552771,3905.6707003739393,15.108799545560881,15.640820572788572,14.59487516307732,1.512591,0.00037495666416261766,-0.00037495666416261766,3.1209375792,0.050284310561608876,-0.050284310561608876,1.4735140273999998,0.05041146317079738,-0.05041146317079738,1.647423552,0.008480051482763491,-0.008480051482763491,-0.34338038916499247,0.344563552833632,0.34456355283363543,-1.500283893757328,0.3445635528336377,-1.6508950804634122,,0.004296739435803853,0.24793199945382505,1.2026426850942626,-0.6207682307042178,
038_230℃_240_2.0mm.csv,2.0,240,1.48555,0.30000669,1.49863,0.300096907,0.01308,1.343154362,1.512775,3.145886379,1.498747319,1.64713906,230,0.01307999999999998,1043057.4550000001,1337.9204892966382,80.0,107033.63914373105,14.8497322573061,4013.7614678899145,0.013233000000000005,0.00020930241279059218,-0.00020930241279059218,1322.7145600951465,20.79408131901339,-20.79408131901339,105817.1648076117,1663.5265055210648,-1663.5265055210648,1049243.7346,20174.730467803547,-20174.730467803547,3967.7497916476054,4030.81560552771,3905.6707003739393,15.108799545560881,15.640820572788572,14.59487516307732,1.512591,0.00037495666416261766,-0.00037495666416261766,3.1209375792,0.050284310561608876,-0.050284310561608876,1.4735140273999998,0.05041146317079738,-0.05041146317079738,1.647423552,0.008480051482763491,-0.008480051482763491,-0.19076688287038157,0.1911314984722114,0.19113149847221822,0.0,0.19113149847222274,0.0,,0.0,0.0,0.0,0.0,
039_230℃_240_2.0mm.csv,2.0,240,1.48545,0.300111013,1.498875,0.300160376,0.013425,1.371014336,1.511975,3.039124449,1.397044505,1.642079944,230,0.01342500000000002,1070853.96,1303.538175046553,80.0,104283.05400372425,15.64758031346941,3910.6145251396592,0.013233000000000005,0.00020930241279059218,-0.00020930241279059218,1322.7145600951465,20.79408131901339,-20.79408131901339,105817.1648076117,1663.5265055210648,-1663.5265055210648,1049243.7346,20174.730467803547,-20174.730467803547,3967.7497916476054,4030.81560552771,3905.6707003739393,15.108799545560881,15.640820572788572,14.59487516307732,1.512591,0.00037495666416261766,-0.00037495666416261766,3.1209375792,0.050284310561608876,-0.050284310561608876,1.4735140273999998,0.05041146317079738,-0.05041146317079738,1.647423552,0.008480051482763491,-0.008480051482763491,2.441816100723941,-2.383612662941331,-2.383612662941324,2.6649064120825336,-2.38361266294132,5.372811053685952,,-0.05288294690221031,-3.3936994899967363,-6.785854607423657,-0.3071456516852909,
040_230℃_240_2.0mm.csv,2.0,240,1.485445,0.300194948,1.49855,0.3000432,0.013105,1.334808001,1.51287,3.159781402,1.507318352,1.652463051,230,0.013105000000000144,1034764.8010000001,1335.3681800839227,80.0,106829.4544067138,14.7598288077335,4006.1045402517675,0.013233000000000005,0.00020930241279059218,-0.00020930241279059218,1322.7145600951465,20.79408131901339,-20.79408131901339,105817.1648076117,1663.5265055210648,-1663.5265055210648,1049243.7346,20174.730467803547,-20174.730467803547,3967.7497916476054,4030.81560552771,3905.6707003739393,15.108799545560881,15.640820572788572,14.59487516307732,1.512591,0.00037495666416261766,-0.00037495666416261766,3.1209375792,0.050284310561608876,-0.050284310561608876,1.4735140273999998,0.05041146317079738,-0.05041146317079738,1.647423552,0.008480051482763491,-0.008480051482763491,0.0,0.0,0.0,-0.795033289896766,0.0,-0.6054213504648646,,0.006279849944635272,0.441688647522522,0.5718797886303308,0.32322656473218647,
