元ファイル,キャビティ厚み[mm],射出速度[mm/s],CH03_立ち上がり時間(s),CH03_立ち上がり圧力(MPa),CH04_立ち上がり時間(s),CH04_立ち上がり圧力(MPa),立ち上がり時間差(s),先行列圧力@後発列立ち上がり時(MPa)
001_190℃_020_0.5mm.csv,0.5,20,1.480965,0.300052787,1.55557,0.300028903,0.074605,12.60449592
002_190℃_020_0.5mm.csv,0.5,20,1.48122,0.300039548,1.55725,0.300234615,0.07603,12.74079056
003_190℃_020_0.5mm.csv,0.5,20,1.48093,0.300048789,1.556785,0.300223623,0.075855,12.72583919
004_190℃_020_0.5mm.csv,0.5,20,1.48152,0.300047345,1.55619,0.300199575,0.07467,12.66270612
005_190℃_020_0.5mm.csv,0.5,20,1.4816,0.300131256,1.556995,0.300021467,0.075395,12.73429686
006_190℃_020_0.5mm.csv,0.5,20,1.4814,0.300129786,1.55696,0.300138372,0.07556,12.69699016
007_190℃_020_0.5mm.csv,0.5,20,1.48163,0.300127134,1.55741,0.300015932,0.07578,12.76165028
008_190℃_020_0.5mm.csv,0.5,20,1.48168,0.300045873,1.556625,0.300002913,0.074945,12.66419918
009_190℃_020_0.5mm.csv,0.5,20,1.482015,0.300139469,1.556465,0.300159063,0.07445,12.63367838
010_190℃_020_0.5mm.csv,0.5,20,1.4808,0.300025588,1.559005,0.300135112,0.078205,12.91078399
011_190℃_040_0.5mm.csv,0.5,40,1.39161,0.300174867,1.43496,0.300071611,0.04335,10.35735742
012_190℃_040_0.5mm.csv,0.5,40,1.392105,0.300194394,1.435515,0.300042763,0.04341,10.44648178
013_190℃_040_0.5mm.csv,0.5,40,1.38914,0.300200645,1.43284,0.300275493,0.0437,10.41402673
014_190℃_040_0.5mm.csv,0.5,40,1.389745,0.30017848,1.4329,0.300055504,0.043155,10.40948794
015_190℃_040_0.5mm.csv,0.5,40,1.396825,0.300217373,1.440625,0.300214894,0.0438,10.38810226
016_190℃_040_0.5mm.csv,0.5,40,1.392175,0.300220168,1.43566,0.300001596,0.043485,10.38239982
017_190℃_040_0.5mm.csv,0.5,40,1.390445,0.300205312,1.433895,0.30015478,0.04345,10.35131766
018_190℃_040_0.5mm.csv,0.5,40,1.391545,0.300186761,1.435335,0.300239058,0.04379,10.46479956
019_190℃_040_0.5mm.csv,0.5,40,1.3905,0.300056307,1.43408,0.300106849,0.04358,10.38097301
020_190℃_040_0.5mm.csv,0.5,40,1.3909,0.300177078,1.43483,0.300215514,0.04393,10.395506
021_190℃_080_0.5mm.csv,0.5,80,1.19663,0.300278856,1.217645,0.300028398,0.021015,6.14061055
022_190℃_080_0.5mm.csv,0.5,80,1.20097,0.300123716,1.22198,0.300315399,0.02101,6.178550795
023_190℃_080_0.5mm.csv,0.5,80,1.196945,0.300213585,1.217885,0.300168014,0.02094,6.138694946
024_190℃_080_0.5mm.csv,0.5,80,1.19939,0.300192612,1.2204,0.300222092,0.02101,6.226926259
025_190℃_080_0.5mm.csv,0.5,80,1.1936,0.300255045,1.214305,0.300077299,0.020705,6.072976936
026_190℃_080_0.5mm.csv,0.5,80,1.20253,0.300085232,1.223455,0.300082992,0.020925,6.210965248
027_190℃_080_0.5mm.csv,0.5,80,1.198855,0.300124812,1.21973,0.300252964,0.020875,6.140384605
028_190℃_080_0.5mm.csv,0.5,80,1.19707,0.300021308,1.21808,0.300109617,0.02101,6.198677634
029_190℃_080_0.5mm.csv,0.5,80,1.19736,0.30017448,1.218345,0.300219183,0.020985,6.191457895
030_190℃_080_0.5mm.csv,0.5,80,1.197155,0.300089283,1.217995,0.300343131,0.02084,6.148914754
031_190℃_120_0.5mm.csv,0.5,120,1.140035,0.300004481,1.153155,0.300275038,0.01312,3.753596403
032_190℃_120_0.5mm.csv,0.5,120,1.14072,0.30005488,1.155385,0.300241757,0.014665,4.150327689
033_190℃_120_0.5mm.csv,0.5,120,1.13972,0.300171341,1.15396,0.300249719,0.01424,4.054634264
034_190℃_120_0.5mm.csv,0.5,120,1.139685,0.300060846,1.15368,0.300272959,0.013995,3.991313026
035_190℃_120_0.5mm.csv,0.5,120,1.139165,0.300100878,1.15378,0.30031612,0.014615,4.164453011
036_190℃_120_0.5mm.csv,0.5,120,1.1396,0.300127457,1.153765,0.300198808,0.014165,3.925824631
037_190℃_120_0.5mm.csv,0.5,120,1.137255,0.300003798,1.15232,0.300034929,0.015065,4.240881905
038_190℃_120_0.5mm.csv,0.5,120,1.13783,0.300343766,1.15197,0.300120274,0.01414,4.066252536
039_190℃_120_0.5mm.csv,0.5,120,1.137005,0.300192208,1.15138,0.30003439,0.014375,4.08398126
040_190℃_120_0.5mm.csv,0.5,120,1.13951,0.300278994,1.154375,0.300081359,0.014865,4.152761874
041_190℃_160_0.5mm.csv,0.5,160,1.11083,0.300061927,1.121955,0.300379041,0.011125,2.955107171
042_190℃_160_0.5mm.csv,0.5,160,1.10831,0.300188192,1.11986,0.300171107,0.01155,3.242949404
043_190℃_160_0.5mm.csv,0.5,160,1.10889,0.300076044,1.120285,0.300105686,0.011395,3.150907267
044_190℃_160_0.5mm.csv,0.5,160,1.10592,0.300254246,1.117175,0.300337787,0.011255,3.039957783
045_190℃_160_0.5mm.csv,0.5,160,1.10825,0.300004041,1.11959,0.300126272,0.01134,3.112600505
046_190℃_160_0.5mm.csv,0.5,160,1.10738,0.300151399,1.118755,0.300245318,0.011375,3.203502276
047_190℃_160_0.5mm.csv,0.5,160,1.106625,0.300026228,1.118075,0.300179625,0.01145,3.129023146
048_190℃_160_0.5mm.csv,0.5,160,1.108655,0.300129096,1.12002,0.300424246,0.011365,3.132364603
049_190℃_160_0.5mm.csv,0.5,160,1.108305,0.300048967,1.11939,0.300146913,0.011085,3.040303233
050_190℃_160_0.5mm.csv,0.5,160,1.108675,0.300155583,1.11972,0.300256088,0.011045,2.962279669
051_190℃_200_0.5mm.csv,0.5,200,1.0895,0.300005178,1.099,0.300151587,0.0095,2.504834191
052_190℃_200_0.5mm.csv,0.5,200,1.089845,0.300386232,1.09886,0.300238764,0.009015,2.321655004
053_190℃_200_0.5mm.csv,0.5,200,1.089995,0.300262059,1.09921,0.300034532,0.009215,2.403174438
054_190℃_200_0.5mm.csv,0.5,200,1.08794,0.300271613,1.09724,0.300115697,0.0093,2.414714421
055_190℃_200_0.5mm.csv,0.5,200,1.089175,0.300144652,1.0987,0.30019796,0.009525,2.467555606
056_190℃_200_0.5mm.csv,0.5,200,1.08838,0.300015544,1.097485,0.30028085,0.009105,2.358657734
057_190℃_200_0.5mm.csv,0.5,200,1.088485,0.300128587,1.09796,0.300154013,0.009475,2.397719088
058_190℃_200_0.5mm.csv,0.5,200,1.08782,0.300007508,1.09705,0.300159649,0.00923,2.337707151
059_190℃_200_0.5mm.csv,0.5,200,1.089625,0.300407835,1.098725,0.300430922,0.0091,2.402124325
060_190℃_200_0.5mm.csv,0.5,200,1.088445,0.300274523,1.097715,0.300265066,0.00927,2.371801164
061_190℃_240_0.5mm.csv,0.5,240,1.07571,0.300087816,1.084095,0.300222483,0.008385,2.14398096
062_190℃_240_0.5mm.csv,0.5,240,1.075245,0.300279147,1.0838,0.300291621,0.008555,2.199556045
063_190℃_240_0.5mm.csv,0.5,240,1.074715,0.300349268,1.08339,0.300195135,0.008675,2.160233254
064_190℃_240_0.5mm.csv,0.5,240,1.0754,0.300283579,1.08378,0.300375095,0.00838,2.11659794
065_190℃_240_0.5mm.csv,0.5,240,1.0748,0.300261992,1.083575,0.300062212,0.008775,2.228274029
066_190℃_240_0.5mm.csv,0.5,240,1.074685,0.300401628,1.08313,0.300090204,0.008445,2.158824016
067_190℃_240_0.5mm.csv,0.5,240,1.075335,0.300043466,1.08394,0.300368967,0.008605,2.206011348
068_190℃_240_0.5mm.csv,0.5,240,1.07496,0.300387961,1.083335,0.300173777,0.008375,2.134469731
069_190℃_240_0.5mm.csv,0.5,240,1.07556,0.300141401,1.084115,0.30022779,0.008555,2.166683903
070_190℃_240_0.5mm.csv,0.5,240,1.07445,0.300279085,1.08302,0.300116539,0.00857,2.229279327
071_190℃_280_0.5mm.csv,0.5,280,1.066415,0.300330261,1.074765,0.300001819,0.00835,2.077875433
072_190℃_280_0.5mm.csv,0.5,280,1.067865,0.300034918,1.075895,0.300094633,0.00803,2.018569821
073_190℃_280_0.5mm.csv,0.5,280,1.066145,0.300388896,1.074355,0.300418402,0.00821,2.11092965
074_190℃_280_0.5mm.csv,0.5,280,1.06659,0.300065766,1.074795,0.300134391,0.008205,2.07733027
075_190℃_280_0.5mm.csv,0.5,280,1.0661,0.300127889,1.074285,0.300319211,0.008185,2.081198421
076_190℃_280_0.5mm.csv,0.5,280,1.065995,0.300389987,1.07396,0.30041231,0.007965,2.061438539
077_190℃_280_0.5mm.csv,0.5,280,1.06807,0.300230419,1.07582,0.300079081,0.00775,1.946792764
078_190℃_280_0.5mm.csv,0.5,280,1.06587,0.300377301,1.073815,0.30031012,0.007945,1.993803641
079_190℃_280_0.5mm.csv,0.5,280,1.0656,0.300058093,1.07632,0.300153433,0.01072,3.262826013
080_190℃_280_0.5mm.csv,0.5,280,1.0665,0.300059212,1.076025,0.300225572,0.009525,2.597125864
081_190℃_320_0.5mm.csv,0.5,320,1.05983,0.300138182,1.07357,0.30027019,0.01374,5.230423372
082_190℃_320_0.5mm.csv,0.5,320,1.060085,0.300081213,1.073445,0.300066504,0.01336,4.862109254
083_190℃_320_0.5mm.csv,0.5,320,1.05955,0.300244163,1.071425,0.300283808,0.011875,3.924783049
084_190℃_320_0.5mm.csv,0.5,320,1.06246,0.300325995,1.07253,0.300140341,0.01007,2.943184577
085_190℃_320_0.5mm.csv,0.5,320,1.05985,0.300011647,1.071625,0.300129836,0.011775,3.899678528
086_190℃_320_0.5mm.csv,0.5,320,1.05934,0.300449655,1.074975,0.300370344,0.015635,7.117932849
087_190℃_320_0.5mm.csv,0.5,320,1.06036,0.300380758,1.0704,0.300018739,0.01004,2.809860527
088_190℃_320_0.5mm.csv,0.5,320,1.06018,0.300388835,1.069705,0.300082186,0.009525,2.663574889
089_190℃_320_0.5mm.csv,0.5,320,1.060055,0.300350675,1.075795,0.300122644,0.01574,7.034201343
090_190℃_320_0.5mm.csv,0.5,320,1.06178,0.300176002,1.072235,0.300134419,0.010455,3.032662739
001_210℃_020_0.5mm.csv,0.5,20,1.4778,0.300019299,1.58061,0.300151548,0.10281,13.7029291
002_210℃_020_0.5mm.csv,0.5,20,1.477935,0.300091873,1.58053,0.300041866,0.102595,13.59809621
003_210℃_020_0.5mm.csv,0.5,20,1.47801,0.300053931,1.58079,0.300131155,0.10278,13.64710462
004_210℃_020_0.5mm.csv,0.5,20,1.478815,0.300028399,1.58047,0.30009118,0.101655,13.56039801
005_210℃_020_0.5mm.csv,0.5,20,1.47814,0.300080872,1.58142,0.300079606,0.10328,13.68006167
006_210℃_020_0.5mm.csv,0.5,20,1.47823,0.300046189,1.5813,0.300104214,0.10307,13.62352101
007_210℃_020_0.5mm.csv,0.5,20,1.478695,0.300059104,1.581415,0.300107257,0.10272,13.63177868
008_210℃_020_0.5mm.csv,0.5,20,1.47854,0.300033508,1.58083,0.300134724,0.10229,13.60598518
009_210℃_020_0.5mm.csv,0.5,20,1.47818,0.300107132,1.58143,0.300020064,0.10325,13.65672068
010_210℃_020_0.5mm.csv,0.5,20,1.478545,0.300087486,1.58118,0.300127121,0.102635,13.61196778
011_210℃_040_0.5mm.csv,0.5,40,1.36621,0.300070214,1.41232,0.300165122,0.04611,9.782222159
012_210℃_040_0.5mm.csv,0.5,40,1.36595,0.300041919,1.412025,0.300118227,0.046075,9.780588034
013_210℃_040_0.5mm.csv,0.5,40,1.369075,0.30006551,1.41505,0.300151843,0.045975,9.78717035
014_210℃_040_0.5mm.csv,0.5,40,1.372305,0.300104767,1.41781,0.300171785,0.045505,9.763134692
015_210℃_040_0.5mm.csv,0.5,40,1.372885,0.300218185,1.41898,0.300070867,0.046095,9.827838154
016_210℃_040_0.5mm.csv,0.5,40,1.372225,0.300129828,1.418155,0.300215176,0.04593,9.850245978
017_210℃_040_0.5mm.csv,0.5,40,1.36513,0.300098464,1.41143,0.300189398,0.0463,9.80664981
018_210℃_040_0.5mm.csv,0.5,40,1.367795,0.300186749,1.413395,0.300069784,0.0456,9.815120002
019_210℃_040_0.5mm.csv,0.5,40,1.36576,0.300053909,1.411795,0.300009478,0.046035,9.809008322
020_210℃_040_0.5mm.csv,0.5,40,1.367545,0.300012276,1.41368,0.300156313,0.046135,9.849007491
021_210℃_080_0.5mm.csv,0.5,80,1.19393,0.300103688,1.2154,0.300060826,0.02147,5.997574528
022_210℃_080_0.5mm.csv,0.5,80,1.195595,0.30004754,1.21657,0.300052709,0.020975,5.909288969
023_210℃_080_0.5mm.csv,0.5,80,1.192985,0.300281428,1.213915,0.300277293,0.02093,5.827908678
024_210℃_080_0.5mm.csv,0.5,80,1.193085,0.300071829,1.2146,0.300072823,0.021515,5.970096965
025_210℃_080_0.5mm.csv,0.5,80,1.19212,0.300285788,1.213305,0.300082959,0.021185,5.825971364
026_210℃_080_0.5mm.csv,0.5,80,1.192325,0.300142403,1.21392,0.300051308,0.021595,5.951411338
027_210℃_080_0.5mm.csv,0.5,80,1.194895,0.300179015,1.21596,0.300030817,0.021065,5.843260113
028_210℃_080_0.5mm.csv,0.5,80,1.191595,0.30023866,1.21267,0.300208688,0.021075,5.799289459
029_210℃_080_0.5mm.csv,0.5,80,1.191525,0.300091251,1.21322,0.300171642,0.021695,5.972281223
030_210℃_080_0.5mm.csv,0.5,80,1.192975,0.300180822,1.21416,0.300265254,0.021185,5.87435619
031_210℃_120_0.5mm.csv,0.5,120,1.13738,0.300170266,1.151545,0.300391174,0.014165,3.906050772
032_210℃_120_0.5mm.csv,0.5,120,1.13435,0.300312892,1.14819,0.300110684,0.01384,3.805866623
033_210℃_120_0.5mm.csv,0.5,120,1.13438,0.300256431,1.14817,0.300286606,0.01379,3.754018381
034_210℃_120_0.5mm.csv,0.5,120,1.13333,0.300252833,1.147415,0.300065674,0.014085,3.745254883
035_210℃_120_0.5mm.csv,0.5,120,1.13382,0.300125056,1.147595,0.300034172,0.013775,3.689303841
036_210℃_120_0.5mm.csv,0.5,120,1.136365,0.300038204,1.150785,0.300159492,0.01442,3.892522134
037_210℃_120_0.5mm.csv,0.5,120,1.137075,0.300066242,1.151265,0.300197521,0.01419,3.784524117
038_210℃_120_0.5mm.csv,0.5,120,1.136765,0.300213154,1.15069,0.300011362,0.013925,3.741700368
039_210℃_120_0.5mm.csv,0.5,120,1.135815,0.300166773,1.149725,0.300170628,0.01391,3.73095311
040_210℃_120_0.5mm.csv,0.5,120,1.13282,0.300038438,1.14685,0.300309684,0.01403,3.745624613
041_210℃_160_0.5mm.csv,0.5,160,1.107135,0.300237116,1.117955,0.300220692,0.01082,2.820074011
042_210℃_160_0.5mm.csv,0.5,160,1.10516,0.300221736,1.11575,0.300118649,0.01059,2.746604943
043_210℃_160_0.5mm.csv,0.5,160,1.104825,0.300037654,1.11559,0.300222402,0.010765,2.768060616
044_210℃_160_0.5mm.csv,0.5,160,1.105055,0.300119483,1.115985,0.300188342,0.01093,2.80571262
045_210℃_160_0.5mm.csv,0.5,160,1.10503,0.300364114,1.11586,0.300206078,0.01083,2.853837718
046_210℃_160_0.5mm.csv,0.5,160,1.104815,0.300363085,1.11543,0.300209773,0.010615,2.750398949
047_210℃_160_0.5mm.csv,0.5,160,1.10808,0.300299766,1.11891,0.300321432,0.01083,2.777068059
048_210℃_160_0.5mm.csv,0.5,160,1.107465,0.300322548,1.11815,0.300077471,0.010685,2.839131933
049_210℃_160_0.5mm.csv,0.5,160,1.10396,0.300251071,1.114835,0.300182369,0.010875,2.779941496
050_210℃_160_0.5mm.csv,0.5,160,1.10327,0.300148907,1.11415,0.300235411,0.01088,2.845198172
051_210℃_200_0.5mm.csv,0.5,200,1.090175,0.300258866,1.09913,0.300252948,0.008955,2.237774272
052_210℃_200_0.5mm.csv,0.5,200,1.087645,0.300360914,1.096555,0.300326467,0.00891,2.225990549
053_210℃_200_0.5mm.csv,0.5,200,1.08717,0.300410315,1.09559,0.300300672,0.00842,2.179721411
054_210℃_200_0.5mm.csv,0.5,200,1.087435,0.300415857,1.09603,0.300095906,0.008595,2.220536479
055_210℃_200_0.5mm.csv,0.5,200,1.08711,0.300038019,1.096,0.300295972,0.00889,2.273511152
056_210℃_200_0.5mm.csv,0.5,200,1.08686,0.300258558,1.09571,0.300044575,0.00885,2.270719359
057_210℃_200_0.5mm.csv,0.5,200,1.08674,0.300281157,1.095595,0.30005646,0.008855,2.211543431
058_210℃_200_0.5mm.csv,0.5,200,1.086605,0.300081419,1.095245,0.300155708,0.00864,2.173281238
059_210℃_200_0.5mm.csv,0.5,200,1.08982,0.300396772,1.09846,0.300377683,0.00864,2.210165673
060_210℃_200_0.5mm.csv,0.5,200,1.08674,0.300127295,1.09548,0.300065591,0.00874,2.219237016
061_210℃_240_0.5mm.csv,0.5,240,1.073315,0.300042303,1.08105,0.30030455,0.007735,1.978805017
062_210℃_240_0.5mm.csv,0.5,240,1.07528,0.300059995,1.08359,0.30024032,0.00831,2.021981932
063_210℃_240_0.5mm.csv,0.5,240,1.072795,0.300057439,1.08078,0.300170559,0.007985,1.973969402
064_210℃_240_0.5mm.csv,0.5,240,1.07324,0.30033355,1.08136,0.300203381,0.00812,2.029337539
065_210℃_240_0.5mm.csv,0.5,240,1.07492,0.300211448,1.082945,0.300384923,0.008025,1.994336848
066_210℃_240_0.5mm.csv,0.5,240,1.07427,0.300220151,1.08222,0.300129815,0.00795,2.039933882
067_210℃_240_0.5mm.csv,0.5,240,1.07319,0.300008559,1.081445,0.300158932,0.008255,2.018215297
068_210℃_240_0.5mm.csv,0.5,240,1.073905,0.300335987,1.08198,0.300366292,0.008075,1.965224749
069_210℃_240_0.5mm.csv,0.5,240,1.07369,0.30015497,1.081915,0.300105724,0.008225,2.076658933
070_210℃_240_0.5mm.csv,0.5,240,1.07438,0.300397169,1.08268,0.300345075,0.0083,2.034633081
071_210℃_280_0.5mm.csv,0.5,280,1.065695,0.300071119,1.073335,0.300018459,0.00764,1.899183552
072_210℃_280_0.5mm.csv,0.5,280,1.065255,0.300133141,1.073095,0.300412761,0.00784,1.952492372
073_210℃_280_0.5mm.csv,0.5,280,1.06615,0.300174283,1.07399,0.300309047,0.00784,1.916838525
074_210℃_280_0.5mm.csv,0.5,280,1.065245,0.300341282,1.072915,0.300212621,0.00767,1.92101579
075_210℃_280_0.5mm.csv,0.5,280,1.064475,0.300275523,1.07232,0.300175166,0.007845,1.941555662
076_210℃_280_0.5mm.csv,0.5,280,1.06548,0.30005798,1.07335,0.300223517,0.00787,1.976876371
077_210℃_280_0.5mm.csv,0.5,280,1.06514,0.300060721,1.072795,0.300101048,0.007655,1.909661183
078_210℃_280_0.5mm.csv,0.5,280,1.066935,0.300338032,1.0746,0.300114106,0.007665,1.901758218
079_210℃_280_0.5mm.csv,0.5,280,1.064435,0.300133858,1.07228,0.300239277,0.007845,1.947807677
080_210℃_280_0.5mm.csv,0.5,280,1.065155,0.300151754,1.07267,0.3002719,0.007515,1.901603068
081_210℃_320_0.5mm.csv,0.5,320,1.058445,0.300334289,1.066025,0.30040612,0.00758,1.89293341
082_210℃_320_0.5mm.csv,0.5,320,1.05922,0.300030473,1.066645,0.30036866,0.007425,1.85691067
083_210℃_320_0.5mm.csv,0.5,320,1.05923,0.300150379,1.06686,0.300348084,0.00763,1.906666666
084_210℃_320_0.5mm.csv,0.5,320,1.059285,0.300010982,1.06662,0.300435004,0.007335,1.844986287
085_210℃_320_0.5mm.csv,0.5,320,1.058445,0.30036609,1.06595,0.300351225,0.007505,1.857415728
086_210℃_320_0.5mm.csv,0.5,320,1.05851,0.300171048,1.06604,0.300162331,0.00753,1.884968963
087_210℃_320_0.5mm.csv,0.5,320,1.05871,0.300133279,1.06663,0.300284197,0.00792,1.941645272
088_210℃_320_0.5mm.csv,0.5,320,1.05851,0.300186131,1.06582,0.300420553,0.00731,1.793401092
089_210℃_320_0.5mm.csv,0.5,320,1.059445,0.300398573,1.0668,0.300401979,0.007355,1.830024912
090_210℃_320_0.5mm.csv,0.5,320,1.05845,0.300297567,1.06594,0.30025727,0.00749,1.884228173
001_230℃_020_0.5mm.csv,0.5,20,1.47943,0.30000483,1.58411,0.300063923,0.10468,12.76083981
002_230℃_020_0.5mm.csv,0.5,20,1.47928,0.300105719,1.5847,0.300029148,0.10542,12.82297205
003_230℃_020_0.5mm.csv,0.5,20,1.479485,0.300096898,1.584365,0.300158945,0.10488,12.74606848
004_230℃_020_0.5mm.csv,0.5,20,1.479105,0.300108659,1.58504,0.300072293,0.105935,12.76666002
005_230℃_020_0.5mm.csv,0.5,20,1.479245,0.300119021,1.58496,0.300051214,0.105715,12.68695881
006_230℃_020_0.5mm.csv,0.5,20,1.47905,0.300086256,1.58522,0.300156947,0.10617,12.68341714
007_230℃_020_0.5mm.csv,0.5,20,1.478825,0.300013352,1.585655,0.300185727,0.10683,12.69812521
008_230℃_020_0.5mm.csv,0.5,20,1.479045,0.300070211,1.58518,0.300011984,0.106135,12.62224478
009_230℃_020_0.5mm.csv,0.5,20,1.479155,0.30008031,1.58524,0.300054871,0.106085,12.59997688
010_230℃_020_0.5mm.csv,0.5,20,1.47937,0.300125685,1.585495,0.300000424,0.106125,12.64829789
011_230℃_040_0.5mm.csv,0.5,40,1.360215,0.300111895,1.405845,0.30002327,0.04563,9.077742594
012_230℃_040_0.5mm.csv,0.5,40,1.362185,0.30015724,1.40811,0.30018322,0.045925,9.161259181
013_230℃_040_0.5mm.csv,0.5,40,1.366075,0.300046471,1.41187,0.300134625,0.045795,9.156024891
014_230℃_040_0.5mm.csv,0.5,40,1.361305,0.300071573,1.40654,0.300157922,0.045235,9.021599554
015_230℃_040_0.5mm.csv,0.5,40,1.36246,0.300010069,1.408685,0.300177554,0.046225,9.118415366
016_230℃_040_0.5mm.csv,0.5,40,1.35987,0.300010886,1.40576,0.300082114,0.04589,9.059732277
017_230℃_040_0.5mm.csv,0.5,40,1.35571,0.300019679,1.40222,0.300123856,0.04651,9.137919655
018_230℃_040_0.5mm.csv,0.5,40,1.36137,0.300155651,1.406565,0.300119532,0.045195,8.948855705
019_230℃_040_0.5mm.csv,0.5,40,1.364195,0.300106103,1.409865,0.300030321,0.04567,9.035285322
020_230℃_040_0.5mm.csv,0.5,40,1.361915,0.300099095,1.40718,0.300181471,0.045265,8.959590009
021_230℃_080_0.5mm.csv,0.5,80,1.19128,0.300083482,1.212275,0.300220768,0.020995,5.532765507
022_230℃_080_0.5mm.csv,0.5,80,1.189705,0.300045593,1.21105,0.300090623,0.021345,5.608752561
023_230℃_080_0.5mm.csv,0.5,80,1.19067,0.300172503,1.21212,0.300299636,0.02145,5.606314022
024_230℃_080_0.5mm.csv,0.5,80,1.191385,0.300299988,1.21248,0.300232477,0.021095,5.587427329
025_230℃_080_0.5mm.csv,0.5,80,1.186525,0.300146072,1.20773,0.300183209,0.021205,5.559927432
026_230℃_080_0.5mm.csv,0.5,80,1.19538,0.300120769,1.216775,0.300127602,0.021395,5.699559075
027_230℃_080_0.5mm.csv,0.5,80,1.19146,0.300030907,1.21287,0.300271543,0.02141,5.64916536
028_230℃_080_0.5mm.csv,0.5,80,1.192145,0.300228766,1.21338,0.300079587,0.021235,5.627900145
029_230℃_080_0.5mm.csv,0.5,80,1.189765,0.300060397,1.21091,0.300212957,0.021145,5.531215734
030_230℃_080_0.5mm.csv,0.5,80,1.19026,0.300247216,1.211255,0.300014326,0.020995,5.609588665
031_230℃_120_0.5mm.csv,0.5,120,1.132635,0.300049818,1.146385,0.300302649,0.01375,3.556185385
032_230℃_120_0.5mm.csv,0.5,120,1.132235,0.300251906,1.146385,0.300287095,0.01415,3.709574106
033_230℃_120_0.5mm.csv,0.5,120,1.13197,0.30028897,1.145845,0.300246523,0.013875,3.614559957
034_230℃_120_0.5mm.csv,0.5,120,1.1315,0.300060775,1.14549,0.300318272,0.01399,3.615010977
035_230℃_120_0.5mm.csv,0.5,120,1.13269,0.300032528,1.146815,0.300250001,0.014125,3.696900225
036_230℃_120_0.5mm.csv,0.5,120,1.13132,0.30005114,1.14551,0.300093691,0.01419,3.708918726
037_230℃_120_0.5mm.csv,0.5,120,1.131335,0.300267967,1.14514,0.300243961,0.013805,3.645052581
038_230℃_120_0.5mm.csv,0.5,120,1.13285,0.300298138,1.14717,0.300205386,0.01432,3.719956374
039_230℃_120_0.5mm.csv,0.5,120,1.134345,0.300041555,1.148245,0.300004542,0.0139,3.631951027
040_230℃_120_0.5mm.csv,0.5,120,1.132415,0.300233176,1.146635,0.300098623,0.01422,3.732774868
041_230℃_160_0.5mm.csv,0.5,160,1.10693,0.300185664,1.117515,0.300059817,0.010585,2.703480482
042_230℃_160_0.5mm.csv,0.5,160,1.10381,0.300233086,1.114515,0.300155498,0.010705,2.732354773
043_230℃_160_0.5mm.csv,0.5,160,1.10315,0.300306547,1.11411,0.300408333,0.01096,2.76396548
044_230℃_160_0.5mm.csv,0.5,160,1.102745,0.300238636,1.113245,0.300279589,0.0105,2.677326152
045_230℃_160_0.5mm.csv,0.5,160,1.103735,0.300119093,1.11446,0.300161754,0.010725,2.715117657
046_230℃_160_0.5mm.csv,0.5,160,1.101375,0.30012456,1.112025,0.300394863,0.01065,2.666867387
047_230℃_160_0.5mm.csv,0.5,160,1.104695,0.300168554,1.11524,0.30029219,0.010545,2.643699539
048_230℃_160_0.5mm.csv,0.5,160,1.103795,0.30000122,1.114405,0.300341561,0.01061,2.699120283
049_230℃_160_0.5mm.csv,0.5,160,1.10316,0.300239441,1.11387,0.300231224,0.01071,2.657831049
050_230℃_160_0.5mm.csv,0.5,160,1.10283,0.300037874,1.113435,0.300316974,0.010605,2.68646282
051_230℃_200_0.5mm.csv,0.5,200,1.08512,0.300301768,1.09389,0.300425478,0.00877,2.214856273
052_230℃_200_0.5mm.csv,0.5,200,1.087215,0.300053609,1.09623,0.300051345,0.009015,2.238408777
053_230℃_200_0.5mm.csv,0.5,200,1.086375,0.300354128,1.09545,0.300201843,0.009075,2.245042187
054_230℃_200_0.5mm.csv,0.5,200,1.086645,0.300348177,1.09558,0.300119018,0.008935,2.203970957
055_230℃_200_0.5mm.csv,0.5,200,1.0852,0.300132254,1.094465,0.300265708,0.009265,2.236172816
056_230℃_200_0.5mm.csv,0.5,200,1.08656,0.300098573,1.09526,0.300207063,0.0087,2.150829519
057_230℃_200_0.5mm.csv,0.5,200,1.087295,0.300268991,1.09616,0.300226479,0.008865,2.207312287
058_230℃_200_0.5mm.csv,0.5,200,1.086,0.300341851,1.094805,0.300142635,0.008805,2.192301028
059_230℃_200_0.5mm.csv,0.5,200,1.086065,0.300069217,1.095015,0.300092758,0.00895,2.211513795
060_230℃_200_0.5mm.csv,0.5,200,1.08571,0.300087658,1.09474,0.300093035,0.00903,2.247895755
061_230℃_240_0.5mm.csv,0.5,240,1.07403,0.300135924,1.081915,0.300287998,0.007885,1.906757104
062_230℃_240_0.5mm.csv,0.5,240,1.074695,0.300208143,1.08251,0.300093401,0.007815,1.931643512
063_230℃_240_0.5mm.csv,0.5,240,1.075465,0.300158119,1.083615,0.300091433,0.00815,1.987857447
064_230℃_240_0.5mm.csv,0.5,240,1.07365,0.300258171,1.081665,0.300105906,0.008015,1.951120535
065_230℃_240_0.5mm.csv,0.5,240,1.07438,0.300075842,1.082495,0.300127035,0.008115,1.973702393
066_230℃_240_0.5mm.csv,0.5,240,1.07292,0.300327437,1.08076,0.300007297,0.00784,1.923701524
067_230℃_240_0.5mm.csv,0.5,240,1.07292,0.300318237,1.080875,0.300101098,0.007955,1.942092943
068_230℃_240_0.5mm.csv,0.5,240,1.07452,0.300305332,1.082575,0.300236562,0.008055,1.954804666
069_230℃_240_0.5mm.csv,0.5,240,1.07349,0.300187247,1.081325,0.300142496,0.007835,1.919086275
070_230℃_240_0.5mm.csv,0.5,240,1.074705,0.300001467,1.08287,0.300418762,0.008165,1.974154326
071_230℃_280_0.5mm.csv,0.5,280,1.06581,0.300126991,1.073535,0.300061012,0.007725,1.913896683
072_230℃_280_0.5mm.csv,0.5,280,1.064645,0.300108295,1.07292,0.300361783,0.008275,1.98524546
073_230℃_280_0.5mm.csv,0.5,280,1.065925,0.300326856,1.073795,0.300242902,0.00787,1.901205862
074_230℃_280_0.5mm.csv,0.5,280,1.06488,0.30013462,1.07271,0.300322052,0.00783,1.86585574
075_230℃_280_0.5mm.csv,0.5,280,1.06519,0.3004062,1.072785,0.300114395,0.007595,1.840122344
076_230℃_280_0.5mm.csv,0.5,280,1.06614,0.300170812,1.07392,0.300077895,0.00778,1.906987508
077_230℃_280_0.5mm.csv,0.5,280,1.064515,0.300054824,1.072495,0.300288376,0.00798,1.923748489
078_230℃_280_0.5mm.csv,0.5,280,1.06449,0.300158801,1.07199,0.300234495,0.0075,1.855885953
079_230℃_280_0.5mm.csv,0.5,280,1.064775,0.300173845,1.07241,0.300350144,0.007635,1.828613193
080_230℃_280_0.5mm.csv,0.5,280,1.067275,0.300397392,1.075265,0.300401531,0.00799,1.945841845
081_230℃_320_0.5mm.csv,0.5,320,1.05957,0.300170437,1.06686,0.300330848,0.00729,1.79808368
082_230℃_320_0.5mm.csv,0.5,320,1.06043,0.300249011,1.067975,0.300028401,0.007545,1.792473335
083_230℃_320_0.5mm.csv,0.5,320,1.0589,0.300143093,1.066575,0.300282242,0.007675,1.825882503
084_230℃_320_0.5mm.csv,0.5,320,1.05912,0.300119908,1.06641,0.300288913,0.00729,1.776765929
085_230℃_320_0.5mm.csv,0.5,320,1.060235,0.300001579,1.067905,0.300234251,0.00767,1.847877978
086_230℃_320_0.5mm.csv,0.5,320,1.05843,0.300357495,1.065965,0.300357684,0.007535,1.79199303
087_230℃_320_0.5mm.csv,0.5,320,1.058155,0.300125392,1.06547,0.300411442,0.007315,1.792620456
088_230℃_320_0.5mm.csv,0.5,320,1.059035,0.300015832,1.066845,0.30006352,0.00781,1.904952585
089_230℃_320_0.5mm.csv,0.5,320,1.05738,0.300183783,1.064545,0.300169006,0.007165,1.710491781
090_230℃_320_0.5mm.csv,0.5,320,1.058625,0.300341439,1.06577,0.300233781,0.007145,1.701984236
001_190℃_010_1.0mm.csv,1,10,1.423575,0.300044314,1.63751,0.300055524,0.213935,4.407993938
002_190℃_010_1.0mm.csv,1,10,1.42391,0.300043555,1.63473,0.300031822,0.21082,4.346004036
003_190℃_010_1.0mm.csv,1,10,1.424015,0.300021251,1.63494,0.3000312,0.210925,4.353185343
004_190℃_010_1.0mm.csv,1,10,1.42443,0.300059015,1.63531,0.300050835,0.21088,4.354788936
005_190℃_010_1.0mm.csv,1,10,1.423935,0.300031328,1.63323,0.300026972,0.209295,4.30880416
006_190℃_010_1.0mm.csv,1,10,1.42406,0.300052872,1.634005,0.3000508,0.209945,4.313822259
007_190℃_010_1.0mm.csv,1,10,1.42361,0.300044994,1.6348,0.300032649,0.21119,4.333314485
008_190℃_010_1.0mm.csv,1,10,1.423935,0.300047636,1.635065,0.300055527,0.21113,4.326853811
009_190℃_010_1.0mm.csv,1,10,1.42379,0.300034718,1.63555,0.300055356,0.21176,4.343688552
010_190℃_010_1.0mm.csv,1,10,1.423605,0.300016015,1.63467,0.30000697,0.211065,4.315322596
011_190℃_020_1.0mm.csv,1,20,1.465185,0.30005817,1.559805,0.300025376,0.09462,4.086547074
012_190℃_020_1.0mm.csv,1,20,1.465235,0.300073154,1.560215,0.300098431,0.09498,4.106584713
013_190℃_020_1.0mm.csv,1,20,1.465345,0.300116319,1.560455,0.300023263,0.09511,4.121982212
014_190℃_020_1.0mm.csv,1,20,1.46515,0.300003135,1.560175,0.300099659,0.095025,4.103170074
015_190℃_020_1.0mm.csv,1,20,1.465105,0.300008808,1.55995,0.300062805,0.094845,4.093043208
016_190℃_020_1.0mm.csv,1,20,1.465025,0.300083518,1.56146,0.300017505,0.096435,4.162148644
017_190℃_020_1.0mm.csv,1,20,1.465065,0.300044684,1.560235,0.300109841,0.09517,4.101961247
018_190℃_020_1.0mm.csv,1,20,1.46508,0.300003744,1.559205,0.300043451,0.094125,4.053927291
019_190℃_020_1.0mm.csv,1,20,1.464995,0.300069481,1.559745,0.300020885,0.09475,4.07548336
020_190℃_020_1.0mm.csv,1,20,1.465015,0.300107403,1.560015,0.300089157,0.095,4.088476555
021_190℃_040_1.0mm.csv,1,40,1.481555,0.300143464,1.526925,0.300050392,0.04537,4.021337555
022_190℃_040_1.0mm.csv,1,40,1.481485,0.300058246,1.5271,0.300072321,0.045615,4.038041281
023_190℃_040_1.0mm.csv,1,40,1.48145,0.30001186,1.527175,0.300154457,0.045725,4.044426621
024_190℃_040_1.0mm.csv,1,40,1.48159,0.300125343,1.52697,0.300002719,0.04538,4.023682395
025_190℃_040_1.0mm.csv,1,40,1.48147,0.300022029,1.527185,0.300122604,0.045715,4.047051951
026_190℃_040_1.0mm.csv,1,40,1.481515,0.300048178,1.52714,0.300137695,0.045625,4.044750006
027_190℃_040_1.0mm.csv,1,40,1.481765,0.300047631,1.526865,0.300082116,0.0451,4.01927473
028_190℃_040_1.0mm.csv,1,40,1.481455,0.300146327,1.52709,0.300001649,0.045635,4.03540769
029_190℃_040_1.0mm.csv,1,40,1.481565,0.300075903,1.527135,0.300149477,0.04557,4.040333445
030_190℃_040_1.0mm.csv,1,40,1.481695,0.300031904,1.52688,0.300203219,0.045185,4.017953299
031_190℃_080_1.0mm.csv,1,80,1.487725,0.300041298,1.51057,0.30010324,0.022845,3.444853107
032_190℃_080_1.0mm.csv,1,80,1.48796,0.30000218,1.510655,0.300125258,0.022695,3.468223502
033_190℃_080_1.0mm.csv,1,80,1.487915,0.300206734,1.510125,0.300179648,0.02221,3.358166576
034_190℃_080_1.0mm.csv,1,80,1.48778,0.300196482,1.510145,0.300218339,0.022365,3.357671729
035_190℃_080_1.0mm.csv,1,80,1.487825,0.300140468,1.510085,0.300196058,0.02226,3.347271957
036_190℃_080_1.0mm.csv,1,80,1.48764,0.300204765,1.510275,0.300239801,0.022635,3.381191987
037_190℃_080_1.0mm.csv,1,80,1.4878,0.300208669,1.51016,0.300034815,0.02236,3.360071215
038_190℃_080_1.0mm.csv,1,80,1.48778,0.300200733,1.510105,0.300139675,0.022325,3.346573989
039_190℃_080_1.0mm.csv,1,80,1.48775,0.30008575,1.510155,0.300075112,0.022405,3.356717205
040_190℃_080_1.0mm.csv,1,80,1.48778,0.300092043,1.51046,0.300180781,0.02268,3.423194128
041_190℃_120_1.0mm.csv,1,120,1.48968,0.300090439,1.50482,0.300177073,0.01514,2.570914425
042_190℃_120_1.0mm.csv,1,120,1.489745,0.300025468,1.505245,0.300182863,0.0155,2.682125198
043_190℃_120_1.0mm.csv,1,120,1.48976,0.300181844,1.5054,0.300328125,0.01564,2.72261431
044_190℃_120_1.0mm.csv,1,120,1.489685,0.300007728,1.504855,0.300230099,0.01517,2.579351706
045_190℃_120_1.0mm.csv,1,120,1.489735,0.300134247,1.5049,0.300294782,0.015165,2.591678853
046_190℃_120_1.0mm.csv,1,120,1.48972,0.300143359,1.50525,0.300145069,0.01553,2.681898078
047_190℃_120_1.0mm.csv,1,120,1.48967,0.300237414,1.50501,0.300310895,0.01534,2.619216797
048_190℃_120_1.0mm.csv,1,120,1.48973,0.300255525,1.505265,0.300113804,0.015535,2.68585744
049_190℃_120_1.0mm.csv,1,120,1.48962,0.300112059,1.505225,0.300024166,0.015605,2.672492193
050_190℃_120_1.0mm.csv,1,120,1.48969,0.300144545,1.504925,0.300009226,0.015235,2.596239744
051_190℃_160_1.0mm.csv,1,160,1.49078,0.300301241,1.5024,0.300161738,0.01162,2.071195204
052_190℃_160_1.0mm.csv,1,160,1.490665,0.300215361,1.50256,0.300083226,0.011895,2.110950572
053_190℃_160_1.0mm.csv,1,160,1.490635,0.300198262,1.502655,0.300253355,0.01202,2.135137935
054_190℃_160_1.0mm.csv,1,160,1.49076,0.300112658,1.502415,0.30003231,0.011655,2.075148729
055_190℃_160_1.0mm.csv,1,160,1.490635,0.300297535,1.502675,0.300132378,0.01204,2.142010933
056_190℃_160_1.0mm.csv,1,160,1.490685,0.300131723,1.50264,0.300092472,0.011955,2.133544425
057_190℃_160_1.0mm.csv,1,160,1.49066,0.300211782,1.502625,0.300057861,0.011965,2.128505022
058_190℃_160_1.0mm.csv,1,160,1.490785,0.300219927,1.50245,0.300006871,0.011665,2.084972027
059_190℃_160_1.0mm.csv,1,160,1.490735,0.300126483,1.50275,0.300169053,0.012015,2.16298839
060_190℃_160_1.0mm.csv,1,160,1.49066,0.30021059,1.50219,0.300233855,0.01153,2.015208397
061_190℃_200_1.0mm.csv,1,200,1.49126,0.300156461,1.50123,0.300054218,0.00997,1.800964095
062_190℃_200_1.0mm.csv,1,200,1.49136,0.300181743,1.50099,0.300142576,0.00963,1.740015016
063_190℃_200_1.0mm.csv,1,200,1.491235,0.300080416,1.501045,0.300271035,0.00981,1.753080785
064_190℃_200_1.0mm.csv,1,200,1.491335,0.300085739,1.50126,0.300352976,0.009925,1.808915386
065_190℃_200_1.0mm.csv,1,200,1.491305,0.300187394,1.50121,0.300234126,0.009905,1.7970818
066_190℃_200_1.0mm.csv,1,200,1.49125,0.30002587,1.501205,0.300213686,0.009955,1.794188743
067_190℃_200_1.0mm.csv,1,200,1.49133,0.300285741,1.500925,0.300096376,0.009595,1.723138864
068_190℃_200_1.0mm.csv,1,200,1.49135,0.300252843,1.501015,0.300170899,0.009665,1.746206871
069_190℃_200_1.0mm.csv,1,200,1.49135,0.300062857,1.50137,0.300109631,0.01002,1.838284798
070_190℃_200_1.0mm.csv,1,200,1.49149,0.300261139,1.50065,0.300053083,0.00916,1.656800144
071_190℃_240_1.0mm.csv,1,240,1.491665,0.300188696,1.50038,0.300204989,0.008715,1.593654151
072_190℃_240_1.0mm.csv,1,240,1.491595,0.300283401,1.5006,0.300267748,0.009005,1.647386962
073_190℃_240_1.0mm.csv,1,240,1.491535,0.30020804,1.500255,0.300086464,0.00872,1.562166889
074_190℃_240_1.0mm.csv,1,240,1.49155,0.300168697,1.50056,0.300058103,0.00901,1.637440375
075_190℃_240_1.0mm.csv,1,240,1.491625,0.300035913,1.50026,0.300178881,0.008635,1.562923104
076_190℃_240_1.0mm.csv,1,240,1.49168,0.30010167,1.50035,0.300310731,0.00867,1.58621173
077_190℃_240_1.0mm.csv,1,240,1.49176,0.300084254,1.50036,0.300132765,0.0086,1.588547954
078_190℃_240_1.0mm.csv,1,240,1.49165,0.300111186,1.50018,0.300198906,0.00853,1.543329908
079_190℃_240_1.0mm.csv,1,240,1.491585,0.30023238,1.500575,0.300234024,0.00899,1.641591588
080_190℃_240_1.0mm.csv,1,240,1.49159,0.300153562,1.500485,0.300002888,0.008895,1.619171555
081_190℃_280_1.0mm.csv,1,280,1.491695,0.300318598,1.50007,0.300279785,0.008375,1.517649195
082_190℃_280_1.0mm.csv,1,280,1.49166,0.300270189,1.50029,0.300318993,0.00863,1.571355655
083_190℃_280_1.0mm.csv,1,280,1.4916,0.300156356,1.500285,0.300277513,0.008685,1.569282859
084_190℃_280_1.0mm.csv,1,280,1.49176,0.300318856,1.50014,0.300155477,0.00838,1.534384766
085_190℃_280_1.0mm.csv,1,280,1.49177,0.30028632,1.500075,0.300045451,0.008305,1.518897302
086_190℃_280_1.0mm.csv,1,280,1.4916,0.300175428,1.500315,0.300015492,0.008715,1.577498594
087_190℃_280_1.0mm.csv,1,280,1.491735,0.300049482,1.500105,0.300312922,0.00837,1.526595519
088_190℃_280_1.0mm.csv,1,280,1.491555,0.300014608,1.500205,0.300034177,0.00865,1.5498896
089_190℃_280_1.0mm.csv,1,280,1.49172,0.300171964,1.50032,0.300118138,0.0086,1.578397172
090_190℃_280_1.0mm.csv,1,280,1.491725,0.300189841,1.50024,0.300319096,0.008515,1.559485399
091_190℃_320_1.0mm.csv,1,320,1.491705,0.30007951,1.500065,0.300308318,0.00836,1.516205722
092_190℃_320_1.0mm.csv,1,320,1.49179,0.300000346,1.49961,0.300027933,0.00782,1.408011254
093_190℃_320_1.0mm.csv,1,320,1.491865,0.300103386,1.499845,0.300278522,0.00798,1.462850354
094_190℃_320_1.0mm.csv,1,320,1.49188,0.300158003,1.49987,0.300186334,0.00799,1.469643746
095_190℃_320_1.0mm.csv,1,320,1.491725,0.300089988,1.49963,0.300304115,0.007905,1.412760272
096_190℃_320_1.0mm.csv,1,320,1.49186,0.300262016,1.500025,0.300191599,0.008165,1.506547762
097_190℃_320_1.0mm.csv,1,320,1.491725,0.300300825,1.499795,0.300071281,0.00807,1.452002539
098_190℃_320_1.0mm.csv,1,320,1.4919,0.300243372,1.499755,0.300264692,0.007855,1.441891239
099_190℃_320_1.0mm.csv,1,320,1.491905,0.300091772,1.499635,0.300009305,0.00773,1.413406566
100_190℃_320_1.0mm.csv,1,320,1.49181,0.300311059,1.49947,0.300117721,0.00766,1.375035467
001_210℃_010_1.0mm.csv,1,10,1.41992,0.300055991,1.62206,0.300038208,0.20214,3.931667337
002_210℃_010_1.0mm.csv,1,10,1.420055,0.30004228,1.619485,0.300038912,0.19943,3.876874832
003_210℃_010_1.0mm.csv,1,10,1.420055,0.300055563,1.621595,0.300042371,0.20154,3.921373032
004_210℃_010_1.0mm.csv,1,10,1.42,0.300017804,1.619385,0.300006059,0.199385,3.87577752
005_210℃_010_1.0mm.csv,1,10,1.42009,0.300056757,1.61874,0.300010044,0.19865,3.857333444
006_210℃_010_1.0mm.csv,1,10,1.42013,0.300004875,1.620625,0.300008462,0.200495,3.896239
007_210℃_010_1.0mm.csv,1,10,1.419705,0.30002986,1.621865,0.300033792,0.20216,3.924664276
008_210℃_010_1.0mm.csv,1,10,1.419475,0.300032633,1.620565,0.300049677,0.20109,3.8935681
009_210℃_010_1.0mm.csv,1,10,1.419615,0.300053318,1.621985,0.300029631,0.20237,3.928189414
010_210℃_010_1.0mm.csv,1,10,1.420285,0.300000277,1.617905,0.300014174,0.19762,3.84147708
011_210℃_020_1.0mm.csv,1,20,1.46213,0.300010621,1.555485,0.300029418,0.093355,3.692246512
012_210℃_020_1.0mm.csv,1,20,1.46228,0.300069692,1.55461,0.300086381,0.09233,3.659783448
013_210℃_020_1.0mm.csv,1,20,1.46207,0.300052866,1.55541,0.300101369,0.09334,3.691622574
014_210℃_020_1.0mm.csv,1,20,1.46218,0.300040961,1.55504,0.300003483,0.09286,3.677453072
015_210℃_020_1.0mm.csv,1,20,1.461965,0.300065114,1.555805,0.300063539,0.09384,3.705552495
016_210℃_020_1.0mm.csv,1,20,1.46207,0.300023435,1.554835,0.300080628,0.092765,3.664839866
017_210℃_020_1.0mm.csv,1,20,1.462065,0.300063824,1.5554,0.300010952,0.093335,3.689999321
018_210℃_020_1.0mm.csv,1,20,1.46228,0.300082351,1.55463,0.300102414,0.09235,3.659852803
019_210℃_020_1.0mm.csv,1,20,1.46204,0.30008412,1.555405,0.300030861,0.093365,3.693165041
020_210℃_020_1.0mm.csv,1,20,1.461925,0.300045496,1.555665,0.30007064,0.09374,3.701426978
021_210℃_040_1.0mm.csv,1,40,1.4801,0.300117426,1.52579,0.300090675,0.04569,3.680345666
022_210℃_040_1.0mm.csv,1,40,1.480305,0.300015983,1.52595,0.300164155,0.045645,3.700152982
023_210℃_040_1.0mm.csv,1,40,1.480485,0.300062121,1.525915,0.30014275,0.04543,3.697205639
024_210℃_040_1.0mm.csv,1,40,1.48045,0.300145067,1.525875,0.300190358,0.045425,3.695675148
025_210℃_040_1.0mm.csv,1,40,1.48048,0.300046538,1.525535,0.300070786,0.045055,3.665165017
026_210℃_040_1.0mm.csv,1,40,1.480345,0.300081239,1.52626,0.300143727,0.045915,3.728365874
027_210℃_040_1.0mm.csv,1,40,1.480485,0.300057652,1.525455,0.300187218,0.04497,3.656763017
028_210℃_040_1.0mm.csv,1,40,1.480585,0.30014534,1.525095,0.300083202,0.04451,3.621082997
029_210℃_040_1.0mm.csv,1,40,1.480475,0.300134022,1.525815,0.300103136,0.04534,3.688056765
030_210℃_040_1.0mm.csv,1,40,1.480345,0.300161172,1.525805,0.300102831,0.04546,3.683569057
031_210℃_080_1.0mm.csv,1,80,1.487185,0.300011312,1.509895,0.300243504,0.02271,3.164981547
032_210℃_080_1.0mm.csv,1,80,1.48725,0.300087771,1.509775,0.300011846,0.022525,3.146622352
033_210℃_080_1.0mm.csv,1,80,1.487125,0.300151295,1.50997,0.300211564,0.022845,3.181511015
034_210℃_080_1.0mm.csv,1,80,1.48734,0.30022873,1.50932,0.300165294,0.02198,3.063846682
035_210℃_080_1.0mm.csv,1,80,1.48723,0.300166775,1.509605,0.300229186,0.022375,3.113289942
036_210℃_080_1.0mm.csv,1,80,1.487085,0.300053042,1.510225,0.300255494,0.02314,3.230185938
037_210℃_080_1.0mm.csv,1,80,1.487125,0.300061768,1.51008,0.300118583,0.022955,3.201362383
038_210℃_080_1.0mm.csv,1,80,1.48724,0.300151832,1.50975,0.300208775,0.02251,3.140145643
039_210℃_080_1.0mm.csv,1,80,1.48717,0.300136781,1.51002,0.300260354,0.02285,3.188433632
040_210℃_080_1.0mm.csv,1,80,1.48732,0.300011195,1.509805,0.300154376,0.022485,3.152818468
041_210℃_120_1.0mm.csv,1,120,1.489415,0.300173674,1.504475,0.300113733,0.01506,2.431497766
042_210℃_120_1.0mm.csv,1,120,1.489385,0.300128703,1.50504,0.300182034,0.015655,2.565919466
043_210℃_120_1.0mm.csv,1,120,1.489345,0.300053867,1.504665,0.300271016,0.01532,2.476681037
044_210℃_120_1.0mm.csv,1,120,1.489455,0.300052953,1.504885,0.300179945,0.01543,2.532642435
045_210℃_120_1.0mm.csv,1,120,1.48931,0.300049952,1.50485,0.300300376,0.01554,2.519647985
046_210℃_120_1.0mm.csv,1,120,1.48946,0.300207606,1.504535,0.300089993,0.015075,2.448110105
047_210℃_120_1.0mm.csv,1,120,1.489295,0.300104887,1.504885,0.300111127,0.01559,2.52739444
048_210℃_120_1.0mm.csv,1,120,1.48929,0.300040558,1.50489,0.300137344,0.0156,2.528032067
049_210℃_120_1.0mm.csv,1,120,1.48933,0.300144094,1.50464,0.300183987,0.01531,2.470637873
050_210℃_120_1.0mm.csv,1,120,1.489225,0.300201311,1.50499,0.300124442,0.015765,2.550743275
051_210℃_160_1.0mm.csv,1,160,1.49029,0.300165136,1.50245,0.300030874,0.01216,2.056464351
052_210℃_160_1.0mm.csv,1,160,1.49034,0.300158691,1.502255,0.300083719,0.011915,2.009292366
053_210℃_160_1.0mm.csv,1,160,1.49043,0.300028885,1.502235,0.300298053,0.011805,2.005148458
054_210℃_160_1.0mm.csv,1,160,1.490295,0.300133678,1.502445,0.300021759,0.01215,2.056350362
055_210℃_160_1.0mm.csv,1,160,1.490555,0.300285604,1.502265,0.300040757,0.01171,2.015142081
056_210℃_160_1.0mm.csv,1,160,1.490225,0.300237005,1.502765,0.300135794,0.01254,2.134718295
057_210℃_160_1.0mm.csv,1,160,1.490425,0.30014378,1.50243,0.300090268,0.012005,2.053543812
058_210℃_160_1.0mm.csv,1,160,1.490375,0.30008749,1.502635,0.300310225,0.01226,2.105447289
059_210℃_160_1.0mm.csv,1,160,1.490435,0.300283626,1.502275,0.300225733,0.01184,2.014988485
060_210℃_160_1.0mm.csv,1,160,1.4904,0.300267465,1.50215,0.300217984,0.01175,1.984415937
061_210℃_200_1.0mm.csv,1,200,1.490995,0.300161371,1.50105,0.300186722,0.010055,1.747462461
062_210℃_200_1.0mm.csv,1,200,1.490955,0.300159787,1.501015,0.300299675,0.01006,1.737404736
063_210℃_200_1.0mm.csv,1,200,1.491145,0.30006749,1.50134,0.300269847,0.010195,1.820522999
064_210℃_200_1.0mm.csv,1,200,1.491015,0.300238981,1.50094,0.300240544,0.009925,1.719519237
065_210℃_200_1.0mm.csv,1,200,1.49097,0.300032459,1.500975,0.300302866,0.010005,1.727980162
066_210℃_200_1.0mm.csv,1,200,1.49112,0.300238973,1.500855,0.300154937,0.009735,1.699582752
067_210℃_200_1.0mm.csv,1,200,1.49106,0.300124426,1.50097,0.300064365,0.00991,1.727329015
068_210℃_200_1.0mm.csv,1,200,1.491095,0.300135876,1.501035,0.300032958,0.00994,1.743539116
069_210℃_200_1.0mm.csv,1,200,1.491085,0.300267041,1.50082,0.300120729,0.009735,1.691860477
070_210℃_200_1.0mm.csv,1,200,1.491135,0.300242712,1.501095,0.300167078,0.00996,1.758988336
071_210℃_240_1.0mm.csv,1,240,1.49136,0.300185636,1.50035,0.300183558,0.00899,1.582722107
072_210℃_240_1.0mm.csv,1,240,1.491435,0.300021335,1.50052,0.300272979,0.009085,1.624367996
073_210℃_240_1.0mm.csv,1,240,1.491475,0.300200193,1.50011,0.300332821,0.008635,1.525927686
074_210℃_240_1.0mm.csv,1,240,1.491515,0.300170071,1.499615,0.300268023,0.0081,1.411877723
075_210℃_240_1.0mm.csv,1,240,1.491485,0.300162093,1.50018,0.300026302,0.008695,1.542559595
076_210℃_240_1.0mm.csv,1,240,1.49157,0.300321206,1.50003,0.300000643,0.00846,1.507227733
077_210℃_240_1.0mm.csv,1,240,1.491395,0.300157433,1.50011,0.300238589,0.008715,1.526289656
078_210℃_240_1.0mm.csv,1,240,1.4913,0.300236489,1.50049,0.30013999,0.00919,1.617130805
079_210℃_240_1.0mm.csv,1,240,1.491365,0.300248103,1.500085,0.300297707,0.00872,1.520969477
080_210℃_240_1.0mm.csv,1,240,1.491415,0.300320498,1.500435,0.300274904,0.00902,1.604300757
081_210℃_280_1.0mm.csv,1,280,1.491625,0.30008253,1.5002,0.300379929,0.008575,1.54860047
082_210℃_280_1.0mm.csv,1,280,1.49157,0.300057271,1.499685,0.300169592,0.008115,1.427051749
083_210℃_280_1.0mm.csv,1,280,1.49164,0.300282343,1.499595,0.300033395,0.007955,1.406265187
084_210℃_280_1.0mm.csv,1,280,1.49167,0.300146384,1.49957,0.300159766,0.0079,1.400591695
085_210℃_280_1.0mm.csv,1,280,1.49147,0.300315174,1.50022,0.300290941,0.00875,1.553094359
086_210℃_280_1.0mm.csv,1,280,1.49151,0.300110903,1.49995,0.300095341,0.00844,1.488933989
087_210℃_280_1.0mm.csv,1,280,1.491565,0.300056478,1.499695,0.300079733,0.00813,1.43026041
088_210℃_280_1.0mm.csv,1,280,1.491595,0.300021092,1.499675,0.300006585,0.00808,1.424658871
089_210℃_280_1.0mm.csv,1,280,1.491525,0.300078541,1.50002,0.300186318,0.008495,1.505651679
090_210℃_280_1.0mm.csv,1,280,1.491485,0.300024396,1.500075,0.300086821,0.00859,1.518683047
091_210℃_320_1.0mm.csv,1,320,1.491625,0.300195672,1.49977,0.300177546,0.008145,1.446225279
092_210℃_320_1.0mm.csv,1,320,1.49175,0.300300396,1.49945,0.300275331,0.0077,1.372194963
093_210℃_320_1.0mm.csv,1,320,1.491745,0.300208964,1.499195,0.300338313,0.00745,1.316196519
094_210℃_320_1.0mm.csv,1,320,1.49164,0.300023969,1.49973,0.300286945,0.00809,1.437472526
095_210℃_320_1.0mm.csv,1,320,1.49166,0.300272883,1.4993,0.300076624,0.00764,1.339540768
096_210℃_320_1.0mm.csv,1,320,1.49172,0.300129512,1.499555,0.300144499,0.007835,1.396804987
097_210℃_320_1.0mm.csv,1,320,1.491805,0.300162506,1.499225,0.300145125,0.00742,1.322003127
098_210℃_320_1.0mm.csv,1,320,1.491715,0.300217841,1.499785,0.300333502,0.00807,1.449513312
099_210℃_320_1.0mm.csv,1,320,1.491635,0.30005135,1.499205,0.300237167,0.00757,1.319078364
100_210℃_320_1.0mm.csv,1,320,1.49161,0.300176598,1.49992,0.300316989,0.00831,1.481586863
001_230℃_010_1.0mm.csv,1,10,1.414705,0.300035387,1.609685,0.300009618,0.19498,3.57544647
002_230℃_010_1.0mm.csv,1,10,1.41491,0.300016734,1.60809,0.300042284,0.19318,3.53974476
003_230℃_010_1.0mm.csv,1,10,1.414215,0.300029432,1.610955,0.300040801,0.19674,3.590759805
004_230℃_010_1.0mm.csv,1,10,1.41415,0.300031229,1.610735,0.300035787,0.196585,3.586909612
005_230℃_010_1.0mm.csv,1,10,1.414815,0.300048229,1.60752,0.30003235,0.192705,3.528776797
006_230℃_010_1.0mm.csv,1,10,1.41441,0.300052098,1.6073,0.300047284,0.19289,3.516700985
007_230℃_010_1.0mm.csv,1,10,1.414545,0.30000931,1.609505,0.300039385,0.19496,3.560109042
008_230℃_010_1.0mm.csv,1,10,1.41455,0.300010394,1.609545,0.300008851,0.194995,3.561413505
009_230℃_010_1.0mm.csv,1,10,1.413905,0.300036224,1.609535,0.300024291,0.19563,3.561410225
010_230℃_010_1.0mm.csv,1,10,1.41446,0.300042098,1.607355,0.300026311,0.192895,3.515974814
011_230℃_020_1.0mm.csv,1,20,1.45873,0.300096609,1.55084,0.300003899,0.09211,3.344066951
012_230℃_020_1.0mm.csv,1,20,1.45886,0.300079489,1.550355,0.300060139,0.091495,3.326689127
013_230℃_020_1.0mm.csv,1,20,1.4589,0.300001896,1.552005,0.300001262,0.093105,3.39209638
014_230℃_020_1.0mm.csv,1,20,1.45905,0.300049975,1.550535,0.30005932,0.091485,3.336124523
015_230℃_020_1.0mm.csv,1,20,1.45871,0.30003174,1.551265,0.300016459,0.092555,3.361691165
016_230℃_020_1.0mm.csv,1,20,1.45878,0.300052254,1.551655,0.300100732,0.092875,3.376055671
017_230℃_020_1.0mm.csv,1,20,1.458875,0.300045501,1.552175,0.300091071,0.0933,3.397773609
018_230℃_020_1.0mm.csv,1,20,1.458715,0.300071454,1.551245,0.300021379,0.09253,3.36157677
019_230℃_020_1.0mm.csv,1,20,1.45886,0.300088987,1.55019,0.300007093,0.09133,3.321343673
020_230℃_020_1.0mm.csv,1,20,1.45866,0.300002221,1.551635,0.300082712,0.092975,3.376808286
021_230℃_040_1.0mm.csv,1,40,1.479245,0.300138459,1.52452,0.300045751,0.045275,3.391806458
022_230℃_040_1.0mm.csv,1,40,1.479125,0.300053235,1.52436,0.300005033,0.045235,3.375949059
023_230℃_040_1.0mm.csv,1,40,1.47915,0.300057018,1.52421,0.300085383,0.04506,3.367696104
024_230℃_040_1.0mm.csv,1,40,1.4793,0.300098564,1.52417,0.300140105,0.04487,3.364442634
025_230℃_040_1.0mm.csv,1,40,1.47927,0.300102843,1.52385,0.300060062,0.04458,3.334942492
026_230℃_040_1.0mm.csv,1,40,1.479265,0.300146385,1.524085,0.300098789,0.04482,3.352167363
027_230℃_040_1.0mm.csv,1,40,1.479165,0.300026257,1.52441,0.300160622,0.045245,3.375687213
028_230℃_040_1.0mm.csv,1,40,1.479115,0.300013142,1.52405,0.300146752,0.044935,3.350125315
029_230℃_040_1.0mm.csv,1,40,1.47924,0.300130982,1.523705,0.300140005,0.044465,3.323921599
030_230℃_040_1.0mm.csv,1,40,1.47929,0.300082947,1.52368,0.300170559,0.04439,3.322921533
031_230℃_080_1.0mm.csv,1,80,1.486725,0.300228509,1.50952,0.300029372,0.022795,2.987575774
032_230℃_080_1.0mm.csv,1,80,1.48663,0.300161963,1.50942,0.300071204,0.02279,2.969431617
033_230℃_080_1.0mm.csv,1,80,1.48684,0.300231025,1.508985,0.30003569,0.022145,2.899163033
034_230℃_080_1.0mm.csv,1,80,1.48686,0.30009238,1.509315,0.300107599,0.022455,2.956383624
035_230℃_080_1.0mm.csv,1,80,1.48686,0.300233366,1.509345,0.300218748,0.022485,2.961788843
036_230℃_080_1.0mm.csv,1,80,1.48665,0.300048739,1.50969,0.300103853,0.02304,3.0153478
037_230℃_080_1.0mm.csv,1,80,1.486755,0.3000215,1.509215,0.300168806,0.02246,2.934890187
038_230℃_080_1.0mm.csv,1,80,1.486695,0.300093596,1.509475,0.30018905,0.02278,2.979006929
039_230℃_080_1.0mm.csv,1,80,1.48675,0.3000772,1.509185,0.30017215,0.022435,2.929728368
040_230℃_080_1.0mm.csv,1,80,1.48673,0.30001611,1.50909,0.300042604,0.02236,2.91304338
041_230℃_120_1.0mm.csv,1,120,1.48909,0.300143228,1.504305,0.300177951,0.015215,2.347563704
042_230℃_120_1.0mm.csv,1,120,1.489115,0.300267977,1.504645,0.300290657,0.01553,2.424972091
043_230℃_120_1.0mm.csv,1,120,1.489145,0.300215998,1.50448,0.300191213,0.015335,2.388023376
044_230℃_120_1.0mm.csv,1,120,1.48885,0.300151777,1.504815,0.300011191,0.015965,2.456890578
045_230℃_120_1.0mm.csv,1,120,1.489045,0.300008093,1.504535,0.300170506,0.01549,2.397338344
046_230℃_120_1.0mm.csv,1,120,1.488985,0.300186374,1.50431,0.300081539,0.015325,2.347641522
047_230℃_120_1.0mm.csv,1,120,1.489045,0.300012335,1.504315,0.300105832,0.01527,2.348980896
048_230℃_120_1.0mm.csv,1,120,1.489125,0.300077002,1.504235,0.300226177,0.01511,2.334174412
049_230℃_120_1.0mm.csv,1,120,1.48898,0.300195332,1.504435,0.300187452,0.015455,2.374387434
050_230℃_120_1.0mm.csv,1,120,1.48894,0.30015733,1.504545,0.300056604,0.015605,2.397453046
051_230℃_160_1.0mm.csv,1,160,1.490245,0.300253081,1.50193,0.300067627,0.011685,1.915523388
052_230℃_160_1.0mm.csv,1,160,1.490195,0.300264972,1.501955,0.300248386,0.01176,1.921148232
053_230℃_160_1.0mm.csv,1,160,1.48998,0.300095445,1.50237,0.300092773,0.01239,2.015028858
054_230℃_160_1.0mm.csv,1,160,1.49022,0.300105564,1.502055,0.300044091,0.011835,1.944606705
055_230℃_160_1.0mm.csv,1,160,1.4901,0.300263614,1.501995,0.300104677,0.011895,1.929269389
056_230℃_160_1.0mm.csv,1,160,1.490025,0.300165722,1.50224,0.30021872,0.012215,1.984557828
057_230℃_160_1.0mm.csv,1,160,1.49024,0.300192286,1.50202,0.300027512,0.01178,1.93625086
058_230℃_160_1.0mm.csv,1,160,1.490085,0.300013686,1.50226,0.300066146,0.012175,1.990501477
059_230℃_160_1.0mm.csv,1,160,1.490185,0.300287533,1.501965,0.300143652,0.01178,1.922508785
060_230℃_160_1.0mm.csv,1,160,1.490255,0.300038005,1.501985,0.300090332,0.01173,1.929065757
061_230℃_200_1.0mm.csv,1,200,1.49091,0.300145261,1.500805,0.300190079,0.009895,1.682004551
062_230℃_200_1.0mm.csv,1,200,1.49092,0.300178535,1.500355,0.300313235,0.009435,1.579187487
063_230℃_200_1.0mm.csv,1,200,1.49092,0.300120319,1.50021,0.300199104,0.00929,1.546820614
064_230℃_200_1.0mm.csv,1,200,1.49085,0.300090576,1.50054,0.300132119,0.00969,1.620677923
065_230℃_200_1.0mm.csv,1,200,1.49075,0.300173872,1.500965,0.30007217,0.010215,1.718426924
066_230℃_200_1.0mm.csv,1,200,1.490845,0.300028292,1.500895,0.300175324,0.01005,1.702948646
067_230℃_200_1.0mm.csv,1,200,1.4908,0.300046452,1.500415,0.300030959,0.009615,1.59164144
068_230℃_200_1.0mm.csv,1,200,1.49084,0.300074559,1.500915,0.30008274,0.010075,1.707314724
069_230℃_200_1.0mm.csv,1,200,1.49082,0.30008982,1.500935,0.300040281,0.010115,1.711449466
070_230℃_200_1.0mm.csv,1,200,1.490755,0.300195547,1.50101,0.300161879,0.010255,1.729277369
071_230℃_240_1.0mm.csv,1,240,1.49121,0.300240838,1.50007,0.300165128,0.00886,1.515953526
072_230℃_240_1.0mm.csv,1,240,1.49119,0.300129452,1.500125,0.300110137,0.008935,1.529190808
073_230℃_240_1.0mm.csv,1,240,1.491145,0.300245212,1.49989,0.300084703,0.008745,1.475696087
074_230℃_240_1.0mm.csv,1,240,1.49125,0.300212881,1.499965,0.300180017,0.008715,1.492892556
075_230℃_240_1.0mm.csv,1,240,1.491145,0.300168696,1.500115,0.300228532,0.00897,1.526533955
076_230℃_240_1.0mm.csv,1,240,1.491265,0.300054933,1.49998,0.300345109,0.008715,1.496120171
077_230℃_240_1.0mm.csv,1,240,1.49124,0.300163215,1.49981,0.300019617,0.00857,1.457724563
078_230℃_240_1.0mm.csv,1,240,1.491225,0.300246669,1.499885,0.300098169,0.00866,1.474650188
079_230℃_240_1.0mm.csv,1,240,1.49121,0.30011815,1.50014,0.30004754,0.00893,1.532152692
080_230℃_240_1.0mm.csv,1,240,1.49129,0.300319898,1.49972,0.3002651,0.00843,1.437623011
081_230℃_280_1.0mm.csv,1,280,1.49143,0.300258279,1.49932,0.300140145,0.00789,1.349531595
082_230℃_280_1.0mm.csv,1,280,1.491305,0.30024562,1.499825,0.300326864,0.00852,1.460619418
083_230℃_280_1.0mm.csv,1,280,1.49127,0.300135163,1.499705,0.300181739,0.008435,1.433697319
084_230℃_280_1.0mm.csv,1,280,1.491385,0.300002179,1.49987,0.30022163,0.008485,1.470395463
085_230℃_280_1.0mm.csv,1,280,1.4915,0.300149814,1.499415,0.300028456,0.007915,1.369725795
086_230℃_280_1.0mm.csv,1,280,1.49127,0.300264641,1.49976,0.300323283,0.00849,1.445911511
087_230℃_280_1.0mm.csv,1,280,1.49131,0.30011107,1.49978,0.300316623,0.00847,1.450813694
088_230℃_280_1.0mm.csv,1,280,1.491355,0.300013186,1.49963,0.300065047,0.008275,1.417538423
089_230℃_280_1.0mm.csv,1,280,1.491215,0.300073923,1.49981,0.300037069,0.008595,1.457431177
090_230℃_280_1.0mm.csv,1,280,1.491625,0.30034596,1.49933,0.300022908,0.007705,1.350375472
091_230℃_320_1.0mm.csv,1,320,1.49141,0.300281343,1.49968,0.30028178,0.00827,1.428175015
092_230℃_320_1.0mm.csv,1,320,1.49143,0.300137334,1.49962,0.3002818,0.00819,1.41446187
093_230℃_320_1.0mm.csv,1,320,1.49133,0.300314661,1.49946,0.300275226,0.00813,1.379104558
094_230℃_320_1.0mm.csv,1,320,1.491475,0.300134425,1.49971,0.300272726,0.008235,1.434854611
095_230℃_320_1.0mm.csv,1,320,1.49151,0.300057855,1.499615,0.300129215,0.008105,1.413350088
096_230℃_320_1.0mm.csv,1,320,1.491505,0.300149402,1.49941,0.300325959,0.007905,1.36739519
097_230℃_320_1.0mm.csv,1,320,1.49144,0.300110058,1.499355,0.300315607,0.007915,1.356092796
098_230℃_320_1.0mm.csv,1,320,1.49137,0.300171152,1.499595,0.300164108,0.008225,1.40877577
099_230℃_320_1.0mm.csv,1,320,1.49133,0.300097207,1.4997,0.300173542,0.00837,1.432952412
100_230℃_320_1.0mm.csv,1,320,1.49149,0.300182252,1.49968,0.300078474,0.00819,1.427922865
001_190℃_003_1.5mm.csv,1.5,3,1.01058,0.300005901,1.98039,0.300007253,0.96981,3.120485323
002_190℃_003_1.5mm.csv,1.5,3,1.01065,0.300012844,1.96343,0.300001786,0.95278,3.050836712
003_190℃_003_1.5mm.csv,1.5,3,1.00866,0.300004161,1.95232,0.300007344,0.94366,2.987882972
004_190℃_003_1.5mm.csv,1.5,3,1.00939,0.300008789,1.94864,0.300020214,0.93925,2.972560543
005_190℃_003_1.5mm.csv,1.5,3,1.01084,0.300000903,1.94081,0.300015075,0.92997,2.94110993
006_190℃_003_1.5mm.csv,1.5,3,1.01334,0.300013825,1.94487,0.300015672,0.93153,2.950487812
007_190℃_003_1.5mm.csv,1.5,3,1.01087,0.300007391,1.94437,0.300015309,0.9335,2.949173353
008_190℃_003_1.5mm.csv,1.5,3,1.01283,0.300001884,1.93976,0.300017356,0.92693,2.934841142
009_190℃_003_1.5mm.csv,1.5,3,1.00911,0.300005622,1.95467,0.300016222,0.94556,2.98464744
010_190℃_003_1.5mm.csv,1.5,3,1.01347,0.300012721,1.93607,0.300005109,0.9226,2.918328792
011_190℃_005_1.5mm.csv,1.5,5,1.19043,0.300003341,1.69234,0.300027108,0.50191,2.428903051
012_190℃_005_1.5mm.csv,1.5,5,1.18782,0.300021518,1.70009,0.300012528,0.51227,2.466332071
013_190℃_005_1.5mm.csv,1.5,5,1.18834,0.30000829,1.70039,0.300012511,0.51205,2.470699413
014_190℃_005_1.5mm.csv,1.5,5,1.1889,0.300003022,1.70231,0.300023676,0.51341,2.477932316
015_190℃_005_1.5mm.csv,1.5,5,1.18809,0.300023474,1.69869,0.300011975,0.5106,2.461270016
016_190℃_005_1.5mm.csv,1.5,5,1.18857,0.300015703,1.70068,0.300003571,0.51211,2.467938303
017_190℃_005_1.5mm.csv,1.5,5,1.18947,0.30001073,1.696,0.300023315,0.50653,2.446979999
018_190℃_005_1.5mm.csv,1.5,5,1.18669,0.300005933,1.69282,0.300006377,0.50613,2.431665164
019_190℃_005_1.5mm.csv,1.5,5,1.18724,0.300013674,1.70033,0.300022106,0.51309,2.462398168
020_190℃_005_1.5mm.csv,1.5,5,1.18584,0.300007327,1.69814,0.300011816,0.5123,2.456300805
021_190℃_010_1.5mm.csv,1.5,10,1.33557,0.300024766,1.57493,0.300005955,0.23936,2.172752461
022_190℃_010_1.5mm.csv,1.5,10,1.33471,0.300015056,1.578355,0.30001487,0.243645,2.205179799
023_190℃_010_1.5mm.csv,1.5,10,1.33432,0.300000115,1.58039,0.300010459,0.24607,2.220566253
024_190℃_010_1.5mm.csv,1.5,10,1.334515,0.300003851,1.58033,0.300021678,0.245815,2.22010517
025_190℃_010_1.5mm.csv,1.5,10,1.33519,0.300007557,1.576525,0.300000018,0.241335,2.186635305
026_190℃_010_1.5mm.csv,1.5,10,1.33475,0.300021321,1.58101,0.300014286,0.24626,2.223321233
027_190℃_010_1.5mm.csv,1.5,10,1.33413,0.30002589,1.57612,0.300018588,0.24199,2.181172118
028_190℃_010_1.5mm.csv,1.5,10,1.33373,0.300011632,1.58023,0.300008103,0.2465,2.221049233
029_190℃_010_1.5mm.csv,1.5,10,1.335245,0.300002222,1.576785,0.300013636,0.24154,2.185248864
030_190℃_010_1.5mm.csv,1.5,10,1.33352,0.300021144,1.5809,0.300026997,0.24738,2.223055044
031_190℃_020_1.5mm.csv,1.5,20,1.424295,0.300039795,1.541225,0.300006698,0.11693,2.241531484
032_190℃_020_1.5mm.csv,1.5,20,1.423255,0.300024061,1.540035,0.300037355,0.11678,2.214746442
033_190℃_020_1.5mm.csv,1.5,20,1.42321,0.300060629,1.54147,0.300056492,0.11826,2.24287776
034_190℃_020_1.5mm.csv,1.5,20,1.423425,0.30001621,1.540205,0.30005485,0.11678,2.219524854
035_190℃_020_1.5mm.csv,1.5,20,1.422925,0.300046391,1.539435,0.300036817,0.11651,2.206051805
036_190℃_020_1.5mm.csv,1.5,20,1.423145,0.300002277,1.53957,0.300035039,0.116425,2.205193865
037_190℃_020_1.5mm.csv,1.5,20,1.423165,0.300025839,1.540905,0.300035626,0.11774,2.229806333
038_190℃_020_1.5mm.csv,1.5,20,1.423175,0.30003984,1.54039,0.300057378,0.117215,2.220580568
039_190℃_020_1.5mm.csv,1.5,20,1.423235,0.300023004,1.54068,0.300032193,0.117445,2.225272191
040_190℃_020_1.5mm.csv,1.5,20,1.42313,0.300033413,1.539305,0.300044421,0.116175,2.202117572
041_190℃_040_1.5mm.csv,1.5,40,1.465685,0.300100055,1.522955,0.300011052,0.05727,2.392776969
042_190℃_040_1.5mm.csv,1.5,40,1.46567,0.300037316,1.52346,0.300095978,0.05779,2.412138198
043_190℃_040_1.5mm.csv,1.5,40,1.465545,0.300097362,1.52443,0.300129912,0.058885,2.451010073
044_190℃_040_1.5mm.csv,1.5,40,1.465525,0.300093425,1.52349,0.300062651,0.057965,2.413384552
045_190℃_040_1.5mm.csv,1.5,40,1.465505,0.300047201,1.52341,0.300090719,0.057905,2.411582816
046_190℃_040_1.5mm.csv,1.5,40,1.46556,0.300038444,1.52311,0.300129123,0.05755,2.400159273
047_190℃_040_1.5mm.csv,1.5,40,1.46545,0.300079056,1.522835,0.300004304,0.057385,2.388619421
048_190℃_040_1.5mm.csv,1.5,40,1.46546,0.300019979,1.522965,0.300013828,0.057505,2.395899414
049_190℃_040_1.5mm.csv,1.5,40,1.46546,0.300049113,1.523365,0.300036398,0.057905,2.413766938
050_190℃_040_1.5mm.csv,1.5,40,1.46538,0.300063912,1.523275,0.300076849,0.057895,2.40861525
051_190℃_080_1.5mm.csv,1.5,80,1.48174,0.300114663,1.510875,0.300020144,0.029135,2.466313076
052_190℃_080_1.5mm.csv,1.5,80,1.48187,0.300099122,1.51099,0.300180373,0.02912,2.476444491
053_190℃_080_1.5mm.csv,1.5,80,1.48175,0.300032937,1.510985,0.300201349,0.029235,2.476143516
054_190℃_080_1.5mm.csv,1.5,80,1.482055,0.30011688,1.51036,0.30019185,0.028305,2.421639608
055_190℃_080_1.5mm.csv,1.5,80,1.481885,0.300109921,1.510965,0.300000209,0.02908,2.477876348
056_190℃_080_1.5mm.csv,1.5,80,1.481725,0.300160399,1.510975,0.300063019,0.02925,2.477088321
057_190℃_080_1.5mm.csv,1.5,80,1.481955,0.300121433,1.5107,0.30009849,0.028745,2.450545724
058_190℃_080_1.5mm.csv,1.5,80,1.481825,0.3001122,1.51106,0.300149655,0.029235,2.484845975
059_190℃_080_1.5mm.csv,1.5,80,1.482055,0.300142801,1.50996,0.30015541,0.027905,2.384570632
060_190℃_080_1.5mm.csv,1.5,80,1.481915,0.300118012,1.5106,0.300075521,0.028685,2.443326056
061_190℃_120_1.5mm.csv,1.5,120,1.485805,0.300200898,1.505445,0.300194037,0.01964,2.217336241
062_190℃_120_1.5mm.csv,1.5,120,1.485795,0.300008903,1.505755,0.30000149,0.01996,2.262171782
063_190℃_120_1.5mm.csv,1.5,120,1.485795,0.300185522,1.50535,0.300088694,0.019555,2.204261416
064_190℃_120_1.5mm.csv,1.5,120,1.485795,0.30009369,1.50584,0.300192618,0.020045,2.272686819
065_190℃_120_1.5mm.csv,1.5,120,1.485785,0.300030885,1.505675,0.300048982,0.01989,2.249540842
066_190℃_120_1.5mm.csv,1.5,120,1.485875,0.300182799,1.505075,0.300135062,0.0192,2.166901958
067_190℃_120_1.5mm.csv,1.5,120,1.48591,0.300061055,1.505215,0.300070393,0.019305,2.186158124
068_190℃_120_1.5mm.csv,1.5,120,1.486025,0.300180645,1.50539,0.300074267,0.019365,2.211003588
069_190℃_120_1.5mm.csv,1.5,120,1.485945,0.300015474,1.505385,0.300238588,0.01944,2.211293314
070_190℃_120_1.5mm.csv,1.5,120,1.485735,0.300070064,1.50551,0.300143416,0.019775,2.225224505
071_190℃_160_1.5mm.csv,1.5,160,1.4877,0.300103826,1.502565,0.300009564,0.014865,1.903719415
072_190℃_160_1.5mm.csv,1.5,160,1.487585,0.300172381,1.502895,0.300234707,0.01531,1.957716602
073_190℃_160_1.5mm.csv,1.5,160,1.48762,0.300030397,1.50284,0.300117385,0.01522,1.949364838
074_190℃_160_1.5mm.csv,1.5,160,1.487805,0.300205985,1.5027,0.30011024,0.014895,1.927301809
075_190℃_160_1.5mm.csv,1.5,160,1.487795,0.300143912,1.502795,0.300102733,0.015,1.943019231
076_190℃_160_1.5mm.csv,1.5,160,1.48778,0.300054541,1.502785,0.300264443,0.015005,1.941225493
077_190℃_160_1.5mm.csv,1.5,160,1.487675,0.300199537,1.502845,0.300203314,0.01517,1.950061457
078_190℃_160_1.5mm.csv,1.5,160,1.487665,0.300038443,1.502515,0.300123853,0.01485,1.895246862
079_190℃_160_1.5mm.csv,1.5,160,1.487585,0.30022147,1.50285,0.300128206,0.015265,1.949864084
080_190℃_160_1.5mm.csv,1.5,160,1.48752,0.30016222,1.503125,0.300021911,0.015605,1.995298775
081_190℃_200_1.5mm.csv,1.5,200,1.48873,0.300216211,1.501485,0.300018898,0.012755,1.760575698
082_190℃_200_1.5mm.csv,1.5,200,1.48885,0.30008637,1.50131,0.300046151,0.01246,1.729109801
083_190℃_200_1.5mm.csv,1.5,200,1.48875,0.300055951,1.501315,0.300083062,0.012565,1.729531693
084_190℃_200_1.5mm.csv,1.5,200,1.48881,0.300232853,1.50134,0.300135341,0.01253,1.734525629
085_190℃_200_1.5mm.csv,1.5,200,1.48879,0.30024111,1.501405,0.300012158,0.012615,1.746580798
086_190℃_200_1.5mm.csv,1.5,200,1.48872,0.300256981,1.50123,0.300218498,0.01251,1.714140579
087_190℃_200_1.5mm.csv,1.5,200,1.488805,0.300099141,1.501,0.300231104,0.012195,1.672930442
088_190℃_200_1.5mm.csv,1.5,200,1.488795,0.300206614,1.5011,0.300079445,0.012305,1.690976759
089_190℃_200_1.5mm.csv,1.5,200,1.4887,0.300009246,1.501345,0.300151076,0.012645,1.734440231
090_190℃_200_1.5mm.csv,1.5,200,1.488885,0.300004189,1.50088,0.300113,0.011995,1.652654377
091_190℃_240_1.5mm.csv,1.5,240,1.489375,0.300032289,1.5002,0.300265039,0.010825,1.536575008
092_190℃_240_1.5mm.csv,1.5,240,1.48949,0.300072873,1.49999,0.300150131,0.0105,1.498351531
093_190℃_240_1.5mm.csv,1.5,240,1.48941,0.300263018,1.50024,0.300171736,0.01083,1.543870194
094_190℃_240_1.5mm.csv,1.5,240,1.48942,0.300244285,1.500185,0.300064678,0.010765,1.533913838
095_190℃_240_1.5mm.csv,1.5,240,1.489455,0.300104535,1.50014,0.300242793,0.010685,1.52613382
096_190℃_240_1.5mm.csv,1.5,240,1.489565,0.300152929,1.50002,0.300013838,0.010455,1.504161257
097_190℃_240_1.5mm.csv,1.5,240,1.48943,0.300123359,1.499875,0.300045855,0.010445,1.477856182
098_190℃_240_1.5mm.csv,1.5,240,1.489345,0.300188941,1.50048,0.300176986,0.011135,1.588821783
099_190℃_240_1.5mm.csv,1.5,240,1.489585,0.300142419,1.5001,0.300017649,0.010515,1.51898662
100_190℃_240_1.5mm.csv,1.5,240,1.489465,0.300214034,1.50028,0.300223717,0.010815,1.551899567
101_190℃_280_1.5mm.csv,1.5,280,1.4897,0.300002927,1.49965,0.300157114,0.00995,1.435751155
102_190℃_280_1.5mm.csv,1.5,280,1.48971,0.300113251,1.499655,0.300079742,0.009945,1.436836458
103_190℃_280_1.5mm.csv,1.5,280,1.48987,0.300208886,1.499355,0.300130741,0.009485,1.38127861
104_190℃_280_1.5mm.csv,1.5,280,1.489825,0.300198577,1.49987,0.300113584,0.010045,1.476307505
105_190℃_280_1.5mm.csv,1.5,280,1.48968,0.300122924,1.499645,0.300084992,0.009965,1.434532439
106_190℃_280_1.5mm.csv,1.5,280,1.48972,0.300097205,1.4996,0.300165509,0.00988,1.426512184
107_190℃_280_1.5mm.csv,1.5,280,1.48984,0.300179296,1.49959,0.300250258,0.00975,1.42435566
108_190℃_280_1.5mm.csv,1.5,280,1.48977,0.300001011,1.499955,0.300135894,0.010185,1.491978063
109_190℃_280_1.5mm.csv,1.5,280,1.489815,0.30020677,1.49971,0.300142049,0.009895,1.446020806
110_190℃_280_1.5mm.csv,1.5,280,1.489835,0.300224538,1.49928,0.300016454,0.009445,1.36848707
111_190℃_320_1.5mm.csv,1.5,320,1.4902,0.300225363,1.49907,0.300163853,0.00887,1.326413449
112_190℃_320_1.5mm.csv,1.5,320,1.49006,0.300246582,1.498945,0.300197634,0.008885,1.304371692
113_190℃_320_1.5mm.csv,1.5,320,1.49003,0.30011451,1.49927,0.300314739,0.00924,1.362946624
114_190℃_320_1.5mm.csv,1.5,320,1.490005,0.300027347,1.499335,0.300216866,0.00933,1.374782196
115_190℃_320_1.5mm.csv,1.5,320,1.490205,0.300198189,1.49888,0.300272404,0.008675,1.292273937
116_190℃_320_1.5mm.csv,1.5,320,1.490055,0.300165147,1.499185,0.300077476,0.00913,1.347842549
117_190℃_320_1.5mm.csv,1.5,320,1.49016,0.300118719,1.499005,0.300273335,0.008845,1.314874125
118_190℃_320_1.5mm.csv,1.5,320,1.48997,0.300233888,1.499175,0.300031127,0.009205,1.346224482
119_190℃_320_1.5mm.csv,1.5,320,1.49005,0.300116572,1.49919,0.300189115,0.00914,1.348925736
120_190℃_320_1.5mm.csv,1.5,320,1.4901,0.300000729,1.499215,0.300162833,0.009115,1.352672009
001_210℃_003_1.5mm.csv,1.5,3,0.99557,0.300001039,1.89564,0.300003696,0.90007,2.724540936
002_210℃_003_1.5mm.csv,1.5,3,0.99402,0.300000228,1.90137,0.300008804,0.90735,2.74077823
003_210℃_003_1.5mm.csv,1.5,3,1.00078,0.300007235,1.86176,0.300010287,0.86098,2.611774272
004_210℃_003_1.5mm.csv,1.5,3,1.00058,0.300014525,1.87907,0.300001361,0.87849,2.657181873
005_210℃_003_1.5mm.csv,1.5,3,0.99886,0.300007756,1.87218,0.300014129,0.87332,2.627658435
006_210℃_003_1.5mm.csv,1.5,3,0.99574,0.300001144,1.87014,0.300002765,0.8744,2.623330026
007_210℃_003_1.5mm.csv,1.5,3,0.99281,0.300005785,1.87436,0.300007138,0.88155,2.641100339
008_210℃_003_1.5mm.csv,1.5,3,0.99355,0.300016211,1.87868,0.300009667,0.88513,2.652281707
009_210℃_003_1.5mm.csv,1.5,3,0.99768,0.300012367,1.86781,0.300018939,0.87013,2.61304582
010_210℃_003_1.5mm.csv,1.5,3,0.99603,0.300003068,1.86979,0.300001416,0.87376,2.618210665
011_210℃_005_1.5mm.csv,1.5,5,1.1685,0.300009631,1.66778,0.300013799,0.49928,2.25006268
012_210℃_005_1.5mm.csv,1.5,5,1.16653,0.300023322,1.67516,0.300012227,0.50863,2.285171192
013_210℃_005_1.5mm.csv,1.5,5,1.16508,0.300021841,1.67374,0.300023119,0.50866,2.281030636
014_210℃_005_1.5mm.csv,1.5,5,1.16817,0.300016244,1.6687,0.300022927,0.50053,2.255607975
015_210℃_005_1.5mm.csv,1.5,5,1.16824,0.300005939,1.66481,0.300006838,0.49657,2.234982681
016_210℃_005_1.5mm.csv,1.5,5,1.16733,0.30001899,1.67253,0.300003208,0.5052,2.268583977
017_210℃_005_1.5mm.csv,1.5,5,1.16473,0.300019407,1.66994,0.300010116,0.50521,2.254351519
018_210℃_005_1.5mm.csv,1.5,5,1.16721,0.300020543,1.66386,0.300001459,0.49665,2.231720451
019_210℃_005_1.5mm.csv,1.5,5,1.16565,0.300007843,1.6686,0.300023585,0.50295,2.251590212
020_210℃_005_1.5mm.csv,1.5,5,1.16541,0.300004373,1.67015,0.300016371,0.50474,2.255680317
021_210℃_010_1.5mm.csv,1.5,10,1.31792,0.30002099,1.560085,0.300018704,0.242165,1.98704298
022_210℃_010_1.5mm.csv,1.5,10,1.31787,0.30002056,1.563895,0.300006067,0.246025,2.01380677
023_210℃_010_1.5mm.csv,1.5,10,1.31958,0.300016276,1.554465,0.300016442,0.234885,1.935683512
024_210℃_010_1.5mm.csv,1.5,10,1.31797,0.300006006,1.55878,0.300020245,0.24081,1.971681082
025_210℃_010_1.5mm.csv,1.5,10,1.31832,0.300016,1.55902,0.300013949,0.2407,1.976077483
026_210℃_010_1.5mm.csv,1.5,10,1.317985,0.300014914,1.559455,0.300013475,0.24147,1.976425581
027_210℃_010_1.5mm.csv,1.5,10,1.317265,0.300022296,1.565935,0.30001548,0.24867,2.034669452
028_210℃_010_1.5mm.csv,1.5,10,1.317115,0.300008021,1.560465,0.300006481,0.24335,1.985777459
029_210℃_010_1.5mm.csv,1.5,10,1.31711,0.300016876,1.56236,0.30002342,0.24525,2.005286543
030_210℃_010_1.5mm.csv,1.5,10,1.31809,0.300002263,1.555905,0.300020708,0.237815,1.948847669
031_210℃_020_1.5mm.csv,1.5,20,1.413025,0.300051166,1.53065,0.300022055,0.117625,1.98803528
032_210℃_020_1.5mm.csv,1.5,20,1.41319,0.300022867,1.531565,0.300019157,0.118375,2.002716031
033_210℃_020_1.5mm.csv,1.5,20,1.41339,0.300030553,1.5308,0.300025306,0.11741,1.990124841
034_210℃_020_1.5mm.csv,1.5,20,1.41362,0.300029153,1.52891,0.300045779,0.11529,1.959981994
035_210℃_020_1.5mm.csv,1.5,20,1.413445,0.300032993,1.530475,0.300057833,0.11703,1.981840925
036_210℃_020_1.5mm.csv,1.5,20,1.412915,0.300005601,1.53145,0.300017325,0.118535,1.999881179
037_210℃_020_1.5mm.csv,1.5,20,1.41303,0.300054239,1.532325,0.300001333,0.119295,2.015169102
038_210℃_020_1.5mm.csv,1.5,20,1.41328,0.300019904,1.53176,0.30004666,0.11848,2.002443331
039_210℃_020_1.5mm.csv,1.5,20,1.413535,0.300027101,1.52883,0.30001779,0.115295,1.957237299
040_210℃_020_1.5mm.csv,1.5,20,1.413245,0.300037008,1.52894,0.300043563,0.115695,1.960160587
041_210℃_040_1.5mm.csv,1.5,40,1.46177,0.300092711,1.52115,0.300110361,0.05938,2.229332367
042_210℃_040_1.5mm.csv,1.5,40,1.46188,0.300079214,1.519305,0.300039295,0.057425,2.165670351
043_210℃_040_1.5mm.csv,1.5,40,1.46208,0.300047657,1.51881,0.300085618,0.05673,2.147793333
044_210℃_040_1.5mm.csv,1.5,40,1.46205,0.300086855,1.520295,0.300043015,0.058245,2.201806
045_210℃_040_1.5mm.csv,1.5,40,1.46201,0.300068013,1.51972,0.300119005,0.05771,2.18053876
046_210℃_040_1.5mm.csv,1.5,40,1.462155,0.300064102,1.52017,0.300089172,0.058015,2.197506625
047_210℃_040_1.5mm.csv,1.5,40,1.462055,0.300074759,1.51846,0.300055364,0.056405,2.132464692
048_210℃_040_1.5mm.csv,1.5,40,1.462045,0.300059962,1.5193,0.300063879,0.057255,2.163644376
049_210℃_040_1.5mm.csv,1.5,40,1.46192,0.30005524,1.520745,0.300069647,0.058825,2.214897012
050_210℃_040_1.5mm.csv,1.5,40,1.462105,0.300057549,1.519235,0.300111913,0.05713,2.162809634
051_210℃_080_1.5mm.csv,1.5,80,1.48069,0.300144091,1.50986,0.300029892,0.02917,2.289753199
052_210℃_080_1.5mm.csv,1.5,80,1.48057,0.300112788,1.510205,0.300178075,0.029635,2.314190402
053_210℃_080_1.5mm.csv,1.5,80,1.48067,0.300135511,1.509895,0.300120982,0.029225,2.292762362
054_210℃_080_1.5mm.csv,1.5,80,1.48066,0.30012162,1.509515,0.300052273,0.028855,2.261196783
055_210℃_080_1.5mm.csv,1.5,80,1.480705,0.300033198,1.50892,0.300053429,0.028215,2.213175953
056_210℃_080_1.5mm.csv,1.5,80,1.48071,0.300093472,1.50941,0.300128641,0.0287,2.252662251
057_210℃_080_1.5mm.csv,1.5,80,1.480775,0.300133622,1.50894,0.300120876,0.028165,2.213566768
058_210℃_080_1.5mm.csv,1.5,80,1.480555,0.300050998,1.509595,0.300144108,0.02904,2.266041556
059_210℃_080_1.5mm.csv,1.5,80,1.48072,0.30017533,1.50934,0.300157678,0.02862,2.246076443
060_210℃_080_1.5mm.csv,1.5,80,1.48046,0.300151257,1.50968,0.300140605,0.02922,2.273920035
061_210℃_120_1.5mm.csv,1.5,120,1.485225,0.300149571,1.504885,0.300072218,0.01966,2.091438829
062_210℃_120_1.5mm.csv,1.5,120,1.485225,0.300096605,1.504995,0.300095457,0.01977,2.105227906
063_210℃_120_1.5mm.csv,1.5,120,1.48524,0.300073953,1.50468,0.30016349,0.01944,2.065461928
064_210℃_120_1.5mm.csv,1.5,120,1.485245,0.300150653,1.504825,0.300237097,0.01958,2.08464677
065_210℃_120_1.5mm.csv,1.5,120,1.485095,0.300074778,1.504975,0.300121031,0.01988,2.102051335
066_210℃_120_1.5mm.csv,1.5,120,1.48494,0.30011931,1.505255,0.300093283,0.020315,2.136294967
067_210℃_120_1.5mm.csv,1.5,120,1.485265,0.300010415,1.504345,0.300211747,0.01908,2.02461599
068_210℃_120_1.5mm.csv,1.5,120,1.48518,0.300196674,1.504695,0.300041547,0.019515,2.067967708
069_210℃_120_1.5mm.csv,1.5,120,1.485095,0.30010533,1.50489,0.300062428,0.019795,2.09232671
070_210℃_120_1.5mm.csv,1.5,120,1.48509,0.300179628,1.505305,0.300005996,0.020215,2.143429122
071_210℃_160_1.5mm.csv,1.5,160,1.487335,0.300179798,1.50203,0.300238041,0.014695,1.798123611
072_210℃_160_1.5mm.csv,1.5,160,1.487365,0.300232968,1.5019,0.30011577,0.014535,1.77916715
073_210℃_160_1.5mm.csv,1.5,160,1.487075,0.300208371,1.50248,0.300205767,0.015405,1.865704891
074_210℃_160_1.5mm.csv,1.5,160,1.48712,0.300037239,1.502465,0.300216798,0.015345,1.863728273
075_210℃_160_1.5mm.csv,1.5,160,1.48715,0.300039442,1.502305,0.300041879,0.015155,1.840109386
076_210℃_160_1.5mm.csv,1.5,160,1.487175,0.300209607,1.502215,0.300198421,0.01504,1.826270766
077_210℃_160_1.5mm.csv,1.5,160,1.48725,0.300185443,1.5021,0.300016275,0.01485,1.809167172
078_210℃_160_1.5mm.csv,1.5,160,1.487255,0.300200919,1.502185,0.300186111,0.01493,1.822071974
079_210℃_160_1.5mm.csv,1.5,160,1.48718,0.300174806,1.502745,0.300117018,0.015565,1.907532922
080_210℃_160_1.5mm.csv,1.5,160,1.487225,0.300178541,1.502335,0.300134945,0.01511,1.844989668
081_210℃_200_1.5mm.csv,1.5,200,1.4885,0.300216481,1.500785,0.300237249,0.012285,1.628854389
082_210℃_200_1.5mm.csv,1.5,200,1.488515,0.300229563,1.500395,0.300102911,0.01188,1.564575988
083_210℃_200_1.5mm.csv,1.5,200,1.48843,0.300123935,1.50061,0.300263459,0.01218,1.599971477
084_210℃_200_1.5mm.csv,1.5,200,1.48852,0.30008296,1.50061,0.300258188,0.01209,1.600021853
085_210℃_200_1.5mm.csv,1.5,200,1.488405,0.300039599,1.500775,0.300205271,0.01237,1.627282358
086_210℃_200_1.5mm.csv,1.5,200,1.48833,0.300217067,1.501475,0.300222171,0.013145,1.746053251
087_210℃_200_1.5mm.csv,1.5,200,1.48849,0.300247173,1.50059,0.300257252,0.0121,1.596600679
088_210℃_200_1.5mm.csv,1.5,200,1.488435,0.300182931,1.500475,0.30015356,0.01204,1.577477819
089_210℃_200_1.5mm.csv,1.5,200,1.488345,0.300008849,1.500915,0.300147565,0.01257,1.650609347
090_210℃_200_1.5mm.csv,1.5,200,1.48853,0.300203345,1.500975,0.300145677,0.012445,1.661202594
091_210℃_240_1.5mm.csv,1.5,240,1.48925,0.300253915,1.49974,0.300065764,0.01049,1.455593313
092_210℃_240_1.5mm.csv,1.5,240,1.4891,0.300233873,1.49977,0.300003061,0.01067,1.460994576
093_210℃_240_1.5mm.csv,1.5,240,1.4892,0.300215629,1.499665,0.300239648,0.010465,1.442812902
094_210℃_240_1.5mm.csv,1.5,240,1.489055,0.300028752,1.499875,0.300101537,0.01082,1.478756353
095_210℃_240_1.5mm.csv,1.5,240,1.489105,0.300025958,1.499945,0.300270254,0.01084,1.490767627
096_210℃_240_1.5mm.csv,1.5,240,1.48922,0.300017929,1.499645,0.300256156,0.010425,1.439472431
097_210℃_240_1.5mm.csv,1.5,240,1.48915,0.300108479,1.4999,0.300021731,0.01075,1.482699852
098_210℃_240_1.5mm.csv,1.5,240,1.48925,0.300217992,1.499805,0.300264966,0.010555,1.466344975
099_210℃_240_1.5mm.csv,1.5,240,1.489155,0.300213664,1.499755,0.300057011,0.0106,1.457999333
100_210℃_240_1.5mm.csv,1.5,240,1.489165,0.30002881,1.49949,0.300140984,0.010325,1.412828466
101_210℃_280_1.5mm.csv,1.5,280,1.489595,0.300003077,1.499205,0.300145381,0.00961,1.359692376
102_210℃_280_1.5mm.csv,1.5,280,1.48952,0.300182902,1.49926,0.300048924,0.00974,1.369753875
103_210℃_280_1.5mm.csv,1.5,280,1.489415,0.300101482,1.4993,0.300297008,0.009885,1.376981561
104_210℃_280_1.5mm.csv,1.5,280,1.48947,0.300237174,1.49934,0.300161231,0.00987,1.383695204
105_210℃_280_1.5mm.csv,1.5,280,1.489375,0.300044805,1.499255,0.300281263,0.00988,1.369284022
106_210℃_280_1.5mm.csv,1.5,280,1.48945,0.300181109,1.49905,0.300205039,0.0096,1.334076525
107_210℃_280_1.5mm.csv,1.5,280,1.48951,0.300215297,1.49902,0.300105678,0.00951,1.32890938
108_210℃_280_1.5mm.csv,1.5,280,1.489295,0.300017049,1.499535,0.30019945,0.01024,1.4182003
109_210℃_280_1.5mm.csv,1.5,280,1.489445,0.30020567,1.499395,0.300150375,0.00995,1.393277876
110_210℃_280_1.5mm.csv,1.5,280,1.489525,0.300245376,1.49934,0.300166561,0.009815,1.383775656
111_210℃_320_1.5mm.csv,1.5,320,1.489725,0.300041931,1.499205,0.300202678,0.00948,1.357495385
112_210℃_320_1.5mm.csv,1.5,320,1.48986,0.300207328,1.498935,0.300179636,0.009075,1.310282301
113_210℃_320_1.5mm.csv,1.5,320,1.489725,0.300192757,1.49874,0.300176026,0.009015,1.277327714
114_210℃_320_1.5mm.csv,1.5,320,1.48963,0.300072627,1.49886,0.300091744,0.00923,1.298068196
115_210℃_320_1.5mm.csv,1.5,320,1.48973,0.300058891,1.498945,0.300200844,0.009215,1.31171324
116_210℃_320_1.5mm.csv,1.5,320,1.48974,0.300130258,1.49879,0.300144789,0.00905,1.286060907
117_210℃_320_1.5mm.csv,1.5,320,1.48972,0.300026227,1.49892,0.300263861,0.0092,1.308308832
118_210℃_320_1.5mm.csv,1.5,320,1.489665,0.300041599,1.498865,0.30022109,0.0092,1.299408756
119_210℃_320_1.5mm.csv,1.5,320,1.48961,0.300115437,1.498845,0.300178302,0.009235,1.295336324
120_210℃_320_1.5mm.csv,1.5,320,1.489795,0.300119803,1.49867,0.300159053,0.008875,1.264309912
001_230℃_003_1.5mm.csv,1.5,3,0.97017,0.300010257,1.83958,0.300005846,0.86941,2.459121915
002_230℃_003_1.5mm.csv,1.5,3,0.97283,0.300007905,1.83378,0.300008281,0.86095,2.433380402
003_230℃_003_1.5mm.csv,1.5,3,0.96946,0.300002612,1.83334,0.300006673,0.86388,2.426930051
004_230℃_003_1.5mm.csv,1.5,3,0.96752,0.300005751,1.83945,0.300011538,0.87193,2.442263367
005_230℃_003_1.5mm.csv,1.5,3,0.96886,0.300010008,1.83149,0.300017061,0.86263,2.416024744
006_230℃_003_1.5mm.csv,1.5,3,0.96736,0.300002462,1.83049,0.300003746,0.86313,2.419483901
007_230℃_003_1.5mm.csv,1.5,3,0.96776,0.300011879,1.81457,0.300012868,0.84681,2.371220269
008_230℃_003_1.5mm.csv,1.5,3,0.96405,0.300008821,1.83184,0.300001575,0.86779,2.4206697
009_230℃_003_1.5mm.csv,1.5,3,0.96474,0.300004729,1.82179,0.300017275,0.85705,2.394390046
010_230℃_003_1.5mm.csv,1.5,3,0.96362,0.300010302,1.8194,0.300007419,0.85578,2.384378621
011_230℃_005_1.5mm.csv,1.5,5,1.14163,0.300001004,1.639,0.300021973,0.49737,2.069025628
012_230℃_005_1.5mm.csv,1.5,5,1.14315,0.300016909,1.6414,0.300015259,0.49825,2.07435833
013_230℃_005_1.5mm.csv,1.5,5,1.14146,0.300002287,1.64398,0.300009381,0.50252,2.089337907
014_230℃_005_1.5mm.csv,1.5,5,1.14038,0.300023247,1.64696,0.300007216,0.50658,2.094772153
015_230℃_005_1.5mm.csv,1.5,5,1.14145,0.300023055,1.64157,0.300020098,0.50012,2.074130051
016_230℃_005_1.5mm.csv,1.5,5,1.14281,0.300012995,1.6348,0.30000146,0.49199,2.048739444
017_230℃_005_1.5mm.csv,1.5,5,1.13868,0.30000148,1.64976,0.300007449,0.51108,2.108545996
018_230℃_005_1.5mm.csv,1.5,5,1.14095,0.300020788,1.63909,0.300016105,0.49814,2.066752501
019_230℃_005_1.5mm.csv,1.5,5,1.14164,0.300021754,1.63851,0.300012045,0.49687,2.061328669
020_230℃_005_1.5mm.csv,1.5,5,1.14004,0.30002148,1.63665,0.300015747,0.49661,2.052741674
021_230℃_010_1.5mm.csv,1.5,10,1.298105,0.300005303,1.53902,0.300012043,0.240915,1.784945135
022_230℃_010_1.5mm.csv,1.5,10,1.297195,0.300002892,1.54476,0.300007227,0.247565,1.823046752
023_230℃_010_1.5mm.csv,1.5,10,1.29915,0.30000031,1.538575,0.300018322,0.239425,1.779119235
024_230℃_010_1.5mm.csv,1.5,10,1.296425,0.300001687,1.549615,0.300005234,0.25319,1.859824387
025_230℃_010_1.5mm.csv,1.5,10,1.298655,0.300011528,1.54146,0.300008913,0.242805,1.804564
026_230℃_010_1.5mm.csv,1.5,10,1.298865,0.300015664,1.542,0.300005108,0.243135,1.804838999
027_230℃_010_1.5mm.csv,1.5,10,1.29779,0.300004206,1.546295,0.300006502,0.248505,1.836992914
028_230℃_010_1.5mm.csv,1.5,10,1.298495,0.300013734,1.540755,0.300014901,0.24226,1.797069708
029_230℃_010_1.5mm.csv,1.5,10,1.29928,0.30000598,1.545745,0.300001933,0.246465,1.833775091
030_230℃_010_1.5mm.csv,1.5,10,1.29659,0.300008079,1.54051,0.300012482,0.24392,1.795750164
031_230℃_020_1.5mm.csv,1.5,20,1.401395,0.300022731,1.5225,0.300031541,0.121105,1.815542852
032_230℃_020_1.5mm.csv,1.5,20,1.402025,0.300012661,1.51934,0.300019244,0.117315,1.770709962
033_230℃_020_1.5mm.csv,1.5,20,1.401625,0.300001616,1.52164,0.300028726,0.120015,1.803234219
034_230℃_020_1.5mm.csv,1.5,20,1.401715,0.300036811,1.521795,0.300011688,0.12008,1.807343206
035_230℃_020_1.5mm.csv,1.5,20,1.40183,0.300023571,1.52135,0.300029086,0.11952,1.802780113
036_230℃_020_1.5mm.csv,1.5,20,1.40174,0.300025643,1.52186,0.300037768,0.12012,1.807216841
037_230℃_020_1.5mm.csv,1.5,20,1.401615,0.300049877,1.521405,0.300011534,0.11979,1.801744239
038_230℃_020_1.5mm.csv,1.5,20,1.40152,0.300016201,1.52092,0.300017857,0.1194,1.795835484
039_230℃_020_1.5mm.csv,1.5,20,1.40182,0.30004209,1.51859,0.300027002,0.11677,1.76186648
040_230℃_020_1.5mm.csv,1.5,20,1.40134,0.300032668,1.52233,0.300015203,0.12099,1.815929143
041_230℃_040_1.5mm.csv,1.5,40,1.457475,0.300054012,1.515255,0.300098687,0.05778,1.967968625
042_230℃_040_1.5mm.csv,1.5,40,1.457945,0.300111581,1.51502,0.300034947,0.057075,1.959278825
043_230℃_040_1.5mm.csv,1.5,40,1.457635,0.300059811,1.515165,0.300013725,0.05753,1.9635013
044_230℃_040_1.5mm.csv,1.5,40,1.457875,0.30004573,1.51546,0.300056915,0.057585,1.974747044
045_230℃_040_1.5mm.csv,1.5,40,1.45753,0.300003149,1.51567,0.300036011,0.05814,1.981588292
046_230℃_040_1.5mm.csv,1.5,40,1.4579,0.300047286,1.515745,0.300108362,0.057845,1.986357184
047_230℃_040_1.5mm.csv,1.5,40,1.457585,0.300082544,1.51541,0.300007485,0.057825,1.974200577
048_230℃_040_1.5mm.csv,1.5,40,1.457805,0.300002806,1.5149,0.300091422,0.057095,1.956407883
049_230℃_040_1.5mm.csv,1.5,40,1.4577,0.300051173,1.51383,0.300060781,0.05613,1.923438605
050_230℃_040_1.5mm.csv,1.5,40,1.457795,0.300038106,1.515705,0.300087943,0.05791,1.983386531
051_230℃_080_1.5mm.csv,1.5,80,1.47919,0.300014794,1.50854,0.300132825,0.02935,2.114439042
052_230℃_080_1.5mm.csv,1.5,80,1.479115,0.300072051,1.508705,0.300115477,0.02959,2.125336531
053_230℃_080_1.5mm.csv,1.5,80,1.479235,0.300009489,1.508265,0.300000373,0.02903,2.094011365
054_230℃_080_1.5mm.csv,1.5,80,1.479205,0.300015623,1.508125,0.300118804,0.02892,2.084414261
055_230℃_080_1.5mm.csv,1.5,80,1.479445,0.300045044,1.508395,0.300038253,0.02895,2.103822675
056_230℃_080_1.5mm.csv,1.5,80,1.47926,0.300058865,1.5087,0.300155888,0.02944,2.126809767
057_230℃_080_1.5mm.csv,1.5,80,1.479345,0.300120595,1.507505,0.300035336,0.02816,2.038196128
058_230℃_080_1.5mm.csv,1.5,80,1.4791,0.300169515,1.50874,0.300104135,0.02964,2.128578722
059_230℃_080_1.5mm.csv,1.5,80,1.47932,0.300126724,1.50792,0.300162042,0.0286,2.068644434
060_230℃_080_1.5mm.csv,1.5,80,1.47936,0.300173391,1.50797,0.300090819,0.02861,2.07358501
061_230℃_120_1.5mm.csv,1.5,120,1.484535,0.300040149,1.50378,0.300037854,0.019245,1.918600647
062_230℃_120_1.5mm.csv,1.5,120,1.48464,0.300142175,1.503955,0.300007006,0.019315,1.938496657
063_230℃_120_1.5mm.csv,1.5,120,1.48457,0.300001404,1.503865,0.300169277,0.019295,1.929146563
064_230℃_120_1.5mm.csv,1.5,120,1.484625,0.300055414,1.50341,0.300101517,0.018785,1.87687112
065_230℃_120_1.5mm.csv,1.5,120,1.48441,0.300160603,1.503915,0.300067661,0.019505,1.932845404
066_230℃_120_1.5mm.csv,1.5,120,1.48451,0.300104576,1.504055,0.300036076,0.019545,1.950254776
067_230℃_120_1.5mm.csv,1.5,120,1.48464,0.300072406,1.50388,0.300227222,0.01924,1.931158186
068_230℃_120_1.5mm.csv,1.5,120,1.484375,0.30005071,1.504445,0.300152516,0.02007,1.994222623
069_230℃_120_1.5mm.csv,1.5,120,1.484345,0.300009938,1.504465,0.300233793,0.02012,1.996056481
070_230℃_120_1.5mm.csv,1.5,120,1.48449,0.300128011,1.50439,0.300080006,0.0199,1.988320247
071_230℃_160_1.5mm.csv,1.5,160,1.486715,0.30009808,1.50156,0.300210228,0.014845,1.714029286
072_230℃_160_1.5mm.csv,1.5,160,1.486795,0.300191451,1.501475,0.300043846,0.01468,1.701948685
073_230℃_160_1.5mm.csv,1.5,160,1.486665,0.300179691,1.502005,0.300002406,0.01534,1.776385374
074_230℃_160_1.5mm.csv,1.5,160,1.48663,0.300126345,1.50232,0.300174752,0.01569,1.822020094
075_230℃_160_1.5mm.csv,1.5,160,1.486565,0.300047641,1.502065,0.300072304,0.0155,1.78453382
076_230℃_160_1.5mm.csv,1.5,160,1.486565,0.30021493,1.50192,0.300201079,0.015355,1.763861091
077_230℃_160_1.5mm.csv,1.5,160,1.486715,0.300032833,1.50207,0.300065803,0.015355,1.785750879
078_230℃_160_1.5mm.csv,1.5,160,1.486595,0.300043401,1.50203,0.300208742,0.015435,1.779706916
079_230℃_160_1.5mm.csv,1.5,160,1.48665,0.300006034,1.50155,0.300222197,0.0149,1.711457877
080_230℃_160_1.5mm.csv,1.5,160,1.486535,0.300181472,1.50203,0.300068068,0.015495,1.779349275
081_230℃_200_1.5mm.csv,1.5,200,1.48805,0.300152086,1.500605,0.300245248,0.012555,1.593966662
082_230℃_200_1.5mm.csv,1.5,200,1.4879,0.300243787,1.500525,0.300182535,0.012625,1.581729287
083_230℃_200_1.5mm.csv,1.5,200,1.48795,0.300068873,1.50036,0.300261484,0.01241,1.555992499
084_230℃_200_1.5mm.csv,1.5,200,1.487955,0.300011232,1.50056,0.300045023,0.012605,1.586682382
085_230℃_200_1.5mm.csv,1.5,200,1.487875,0.300233295,1.50054,0.300006874,0.012665,1.583591939
086_230℃_200_1.5mm.csv,1.5,200,1.487965,0.300166308,1.50043,0.300017481,0.012465,1.566830978
087_230℃_200_1.5mm.csv,1.5,200,1.48804,0.300029092,1.50042,0.300110778,0.01238,1.565350619
088_230℃_200_1.5mm.csv,1.5,200,1.48807,0.30006847,1.50036,0.300243122,0.01229,1.556296424
089_230℃_200_1.5mm.csv,1.5,200,1.48793,0.300021872,1.500725,0.300249499,0.012795,1.612724704
090_230℃_200_1.5mm.csv,1.5,200,1.487935,0.300202465,1.500535,0.300243009,0.0126,1.583188679
091_230℃_240_1.5mm.csv,1.5,240,1.488665,0.300065906,1.499625,0.3001195,0.01096,1.438963778
092_230℃_240_1.5mm.csv,1.5,240,1.48874,0.300222895,1.499875,0.300099541,0.011135,1.47943755
093_230℃_240_1.5mm.csv,1.5,240,1.488805,0.300238027,1.49967,0.300185759,0.010865,1.446344754
094_230℃_240_1.5mm.csv,1.5,240,1.48878,0.300228242,1.49939,0.300109954,0.01061,1.400958922
095_230℃_240_1.5mm.csv,1.5,240,1.48884,0.300231878,1.49951,0.300282468,0.01067,1.420258488
096_230℃_240_1.5mm.csv,1.5,240,1.48886,0.300127452,1.49956,0.300104463,0.0107,1.427806663
097_230℃_240_1.5mm.csv,1.5,240,1.488775,0.300127318,1.49957,0.300291487,0.010795,1.429924192
098_230℃_240_1.5mm.csv,1.5,240,1.48886,0.300260379,1.49925,0.300218284,0.01039,1.378013016
099_230℃_240_1.5mm.csv,1.5,240,1.488685,0.300000578,1.49971,0.30008705,0.011025,1.452618204
100_230℃_240_1.5mm.csv,1.5,240,1.488815,0.300101026,1.49959,0.30002956,0.010775,1.433262207
101_230℃_280_1.5mm.csv,1.5,280,1.48924,0.300219111,1.499005,0.300018573,0.009765,1.333060868
102_230℃_280_1.5mm.csv,1.5,280,1.48905,0.300099779,1.49961,0.300314353,0.01056,1.433743844
103_230℃_280_1.5mm.csv,1.5,280,1.489245,0.300103375,1.498655,0.300141794,0.00941,1.276546321
104_230℃_280_1.5mm.csv,1.5,280,1.489265,0.300243617,1.49904,0.300295663,0.009775,1.339073476
105_230℃_280_1.5mm.csv,1.5,280,1.4892,0.300061539,1.498945,0.300144356,0.009745,1.323613209
106_230℃_280_1.5mm.csv,1.5,280,1.48913,0.300107361,1.49907,0.300099464,0.00994,1.344622037
107_230℃_280_1.5mm.csv,1.5,280,1.489205,0.30015896,1.49919,0.30025702,0.009985,1.363671491
108_230℃_280_1.5mm.csv,1.5,280,1.489225,0.300258311,1.499125,0.300053216,0.0099,1.352488005
109_230℃_280_1.5mm.csv,1.5,280,1.48929,0.300198563,1.49898,0.300073208,0.00969,1.328894148
110_230℃_280_1.5mm.csv,1.5,280,1.4891,0.300004318,1.49917,0.300115471,0.01007,1.360885859
111_230℃_320_1.5mm.csv,1.5,320,1.489535,0.300176995,1.498255,0.300114495,0.00872,1.209217791
112_230℃_320_1.5mm.csv,1.5,320,1.489325,0.300077951,1.498815,0.300267321,0.00949,1.298570068
113_230℃_320_1.5mm.csv,1.5,320,1.489335,0.300083438,1.498675,0.300139034,0.00934,1.276308383
114_230℃_320_1.5mm.csv,1.5,320,1.48945,0.300053654,1.498935,0.300174736,0.009485,1.317955771
115_230℃_320_1.5mm.csv,1.5,320,1.48942,0.300073958,1.498915,0.300219908,0.009495,1.314288108
116_230℃_320_1.5mm.csv,1.5,320,1.48944,0.300154052,1.49877,0.300190311,0.00933,1.291051235
117_230℃_320_1.5mm.csv,1.5,320,1.489435,0.300146386,1.49851,0.3002168,0.009075,1.249420321
118_230℃_320_1.5mm.csv,1.5,320,1.48948,0.300024147,1.498725,0.300029148,0.009245,1.283378175
119_230℃_320_1.5mm.csv,1.5,320,1.48937,0.300100971,1.498745,0.300200476,0.009375,1.286688717
120_230℃_320_1.5mm.csv,1.5,320,1.489415,0.30001431,1.49867,0.300019169,0.009255,1.274376772
001_190℃_003_2.0mm.csv,2,3,0.6226,0.30001313,1.66342,0.300018678,1.04082,1.75763004
002_190℃_003_2.0mm.csv,2,3,0.61472,0.300008297,1.72314,0.300019981,1.10842,1.856322917
003_190℃_003_2.0mm.csv,2,3,0.6159,0.300019916,1.6396,0.300002993,1.0237,1.717616314
004_190℃_003_2.0mm.csv,2,3,0.60602,0.300007453,1.67724,0.300015556,1.07122,1.789182195
005_190℃_003_2.0mm.csv,2,3,0.6182,0.300017262,1.6629,0.300010954,1.0447,1.764967157
006_190℃_003_2.0mm.csv,2,3,0.60964,0.300005256,1.7079,0.300020388,1.09826,1.833987961
007_190℃_003_2.0mm.csv,2,3,0.60752,0.300008762,1.72314,0.300013361,1.11562,1.855122493
008_190℃_003_2.0mm.csv,2,3,0.61466,0.300000454,1.66598,0.300011671,1.05132,1.764387688
009_190℃_003_2.0mm.csv,2,3,0.61336,0.300001639,1.6081,0.300025981,0.99474,1.676381132
010_190℃_003_2.0mm.csv,2,3,0.61568,0.300006589,1.61702,0.300003682,1.00134,1.68131363
011_190℃_005_2.0mm.csv,2,5,0.92418,0.30000943,1.51096,0.3000043,0.58678,1.526939463
012_190℃_005_2.0mm.csv,2,5,0.91792,0.300008615,1.57836,0.30000448,0.66044,1.68712563
013_190℃_005_2.0mm.csv,2,5,0.91716,0.300021979,1.52574,0.300001923,0.60858,1.564386396
014_190℃_005_2.0mm.csv,2,5,0.91748,0.300001521,1.54984,0.30000288,0.63236,1.624708032
015_190℃_005_2.0mm.csv,2,5,0.91298,0.300007474,1.52578,0.300024102,0.6128,1.561158719
016_190℃_005_2.0mm.csv,2,5,0.9229,0.300008982,1.52626,0.300023566,0.60336,1.564490725
017_190℃_005_2.0mm.csv,2,5,0.91966,0.300010852,1.51036,0.300009234,0.5907,1.527266396
018_190℃_005_2.0mm.csv,2,5,0.91484,0.30000062,1.52358,0.300015128,0.60874,1.560688864
019_190℃_005_2.0mm.csv,2,5,0.91312,0.300005832,1.5763,0.300031001,0.66318,1.680863198
020_190℃_005_2.0mm.csv,2,5,0.90672,0.300018475,1.58884,0.300007372,0.68212,1.717614309
021_190℃_010_2.0mm.csv,2,10,1.18756,0.300018173,1.49202,0.30000205,0.30446,1.465682
022_190℃_010_2.0mm.csv,2,10,1.18622,0.300034169,1.47992,0.300047956,0.2937,1.413767939
023_190℃_010_2.0mm.csv,2,10,1.18302,0.300025084,1.52112,0.300019651,0.3381,1.593786414
024_190℃_010_2.0mm.csv,2,10,1.18654,0.300056107,1.48032,0.300041278,0.29378,1.412823901
025_190℃_010_2.0mm.csv,2,10,1.185,0.300017115,1.48408,0.30001664,0.29908,1.430345577
026_190℃_010_2.0mm.csv,2,10,1.18648,0.300025881,1.49006,0.300002143,0.30358,1.458379872
027_190℃_010_2.0mm.csv,2,10,1.1856,0.300046859,1.50248,0.300050816,0.31688,1.511333536
028_190℃_010_2.0mm.csv,2,10,1.18602,0.300038905,1.4895,0.300022223,0.30348,1.451749265
029_190℃_010_2.0mm.csv,2,10,1.18718,0.300031104,1.48504,0.300047701,0.29786,1.43122464
030_190℃_010_2.0mm.csv,2,10,1.18486,0.300018171,1.50164,0.30004505,0.31678,1.507156502
031_190℃_020_2.0mm.csv,2,20,1.347235,0.300031903,1.495745,0.300007214,0.14851,1.463758884
032_190℃_020_2.0mm.csv,2,20,1.347295,0.300024687,1.49391,0.300005805,0.146615,1.447147531
033_190℃_020_2.0mm.csv,2,20,1.346935,0.300009867,1.501875,0.300022123,0.15494,1.516295626
034_190℃_020_2.0mm.csv,2,20,1.346695,0.300005577,1.502,0.30001549,0.155305,1.51764043
035_190℃_020_2.0mm.csv,2,20,1.34617,0.300015044,1.501335,0.300029224,0.155165,1.511762689
036_190℃_020_2.0mm.csv,2,20,1.346715,0.300020443,1.497345,0.300009383,0.15063,1.47684367
037_190℃_020_2.0mm.csv,2,20,1.347065,0.300030427,1.498505,0.300008981,0.15144,1.486945968
038_190℃_020_2.0mm.csv,2,20,1.34778,0.300012616,1.496105,0.300027149,0.148325,1.466136791
039_190℃_020_2.0mm.csv,2,20,1.346355,0.300030494,1.50273,0.300007716,0.156375,1.524173064
040_190℃_020_2.0mm.csv,2,20,1.34706,0.300026712,1.494675,0.300031099,0.147615,1.45345276
041_190℃_040_2.0mm.csv,2,40,1.434425,0.300006744,1.510265,0.300059093,0.07584,1.695658497
042_190℃_040_2.0mm.csv,2,40,1.43414,0.30008087,1.506865,0.300006957,0.072725,1.62985288
043_190℃_040_2.0mm.csv,2,40,1.43423,0.300071733,1.506155,0.300030019,0.071925,1.615948265
044_190℃_040_2.0mm.csv,2,40,1.434155,0.300021278,1.508735,0.300074572,0.07458,1.665311514
045_190℃_040_2.0mm.csv,2,40,1.434135,0.300006603,1.506565,0.300038362,0.07243,1.624542221
046_190℃_040_2.0mm.csv,2,40,1.434225,0.300056086,1.505675,0.300015696,0.07145,1.607691362
047_190℃_040_2.0mm.csv,2,40,1.434335,0.300024696,1.508105,0.300053541,0.07377,1.653686431
048_190℃_040_2.0mm.csv,2,40,1.43427,0.300040332,1.505815,0.300066823,0.071545,1.610707234
049_190℃_040_2.0mm.csv,2,40,1.4342,0.300022226,1.50848,0.300082039,0.07428,1.661154716
050_190℃_040_2.0mm.csv,2,40,1.43432,0.300044778,1.50663,0.3000064,0.07231,1.626125539
051_190℃_080_2.0mm.csv,2,80,1.47061,0.300009636,1.50783,0.300147752,0.03722,1.851118188
052_190℃_080_2.0mm.csv,2,80,1.470705,0.300056827,1.507805,0.300084788,0.0371,1.848157597
053_190℃_080_2.0mm.csv,2,80,1.47076,0.300094531,1.506325,0.300074114,0.035565,1.781165639
054_190℃_080_2.0mm.csv,2,80,1.470875,0.300015518,1.50782,0.300150756,0.036945,1.847959422
055_190℃_080_2.0mm.csv,2,80,1.470745,0.300008389,1.508145,0.300132724,0.0374,1.863955635
056_190℃_080_2.0mm.csv,2,80,1.47077,0.300111233,1.50759,0.300061018,0.03682,1.838437003
057_190℃_080_2.0mm.csv,2,80,1.47073,0.300016777,1.507265,0.300063948,0.036535,1.824415675
058_190℃_080_2.0mm.csv,2,80,1.47081,0.300006756,1.5078,0.300033184,0.03699,1.849081766
059_190℃_080_2.0mm.csv,2,80,1.47068,0.30004459,1.506805,0.300123267,0.036125,1.803767418
060_190℃_080_2.0mm.csv,2,80,1.470845,0.300019287,1.506965,0.300074086,0.03612,1.811755773
061_190℃_120_2.0mm.csv,2,120,1.47995,0.300176768,1.50436,0.300083252,0.02441,1.823116192
062_190℃_120_2.0mm.csv,2,120,1.48002,0.300150171,1.504315,0.300054302,0.024295,1.818607017
063_190℃_120_2.0mm.csv,2,120,1.47973,0.300157077,1.50494,0.300129566,0.02521,1.865661424
064_190℃_120_2.0mm.csv,2,120,1.47967,0.300058532,1.50467,0.300126863,0.025,1.844713112
065_190℃_120_2.0mm.csv,2,120,1.47967,0.300098454,1.505005,0.300133589,0.025335,1.870802254
066_190℃_120_2.0mm.csv,2,120,1.47972,0.300152131,1.504095,0.300031196,0.024375,1.803322007
067_190℃_120_2.0mm.csv,2,120,1.47994,0.300151028,1.50384,0.300146271,0.0239,1.783962236
068_190℃_120_2.0mm.csv,2,120,1.47967,0.300089381,1.505415,0.300013168,0.025745,1.900803575
069_190℃_120_2.0mm.csv,2,120,1.479715,0.300162258,1.503845,0.300083297,0.02413,1.783895684
070_190℃_120_2.0mm.csv,2,120,1.48001,0.300063958,1.50361,0.300087959,0.0236,1.766549157
071_190℃_160_2.0mm.csv,2,160,1.48337,0.300186407,1.501925,0.300104359,0.018555,1.691268382
072_190℃_160_2.0mm.csv,2,160,1.483695,0.300164615,1.5019,0.300152688,0.018205,1.689526016
073_190℃_160_2.0mm.csv,2,160,1.483435,0.300051214,1.501735,0.300056537,0.0183,1.672394873
074_190℃_160_2.0mm.csv,2,160,1.483535,0.300079567,1.50209,0.300148541,0.018555,1.70859974
075_190℃_160_2.0mm.csv,2,160,1.483485,0.300008781,1.502205,0.300197511,0.01872,1.720178749
076_190℃_160_2.0mm.csv,2,160,1.48352,0.300189989,1.50292,0.300103895,0.0194,1.793145798
077_190℃_160_2.0mm.csv,2,160,1.483165,0.300061152,1.50307,0.300209081,0.019905,1.805915621
078_190℃_160_2.0mm.csv,2,160,1.483365,0.300030598,1.502005,0.300021831,0.01864,1.699861218
079_190℃_160_2.0mm.csv,2,160,1.483165,0.300007871,1.502645,0.300090572,0.01948,1.763577286
080_190℃_160_2.0mm.csv,2,160,1.48331,0.30001182,1.501485,0.300063776,0.018175,1.646888869
081_190℃_200_2.0mm.csv,2,200,1.48541,0.300158617,1.500265,0.300006993,0.014855,1.531303909
082_190℃_200_2.0mm.csv,2,200,1.485255,0.300037161,1.501145,0.300137782,0.01589,1.636762698
083_190℃_200_2.0mm.csv,2,200,1.48536,0.300165347,1.50108,0.300114357,0.01572,1.628928743
084_190℃_200_2.0mm.csv,2,200,1.485485,0.300159497,1.501465,0.300072235,0.01598,1.676218914
085_190℃_200_2.0mm.csv,2,200,1.485355,0.30019605,1.500465,0.30010323,0.01511,1.55511804
086_190℃_200_2.0mm.csv,2,200,1.485285,0.300101087,1.501195,0.300071771,0.01591,1.642505536
087_190℃_200_2.0mm.csv,2,200,1.48533,0.300070213,1.500955,0.300134126,0.015625,1.613695233
088_190℃_200_2.0mm.csv,2,200,1.48552,0.300160609,1.50073,0.300143853,0.01521,1.586867404
089_190℃_200_2.0mm.csv,2,200,1.48553,0.30015506,1.50054,0.300089097,0.01501,1.564546646
090_190℃_200_2.0mm.csv,2,200,1.48541,0.300070794,1.501265,0.300238403,0.015855,1.651311268
091_190℃_240_2.0mm.csv,2,240,1.486625,0.30009742,1.49963,0.300159023,0.013005,1.451596406
092_190℃_240_2.0mm.csv,2,240,1.48655,0.300205282,1.500225,0.300190173,0.013675,1.530265435
093_190℃_240_2.0mm.csv,2,240,1.48659,0.30006756,1.499505,0.300140419,0.012915,1.435547036
094_190℃_240_2.0mm.csv,2,240,1.486525,0.300169133,1.49996,0.300042499,0.013435,1.495126063
095_190℃_240_2.0mm.csv,2,240,1.486745,0.300197159,1.49854,0.300100981,0.011795,1.312115893
096_190℃_240_2.0mm.csv,2,240,1.48656,0.300180071,1.50001,0.300079978,0.01345,1.501526663
097_190℃_240_2.0mm.csv,2,240,1.486465,0.300141125,1.500055,0.300073,0.01359,1.507847222
098_190℃_240_2.0mm.csv,2,240,1.48651,0.300210342,1.499505,0.300070988,0.012995,1.435882205
099_190℃_240_2.0mm.csv,2,240,1.48661,0.300133782,1.5002,0.300105584,0.01359,1.526578644
100_190℃_240_2.0mm.csv,2,240,1.48664,0.300072562,1.49903,0.300162466,0.01239,1.374317566
101_190℃_280_2.0mm.csv,2,280,1.48752,0.300171317,1.49894,0.300178161,0.01142,1.352229611
102_190℃_280_2.0mm.csv,2,280,1.487285,0.300165615,1.498775,0.300233251,0.01149,1.33038885
103_190℃_280_2.0mm.csv,2,280,1.48739,0.300111232,1.4989,0.3001727,0.01151,1.346706567
104_190℃_280_2.0mm.csv,2,280,1.4873,0.300010861,1.49908,0.300180785,0.01178,1.371625951
105_190℃_280_2.0mm.csv,2,280,1.48732,0.300093111,1.49935,0.300247091,0.01203,1.408639192
106_190℃_280_2.0mm.csv,2,280,1.487295,0.300082604,1.499355,0.300166989,0.01206,1.409386467
107_190℃_280_2.0mm.csv,2,280,1.487455,0.300016723,1.499585,0.300040285,0.01213,1.441418228
108_190℃_280_2.0mm.csv,2,280,1.487405,0.30006984,1.499265,0.300006745,0.01186,1.396618306
109_190℃_280_2.0mm.csv,2,280,1.48736,0.300135392,1.49923,0.300139164,0.01187,1.391962993
110_190℃_280_2.0mm.csv,2,280,1.487615,0.300101644,1.498745,0.300029223,0.01113,1.325375639
111_190℃_320_2.0mm.csv,2,320,1.48774,0.300202296,1.498745,0.300098928,0.011005,1.318776293
112_190℃_320_2.0mm.csv,2,320,1.4878,0.300143484,1.498555,0.300072103,0.010755,1.292556409
113_190℃_320_2.0mm.csv,2,320,1.48791,0.300198185,1.49839,0.300256121,0.01048,1.268640409
114_190℃_320_2.0mm.csv,2,320,1.487855,0.300052576,1.49897,0.300203105,0.011115,1.349758022
115_190℃_320_2.0mm.csv,2,320,1.487935,0.300098813,1.498645,0.300179601,0.01071,1.304195492
116_190℃_320_2.0mm.csv,2,320,1.4878,0.300201567,1.49849,0.300137206,0.01069,1.282797513
117_190℃_320_2.0mm.csv,2,320,1.487745,0.300014542,1.499085,0.300099821,0.01134,1.367516371
118_190℃_320_2.0mm.csv,2,320,1.48777,0.300060876,1.499015,0.300278945,0.011245,1.357072023
119_190℃_320_2.0mm.csv,2,320,1.487945,0.300245631,1.49861,0.300213603,0.010665,1.298779415
120_190℃_320_2.0mm.csv,2,320,1.488025,0.300114579,1.497605,0.300127398,0.00958,1.161907405
001_210℃_003_2.0mm.csv,2,3,0.54296,0.300006655,1.65014,0.300019093,1.10718,1.720757774
002_210℃_003_2.0mm.csv,2,3,0.54388,0.300007496,1.71484,0.300022449,1.17096,1.809958743
003_210℃_003_2.0mm.csv,2,3,0.5436,0.300003406,1.68366,0.300000713,1.14006,1.769223607
004_210℃_003_2.0mm.csv,2,3,0.54458,0.30000829,1.56122,0.300006384,1.01664,1.595250168
005_210℃_003_2.0mm.csv,2,3,0.5313,0.300004917,1.69174,0.300002885,1.16044,1.782904027
006_210℃_003_2.0mm.csv,2,3,0.53314,0.300002059,1.66092,0.300000713,1.12778,1.732072835
007_210℃_003_2.0mm.csv,2,3,0.53174,0.300000361,1.6621,0.300025061,1.13036,1.730128176
008_210℃_003_2.0mm.csv,2,3,0.52792,0.300005355,1.62148,0.300005032,1.09356,1.667666016
009_210℃_003_2.0mm.csv,2,3,0.53652,0.300008455,1.63632,0.300015855,1.0998,1.694986445
010_210℃_003_2.0mm.csv,2,3,0.53102,0.300008071,1.61722,0.300002708,1.0862,1.664720179
011_210℃_005_2.0mm.csv,2,5,0.86816,0.300002683,1.51412,0.300000564,0.64596,1.532897673
012_210℃_005_2.0mm.csv,2,5,0.86074,0.30000382,1.4813,0.300014394,0.62056,1.463048419
013_210℃_005_2.0mm.csv,2,5,0.86842,0.300001895,1.46666,0.300003291,0.59824,1.429155642
014_210℃_005_2.0mm.csv,2,5,0.86724,0.300023648,1.51176,0.300023587,0.64452,1.525132344
015_210℃_005_2.0mm.csv,2,5,0.86204,0.30002892,1.51276,0.300016766,0.65072,1.527698549
016_210℃_005_2.0mm.csv,2,5,0.86566,0.300024735,1.47258,0.300003856,0.60692,1.436894555
017_210℃_005_2.0mm.csv,2,5,0.86318,0.300015113,1.5136,0.300027298,0.65042,1.530635751
018_210℃_005_2.0mm.csv,2,5,0.86912,0.300014471,1.45256,0.300033052,0.58344,1.397971784
019_210℃_005_2.0mm.csv,2,5,0.86494,0.300017399,1.4994,0.300014504,0.63446,1.498645441
020_210℃_005_2.0mm.csv,2,5,0.85852,0.300020172,1.5156,0.300002456,0.65708,1.53248678
021_210℃_010_2.0mm.csv,2,10,1.15142,0.300018876,1.47714,0.300022383,0.32572,1.411217366
022_210℃_010_2.0mm.csv,2,10,1.15206,0.300032279,1.46236,0.30002278,0.3103,1.352441422
023_210℃_010_2.0mm.csv,2,10,1.1513,0.300000756,1.471,0.300040784,0.3197,1.388028483
024_210℃_010_2.0mm.csv,2,10,1.15312,0.300009715,1.44236,0.300032851,0.28924,1.274408975
025_210℃_010_2.0mm.csv,2,10,1.15134,0.300017978,1.46786,0.300026154,0.31652,1.372821941
026_210℃_010_2.0mm.csv,2,10,1.15276,0.300013681,1.48234,0.300050917,0.32958,1.430204872
027_210℃_010_2.0mm.csv,2,10,1.14954,0.30003638,1.46676,0.300020172,0.31722,1.372234988
028_210℃_010_2.0mm.csv,2,10,1.15186,0.300049624,1.45594,0.300027004,0.30408,1.325911401
029_210℃_010_2.0mm.csv,2,10,1.15262,0.300034743,1.4459,0.300038184,0.29328,1.281696587
030_210℃_010_2.0mm.csv,2,10,1.15062,0.300026591,1.46578,0.300022759,0.31516,1.36327515
031_210℃_020_2.0mm.csv,2,20,1.32667,0.300003057,1.475085,0.300020319,0.148415,1.306694307
032_210℃_020_2.0mm.csv,2,20,1.32583,0.300005321,1.479105,0.300014806,0.153275,1.337634164
033_210℃_020_2.0mm.csv,2,20,1.32653,0.300020261,1.481605,0.300002924,0.155075,1.358126736
034_210℃_020_2.0mm.csv,2,20,1.325845,0.300002412,1.476235,0.300005704,0.15039,1.316226844
035_210℃_020_2.0mm.csv,2,20,1.32617,0.300002167,1.47662,0.300003033,0.15045,1.318928716
036_210℃_020_2.0mm.csv,2,20,1.32583,0.300003053,1.47683,0.300016893,0.151,1.322511253
037_210℃_020_2.0mm.csv,2,20,1.32587,0.30001796,1.48199,0.300007528,0.15612,1.359050609
038_210℃_020_2.0mm.csv,2,20,1.326135,0.300013294,1.476825,0.300020501,0.15069,1.32168813
039_210℃_020_2.0mm.csv,2,20,1.325595,0.300017654,1.48476,0.300026079,0.159165,1.38026304
040_210℃_020_2.0mm.csv,2,20,1.32607,0.300015441,1.473245,0.300001903,0.147175,1.291529787
041_210℃_040_2.0mm.csv,2,40,1.42496,0.300004145,1.49993,0.300066721,0.07497,1.498866432
042_210℃_040_2.0mm.csv,2,40,1.42509,0.300053658,1.499465,0.300012434,0.074375,1.491052745
043_210℃_040_2.0mm.csv,2,40,1.425395,0.300014435,1.4999,0.300057238,0.074505,1.498347679
044_210℃_040_2.0mm.csv,2,40,1.42518,0.300064001,1.49861,0.300033474,0.07343,1.476791889
045_210℃_040_2.0mm.csv,2,40,1.425445,0.300056577,1.498175,0.300043376,0.07273,1.469317271
046_210℃_040_2.0mm.csv,2,40,1.425225,0.30006501,1.49596,0.300008865,0.070735,1.432303902
047_210℃_040_2.0mm.csv,2,40,1.42514,0.30000296,1.497515,0.300050767,0.072375,1.45822622
048_210℃_040_2.0mm.csv,2,40,1.425105,0.300025117,1.4962,0.300039503,0.071095,1.436158909
049_210℃_040_2.0mm.csv,2,40,1.42549,0.300011153,1.4997,0.300005618,0.07421,1.494965715
050_210℃_040_2.0mm.csv,2,40,1.42527,0.300000389,1.50088,0.300029652,0.07561,1.514865142
051_210℃_080_2.0mm.csv,2,80,1.467695,0.300084068,1.505035,0.30001672,0.03734,1.700324369
052_210℃_080_2.0mm.csv,2,80,1.46771,0.300025012,1.506095,0.30015197,0.038385,1.742504914
053_210℃_080_2.0mm.csv,2,80,1.46792,0.300037526,1.503825,0.300044851,0.035905,1.652354759
054_210℃_080_2.0mm.csv,2,80,1.467745,0.300130076,1.50493,0.300036603,0.037185,1.695635859
055_210℃_080_2.0mm.csv,2,80,1.467755,0.300045603,1.50481,0.300128742,0.037055,1.689908533
056_210℃_080_2.0mm.csv,2,80,1.467795,0.30002235,1.504775,0.300066115,0.03698,1.689182607
057_210℃_080_2.0mm.csv,2,80,1.4678,0.300063378,1.504455,0.300080906,0.036655,1.676650939
058_210℃_080_2.0mm.csv,2,80,1.467735,0.300086457,1.50378,0.300035211,0.036045,1.649730955
059_210℃_080_2.0mm.csv,2,80,1.46774,0.30008613,1.504145,0.300110273,0.036405,1.664965409
060_210℃_080_2.0mm.csv,2,80,1.46771,0.300031862,1.504455,0.300011403,0.036745,1.677178728
061_210℃_120_2.0mm.csv,2,120,1.478305,0.300145953,1.503455,0.300002502,0.02515,1.729033441
062_210℃_120_2.0mm.csv,2,120,1.478165,0.300107429,1.50391,0.300057854,0.025745,1.759679451
063_210℃_120_2.0mm.csv,2,120,1.47823,0.300101864,1.502385,0.300083437,0.024155,1.658670856
064_210℃_120_2.0mm.csv,2,120,1.47831,0.300132552,1.502725,0.300169536,0.024415,1.680928643
065_210℃_120_2.0mm.csv,2,120,1.4784,0.30006384,1.503505,0.300008339,0.025105,1.732107061
066_210℃_120_2.0mm.csv,2,120,1.47822,0.30000886,1.50226,0.300116181,0.02404,1.65011842
067_210℃_120_2.0mm.csv,2,120,1.478415,0.300064062,1.502365,0.30011545,0.02395,1.657322137
068_210℃_120_2.0mm.csv,2,120,1.47814,0.300012675,1.50417,0.300054103,0.02603,1.777019683
069_210℃_120_2.0mm.csv,2,120,1.47828,0.300116533,1.502735,0.300004228,0.024455,1.681559746
070_210℃_120_2.0mm.csv,2,120,1.47847,0.300171728,1.502385,0.300059623,0.023915,1.658418196
071_210℃_160_2.0mm.csv,2,160,1.482555,0.300064641,1.50051,0.300000392,0.017955,1.546552487
072_210℃_160_2.0mm.csv,2,160,1.482495,0.300016145,1.501215,0.300099023,0.01872,1.610683079
073_210℃_160_2.0mm.csv,2,160,1.482535,0.300100308,1.501315,0.300081609,0.01878,1.62016903
074_210℃_160_2.0mm.csv,2,160,1.482275,0.300030383,1.50235,0.300019109,0.020075,1.714529329
075_210℃_160_2.0mm.csv,2,160,1.482495,0.300085772,1.50102,0.300201777,0.018525,1.59309142
076_210℃_160_2.0mm.csv,2,160,1.48232,0.30002583,1.50099,0.300137856,0.01867,1.590043625
077_210℃_160_2.0mm.csv,2,160,1.482395,0.300146712,1.502445,0.300137839,0.02005,1.724042907
078_210℃_160_2.0mm.csv,2,160,1.48256,0.300105549,1.500955,0.300074675,0.018395,1.587038372
079_210℃_160_2.0mm.csv,2,160,1.48235,0.300161799,1.50228,0.300052593,0.01993,1.708255777
080_210℃_160_2.0mm.csv,2,160,1.482555,0.300012361,1.501295,0.300183929,0.01874,1.6174347
081_210℃_200_2.0mm.csv,2,200,1.48479,0.300100234,1.50068,0.300181141,0.01589,1.57525667
082_210℃_200_2.0mm.csv,2,200,1.484855,0.300001302,1.49976,0.300220467,0.014905,1.473786029
083_210℃_200_2.0mm.csv,2,200,1.48482,0.300193951,1.500085,0.300112281,0.015265,1.50982504
084_210℃_200_2.0mm.csv,2,200,1.484665,0.300088553,1.49999,0.300091771,0.015325,1.499050087
085_210℃_200_2.0mm.csv,2,200,1.48466,0.300183486,1.50009,0.300038634,0.01543,1.510104512
086_210℃_200_2.0mm.csv,2,200,1.48471,0.300111993,1.500075,0.300088865,0.015365,1.508502902
087_210℃_200_2.0mm.csv,2,200,1.48452,0.30016805,1.499955,0.300078271,0.015435,1.495108695
088_210℃_200_2.0mm.csv,2,200,1.484665,0.300137401,1.49923,0.300009298,0.014565,1.416597134
089_210℃_200_2.0mm.csv,2,200,1.484715,0.300112375,1.499695,0.300025677,0.01498,1.466679194
090_210℃_200_2.0mm.csv,2,200,1.48598,0.300003006,1.49986,0.300057683,0.01388,1.482827783
091_210℃_240_2.0mm.csv,2,240,1.486215,0.300163564,1.49849,0.300020919,0.012275,1.31629969
092_210℃_240_2.0mm.csv,2,240,1.485955,0.300005217,1.499665,0.30025798,0.01371,1.458973684
093_210℃_240_2.0mm.csv,2,240,1.48605,0.300146795,1.499985,0.300179868,0.013935,1.498346284
094_210℃_240_2.0mm.csv,2,240,1.48607,0.300057851,1.49961,0.300044747,0.01354,1.451802679
095_210℃_240_2.0mm.csv,2,240,1.48599,0.300061177,1.498875,0.300052427,0.012885,1.363139441
096_210℃_240_2.0mm.csv,2,240,1.486,0.30005208,1.49952,0.300056903,0.01352,1.441215264
097_210℃_240_2.0mm.csv,2,240,1.485965,0.300012494,1.498885,0.30000177,0.01292,1.364218894
098_210℃_240_2.0mm.csv,2,240,1.48601,0.300086798,1.499515,0.300119125,0.013505,1.44042287
099_210℃_240_2.0mm.csv,2,240,1.48592,0.300085175,1.499765,0.300170802,0.013845,1.470897913
100_210℃_240_2.0mm.csv,2,240,1.486215,0.30005877,1.49907,0.300078581,0.012855,1.385593527
101_210℃_280_2.0mm.csv,2,280,1.48699,0.300229785,1.49838,0.300032048,0.01139,1.287640127
102_210℃_280_2.0mm.csv,2,280,1.487045,0.3001656,1.4983,0.300028628,0.011255,1.276722641
103_210℃_280_2.0mm.csv,2,280,1.487105,0.300046273,1.498905,0.300218685,0.0118,1.353920383
104_210℃_280_2.0mm.csv,2,280,1.48693,0.300028771,1.499225,0.30020001,0.012295,1.396648939
105_210℃_280_2.0mm.csv,2,280,1.48685,0.300212238,1.49891,0.300250313,0.01206,1.355409049
106_210℃_280_2.0mm.csv,2,280,1.48703,0.300199892,1.498165,0.300232981,0.011135,1.259723422
107_210℃_280_2.0mm.csv,2,280,1.4872,0.300027588,1.498015,0.300078522,0.010815,1.24045533
108_210℃_280_2.0mm.csv,2,280,1.486915,0.300088141,1.49866,0.300074438,0.011745,1.322630107
109_210℃_280_2.0mm.csv,2,280,1.487035,0.300018629,1.498565,0.300047003,0.01153,1.310597536
110_210℃_280_2.0mm.csv,2,280,1.486875,0.300214803,1.49906,0.300046951,0.012185,1.375039146
111_210℃_320_2.0mm.csv,2,320,1.487345,0.300064761,1.498905,0.300258496,0.01156,1.349034065
112_210℃_320_2.0mm.csv,2,320,1.48746,0.300064967,1.498015,0.300094432,0.010555,1.229327602
113_210℃_320_2.0mm.csv,2,320,1.48742,0.300054824,1.49786,0.300210624,0.01044,1.209908629
114_210℃_320_2.0mm.csv,2,320,1.48729,0.300122428,1.4989,0.300156444,0.01161,1.347769597
115_210℃_320_2.0mm.csv,2,320,1.487315,0.300097369,1.498735,0.300145677,0.01142,1.325164327
116_210℃_320_2.0mm.csv,2,320,1.487445,0.300162005,1.498635,0.300171906,0.01119,1.311090292
117_210℃_320_2.0mm.csv,2,320,1.487505,0.300074792,1.497895,0.300093744,0.01039,1.213387935
118_210℃_320_2.0mm.csv,2,320,1.4871,0.300043647,1.49929,0.300050485,0.01219,1.401577465
119_210℃_320_2.0mm.csv,2,320,1.487365,0.300108632,1.497965,0.300176912,0.0106,1.223467905
120_210℃_320_2.0mm.csv,2,320,1.487565,0.300088096,1.497835,0.300004029,0.01027,1.205568608
001_230℃_003_2.0mm.csv,2,3,0.46618,0.300000878,1.56216,0.300015448,1.09598,1.588393705
002_230℃_003_2.0mm.csv,2,3,0.45688,0.300009044,1.5674,0.300002662,1.11052,1.586829415
003_230℃_003_2.0mm.csv,2,3,0.4501,0.300010655,1.56546,0.300008946,1.11536,1.583497553
004_230℃_003_2.0mm.csv,2,3,0.46418,0.300011324,1.46824,0.300009243,1.00406,1.460734444
005_230℃_003_2.0mm.csv,2,3,0.45486,0.300016432,1.50216,0.300011481,1.0473,1.502746112
006_230℃_003_2.0mm.csv,2,3,0.458,0.30000017,1.47306,0.300004102,1.01506,1.464772806
007_230℃_003_2.0mm.csv,2,3,0.44562,0.300006086,1.54246,0.300012911,1.09684,1.554990571
008_230℃_003_2.0mm.csv,2,3,0.45846,0.300000834,1.48778,0.300016109,1.02932,1.484021319
009_230℃_003_2.0mm.csv,2,3,0.43776,0.300003686,1.54168,0.300006617,1.10392,1.555839092
010_230℃_003_2.0mm.csv,2,3,0.4442,0.300016215,1.43116,0.30000634,0.98696,1.418555962
011_230℃_005_2.0mm.csv,2,5,0.8094,0.300019685,1.43832,0.300010253,0.62892,1.37947601
012_230℃_005_2.0mm.csv,2,5,0.8072,0.300009517,1.43438,0.300010545,0.62718,1.372387869
013_230℃_005_2.0mm.csv,2,5,0.80788,0.300017736,1.41386,0.300005961,0.60598,1.332778259
014_230℃_005_2.0mm.csv,2,5,0.80442,0.300000594,1.44988,0.300004445,0.64546,1.400063576
015_230℃_005_2.0mm.csv,2,5,0.80614,0.300015468,1.41306,0.300008776,0.60692,1.328624954
016_230℃_005_2.0mm.csv,2,5,0.80686,0.300024729,1.40478,0.300017359,0.59792,1.30849596
017_230℃_005_2.0mm.csv,2,5,0.7987,0.300013209,1.46604,0.300006641,0.66734,1.430788543
018_230℃_005_2.0mm.csv,2,5,0.80474,0.300024192,1.4359,0.300019545,0.63116,1.377358691
019_230℃_005_2.0mm.csv,2,5,0.80544,0.300010075,1.39458,0.300012375,0.58914,1.294495407
020_230℃_005_2.0mm.csv,2,5,0.80182,0.300005386,1.42566,0.300002977,0.62384,1.35810388
021_230℃_010_2.0mm.csv,2,10,1.11706,0.3000112,1.4279,0.300003288,0.31084,1.240699585
022_230℃_010_2.0mm.csv,2,10,1.11952,0.300046601,1.42904,0.300013068,0.30952,1.247847039
023_230℃_010_2.0mm.csv,2,10,1.11494,0.300018841,1.42354,0.300033632,0.3086,1.230268293
024_230℃_010_2.0mm.csv,2,10,1.11654,0.300037598,1.41076,0.30002727,0.29422,1.185798189
025_230℃_010_2.0mm.csv,2,10,1.1124,0.300024584,1.4333,0.300006465,0.3209,1.259458824
026_230℃_010_2.0mm.csv,2,10,1.11408,0.300017957,1.43774,0.300032251,0.32366,1.274454427
027_230℃_010_2.0mm.csv,2,10,1.1174,0.300026418,1.4134,0.300022144,0.296,1.19199853
028_230℃_010_2.0mm.csv,2,10,1.11406,0.300000186,1.43384,0.300021266,0.31978,1.262277506
029_230℃_010_2.0mm.csv,2,10,1.1132,0.300013377,1.44576,0.300022525,0.33256,1.302563543
030_230℃_010_2.0mm.csv,2,10,1.11364,0.300036846,1.43246,0.300011465,0.31882,1.257057332
031_230℃_020_2.0mm.csv,2,20,1.30343,0.300019234,1.461085,0.30002279,0.157655,1.229759503
032_230℃_020_2.0mm.csv,2,20,1.302275,0.300020148,1.460435,0.300006544,0.15816,1.227808613
033_230℃_020_2.0mm.csv,2,20,1.30311,0.300014096,1.462355,0.300006322,0.159245,1.238137851
034_230℃_020_2.0mm.csv,2,20,1.30388,0.300013433,1.457785,0.300019149,0.153905,1.205411431
035_230℃_020_2.0mm.csv,2,20,1.303145,0.300014405,1.457505,0.300011154,0.15436,1.205973007
036_230℃_020_2.0mm.csv,2,20,1.30404,0.300015199,1.462,0.300007307,0.15796,1.23667869
037_230℃_020_2.0mm.csv,2,20,1.30222,0.300016184,1.467905,0.300019132,0.165685,1.279699338
038_230℃_020_2.0mm.csv,2,20,1.30311,0.300015256,1.45369,0.300007514,0.15058,1.178961669
039_230℃_020_2.0mm.csv,2,20,1.304725,0.300018652,1.450695,0.300001176,0.14597,1.159093381
040_230℃_020_2.0mm.csv,2,20,1.304115,0.300007019,1.45689,0.30002287,0.152775,1.200198248
041_230℃_040_2.0mm.csv,2,40,1.414645,0.300060173,1.489085,0.300043407,0.07444,1.337298195
042_230℃_040_2.0mm.csv,2,40,1.414295,0.300031957,1.488545,0.300051175,0.07425,1.330724292
043_230℃_040_2.0mm.csv,2,40,1.414025,0.300029941,1.488775,0.300012534,0.07475,1.332551842
044_230℃_040_2.0mm.csv,2,40,1.41408,0.300040656,1.491405,0.300035832,0.077325,1.372315735
045_230℃_040_2.0mm.csv,2,40,1.414065,0.300057586,1.48796,0.300021377,0.073895,1.321220105
046_230℃_040_2.0mm.csv,2,40,1.41459,0.300020123,1.485725,0.300035885,0.071135,1.287759685
047_230℃_040_2.0mm.csv,2,40,1.414335,0.30000783,1.490645,0.300007681,0.07631,1.360817035
048_230℃_040_2.0mm.csv,2,40,1.41481,0.300013632,1.486705,0.3000267,0.071895,1.301267554
049_230℃_040_2.0mm.csv,2,40,1.414625,0.300054929,1.48974,0.300018414,0.075115,1.346147452
050_230℃_040_2.0mm.csv,2,40,1.41422,0.30002784,1.487905,0.300035621,0.073685,1.319092978
051_230℃_080_2.0mm.csv,2,80,1.46416,0.300084993,1.500965,0.300079013,0.036805,1.534220274
052_230℃_080_2.0mm.csv,2,80,1.464045,0.300105537,1.50211,0.300037667,0.038065,1.574599243
053_230℃_080_2.0mm.csv,2,80,1.46416,0.300009896,1.500615,0.300073162,0.036455,1.521605191
054_230℃_080_2.0mm.csv,2,80,1.464225,0.300025555,1.50066,0.300071964,0.036435,1.523473847
055_230℃_080_2.0mm.csv,2,80,1.46422,0.300090751,1.500655,0.300027562,0.036435,1.523257361
056_230℃_080_2.0mm.csv,2,80,1.46414,0.300011408,1.50044,0.300001522,0.0363,1.515556558
057_230℃_080_2.0mm.csv,2,80,1.464255,0.300019089,1.50183,0.300005781,0.037575,1.564478266
058_230℃_080_2.0mm.csv,2,80,1.464145,0.300080099,1.50051,0.300016397,0.036365,1.517990229
059_230℃_080_2.0mm.csv,2,80,1.4641,0.300018842,1.50026,0.300023227,0.03616,1.509308687
060_230℃_080_2.0mm.csv,2,80,1.464165,0.30008788,1.501555,0.300026605,0.03739,1.554920417
061_230℃_120_2.0mm.csv,2,120,1.47648,0.300109856,1.5012,0.300127514,0.02472,1.571507448
062_230℃_120_2.0mm.csv,2,120,1.476515,0.300144419,1.502255,0.300125737,0.02574,1.634488009
063_230℃_120_2.0mm.csv,2,120,1.4765,0.300159188,1.50196,0.300151658,0.02546,1.616635627
064_230℃_120_2.0mm.csv,2,120,1.47657,0.300071318,1.50038,0.300105225,0.02381,1.522901
065_230℃_120_2.0mm.csv,2,120,1.4765,0.300037055,1.50116,0.300021705,0.02466,1.568994386
066_230℃_120_2.0mm.csv,2,120,1.47639,0.300119995,1.501745,0.300136523,0.025355,1.603784504
067_230℃_120_2.0mm.csv,2,120,1.476505,0.300059223,1.501945,0.30017511,0.02544,1.615471079
068_230℃_120_2.0mm.csv,2,120,1.47648,0.300029172,1.500625,0.300057937,0.024145,1.53744669
069_230℃_120_2.0mm.csv,2,120,1.47646,0.300116629,1.50195,0.300039221,0.02549,1.616520868
070_230℃_120_2.0mm.csv,2,120,1.47641,0.300051457,1.50226,0.300170217,0.02585,1.634339772
071_230℃_160_2.0mm.csv,2,160,1.48159,0.300033587,1.50029,0.300046134,0.0187,1.524253532
072_230℃_160_2.0mm.csv,2,160,1.48153,0.300173699,1.499895,0.300106431,0.018365,1.491564194
073_230℃_160_2.0mm.csv,2,160,1.48148,0.300001106,1.499455,0.300150847,0.017975,1.455196566
074_230℃_160_2.0mm.csv,2,160,1.48127,0.300061572,1.500715,0.300039498,0.019445,1.559225153
075_230℃_160_2.0mm.csv,2,160,1.48111,0.300085033,1.500955,0.300103652,0.019845,1.579087802
076_230℃_160_2.0mm.csv,2,160,1.481145,0.300087583,1.50097,0.300038324,0.019825,1.580074954
077_230℃_160_2.0mm.csv,2,160,1.481275,0.300099172,1.500835,0.30019332,0.01956,1.569440382
078_230℃_160_2.0mm.csv,2,160,1.48138,0.300108449,1.49962,0.30001868,0.01824,1.468835251
079_230℃_160_2.0mm.csv,2,160,1.48119,0.30004099,1.501095,0.300143524,0.019905,1.591160724
080_230℃_160_2.0mm.csv,2,160,1.48143,0.300064022,1.49992,0.30015037,0.01849,1.493780499
081_230℃_200_2.0mm.csv,2,200,1.48382,0.300030797,1.49947,0.300020043,0.01565,1.446761865
082_230℃_200_2.0mm.csv,2,200,1.48386,0.30019537,1.499635,0.300038162,0.015775,1.463241944
083_230℃_200_2.0mm.csv,2,200,1.484045,0.300168809,1.498985,0.30019216,0.01494,1.39776478
084_230℃_200_2.0mm.csv,2,200,1.48395,0.300198922,1.49974,0.300006802,0.01579,1.473618419
085_230℃_200_2.0mm.csv,2,200,1.483885,0.300168826,1.49978,0.300016845,0.015895,1.477870407
086_230℃_200_2.0mm.csv,2,200,1.483835,0.300169918,1.499155,0.300027738,0.01532,1.415188816
087_230℃_200_2.0mm.csv,2,200,1.48368,0.300058009,1.49947,0.300212115,0.01579,1.446627746
088_230℃_200_2.0mm.csv,2,200,1.483775,0.300142496,1.499155,0.300161277,0.01538,1.415009252
089_230℃_200_2.0mm.csv,2,200,1.483745,0.300109321,1.499755,0.300162411,0.01601,1.475465281
090_230℃_200_2.0mm.csv,2,200,1.483975,0.300138142,1.49941,0.300136577,0.015435,1.440193255
091_230℃_240_2.0mm.csv,2,240,1.485665,0.300157445,1.49807,0.300123064,0.012405,1.279433696
092_230℃_240_2.0mm.csv,2,240,1.485315,0.300106202,1.499245,0.300121103,0.01393,1.413076073
093_230℃_240_2.0mm.csv,2,240,1.485335,0.300182161,1.498505,0.300184261,0.01317,1.329805711
094_230℃_240_2.0mm.csv,2,240,1.4853,0.300021433,1.498445,0.300069436,0.013145,1.322813216
095_230℃_240_2.0mm.csv,2,240,1.48531,0.30008296,1.498615,0.300044869,0.013305,1.341752752
096_230℃_240_2.0mm.csv,2,240,1.48536,0.300142156,1.49941,0.30002455,0.01405,1.431875431
097_230℃_240_2.0mm.csv,2,240,1.48541,0.300125333,1.49866,0.300102076,0.01325,1.346817066
098_230℃_240_2.0mm.csv,2,240,1.48545,0.3001323,1.498815,0.300134151,0.013365,1.363781992
099_230℃_240_2.0mm.csv,2,240,1.48541,0.300087761,1.498415,0.300212563,0.013005,1.319469899
100_230℃_240_2.0mm.csv,2,240,1.48538,0.300153117,1.49835,0.300075188,0.01297,1.312336412
101_230℃_280_2.0mm.csv,2,280,1.4863,0.300015349,1.49835,0.30000162,0.01205,1.295427516
102_230℃_280_2.0mm.csv,2,280,1.4863,0.300115924,1.49806,0.300140168,0.01176,1.260969921
103_230℃_280_2.0mm.csv,2,280,1.48623,0.300093701,1.4987,0.300129037,0.01247,1.33777718
104_230℃_280_2.0mm.csv,2,280,1.486095,0.300204111,1.498675,0.300069391,0.01258,1.335019238
105_230℃_280_2.0mm.csv,2,280,1.486485,0.300160567,1.49715,0.300147985,0.010665,1.155464357
106_230℃_280_2.0mm.csv,2,280,1.48652,0.300048513,1.49852,0.300193158,0.012,1.31530043
107_230℃_280_2.0mm.csv,2,280,1.486415,0.300136665,1.49856,0.300236781,0.012145,1.320687491
108_230℃_280_2.0mm.csv,2,280,1.48638,0.300136481,1.49802,0.300127761,0.01164,1.256163152
109_230℃_280_2.0mm.csv,2,280,1.486365,0.300136835,1.49778,0.300194186,0.011415,1.228191114
110_230℃_280_2.0mm.csv,2,280,1.48647,0.300013417,1.49802,0.300133857,0.01155,1.255875825
111_230℃_320_2.0mm.csv,2,320,1.48674,0.30004634,1.49837,0.300165887,0.01163,1.290136125
112_230℃_320_2.0mm.csv,2,320,1.48688,0.300026283,1.49744,0.300015406,0.01056,1.174622983
113_230℃_320_2.0mm.csv,2,320,1.48703,0.300235933,1.497645,0.300155173,0.010615,1.198459658
114_230℃_320_2.0mm.csv,2,320,1.486875,0.300039219,1.497805,0.300067885,0.01093,1.219317575
115_230℃_320_2.0mm.csv,2,320,1.486965,0.300013381,1.49777,0.300073327,0.010805,1.214195137
116_230℃_320_2.0mm.csv,2,320,1.486885,0.300184881,1.49789,0.300007142,0.011005,1.228516786
117_230℃_320_2.0mm.csv,2,320,1.48671,0.300064427,1.49809,0.300078828,0.01138,1.254552174
118_230℃_320_2.0mm.csv,2,320,1.48669,0.300138333,1.49811,0.300252353,0.01142,1.257425197
119_230℃_320_2.0mm.csv,2,320,1.486975,0.3001644,1.49771,0.300100305,0.010735,1.206483579
120_230℃_320_2.0mm.csv,2,320,1.486885,0.300184677,1.49863,0.30018232,0.011745,1.321387006
