元ファイル,キャビ厚,射出速度[mm/s],CH03_立ち上がり時間(s),CH03_立ち上がり圧力(MPa),CH04_立ち上がり時間(s),CH04_立ち上がり圧力(MPa),立ち上がり時間差(s),CH03圧力@CH04立ち上がり時(MPa),温度,時間差ΔT34(s),圧力差ΔP34(Pa),流速V34(mm/s),流路断面積(mm²),流量Q34(mm³/s),樹脂粘度η34(Pa・s),せん断速度γ34(1/s),時間差ΔT34(s)_平均,時間差ΔT34(s)_標準偏差上,時間差ΔT34(s)_標準偏差下,流速V34(mm/s)_平均,流速V34(mm/s)_標準偏差上,流速V34(mm/s)_標準偏差下,流量Q34(mm³/s)_平均,流量Q34(mm³/s)_標準偏差上,流量Q34(mm³/s)_標準偏差下,圧力差ΔP34(Pa)_平均,圧力差ΔP34(Pa)_標準偏差上,圧力差ΔP34(Pa)_標準偏差下,せん断速度γ34(1/s)_幾何平均,せん断速度γ34(1/s)_幾何標準偏差上,せん断速度γ34(1/s)_幾何標準偏差下,樹脂粘度η34(Pa・s)_幾何平均,樹脂粘度η34(Pa・s)_幾何標準偏差上,樹脂粘度η34(Pa・s)_幾何標準偏差下
001_190℃_020_0.5mm.csv,0.5,20,1.480965,0.300052787,1.55557,0.300028903,0.074605,12.60449592,190,0.07460499999999981,12304467.017,234.56872863749138,20.0,4691.374572749827,62.447262707706315,2814.824743649896,0.07554949999999994,0.0010900011467884516,-0.0010900011467884516,231.67879460403793,3.279876289637945,-3.279876289637945,4633.575892080758,65.5975257927587,-65.5975257927587,12413427.1065,85692.23032048672,-85692.23032048672,2779.891640794488,2819.9046574151234,2740.446388582083,63.79057551556847,65.1456118761739,62.463724070043014
002_190℃_020_0.5mm.csv,0.5,20,1.48122,0.300039548,1.55725,0.300234615,0.07603,12.74079056,190,0.07603000000000004,12440555.945,230.17230040773367,20.0,4603.446008154673,64.34390942165649,2762.067604892804,0.07554949999999994,0.0010900011467884516,-0.0010900011467884516,231.67879460403793,3.279876289637945,-3.279876289637945,4633.575892080758,65.5975257927587,-65.5975257927587,12413427.1065,85692.23032048672,-85692.23032048672,2779.891640794488,2819.9046574151234,2740.446388582083,63.79057551556847,65.1456118761739,62.463724070043014
003_190℃_020_0.5mm.csv,0.5,20,1.48093,0.300048789,1.556785,0.300223623,0.075855,12.72583919,190,0.075855,12425615.567,230.7033155362204,20.0,4614.066310724408,64.11871216563164,2768.439786434645,0.07554949999999994,0.0010900011467884516,-0.0010900011467884516,231.67879460403793,3.279876289637945,-3.279876289637945,4633.575892080758,65.5975257927587,-65.5975257927587,12413427.1065,85692.23032048672,-85692.23032048672,2779.891640794488,2819.9046574151234,2740.446388582083,63.79057551556847,65.1456118761739,62.463724070043014
004_190℃_020_0.5mm.csv,0.5,20,1.48152,0.300047345,1.55619,0.300199575,0.07467,12.66270612,190,0.07467000000000001,12362506.544999998,234.36453729744204,20.0,4687.290745948841,62.79648732756123,2812.3744475693043,0.07554949999999994,0.0010900011467884516,-0.0010900011467884516,231.67879460403793,3.279876289637945,-3.279876289637945,4633.575892080758,65.5975257927587,-65.5975257927587,12413427.1065,85692.23032048672,-85692.23032048672,2779.891640794488,2819.9046574151234,2740.446388582083,63.79057551556847,65.1456118761739,62.463724070043014
005_190℃_020_0.5mm.csv,0.5,20,1.4816,0.300131256,1.556995,0.300021467,0.075395,12.73429686,190,0.07539499999999988,12434275.393,232.11088268452852,20.0,4642.21765369057,63.77429886090024,2785.330592214342,0.07554949999999994,0.0010900011467884516,-0.0010900011467884516,231.67879460403793,3.279876289637945,-3.279876289637945,4633.575892080758,65.5975257927587,-65.5975257927587,12413427.1065,85692.23032048672,-85692.23032048672,2779.891640794488,2819.9046574151234,2740.446388582083,63.79057551556847,65.1456118761739,62.463724070043014
006_190℃_020_0.5mm.csv,0.5,20,1.4814,0.300129786,1.55696,0.300138372,0.07556,12.69699016,190,0.07555999999999985,12396851.788,231.60402329274794,20.0,4632.080465854959,63.72150483682165,2779.2482795129754,0.07554949999999994,0.0010900011467884516,-0.0010900011467884516,231.67879460403793,3.279876289637945,-3.279876289637945,4633.575892080758,65.5975257927587,-65.5975257927587,12413427.1065,85692.23032048672,-85692.23032048672,2779.891640794488,2819.9046574151234,2740.446388582083,63.79057551556847,65.1456118761739,62.463724070043014
007_190℃_020_0.5mm.csv,0.5,20,1.48163,0.300127134,1.55741,0.300015932,0.07578,12.76165028,190,0.07577999999999996,12461634.348000001,230.93164423330705,20.0,4618.632884666141,64.24099665928162,2771.1797307996844,0.07554949999999994,0.0010900011467884516,-0.0010900011467884516,231.67879460403793,3.279876289637945,-3.279876289637945,4633.575892080758,65.5975257927587,-65.5975257927587,12413427.1065,85692.23032048672,-85692.23032048672,2779.891640794488,2819.9046574151234,2740.446388582083,63.79057551556847,65.1456118761739,62.463724070043014
008_190℃_020_0.5mm.csv,0.5,20,1.48168,0.300045873,1.556625,0.300002913,0.074945,12.66419918,190,0.07494499999999982,12364196.267,233.50457001801377,20.0,4670.091400360276,63.03637341702809,2802.0548402161653,0.07554949999999994,0.0010900011467884516,-0.0010900011467884516,231.67879460403793,3.279876289637945,-3.279876289637945,4633.575892080758,65.5975257927587,-65.5975257927587,12413427.1065,85692.23032048672,-85692.23032048672,2779.891640794488,2819.9046574151234,2740.446388582083,63.79057551556847,65.1456118761739,62.463724070043014
009_190℃_020_0.5mm.csv,0.5,20,1.482015,0.300139469,1.556465,0.300159063,0.07445,12.63367838,190,0.0744499999999999,12333519.316999998,235.0570852921427,20.0,4701.141705842854,62.464660758547524,2820.6850235057127,0.07554949999999994,0.0010900011467884516,-0.0010900011467884516,231.67879460403793,3.279876289637945,-3.279876289637945,4633.575892080758,65.5975257927587,-65.5975257927587,12413427.1065,85692.23032048672,-85692.23032048672,2779.891640794488,2819.9046574151234,2740.446388582083,63.79057551556847,65.1456118761739,62.463724070043014
010_190℃_020_0.5mm.csv,0.5,20,1.4808,0.300025588,1.559005,0.300135112,0.078205,12.91078399,190,0.07820500000000008,12610648.878,223.77085864075164,20.0,4475.417172815033,67.08950989823067,2685.2503036890203,0.07554949999999994,0.0010900011467884516,-0.0010900011467884516,231.67879460403793,3.279876289637945,-3.279876289637945,4633.575892080758,65.5975257927587,-65.5975257927587,12413427.1065,85692.23032048672,-85692.23032048672,2779.891640794488,2819.9046574151234,2740.446388582083,63.79057551556847,65.1456118761739,62.463724070043014
011_190℃_040_0.5mm.csv,0.5,40,1.39161,0.300174867,1.43496,0.300071611,0.04335,10.35735742,190,0.04335,10057285.809,403.69088811995385,20.0,8073.817762399077,29.658730600010205,4844.290657439446,0.043565000000000006,0.00023932776223783094,-0.00023932776223783094,401.70952705618595,2.207818662695546,-2.207818662695546,8034.190541123719,44.15637325391103,-44.15637325391103,10098907.4118,35970.91222554352,-35970.91222554352,4820.448819667423,4847.009230886034,4794.033952930057,29.928599714327966,30.14365458539821,29.71507911633135
012_190℃_040_0.5mm.csv,0.5,40,1.392105,0.300194394,1.435515,0.300042763,0.04341,10.44648178,190,0.04341000000000017,10146439.016999999,403.13291868232966,20.0,8062.658373646593,29.963055627753178,4837.595024187956,0.043565000000000006,0.00023932776223783094,-0.00023932776223783094,401.70952705618595,2.207818662695546,-2.207818662695546,8034.190541123719,44.15637325391103,-44.15637325391103,10098907.4118,35970.91222554352,-35970.91222554352,4820.448819667423,4847.009230886034,4794.033952930057,29.928599714327966,30.14365458539821,29.71507911633135
013_190℃_040_0.5mm.csv,0.5,40,1.38914,0.300200645,1.43284,0.300275493,0.0437,10.41402673,190,0.04369999999999985,10113751.237,400.45766590389155,20.0,8009.1533180778315,30.06604959570738,4805.491990846699,0.043565000000000006,0.00023932776223783094,-0.00023932776223783094,401.70952705618595,2.207818662695546,-2.207818662695546,8034.190541123719,44.15637325391103,-44.15637325391103,10098907.4118,35970.91222554352,-35970.91222554352,4820.448819667423,4847.009230886034,4794.033952930057,29.928599714327966,30.14365458539821,29.71507911633135
014_190℃_040_0.5mm.csv,0.5,40,1.389745,0.30017848,1.4329,0.300055504,0.043155,10.40948794,190,0.043155000000000054,10109432.436,405.5150040551495,20.0,8110.300081102991,29.678405222828616,4866.180048661794,0.043565000000000006,0.00023932776223783094,-0.00023932776223783094,401.70952705618595,2.207818662695546,-2.207818662695546,8034.190541123719,44.15637325391103,-44.15637325391103,10098907.4118,35970.91222554352,-35970.91222554352,4820.448819667423,4847.009230886034,4794.033952930057,29.928599714327966,30.14365458539821,29.71507911633135
015_190℃_040_0.5mm.csv,0.5,40,1.396825,0.300217373,1.440625,0.300214894,0.0438,10.38810226,190,0.04380000000000006,10087887.366,399.5433789954332,20.0,7990.867579908664,30.057786845632695,4794.520547945199,0.043565000000000006,0.00023932776223783094,-0.00023932776223783094,401.70952705618595,2.207818662695546,-2.207818662695546,8034.190541123719,44.15637325391103,-44.15637325391103,10098907.4118,35970.91222554352,-35970.91222554352,4820.448819667423,4847.009230886034,4794.033952930057,29.928599714327966,30.14365458539821,29.71507911633135
016_190℃_040_0.5mm.csv,0.5,40,1.392175,0.300220168,1.43566,0.300001596,0.043485,10.38239982,190,0.043484999999999996,10082398.224,402.4376221685639,20.0,8048.752443371278,29.82538005242449,4829.251466022766,0.043565000000000006,0.00023932776223783094,-0.00023932776223783094,401.70952705618595,2.207818662695546,-2.207818662695546,8034.190541123719,44.15637325391103,-44.15637325391103,10098907.4118,35970.91222554352,-35970.91222554352,4820.448819667423,4847.009230886034,4794.033952930057,29.928599714327966,30.14365458539821,29.71507911633135
017_190℃_040_0.5mm.csv,0.5,40,1.390445,0.300205312,1.433895,0.30015478,0.04345,10.35131766,190,0.04344999999999999,10051162.879999999,402.7617951668586,20.0,8055.235903337171,29.709049465034003,4833.141542002302,0.043565000000000006,0.00023932776223783094,-0.00023932776223783094,401.70952705618595,2.207818662695546,-2.207818662695546,8034.190541123719,44.15637325391103,-44.15637325391103,10098907.4118,35970.91222554352,-35970.91222554352,4820.448819667423,4847.009230886034,4794.033952930057,29.928599714327966,30.14365458539821,29.71507911633135
018_190℃_040_0.5mm.csv,0.5,40,1.391545,0.300186761,1.435335,0.300239058,0.04379,10.46479956,190,0.043789999999999996,10164560.501999998,399.63461977620466,20.0,7992.692395524093,30.27932682874693,4795.615437314455,0.043565000000000006,0.00023932776223783094,-0.00023932776223783094,401.70952705618595,2.207818662695546,-2.207818662695546,8034.190541123719,44.15637325391103,-44.15637325391103,10098907.4118,35970.91222554352,-35970.91222554352,4820.448819667423,4847.009230886034,4794.033952930057,29.928599714327966,30.14365458539821,29.71507911633135
019_190℃_040_0.5mm.csv,0.5,40,1.3905,0.300056307,1.43408,0.300106849,0.04358,10.38097301,190,0.04357999999999995,10080866.161,401.5603487838462,20.0,8031.206975676924,29.885996414719695,4818.724185406155,0.043565000000000006,0.00023932776223783094,-0.00023932776223783094,401.70952705618595,2.207818662695546,-2.207818662695546,8034.190541123719,44.15637325391103,-44.15637325391103,10098907.4118,35970.91222554352,-35970.91222554352,4820.448819667423,4847.009230886034,4794.033952930057,29.928599714327966,30.14365458539821,29.71507911633135
020_190℃_040_0.5mm.csv,0.5,40,1.3909,0.300177078,1.43483,0.300215514,0.04393,10.395506,190,0.043930000000000025,10095290.486,398.3610289096287,20.0,7967.220578192574,30.169123200678932,4780.332346915545,0.043565000000000006,0.00023932776223783094,-0.00023932776223783094,401.70952705618595,2.207818662695546,-2.207818662695546,8034.190541123719,44.15637325391103,-44.15637325391103,10098907.4118,35970.91222554352,-35970.91222554352,4820.448819667423,4847.009230886034,4794.033952930057,29.928599714327966,30.14365458539821,29.71507911633135
021_190℃_080_0.5mm.csv,0.5,80,1.19663,0.300278856,1.217645,0.300028398,0.021015,6.14061055,190,0.021015000000000006,5840582.152,832.7385201046869,20.0,16654.770402093738,8.349648566277553,9992.862241256244,0.020931499999999992,0.00010072101182089096,-0.00010072101182089096,836.0780017675276,4.045255582020962,-4.045255582020962,16721.56003535055,80.90511164041789,-80.90511164041789,5864634.0533,45423.39374787625,-45423.39374787625,10032.830716113096,10081.35742461935,9984.53759137333,8.350406894258239,8.449899026093519,8.252086218350014
022_190℃_080_0.5mm.csv,0.5,80,1.20097,0.300123716,1.22198,0.300315399,0.02101,6.178550795,190,0.021009999999999973,5878235.396,832.9366968110435,20.0,16658.73393622087,8.401477936731961,9995.240361732522,0.020931499999999992,0.00010072101182089096,-0.00010072101182089096,836.0780017675276,4.045255582020962,-4.045255582020962,16721.56003535055,80.90511164041789,-80.90511164041789,5864634.0533,45423.39374787625,-45423.39374787625,10032.830716113096,10081.35742461935,9984.53759137333,8.350406894258239,8.449899026093519,8.252086218350014
023_190℃_080_0.5mm.csv,0.5,80,1.196945,0.300213585,1.217885,0.300168014,0.02094,6.138694946,190,0.02094000000000018,5838526.932000001,835.7211079274044,20.0,16714.42215854809,8.316922037828645,10028.653295128854,0.020931499999999992,0.00010072101182089096,-0.00010072101182089096,836.0780017675276,4.045255582020962,-4.045255582020962,16721.56003535055,80.90511164041789,-80.90511164041789,5864634.0533,45423.39374787625,-45423.39374787625,10032.830716113096,10081.35742461935,9984.53759137333,8.350406894258239,8.449899026093519,8.252086218350014
024_190℃_080_0.5mm.csv,0.5,80,1.19939,0.300192612,1.2204,0.300222092,0.02101,6.226926259,190,0.021009999999999973,5926704.166999999,832.9366968110435,20.0,16658.73393622087,8.470752010113594,9995.240361732522,0.020931499999999992,0.00010072101182089096,-0.00010072101182089096,836.0780017675276,4.045255582020962,-4.045255582020962,16721.56003535055,80.90511164041789,-80.90511164041789,5864634.0533,45423.39374787625,-45423.39374787625,10032.830716113096,10081.35742461935,9984.53759137333,8.350406894258239,8.449899026093519,8.252086218350014
025_190℃_080_0.5mm.csv,0.5,80,1.1936,0.300255045,1.214305,0.300077299,0.020705,6.072976936,190,0.020704999999999973,5772899.637,845.2064718667,20.0,16904.129437334,8.13114877442754,10142.477662400399,0.020931499999999992,0.00010072101182089096,-0.00010072101182089096,836.0780017675276,4.045255582020962,-4.045255582020962,16721.56003535055,80.90511164041789,-80.90511164041789,5864634.0533,45423.39374787625,-45423.39374787625,10032.830716113096,10081.35742461935,9984.53759137333,8.350406894258239,8.449899026093519,8.252086218350014
026_190℃_080_0.5mm.csv,0.5,80,1.20253,0.300085232,1.223455,0.300082992,0.020925,6.210965248,190,0.02092499999999986,5910882.256,836.3201911589064,20.0,16726.403823178127,8.413959946040762,10035.842293906875,0.020931499999999992,0.00010072101182089096,-0.00010072101182089096,836.0780017675276,4.045255582020962,-4.045255582020962,16721.56003535055,80.90511164041789,-80.90511164041789,5864634.0533,45423.39374787625,-45423.39374787625,10032.830716113096,10081.35742461935,9984.53759137333,8.350406894258239,8.449899026093519,8.252086218350014
027_190℃_080_0.5mm.csv,0.5,80,1.198855,0.300124812,1.21973,0.300252964,0.020875,6.140384605,190,0.020874999999999977,5840131.641,838.3233532934141,20.0,16766.46706586828,8.293384218086725,10059.880239520968,0.020931499999999992,0.00010072101182089096,-0.00010072101182089096,836.0780017675276,4.045255582020962,-4.045255582020962,16721.56003535055,80.90511164041789,-80.90511164041789,5864634.0533,45423.39374787625,-45423.39374787625,10032.830716113096,10081.35742461935,9984.53759137333,8.350406894258239,8.449899026093519,8.252086218350014
028_190℃_080_0.5mm.csv,0.5,80,1.19707,0.300021308,1.21808,0.300109617,0.02101,6.198677634,190,0.021009999999999973,5898568.017,832.9366968110435,20.0,16658.73393622087,8.4305383698755,9995.240361732522,0.020931499999999992,0.00010072101182089096,-0.00010072101182089096,836.0780017675276,4.045255582020962,-4.045255582020962,16721.56003535055,80.90511164041789,-80.90511164041789,5864634.0533,45423.39374787625,-45423.39374787625,10032.830716113096,10081.35742461935,9984.53759137333,8.350406894258239,8.449899026093519,8.252086218350014
029_190℃_080_0.5mm.csv,0.5,80,1.19736,0.30017448,1.218345,0.300219183,0.020985,6.191457895,190,0.02098500000000003,5891238.711999999,833.9289969025482,20.0,16678.579938050963,8.410043834783686,10007.147962830579,0.020931499999999992,0.00010072101182089096,-0.00010072101182089096,836.0780017675276,4.045255582020962,-4.045255582020962,16721.56003535055,80.90511164041789,-80.90511164041789,5864634.0533,45423.39374787625,-45423.39374787625,10032.830716113096,10081.35742461935,9984.53759137333,8.350406894258239,8.449899026093519,8.252086218350014
030_190℃_080_0.5mm.csv,0.5,80,1.197155,0.300089283,1.217995,0.300343131,0.02084,6.148914754,190,0.02083999999999997,5848571.623,839.731285988485,20.0,16794.625719769698,8.291444396144206,10076.775431861819,0.020931499999999992,0.00010072101182089096,-0.00010072101182089096,836.0780017675276,4.045255582020962,-4.045255582020962,16721.56003535055,80.90511164041789,-80.90511164041789,5864634.0533,45423.39374787625,-45423.39374787625,10032.830716113096,10081.35742461935,9984.53759137333,8.350406894258239,8.449899026093519,8.252086218350014
031_190℃_120_0.5mm.csv,0.5,120,1.140035,0.300004481,1.153155,0.300275038,0.01312,3.753596403,190,0.01312000000000002,3453321.3649999998,1333.841463414632,20.0,26676.82926829264,3.082148048217692,16006.097560975584,0.014324500000000028,0.0005446071468907281,-0.0005446071468907281,1223.3287468840008,48.15208713864002,-48.15208713864002,24466.574937680016,963.0417427728013,-963.0417427728013,3758220.1245999997,140526.73203985643,-140526.73203985643,14669.953734852816,15248.38733342293,14113.46248471855,3.657426219618529,3.9459316597895655,3.390014755771635
032_190℃_120_0.5mm.csv,0.5,120,1.14072,0.30005488,1.155385,0.300241757,0.014665,4.150327689,190,0.01466500000000015,3850085.932,1193.3174224343554,20.0,23866.34844868711,3.8409190607333725,14319.809069212264,0.014324500000000028,0.0005446071468907281,-0.0005446071468907281,1223.3287468840008,48.15208713864002,-48.15208713864002,24466.574937680016,963.0417427728013,-963.0417427728013,3758220.1245999997,140526.73203985643,-140526.73203985643,14669.953734852816,15248.38733342293,14113.46248471855,3.657426219618529,3.9459316597895655,3.390014755771635
033_190℃_120_0.5mm.csv,0.5,120,1.13972,0.300171341,1.15396,0.300249719,0.01424,4.054634264,190,0.01424000000000003,3754384.545,1228.9325842696603,20.0,24578.651685393204,3.636900402775519,14747.191011235922,0.014324500000000028,0.0005446071468907281,-0.0005446071468907281,1223.3287468840008,48.15208713864002,-48.15208713864002,24466.574937680016,963.0417427728013,-963.0417427728013,3758220.1245999997,140526.73203985643,-140526.73203985643,14669.953734852816,15248.38733342293,14113.46248471855,3.657426219618529,3.9459316597895655,3.390014755771635
034_190℃_120_0.5mm.csv,0.5,120,1.139685,0.300060846,1.15368,0.300272959,0.013995,3.991313026,190,0.01399499999999998,3691040.067,1250.4465880671687,20.0,25008.931761343374,3.5140207984806073,15005.359056806023,0.014324500000000028,0.0005446071468907281,-0.0005446071468907281,1223.3287468840008,48.15208713864002,-48.15208713864002,24466.574937680016,963.0417427728013,-963.0417427728013,3758220.1245999997,140526.73203985643,-140526.73203985643,14669.953734852816,15248.38733342293,14113.46248471855,3.657426219618529,3.9459316597895655,3.390014755771635
035_190℃_120_0.5mm.csv,0.5,120,1.139165,0.300100878,1.15378,0.30031612,0.014615,4.164453011,190,0.014615000000000045,3864136.891,1197.3999315771432,20.0,23947.998631542865,3.841793242310555,14368.799178925718,0.014324500000000028,0.0005446071468907281,-0.0005446071468907281,1223.3287468840008,48.15208713864002,-48.15208713864002,24466.574937680016,963.0417427728013,-963.0417427728013,3758220.1245999997,140526.73203985643,-140526.73203985643,14669.953734852816,15248.38733342293,14113.46248471855,3.657426219618529,3.9459316597895655,3.390014755771635
036_190℃_120_0.5mm.csv,0.5,120,1.1396,0.300127457,1.153765,0.300198808,0.014165,3.925824631,190,0.014164999999999983,3625625.823,1235.4394634662917,20.0,24708.789269325833,3.4936727743397915,14825.273561595499,0.014324500000000028,0.0005446071468907281,-0.0005446071468907281,1223.3287468840008,48.15208713864002,-48.15208713864002,24466.574937680016,963.0417427728013,-963.0417427728013,3758220.1245999997,140526.73203985643,-140526.73203985643,14669.953734852816,15248.38733342293,14113.46248471855,3.657426219618529,3.9459316597895655,3.390014755771635
037_190℃_120_0.5mm.csv,0.5,120,1.137255,0.300003798,1.15232,0.300034929,0.015065,4.240881905,190,0.015065000000000106,3940846.976,1161.6329239960091,20.0,23232.65847992018,4.03869793832928,13939.595087952108,0.014324500000000028,0.0005446071468907281,-0.0005446071468907281,1223.3287468840008,48.15208713864002,-48.15208713864002,24466.574937680016,963.0417427728013,-963.0417427728013,3758220.1245999997,140526.73203985643,-140526.73203985643,14669.953734852816,15248.38733342293,14113.46248471855,3.657426219618529,3.9459316597895655,3.390014755771635
038_190℃_120_0.5mm.csv,0.5,120,1.13783,0.300343766,1.15197,0.300120274,0.01414,4.066252536,190,0.014140000000000041,3766132.262,1237.623762376234,20.0,24752.47524752468,3.6226605567809638,14851.485148514806,0.014324500000000028,0.0005446071468907281,-0.0005446071468907281,1223.3287468840008,48.15208713864002,-48.15208713864002,24466.574937680016,963.0417427728013,-963.0417427728013,3758220.1245999997,140526.73203985643,-140526.73203985643,14669.953734852816,15248.38733342293,14113.46248471855,3.657426219618529,3.9459316597895655,3.390014755771635
039_190℃_120_0.5mm.csv,0.5,120,1.137005,0.300192208,1.15138,0.30003439,0.014375,4.08398126,190,0.014375000000000027,3783946.8699999996,1217.3913043478237,20.0,24347.826086956477,3.7002881806972856,14608.695652173885,0.014324500000000028,0.0005446071468907281,-0.0005446071468907281,1223.3287468840008,48.15208713864002,-48.15208713864002,24466.574937680016,963.0417427728013,-963.0417427728013,3758220.1245999997,140526.73203985643,-140526.73203985643,14669.953734852816,15248.38733342293,14113.46248471855,3.657426219618529,3.9459316597895655,3.390014755771635
040_190℃_120_0.5mm.csv,0.5,120,1.13951,0.300278994,1.154375,0.300081359,0.014865,4.152761874,190,0.014864999999999906,3852680.515,1177.2620248906903,20.0,23545.240497813807,3.8959248881275257,14127.144298688285,0.014324500000000028,0.0005446071468907281,-0.0005446071468907281,1223.3287468840008,48.15208713864002,-48.15208713864002,24466.574937680016,963.0417427728013,-963.0417427728013,3758220.1245999997,140526.73203985643,-140526.73203985643,14669.953734852816,15248.38733342293,14113.46248471855,3.657426219618529,3.9459316597895655,3.390014755771635
041_190℃_160_0.5mm.csv,0.5,160,1.11083,0.300061927,1.121955,0.300379041,0.011125,2.955107171,190,0.011125000000000052,2654728.1299999994,1573.0337078651612,20.0,31460.674157303223,2.0091054725340225,18876.404494381935,0.011298500000000034,0.00016645069340000406,-0.00016645069340000406,1549.1819254265372,22.911412263704975,-22.911412263704975,30983.63850853074,458.2282452741001,-458.2282452741001,2796662.2974,95970.59760706758,-95970.59760706758,18588.358124484697,18864.77547412884,18315.99099803505,2.1481759477890017,2.254442111161925,2.046918783060173
042_190℃_160_0.5mm.csv,0.5,160,1.10831,0.300188192,1.11986,0.300171107,0.01155,3.242949404,190,0.011550000000000171,2942778.297,1515.1515151514927,20.0,30303.030303029853,2.3121829476428912,18181.81818181791,0.011298500000000034,0.00016645069340000406,-0.00016645069340000406,1549.1819254265372,22.911412263704975,-22.911412263704975,30983.63850853074,458.2282452741001,-458.2282452741001,2796662.2974,95970.59760706758,-95970.59760706758,18588.358124484697,18864.77547412884,18315.99099803505,2.1481759477890017,2.254442111161925,2.046918783060173
043_190℃_160_0.5mm.csv,0.5,160,1.10889,0.300076044,1.120285,0.300105686,0.011395,3.150907267,190,0.011395000000000044,2850801.581,1535.761298815264,20.0,30715.22597630528,2.209856055475859,18429.135585783166,0.011298500000000034,0.00016645069340000406,-0.00016645069340000406,1549.1819254265372,22.911412263704975,-22.911412263704975,30983.63850853074,458.2282452741001,-458.2282452741001,2796662.2974,95970.59760706758,-95970.59760706758,18588.358124484697,18864.77547412884,18315.99099803505,2.1481759477890017,2.254442111161925,2.046918783060173
044_190℃_160_0.5mm.csv,0.5,160,1.10592,0.300254246,1.117175,0.300337787,0.011255,3.039957783,190,0.011255000000000015,2739619.9960000003,1554.8645046645915,20.0,31097.29009329183,2.097579799658506,18658.3740559751,0.011298500000000034,0.00016645069340000406,-0.00016645069340000406,1549.1819254265372,22.911412263704975,-22.911412263704975,30983.63850853074,458.2282452741001,-458.2282452741001,2796662.2974,95970.59760706758,-95970.59760706758,18588.358124484697,18864.77547412884,18315.99099803505,2.1481759477890017,2.254442111161925,2.046918783060173
045_190℃_160_0.5mm.csv,0.5,160,1.10825,0.300004041,1.11959,0.300126272,0.01134,3.112600505,190,0.011340000000000128,2812474.233,1543.2098765431924,20.0,30864.19753086385,2.1696229797428814,18518.51851851831,0.011298500000000034,0.00016645069340000406,-0.00016645069340000406,1549.1819254265372,22.911412263704975,-22.911412263704975,30983.63850853074,458.2282452741001,-458.2282452741001,2796662.2974,95970.59760706758,-95970.59760706758,18588.358124484697,18864.77547412884,18315.99099803505,2.1481759477890017,2.254442111161925,2.046918783060173
046_190℃_160_0.5mm.csv,0.5,160,1.10738,0.300151399,1.118755,0.300245318,0.011375,3.203502276,190,0.011374999999999913,2903256.958,1538.4615384615502,20.0,30769.230769231002,2.24656788416665,18461.538461538603,0.011298500000000034,0.00016645069340000406,-0.00016645069340000406,1549.1819254265372,22.911412263704975,-22.911412263704975,30983.63850853074,458.2282452741001,-458.2282452741001,2796662.2974,95970.59760706758,-95970.59760706758,18588.358124484697,18864.77547412884,18315.99099803505,2.1481759477890017,2.254442111161925,2.046918783060173
047_190℃_160_0.5mm.csv,0.5,160,1.106625,0.300026228,1.118075,0.300179625,0.01145,3.129023146,190,0.01144999999999996,2828843.521,1528.3842794759878,20.0,30567.685589519755,2.203418933023802,18340.611353711854,0.011298500000000034,0.00016645069340000406,-0.00016645069340000406,1549.1819254265372,22.911412263704975,-22.911412263704975,30983.63850853074,458.2282452741001,-458.2282452741001,2796662.2974,95970.59760706758,-95970.59760706758,18588.358124484697,18864.77547412884,18315.99099803505,2.1481759477890017,2.254442111161925,2.046918783060173
048_190℃_160_0.5mm.csv,0.5,160,1.108655,0.300129096,1.12002,0.300424246,0.011365,3.132364603,190,0.01136500000000007,2831940.3570000003,1539.8152221733299,20.0,30796.304443466597,2.189455929068381,18477.78266607996,0.011298500000000034,0.00016645069340000406,-0.00016645069340000406,1549.1819254265372,22.911412263704975,-22.911412263704975,30983.63850853074,458.2282452741001,-458.2282452741001,2796662.2974,95970.59760706758,-95970.59760706758,18588.358124484697,18864.77547412884,18315.99099803505,2.1481759477890017,2.254442111161925,2.046918783060173
049_190℃_160_0.5mm.csv,0.5,160,1.108305,0.300048967,1.11939,0.300146913,0.011085,3.040303233,190,0.011085000000000012,2740156.3200000003,1578.709968425799,20.0,31574.19936851598,2.0663015515102066,18944.519621109586,0.011298500000000034,0.00016645069340000406,-0.00016645069340000406,1549.1819254265372,22.911412263704975,-22.911412263704975,30983.63850853074,458.2282452741001,-458.2282452741001,2796662.2974,95970.59760706758,-95970.59760706758,18588.358124484697,18864.77547412884,18315.99099803505,2.1481759477890017,2.254442111161925,2.046918783060173
050_190℃_160_0.5mm.csv,0.5,160,1.108675,0.300155583,1.11972,0.300256088,0.011045,2.962279669,190,0.011044999999999972,2662023.5810000002,1584.4273426890036,20.0,31688.54685378007,2.0001394865404714,19013.12811226804,0.011298500000000034,0.00016645069340000406,-0.00016645069340000406,1549.1819254265372,22.911412263704975,-22.911412263704975,30983.63850853074,458.2282452741001,-458.2282452741001,2796662.2974,95970.59760706758,-95970.59760706758,18588.358124484697,18864.77547412884,18315.99099803505,2.1481759477890017,2.254442111161925,2.046918783060173
051_190℃_200_0.5mm.csv,0.5,200,1.0895,0.300005178,1.099,0.300151587,0.0095,2.504834191,190,0.009500000000000064,2204682.6040000003,1842.1052631578823,20.0,36842.105263157646,1.4247948801360641,22105.263157894587,0.009273500000000023,0.0001784197609882935,-0.0001784197609882935,1887.724768409722,36.22145280563861,-36.22145280563861,37754.49536819444,724.4290561127723,-724.4290561127723,2097791.4082000004,56072.27364737762,-56072.27364737762,22648.937546409677,23088.33415603021,22217.903141668943,1.3227506218407423,1.3812066414407445,1.266768602962248
052_190℃_200_0.5mm.csv,0.5,200,1.089845,0.300386232,1.09886,0.300238764,0.009015,2.321655004,190,0.009014999999999995,2021416.2400000002,1941.2090959511934,20.0,38824.18191902387,1.2396644492244893,23294.50915141432,0.009273500000000023,0.0001784197609882935,-0.0001784197609882935,1887.724768409722,36.22145280563861,-36.22145280563861,37754.49536819444,724.4290561127723,-724.4290561127723,2097791.4082000004,56072.27364737762,-56072.27364737762,22648.937546409677,23088.33415603021,22217.903141668943,1.3227506218407423,1.3812066414407445,1.266768602962248
053_190℃_200_0.5mm.csv,0.5,200,1.089995,0.300262059,1.09921,0.300034532,0.009215,2.403174438,190,0.009214999999999973,2103139.906,1899.077590884433,20.0,37981.55181768866,1.318396886652377,22788.931090613198,0.009273500000000023,0.0001784197609882935,-0.0001784197609882935,1887.724768409722,36.22145280563861,-36.22145280563861,37754.49536819444,724.4290561127723,-724.4290561127723,2097791.4082000004,56072.27364737762,-56072.27364737762,22648.937546409677,23088.33415603021,22217.903141668943,1.3227506218407423,1.3812066414407445,1.266768602962248
054_190℃_200_0.5mm.csv,0.5,200,1.08794,0.300271613,1.09724,0.300115697,0.0093,2.414714421,190,0.009300000000000086,2114598.7240000004,1881.7204301075094,20.0,37634.408602150186,1.3378073560000125,22580.64516129011,0.009273500000000023,0.0001784197609882935,-0.0001784197609882935,1887.724768409722,36.22145280563861,-36.22145280563861,37754.49536819444,724.4290561127723,-724.4290561127723,2097791.4082000004,56072.27364737762,-56072.27364737762,22648.937546409677,23088.33415603021,22217.903141668943,1.3227506218407423,1.3812066414407445,1.266768602962248
055_190℃_200_0.5mm.csv,0.5,200,1.089175,0.300144652,1.0987,0.30019796,0.009525,2.467555606,190,0.009525000000000006,2167357.646,1837.2703412073479,20.0,36745.40682414696,1.4043592910306133,22047.244094488175,0.009273500000000023,0.0001784197609882935,-0.0001784197609882935,1887.724768409722,36.22145280563861,-36.22145280563861,37754.49536819444,724.4290561127723,-724.4290561127723,2097791.4082000004,56072.27364737762,-56072.27364737762,22648.937546409677,23088.33415603021,22217.903141668943,1.3227506218407423,1.3812066414407445,1.266768602962248
056_190℃_200_0.5mm.csv,0.5,200,1.08838,0.300015544,1.097485,0.30028085,0.009105,2.358657734,190,0.00910500000000014,2058376.8839999998,1922.020867655105,20.0,38440.4173531021,1.2749334373347134,23064.250411861263,0.009273500000000023,0.0001784197609882935,-0.0001784197609882935,1887.724768409722,36.22145280563861,-36.22145280563861,37754.49536819444,724.4290561127723,-724.4290561127723,2097791.4082000004,56072.27364737762,-56072.27364737762,22648.937546409677,23088.33415603021,22217.903141668943,1.3227506218407423,1.3812066414407445,1.266768602962248
057_190℃_200_0.5mm.csv,0.5,200,1.088485,0.300128587,1.09796,0.300154013,0.009475,2.397719088,190,0.009475000000000122,2097565.075,1846.9656992084194,20.0,36939.31398416839,1.352001978613963,22163.588390501034,0.009273500000000023,0.0001784197609882935,-0.0001784197609882935,1887.724768409722,36.22145280563861,-36.22145280563861,37754.49536819444,724.4290561127723,-724.4290561127723,2097791.4082000004,56072.27364737762,-56072.27364737762,22648.937546409677,23088.33415603021,22217.903141668943,1.3227506218407423,1.3812066414407445,1.266768602962248
058_190℃_200_0.5mm.csv,0.5,200,1.08782,0.300007508,1.09705,0.300159649,0.00923,2.337707151,190,0.009230000000000071,2037547.5020000003,1895.9913326110363,20.0,37919.82665222073,1.2793580573782415,22751.895991332436,0.009273500000000023,0.0001784197609882935,-0.0001784197609882935,1887.724768409722,36.22145280563861,-36.22145280563861,37754.49536819444,724.4290561127723,-724.4290561127723,2097791.4082000004,56072.27364737762,-56072.27364737762,22648.937546409677,23088.33415603021,22217.903141668943,1.3227506218407423,1.3812066414407445,1.266768602962248
059_190℃_200_0.5mm.csv,0.5,200,1.089625,0.300407835,1.098725,0.300430922,0.0091,2.402124325,190,0.009099999999999886,2101693.403,1923.0769230769472,20.0,38461.53846153894,1.301048297095222,23076.923076923365,0.009273500000000023,0.0001784197609882935,-0.0001784197609882935,1887.724768409722,36.22145280563861,-36.22145280563861,37754.49536819444,724.4290561127723,-724.4290561127723,2097791.4082000004,56072.27364737762,-56072.27364737762,22648.937546409677,23088.33415603021,22217.903141668943,1.3227506218407423,1.3812066414407445,1.266768602962248
060_190℃_200_0.5mm.csv,0.5,200,1.088445,0.300274523,1.097715,0.300265066,0.00927,2.371801164,190,0.00926999999999989,2071536.0979999998,1887.8101402373472,20.0,37756.20280474694,1.306336029146923,22653.721682848165,0.009273500000000023,0.0001784197609882935,-0.0001784197609882935,1887.724768409722,36.22145280563861,-36.22145280563861,37754.49536819444,724.4290561127723,-724.4290561127723,2097791.4082000004,56072.27364737762,-56072.27364737762,22648.937546409677,23088.33415603021,22217.903141668943,1.3227506218407423,1.3812066414407445,1.266768602962248
061_190℃_240_0.5mm.csv,0.5,240,1.07571,0.300087816,1.084095,0.300222483,0.008385,2.14398096,190,0.008385000000000087,1843758.477,2087.060226595089,20.0,41741.20453190178,1.0516948863704187,25044.722719141068,0.00853200000000003,0.00013509667320516945,-0.00013509667320516945,2051.5626194446063,32.34470191929291,-32.34470191929291,41031.25238889213,646.8940383858586,-646.8940383858586,1874178.673,39349.04757786824,-39349.04757786824,24615.98994951281,25008.01479385862,24230.110474155743,1.0874508552621591,1.1257908583414549,1.0504165616982932
062_190℃_240_0.5mm.csv,0.5,240,1.075245,0.300279147,1.0838,0.300291621,0.008555,2.199556045,190,0.00855500000000009,1899264.424,2045.587375803602,20.0,40911.74751607204,1.105320214103413,24547.048509643228,0.00853200000000003,0.00013509667320516945,-0.00013509667320516945,2051.5626194446063,32.34470191929291,-32.34470191929291,41031.25238889213,646.8940383858586,-646.8940383858586,1874178.673,39349.04757786824,-39349.04757786824,24615.98994951281,25008.01479385862,24230.110474155743,1.0874508552621591,1.1257908583414549,1.0504165616982932
063_190℃_240_0.5mm.csv,0.5,240,1.074715,0.300349268,1.08339,0.300195135,0.008675,2.160233254,190,0.008674999999999988,1860038.119,2017.2910662824236,20.0,40345.821325648474,1.0976755566207463,24207.492795389084,0.00853200000000003,0.00013509667320516945,-0.00013509667320516945,2051.5626194446063,32.34470191929291,-32.34470191929291,41031.25238889213,646.8940383858586,-646.8940383858586,1874178.673,39349.04757786824,-39349.04757786824,24615.98994951281,25008.01479385862,24230.110474155743,1.0874508552621591,1.1257908583414549,1.0504165616982932
064_190℃_240_0.5mm.csv,0.5,240,1.0754,0.300283579,1.08378,0.300375095,0.00838,2.11659794,190,0.008380000000000054,1816222.8450000002,2088.30548926013,20.0,41766.1097852026,1.0353705742244965,25059.66587112156,0.00853200000000003,0.00013509667320516945,-0.00013509667320516945,2051.5626194446063,32.34470191929291,-32.34470191929291,41031.25238889213,646.8940383858586,-646.8940383858586,1874178.673,39349.04757786824,-39349.04757786824,24615.98994951281,25008.01479385862,24230.110474155743,1.0874508552621591,1.1257908583414549,1.0504165616982932
065_190℃_240_0.5mm.csv,0.5,240,1.0748,0.300261992,1.083575,0.300062212,0.008775,2.228274029,190,0.008774999999999977,1928211.817,1994.3019943019995,20.0,39886.03988603999,1.151024400964283,23931.62393162399,0.00853200000000003,0.00013509667320516945,-0.00013509667320516945,2051.5626194446063,32.34470191929291,-32.34470191929291,41031.25238889213,646.8940383858586,-646.8940383858586,1874178.673,39349.04757786824,-39349.04757786824,24615.98994951281,25008.01479385862,24230.110474155743,1.0874508552621591,1.1257908583414549,1.0504165616982932
066_190℃_240_0.5mm.csv,0.5,240,1.074685,0.300401628,1.08313,0.300090204,0.008445,2.158824016,190,0.008445000000000036,1858733.8120000002,2072.2320899940705,20.0,41444.641799881414,1.0678236083224535,24866.78507992885,0.00853200000000003,0.00013509667320516945,-0.00013509667320516945,2051.5626194446063,32.34470191929291,-32.34470191929291,41031.25238889213,646.8940383858586,-646.8940383858586,1874178.673,39349.04757786824,-39349.04757786824,24615.98994951281,25008.01479385862,24230.110474155743,1.0874508552621591,1.1257908583414549,1.0504165616982932
067_190℃_240_0.5mm.csv,0.5,240,1.075335,0.300043466,1.08394,0.300368967,0.008605,2.206011348,190,0.008604999999999974,1905642.381,2033.701336432313,20.0,40674.02672864626,1.11551378833367,24404.41603718776,0.00853200000000003,0.00013509667320516945,-0.00013509667320516945,2051.5626194446063,32.34470191929291,-32.34470191929291,41031.25238889213,646.8940383858586,-646.8940383858586,1874178.673,39349.04757786824,-39349.04757786824,24615.98994951281,25008.01479385862,24230.110474155743,1.0874508552621591,1.1257908583414549,1.0504165616982932
068_190℃_240_0.5mm.csv,0.5,240,1.07496,0.300387961,1.083335,0.300173777,0.008375,2.134469731,190,0.008375000000000021,1834295.954,2089.552238805965,20.0,41791.0447761193,1.0450495656292542,25074.62686567158,0.00853200000000003,0.00013509667320516945,-0.00013509667320516945,2051.5626194446063,32.34470191929291,-32.34470191929291,41031.25238889213,646.8940383858586,-646.8940383858586,1874178.673,39349.04757786824,-39349.04757786824,24615.98994951281,25008.01479385862,24230.110474155743,1.0874508552621591,1.1257908583414549,1.0504165616982932
069_190℃_240_0.5mm.csv,0.5,240,1.07556,0.300141401,1.084115,0.30022779,0.008555,2.166683903,190,0.008554999999999868,1866456.113,2045.587375803655,20.0,40911.7475160731,1.086226669844541,24547.048509643857,0.00853200000000003,0.00013509667320516945,-0.00013509667320516945,2051.5626194446063,32.34470191929291,-32.34470191929291,41031.25238889213,646.8940383858586,-646.8940383858586,1874178.673,39349.04757786824,-39349.04757786824,24615.98994951281,25008.01479385862,24230.110474155743,1.0874508552621591,1.1257908583414549,1.0504165616982932
070_190℃_240_0.5mm.csv,0.5,240,1.07445,0.300279085,1.08302,0.300116539,0.00857,2.229279327,190,0.008570000000000189,1929162.788,2042.0070011668163,20.0,40840.140023336324,1.1246887818476439,24504.084014001794,0.00853200000000003,0.00013509667320516945,-0.00013509667320516945,2051.5626194446063,32.34470191929291,-32.34470191929291,41031.25238889213,646.8940383858586,-646.8940383858586,1874178.673,39349.04757786824,-39349.04757786824,24615.98994951281,25008.01479385862,24230.110474155743,1.0874508552621591,1.1257908583414549,1.0504165616982932
071_190℃_280_0.5mm.csv,0.5,280,1.066415,0.300330261,1.074765,0.300001819,0.00835,2.077875433,190,0.00835000000000008,1777873.614,2095.808383233513,20.0,41916.167664670254,1.0098805902653158,25149.700598802152,0.008488499999999965,0.0009218461247831608,-0.0009218461247831608,2080.5139129201807,193.96580695872356,-193.96580695872356,41610.27825840362,3879.3161391744684,-3879.3161391744684,1922574.1443999999,407289.7535883274,-407289.7535883274,24858.271935377652,27490.582806785464,22478.01321478934,1.0868055940739738,1.4411257885445174,0.8195997939245793
072_190℃_280_0.5mm.csv,0.5,280,1.067865,0.300034918,1.075895,0.300094633,0.00803,2.018569821,190,0.008029999999999982,1718475.1879999998,2179.32752179328,20.0,43586.5504358656,0.9387316843292496,26151.930261519363,0.008488499999999965,0.0009218461247831608,-0.0009218461247831608,2080.5139129201807,193.96580695872356,-193.96580695872356,41610.27825840362,3879.3161391744684,-3879.3161391744684,1922574.1443999999,407289.7535883274,-407289.7535883274,24858.271935377652,27490.582806785464,22478.01321478934,1.0868055940739738,1.4411257885445174,0.8195997939245793
073_190℃_280_0.5mm.csv,0.5,280,1.066145,0.300388896,1.074355,0.300418402,0.00821,2.11092965,190,0.00821000000000005,1810511.2480000001,2131.5468940316555,20.0,42630.93788063311,1.0111766902095303,25578.562728379864,0.008488499999999965,0.0009218461247831608,-0.0009218461247831608,2080.5139129201807,193.96580695872356,-193.96580695872356,41610.27825840362,3879.3161391744684,-3879.3161391744684,1922574.1443999999,407289.7535883274,-407289.7535883274,24858.271935377652,27490.582806785464,22478.01321478934,1.0868055940739738,1.4411257885445174,0.8195997939245793
074_190℃_280_0.5mm.csv,0.5,280,1.06659,0.300065766,1.074795,0.300134391,0.008205,2.07733027,190,0.008205000000000018,1777195.879,2132.8458257160223,20.0,42656.916514320445,0.9919654549112267,25594.149908592266,0.008488499999999965,0.0009218461247831608,-0.0009218461247831608,2080.5139129201807,193.96580695872356,-193.96580695872356,41610.27825840362,3879.3161391744684,-3879.3161391744684,1922574.1443999999,407289.7535883274,-407289.7535883274,24858.271935377652,27490.582806785464,22478.01321478934,1.0868055940739738,1.4411257885445174,0.8195997939245793
075_190℃_280_0.5mm.csv,0.5,280,1.0661,0.300127889,1.074285,0.300319211,0.008185,2.081198421,190,0.008184999999999887,1780879.21,2138.057422113652,20.0,42761.14844227304,0.9915983900578094,25656.689065363826,0.008488499999999965,0.0009218461247831608,-0.0009218461247831608,2080.5139129201807,193.96580695872356,-193.96580695872356,41610.27825840362,3879.3161391744684,-3879.3161391744684,1922574.1443999999,407289.7535883274,-407289.7535883274,24858.271935377652,27490.582806785464,22478.01321478934,1.0868055940739738,1.4411257885445174,0.8195997939245793
076_190℃_280_0.5mm.csv,0.5,280,1.065995,0.300389987,1.07396,0.30041231,0.007965,2.061438539,190,0.007965,1761026.229,2197.112366603892,20.0,43942.24733207784,0.9541887016316327,26365.348399246705,0.008488499999999965,0.0009218461247831608,-0.0009218461247831608,2080.5139129201807,193.96580695872356,-193.96580695872356,41610.27825840362,3879.3161391744684,-3879.3161391744684,1922574.1443999999,407289.7535883274,-407289.7535883274,24858.271935377652,27490.582806785464,22478.01321478934,1.0868055940739738,1.4411257885445174,0.8195997939245793
077_190℃_280_0.5mm.csv,0.5,280,1.06807,0.300230419,1.07582,0.300079081,0.00775,1.946792764,190,0.007749999999999924,1646713.683,2258.0645161290545,20.0,45161.29032258109,0.8681653770918283,27096.774193548656,0.008488499999999965,0.0009218461247831608,-0.0009218461247831608,2080.5139129201807,193.96580695872356,-193.96580695872356,41610.27825840362,3879.3161391744684,-3879.3161391744684,1922574.1443999999,407289.7535883274,-407289.7535883274,24858.271935377652,27490.582806785464,22478.01321478934,1.0868055940739738,1.4411257885445174,0.8195997939245793
078_190℃_280_0.5mm.csv,0.5,280,1.06587,0.300377301,1.073815,0.30031012,0.007945,1.993803641,190,0.007944999999999869,1693493.521,2202.6431718062036,20.0,44052.86343612407,0.9152929268261756,26431.718061674444,0.008488499999999965,0.0009218461247831608,-0.0009218461247831608,2080.5139129201807,193.96580695872356,-193.96580695872356,41610.27825840362,3879.3161391744684,-3879.3161391744684,1922574.1443999999,407289.7535883274,-407289.7535883274,24858.271935377652,27490.582806785464,22478.01321478934,1.0868055940739738,1.4411257885445174,0.8195997939245793
079_190℃_280_0.5mm.csv,0.5,280,1.0656,0.300058093,1.07632,0.300153433,0.01072,3.262826013,190,0.01071999999999984,2962672.58,1632.4626865671885,20.0,32649.25373134377,2.1605340175237773,19589.55223880626,0.008488499999999965,0.0009218461247831608,-0.0009218461247831608,2080.5139129201807,193.96580695872356,-193.96580695872356,41610.27825840362,3879.3161391744684,-3879.3161391744684,1922574.1443999999,407289.7535883274,-407289.7535883274,24858.271935377652,27490.582806785464,22478.01321478934,1.0868055940739738,1.4411257885445174,0.8195997939245793
080_190℃_280_0.5mm.csv,0.5,280,1.0665,0.300059212,1.076025,0.300225572,0.009525,2.597125864,190,0.009525000000000006,2296900.292,1837.2703412073479,20.0,36745.40682414696,1.4882976381836743,22047.244094488175,0.008488499999999965,0.0009218461247831608,-0.0009218461247831608,2080.5139129201807,193.96580695872356,-193.96580695872356,41610.27825840362,3879.3161391744684,-3879.3161391744684,1922574.1443999999,407289.7535883274,-407289.7535883274,24858.271935377652,27490.582806785464,22478.01321478934,1.0868055940739738,1.4411257885445174,0.8195997939245793
081_190℃_320_0.5mm.csv,0.5,320,1.05983,0.300138182,1.07357,0.30027019,0.01374,5.230423372,190,0.013739999999999863,4930153.182,1273.6535662299982,20.0,25473.071324599965,4.608183994604035,15283.84279475998,0.012221500000000041,0.0023029643336843516,-0.0023029643336843516,1476.64919281815,266.25789340525773,-266.25789340525773,29532.983856363,5325.157868105154,-5325.157868105154,4051679.2115999996,1673855.0810984648,-1673855.0810984648,17453.198995415205,21004.731774581745,14502.1682943927,3.0842971011149554,5.515289141799322,1.724821376244766
082_190℃_320_0.5mm.csv,0.5,320,1.060085,0.300081213,1.073445,0.300066504,0.01336,4.862109254,190,0.013360000000000039,4562042.75,1309.8802395209543,20.0,26197.604790419085,4.146183070748311,15718.562874251453,0.012221500000000041,0.0023029643336843516,-0.0023029643336843516,1476.64919281815,266.25789340525773,-266.25789340525773,29532.983856363,5325.157868105154,-5325.157868105154,4051679.2115999996,1673855.0810984648,-1673855.0810984648,17453.198995415205,21004.731774581745,14502.1682943927,3.0842971011149554,5.515289141799322,1.724821376244766
083_190℃_320_0.5mm.csv,0.5,320,1.05955,0.300244163,1.071425,0.300283808,0.011875,3.924783049,190,0.01187500000000008,3624499.241,1473.6842105263058,20.0,29473.684210526117,2.927954318835053,17684.21052631567,0.012221500000000041,0.0023029643336843516,-0.0023029643336843516,1476.64919281815,266.25789340525773,-266.25789340525773,29532.983856363,5325.157868105154,-5325.157868105154,4051679.2115999996,1673855.0810984648,-1673855.0810984648,17453.198995415205,21004.731774581745,14502.1682943927,3.0842971011149554,5.515289141799322,1.724821376244766
084_190℃_320_0.5mm.csv,0.5,320,1.06246,0.300325995,1.07253,0.300140341,0.01007,2.943184577,190,0.010070000000000023,2643044.2359999996,1737.8351539225382,20.0,34756.703078450766,1.8105752011238132,20854.02184707046,0.012221500000000041,0.0023029643336843516,-0.0023029643336843516,1476.64919281815,266.25789340525773,-266.25789340525773,29532.983856363,5325.157868105154,-5325.157868105154,4051679.2115999996,1673855.0810984648,-1673855.0810984648,17453.198995415205,21004.731774581745,14502.1682943927,3.0842971011149554,5.515289141799322,1.724821376244766
085_190℃_320_0.5mm.csv,0.5,320,1.05985,0.300011647,1.071625,0.300129836,0.011775,3.899678528,190,0.011775000000000091,3599548.692,1486.1995753715385,20.0,29723.99150743077,2.88331196246941,17834.394904458462,0.012221500000000041,0.0023029643336843516,-0.0023029643336843516,1476.64919281815,266.25789340525773,-266.25789340525773,29532.983856363,5325.157868105154,-5325.157868105154,4051679.2115999996,1673855.0810984648,-1673855.0810984648,17453.198995415205,21004.731774581745,14502.1682943927,3.0842971011149554,5.515289141799322,1.724821376244766
086_190℃_320_0.5mm.csv,0.5,320,1.05934,0.300449655,1.074975,0.300370344,0.015635,7.117932849,190,0.015635000000000066,6817562.505,1119.2836584585818,20.0,22385.673169171638,7.251196582699009,13431.403901502981,0.012221500000000041,0.0023029643336843516,-0.0023029643336843516,1476.64919281815,266.25789340525773,-266.25789340525773,29532.983856363,5325.157868105154,-5325.157868105154,4051679.2115999996,1673855.0810984648,-1673855.0810984648,17453.198995415205,21004.731774581745,14502.1682943927,3.0842971011149554,5.515289141799322,1.724821376244766
087_190℃_320_0.5mm.csv,0.5,320,1.06036,0.300380758,1.0704,0.300018739,0.01004,2.809860527,190,0.010040000000000049,2509841.788,1743.0278884462066,20.0,34860.55776892413,1.7142048674503487,20916.334661354478,0.012221500000000041,0.0023029643336843516,-0.0023029643336843516,1476.64919281815,266.25789340525773,-266.25789340525773,29532.983856363,5325.157868105154,-5325.157868105154,4051679.2115999996,1673855.0810984648,-1673855.0810984648,17453.198995415205,21004.731774581745,14502.1682943927,3.0842971011149554,5.515289141799322,1.724821376244766
088_190℃_320_0.5mm.csv,0.5,320,1.06018,0.300388835,1.069705,0.300082186,0.009525,2.663574889,190,0.009525000000000006,2363492.7029999997,1837.2703412073479,20.0,36745.40682414696,1.5314468024540826,22047.244094488175,0.012221500000000041,0.0023029643336843516,-0.0023029643336843516,1476.64919281815,266.25789340525773,-266.25789340525773,29532.983856363,5325.157868105154,-5325.157868105154,4051679.2115999996,1673855.0810984648,-1673855.0810984648,17453.198995415205,21004.731774581745,14502.1682943927,3.0842971011149554,5.515289141799322,1.724821376244766
089_190℃_320_0.5mm.csv,0.5,320,1.060055,0.300350675,1.075795,0.300122644,0.01574,7.034201343,190,0.015740000000000087,6734078.699,1111.8170266836025,20.0,22236.34053367205,7.210503314439495,13341.804320203231,0.012221500000000041,0.0023029643336843516,-0.0023029643336843516,1476.64919281815,266.25789340525773,-266.25789340525773,29532.983856363,5325.157868105154,-5325.157868105154,4051679.2115999996,1673855.0810984648,-1673855.0810984648,17453.198995415205,21004.731774581745,14502.1682943927,3.0842971011149554,5.515289141799322,1.724821376244766
090_190℃_320_0.5mm.csv,0.5,320,1.06178,0.300176002,1.072235,0.300134419,0.010455,3.032662739,190,0.010455000000000103,2732528.3200000003,1673.8402678144264,20.0,33476.805356288525,1.9434410602449175,20086.083213773112,0.012221500000000041,0.0023029643336843516,-0.0023029643336843516,1476.64919281815,266.25789340525773,-266.25789340525773,29532.983856363,5325.157868105154,-5325.157868105154,4051679.2115999996,1673855.0810984648,-1673855.0810984648,17453.198995415205,21004.731774581745,14502.1682943927,3.0842971011149554,5.515289141799322,1.724821376244766
001_210℃_020_0.5mm.csv,0.5,20,1.4778,0.300019299,1.58061,0.300151548,0.10281,13.7029291,210,0.10281000000000007,13402777.552,170.2169049703335,20.0,3404.33809940667,93.73738504225312,2042.6028596440021,0.10270849999999998,0.000479508139196332,-0.000479508139196332,170.38847501054414,0.79871457798932,-0.79871457798932,3407.7695002108835,15.974291559786446,-15.974291559786446,13331757.4205,41635.551302265325,-41635.551302265325,2044.6415370389818,2054.2289716052956,2035.0988486537578,93.14730148925007,93.83471127734332,92.46492749452511
002_210℃_020_0.5mm.csv,0.5,20,1.477935,0.300091873,1.58053,0.300041866,0.102595,13.59809621,210,0.10259499999999999,13298054.343999999,170.57361469857207,20.0,3411.4722939714416,92.81046839610065,2046.883376382865,0.10270849999999998,0.000479508139196332,-0.000479508139196332,170.38847501054414,0.79871457798932,-0.79871457798932,3407.7695002108835,15.974291559786446,-15.974291559786446,13331757.4205,41635.551302265325,-41635.551302265325,2044.6415370389818,2054.2289716052956,2035.0988486537578,93.14730148925007,93.83471127734332,92.46492749452511
003_210℃_020_0.5mm.csv,0.5,20,1.47801,0.300053931,1.58079,0.300131155,0.10278,13.64710462,210,0.10277999999999987,13346973.465,170.26658883051198,20.0,3405.3317766102396,93.31985936957132,2043.1990659661437,0.10270849999999998,0.000479508139196332,-0.000479508139196332,170.38847501054414,0.79871457798932,-0.79871457798932,3407.7695002108835,15.974291559786446,-15.974291559786446,13331757.4205,41635.551302265325,-41635.551302265325,2044.6415370389818,2054.2289716052956,2035.0988486537578,93.14730148925007,93.83471127734332,92.46492749452511
004_210℃_020_0.5mm.csv,0.5,20,1.478815,0.300028399,1.58047,0.30009118,0.101655,13.56039801,210,0.10165500000000005,13260306.83,172.15090256258907,20.0,3443.0180512517813,91.69908100705106,2065.810830751069,0.10270849999999998,0.000479508139196332,-0.000479508139196332,170.38847501054414,0.79871457798932,-0.79871457798932,3407.7695002108835,15.974291559786446,-15.974291559786446,13331757.4205,41635.551302265325,-41635.551302265325,2044.6415370389818,2054.2289716052956,2035.0988486537578,93.14730148925007,93.83471127734332,92.46492749452511
005_210℃_020_0.5mm.csv,0.5,20,1.47814,0.300080872,1.58142,0.300079606,0.10328,13.68006167,210,0.10328000000000004,13379982.064,169.4422927962819,20.0,3388.845855925638,94.00575153536873,2033.3075135553827,0.10270849999999998,0.000479508139196332,-0.000479508139196332,170.38847501054414,0.79871457798932,-0.79871457798932,3407.7695002108835,15.974291559786446,-15.974291559786446,13331757.4205,41635.551302265325,-41635.551302265325,2044.6415370389818,2054.2289716052956,2035.0988486537578,93.14730148925007,93.83471127734332,92.46492749452511
006_210℃_020_0.5mm.csv,0.5,20,1.47823,0.300046189,1.5813,0.300104214,0.10307,13.62352101,210,0.10307,13323416.796,169.78752304259243,20.0,3395.7504608518484,93.41799790229388,2037.450276511109,0.10270849999999998,0.000479508139196332,-0.000479508139196332,170.38847501054414,0.79871457798932,-0.79871457798932,3407.7695002108835,15.974291559786446,-15.974291559786446,13331757.4205,41635.551302265325,-41635.551302265325,2044.6415370389818,2054.2289716052956,2035.0988486537578,93.14730148925007,93.83471127734332,92.46492749452511
007_210℃_020_0.5mm.csv,0.5,20,1.478695,0.300059104,1.581415,0.300107257,0.10272,13.63177868,210,0.10271999999999992,13331671.423,170.3660436137073,20.0,3407.3208722741456,93.15845500479995,2044.3925233644873,0.10270849999999998,0.000479508139196332,-0.000479508139196332,170.38847501054414,0.79871457798932,-0.79871457798932,3407.7695002108835,15.974291559786446,-15.974291559786446,13331757.4205,41635.551302265325,-41635.551302265325,2044.6415370389818,2054.2289716052956,2035.0988486537578,93.14730148925007,93.83471127734332,92.46492749452511
008_210℃_020_0.5mm.csv,0.5,20,1.47854,0.300033508,1.58083,0.300134724,0.10229,13.60598518,210,0.10228999999999999,13305850.456,171.08221722553526,20.0,3421.644344510705,92.58880565607075,2052.986606706423,0.10270849999999998,0.000479508139196332,-0.000479508139196332,170.38847501054414,0.79871457798932,-0.79871457798932,3407.7695002108835,15.974291559786446,-15.974291559786446,13331757.4205,41635.551302265325,-41635.551302265325,2044.6415370389818,2054.2289716052956,2035.0988486537578,93.14730148925007,93.83471127734332,92.46492749452511
009_210℃_020_0.5mm.csv,0.5,20,1.47818,0.300107132,1.58143,0.300020064,0.10325,13.65672068,210,0.10324999999999984,13356700.616,169.4915254237291,20.0,3389.8305084745816,93.81492099333319,2033.8983050847492,0.10270849999999998,0.000479508139196332,-0.000479508139196332,170.38847501054414,0.79871457798932,-0.79871457798932,3407.7695002108835,15.974291559786446,-15.974291559786446,13331757.4205,41635.551302265325,-41635.551302265325,2044.6415370389818,2054.2289716052956,2035.0988486537578,93.14730148925007,93.83471127734332,92.46492749452511
010_210℃_020_0.5mm.csv,0.5,20,1.478545,0.300087486,1.58118,0.300127121,0.102635,13.61196778,210,0.10263500000000003,13311840.659000002,170.50713694158907,20.0,3410.1427388317816,92.94290925418133,2046.0856432990688,0.10270849999999998,0.000479508139196332,-0.000479508139196332,170.38847501054414,0.79871457798932,-0.79871457798932,3407.7695002108835,15.974291559786446,-15.974291559786446,13331757.4205,41635.551302265325,-41635.551302265325,2044.6415370389818,2054.2289716052956,2035.0988486537578,93.14730148925007,93.83471127734332,92.46492749452511
011_210℃_040_0.5mm.csv,0.5,40,1.36621,0.300070214,1.41232,0.300165122,0.04611,9.782222159,210,0.046110000000000095,9482057.037,379.527217523313,20.0,7590.544350466261,29.742697277283735,4554.326610279756,0.045975999999999975,0.00024517340801976365,-0.00024517340801976365,380.6431611338661,2.039290324037516,-2.039290324037516,7612.863222677322,40.78580648075022,-40.78580648075022,9506966.6999,29378.867782726396,-29378.867782726396,4567.659119037587,4592.138853808156,4543.309880629064,29.733660723547437,29.93985652179841,29.528884995802997
012_210℃_040_0.5mm.csv,0.5,40,1.36595,0.300041919,1.412025,0.300118227,0.046075,9.780588034,210,0.04607500000000009,9480469.807,379.8155181768848,20.0,7596.310363537696,29.715146010716044,4557.786218122617,0.045975999999999975,0.00024517340801976365,-0.00024517340801976365,380.6431611338661,2.039290324037516,-2.039290324037516,7612.863222677322,40.78580648075022,-40.78580648075022,9506966.6999,29378.867782726396,-29378.867782726396,4567.659119037587,4592.138853808156,4543.309880629064,29.733660723547437,29.93985652179841,29.528884995802997
013_210℃_040_0.5mm.csv,0.5,40,1.369075,0.30006551,1.41505,0.300151843,0.045975,9.78717035,210,0.04597499999999988,9487018.507,380.6416530723229,20.0,7612.8330614464585,29.671134412198896,4567.699836867875,0.045975999999999975,0.00024517340801976365,-0.00024517340801976365,380.6431611338661,2.039290324037516,-2.039290324037516,7612.863222677322,40.78580648075022,-40.78580648075022,9506966.6999,29378.867782726396,-29378.867782726396,4567.659119037587,4592.138853808156,4543.309880629064,29.733660723547437,29.93985652179841,29.528884995802997
014_210℃_040_0.5mm.csv,0.5,40,1.372305,0.300104767,1.41781,0.300171785,0.045505,9.763134692,210,0.04550499999999991,9462962.907,384.5731238325467,20.0,7691.462476650933,29.29334197843769,4614.87748599056,0.045975999999999975,0.00024517340801976365,-0.00024517340801976365,380.6431611338661,2.039290324037516,-2.039290324037516,7612.863222677322,40.78580648075022,-40.78580648075022,9506966.6999,29378.867782726396,-29378.867782726396,4567.659119037587,4592.138853808156,4543.309880629064,29.733660723547437,29.93985652179841,29.528884995802997
015_210℃_040_0.5mm.csv,0.5,40,1.372885,0.300218185,1.41898,0.300070867,0.046095,9.827838154,210,0.046095,9527767.287,379.65072133637057,20.0,7593.014426727412,29.876355992807138,4555.808656036447,0.045975999999999975,0.00024517340801976365,-0.00024517340801976365,380.6431611338661,2.039290324037516,-2.039290324037516,7612.863222677322,40.78580648075022,-40.78580648075022,9506966.6999,29378.867782726396,-29378.867782726396,4567.659119037587,4592.138853808156,4543.309880629064,29.733660723547437,29.93985652179841,29.528884995802997
016_210℃_040_0.5mm.csv,0.5,40,1.372225,0.300129828,1.418155,0.300215176,0.04593,9.850245978,210,0.045930000000000026,9550030.802000001,381.01458741563226,20.0,7620.291748312646,29.838973791555123,4572.175048987588,0.045975999999999975,0.00024517340801976365,-0.00024517340801976365,380.6431611338661,2.039290324037516,-2.039290324037516,7612.863222677322,40.78580648075022,-40.78580648075022,9506966.6999,29378.867782726396,-29378.867782726396,4567.659119037587,4592.138853808156,4543.309880629064,29.733660723547437,29.93985652179841,29.528884995802997
017_210℃_040_0.5mm.csv,0.5,40,1.36513,0.300098464,1.41143,0.300189398,0.0463,9.80664981,210,0.04630000000000001,9506460.411999999,377.96976241900643,20.0,7559.395248380129,29.942116807863947,4535.637149028077,0.045975999999999975,0.00024517340801976365,-0.00024517340801976365,380.6431611338661,2.039290324037516,-2.039290324037516,7612.863222677322,40.78580648075022,-40.78580648075022,9506966.6999,29378.867782726396,-29378.867782726396,4567.659119037587,4592.138853808156,4543.309880629064,29.733660723547437,29.93985652179841,29.528884995802997
018_210℃_040_0.5mm.csv,0.5,40,1.367795,0.300186749,1.413395,0.300069784,0.0456,9.815120002,210,0.04559999999999986,9515050.218,383.77192982456256,20.0,7675.438596491251,29.51607414563257,4605.26315789475,0.045975999999999975,0.00024517340801976365,-0.00024517340801976365,380.6431611338661,2.039290324037516,-2.039290324037516,7612.863222677322,40.78580648075022,-40.78580648075022,9506966.6999,29378.867782726396,-29378.867782726396,4567.659119037587,4592.138853808156,4543.309880629064,29.733660723547437,29.93985652179841,29.528884995802997
019_210℃_040_0.5mm.csv,0.5,40,1.36576,0.300053909,1.411795,0.300009478,0.046035,9.809008322,210,0.046034999999999826,9508998.844,380.1455414358654,20.0,7602.9108287173085,29.778691277791722,4561.746497230385,0.045975999999999975,0.00024517340801976365,-0.00024517340801976365,380.6431611338661,2.039290324037516,-2.039290324037516,7612.863222677322,40.78580648075022,-40.78580648075022,9506966.6999,29378.867782726396,-29378.867782726396,4567.659119037587,4592.138853808156,4543.309880629064,29.733660723547437,29.93985652179841,29.528884995802997
020_210℃_040_0.5mm.csv,0.5,40,1.367545,0.300012276,1.41368,0.300156313,0.046135,9.849007491,210,0.04613500000000004,9548851.178,379.3215563021564,20.0,7586.431126043128,29.968452319525877,4551.8586756258765,0.045975999999999975,0.00024517340801976365,-0.00024517340801976365,380.6431611338661,2.039290324037516,-2.039290324037516,7612.863222677322,40.78580648075022,-40.78580648075022,9506966.6999,29378.867782726396,-29378.867782726396,4567.659119037587,4592.138853808156,4543.309880629064,29.733660723547437,29.93985652179841,29.528884995802997
021_210℃_080_0.5mm.csv,0.5,80,1.19393,0.300103688,1.2154,0.300060826,0.02147,5.997574528,210,0.0214700000000001,5697513.7020000005,815.0908244061443,20.0,16301.816488122886,8.321470692649019,9781.089892873732,0.021269000000000003,0.00027555801970225466,-0.00027555801970225466,822.9176065602205,10.623573689289564,-10.623573689289564,16458.35213120441,212.47147378579166,-212.47147378579166,5597016.4508,72307.11344835933,-72307.11344835933,9874.268920745299,10002.803160921367,9747.386322677135,8.096941237964522,8.298576677697275,7.90020505410844
022_210℃_080_0.5mm.csv,0.5,80,1.195595,0.30004754,1.21657,0.300052709,0.020975,5.909288969,210,0.020974999999999966,5609236.260000001,834.3265792610264,20.0,16686.531585220528,8.003655139693866,10011.918951132317,0.021269000000000003,0.00027555801970225466,-0.00027555801970225466,822.9176065602205,10.623573689289564,-10.623573689289564,16458.35213120441,212.47147378579166,-212.47147378579166,5597016.4508,72307.11344835933,-72307.11344835933,9874.268920745299,10002.803160921367,9747.386322677135,8.096941237964522,8.298576677697275,7.90020505410844
023_210℃_080_0.5mm.csv,0.5,80,1.192985,0.300281428,1.213915,0.300277293,0.02093,5.827908678,210,0.020930000000000115,5527631.385000001,836.120401337788,20.0,16722.408026755762,7.870294210071472,10033.444816053458,0.021269000000000003,0.00027555801970225466,-0.00027555801970225466,822.9176065602205,10.623573689289564,-10.623573689289564,16458.35213120441,212.47147378579166,-212.47147378579166,5597016.4508,72307.11344835933,-72307.11344835933,9874.268920745299,10002.803160921367,9747.386322677135,8.096941237964522,8.298576677697275,7.90020505410844
024_210℃_080_0.5mm.csv,0.5,80,1.193085,0.300071829,1.2146,0.300072823,0.021515,5.970096965,210,0.02151499999999995,5670024.142,813.386009760634,20.0,16267.72019521268,8.298678191505422,9760.632117127609,0.021269000000000003,0.00027555801970225466,-0.00027555801970225466,822.9176065602205,10.623573689289564,-10.623573689289564,16458.35213120441,212.47147378579166,-212.47147378579166,5597016.4508,72307.11344835933,-72307.11344835933,9874.268920745299,10002.803160921367,9747.386322677135,8.096941237964522,8.298576677697275,7.90020505410844
025_210℃_080_0.5mm.csv,0.5,80,1.19212,0.300285788,1.213305,0.300082959,0.021185,5.825971364,210,0.02118500000000001,5525888.405,826.0561718196834,20.0,16521.123436393667,7.9636697863894605,9912.6740618362,0.021269000000000003,0.00027555801970225466,-0.00027555801970225466,822.9176065602205,10.623573689289564,-10.623573689289564,16458.35213120441,212.47147378579166,-212.47147378579166,5597016.4508,72307.11344835933,-72307.11344835933,9874.268920745299,10002.803160921367,9747.386322677135,8.096941237964522,8.298576677697275,7.90020505410844
026_210℃_080_0.5mm.csv,0.5,80,1.192325,0.300142403,1.21392,0.300051308,0.021595,5.951411338,210,0.02159500000000003,5651360.029999999,810.3727714748773,20.0,16207.455429497546,8.302116996452392,9724.473257698528,0.021269000000000003,0.00027555801970225466,-0.00027555801970225466,822.9176065602205,10.623573689289564,-10.623573689289564,16458.35213120441,212.47147378579166,-212.47147378579166,5597016.4508,72307.11344835933,-72307.11344835933,9874.268920745299,10002.803160921367,9747.386322677135,8.096941237964522,8.298576677697275,7.90020505410844
027_210℃_080_0.5mm.csv,0.5,80,1.194895,0.300179015,1.21596,0.300030817,0.021065,5.843260113,210,0.02106499999999989,5543229.296000001,830.7619273676759,20.0,16615.238547353518,7.943409872125129,9969.14312841211,0.021269000000000003,0.00027555801970225466,-0.00027555801970225466,822.9176065602205,10.623573689289564,-10.623573689289564,16458.35213120441,212.47147378579166,-212.47147378579166,5597016.4508,72307.11344835933,-72307.11344835933,9874.268920745299,10002.803160921367,9747.386322677135,8.096941237964522,8.298576677697275,7.90020505410844
028_210℃_080_0.5mm.csv,0.5,80,1.191595,0.30023866,1.21267,0.300208688,0.021075,5.799289459,210,0.021074999999999955,5499080.771,830.3677342823268,20.0,16607.354685646536,7.883886207403043,9964.412811387921,0.021269000000000003,0.00027555801970225466,-0.00027555801970225466,822.9176065602205,10.623573689289564,-10.623573689289564,16458.35213120441,212.47147378579166,-212.47147378579166,5597016.4508,72307.11344835933,-72307.11344835933,9874.268920745299,10002.803160921367,9747.386322677135,8.096941237964522,8.298576677697275,7.90020505410844
029_210℃_080_0.5mm.csv,0.5,80,1.191525,0.300091251,1.21322,0.300171642,0.021695,5.972281223,210,0.02169500000000002,5672109.581000001,806.6374740723662,20.0,16132.749481447325,8.371184854407831,9679.649688868394,0.021269000000000003,0.00027555801970225466,-0.00027555801970225466,822.9176065602205,10.623573689289564,-10.623573689289564,16458.35213120441,212.47147378579166,-212.47147378579166,5597016.4508,72307.11344835933,-72307.11344835933,9874.268920745299,10002.803160921367,9747.386322677135,8.096941237964522,8.298576677697275,7.90020505410844
030_210℃_080_0.5mm.csv,0.5,80,1.192975,0.300180822,1.21416,0.300265254,0.021185,5.87435619,210,0.02118500000000001,5574090.936,826.0561718196834,20.0,16521.123436393667,8.033137175453065,9912.6740618362,0.021269000000000003,0.00027555801970225466,-0.00027555801970225466,822.9176065602205,10.623573689289564,-10.623573689289564,16458.35213120441,212.47147378579166,-212.47147378579166,5597016.4508,72307.11344835933,-72307.11344835933,9874.268920745299,10002.803160921367,9747.386322677135,8.096941237964522,8.298576677697275,7.90020505410844
031_210℃_120_0.5mm.csv,0.5,120,1.13738,0.300170266,1.151545,0.300391174,0.014165,3.906050772,210,0.014164999999999983,3605659.5979999998,1235.4394634662917,20.0,24708.789269325833,3.4744332112700635,14825.273561595499,0.014012999999999987,0.00020553723642091488,-0.00020553723642091488,1249.080225287391,18.172148054928396,-18.172148054928396,24981.60450574782,363.44296109856873,-363.44296109856873,3479408.1845,70175.36567239539,-70175.36567239539,14987.52737184915,15208.070603526761,14770.182397090963,3.3158789523101415,3.4243687021126106,3.2108263399295107
032_210℃_120_0.5mm.csv,0.5,120,1.13435,0.300312892,1.14819,0.300110684,0.01384,3.805866623,210,0.013840000000000074,3505755.9390000002,1264.4508670520163,20.0,25289.017341040326,3.300657292228589,15173.410404624196,0.014012999999999987,0.00020553723642091488,-0.00020553723642091488,1249.080225287391,18.172148054928396,-18.172148054928396,24981.60450574782,363.44296109856873,-363.44296109856873,3479408.1845,70175.36567239539,-70175.36567239539,14987.52737184915,15208.070603526761,14770.182397090963,3.3158789523101415,3.4243687021126106,3.2108263399295107
033_210℃_120_0.5mm.csv,0.5,120,1.13438,0.300256431,1.14817,0.300286606,0.01379,3.754018381,210,0.013789999999999969,3453731.7749999994,1269.0355329949268,20.0,25380.710659898537,3.2399293317857056,15228.426395939121,0.014012999999999987,0.00020553723642091488,-0.00020553723642091488,1249.080225287391,18.172148054928396,-18.172148054928396,24981.60450574782,363.44296109856873,-363.44296109856873,3479408.1845,70175.36567239539,-70175.36567239539,14987.52737184915,15208.070603526761,14770.182397090963,3.3158789523101415,3.4243687021126106,3.2108263399295107
034_210℃_120_0.5mm.csv,0.5,120,1.13333,0.300252833,1.147415,0.300065674,0.014085,3.745254883,210,0.014085000000000125,3445189.209,1242.4565140219981,20.0,24849.130280439964,3.3010537420928863,14909.478168263979,0.014012999999999987,0.00020553723642091488,-0.00020553723642091488,1249.080225287391,18.172148054928396,-18.172148054928396,24981.60450574782,363.44296109856873,-363.44296109856873,3479408.1845,70175.36567239539,-70175.36567239539,14987.52737184915,15208.070603526761,14770.182397090963,3.3158789523101415,3.4243687021126106,3.2108263399295107
035_210℃_120_0.5mm.csv,0.5,120,1.13382,0.300125056,1.147595,0.300034172,0.013775,3.689303841,210,0.01377499999999987,3389269.6689999998,1270.4174228675256,20.0,25408.348457350512,3.1759992986717385,15245.009074410307,0.014012999999999987,0.00020553723642091488,-0.00020553723642091488,1249.080225287391,18.172148054928396,-18.172148054928396,24981.60450574782,363.44296109856873,-363.44296109856873,3479408.1845,70175.36567239539,-70175.36567239539,14987.52737184915,15208.070603526761,14770.182397090963,3.3158789523101415,3.4243687021126106,3.2108263399295107
036_210℃_120_0.5mm.csv,0.5,120,1.136365,0.300038204,1.150785,0.300159492,0.01442,3.892522134,210,0.014419999999999877,3592362.642,1213.5922330097192,20.0,24271.844660194383,3.5239366869142557,14563.10679611663,0.014012999999999987,0.00020553723642091488,-0.00020553723642091488,1249.080225287391,18.172148054928396,-18.172148054928396,24981.60450574782,363.44296109856873,-363.44296109856873,3479408.1845,70175.36567239539,-70175.36567239539,14987.52737184915,15208.070603526761,14770.182397090963,3.3158789523101415,3.4243687021126106,3.2108263399295107
037_210℃_120_0.5mm.csv,0.5,120,1.137075,0.300066242,1.151265,0.300197521,0.01419,3.784524117,210,0.014189999999999925,3484326.5960000004,1233.2628611698444,20.0,24665.25722339689,3.363441795730594,14799.154334038136,0.014012999999999987,0.00020553723642091488,-0.00020553723642091488,1249.080225287391,18.172148054928396,-18.172148054928396,24981.60450574782,363.44296109856873,-363.44296109856873,3479408.1845,70175.36567239539,-70175.36567239539,14987.52737184915,15208.070603526761,14770.182397090963,3.3158789523101415,3.4243687021126106,3.2108263399295107
038_210℃_120_0.5mm.csv,0.5,120,1.136765,0.300213154,1.15069,0.300011362,0.013925,3.741700368,210,0.013924999999999965,3441689.006,1256.7324955116728,20.0,25134.649910233456,3.260239415547611,15080.789946140076,0.014012999999999987,0.00020553723642091488,-0.00020553723642091488,1249.080225287391,18.172148054928396,-18.172148054928396,24981.60450574782,363.44296109856873,-363.44296109856873,3479408.1845,70175.36567239539,-70175.36567239539,14987.52737184915,15208.070603526761,14770.182397090963,3.3158789523101415,3.4243687021126106,3.2108263399295107
039_210℃_120_0.5mm.csv,0.5,120,1.135815,0.300166773,1.149725,0.300170628,0.01391,3.73095311,210,0.013910000000000089,3430782.4820000003,1258.0877066858295,20.0,25161.75413371659,3.246407096912946,15097.052480229953,0.014012999999999987,0.00020553723642091488,-0.00020553723642091488,1249.080225287391,18.172148054928396,-18.172148054928396,24981.60450574782,363.44296109856873,-363.44296109856873,3479408.1845,70175.36567239539,-70175.36567239539,14987.52737184915,15208.070603526761,14770.182397090963,3.3158789523101415,3.4243687021126106,3.2108263399295107
040_210℃_120_0.5mm.csv,0.5,120,1.13282,0.300038438,1.14685,0.300309684,0.01403,3.745624613,210,0.014029999999999987,3445314.929,1247.3271560940852,20.0,24946.543121881703,3.288283568290473,14967.925873129023,0.014012999999999987,0.00020553723642091488,-0.00020553723642091488,1249.080225287391,18.172148054928396,-18.172148054928396,24981.60450574782,363.44296109856873,-363.44296109856873,3479408.1845,70175.36567239539,-70175.36567239539,14987.52737184915,15208.070603526761,14770.182397090963,3.3158789523101415,3.4243687021126106,3.2108263399295107
041_210℃_160_0.5mm.csv,0.5,160,1.107135,0.300237116,1.117955,0.300220692,0.01082,2.820074011,210,0.010820000000000052,2519853.319,1617.3752310535967,20.0,32347.504621071934,1.8547491776585125,19408.50277264316,0.010782000000000047,0.00011578716106146296,-0.00011578716106146296,1623.2449506390035,17.53333167675465,-17.53333167675465,32464.899012780068,350.66663353509466,-350.66663353509466,2498404.5898,39654.19967308911,-39654.19967308911,19477.920688459686,19688.836853692865,19269.263957295025,1.8322002627668077,1.875359347308576,1.7900344313747125
042_210℃_160_0.5mm.csv,0.5,160,1.10516,0.300221736,1.11575,0.300118649,0.01059,2.746604943,210,0.0105900000000001,2446486.294,1652.5023607176427,20.0,33050.04721435285,1.7624686975143022,19830.028328611712,0.010782000000000047,0.00011578716106146296,-0.00011578716106146296,1623.2449506390035,17.53333167675465,-17.53333167675465,32464.899012780068,350.66663353509466,-350.66663353509466,2498404.5898,39654.19967308911,-39654.19967308911,19477.920688459686,19688.836853692865,19269.263957295025,1.8322002627668077,1.875359347308576,1.7900344313747125
043_210℃_160_0.5mm.csv,0.5,160,1.104825,0.300037654,1.11559,0.300222402,0.010765,2.768060616,210,0.010765000000000136,2467838.2139999997,1625.6386437528824,20.0,32512.77287505765,1.8072298213408389,19507.66372503459,0.010782000000000047,0.00011578716106146296,-0.00011578716106146296,1623.2449506390035,17.53333167675465,-17.53333167675465,32464.899012780068,350.66663353509466,-350.66663353509466,2498404.5898,39654.19967308911,-39654.19967308911,19477.920688459686,19688.836853692865,19269.263957295025,1.8322002627668077,1.875359347308576,1.7900344313747125
044_210℃_160_0.5mm.csv,0.5,160,1.105055,0.300119483,1.115985,0.300188342,0.01093,2.80571262,210,0.010930000000000106,2505524.2780000004,1601.097895699893,20.0,32021.95791399786,1.862951044798658,19213.174748398716,0.010782000000000047,0.00011578716106146296,-0.00011578716106146296,1623.2449506390035,17.53333167675465,-17.53333167675465,32464.899012780068,350.66663353509466,-350.66663353509466,2498404.5898,39654.19967308911,-39654.19967308911,19477.920688459686,19688.836853692865,19269.263957295025,1.8322002627668077,1.875359347308576,1.7900344313747125
045_210℃_160_0.5mm.csv,0.5,160,1.10503,0.300364114,1.11586,0.300206078,0.01083,2.853837718,210,0.010830000000000117,2553631.6399999997,1615.8818097876094,20.0,32317.636195752188,1.8813490245714488,19390.581717451314,0.010782000000000047,0.00011578716106146296,-0.00011578716106146296,1623.2449506390035,17.53333167675465,-17.53333167675465,32464.899012780068,350.66663353509466,-350.66663353509466,2498404.5898,39654.19967308911,-39654.19967308911,19477.920688459686,19688.836853692865,19269.263957295025,1.8322002627668077,1.875359347308576,1.7900344313747125
046_210℃_160_0.5mm.csv,0.5,160,1.104815,0.300363085,1.11543,0.300209773,0.010615,2.750398949,210,0.010614999999999819,2450189.176,1648.6104569006404,20.0,32972.20913801281,1.7693032723292212,19783.325482807686,0.010782000000000047,0.00011578716106146296,-0.00011578716106146296,1623.2449506390035,17.53333167675465,-17.53333167675465,32464.899012780068,350.66663353509466,-350.66663353509466,2498404.5898,39654.19967308911,-39654.19967308911,19477.920688459686,19688.836853692865,19269.263957295025,1.8322002627668077,1.875359347308576,1.7900344313747125
047_210℃_160_0.5mm.csv,0.5,160,1.10808,0.300299766,1.11891,0.300321432,0.01083,2.777068059,210,0.010830000000000117,2476746.627,1615.8818097876094,20.0,32317.636195752188,1.8247051680551218,19390.581717451314,0.010782000000000047,0.00011578716106146296,-0.00011578716106146296,1623.2449506390035,17.53333167675465,-17.53333167675465,32464.899012780068,350.66663353509466,-350.66663353509466,2498404.5898,39654.19967308911,-39654.19967308911,19477.920688459686,19688.836853692865,19269.263957295025,1.8322002627668077,1.875359347308576,1.7900344313747125
048_210℃_160_0.5mm.csv,0.5,160,1.107465,0.300322548,1.11815,0.300077471,0.010685,2.839131933,210,0.010685000000000056,2539054.4620000003,1637.810014038363,20.0,32756.20028076726,1.8455644167666765,19653.720168460357,0.010782000000000047,0.00011578716106146296,-0.00011578716106146296,1623.2449506390035,17.53333167675465,-17.53333167675465,32464.899012780068,350.66663353509466,-350.66663353509466,2498404.5898,39654.19967308911,-39654.19967308911,19477.920688459686,19688.836853692865,19269.263957295025,1.8322002627668077,1.875359347308576,1.7900344313747125
049_210℃_160_0.5mm.csv,0.5,160,1.10396,0.300251071,1.114835,0.300182369,0.010875,2.779941496,210,0.010874999999999968,2479759.1270000003,1609.1954022988552,20.0,32183.908045977107,1.8345156806887704,19310.344827586265,0.010782000000000047,0.00011578716106146296,-0.00011578716106146296,1623.2449506390035,17.53333167675465,-17.53333167675465,32464.899012780068,350.66663353509466,-350.66663353509466,2498404.5898,39654.19967308911,-39654.19967308911,19477.920688459686,19688.836853692865,19269.263957295025,1.8322002627668077,1.875359347308576,1.7900344313747125
050_210℃_160_0.5mm.csv,0.5,160,1.10327,0.300148907,1.11415,0.300235411,0.01088,2.845198172,210,0.01088,2544962.761,1608.455882352941,20.0,32169.117647058818,1.883618696576871,19301.47058823529,0.010782000000000047,0.00011578716106146296,-0.00011578716106146296,1623.2449506390035,17.53333167675465,-17.53333167675465,32464.899012780068,350.66663353509466,-350.66663353509466,2498404.5898,39654.19967308911,-39654.19967308911,19477.920688459686,19688.836853692865,19269.263957295025,1.8322002627668077,1.875359347308576,1.7900344313747125
051_210℃_200_0.5mm.csv,0.5,200,1.090175,0.300258866,1.09913,0.300252948,0.008955,2.237774272,210,0.008955000000000046,1937521.3239999998,1954.215522054708,20.0,39084.31044109416,1.1803063575795978,23450.586264656496,0.008749500000000032,0.0001717467450766945,-0.0001717467450766945,2000.8157006043687,39.709449773937,-39.709449773937,40016.31401208737,794.188995478742,-794.188995478742,1922050.8598000002,32860.54251510489,-32860.54251510489,24005.564143768228,24484.09325233848,23536.387642435217,1.1436625239421265,1.1832308262096145,1.1054174212648207
052_210℃_200_0.5mm.csv,0.5,200,1.087645,0.300360914,1.096555,0.300326467,0.00891,2.225990549,210,0.008909999999999973,1925664.082,1964.0852974186366,20.0,39281.705948372735,1.167188229293874,23569.02356902364,0.008749500000000032,0.0001717467450766945,-0.0001717467450766945,2000.8157006043687,39.709449773937,-39.709449773937,40016.31401208737,794.188995478742,-794.188995478742,1922050.8598000002,32860.54251510489,-32860.54251510489,24005.564143768228,24484.09325233848,23536.387642435217,1.1436625239421265,1.1832308262096145,1.1054174212648207
053_210℃_200_0.5mm.csv,0.5,200,1.08717,0.300410315,1.09559,0.300300672,0.00842,2.179721411,210,0.008420000000000094,1879420.739,2078.3847980997393,20.0,41567.69596199479,1.0765117430190596,24940.617577196874,0.008749500000000032,0.0001717467450766945,-0.0001717467450766945,2000.8157006043687,39.709449773937,-39.709449773937,40016.31401208737,794.188995478742,-794.188995478742,1922050.8598000002,32860.54251510489,-32860.54251510489,24005.564143768228,24484.09325233848,23536.387642435217,1.1436625239421265,1.1832308262096145,1.1054174212648207
054_210℃_200_0.5mm.csv,0.5,200,1.087435,0.300415857,1.09603,0.300095906,0.008595,2.220536479,210,0.00859500000000013,1920440.573,2036.0674810936282,20.0,40721.34962187256,1.1228698452336907,24432.80977312354,0.008749500000000032,0.0001717467450766945,-0.0001717467450766945,2000.8157006043687,39.709449773937,-39.709449773937,40016.31401208737,794.188995478742,-794.188995478742,1922050.8598000002,32860.54251510489,-32860.54251510489,24005.564143768228,24484.09325233848,23536.387642435217,1.1436625239421265,1.1832308262096145,1.1054174212648207
055_210℃_200_0.5mm.csv,0.5,200,1.08711,0.300038019,1.096,0.300295972,0.00889,2.273511152,210,0.008890000000000065,1973215.1800000002,1968.5039370078598,20.0,39370.078740157194,1.1933253707619134,23622.04724409432,0.008749500000000032,0.0001717467450766945,-0.0001717467450766945,2000.8157006043687,39.709449773937,-39.709449773937,40016.31401208737,794.188995478742,-794.188995478742,1922050.8598000002,32860.54251510489,-32860.54251510489,24005.564143768228,24484.09325233848,23536.387642435217,1.1436625239421265,1.1832308262096145,1.1054174212648207
056_210℃_200_0.5mm.csv,0.5,200,1.08686,0.300258558,1.09571,0.300044575,0.00885,2.270719359,210,0.008850000000000025,1970674.784,1977.4011299434974,20.0,39548.022598869946,1.1864266556734726,23728.813559321967,0.008749500000000032,0.0001717467450766945,-0.0001717467450766945,2000.8157006043687,39.709449773937,-39.709449773937,40016.31401208737,794.188995478742,-794.188995478742,1922050.8598000002,32860.54251510489,-32860.54251510489,24005.564143768228,24484.09325233848,23536.387642435217,1.1436625239421265,1.1832308262096145,1.1054174212648207
057_210℃_200_0.5mm.csv,0.5,200,1.08674,0.300281157,1.095595,0.30005646,0.008855,2.211543431,210,0.008855000000000057,1911486.971,1976.2845849802243,20.0,39525.69169960449,1.1514433420547694,23715.415019762695,0.008749500000000032,0.0001717467450766945,-0.0001717467450766945,2000.8157006043687,39.709449773937,-39.709449773937,40016.31401208737,794.188995478742,-794.188995478742,1922050.8598000002,32860.54251510489,-32860.54251510489,24005.564143768228,24484.09325233848,23536.387642435217,1.1436625239421265,1.1832308262096145,1.1054174212648207
058_210℃_200_0.5mm.csv,0.5,200,1.086605,0.300081419,1.095245,0.300155708,0.00864,2.173281238,210,0.008639999999999981,1873125.5299999998,2025.4629629629674,20.0,40509.25925925935,1.1009390870204057,24305.55555555561,0.008749500000000032,0.0001717467450766945,-0.0001717467450766945,2000.8157006043687,39.709449773937,-39.709449773937,40016.31401208737,794.188995478742,-794.188995478742,1922050.8598000002,32860.54251510489,-32860.54251510489,24005.564143768228,24484.09325233848,23536.387642435217,1.1436625239421265,1.1832308262096145,1.1054174212648207
059_210℃_200_0.5mm.csv,0.5,200,1.08982,0.300396772,1.09846,0.300377683,0.00864,2.210165673,210,0.008639999999999981,1909787.99,2025.4629629629674,20.0,40509.25925925935,1.1224876349387731,24305.55555555561,0.008749500000000032,0.0001717467450766945,-0.0001717467450766945,2000.8157006043687,39.709449773937,-39.709449773937,40016.31401208737,794.188995478742,-794.188995478742,1922050.8598000002,32860.54251510489,-32860.54251510489,24005.564143768228,24484.09325233848,23536.387642435217,1.1436625239421265,1.1832308262096145,1.1054174212648207
060_210℃_200_0.5mm.csv,0.5,200,1.08674,0.300127295,1.09548,0.300065591,0.00874,2.219237016,210,0.00873999999999997,1919171.425,2002.2883295194576,20.0,40045.766590389154,1.1410583846598599,24027.45995423349,0.008749500000000032,0.0001717467450766945,-0.0001717467450766945,2000.8157006043687,39.709449773937,-39.709449773937,40016.31401208737,794.188995478742,-794.188995478742,1922050.8598000002,32860.54251510489,-32860.54251510489,24005.564143768228,24484.09325233848,23536.387642435217,1.1436625239421265,1.1832308262096145,1.1054174212648207
061_210℃_240_0.5mm.csv,0.5,240,1.073315,0.300042303,1.08105,0.30030455,0.007735,1.978805017,210,0.007735000000000047,1678500.4670000002,2262.4434389140133,20.0,45248.868778280266,0.8832109600166722,27149.32126696816,0.008098000000000005,0.00018236410465513855,-0.00018236410465513855,2162.0268138927013,49.3239923584239,-49.3239923584239,43240.53627785403,986.4798471684751,-986.4798471684751,1713068.7109,34928.943493645245,-34928.943493645245,25938.298739235186,26532.9249493442,25356.998626057575,0.9433094178669521,0.9796087409322021,0.908355163296846
062_210℃_240_0.5mm.csv,0.5,240,1.07528,0.300059995,1.08359,0.30024032,0.00831,2.021981932,210,0.00831000000000004,1721741.6120000002,2105.89651022863,20.0,42117.93020457261,0.9733110745387801,25270.758122743566,0.008098000000000005,0.00018236410465513855,-0.00018236410465513855,2162.0268138927013,49.3239923584239,-49.3239923584239,43240.53627785403,986.4798471684751,-986.4798471684751,1713068.7109,34928.943493645245,-34928.943493645245,25938.298739235186,26532.9249493442,25356.998626057575,0.9433094178669521,0.9796087409322021,0.908355163296846
063_210℃_240_0.5mm.csv,0.5,240,1.072795,0.300057439,1.08078,0.300170559,0.007985,1.973969402,210,0.007985000000000131,1673798.843,2191.6092673762946,20.0,43832.18534752589,0.9092029769629403,26299.311208515534,0.008098000000000005,0.00018236410465513855,-0.00018236410465513855,2162.0268138927013,49.3239923584239,-49.3239923584239,43240.53627785403,986.4798471684751,-986.4798471684751,1713068.7109,34928.943493645245,-34928.943493645245,25938.298739235186,26532.9249493442,25356.998626057575,0.9433094178669521,0.9796087409322021,0.908355163296846
064_210℃_240_0.5mm.csv,0.5,240,1.07324,0.30033355,1.08136,0.300203381,0.00812,2.029337539,210,0.008120000000000127,1729134.158,2155.1724137930696,20.0,43103.44827586139,0.9551407729904913,25862.06896551683,0.008098000000000005,0.00018236410465513855,-0.00018236410465513855,2162.0268138927013,49.3239923584239,-49.3239923584239,43240.53627785403,986.4798471684751,-986.4798471684751,1713068.7109,34928.943493645245,-34928.943493645245,25938.298739235186,26532.9249493442,25356.998626057575,0.9433094178669521,0.9796087409322021,0.908355163296846
065_210℃_240_0.5mm.csv,0.5,240,1.07492,0.300211448,1.082945,0.300384923,0.008025,1.994336848,210,0.008024999999999949,1693951.925,2180.6853582554654,20.0,43613.70716510931,0.9247594692601984,26168.224299065583,0.008098000000000005,0.00018236410465513855,-0.00018236410465513855,2162.0268138927013,49.3239923584239,-49.3239923584239,43240.53627785403,986.4798471684751,-986.4798471684751,1713068.7109,34928.943493645245,-34928.943493645245,25938.298739235186,26532.9249493442,25356.998626057575,0.9433094178669521,0.9796087409322021,0.908355163296846
066_210℃_240_0.5mm.csv,0.5,240,1.07427,0.300220151,1.08222,0.300129815,0.00795,2.039933882,210,0.007949999999999902,1739804.067,2201.2578616352475,20.0,44025.15723270495,0.9409144443979475,26415.09433962297,0.008098000000000005,0.00018236410465513855,-0.00018236410465513855,2162.0268138927013,49.3239923584239,-49.3239923584239,43240.53627785403,986.4798471684751,-986.4798471684751,1713068.7109,34928.943493645245,-34928.943493645245,25938.298739235186,26532.9249493442,25356.998626057575,0.9433094178669521,0.9796087409322021,0.908355163296846
067_210℃_240_0.5mm.csv,0.5,240,1.07319,0.300008559,1.081445,0.300158932,0.008255,2.018215297,210,0.008254999999999901,1718056.3649999998,2119.927316777736,20.0,42398.54633555472,0.9647996798010088,25439.127801332834,0.008098000000000005,0.00018236410465513855,-0.00018236410465513855,2162.0268138927013,49.3239923584239,-49.3239923584239,43240.53627785403,986.4798471684751,-986.4798471684751,1713068.7109,34928.943493645245,-34928.943493645245,25938.298739235186,26532.9249493442,25356.998626057575,0.9433094178669521,0.9796087409322021,0.908355163296846
068_210℃_240_0.5mm.csv,0.5,240,1.073905,0.300335987,1.08198,0.300366292,0.008075,1.965224749,210,0.008074999999999832,1664858.4570000002,2167.182662538745,20.0,43343.65325077489,0.9145395945765118,26006.191950464934,0.008098000000000005,0.00018236410465513855,-0.00018236410465513855,2162.0268138927013,49.3239923584239,-49.3239923584239,43240.53627785403,986.4798471684751,-986.4798471684751,1713068.7109,34928.943493645245,-34928.943493645245,25938.298739235186,26532.9249493442,25356.998626057575,0.9433094178669521,0.9796087409322021,0.908355163296846
069_210℃_240_0.5mm.csv,0.5,240,1.07369,0.30015497,1.081915,0.300105724,0.008225,2.076658933,210,0.008224999999999927,1776553.209,2127.659574468104,20.0,42553.19148936208,0.9940238193214198,25531.91489361725,0.008098000000000005,0.00018236410465513855,-0.00018236410465513855,2162.0268138927013,49.3239923584239,-49.3239923584239,43240.53627785403,986.4798471684751,-986.4798471684751,1713068.7109,34928.943493645245,-34928.943493645245,25938.298739235186,26532.9249493442,25356.998626057575,0.9433094178669521,0.9796087409322021,0.908355163296846
070_210℃_240_0.5mm.csv,0.5,240,1.07438,0.300397169,1.08268,0.300345075,0.0083,2.034633081,210,0.008300000000000196,1734288.0059999998,2108.433734939709,20.0,42168.67469879419,0.9792238401224719,25301.204819276514,0.008098000000000005,0.00018236410465513855,-0.00018236410465513855,2162.0268138927013,49.3239923584239,-49.3239923584239,43240.53627785403,986.4798471684751,-986.4798471684751,1713068.7109,34928.943493645245,-34928.943493645245,25938.298739235186,26532.9249493442,25356.998626057575,0.9433094178669521,0.9796087409322021,0.908355163296846
071_210℃_280_0.5mm.csv,0.5,280,1.065695,0.300071119,1.073335,0.300018459,0.00764,1.899183552,210,0.007639999999999869,1599165.0929999999,2290.5759162304057,20.0,45811.518324608114,0.8311307013959041,27486.910994764872,0.007738499999999959,0.00012351450657041045,-0.00012351450657041045,2261.9421308878327,36.338495630589314,-36.338495630589314,45238.84261775665,726.7699126117881,-726.7699126117881,1626671.4515999998,26356.413046998437,-26356.413046998437,27140.166847428834,27578.27409107427,26709.019356097873,0.8561271909254683,0.8827693589221882,0.830289089255237
072_210℃_280_0.5mm.csv,0.5,280,1.065255,0.300133141,1.073095,0.300412761,0.00784,1.952492372,210,0.007839999999999847,1652079.611,2232.1428571429005,20.0,44642.85714285801,0.8811091258666495,26785.714285714806,0.007738499999999959,0.00012351450657041045,-0.00012351450657041045,2261.9421308878327,36.338495630589314,-36.338495630589314,45238.84261775665,726.7699126117881,-726.7699126117881,1626671.4515999998,26356.413046998437,-26356.413046998437,27140.166847428834,27578.27409107427,26709.019356097873,0.8561271909254683,0.8827693589221882,0.830289089255237
073_210℃_280_0.5mm.csv,0.5,280,1.06615,0.300174283,1.07399,0.300309047,0.00784,1.916838525,210,0.00784000000000007,1616529.478,2232.1428571428373,20.0,44642.857142856745,0.862149054933341,26785.714285714046,0.007738499999999959,0.00012351450657041045,-0.00012351450657041045,2261.9421308878327,36.338495630589314,-36.338495630589314,45238.84261775665,726.7699126117881,-726.7699126117881,1626671.4515999998,26356.413046998437,-26356.413046998437,27140.166847428834,27578.27409107427,26709.019356097873,0.8561271909254683,0.8827693589221882,0.830289089255237
074_210℃_280_0.5mm.csv,0.5,280,1.065245,0.300341282,1.072915,0.300212621,0.00767,1.92101579,210,0.007670000000000066,1620803.169,2281.6166883963297,20.0,45632.3337679266,0.8456843745734767,27379.400260755956,0.007738499999999959,0.00012351450657041045,-0.00012351450657041045,2261.9421308878327,36.338495630589314,-36.338495630589314,45238.84261775665,726.7699126117881,-726.7699126117881,1626671.4515999998,26356.413046998437,-26356.413046998437,27140.166847428834,27578.27409107427,26709.019356097873,0.8561271909254683,0.8827693589221882,0.830289089255237
075_210℃_280_0.5mm.csv,0.5,280,1.064475,0.300275523,1.07232,0.300175166,0.007845,1.941555662,210,0.00784499999999988,1641380.496,2230.7202039515955,20.0,44614.40407903191,0.875961223885701,26768.64244741915,0.007738499999999959,0.00012351450657041045,-0.00012351450657041045,2261.9421308878327,36.338495630589314,-36.338495630589314,45238.84261775665,726.7699126117881,-726.7699126117881,1626671.4515999998,26356.413046998437,-26356.413046998437,27140.166847428834,27578.27409107427,26709.019356097873,0.8561271909254683,0.8827693589221882,0.830289089255237
076_210℃_280_0.5mm.csv,0.5,280,1.06548,0.30005798,1.07335,0.300223517,0.00787,1.976876371,210,0.007870000000000044,1676652.8539999998,2223.634053367205,20.0,44472.6810673441,0.8976365959850389,26683.608640406463,0.007738499999999959,0.00012351450657041045,-0.00012351450657041045,2261.9421308878327,36.338495630589314,-36.338495630589314,45238.84261775665,726.7699126117881,-726.7699126117881,1626671.4515999998,26356.413046998437,-26356.413046998437,27140.166847428834,27578.27409107427,26709.019356097873,0.8561271909254683,0.8827693589221882,0.830289089255237
077_210℃_280_0.5mm.csv,0.5,280,1.06514,0.300060721,1.072795,0.300101048,0.007655,1.909661183,210,0.007654999999999967,1609560.1350000002,2286.0875244938047,20.0,45721.750489876096,0.8381757029540781,27433.050293925662,0.007738499999999959,0.00012351450657041045,-0.00012351450657041045,2261.9421308878327,36.338495630589314,-36.338495630589314,45238.84261775665,726.7699126117881,-726.7699126117881,1626671.4515999998,26356.413046998437,-26356.413046998437,27140.166847428834,27578.27409107427,26709.019356097873,0.8561271909254683,0.8827693589221882,0.830289089255237
078_210℃_280_0.5mm.csv,0.5,280,1.066935,0.300338032,1.0746,0.300114106,0.007665,1.901758218,210,0.007665000000000033,1601644.1119999997,2283.1050228310405,20.0,45662.100456620814,0.8351430012571461,27397.26027397249,0.007738499999999959,0.00012351450657041045,-0.00012351450657041045,2261.9421308878327,36.338495630589314,-36.338495630589314,45238.84261775665,726.7699126117881,-726.7699126117881,1626671.4515999998,26356.413046998437,-26356.413046998437,27140.166847428834,27578.27409107427,26709.019356097873,0.8561271909254683,0.8827693589221882,0.830289089255237
079_210℃_280_0.5mm.csv,0.5,280,1.064435,0.300133858,1.07228,0.300239277,0.007845,1.947807677,210,0.00784499999999988,1647568.4,2230.7202039515955,20.0,44614.40407903191,0.8792635440816193,26768.64244741915,0.007738499999999959,0.00012351450657041045,-0.00012351450657041045,2261.9421308878327,36.338495630589314,-36.338495630589314,45238.84261775665,726.7699126117881,-726.7699126117881,1626671.4515999998,26356.413046998437,-26356.413046998437,27140.166847428834,27578.27409107427,26709.019356097873,0.8561271909254683,0.8827693589221882,0.830289089255237
080_210℃_280_0.5mm.csv,0.5,280,1.065155,0.300151754,1.07267,0.3002719,0.007515,1.901603068,210,0.007514999999999938,1601331.168,2328.675981370611,20.0,46573.51962741223,0.8186397093550952,27944.11177644734,0.007738499999999959,0.00012351450657041045,-0.00012351450657041045,2261.9421308878327,36.338495630589314,-36.338495630589314,45238.84261775665,726.7699126117881,-726.7699126117881,1626671.4515999998,26356.413046998437,-26356.413046998437,27140.166847428834,27578.27409107427,26709.019356097873,0.8561271909254683,0.8827693589221882,0.830289089255237
081_210℃_320_0.5mm.csv,0.5,320,1.058445,0.300334289,1.066025,0.30040612,0.00758,1.89293341,210,0.00757999999999992,1592527.29,2308.7071240105784,20.0,46174.142480211565,0.8211807386530526,27704.48548812694,0.007507999999999982,0.00017952406214457418,-0.00017952406214457418,2332.0184057929314,54.45057338868582,-54.45057338868582,46640.368115858626,1089.0114677737167,-1089.0114677737167,1568974.575,42006.898140634956,-42006.898140634956,27977.247842089073,28646.11863472723,27323.994807058818,0.8008891664179852,0.8414707209971187,0.7622647358729567
082_210℃_320_0.5mm.csv,0.5,320,1.05922,0.300030473,1.066645,0.30036866,0.007425,1.85691067,210,0.007425000000000015,1556542.01,2356.902356902352,20.0,47138.04713804704,0.7862125458673486,28282.82828282822,0.007507999999999982,0.00017952406214457418,-0.00017952406214457418,2332.0184057929314,54.45057338868582,-54.45057338868582,46640.368115858626,1089.0114677737167,-1089.0114677737167,1568974.575,42006.898140634956,-42006.898140634956,27977.247842089073,28646.11863472723,27323.994807058818,0.8008891664179852,0.8414707209971187,0.7622647358729567
083_210℃_320_0.5mm.csv,0.5,320,1.05923,0.300150379,1.06686,0.300348084,0.00763,1.906666666,210,0.007630000000000026,1606318.5820000002,2293.5779816513686,20.0,45871.55963302737,0.8337558354190505,27522.935779816424,0.007507999999999982,0.00017952406214457418,-0.00017952406214457418,2332.0184057929314,54.45057338868582,-54.45057338868582,46640.368115858626,1089.0114677737167,-1089.0114677737167,1568974.575,42006.898140634956,-42006.898140634956,27977.247842089073,28646.11863472723,27323.994807058818,0.8008891664179852,0.8414707209971187,0.7622647358729567
084_210℃_320_0.5mm.csv,0.5,320,1.059285,0.300010982,1.06662,0.300435004,0.007335,1.844986287,210,0.007334999999999869,1544551.283,2385.821404226355,20.0,47716.4280845271,0.7706995687622311,28629.856850716264,0.007507999999999982,0.00017952406214457418,-0.00017952406214457418,2332.0184057929314,54.45057338868582,-54.45057338868582,46640.368115858626,1089.0114677737167,-1089.0114677737167,1568974.575,42006.898140634956,-42006.898140634956,27977.247842089073,28646.11863472723,27323.994807058818,0.8008891664179852,0.8414707209971187,0.7622647358729567
085_210℃_320_0.5mm.csv,0.5,320,1.058445,0.30036609,1.06595,0.300351225,0.007505,1.857415728,210,0.007504999999999873,1557064.503,2331.778814123957,20.0,46635.576282479145,0.7949502785724355,27981.345769487485,0.007507999999999982,0.00017952406214457418,-0.00017952406214457418,2332.0184057929314,54.45057338868582,-54.45057338868582,46640.368115858626,1089.0114677737167,-1089.0114677737167,1568974.575,42006.898140634956,-42006.898140634956,27977.247842089073,28646.11863472723,27323.994807058818,0.8008891664179852,0.8414707209971187,0.7622647358729567
086_210℃_320_0.5mm.csv,0.5,320,1.05851,0.300171048,1.06604,0.300162331,0.00753,1.884968963,210,0.007530000000000037,1584806.6319999998,2324.037184594942,20.0,46480.74369189884,0.8118091114938815,27888.446215139305,0.007507999999999982,0.00017952406214457418,-0.00017952406214457418,2332.0184057929314,54.45057338868582,-54.45057338868582,46640.368115858626,1089.0114677737167,-1089.0114677737167,1568974.575,42006.898140634956,-42006.898140634956,27977.247842089073,28646.11863472723,27323.994807058818,0.8008891664179852,0.8414707209971187,0.7622647358729567
087_210℃_320_0.5mm.csv,0.5,320,1.05871,0.300133279,1.06663,0.300284197,0.00792,1.941645272,210,0.007919999999999927,1641361.0749999997,2209.59595959598,20.0,44191.919191919595,0.8843251506122366,26515.15151515176,0.007507999999999982,0.00017952406214457418,-0.00017952406214457418,2332.0184057929314,54.45057338868582,-54.45057338868582,46640.368115858626,1089.0114677737167,-1089.0114677737167,1568974.575,42006.898140634956,-42006.898140634956,27977.247842089073,28646.11863472723,27323.994807058818,0.8008891664179852,0.8414707209971187,0.7622647358729567
088_210℃_320_0.5mm.csv,0.5,320,1.05851,0.300186131,1.06582,0.300420553,0.00731,1.793401092,210,0.007309999999999928,1492980.539,2393.9808481532386,20.0,47879.61696306477,0.7424277374210811,28727.770177838865,0.007507999999999982,0.00017952406214457418,-0.00017952406214457418,2332.0184057929314,54.45057338868582,-54.45057338868582,46640.368115858626,1089.0114677737167,-1089.0114677737167,1568974.575,42006.898140634956,-42006.898140634956,27977.247842089073,28646.11863472723,27323.994807058818,0.8008891664179852,0.8414707209971187,0.7622647358729567
089_210℃_320_0.5mm.csv,0.5,320,1.059445,0.300398573,1.0668,0.300401979,0.007355,1.830024912,210,0.007355,1529622.9330000002,2379.333786539769,20.0,47586.67573079538,0.7653317464091838,28552.00543847723,0.007507999999999982,0.00017952406214457418,-0.00017952406214457418,2332.0184057929314,54.45057338868582,-54.45057338868582,46640.368115858626,1089.0114677737167,-1089.0114677737167,1568974.575,42006.898140634956,-42006.898140634956,27977.247842089073,28646.11863472723,27323.994807058818,0.8008891664179852,0.8414707209971187,0.7622647358729567
090_210℃_320_0.5mm.csv,0.5,320,1.05845,0.300297567,1.06594,0.30025727,0.00749,1.884228173,210,0.007490000000000219,1583970.903,2336.448598130773,20.0,46728.97196261546,0.8070708886714519,28037.383177569274,0.007507999999999982,0.00017952406214457418,-0.00017952406214457418,2332.0184057929314,54.45057338868582,-54.45057338868582,46640.368115858626,1089.0114677737167,-1089.0114677737167,1568974.575,42006.898140634956,-42006.898140634956,27977.247842089073,28646.11863472723,27323.994807058818,0.8008891664179852,0.8414707209971187,0.7622647358729567
001_230℃_020_0.5mm.csv,0.5,20,1.47943,0.30000483,1.58411,0.300063923,0.10468,12.76083981,230,0.10467999999999988,12460775.887,167.17615590370673,20.0,3343.523118074135,88.73428706470466,2006.1138708444807,0.10579750000000003,0.0006469984114698169,-0.0006469984114698169,165.41591729852598,1.0141240324309275,-1.0141240324309275,3308.31834597052,20.28248064861886,-20.28248064861886,12403477.559400002,70254.86493534662,-70254.86493534662,1984.9574902925406,1997.1488365333532,1972.840564605892,89.26638502459745,89.76592335378253,88.76962657593944
002_230℃_020_0.5mm.csv,0.5,20,1.47928,0.300105719,1.5847,0.300029148,0.10542,12.82297205,230,0.10542000000000007,12522942.902,166.00265604249657,20.0,3320.0531208499315,89.8073905257715,1992.0318725099592,0.10579750000000003,0.0006469984114698169,-0.0006469984114698169,165.41591729852598,1.0141240324309275,-1.0141240324309275,3308.31834597052,20.28248064861886,-20.28248064861886,12403477.559400002,70254.86493534662,-70254.86493534662,1984.9574902925406,1997.1488365333532,1972.840564605892,89.26638502459745,89.76592335378253,88.76962657593944
003_230℃_020_0.5mm.csv,0.5,20,1.479485,0.300096898,1.584365,0.300158945,0.10488,12.74606848,230,0.10488000000000008,12445909.535,166.85736079328743,20.0,3337.1472158657484,88.79775455991843,2002.288329519449,0.10579750000000003,0.0006469984114698169,-0.0006469984114698169,165.41591729852598,1.0141240324309275,-1.0141240324309275,3308.31834597052,20.28248064861886,-20.28248064861886,12403477.559400002,70254.86493534662,-70254.86493534662,1984.9574902925406,1997.1488365333532,1972.840564605892,89.26638502459745,89.76592335378253,88.76962657593944
004_230℃_020_0.5mm.csv,0.5,20,1.479105,0.300108659,1.58504,0.300072293,0.105935,12.76666002,230,0.10593500000000011,12466587.727,165.1956388351346,20.0,3303.9127767026916,89.83999801766981,1982.3476660216152,0.10579750000000003,0.0006469984114698169,-0.0006469984114698169,165.41591729852598,1.0141240324309275,-1.0141240324309275,3308.31834597052,20.28248064861886,-20.28248064861886,12403477.559400002,70254.86493534662,-70254.86493534662,1984.9574902925406,1997.1488365333532,1972.840564605892,89.26638502459745,89.76592335378253,88.76962657593944
005_230℃_020_0.5mm.csv,0.5,20,1.479245,0.300119021,1.58496,0.300051214,0.105715,12.68695881,230,0.105715,12386907.596,165.53942203093223,20.0,3310.7884406186445,89.08040384429523,1986.4730643711869,0.10579750000000003,0.0006469984114698169,-0.0006469984114698169,165.41591729852598,1.0141240324309275,-1.0141240324309275,3308.31834597052,20.28248064861886,-20.28248064861886,12403477.559400002,70254.86493534662,-70254.86493534662,1984.9574902925406,1997.1488365333532,1972.840564605892,89.26638502459745,89.76592335378253,88.76962657593944
006_230℃_020_0.5mm.csv,0.5,20,1.47905,0.300086256,1.58522,0.300156947,0.10617,12.68341714,230,0.1061700000000001,12383260.193,164.82998963925763,20.0,3296.5997927851527,89.43746494495315,1977.9598756710916,0.10579750000000003,0.0006469984114698169,-0.0006469984114698169,165.41591729852598,1.0141240324309275,-1.0141240324309275,3308.31834597052,20.28248064861886,-20.28248064861886,12403477.559400002,70254.86493534662,-70254.86493534662,1984.9574902925406,1997.1488365333532,1972.840564605892,89.26638502459745,89.76592335378253,88.76962657593944
007_230℃_020_0.5mm.csv,0.5,20,1.478825,0.300013352,1.585655,0.300185727,0.10683,12.69812521,230,0.10682999999999998,12397939.483000001,163.81166339043344,20.0,3276.2332678086686,90.10012754890408,1965.7399606852014,0.10579750000000003,0.0006469984114698169,-0.0006469984114698169,165.41591729852598,1.0141240324309275,-1.0141240324309275,3308.31834597052,20.28248064861886,-20.28248064861886,12403477.559400002,70254.86493534662,-70254.86493534662,1984.9574902925406,1997.1488365333532,1972.840564605892,89.26638502459745,89.76592335378253,88.76962657593944
008_230℃_020_0.5mm.csv,0.5,20,1.479045,0.300070211,1.58518,0.300011984,0.106135,12.62224478,230,0.10613500000000009,12322232.796000002,164.88434540914858,20.0,3297.686908182972,88.96735903424907,1978.6121449097832,0.10579750000000003,0.0006469984114698169,-0.0006469984114698169,165.41591729852598,1.0141240324309275,-1.0141240324309275,3308.31834597052,20.28248064861886,-20.28248064861886,12403477.559400002,70254.86493534662,-70254.86493534662,1984.9574902925406,1997.1488365333532,1972.840564605892,89.26638502459745,89.76592335378253,88.76962657593944
009_230℃_020_0.5mm.csv,0.5,20,1.479155,0.30008031,1.58524,0.300054871,0.106085,12.59997688,230,0.10608499999999998,12299922.009,164.96205872649293,20.0,3299.2411745298587,88.76443716494998,1979.544704717915,0.10579750000000003,0.0006469984114698169,-0.0006469984114698169,165.41591729852598,1.0141240324309275,-1.0141240324309275,3308.31834597052,20.28248064861886,-20.28248064861886,12403477.559400002,70254.86493534662,-70254.86493534662,1984.9574902925406,1997.1488365333532,1972.840564605892,89.26638502459745,89.76592335378253,88.76962657593944
010_230℃_020_0.5mm.csv,0.5,20,1.47937,0.300125685,1.585495,0.300000424,0.106125,12.64829789,230,0.10612500000000002,12348297.466,164.8998822143698,20.0,3297.997644287396,89.14714752239799,1978.7985865724374,0.10579750000000003,0.0006469984114698169,-0.0006469984114698169,165.41591729852598,1.0141240324309275,-1.0141240324309275,3308.31834597052,20.28248064861886,-20.28248064861886,12403477.559400002,70254.86493534662,-70254.86493534662,1984.9574902925406,1997.1488365333532,1972.840564605892,89.26638502459745,89.76592335378253,88.76962657593944
011_230℃_040_0.5mm.csv,0.5,40,1.360215,0.300111895,1.405845,0.30002327,0.04563,9.077742594,230,0.04563000000000006,8777719.324,383.51961428884454,20.0,7670.39228577689,27.246757330212283,4602.235371466134,0.04573400000000001,0.00043233089179468983,-0.00043233089179468983,382.6781789483706,3.6080825105043743,-3.6080825105043743,7653.5635789674125,72.16165021008742,-72.16165021008742,8767521.0669,76884.39994515477,-76884.39994515477,4591.954129978028,4635.511296131406,4548.80624482994,27.27508948193723,27.751331127801777,26.807020637017306
012_230℃_040_0.5mm.csv,0.5,40,1.362185,0.30015724,1.40811,0.30018322,0.045925,9.161259181,230,0.045924999999999994,8861075.961000001,381.0560696788242,20.0,7621.1213935764845,27.683327449586734,4572.672836145891,0.04573400000000001,0.00043233089179468983,-0.00043233089179468983,382.6781789483706,3.6080825105043743,-3.6080825105043743,7653.5635789674125,72.16165021008742,-72.16165021008742,8767521.0669,76884.39994515477,-76884.39994515477,4591.954129978028,4635.511296131406,4548.80624482994,27.27508948193723,27.751331127801777,26.807020637017306
013_230℃_040_0.5mm.csv,0.5,40,1.366075,0.300046471,1.41187,0.300134625,0.045795,9.156024891,230,0.04579500000000003,8855890.265999999,382.1377879681185,20.0,7642.755759362371,27.58880916540614,4585.653455617422,0.04573400000000001,0.00043233089179468983,-0.00043233089179468983,382.6781789483706,3.6080825105043743,-3.6080825105043743,7653.5635789674125,72.16165021008742,-72.16165021008742,8767521.0669,76884.39994515477,-76884.39994515477,4591.954129978028,4635.511296131406,4548.80624482994,27.27508948193723,27.751331127801777,26.807020637017306
014_230℃_040_0.5mm.csv,0.5,40,1.361305,0.300071573,1.40654,0.300157922,0.045235,9.021599554,230,0.045234999999999914,8721441.632,386.8685752183051,20.0,7737.371504366102,26.83771511724621,4642.422902619661,0.04573400000000001,0.00043233089179468983,-0.00043233089179468983,382.6781789483706,3.6080825105043743,-3.6080825105043743,7653.5635789674125,72.16165021008742,-72.16165021008742,8767521.0669,76884.39994515477,-76884.39994515477,4591.954129978028,4635.511296131406,4548.80624482994,27.27508948193723,27.751331127801777,26.807020637017306
015_230℃_040_0.5mm.csv,0.5,40,1.36246,0.300010069,1.408685,0.300177554,0.046225,9.118415366,230,0.04622499999999996,8818237.812,378.58301784748545,20.0,7571.660356949709,27.729458697938753,4542.996214169825,0.04573400000000001,0.00043233089179468983,-0.00043233089179468983,382.6781789483706,3.6080825105043743,-3.6080825105043743,7653.5635789674125,72.16165021008742,-72.16165021008742,8767521.0669,76884.39994515477,-76884.39994515477,4591.954129978028,4635.511296131406,4548.80624482994,27.27508948193723,27.751331127801777,26.807020637017306
016_230℃_040_0.5mm.csv,0.5,40,1.35987,0.300010886,1.40576,0.300082114,0.04589,9.059732277,230,0.045889999999999986,8759650.163,381.346698627152,20.0,7626.93397254304,27.345601767351695,4576.160383525824,0.04573400000000001,0.00043233089179468983,-0.00043233089179468983,382.6781789483706,3.6080825105043743,-3.6080825105043743,7653.5635789674125,72.16165021008742,-72.16165021008742,8767521.0669,76884.39994515477,-76884.39994515477,4591.954129978028,4635.511296131406,4548.80624482994,27.27508948193723,27.751331127801777,26.807020637017306
017_230℃_040_0.5mm.csv,0.5,40,1.35571,0.300019679,1.40222,0.300123856,0.04651,9.137919655,230,0.04651000000000005,8837795.798999999,376.26316921092194,20.0,7525.263384218439,27.96230493955717,4515.158030531064,0.04573400000000001,0.00043233089179468983,-0.00043233089179468983,382.6781789483706,3.6080825105043743,-3.6080825105043743,7653.5635789674125,72.16165021008742,-72.16165021008742,8767521.0669,76884.39994515477,-76884.39994515477,4591.954129978028,4635.511296131406,4548.80624482994,27.27508948193723,27.751331127801777,26.807020637017306
018_230℃_040_0.5mm.csv,0.5,40,1.36137,0.300155651,1.406565,0.300119532,0.045195,8.948855705,230,0.045195000000000096,8648736.173,387.21097466533826,20.0,7744.219493306765,26.59045111147863,4646.531695984058,0.04573400000000001,0.00043233089179468983,-0.00043233089179468983,382.6781789483706,3.6080825105043743,-3.6080825105043743,7653.5635789674125,72.16165021008742,-72.16165021008742,8767521.0669,76884.39994515477,-76884.39994515477,4591.954129978028,4635.511296131406,4548.80624482994,27.27508948193723,27.751331127801777,26.807020637017306
019_230℃_040_0.5mm.csv,0.5,40,1.364195,0.300106103,1.409865,0.300030321,0.04567,9.035285322,230,0.04566999999999988,8735255.001,383.18370921830626,20.0,7663.674184366126,27.13871400650809,4598.204510619676,0.04573400000000001,0.00043233089179468983,-0.00043233089179468983,382.6781789483706,3.6080825105043743,-3.6080825105043743,7653.5635789674125,72.16165021008742,-72.16165021008742,8767521.0669,76884.39994515477,-76884.39994515477,4591.954129978028,4635.511296131406,4548.80624482994,27.27508948193723,27.751331127801777,26.807020637017306
020_230℃_040_0.5mm.csv,0.5,40,1.361915,0.300099095,1.40718,0.300181471,0.045265,8.959590009,230,0.04526500000000011,8659408.537999999,386.61217276041,20.0,7732.2434552081995,26.66449846752183,4639.34607312492,0.04573400000000001,0.00043233089179468983,-0.00043233089179468983,382.6781789483706,3.6080825105043743,-3.6080825105043743,7653.5635789674125,72.16165021008742,-72.16165021008742,8767521.0669,76884.39994515477,-76884.39994515477,4591.954129978028,4635.511296131406,4548.80624482994,27.27508948193723,27.751331127801777,26.807020637017306
021_230℃_080_0.5mm.csv,0.5,80,1.19128,0.300083482,1.212275,0.300220768,0.020995,5.532765507,230,0.020995000000000097,5232544.739,833.5317932841115,20.0,16670.63586568223,7.473284135735067,10002.381519409339,0.021226999999999975,0.00016921715174426924,-0.00016921715174426924,824.4689202615849,6.577923766069627,-6.577923766069627,16489.3784052317,131.55847532139302,-131.55847532139302,5301088.3102,52001.6675073677,-52001.6675073677,9893.34380181602,9972.560195662589,9814.756658325521,7.654293704306634,7.778237890884109,7.532324535927608
022_230℃_080_0.5mm.csv,0.5,80,1.189705,0.300045593,1.21105,0.300090623,0.021345,5.608752561,230,0.021344999999999947,5308661.938,819.8641368001894,20.0,16397.282736003788,7.708393814055083,9838.369641602272,0.021226999999999975,0.00016921715174426924,-0.00016921715174426924,824.4689202615849,6.577923766069627,-6.577923766069627,16489.3784052317,131.55847532139302,-131.55847532139302,5301088.3102,52001.6675073677,-52001.6675073677,9893.34380181602,9972.560195662589,9814.756658325521,7.654293704306634,7.778237890884109,7.532324535927608
023_230℃_080_0.5mm.csv,0.5,80,1.19067,0.300172503,1.21212,0.300299636,0.02145,5.606314022,230,0.02145000000000019,5306014.386,815.8508158508085,20.0,16317.01631701617,7.742449563244968,9790.209790209703,0.021226999999999975,0.00016921715174426924,-0.00016921715174426924,824.4689202615849,6.577923766069627,-6.577923766069627,16489.3784052317,131.55847532139302,-131.55847532139302,5301088.3102,52001.6675073677,-52001.6675073677,9893.34380181602,9972.560195662589,9814.756658325521,7.654293704306634,7.778237890884109,7.532324535927608
024_230℃_080_0.5mm.csv,0.5,80,1.191385,0.300299988,1.21248,0.300232477,0.021095,5.587427329,230,0.021095000000000086,5287194.852,829.5804693055193,20.0,16591.609386110387,7.587304449179621,9954.965631666233,0.021226999999999975,0.00016921715174426924,-0.00016921715174426924,824.4689202615849,6.577923766069627,-6.577923766069627,16489.3784052317,131.55847532139302,-131.55847532139302,5301088.3102,52001.6675073677,-52001.6675073677,9893.34380181602,9972.560195662589,9814.756658325521,7.654293704306634,7.778237890884109,7.532324535927608
025_230℃_080_0.5mm.csv,0.5,80,1.186525,0.300146072,1.20773,0.300183209,0.021205,5.559927432,230,0.02120499999999992,5259744.223,825.2770572978103,20.0,16505.541145956206,7.587270493109836,9903.324687573724,0.021226999999999975,0.00016921715174426924,-0.00016921715174426924,824.4689202615849,6.577923766069627,-6.577923766069627,16489.3784052317,131.55847532139302,-131.55847532139302,5301088.3102,52001.6675073677,-52001.6675073677,9893.34380181602,9972.560195662589,9814.756658325521,7.654293704306634,7.778237890884109,7.532324535927608
026_230℃_080_0.5mm.csv,0.5,80,1.19538,0.300120769,1.216775,0.300127602,0.021395,5.699559075,230,0.02139499999999983,5399431.473,817.9481187193334,20.0,16358.962374386667,7.85856029692749,9815.377424631999,0.021226999999999975,0.00016921715174426924,-0.00016921715174426924,824.4689202615849,6.577923766069627,-6.577923766069627,16489.3784052317,131.55847532139302,-131.55847532139302,5301088.3102,52001.6675073677,-52001.6675073677,9893.34380181602,9972.560195662589,9814.756658325521,7.654293704306634,7.778237890884109,7.532324535927608
027_230℃_080_0.5mm.csv,0.5,80,1.19146,0.300030907,1.21287,0.300271543,0.02141,5.64916536,230,0.02140999999999993,5348893.817,817.3750583839354,20.0,16347.501167678709,7.7904637157802465,9808.500700607225,0.021226999999999975,0.00016921715174426924,-0.00016921715174426924,824.4689202615849,6.577923766069627,-6.577923766069627,16489.3784052317,131.55847532139302,-131.55847532139302,5301088.3102,52001.6675073677,-52001.6675073677,9893.34380181602,9972.560195662589,9814.756658325521,7.654293704306634,7.778237890884109,7.532324535927608
028_230℃_080_0.5mm.csv,0.5,80,1.192145,0.300228766,1.21338,0.300079587,0.021235,5.627900145,230,0.021234999999999893,5327820.558,824.1111372733736,20.0,16482.222745467472,7.696344867287716,9889.333647280484,0.021226999999999975,0.00016921715174426924,-0.00016921715174426924,824.4689202615849,6.577923766069627,-6.577923766069627,16489.3784052317,131.55847532139302,-131.55847532139302,5301088.3102,52001.6675073677,-52001.6675073677,9893.34380181602,9972.560195662589,9814.756658325521,7.654293704306634,7.778237890884109,7.532324535927608
029_230℃_080_0.5mm.csv,0.5,80,1.189765,0.300060397,1.21091,0.300212957,0.021145,5.531215734,230,0.02114499999999997,5231002.777,827.6188224166482,20.0,16552.376448332965,7.524459436711893,9931.425868999779,0.021226999999999975,0.00016921715174426924,-0.00016921715174426924,824.4689202615849,6.577923766069627,-6.577923766069627,16489.3784052317,131.55847532139302,-131.55847532139302,5301088.3102,52001.6675073677,-52001.6675073677,9893.34380181602,9972.560195662589,9814.756658325521,7.654293704306634,7.778237890884109,7.532324535927608
030_230℃_080_0.5mm.csv,0.5,80,1.19026,0.300247216,1.211255,0.300014326,0.020995,5.609588665,230,0.020994999999999875,5309574.339,833.5317932841202,20.0,16670.635865682405,7.583300220905056,10002.381519409444,0.021226999999999975,0.00016921715174426924,-0.00016921715174426924,824.4689202615849,6.577923766069627,-6.577923766069627,16489.3784052317,131.55847532139302,-131.55847532139302,5301088.3102,52001.6675073677,-52001.6675073677,9893.34380181602,9972.560195662589,9814.756658325521,7.654293704306634,7.778237890884109,7.532324535927608
031_230℃_120_0.5mm.csv,0.5,120,1.132635,0.300049818,1.146385,0.300302649,0.01375,3.556185385,230,0.013749999999999929,3255882.736,1272.7272727272793,20.0,25454.545454545587,3.0454685455782156,15272.727272727352,0.014032500000000003,0.00019456861114899225,-0.00019456861114899225,1247.3209592009177,17.311936861215482,-17.311936861215482,24946.419184018356,346.238737224309,-346.238737224309,3362883.3482999997,58616.842745916256,-58616.842745916256,14966.554881396782,15175.629702671042,14760.360486289164,3.209462088698821,3.3093716792636205,3.1125687583955606
032_230℃_120_0.5mm.csv,0.5,120,1.132235,0.300251906,1.146385,0.300287095,0.01415,3.709574106,230,0.014149999999999885,3409287.011,1236.749116607784,20.0,24734.982332155676,3.2817286534455516,14840.989399293405,0.014032500000000003,0.00019456861114899225,-0.00019456861114899225,1247.3209592009177,17.311936861215482,-17.311936861215482,24946.419184018356,346.238737224309,-346.238737224309,3362883.3482999997,58616.842745916256,-58616.842745916256,14966.554881396782,15175.629702671042,14760.360486289164,3.209462088698821,3.3093716792636205,3.1125687583955606
033_230℃_120_0.5mm.csv,0.5,120,1.13197,0.30028897,1.145845,0.300246523,0.013875,3.614559957,230,0.013875000000000082,3314313.434,1261.2612612612538,20.0,25225.225225225076,3.1283060473979774,15135.135135135046,0.014032500000000003,0.00019456861114899225,-0.00019456861114899225,1247.3209592009177,17.311936861215482,-17.311936861215482,24946.419184018356,346.238737224309,-346.238737224309,3362883.3482999997,58616.842745916256,-58616.842745916256,14966.554881396782,15175.629702671042,14760.360486289164,3.209462088698821,3.3093716792636205,3.1125687583955606
034_230℃_120_0.5mm.csv,0.5,120,1.1315,0.300060775,1.14549,0.300318272,0.01399,3.615010977,230,0.013989999999999947,3314692.7049999996,1250.893495353829,20.0,25017.86990707658,3.154595302241484,15010.721944245946,0.014032500000000003,0.00019456861114899225,-0.00019456861114899225,1247.3209592009177,17.311936861215482,-17.311936861215482,24946.419184018356,346.238737224309,-346.238737224309,3362883.3482999997,58616.842745916256,-58616.842745916256,14966.554881396782,15175.629702671042,14760.360486289164,3.209462088698821,3.3093716792636205,3.1125687583955606
035_230℃_120_0.5mm.csv,0.5,120,1.13269,0.300032528,1.146815,0.300250001,0.014125,3.696900225,230,0.014124999999999943,3396650.224,1238.9380530973501,20.0,24778.761061947003,3.2637880553741367,14867.2566371682,0.014032500000000003,0.00019456861114899225,-0.00019456861114899225,1247.3209592009177,17.311936861215482,-17.311936861215482,24946.419184018356,346.238737224309,-346.238737224309,3362883.3482999997,58616.842745916256,-58616.842745916256,14966.554881396782,15175.629702671042,14760.360486289164,3.209462088698821,3.3093716792636205,3.1125687583955606
036_230℃_120_0.5mm.csv,0.5,120,1.13132,0.30005114,1.14551,0.300093691,0.01419,3.708918726,230,0.014189999999999925,3408825.035,1233.2628611698444,20.0,24665.25722339689,3.2905596766428395,14799.154334038136,0.014032500000000003,0.00019456861114899225,-0.00019456861114899225,1247.3209592009177,17.311936861215482,-17.311936861215482,24946.419184018356,346.238737224309,-346.238737224309,3362883.3482999997,58616.842745916256,-58616.842745916256,14966.554881396782,15175.629702671042,14760.360486289164,3.209462088698821,3.3093716792636205,3.1125687583955606
037_230℃_120_0.5mm.csv,0.5,120,1.131335,0.300267967,1.14514,0.300243961,0.013805,3.645052581,230,0.013805000000000067,3344808.6199999996,1267.6566461426958,20.0,25353.132922853914,3.1411621087823276,15211.87975371235,0.014032500000000003,0.00019456861114899225,-0.00019456861114899225,1247.3209592009177,17.311936861215482,-17.311936861215482,24946.419184018356,346.238737224309,-346.238737224309,3362883.3482999997,58616.842745916256,-58616.842745916256,14966.554881396782,15175.629702671042,14760.360486289164,3.209462088698821,3.3093716792636205,3.1125687583955606
038_230℃_120_0.5mm.csv,0.5,120,1.13285,0.300298138,1.14717,0.300205386,0.01432,3.719956374,230,0.01432000000000011,3419750.988,1222.0670391061358,20.0,24441.340782122716,3.331349261779617,14664.80446927363,0.014032500000000003,0.00019456861114899225,-0.00019456861114899225,1247.3209592009177,17.311936861215482,-17.311936861215482,24946.419184018356,346.238737224309,-346.238737224309,3362883.3482999997,58616.842745916256,-58616.842745916256,14966.554881396782,15175.629702671042,14760.360486289164,3.209462088698821,3.3093716792636205,3.1125687583955606
039_230℃_120_0.5mm.csv,0.5,120,1.134345,0.300041555,1.148245,0.300004542,0.0139,3.631951027,230,0.013900000000000023,3331946.485,1258.9928057553936,20.0,25179.856115107872,3.150616064047624,15107.913669064723,0.014032500000000003,0.00019456861114899225,-0.00019456861114899225,1247.3209592009177,17.311936861215482,-17.311936861215482,24946.419184018356,346.238737224309,-346.238737224309,3362883.3482999997,58616.842745916256,-58616.842745916256,14966.554881396782,15175.629702671042,14760.360486289164,3.209462088698821,3.3093716792636205,3.1125687583955606
040_230℃_120_0.5mm.csv,0.5,120,1.132415,0.300233176,1.146635,0.300098623,0.01422,3.732774868,230,0.014220000000000121,3432676.2449999996,1230.6610407876126,20.0,24613.22081575225,3.320588857408191,14767.93248945135,0.014032500000000003,0.00019456861114899225,-0.00019456861114899225,1247.3209592009177,17.311936861215482,-17.311936861215482,24946.419184018356,346.238737224309,-346.238737224309,3362883.3482999997,58616.842745916256,-58616.842745916256,14966.554881396782,15175.629702671042,14760.360486289164,3.209462088698821,3.3093716792636205,3.1125687583955606
041_230℃_160_0.5mm.csv,0.5,160,1.10693,0.300185664,1.117515,0.300059817,0.010585,2.703480482,230,0.010585000000000067,2403420.6649999996,1653.2829475673018,20.0,33065.658951346035,1.7306263768044323,19839.395370807622,0.010659499999999999,0.00012859173120121246,-0.00012859173120121246,1641.9402785578282,19.550668015569585,-19.550668015569585,32838.80557115657,391.0133603113925,-391.0133603113925,2394358.3819,36267.96824919459,-36267.96824919459,19702.015390273624,19939.55914408327,19467.301540303186,1.7359443785657094,1.78014876297344,1.6928376707350767
042_230℃_160_0.5mm.csv,0.5,160,1.10381,0.300233086,1.114515,0.300155498,0.010705,2.732354773,230,0.010704999999999965,2432199.275,1634.7501167678708,20.0,32695.002335357418,1.771203621692171,19617.00140121445,0.010659499999999999,0.00012859173120121246,-0.00012859173120121246,1641.9402785578282,19.550668015569585,-19.550668015569585,32838.80557115657,391.0133603113925,-391.0133603113925,2394358.3819,36267.96824919459,-36267.96824919459,19702.015390273624,19939.55914408327,19467.301540303186,1.7359443785657094,1.78014876297344,1.6928376707350767
043_230℃_160_0.5mm.csv,0.5,160,1.10315,0.300306547,1.11411,0.300408333,0.01096,2.76396548,230,0.010959999999999859,2463557.147,1596.7153284671738,20.0,31934.306569343476,1.8367745803482756,19160.583941606084,0.010659499999999999,0.00012859173120121246,-0.00012859173120121246,1641.9402785578282,19.550668015569585,-19.550668015569585,32838.80557115657,391.0133603113925,-391.0133603113925,2394358.3819,36267.96824919459,-36267.96824919459,19702.015390273624,19939.55914408327,19467.301540303186,1.7359443785657094,1.78014876297344,1.6928376707350767
044_230℃_160_0.5mm.csv,0.5,160,1.102745,0.300238636,1.113245,0.300279589,0.0105,2.677326152,230,0.010499999999999954,2377046.563,1666.666666666674,20.0,33333.33333333348,1.6978904021428498,20000.000000000087,0.010659499999999999,0.00012859173120121246,-0.00012859173120121246,1641.9402785578282,19.550668015569585,-19.550668015569585,32838.80557115657,391.0133603113925,-391.0133603113925,2394358.3819,36267.96824919459,-36267.96824919459,19702.015390273624,19939.55914408327,19467.301540303186,1.7359443785657094,1.78014876297344,1.6928376707350767
045_230℃_160_0.5mm.csv,0.5,160,1.103735,0.300119093,1.11446,0.300161754,0.010725,2.715117657,230,0.010725000000000096,2414955.903,1631.701631701617,20.0,32634.03263403234,1.7619321129030772,19580.419580419406,0.010659499999999999,0.00012859173120121246,-0.00012859173120121246,1641.9402785578282,19.550668015569585,-19.550668015569585,32838.80557115657,391.0133603113925,-391.0133603113925,2394358.3819,36267.96824919459,-36267.96824919459,19702.015390273624,19939.55914408327,19467.301540303186,1.7359443785657094,1.78014876297344,1.6928376707350767
046_230℃_160_0.5mm.csv,0.5,160,1.101375,0.30012456,1.112025,0.300394863,0.01065,2.666867387,230,0.010650000000000048,2366472.5239999997,1643.1924882629035,20.0,32863.84976525807,1.7144851959591911,19718.30985915484,0.010659499999999999,0.00012859173120121246,-0.00012859173120121246,1641.9402785578282,19.550668015569585,-19.550668015569585,32838.80557115657,391.0133603113925,-391.0133603113925,2394358.3819,36267.96824919459,-36267.96824919459,19702.015390273624,19939.55914408327,19467.301540303186,1.7359443785657094,1.78014876297344,1.6928376707350767
047_230℃_160_0.5mm.csv,0.5,160,1.104695,0.300168554,1.11524,0.30029219,0.010545,2.643699539,230,0.010545000000000027,2343407.349,1659.5542911332343,20.0,33191.08582266469,1.6810360881091877,19914.651493598813,0.010659499999999999,0.00012859173120121246,-0.00012859173120121246,1641.9402785578282,19.550668015569585,-19.550668015569585,32838.80557115657,391.0133603113925,-391.0133603113925,2394358.3819,36267.96824919459,-36267.96824919459,19702.015390273624,19939.55914408327,19467.301540303186,1.7359443785657094,1.78014876297344,1.6928376707350767
048_230℃_160_0.5mm.csv,0.5,160,1.103795,0.30000122,1.114405,0.300341561,0.01061,2.699120283,230,0.010610000000000008,2398778.7220000005,1649.3873704052767,20.0,32987.74740810553,1.731363417715648,19792.64844486332,0.010659499999999999,0.00012859173120121246,-0.00012859173120121246,1641.9402785578282,19.550668015569585,-19.550668015569585,32838.80557115657,391.0133603113925,-391.0133603113925,2394358.3819,36267.96824919459,-36267.96824919459,19702.015390273624,19939.55914408327,19467.301540303186,1.7359443785657094,1.78014876297344,1.6928376707350767
049_230℃_160_0.5mm.csv,0.5,160,1.10316,0.300239441,1.11387,0.300231224,0.01071,2.657831049,230,0.010709999999999997,2357599.8249999997,1633.9869281045756,20.0,32679.738562091512,1.7176798724999993,19607.843137254906,0.010659499999999999,0.00012859173120121246,-0.00012859173120121246,1641.9402785578282,19.550668015569585,-19.550668015569585,32838.80557115657,391.0133603113925,-391.0133603113925,2394358.3819,36267.96824919459,-36267.96824919459,19702.015390273624,19939.55914408327,19467.301540303186,1.7359443785657094,1.78014876297344,1.6928376707350767
050_230℃_160_0.5mm.csv,0.5,160,1.10283,0.300037874,1.113435,0.300316974,0.010605,2.68646282,230,0.010604999999999976,2386145.846,1650.165016501654,20.0,33003.30033003308,1.721433788899996,19801.980198019846,0.010659499999999999,0.00012859173120121246,-0.00012859173120121246,1641.9402785578282,19.550668015569585,-19.550668015569585,32838.80557115657,391.0133603113925,-391.0133603113925,2394358.3819,36267.96824919459,-36267.96824919459,19702.015390273624,19939.55914408327,19467.301540303186,1.7359443785657094,1.78014876297344,1.6928376707350767
051_230℃_200_0.5mm.csv,0.5,200,1.08512,0.300301768,1.09389,0.300425478,0.00877,2.214856273,230,0.008769999999999945,1914430.7950000002,1995.43899657926,20.0,39908.7799315852,1.1421468076292447,23945.26795895112,0.008941,0.00016601204775561071,-0.00016601204775561071,1957.878987293135,36.12333785214846,-36.12333785214846,39157.5797458627,722.4667570429716,-722.4667570429716,1914647.8032000002,29465.902685250912,-29465.902685250912,23490.934126791915,23929.75893718039,23060.156502115507,1.1642436516311887,1.2023475880897319,1.1273472777677045
052_230℃_200_0.5mm.csv,0.5,200,1.087215,0.300053609,1.09623,0.300051345,0.009015,2.238408777,230,0.009014999999999995,1938357.432,1941.2090959511934,20.0,38824.18191902387,1.1887273639102034,23294.50915141432,0.008941,0.00016601204775561071,-0.00016601204775561071,1957.878987293135,36.12333785214846,-36.12333785214846,39157.5797458627,722.4667570429716,-722.4667570429716,1914647.8032000002,29465.902685250912,-29465.902685250912,23490.934126791915,23929.75893718039,23060.156502115507,1.1642436516311887,1.2023475880897319,1.1273472777677045
053_230℃_200_0.5mm.csv,0.5,200,1.086375,0.300354128,1.09545,0.300201843,0.009075,2.245042187,230,0.009074999999999944,1944840.3440000003,1928.3746556473948,20.0,38567.493112947894,1.200641232775503,23140.495867768735,0.008941,0.00016601204775561071,-0.00016601204775561071,1957.878987293135,36.12333785214846,-36.12333785214846,39157.5797458627,722.4667570429716,-722.4667570429716,1914647.8032000002,29465.902685250912,-29465.902685250912,23490.934126791915,23929.75893718039,23060.156502115507,1.1642436516311887,1.2023475880897319,1.1273472777677045
054_230℃_200_0.5mm.csv,0.5,200,1.086645,0.300348177,1.09558,0.300119018,0.008935,2.203970957,230,0.008934999999999915,1903851.9390000002,1958.5898153329788,20.0,39171.79630665958,1.157205243194887,23503.077783995745,0.008941,0.00016601204775561071,-0.00016601204775561071,1957.878987293135,36.12333785214846,-36.12333785214846,39157.5797458627,722.4667570429716,-722.4667570429716,1914647.8032000002,29465.902685250912,-29465.902685250912,23490.934126791915,23929.75893718039,23060.156502115507,1.1642436516311887,1.2023475880897319,1.1273472777677045
055_230℃_200_0.5mm.csv,0.5,200,1.0852,0.300132254,1.094465,0.300265708,0.009265,2.236172816,230,0.009265000000000079,1935907.1079999998,1888.8289260658232,20.0,37776.57852131646,1.220148255484364,22665.94711278988,0.008941,0.00016601204775561071,-0.00016601204775561071,1957.878987293135,36.12333785214846,-36.12333785214846,39157.5797458627,722.4667570429716,-722.4667570429716,1914647.8032000002,29465.902685250912,-29465.902685250912,23490.934126791915,23929.75893718039,23060.156502115507,1.1642436516311887,1.2023475880897319,1.1273472777677045
056_230℃_200_0.5mm.csv,0.5,200,1.08656,0.300098573,1.09526,0.300207063,0.0087,2.150829519,230,0.00869999999999993,1850622.4560000002,2011.4942528735794,20.0,40229.88505747159,1.0952663515101952,24137.931034482954,0.008941,0.00016601204775561071,-0.00016601204775561071,1957.878987293135,36.12333785214846,-36.12333785214846,39157.5797458627,722.4667570429716,-722.4667570429716,1914647.8032000002,29465.902685250912,-29465.902685250912,23490.934126791915,23929.75893718039,23060.156502115507,1.1642436516311887,1.2023475880897319,1.1273472777677045
057_230℃_200_0.5mm.csv,0.5,200,1.087295,0.300268991,1.09616,0.300226479,0.008865,2.207312287,230,0.008865000000000123,1907085.8080000002,1974.055273547632,20.0,39481.105470952636,1.150089502579608,23688.663282571582,0.008941,0.00016601204775561071,-0.00016601204775561071,1957.878987293135,36.12333785214846,-36.12333785214846,39157.5797458627,722.4667570429716,-722.4667570429716,1914647.8032000002,29465.902685250912,-29465.902685250912,23490.934126791915,23929.75893718039,23060.156502115507,1.1642436516311887,1.2023475880897319,1.1273472777677045
058_230℃_200_0.5mm.csv,0.5,200,1.086,0.300341851,1.094805,0.300142635,0.008805,2.192301028,230,0.008804999999999952,1892158.3930000002,1987.5070982396473,20.0,39750.14196479294,1.1333642619295858,23850.085178875765,0.008941,0.00016601204775561071,-0.00016601204775561071,1957.878987293135,36.12333785214846,-36.12333785214846,39157.5797458627,722.4667570429716,-722.4667570429716,1914647.8032000002,29465.902685250912,-29465.902685250912,23490.934126791915,23929.75893718039,23060.156502115507,1.1642436516311887,1.2023475880897319,1.1273472777677045
059_230℃_200_0.5mm.csv,0.5,200,1.086065,0.300069217,1.095015,0.300092758,0.00895,2.211513795,230,0.008950000000000014,1911421.0370000002,1955.3072625698294,20.0,39106.145251396585,1.1637563456564646,23463.68715083795,0.008941,0.00016601204775561071,-0.00016601204775561071,1957.878987293135,36.12333785214846,-36.12333785214846,39157.5797458627,722.4667570429716,-722.4667570429716,1914647.8032000002,29465.902685250912,-29465.902685250912,23490.934126791915,23929.75893718039,23060.156502115507,1.1642436516311887,1.2023475880897319,1.1273472777677045
060_230℃_200_0.5mm.csv,0.5,200,1.08571,0.300087658,1.09474,0.300093035,0.00903,2.247895755,230,0.009030000000000094,1947802.7200000002,1937.984496124011,20.0,38759.68992248022,1.1965073851428698,23255.81395348813,0.008941,0.00016601204775561071,-0.00016601204775561071,1957.878987293135,36.12333785214846,-36.12333785214846,39157.5797458627,722.4667570429716,-722.4667570429716,1914647.8032000002,29465.902685250912,-29465.902685250912,23490.934126791915,23929.75893718039,23060.156502115507,1.1642436516311887,1.2023475880897319,1.1273472777677045
061_230℃_240_0.5mm.csv,0.5,240,1.07403,0.300135924,1.081915,0.300287998,0.007885,1.906757104,230,0.00788499999999992,1606469.1060000001,2219.4039315155583,20.0,44388.07863031117,0.8617012857693791,26632.847178186697,0.007983000000000028,0.00013565069521060674,-0.00013565069521060674,2192.7275697357322,37.22350018543619,-37.22350018543619,43854.55139471465,744.4700037087227,-744.4700037087227,1646330.8736999999,26643.049382880225,-26643.049382880225,26309.316325305223,26759.99814858173,25866.22471577627,0.8938370865630072,0.9233718294098588,0.8652470346924734
062_230℃_240_0.5mm.csv,0.5,240,1.074695,0.300208143,1.08251,0.300093401,0.007815,1.931643512,230,0.007815000000000127,1631550.1109999998,2239.2834293025867,20.0,44785.66858605173,0.8673853141132793,26871.40115163104,0.007983000000000028,0.00013565069521060674,-0.00013565069521060674,2192.7275697357322,37.22350018543619,-37.22350018543619,43854.55139471465,744.4700037087227,-744.4700037087227,1646330.8736999999,26643.049382880225,-26643.049382880225,26309.316325305223,26759.99814858173,25866.22471577627,0.8938370865630072,0.9233718294098588,0.8652470346924734
063_230℃_240_0.5mm.csv,0.5,240,1.075465,0.300158119,1.083615,0.300091433,0.00815,1.987857447,230,0.008150000000000102,1687766.0140000002,2147.239263803654,20.0,42944.78527607308,0.9357342186462702,25766.871165643846,0.007983000000000028,0.00013565069521060674,-0.00013565069521060674,2192.7275697357322,37.22350018543619,-37.22350018543619,43854.55139471465,744.4700037087227,-744.4700037087227,1646330.8736999999,26643.049382880225,-26643.049382880225,26309.316325305223,26759.99814858173,25866.22471577627,0.8938370865630072,0.9233718294098588,0.8652470346924734
064_230℃_240_0.5mm.csv,0.5,240,1.07365,0.300258171,1.081665,0.300105906,0.008015,1.951120535,230,0.008015000000000105,1651014.629,2183.4061135370894,20.0,43668.12227074179,0.9001960715262021,26200.873362445076,0.007983000000000028,0.00013565069521060674,-0.00013565069521060674,2192.7275697357322,37.22350018543619,-37.22350018543619,43854.55139471465,744.4700037087227,-744.4700037087227,1646330.8736999999,26643.049382880225,-26643.049382880225,26309.316325305223,26759.99814858173,25866.22471577627,0.8938370865630072,0.9233718294098588,0.8652470346924734
065_230℃_240_0.5mm.csv,0.5,240,1.07438,0.300075842,1.082495,0.300127035,0.008115,1.973702393,230,0.008115000000000094,1673575.358,2156.5003080714473,20.0,43130.006161428944,0.9238819068142966,25878.003696857366,0.007983000000000028,0.00013565069521060674,-0.00013565069521060674,2192.7275697357322,37.22350018543619,-37.22350018543619,43854.55139471465,744.4700037087227,-744.4700037087227,1646330.8736999999,26643.049382880225,-26643.049382880225,26309.316325305223,26759.99814858173,25866.22471577627,0.8938370865630072,0.9233718294098588,0.8652470346924734
066_230℃_240_0.5mm.csv,0.5,240,1.07292,0.300327437,1.08076,0.300007297,0.00784,1.923701524,230,0.007839999999999847,1623694.227,2232.1428571429005,20.0,44642.85714285801,0.8659702543999831,26785.714285714806,0.007983000000000028,0.00013565069521060674,-0.00013565069521060674,2192.7275697357322,37.22350018543619,-37.22350018543619,43854.55139471465,744.4700037087227,-744.4700037087227,1646330.8736999999,26643.049382880225,-26643.049382880225,26309.316325305223,26759.99814858173,25866.22471577627,0.8938370865630072,0.9233718294098588,0.8652470346924734
067_230℃_240_0.5mm.csv,0.5,240,1.07292,0.300318237,1.080875,0.300101098,0.007955,1.942092943,230,0.007954999999999934,1641991.845,2199.8742928975666,20.0,43997.48585795133,0.8885744984336662,26398.491514770798,0.007983000000000028,0.00013565069521060674,-0.00013565069521060674,2192.7275697357322,37.22350018543619,-37.22350018543619,43854.55139471465,744.4700037087227,-744.4700037087227,1646330.8736999999,26643.049382880225,-26643.049382880225,26309.316325305223,26759.99814858173,25866.22471577627,0.8938370865630072,0.9233718294098588,0.8652470346924734
068_230℃_240_0.5mm.csv,0.5,240,1.07452,0.300305332,1.082575,0.300236562,0.008055,1.954804666,230,0.008055000000000145,1654568.104,2172.5636250775524,20.0,43451.27250155105,0.9066357876000164,26070.763500930632,0.007983000000000028,0.00013565069521060674,-0.00013565069521060674,2192.7275697357322,37.22350018543619,-37.22350018543619,43854.55139471465,744.4700037087227,-744.4700037087227,1646330.8736999999,26643.049382880225,-26643.049382880225,26309.316325305223,26759.99814858173,25866.22471577627,0.8938370865630072,0.9233718294098588,0.8652470346924734
069_230℃_240_0.5mm.csv,0.5,240,1.07349,0.300187247,1.081325,0.300142496,0.007835,1.919086275,230,0.007835000000000036,1618943.7789999999,2233.567326100819,20.0,44671.346522016385,0.8628860209840175,26802.80791320983,0.007983000000000028,0.00013565069521060674,-0.00013565069521060674,2192.7275697357322,37.22350018543619,-37.22350018543619,43854.55139471465,744.4700037087227,-744.4700037087227,1646330.8736999999,26643.049382880225,-26643.049382880225,26309.316325305223,26759.99814858173,25866.22471577627,0.8938370865630072,0.9233718294098588,0.8652470346924734
070_230℃_240_0.5mm.csv,0.5,240,1.074705,0.300001467,1.08287,0.300418762,0.008165,1.974154326,230,0.008164999999999978,1673735.564,2143.29454990815,20.0,42865.890998163006,0.9296633251741473,25719.534598897804,0.007983000000000028,0.00013565069521060674,-0.00013565069521060674,2192.7275697357322,37.22350018543619,-37.22350018543619,43854.55139471465,744.4700037087227,-744.4700037087227,1646330.8736999999,26643.049382880225,-26643.049382880225,26309.316325305223,26759.99814858173,25866.22471577627,0.8938370865630072,0.9233718294098588,0.8652470346924734
071_230℃_280_0.5mm.csv,0.5,280,1.06581,0.300126991,1.073535,0.300061012,0.007725,1.913896683,230,0.007724999999999982,1613835.6709999999,2265.372168284795,20.0,45307.4433656959,0.8480871128214265,27184.466019417545,0.007817999999999992,0.00022655879786245234,-0.00022655879786245234,2240.093780591611,64.05128134350839,-64.05128134350839,44801.87561183222,1281.0256268701642,-1281.0256268701642,1596494.8492,49258.53432687351,-49258.53432687351,26871.15048982653,27655.830308528668,26108.73441844311,0.848394511716395,0.8988702741778443,0.80075319897395
072_230℃_280_0.5mm.csv,0.5,280,1.064645,0.300108295,1.07292,0.300361783,0.008275,1.98524546,230,0.008275000000000032,1684883.677,2114.8036253776354,20.0,42296.07250755271,0.9484634304200718,25377.643504531625,0.007817999999999992,0.00022655879786245234,-0.00022655879786245234,2240.093780591611,64.05128134350839,-64.05128134350839,44801.87561183222,1281.0256268701642,-1281.0256268701642,1596494.8492,49258.53432687351,-49258.53432687351,26871.15048982653,27655.830308528668,26108.73441844311,0.848394511716395,0.8988702741778443,0.80075319897395
073_230℃_280_0.5mm.csv,0.5,280,1.065925,0.300326856,1.073795,0.300242902,0.00787,1.901205862,230,0.007870000000000044,1600962.9600000002,2223.634053367205,20.0,44472.6810673441,0.8571141833469436,26683.608640406463,0.007817999999999992,0.00022655879786245234,-0.00022655879786245234,2240.093780591611,64.05128134350839,-64.05128134350839,44801.87561183222,1281.0256268701642,-1281.0256268701642,1596494.8492,49258.53432687351,-49258.53432687351,26871.15048982653,27655.830308528668,26108.73441844311,0.848394511716395,0.8988702741778443,0.80075319897395
074_230℃_280_0.5mm.csv,0.5,280,1.06488,0.30013462,1.07271,0.300322052,0.00783,1.86585574,230,0.007830000000000004,1565533.6879999998,2234.993614303958,20.0,44699.87228607916,0.8338863113632657,26819.923371647496,0.007817999999999992,0.00022655879786245234,-0.00022655879786245234,2240.093780591611,64.05128134350839,-64.05128134350839,44801.87561183222,1281.0256268701642,-1281.0256268701642,1596494.8492,49258.53432687351,-49258.53432687351,26871.15048982653,27655.830308528668,26108.73441844311,0.848394511716395,0.8988702741778443,0.80075319897395
075_230℃_280_0.5mm.csv,0.5,280,1.06519,0.3004062,1.072785,0.300114395,0.007595,1.840122344,230,0.007595000000000018,1540007.949,2304.1474654377826,20.0,46082.94930875565,0.7956707736500019,27649.76958525339,0.007817999999999992,0.00022655879786245234,-0.00022655879786245234,2240.093780591611,64.05128134350839,-64.05128134350839,44801.87561183222,1281.0256268701642,-1281.0256268701642,1596494.8492,49258.53432687351,-49258.53432687351,26871.15048982653,27655.830308528668,26108.73441844311,0.848394511716395,0.8988702741778443,0.80075319897395
076_230℃_280_0.5mm.csv,0.5,280,1.06614,0.300170812,1.07392,0.300077895,0.00778,1.906987508,230,0.007779999999999898,1606909.6130000001,2249.3573264781785,20.0,44987.14652956357,0.8504596455197169,26992.28791773814,0.007817999999999992,0.00022655879786245234,-0.00022655879786245234,2240.093780591611,64.05128134350839,-64.05128134350839,44801.87561183222,1281.0256268701642,-1281.0256268701642,1596494.8492,49258.53432687351,-49258.53432687351,26871.15048982653,27655.830308528668,26108.73441844311,0.848394511716395,0.8988702741778443,0.80075319897395
077_230℃_280_0.5mm.csv,0.5,280,1.064515,0.300054824,1.072495,0.300288376,0.00798,1.923748489,230,0.007979999999999876,1623460.1130000001,2192.982456140385,20.0,43859.64912280769,0.8813069184857008,26315.789473684614,0.007817999999999992,0.00022655879786245234,-0.00022655879786245234,2240.093780591611,64.05128134350839,-64.05128134350839,44801.87561183222,1281.0256268701642,-1281.0256268701642,1596494.8492,49258.53432687351,-49258.53432687351,26871.15048982653,27655.830308528668,26108.73441844311,0.848394511716395,0.8988702741778443,0.80075319897395
078_230℃_280_0.5mm.csv,0.5,280,1.06449,0.300158801,1.07199,0.300234495,0.0075,1.855885953,230,0.007500000000000062,1555651.458,2333.333333333314,20.0,46666.66666666628,0.7936997234693945,27999.999999999767,0.007817999999999992,0.00022655879786245234,-0.00022655879786245234,2240.093780591611,64.05128134350839,-64.05128134350839,44801.87561183222,1281.0256268701642,-1281.0256268701642,1596494.8492,49258.53432687351,-49258.53432687351,26871.15048982653,27655.830308528668,26108.73441844311,0.848394511716395,0.8988702741778443,0.80075319897395
079_230℃_280_0.5mm.csv,0.5,280,1.064775,0.300173845,1.07241,0.300350144,0.007635,1.828613193,230,0.007635000000000058,1528263.0489999999,2292.0759659462824,20.0,45841.519318925646,0.7937611142255163,27504.911591355387,0.007817999999999992,0.00022655879786245234,-0.00022655879786245234,2240.093780591611,64.05128134350839,-64.05128134350839,44801.87561183222,1281.0256268701642,-1281.0256268701642,1596494.8492,49258.53432687351,-49258.53432687351,26871.15048982653,27655.830308528668,26108.73441844311,0.848394511716395,0.8988702741778443,0.80075319897395
080_230℃_280_0.5mm.csv,0.5,280,1.067275,0.300397392,1.075265,0.300401531,0.00799,1.945841845,230,0.007989999999999942,1645440.314,2190.2377972465742,20.0,43804.75594493149,0.8943583747523743,26282.853566958896,0.007817999999999992,0.00022655879786245234,-0.00022655879786245234,2240.093780591611,64.05128134350839,-64.05128134350839,44801.87561183222,1281.0256268701642,-1281.0256268701642,1596494.8492,49258.53432687351,-49258.53432687351,26871.15048982653,27655.830308528668,26108.73441844311,0.848394511716395,0.8988702741778443,0.80075319897395
081_230℃_320_0.5mm.csv,0.5,320,1.05957,0.300170437,1.06686,0.300330848,0.00729,1.79808368,230,0.007290000000000019,1497752.832,2400.548696844987,20.0,48010.97393689974,0.7427631391346957,28806.584362139845,0.00744400000000005,0.0002329019822443152,-0.0002329019822443152,2352.9511450038594,73.33756546428272,-73.33756546428272,47059.02290007719,1466.7513092856536,-1466.7513092856536,1494072.5425,59644.102583107466,-59644.102583107466,28223.039589615895,29118.410317770657,27355.200884400834,0.7557158344866035,0.8100384765810593,0.7050361668056315
082_230℃_320_0.5mm.csv,0.5,320,1.06043,0.300249011,1.067975,0.300028401,0.007545,1.792473335,230,0.007544999999999913,1492444.934,2319.416832339324,20.0,46388.33664678648,0.7660202059203993,27833.00198807189,0.00744400000000005,0.0002329019822443152,-0.0002329019822443152,2352.9511450038594,73.33756546428272,-73.33756546428272,47059.02290007719,1466.7513092856536,-1466.7513092856536,1494072.5425,59644.102583107466,-59644.102583107466,28223.039589615895,29118.410317770657,27355.200884400834,0.7557158344866035,0.8100384765810593,0.7050361668056315
083_230℃_320_0.5mm.csv,0.5,320,1.0589,0.300143093,1.066575,0.300282242,0.007675,1.825882503,230,0.007675000000000098,1525600.2610000002,2280.13029315958,20.0,45602.6058631916,0.7965293879710986,27361.56351791496,0.00744400000000005,0.0002329019822443152,-0.0002329019822443152,2352.9511450038594,73.33756546428272,-73.33756546428272,47059.02290007719,1466.7513092856536,-1466.7513092856536,1494072.5425,59644.102583107466,-59644.102583107466,28223.039589615895,29118.410317770657,27355.200884400834,0.7557158344866035,0.8100384765810593,0.7050361668056315
084_230℃_320_0.5mm.csv,0.5,320,1.05912,0.300119908,1.06641,0.300288913,0.00729,1.776765929,230,0.007290000000000019,1476477.016,2400.548696844987,20.0,48010.97393689974,0.7322120712000019,28806.584362139845,0.00744400000000005,0.0002329019822443152,-0.0002329019822443152,2352.9511450038594,73.33756546428272,-73.33756546428272,47059.02290007719,1466.7513092856536,-1466.7513092856536,1494072.5425,59644.102583107466,-59644.102583107466,28223.039589615895,29118.410317770657,27355.200884400834,0.7557158344866035,0.8100384765810593,0.7050361668056315
085_230℃_320_0.5mm.csv,0.5,320,1.060235,0.300001579,1.067905,0.300234251,0.00767,1.847877978,230,0.007670000000000066,1547643.7270000002,2281.6166883963297,20.0,45632.3337679266,0.8075120670809595,27379.400260755956,0.00744400000000005,0.0002329019822443152,-0.0002329019822443152,2352.9511450038594,73.33756546428272,-73.33756546428272,47059.02290007719,1466.7513092856536,-1466.7513092856536,1494072.5425,59644.102583107466,-59644.102583107466,28223.039589615895,29118.410317770657,27355.200884400834,0.7557158344866035,0.8100384765810593,0.7050361668056315
086_230℃_320_0.5mm.csv,0.5,320,1.05843,0.300357495,1.065965,0.300357684,0.007535,1.79199303,230,0.007535000000000069,1491635.3460000001,2322.495023224929,20.0,46449.900464498576,0.7645899545653132,27869.940278699145,0.00744400000000005,0.0002329019822443152,-0.0002329019822443152,2352.9511450038594,73.33756546428272,-73.33756546428272,47059.02290007719,1466.7513092856536,-1466.7513092856536,1494072.5425,59644.102583107466,-59644.102583107466,28223.039589615895,29118.410317770657,27355.200884400834,0.7557158344866035,0.8100384765810593,0.7050361668056315
087_230℃_320_0.5mm.csv,0.5,320,1.058155,0.300125392,1.06547,0.300411442,0.007315,1.792620456,230,0.00731499999999996,1492209.0140000002,2392.3444976076685,20.0,47846.88995215337,0.7425516283952343,28708.13397129202,0.00744400000000005,0.0002329019822443152,-0.0002329019822443152,2352.9511450038594,73.33756546428272,-73.33756546428272,47059.02290007719,1466.7513092856536,-1466.7513092856536,1494072.5425,59644.102583107466,-59644.102583107466,28223.039589615895,29118.410317770657,27355.200884400834,0.7557158344866035,0.8100384765810593,0.7050361668056315
088_230℃_320_0.5mm.csv,0.5,320,1.059035,0.300015832,1.066845,0.30006352,0.00781,1.904952585,230,0.007810000000000095,1604889.065,2240.7170294493967,20.0,44814.340588987936,0.8526655508605544,26888.604353392766,0.00744400000000005,0.0002329019822443152,-0.0002329019822443152,2352.9511450038594,73.33756546428272,-73.33756546428272,47059.02290007719,1466.7513092856536,-1466.7513092856536,1494072.5425,59644.102583107466,-59644.102583107466,28223.039589615895,29118.410317770657,27355.200884400834,0.7557158344866035,0.8100384765810593,0.7050361668056315
089_230℃_320_0.5mm.csv,0.5,320,1.05738,0.300183783,1.064545,0.300169006,0.007165,1.710491781,230,0.007165000000000088,1410322.7750000001,2442.4284717375835,20.0,48848.56943475167,0.6874124274064711,29309.141660851,0.00744400000000005,0.0002329019822443152,-0.0002329019822443152,2352.9511450038594,73.33756546428272,-73.33756546428272,47059.02290007719,1466.7513092856536,-1466.7513092856536,1494072.5425,59644.102583107466,-59644.102583107466,28223.039589615895,29118.410317770657,27355.200884400834,0.7557158344866035,0.8100384765810593,0.7050361668056315
090_230℃_320_0.5mm.csv,0.5,320,1.058625,0.300341439,1.06577,0.300233781,0.007145,1.701984236,230,0.007145000000000179,1401750.4549999998,2449.2652204338083,20.0,48985.304408676166,0.6813270068690647,29391.1826452057,0.00744400000000005,0.0002329019822443152,-0.0002329019822443152,2352.9511450038594,73.33756546428272,-73.33756546428272,47059.02290007719,1466.7513092856536,-1466.7513092856536,1494072.5425,59644.102583107466,-59644.102583107466,28223.039589615895,29118.410317770657,27355.200884400834,0.7557158344866035,0.8100384765810593,0.7050361668056315
001_190℃_010_1.0mm.csv,1.0,10,1.423575,0.300044314,1.63751,0.300055524,0.213935,4.407993938,190,0.213935,4107938.4139999994,81.80054689508496,40.0,3272.0218758033984,239.1379060133578,490.80328137050975,0.21109450000000002,0.0012125373991941466,-0.0012125373991941466,82.9037079574766,0.47356837381190486,-0.47356837381190486,3316.148318299064,18.942734952476314,-18.942734952476314,4040338.0460999995,28954.242833186858,-28954.242833186858,497.4149169873546,500.2723207272152,494.5738338708712,232.07099801337012,234.97511286507094,229.20277582693512
002_190℃_010_1.0mm.csv,1.0,10,1.42391,0.300043555,1.63473,0.300031822,0.21082,4.346004036,190,0.21082,4045972.2139999997,83.00920216298263,40.0,3320.3680865193055,232.10118698108298,498.05521297789585,0.21109450000000002,0.0012125373991941466,-0.0012125373991941466,82.9037079574766,0.47356837381190486,-0.47356837381190486,3316.148318299064,18.942734952476314,-18.942734952476314,4040338.0460999995,28954.242833186858,-28954.242833186858,497.4149169873546,500.2723207272152,494.5738338708712,232.07099801337012,234.97511286507094,229.20277582693512
003_190℃_010_1.0mm.csv,1.0,10,1.424015,0.300021251,1.63494,0.3000312,0.210925,4.353185343,190,0.21092500000000003,4053154.1429999997,82.96787957804906,40.0,3318.7151831219626,232.6289898264694,497.80727746829433,0.21109450000000002,0.0012125373991941466,-0.0012125373991941466,82.9037079574766,0.47356837381190486,-0.47356837381190486,3316.148318299064,18.942734952476314,-18.942734952476314,4040338.0460999995,28954.242833186858,-28954.242833186858,497.4149169873546,500.2723207272152,494.5738338708712,232.07099801337012,234.97511286507094,229.20277582693512
004_190℃_010_1.0mm.csv,1.0,10,1.42443,0.300059015,1.63531,0.300050835,0.21088,4.354788936,190,0.21087999999999996,4054738.101,82.98558421851291,40.0,3319.4233687405167,232.67025054119176,497.9135053110775,0.21109450000000002,0.0012125373991941466,-0.0012125373991941466,82.9037079574766,0.47356837381190486,-0.47356837381190486,3316.148318299064,18.942734952476314,-18.942734952476314,4040338.0460999995,28954.242833186858,-28954.242833186858,497.4149169873546,500.2723207272152,494.5738338708712,232.07099801337012,234.97511286507094,229.20277582693512
005_190℃_010_1.0mm.csv,1.0,10,1.423935,0.300031328,1.63323,0.300026972,0.209295,4.30880416,190,0.209295,4008777.1879999996,83.61403760242719,40.0,3344.5615040970874,228.30395144556735,501.6842256145631,0.21109450000000002,0.0012125373991941466,-0.0012125373991941466,82.9037079574766,0.47356837381190486,-0.47356837381190486,3316.148318299064,18.942734952476314,-18.942734952476314,4040338.0460999995,28954.242833186858,-28954.242833186858,497.4149169873546,500.2723207272152,494.5738338708712,232.07099801337012,234.97511286507094,229.20277582693512
006_190℃_010_1.0mm.csv,1.0,10,1.42406,0.300052872,1.634005,0.3000508,0.209945,4.313822259,190,0.20994499999999983,4013771.459,83.35516444783164,40.0,3334.2065779132654,229.29829903666786,500.13098668698984,0.21109450000000002,0.0012125373991941466,-0.0012125373991941466,82.9037079574766,0.47356837381190486,-0.47356837381190486,3316.148318299064,18.942734952476314,-18.942734952476314,4040338.0460999995,28954.242833186858,-28954.242833186858,497.4149169873546,500.2723207272152,494.5738338708712,232.07099801337012,234.97511286507094,229.20277582693512
007_190℃_010_1.0mm.csv,1.0,10,1.42361,0.300044994,1.6348,0.300032649,0.21119,4.333314485,190,0.21119,4033281.8359999997,82.86377195889958,40.0,3314.550878355983,231.7792628421333,497.18263175339746,0.21109450000000002,0.0012125373991941466,-0.0012125373991941466,82.9037079574766,0.47356837381190486,-0.47356837381190486,3316.148318299064,18.942734952476314,-18.942734952476314,4040338.0460999995,28954.242833186858,-28954.242833186858,497.4149169873546,500.2723207272152,494.5738338708712,232.07099801337012,234.97511286507094,229.20277582693512
008_190℃_010_1.0mm.csv,1.0,10,1.423935,0.300047636,1.635065,0.300055527,0.21113,4.326853811,190,0.21113000000000004,4026798.284000001,82.8873206081561,40.0,3315.492824326244,231.3409310750804,497.32392364893656,0.21109450000000002,0.0012125373991941466,-0.0012125373991941466,82.9037079574766,0.47356837381190486,-0.47356837381190486,3316.148318299064,18.942734952476314,-18.942734952476314,4040338.0460999995,28954.242833186858,-28954.242833186858,497.4149169873546,500.2723207272152,494.5738338708712,232.07099801337012,234.97511286507094,229.20277582693512
009_190℃_010_1.0mm.csv,1.0,10,1.42379,0.300034718,1.63555,0.300055356,0.21176,4.343688552,190,0.21176000000000017,4043633.196,82.64072534945214,40.0,3305.629013978086,233.00129675781244,495.84435209671284,0.21109450000000002,0.0012125373991941466,-0.0012125373991941466,82.9037079574766,0.47356837381190486,-0.47356837381190486,3316.148318299064,18.942734952476314,-18.942734952476314,4040338.0460999995,28954.242833186858,-28954.242833186858,497.4149169873546,500.2723207272152,494.5738338708712,232.07099801337012,234.97511286507094,229.20277582693512
010_190℃_010_1.0mm.csv,1.0,10,1.423605,0.300016015,1.63467,0.30000697,0.211065,4.315322596,190,0.21106500000000006,4015315.6259999997,82.91284675336979,40.0,3316.5138701347914,230.61022927937148,497.4770805202187,0.21109450000000002,0.0012125373991941466,-0.0012125373991941466,82.9037079574766,0.47356837381190486,-0.47356837381190486,3316.148318299064,18.942734952476314,-18.942734952476314,4040338.0460999995,28954.242833186858,-28954.242833186858,497.4149169873546,500.2723207272152,494.5738338708712,232.07099801337012,234.97511286507094,229.20277582693512
011_190℃_020_1.0mm.csv,1.0,20,1.465185,0.30005817,1.559805,0.300025376,0.09462,4.086547074,190,0.09462000000000015,3786521.6980000003,184.95032762629435,40.0,7398.013105051774,97.49134233054711,1109.7019657577662,0.095006,0.0005866515149558657,-0.0005866515149558657,184.20516837858608,1.1292941322758372,-1.1292941322758372,7368.206735143443,45.17176529103352,-45.17176529103352,3799273.4005000005,28841.913273043272,-28841.913273043272,1105.212228221773,1112.033149052699,1098.43314513734,98.21449707508492,99.55443940717872,96.89258955353327
012_190℃_020_1.0mm.csv,1.0,20,1.465235,0.300073154,1.560215,0.300098431,0.09498,4.106584713,190,0.09497999999999984,3806486.282,184.24931564539935,40.0,7369.9726258159735,98.37824954132229,1105.4958938723962,0.095006,0.0005866515149558657,-0.0005866515149558657,184.20516837858608,1.1292941322758372,-1.1292941322758372,7368.206735143443,45.17176529103352,-45.17176529103352,3799273.4005000005,28841.913273043272,-28841.913273043272,1105.212228221773,1112.033149052699,1098.43314513734,98.21449707508492,99.55443940717872,96.89258955353327
013_190℃_020_1.0mm.csv,1.0,20,1.465345,0.300116319,1.560455,0.300023263,0.09511,4.121982212,190,0.09511000000000003,3821958.949,183.99747660603506,40.0,7359.899064241403,98.91333758894969,1103.9848596362103,0.095006,0.0005866515149558657,-0.0005866515149558657,184.20516837858608,1.1292941322758372,-1.1292941322758372,7368.206735143443,45.17176529103352,-45.17176529103352,3799273.4005000005,28841.913273043272,-28841.913273043272,1105.212228221773,1112.033149052699,1098.43314513734,98.21449707508492,99.55443940717872,96.89258955353327
014_190℃_020_1.0mm.csv,1.0,20,1.46515,0.300003135,1.560175,0.300099659,0.095025,4.103170074,190,0.09502500000000014,3803070.4150000005,184.16206261510104,40.0,7366.482504604041,98.33653501642871,1104.9723756906062,0.095006,0.0005866515149558657,-0.0005866515149558657,184.20516837858608,1.1292941322758372,-1.1292941322758372,7368.206735143443,45.17176529103352,-45.17176529103352,3799273.4005000005,28841.913273043272,-28841.913273043272,1105.212228221773,1112.033149052699,1098.43314513734,98.21449707508492,99.55443940717872,96.89258955353327
015_190℃_020_1.0mm.csv,1.0,20,1.465105,0.300008808,1.55995,0.300062805,0.094845,4.093043208,190,0.09484499999999985,3792980.403,184.51157151141365,40.0,7380.462860456546,97.88985750273046,1107.069429068482,0.095006,0.0005866515149558657,-0.0005866515149558657,184.20516837858608,1.1292941322758372,-1.1292941322758372,7368.206735143443,45.17176529103352,-45.17176529103352,3799273.4005000005,28841.913273043272,-28841.913273043272,1105.212228221773,1112.033149052699,1098.43314513734,98.21449707508492,99.55443940717872,96.89258955353327
016_190℃_020_1.0mm.csv,1.0,20,1.465025,0.300083518,1.56146,0.300017505,0.096435,4.162148644,190,0.09643500000000005,3862131.139,181.46938352257988,40.0,7258.775340903195,101.34547384747353,1088.8163011354793,0.095006,0.0005866515149558657,-0.0005866515149558657,184.20516837858608,1.1292941322758372,-1.1292941322758372,7368.206735143443,45.17176529103352,-45.17176529103352,3799273.4005000005,28841.913273043272,-28841.913273043272,1105.212228221773,1112.033149052699,1098.43314513734,98.21449707508492,99.55443940717872,96.89258955353327
017_190℃_020_1.0mm.csv,1.0,20,1.465065,0.300044684,1.560235,0.300109841,0.09517,4.101961247,190,0.09516999999999998,3801851.4060000004,183.88147525480724,40.0,7355.25901019229,98.45501994803263,1103.2888515288435,0.095006,0.0005866515149558657,-0.0005866515149558657,184.20516837858608,1.1292941322758372,-1.1292941322758372,7368.206735143443,45.17176529103352,-45.17176529103352,3799273.4005000005,28841.913273043272,-28841.913273043272,1105.212228221773,1112.033149052699,1098.43314513734,98.21449707508492,99.55443940717872,96.89258955353327
018_190℃_020_1.0mm.csv,1.0,20,1.46508,0.300003744,1.559205,0.300043451,0.094125,4.053927291,190,0.09412500000000001,3753883.84,185.92297476759626,40.0,7436.918990703851,96.14539222857144,1115.5378486055774,0.095006,0.0005866515149558657,-0.0005866515149558657,184.20516837858608,1.1292941322758372,-1.1292941322758372,7368.206735143443,45.17176529103352,-45.17176529103352,3799273.4005000005,28841.913273043272,-28841.913273043272,1105.212228221773,1112.033149052699,1098.43314513734,98.21449707508492,99.55443940717872,96.89258955353327
019_190℃_020_1.0mm.csv,1.0,20,1.464995,0.300069481,1.559745,0.300020885,0.09475,4.07548336,190,0.09474999999999989,3775462.475,184.69656992084455,40.0,7387.862796833782,97.34015496768696,1108.1794195250673,0.095006,0.0005866515149558657,-0.0005866515149558657,184.20516837858608,1.1292941322758372,-1.1292941322758372,7368.206735143443,45.17176529103352,-45.17176529103352,3799273.4005000005,28841.913273043272,-28841.913273043272,1105.212228221773,1112.033149052699,1098.43314513734,98.21449707508492,99.55443940717872,96.89258955353327
020_190℃_020_1.0mm.csv,1.0,20,1.465015,0.300107403,1.560015,0.300089157,0.095,4.088476555,190,0.09499999999999997,3788387.3979999996,184.21052631578954,40.0,7368.421052631582,97.93110280544214,1105.2631578947373,0.095006,0.0005866515149558657,-0.0005866515149558657,184.20516837858608,1.1292941322758372,-1.1292941322758372,7368.206735143443,45.17176529103352,-45.17176529103352,3799273.4005000005,28841.913273043272,-28841.913273043272,1105.212228221773,1112.033149052699,1098.43314513734,98.21449707508492,99.55443940717872,96.89258955353327
021_190℃_040_1.0mm.csv,1.0,40,1.481555,0.300143464,1.526925,0.300050392,0.04537,4.021337555,190,0.04537000000000013,3721287.1629999997,385.717434428035,40.0,15428.6973771214,45.94144179192122,2314.30460656821,0.045492,0.00022078395674404605,-0.00022078395674404605,384.6912012336212,1.8727653799190964,-1.8727653799190964,15387.648049344847,74.91061519676398,-74.91061519676398,3733128.2324,11475.198722942567,-11475.198722942567,2308.1226419284203,2319.369155103909,2296.9306625723225,46.210868950858185,46.57343255068499,45.85112782635089
022_190℃_040_1.0mm.csv,1.0,40,1.481485,0.300058246,1.5271,0.300072321,0.045615,4.038041281,190,0.04561499999999996,3737968.96,383.6457305710844,40.0,15345.829222843377,46.39658615248975,2301.8743834265065,0.045492,0.00022078395674404605,-0.00022078395674404605,384.6912012336212,1.8727653799190964,-1.8727653799190964,15387.648049344847,74.91061519676398,-74.91061519676398,3733128.2324,11475.198722942567,-11475.198722942567,2308.1226419284203,2319.369155103909,2296.9306625723225,46.210868950858185,46.57343255068499,45.85112782635089
023_190℃_040_1.0mm.csv,1.0,40,1.48145,0.30001186,1.527175,0.300154457,0.045725,4.044426621,190,0.045725000000000016,3744272.1640000003,382.72279934390366,40.0,15308.911973756147,46.5868965167075,2296.336796063422,0.045492,0.00022078395674404605,-0.00022078395674404605,384.6912012336212,1.8727653799190964,-1.8727653799190964,15387.648049344847,74.91061519676398,-74.91061519676398,3733128.2324,11475.198722942567,-11475.198722942567,2308.1226419284203,2319.369155103909,2296.9306625723225,46.210868950858185,46.57343255068499,45.85112782635089
024_190℃_040_1.0mm.csv,1.0,40,1.48159,0.300125343,1.52697,0.300002719,0.04538,4.023682395,190,0.045379999999999976,3723679.6759999995,385.6324371970033,40.0,15425.297487880132,45.981111210035344,2313.7946231820197,0.045492,0.00022078395674404605,-0.00022078395674404605,384.6912012336212,1.8727653799190964,-1.8727653799190964,15387.648049344847,74.91061519676398,-74.91061519676398,3733128.2324,11475.198722942567,-11475.198722942567,2308.1226419284203,2319.369155103909,2296.9306625723225,46.210868950858185,46.57343255068499,45.85112782635089
025_190℃_040_1.0mm.csv,1.0,40,1.48147,0.300022029,1.527185,0.300122604,0.045715,4.047051951,190,0.04571499999999995,3746929.347,382.80651864814655,40.0,15312.260745925862,46.609761931457086,2296.8391118888794,0.045492,0.00022078395674404605,-0.00022078395674404605,384.6912012336212,1.8727653799190964,-1.8727653799190964,15387.648049344847,74.91061519676398,-74.91061519676398,3733128.2324,11475.198722942567,-11475.198722942567,2308.1226419284203,2319.369155103909,2296.9306625723225,46.210868950858185,46.57343255068499,45.85112782635089
026_190℃_040_1.0mm.csv,1.0,40,1.481515,0.300048178,1.52714,0.300137695,0.045625,4.044750006,190,0.04562500000000003,3744612.311,383.5616438356162,40.0,15342.465753424649,46.48923447329935,2301.3698630136973,0.045492,0.00022078395674404605,-0.00022078395674404605,384.6912012336212,1.8727653799190964,-1.8727653799190964,15387.648049344847,74.91061519676398,-74.91061519676398,3733128.2324,11475.198722942567,-11475.198722942567,2308.1226419284203,2319.369155103909,2296.9306625723225,46.210868950858185,46.57343255068499,45.85112782635089
027_190℃_040_1.0mm.csv,1.0,40,1.481765,0.300047631,1.526865,0.300082116,0.0451,4.01927473,190,0.04509999999999992,3719192.614,388.0266075388034,40.0,15521.064301552135,45.64233656908835,2328.1596452328204,0.045492,0.00022078395674404605,-0.00022078395674404605,384.6912012336212,1.8727653799190964,-1.8727653799190964,15387.648049344847,74.91061519676398,-74.91061519676398,3733128.2324,11475.198722942567,-11475.198722942567,2308.1226419284203,2319.369155103909,2296.9306625723225,46.210868950858185,46.57343255068499,45.85112782635089
028_190℃_040_1.0mm.csv,1.0,40,1.481455,0.300146327,1.52709,0.300001649,0.045635,4.03540769,190,0.04563500000000009,3735406.0410000007,383.4775939520097,40.0,15339.10375808039,46.385103314567445,2300.8655637120582,0.045492,0.00022078395674404605,-0.00022078395674404605,384.6912012336212,1.8727653799190964,-1.8727653799190964,15387.648049344847,74.91061519676398,-74.91061519676398,3733128.2324,11475.198722942567,-11475.198722942567,2308.1226419284203,2319.369155103909,2296.9306625723225,46.210868950858185,46.57343255068499,45.85112782635089
029_190℃_040_1.0mm.csv,1.0,40,1.481565,0.300075903,1.527135,0.300149477,0.04557,4.040333445,190,0.04556999999999989,3740183.968,384.0245775729656,40.0,15360.983102918624,46.37828120319988,2304.1474654377935,0.045492,0.00022078395674404605,-0.00022078395674404605,384.6912012336212,1.8727653799190964,-1.8727653799190964,15387.648049344847,74.91061519676398,-74.91061519676398,3733128.2324,11475.198722942567,-11475.198722942567,2308.1226419284203,2319.369155103909,2296.9306625723225,46.210868950858185,46.57343255068499,45.85112782635089
030_190℃_040_1.0mm.csv,1.0,40,1.481695,0.300031904,1.52688,0.300203219,0.045185,4.017953299,190,0.04518500000000003,3717750.08,387.2966692486442,40.0,15491.86676994577,45.710622412190496,2323.780015491865,0.045492,0.00022078395674404605,-0.00022078395674404605,384.6912012336212,1.8727653799190964,-1.8727653799190964,15387.648049344847,74.91061519676398,-74.91061519676398,3733128.2324,11475.198722942567,-11475.198722942567,2308.1226419284203,2319.369155103909,2296.9306625723225,46.210868950858185,46.57343255068499,45.85112782635089
031_190℃_080_1.0mm.csv,1.0,80,1.487725,0.300041298,1.51057,0.30010324,0.022845,3.444853107,190,0.022845000000000004,3144749.867,766.0319544758152,40.0,30641.278179032604,19.548792030371434,4596.1917268548905,0.022477999999999953,0.000216540989191455,-0.000216540989191455,778.603810831379,7.473538602565793,-7.473538602565793,31144.152433255156,298.9415441026322,-298.9415441026322,3084244.2668,44437.817169469876,-44437.817169469876,4671.428710870277,4716.566613748178,4626.722781171825,18.862131095779272,19.306049095298274,18.428420425026726
032_190℃_080_1.0mm.csv,1.0,80,1.48796,0.30000218,1.510655,0.300125258,0.022695,3.468223502,190,0.02269500000000013,3168098.244,771.0949548358625,40.0,30843.7981934345,19.56462303335521,4626.569729015175,0.022477999999999953,0.000216540989191455,-0.000216540989191455,778.603810831379,7.473538602565793,-7.473538602565793,31144.152433255156,298.9415441026322,-298.9415441026322,3084244.2668,44437.817169469876,-44437.817169469876,4671.428710870277,4716.566613748178,4626.722781171825,18.862131095779272,19.306049095298274,18.428420425026726
033_190℃_080_1.0mm.csv,1.0,80,1.487915,0.300206734,1.510125,0.300179648,0.02221,3.358166576,190,0.02220999999999984,3057986.928,787.933363349848,40.0,31517.334533993922,18.481058413844764,4727.600180099088,0.022477999999999953,0.000216540989191455,-0.000216540989191455,778.603810831379,7.473538602565793,-7.473538602565793,31144.152433255156,298.9415441026322,-298.9415441026322,3084244.2668,44437.817169469876,-44437.817169469876,4671.428710870277,4716.566613748178,4626.722781171825,18.862131095779272,19.306049095298274,18.428420425026726
034_190℃_080_1.0mm.csv,1.0,80,1.48778,0.300196482,1.510145,0.300218339,0.022365,3.357671729,190,0.022364999999999968,3057453.39,782.4726134585301,40.0,31298.9045383412,18.606787773428547,4694.83568075118,0.022477999999999953,0.000216540989191455,-0.000216540989191455,778.603810831379,7.473538602565793,-7.473538602565793,31144.152433255156,298.9415441026322,-298.9415441026322,3084244.2668,44437.817169469876,-44437.817169469876,4671.428710870277,4716.566613748178,4626.722781171825,18.862131095779272,19.306049095298274,18.428420425026726
035_190℃_080_1.0mm.csv,1.0,80,1.487825,0.300140468,1.510085,0.300196058,0.02226,3.347271957,190,0.022259999999999946,3047075.8989999997,786.1635220125805,40.0,31446.54088050322,18.456574016799955,4716.981132075483,0.022477999999999953,0.000216540989191455,-0.000216540989191455,778.603810831379,7.473538602565793,-7.473538602565793,31144.152433255156,298.9415441026322,-298.9415441026322,3084244.2668,44437.817169469876,-44437.817169469876,4671.428710870277,4716.566613748178,4626.722781171825,18.862131095779272,19.306049095298274,18.428420425026726
036_190℃_080_1.0mm.csv,1.0,80,1.48764,0.300204765,1.510275,0.300239801,0.022635,3.381191987,190,0.02263499999999996,3080952.1859999998,773.1389441131005,40.0,30925.55776452402,18.97615040275099,4638.833664678603,0.022477999999999953,0.000216540989191455,-0.000216540989191455,778.603810831379,7.473538602565793,-7.473538602565793,31144.152433255156,298.9415441026322,-298.9415441026322,3084244.2668,44437.817169469876,-44437.817169469876,4671.428710870277,4716.566613748178,4626.722781171825,18.862131095779272,19.306049095298274,18.428420425026726
037_190℃_080_1.0mm.csv,1.0,80,1.4878,0.300208669,1.51016,0.300034815,0.02236,3.360071215,190,0.022359999999999935,3060036.4,782.6475849731686,40.0,31305.903398926745,18.61834391945573,4695.885509839011,0.022477999999999953,0.000216540989191455,-0.000216540989191455,778.603810831379,7.473538602565793,-7.473538602565793,31144.152433255156,298.9415441026322,-298.9415441026322,3084244.2668,44437.817169469876,-44437.817169469876,4671.428710870277,4716.566613748178,4626.722781171825,18.862131095779272,19.306049095298274,18.428420425026726
038_190℃_080_1.0mm.csv,1.0,80,1.48778,0.300200733,1.510105,0.300139675,0.022325,3.346573989,190,0.022324999999999928,3046434.314,783.8745800671918,40.0,31354.983202687672,18.50657035647613,4703.247480403151,0.022477999999999953,0.000216540989191455,-0.000216540989191455,778.603810831379,7.473538602565793,-7.473538602565793,31144.152433255156,298.9415441026322,-298.9415441026322,3084244.2668,44437.817169469876,-44437.817169469876,4671.428710870277,4716.566613748178,4626.722781171825,18.862131095779272,19.306049095298274,18.428420425026726
039_190℃_080_1.0mm.csv,1.0,80,1.48775,0.30008575,1.510155,0.300075112,0.022405,3.356717205,190,0.022405000000000008,3056642.093,781.0756527560809,40.0,31243.026110243234,18.635120025487083,4686.453916536486,0.022477999999999953,0.000216540989191455,-0.000216540989191455,778.603810831379,7.473538602565793,-7.473538602565793,31144.152433255156,298.9415441026322,-298.9415441026322,3084244.2668,44437.817169469876,-44437.817169469876,4671.428710870277,4716.566613748178,4626.722781171825,18.862131095779272,19.306049095298274,18.428420425026726
040_190℃_080_1.0mm.csv,1.0,80,1.48778,0.300092043,1.51046,0.300180781,0.02268,3.423194128,190,0.02267999999999981,3123013.347,771.6049382716113,40.0,30864.197530864454,19.27345379862841,4629.629629629669,0.022477999999999953,0.000216540989191455,-0.000216540989191455,778.603810831379,7.473538602565793,-7.473538602565793,31144.152433255156,298.9415441026322,-298.9415441026322,3084244.2668,44437.817169469876,-44437.817169469876,4671.428710870277,4716.566613748178,4626.722781171825,18.862131095779272,19.306049095298274,18.428420425026726
041_190℃_120_1.0mm.csv,1.0,120,1.48968,0.300090439,1.50482,0.300177073,0.01514,2.570914425,190,0.015140000000000153,2270737.352,1155.8784676353912,40.0,46235.13870541565,9.354820002525264,6935.270805812348,0.015386000000000033,0.0001970166377632979,-0.0001970166377632979,1137.5656573111823,14.58007812660332,-14.58007812660332,45502.62629244729,583.2031250641325,-583.2031250641325,2340057.2642,54413.88702170413,-54413.88702170413,6824.889698795228,6912.888357463528,6738.011232371758,9.793933820435258,10.15154641351416,9.448918989462667
042_190℃_120_1.0mm.csv,1.0,120,1.489745,0.300025468,1.505245,0.300182863,0.0155,2.682125198,190,0.015499999999999847,2381942.335,1129.0322580645272,40.0,45161.29032258109,10.046287399319631,6774.193548387164,0.015386000000000033,0.0001970166377632979,-0.0001970166377632979,1137.5656573111823,14.58007812660332,-14.58007812660332,45502.62629244729,583.2031250641325,-583.2031250641325,2340057.2642,54413.88702170413,-54413.88702170413,6824.889698795228,6912.888357463528,6738.011232371758,9.793933820435258,10.15154641351416,9.448918989462667
043_190℃_120_1.0mm.csv,1.0,120,1.48976,0.300181844,1.5054,0.300328125,0.01564,2.72261431,190,0.0156400000000001,2422286.185,1118.925831202039,40.0,44757.03324808156,10.308722702966051,6713.554987212234,0.015386000000000033,0.0001970166377632979,-0.0001970166377632979,1137.5656573111823,14.58007812660332,-14.58007812660332,45502.62629244729,583.2031250641325,-583.2031250641325,2340057.2642,54413.88702170413,-54413.88702170413,6824.889698795228,6912.888357463528,6738.011232371758,9.793933820435258,10.15154641351416,9.448918989462667
044_190℃_120_1.0mm.csv,1.0,120,1.489685,0.300007728,1.504855,0.300230099,0.01517,2.579351706,190,0.015170000000000128,2279121.6070000003,1153.5926170072414,40.0,46143.70468028966,9.407965926038177,6921.555702043448,0.015386000000000033,0.0001970166377632979,-0.0001970166377632979,1137.5656573111823,14.58007812660332,-14.58007812660332,45502.62629244729,583.2031250641325,-583.2031250641325,2340057.2642,54413.88702170413,-54413.88702170413,6824.889698795228,6912.888357463528,6738.011232371758,9.793933820435258,10.15154641351416,9.448918989462667
045_190℃_120_1.0mm.csv,1.0,120,1.489735,0.300134247,1.5049,0.300294782,0.015165,2.591678853,190,0.015164999999999873,2291384.071,1153.9729640619944,40.0,46158.918562479776,9.455466513391759,6923.837784371966,0.015386000000000033,0.0001970166377632979,-0.0001970166377632979,1137.5656573111823,14.58007812660332,-14.58007812660332,45502.62629244729,583.2031250641325,-583.2031250641325,2340057.2642,54413.88702170413,-54413.88702170413,6824.889698795228,6912.888357463528,6738.011232371758,9.793933820435258,10.15154641351416,9.448918989462667
046_190℃_120_1.0mm.csv,1.0,120,1.48972,0.300143359,1.50525,0.300145069,0.01553,2.681898078,190,0.015530000000000044,2381753.009,1126.851255634253,40.0,45074.05022537012,10.06493176320275,6761.107533805518,0.015386000000000033,0.0001970166377632979,-0.0001970166377632979,1137.5656573111823,14.58007812660332,-14.58007812660332,45502.62629244729,583.2031250641325,-583.2031250641325,2340057.2642,54413.88702170413,-54413.88702170413,6824.889698795228,6912.888357463528,6738.011232371758,9.793933820435258,10.15154641351416,9.448918989462667
047_190℃_120_1.0mm.csv,1.0,120,1.48967,0.300237414,1.50501,0.300310895,0.01534,2.619216797,190,0.01533999999999991,2318905.9020000002,1140.8083441981814,40.0,45632.33376792726,9.679460282089739,6844.850065189089,0.015386000000000033,0.0001970166377632979,-0.0001970166377632979,1137.5656573111823,14.58007812660332,-14.58007812660332,45502.62629244729,583.2031250641325,-583.2031250641325,2340057.2642,54413.88702170413,-54413.88702170413,6824.889698795228,6912.888357463528,6738.011232371758,9.793933820435258,10.15154641351416,9.448918989462667
048_190℃_120_1.0mm.csv,1.0,120,1.48973,0.300255525,1.505265,0.300113804,0.015535,2.68585744,190,0.015535000000000077,2385743.636,1126.4885741873134,40.0,45059.54296749253,10.085041465376921,6758.93144512388,0.015386000000000033,0.0001970166377632979,-0.0001970166377632979,1137.5656573111823,14.58007812660332,-14.58007812660332,45502.62629244729,583.2031250641325,-583.2031250641325,2340057.2642,54413.88702170413,-54413.88702170413,6824.889698795228,6912.888357463528,6738.011232371758,9.793933820435258,10.15154641351416,9.448918989462667
049_190℃_120_1.0mm.csv,1.0,120,1.48962,0.300112059,1.505225,0.300024166,0.015605,2.672492193,190,0.015605000000000091,2372468.0270000002,1121.435437359814,40.0,44857.41749439256,10.074112533696658,6728.6126241588845,0.015386000000000033,0.0001970166377632979,-0.0001970166377632979,1137.5656573111823,14.58007812660332,-14.58007812660332,45502.62629244729,583.2031250641325,-583.2031250641325,2340057.2642,54413.88702170413,-54413.88702170413,6824.889698795228,6912.888357463528,6738.011232371758,9.793933820435258,10.15154641351416,9.448918989462667
050_190℃_120_1.0mm.csv,1.0,120,1.48969,0.300144545,1.504925,0.300009226,0.015235,2.596239744,190,0.01523500000000011,2296230.5179999997,1148.6708237610683,40.0,45946.83295044273,9.519203249450406,6892.02494256641,0.015386000000000033,0.0001970166377632979,-0.0001970166377632979,1137.5656573111823,14.58007812660332,-14.58007812660332,45502.62629244729,583.2031250641325,-583.2031250641325,2340057.2642,54413.88702170413,-54413.88702170413,6824.889698795228,6912.888357463528,6738.011232371758,9.793933820435258,10.15154641351416,9.448918989462667
051_190℃_160_1.0mm.csv,1.0,160,1.49078,0.300301241,1.5024,0.300161738,0.01162,2.071195204,190,0.011619999999999964,1771033.466,1506.024096385547,40.0,60240.963855421876,5.599839149638077,9036.144578313282,0.011836000000000003,0.00019553061709677818,-0.00019553061709677818,1478.9055811244084,24.586212080682717,-24.586212080682717,59156.22324497633,983.4484832273076,-983.4484832273076,1805843.8515,44140.57274885445,-44140.57274885445,8872.334510185035,9020.602601033925,8726.503443528016,5.813746052084433,6.05548610675582,5.581656461967382
052_190℃_160_1.0mm.csv,1.0,160,1.490665,0.300215361,1.50256,0.300083226,0.011895,2.110950572,190,0.011894999999999989,1810867.3460000001,1471.2063892391775,40.0,58848.2555695671,5.861297164808158,8827.238335435066,0.011836000000000003,0.00019553061709677818,-0.00019553061709677818,1478.9055811244084,24.586212080682717,-24.586212080682717,59156.22324497633,983.4484832273076,-983.4484832273076,1805843.8515,44140.57274885445,-44140.57274885445,8872.334510185035,9020.602601033925,8726.503443528016,5.813746052084433,6.05548610675582,5.581656461967382
053_190℃_160_1.0mm.csv,1.0,160,1.490635,0.300198262,1.502655,0.300253355,0.01202,2.135137935,190,0.012020000000000142,1834884.58,1455.906821963377,40.0,58236.272878535085,6.001445619483064,8735.440931780262,0.011836000000000003,0.00019553061709677818,-0.00019553061709677818,1478.9055811244084,24.586212080682717,-24.586212080682717,59156.22324497633,983.4484832273076,-983.4484832273076,1805843.8515,44140.57274885445,-44140.57274885445,8872.334510185035,9020.602601033925,8726.503443528016,5.813746052084433,6.05548610675582,5.581656461967382
054_190℃_160_1.0mm.csv,1.0,160,1.49076,0.300112658,1.502415,0.30003231,0.011655,2.075148729,190,0.011654999999999971,1775116.419,1501.5015015015053,40.0,60060.06006006021,5.629654928828558,9009.009009009033,0.011836000000000003,0.00019553061709677818,-0.00019553061709677818,1478.9055811244084,24.586212080682717,-24.586212080682717,59156.22324497633,983.4484832273076,-983.4484832273076,1805843.8515,44140.57274885445,-44140.57274885445,8872.334510185035,9020.602601033925,8726.503443528016,5.813746052084433,6.05548610675582,5.581656461967382
055_190℃_160_1.0mm.csv,1.0,160,1.490635,0.300297535,1.502675,0.300132378,0.01204,2.142010933,190,0.01204000000000005,1841878.555,1453.4883720930172,40.0,58139.53488372069,6.034344980190501,8720.930232558105,0.011836000000000003,0.00019553061709677818,-0.00019553061709677818,1478.9055811244084,24.586212080682717,-24.586212080682717,59156.22324497633,983.4484832273076,-983.4484832273076,1805843.8515,44140.57274885445,-44140.57274885445,8872.334510185035,9020.602601033925,8726.503443528016,5.813746052084433,6.05548610675582,5.581656461967382
056_190℃_160_1.0mm.csv,1.0,160,1.490685,0.300131723,1.50264,0.300092472,0.011955,2.133544425,190,0.011954999999999938,1833451.9530000002,1463.8226683396144,40.0,58552.906733584576,5.964331455269358,8782.936010037685,0.011836000000000003,0.00019553061709677818,-0.00019553061709677818,1478.9055811244084,24.586212080682717,-24.586212080682717,59156.22324497633,983.4484832273076,-983.4484832273076,1805843.8515,44140.57274885445,-44140.57274885445,8872.334510185035,9020.602601033925,8726.503443528016,5.813746052084433,6.05548610675582,5.581656461967382
057_190℃_160_1.0mm.csv,1.0,160,1.49066,0.300211782,1.502625,0.300057861,0.011965,2.128505022,190,0.011965000000000003,1828447.161,1462.5992478061007,40.0,58503.96991224403,5.9530259269020425,8775.595486836604,0.011836000000000003,0.00019553061709677818,-0.00019553061709677818,1478.9055811244084,24.586212080682717,-24.586212080682717,59156.22324497633,983.4484832273076,-983.4484832273076,1805843.8515,44140.57274885445,-44140.57274885445,8872.334510185035,9020.602601033925,8726.503443528016,5.813746052084433,6.05548610675582,5.581656461967382
058_190℃_160_1.0mm.csv,1.0,160,1.490785,0.300219927,1.50245,0.300006871,0.011665,2.084972027,190,0.011665000000000036,1784965.1560000002,1500.2143163308997,40.0,60008.572653235984,5.6657465427864135,9001.285897985397,0.011836000000000003,0.00019553061709677818,-0.00019553061709677818,1478.9055811244084,24.586212080682717,-24.586212080682717,59156.22324497633,983.4484832273076,-983.4484832273076,1805843.8515,44140.57274885445,-44140.57274885445,8872.334510185035,9020.602601033925,8726.503443528016,5.813746052084433,6.05548610675582,5.581656461967382
059_190℃_160_1.0mm.csv,1.0,160,1.490735,0.300126483,1.50275,0.300169053,0.012015,2.16298839,190,0.012015000000000109,1862819.337,1456.5126924677354,40.0,58260.507698709414,6.090278730355158,8739.076154806413,0.011836000000000003,0.00019553061709677818,-0.00019553061709677818,1478.9055811244084,24.586212080682717,-24.586212080682717,59156.22324497633,983.4484832273076,-983.4484832273076,1805843.8515,44140.57274885445,-44140.57274885445,8872.334510185035,9020.602601033925,8726.503443528016,5.813746052084433,6.05548610675582,5.581656461967382
060_190℃_160_1.0mm.csv,1.0,160,1.49066,0.30021059,1.50219,0.300233855,0.01153,2.015208397,190,0.011529999999999818,1714974.5419999997,1517.7797051171099,40.0,60711.1882046844,5.380586794356377,9106.678230702659,0.011836000000000003,0.00019553061709677818,-0.00019553061709677818,1478.9055811244084,24.586212080682717,-24.586212080682717,59156.22324497633,983.4484832273076,-983.4484832273076,1805843.8515,44140.57274885445,-44140.57274885445,8872.334510185035,9020.602601033925,8726.503443528016,5.813746052084433,6.05548610675582,5.581656461967382
061_190℃_200_1.0mm.csv,1.0,200,1.49126,0.300156461,1.50123,0.300054218,0.00997,1.800964095,190,0.009970000000000034,1500909.8770000003,1755.2657973921705,40.0,70210.63189568682,4.0718561833170215,10531.594784353023,0.009763499999999991,0.00026108800134137415,-0.00026108800134137415,1793.582775540211,49.58016434393406,-49.58016434393406,71743.31102160845,1983.2065737573598,-1983.2065737573598,1465697.7896000003,52714.6716881603,-52714.6716881603,10757.878240570348,11054.359826250307,10469.348389050387,3.890385676300741,4.144185460908625,3.6521291947797034
062_190℃_200_1.0mm.csv,1.0,200,1.49136,0.300181743,1.50099,0.300142576,0.00963,1.740015016,190,0.009630000000000027,1439872.44,1817.2377985462047,40.0,72689.51194184819,3.7730534958367445,10903.426791277228,0.009763499999999991,0.00026108800134137415,-0.00026108800134137415,1793.582775540211,49.58016434393406,-49.58016434393406,71743.31102160845,1983.2065737573598,-1983.2065737573598,1465697.7896000003,52714.6716881603,-52714.6716881603,10757.878240570348,11054.359826250307,10469.348389050387,3.890385676300741,4.144185460908625,3.6521291947797034
063_190℃_200_1.0mm.csv,1.0,200,1.491235,0.300080416,1.501045,0.300271035,0.00981,1.753080785,190,0.009809999999999874,1452809.7500000002,1783.893985728871,40.0,71355.75942915484,3.8781125571428077,10703.363914373225,0.009763499999999991,0.00026108800134137415,-0.00026108800134137415,1793.582775540211,49.58016434393406,-49.58016434393406,71743.31102160845,1983.2065737573598,-1983.2065737573598,1465697.7896000003,52714.6716881603,-52714.6716881603,10757.878240570348,11054.359826250307,10469.348389050387,3.890385676300741,4.144185460908625,3.6521291947797034
064_190℃_200_1.0mm.csv,1.0,200,1.491335,0.300085739,1.50126,0.300352976,0.009925,1.808915386,190,0.009924999999999962,1508562.4100000001,1763.2241813602084,40.0,70528.96725440833,4.074144739931957,10579.345088161248,0.009763499999999991,0.00026108800134137415,-0.00026108800134137415,1793.582775540211,49.58016434393406,-49.58016434393406,71743.31102160845,1983.2065737573598,-1983.2065737573598,1465697.7896000003,52714.6716881603,-52714.6716881603,10757.878240570348,11054.359826250307,10469.348389050387,3.890385676300741,4.144185460908625,3.6521291947797034
065_190℃_200_1.0mm.csv,1.0,200,1.491305,0.300187394,1.50121,0.300234126,0.009905,1.7970818,190,0.00990499999999983,1496847.674,1766.78445229685,40.0,70671.37809187401,4.034360873733265,10600.706713781101,0.009763499999999991,0.00026108800134137415,-0.00026108800134137415,1793.582775540211,49.58016434393406,-49.58016434393406,71743.31102160845,1983.2065737573598,-1983.2065737573598,1465697.7896000003,52714.6716881603,-52714.6716881603,10757.878240570348,11054.359826250307,10469.348389050387,3.890385676300741,4.144185460908625,3.6521291947797034
066_190℃_200_1.0mm.csv,1.0,200,1.49125,0.30002587,1.501205,0.300213686,0.009955,1.794188743,190,0.009954999999999936,1493975.057,1757.9105976896144,40.0,70316.42390758457,4.04694467821358,10547.463586137685,0.009763499999999991,0.00026108800134137415,-0.00026108800134137415,1793.582775540211,49.58016434393406,-49.58016434393406,71743.31102160845,1983.2065737573598,-1983.2065737573598,1465697.7896000003,52714.6716881603,-52714.6716881603,10757.878240570348,11054.359826250307,10469.348389050387,3.890385676300741,4.144185460908625,3.6521291947797034
067_190℃_200_1.0mm.csv,1.0,200,1.49133,0.300285741,1.500925,0.300096376,0.009595,1.723138864,190,0.00959500000000002,1423042.4880000001,1823.8665971860305,40.0,72954.66388744122,3.7153993666285796,10943.199583116182,0.009763499999999991,0.00026108800134137415,-0.00026108800134137415,1793.582775540211,49.58016434393406,-49.58016434393406,71743.31102160845,1983.2065737573598,-1983.2065737573598,1465697.7896000003,52714.6716881603,-52714.6716881603,10757.878240570348,11054.359826250307,10469.348389050387,3.890385676300741,4.144185460908625,3.6521291947797034
068_190℃_200_1.0mm.csv,1.0,200,1.49135,0.300252843,1.501015,0.300170899,0.009665,1.746206871,190,0.009665000000000035,1446035.972,1810.6570098292743,40.0,72426.28039317098,3.802976236566,10863.942058975646,0.009763499999999991,0.00026108800134137415,-0.00026108800134137415,1793.582775540211,49.58016434393406,-49.58016434393406,71743.31102160845,1983.2065737573598,-1983.2065737573598,1465697.7896000003,52714.6716881603,-52714.6716881603,10757.878240570348,11054.359826250307,10469.348389050387,3.890385676300741,4.144185460908625,3.6521291947797034
069_190℃_200_1.0mm.csv,1.0,200,1.49135,0.300062857,1.50137,0.300109631,0.01002,1.838284798,190,0.01002000000000014,1538175.1670000001,1746.5069860279198,40.0,69860.27944111679,4.193881679820468,10479.041916167518,0.009763499999999991,0.00026108800134137415,-0.00026108800134137415,1793.582775540211,49.58016434393406,-49.58016434393406,71743.31102160845,1983.2065737573598,-1983.2065737573598,1465697.7896000003,52714.6716881603,-52714.6716881603,10757.878240570348,11054.359826250307,10469.348389050387,3.890385676300741,4.144185460908625,3.6521291947797034
070_190℃_200_1.0mm.csv,1.0,200,1.49149,0.300261139,1.50065,0.300053083,0.00916,1.656800144,190,0.009160000000000057,1356747.061,1910.4803493449663,40.0,76419.21397379864,3.38171512347213,11462.882096069796,0.009763499999999991,0.00026108800134137415,-0.00026108800134137415,1793.582775540211,49.58016434393406,-49.58016434393406,71743.31102160845,1983.2065737573598,-1983.2065737573598,1465697.7896000003,52714.6716881603,-52714.6716881603,10757.878240570348,11054.359826250307,10469.348389050387,3.890385676300741,4.144185460908625,3.6521291947797034
071_190℃_240_1.0mm.csv,1.0,240,1.491665,0.300188696,1.50038,0.300204989,0.008715,1.593654151,190,0.008715000000000028,1293449.162,2008.0321285140496,40.0,80321.28514056199,3.067322298457153,12048.192771084297,0.008777000000000012,0.00018153971099089996,-0.00018153971099089996,1994.6125359663706,41.097990409303094,-41.097990409303094,79784.50143865483,1643.9196163721213,-1643.9196163721213,1298074.8717,36658.10880116196,-36658.10880116196,11965.3829867255,12214.98262885191,11720.883636858407,3.0984836233067092,3.251098607820112,2.953032781228729
072_190℃_240_1.0mm.csv,1.0,240,1.491595,0.300283401,1.5006,0.300267748,0.009005,1.647386962,190,0.00900499999999993,1347119.214,1943.364797334829,40.0,77734.59189339317,3.3009002781142596,11660.188784008975,0.008777000000000012,0.00018153971099089996,-0.00018153971099089996,1994.6125359663706,41.097990409303094,-41.097990409303094,79784.50143865483,1643.9196163721213,-1643.9196163721213,1298074.8717,36658.10880116196,-36658.10880116196,11965.3829867255,12214.98262885191,11720.883636858407,3.0984836233067092,3.251098607820112,2.953032781228729
073_190℃_240_1.0mm.csv,1.0,240,1.491535,0.30020804,1.500255,0.300086464,0.00872,1.562166889,190,0.008719999999999839,1262080.425,2006.880733944991,40.0,80275.22935779965,2.994650695510149,12041.284403669948,0.008777000000000012,0.00018153971099089996,-0.00018153971099089996,1994.6125359663706,41.097990409303094,-41.097990409303094,79784.50143865483,1643.9196163721213,-1643.9196163721213,1298074.8717,36658.10880116196,-36658.10880116196,11965.3829867255,12214.98262885191,11720.883636858407,3.0984836233067092,3.251098607820112,2.953032781228729
074_190℃_240_1.0mm.csv,1.0,240,1.49155,0.300168697,1.50056,0.300058103,0.00901,1.637440375,190,0.009009999999999962,1337382.2719999999,1942.2863485016728,40.0,77691.45394006692,3.2788610260462447,11653.718091010038,0.008777000000000012,0.00018153971099089996,-0.00018153971099089996,1994.6125359663706,41.097990409303094,-41.097990409303094,79784.50143865483,1643.9196163721213,-1643.9196163721213,1298074.8717,36658.10880116196,-36658.10880116196,11965.3829867255,12214.98262885191,11720.883636858407,3.0984836233067092,3.251098607820112,2.953032781228729
075_190℃_240_1.0mm.csv,1.0,240,1.491625,0.300035913,1.50026,0.300178881,0.008635,1.562923104,190,0.008634999999999948,1262744.223,2026.6357845975801,40.0,81065.43138390321,2.967019419212227,12159.814707585483,0.008777000000000012,0.00018153971099089996,-0.00018153971099089996,1994.6125359663706,41.097990409303094,-41.097990409303094,79784.50143865483,1643.9196163721213,-1643.9196163721213,1298074.8717,36658.10880116196,-36658.10880116196,11965.3829867255,12214.98262885191,11720.883636858407,3.0984836233067092,3.251098607820112,2.953032781228729
076_190℃_240_1.0mm.csv,1.0,240,1.49168,0.30010167,1.50035,0.300310731,0.00867,1.58621173,190,0.008670000000000178,1285900.999,2018.454440599728,40.0,80738.17762398912,3.033676642538838,12110.726643598367,0.008777000000000012,0.00018153971099089996,-0.00018153971099089996,1994.6125359663706,41.097990409303094,-41.097990409303094,79784.50143865483,1643.9196163721213,-1643.9196163721213,1298074.8717,36658.10880116196,-36658.10880116196,11965.3829867255,12214.98262885191,11720.883636858407,3.0984836233067092,3.251098607820112,2.953032781228729
077_190℃_240_1.0mm.csv,1.0,240,1.49176,0.300084254,1.50036,0.300132765,0.0086,1.588547954,190,0.008599999999999941,1288415.189,2034.8837209302465,40.0,81395.34883720987,3.0150668368435167,12209.30232558148,0.008777000000000012,0.00018153971099089996,-0.00018153971099089996,1994.6125359663706,41.097990409303094,-41.097990409303094,79784.50143865483,1643.9196163721213,-1643.9196163721213,1298074.8717,36658.10880116196,-36658.10880116196,11965.3829867255,12214.98262885191,11720.883636858407,3.0984836233067092,3.251098607820112,2.953032781228729
078_190℃_240_1.0mm.csv,1.0,240,1.49165,0.300111186,1.50018,0.300198906,0.00853,1.543329908,190,0.008530000000000149,1243131.002,2051.5826494724142,40.0,82063.30597889656,2.8854169923973303,12309.495896834484,0.008777000000000012,0.00018153971099089996,-0.00018153971099089996,1994.6125359663706,41.097990409303094,-41.097990409303094,79784.50143865483,1643.9196163721213,-1643.9196163721213,1298074.8717,36658.10880116196,-36658.10880116196,11965.3829867255,12214.98262885191,11720.883636858407,3.0984836233067092,3.251098607820112,2.953032781228729
079_190℃_240_1.0mm.csv,1.0,240,1.491585,0.30023238,1.500575,0.300234024,0.00899,1.641591588,190,0.008990000000000054,1341357.564,1946.6073414905334,40.0,77864.29365962134,3.281307347036754,11679.644048943203,0.008777000000000012,0.00018153971099089996,-0.00018153971099089996,1994.6125359663706,41.097990409303094,-41.097990409303094,79784.50143865483,1643.9196163721213,-1643.9196163721213,1298074.8717,36658.10880116196,-36658.10880116196,11965.3829867255,12214.98262885191,11720.883636858407,3.0984836233067092,3.251098607820112,2.953032781228729
080_190℃_240_1.0mm.csv,1.0,240,1.49159,0.300153562,1.500485,0.300002888,0.008895,1.619171555,190,0.008895000000000097,1319168.6670000001,1967.3974142776626,40.0,78695.89657110651,3.1929266103306473,11804.384485665976,0.008777000000000012,0.00018153971099089996,-0.00018153971099089996,1994.6125359663706,41.097990409303094,-41.097990409303094,79784.50143865483,1643.9196163721213,-1643.9196163721213,1298074.8717,36658.10880116196,-36658.10880116196,11965.3829867255,12214.98262885191,11720.883636858407,3.0984836233067092,3.251098607820112,2.953032781228729
081_190℃_280_1.0mm.csv,1.0,280,1.491695,0.300318598,1.50007,0.300279785,0.008375,1.517649195,190,0.008375000000000021,1217369.41,2089.552238805965,40.0,83582.0895522386,2.774277226870755,12537.31343283579,0.008522500000000034,0.0001527388839381429,-0.0001527388839381429,2053.9834814645465,36.9148218449543,-36.9148218449543,82159.33925858187,1476.5928737981717,-1476.5928737981717,1250155.9017,24241.289533855364,-24241.289533855364,12322.112911687345,12545.269508504874,12102.925848299881,2.8982594900562284,3.00601619970194,2.7943655368636664
082_190℃_280_1.0mm.csv,1.0,280,1.49166,0.300270189,1.50029,0.300318993,0.00863,1.571355655,190,0.008629999999999916,1271036.6620000002,2027.8099652375633,40.0,81112.39860950253,2.9847745287237815,12166.85979142538,0.008522500000000034,0.0001527388839381429,-0.0001527388839381429,2053.9834814645465,36.9148218449543,-36.9148218449543,82159.33925858187,1476.5928737981717,-1476.5928737981717,1250155.9017,24241.289533855364,-24241.289533855364,12322.112911687345,12545.269508504874,12102.925848299881,2.8982594900562284,3.00601619970194,2.7943655368636664
083_190℃_280_1.0mm.csv,1.0,280,1.4916,0.300156356,1.500285,0.300277513,0.008685,1.569282859,190,0.008685000000000054,1269005.3460000001,2014.9683362118471,40.0,80598.73344847388,2.9989963074857333,12089.810017271082,0.008522500000000034,0.0001527388839381429,-0.0001527388839381429,2053.9834814645465,36.9148218449543,-36.9148218449543,82159.33925858187,1476.5928737981717,-1476.5928737981717,1250155.9017,24241.289533855364,-24241.289533855364,12322.112911687345,12545.269508504874,12102.925848299881,2.8982594900562284,3.00601619970194,2.7943655368636664
084_190℃_280_1.0mm.csv,1.0,280,1.49176,0.300318856,1.50014,0.300155477,0.00838,1.534384766,190,0.008380000000000054,1234229.2889999999,2088.30548926013,40.0,83532.2195704052,2.8143786236245076,12529.83293556078,0.008522500000000034,0.0001527388839381429,-0.0001527388839381429,2053.9834814645465,36.9148218449543,-36.9148218449543,82159.33925858187,1476.5928737981717,-1476.5928737981717,1250155.9017,24241.289533855364,-24241.289533855364,12322.112911687345,12545.269508504874,12102.925848299881,2.8982594900562284,3.00601619970194,2.7943655368636664
085_190℃_280_1.0mm.csv,1.0,280,1.49177,0.30028632,1.500075,0.300045451,0.008305,1.518897302,190,0.008305000000000007,1218851.8510000003,2107.1643588199863,40.0,84286.57435279945,2.7544393530761933,12642.986152919917,0.008522500000000034,0.0001527388839381429,-0.0001527388839381429,2053.9834814645465,36.9148218449543,-36.9148218449543,82159.33925858187,1476.5928737981717,-1476.5928737981717,1250155.9017,24241.289533855364,-24241.289533855364,12322.112911687345,12545.269508504874,12102.925848299881,2.8982594900562284,3.00601619970194,2.7943655368636664
086_190℃_280_1.0mm.csv,1.0,280,1.4916,0.300175428,1.500315,0.300015492,0.008715,1.577498594,190,0.008715000000000028,1277483.102,2008.0321285140496,40.0,80321.28514056199,3.02945992760001,12048.192771084297,0.008522500000000034,0.0001527388839381429,-0.0001527388839381429,2053.9834814645465,36.9148218449543,-36.9148218449543,82159.33925858187,1476.5928737981717,-1476.5928737981717,1250155.9017,24241.289533855364,-24241.289533855364,12322.112911687345,12545.269508504874,12102.925848299881,2.8982594900562284,3.00601619970194,2.7943655368636664
087_190℃_280_1.0mm.csv,1.0,280,1.491735,0.300049482,1.500105,0.300312922,0.00837,1.526595519,190,0.008369999999999989,1226282.597,2090.800477897255,40.0,83632.0191158902,2.7929211801061187,12544.80286738353,0.008522500000000034,0.0001527388839381429,-0.0001527388839381429,2053.9834814645465,36.9148218449543,-36.9148218449543,82159.33925858187,1476.5928737981717,-1476.5928737981717,1250155.9017,24241.289533855364,-24241.289533855364,12322.112911687345,12545.269508504874,12102.925848299881,2.8982594900562284,3.00601619970194,2.7943655368636664
088_190℃_280_1.0mm.csv,1.0,280,1.491555,0.300014608,1.500205,0.300034177,0.00865,1.5498896,190,0.008650000000000047,1249855.4230000002,2023.121387283226,40.0,80924.85549132904,2.941836573863962,12138.728323699357,0.008522500000000034,0.0001527388839381429,-0.0001527388839381429,2053.9834814645465,36.9148218449543,-36.9148218449543,82159.33925858187,1476.5928737981717,-1476.5928737981717,1250155.9017,24241.289533855364,-24241.289533855364,12322.112911687345,12545.269508504874,12102.925848299881,2.8982594900562284,3.00601619970194,2.7943655368636664
089_190℃_280_1.0mm.csv,1.0,280,1.49172,0.300171964,1.50032,0.300118138,0.0086,1.578397172,190,0.008600000000000163,1278279.034,2034.883720930194,40.0,81395.34883720776,2.991346855074887,12209.302325581162,0.008522500000000034,0.0001527388839381429,-0.0001527388839381429,2053.9834814645465,36.9148218449543,-36.9148218449543,82159.33925858187,1476.5928737981717,-1476.5928737981717,1250155.9017,24241.289533855364,-24241.289533855364,12322.112911687345,12545.269508504874,12102.925848299881,2.8982594900562284,3.00601619970194,2.7943655368636664
090_190℃_280_1.0mm.csv,1.0,280,1.491725,0.300189841,1.50024,0.300319096,0.008515,1.559485399,190,0.00851500000000005,1259166.303,2055.1967116852493,40.0,82207.86846740998,2.9174968898081803,12331.180270111498,0.008522500000000034,0.0001527388839381429,-0.0001527388839381429,2053.9834814645465,36.9148218449543,-36.9148218449543,82159.33925858187,1476.5928737981717,-1476.5928737981717,1250155.9017,24241.289533855364,-24241.289533855364,12322.112911687345,12545.269508504874,12102.925848299881,2.8982594900562284,3.00601619970194,2.7943655368636664
091_190℃_320_1.0mm.csv,1.0,320,1.491705,0.30007951,1.500065,0.300308318,0.00836,1.516205722,190,0.008359999999999923,1215897.404,2093.3014354067177,40.0,83732.05741626871,2.7659598088271857,12559.808612440307,0.007953500000000013,0.00020858052002361378,-0.00020858052002361378,2201.6364532799007,57.10531253039686,-57.10531253039686,88065.45813119602,2284.212501215875,-2284.212501215875,1145659.5101,44836.26951959258,-44836.26951959258,13205.791127014929,13554.726535007465,12865.838262391046,2.4769909132356855,2.640889670370551,2.323264032227165
092_190℃_320_1.0mm.csv,1.0,320,1.49179,0.300000346,1.49961,0.300027933,0.00782,1.408011254,190,0.00782000000000016,1107983.321,2237.8516624040462,40.0,89514.06649616185,2.357667910263994,13427.109974424277,0.007953500000000013,0.00020858052002361378,-0.00020858052002361378,2201.6364532799007,57.10531253039686,-57.10531253039686,88065.45813119602,2284.212501215875,-2284.212501215875,1145659.5101,44836.26951959258,-44836.26951959258,13205.791127014929,13554.726535007465,12865.838262391046,2.4769909132356855,2.640889670370551,2.323264032227165
093_190℃_320_1.0mm.csv,1.0,320,1.491865,0.300103386,1.499845,0.300278522,0.00798,1.462850354,190,0.007980000000000098,1162571.832,2192.982456140324,40.0,87719.29824561295,2.5244416923428883,13157.894736841943,0.007953500000000013,0.00020858052002361378,-0.00020858052002361378,2201.6364532799007,57.10531253039686,-57.10531253039686,88065.45813119602,2284.212501215875,-2284.212501215875,1145659.5101,44836.26951959258,-44836.26951959258,13205.791127014929,13554.726535007465,12865.838262391046,2.4769909132356855,2.640889670370551,2.323264032227165
094_190℃_320_1.0mm.csv,1.0,320,1.49188,0.300158003,1.49987,0.300186334,0.00799,1.469643746,190,0.007989999999999942,1169457.412,2190.2377972465742,40.0,87609.51188986297,2.5425754345251512,13141.426783479448,0.007953500000000013,0.00020858052002361378,-0.00020858052002361378,2201.6364532799007,57.10531253039686,-57.10531253039686,88065.45813119602,2284.212501215875,-2284.212501215875,1145659.5101,44836.26951959258,-44836.26951959258,13205.791127014929,13554.726535007465,12865.838262391046,2.4769909132356855,2.640889670370551,2.323264032227165
095_190℃_320_1.0mm.csv,1.0,320,1.491725,0.300089988,1.49963,0.300304115,0.007905,1.412760272,190,0.007905000000000051,1112456.157,2213.7887413029584,40.0,88551.54965211834,2.3929158968938924,13282.73244781775,0.007953500000000013,0.00020858052002361378,-0.00020858052002361378,2201.6364532799007,57.10531253039686,-57.10531253039686,88065.45813119602,2284.212501215875,-2284.212501215875,1145659.5101,44836.26951959258,-44836.26951959258,13205.791127014929,13554.726535007465,12865.838262391046,2.4769909132356855,2.640889670370551,2.323264032227165
096_190℃_320_1.0mm.csv,1.0,320,1.49186,0.300262016,1.500025,0.300191599,0.008165,1.506547762,190,0.008164999999999978,1206356.1630000002,2143.29454990815,40.0,85731.78199632601,2.6802443730326466,12859.767299448902,0.007953500000000013,0.00020858052002361378,-0.00020858052002361378,2201.6364532799007,57.10531253039686,-57.10531253039686,88065.45813119602,2284.212501215875,-2284.212501215875,1145659.5101,44836.26951959258,-44836.26951959258,13205.791127014929,13554.726535007465,12865.838262391046,2.4769909132356855,2.640889670370551,2.323264032227165
097_190℃_320_1.0mm.csv,1.0,320,1.491725,0.300300825,1.499795,0.300071281,0.00807,1.452002539,190,0.008070000000000022,1151931.258,2168.5254027261403,40.0,86741.01610904561,2.5295470073632718,13011.152416356843,0.007953500000000013,0.00020858052002361378,-0.00020858052002361378,2201.6364532799007,57.10531253039686,-57.10531253039686,88065.45813119602,2284.212501215875,-2284.212501215875,1145659.5101,44836.26951959258,-44836.26951959258,13205.791127014929,13554.726535007465,12865.838262391046,2.4769909132356855,2.640889670370551,2.323264032227165
098_190℃_320_1.0mm.csv,1.0,320,1.4919,0.300243372,1.499755,0.300264692,0.007855,1.441891239,190,0.007854999999999945,1141626.547,2227.880330999379,40.0,89115.21323997516,2.4401296671251536,13367.281985996273,0.007953500000000013,0.00020858052002361378,-0.00020858052002361378,2201.6364532799007,57.10531253039686,-57.10531253039686,88065.45813119602,2284.212501215875,-2284.212501215875,1145659.5101,44836.26951959258,-44836.26951959258,13205.791127014929,13554.726535007465,12865.838262391046,2.4769909132356855,2.640889670370551,2.323264032227165
099_190℃_320_1.0mm.csv,1.0,320,1.491905,0.300091772,1.499635,0.300009305,0.00773,1.413406566,190,0.007730000000000015,1113397.2609999997,2263.906856403618,40.0,90556.27425614471,2.3419213136136094,13583.441138421706,0.007953500000000013,0.00020858052002361378,-0.00020858052002361378,2201.6364532799007,57.10531253039686,-57.10531253039686,88065.45813119602,2284.212501215875,-2284.212501215875,1145659.5101,44836.26951959258,-44836.26951959258,13205.791127014929,13554.726535007465,12865.838262391046,2.4769909132356855,2.640889670370551,2.323264032227165
100_190℃_320_1.0mm.csv,1.0,320,1.49181,0.300311059,1.49947,0.300117721,0.00766,1.375035467,190,0.00766,1074917.746,2284.595300261097,40.0,91383.81201044387,2.2405088256761907,13707.57180156658,0.007953500000000013,0.00020858052002361378,-0.00020858052002361378,2201.6364532799007,57.10531253039686,-57.10531253039686,88065.45813119602,2284.212501215875,-2284.212501215875,1145659.5101,44836.26951959258,-44836.26951959258,13205.791127014929,13554.726535007465,12865.838262391046,2.4769909132356855,2.640889670370551,2.323264032227165
001_210℃_010_1.0mm.csv,1.0,10,1.41992,0.300055991,1.62206,0.300038208,0.20214,3.931667337,210,0.20214,3631629.1289999997,86.57366181854161,40.0,3462.9464727416644,199.7544250710367,519.4419709112497,0.200488,0.0016490876265377557,-0.0016490876265377557,87.29235162118864,0.7202735069098486,-0.7202735069098486,3491.694064847545,28.810940276393886,-28.810940276393886,3594689.2704999996,31623.996677061717,-31623.996677061717,523.7380968658377,528.0706697045715,519.4410707606756,196.09385907167137,199.45306989386447,192.79122445236118
002_210℃_010_1.0mm.csv,1.0,10,1.420055,0.30004228,1.619485,0.300038912,0.19943,3.876874832,210,0.19943,3576835.92,87.75008775008776,40.0,3510.00351000351,194.102962592,526.5005265005266,0.200488,0.0016490876265377557,-0.0016490876265377557,87.29235162118864,0.7202735069098486,-0.7202735069098486,3491.694064847545,28.810940276393886,-28.810940276393886,3594689.2704999996,31623.996677061717,-31623.996677061717,523.7380968658377,528.0706697045715,519.4410707606756,196.09385907167137,199.45306989386447,192.79122445236118
003_210℃_010_1.0mm.csv,1.0,10,1.420055,0.300055563,1.621595,0.300042371,0.20154,3.921373032,210,0.20153999999999983,3621330.661,86.83139823360135,40.0,3473.255929344054,198.59672963753448,520.9883894016082,0.200488,0.0016490876265377557,-0.0016490876265377557,87.29235162118864,0.7202735069098486,-0.7202735069098486,3491.694064847545,28.810940276393886,-28.810940276393886,3594689.2704999996,31623.996677061717,-31623.996677061717,523.7380968658377,528.0706697045715,519.4410707606756,196.09385907167137,199.45306989386447,192.79122445236118
004_210℃_010_1.0mm.csv,1.0,10,1.42,0.300017804,1.619385,0.300006059,0.199385,3.87577752,210,0.19938500000000015,3575771.4610000006,87.76989241918895,40.0,3510.795696767558,194.00141299360152,526.6193545151338,0.200488,0.0016490876265377557,-0.0016490876265377557,87.29235162118864,0.7202735069098486,-0.7202735069098486,3491.694064847545,28.810940276393886,-28.810940276393886,3594689.2704999996,31623.996677061717,-31623.996677061717,523.7380968658377,528.0706697045715,519.4410707606756,196.09385907167137,199.45306989386447,192.79122445236118
005_210℃_010_1.0mm.csv,1.0,10,1.42009,0.300056757,1.61874,0.300010044,0.19865,3.857333444,210,0.19865,3557323.4,88.09463881198087,40.0,3523.785552479235,192.28905943129251,528.5678328718852,0.200488,0.0016490876265377557,-0.0016490876265377557,87.29235162118864,0.7202735069098486,-0.7202735069098486,3491.694064847545,28.810940276393886,-28.810940276393886,3594689.2704999996,31623.996677061717,-31623.996677061717,523.7380968658377,528.0706697045715,519.4410707606756,196.09385907167137,199.45306989386447,192.79122445236118
006_210℃_010_1.0mm.csv,1.0,10,1.42013,0.300004875,1.620625,0.300008462,0.200495,3.896239,210,0.2004950000000001,3596230.5379999997,87.28397216888197,40.0,3491.358886755279,196.1976167935538,523.7038330132918,0.200488,0.0016490876265377557,-0.0016490876265377557,87.29235162118864,0.7202735069098486,-0.7202735069098486,3491.694064847545,28.810940276393886,-28.810940276393886,3594689.2704999996,31623.996677061717,-31623.996677061717,523.7380968658377,528.0706697045715,519.4410707606756,196.09385907167137,199.45306989386447,192.79122445236118
007_210℃_010_1.0mm.csv,1.0,10,1.419705,0.30002986,1.621865,0.300033792,0.20216,3.924664276,210,0.2021599999999999,3624630.4839999997,86.56509695290863,40.0,3462.603878116345,199.38919691032368,519.3905817174518,0.200488,0.0016490876265377557,-0.0016490876265377557,87.29235162118864,0.7202735069098486,-0.7202735069098486,3491.694064847545,28.810940276393886,-28.810940276393886,3594689.2704999996,31623.996677061717,-31623.996677061717,523.7380968658377,528.0706697045715,519.4410707606756,196.09385907167137,199.45306989386447,192.79122445236118
008_210℃_010_1.0mm.csv,1.0,10,1.419475,0.300032633,1.620565,0.300049677,0.20109,3.8935681,210,0.20109,3593518.423,87.02570988114775,40.0,3481.02839524591,196.63146113770608,522.1542592868865,0.200488,0.0016490876265377557,-0.0016490876265377557,87.29235162118864,0.7202735069098486,-0.7202735069098486,3491.694064847545,28.810940276393886,-28.810940276393886,3594689.2704999996,31623.996677061717,-31623.996677061717,523.7380968658377,528.0706697045715,519.4410707606756,196.09385907167137,199.45306989386447,192.79122445236118
009_210℃_010_1.0mm.csv,1.0,10,1.419615,0.300053318,1.621985,0.300029631,0.20237,3.928189414,210,0.20236999999999994,3628159.7830000003,86.47526807333105,40.0,3459.010722933242,199.79066538386664,518.8516084399863,0.200488,0.0016490876265377557,-0.0016490876265377557,87.29235162118864,0.7202735069098486,-0.7202735069098486,3491.694064847545,28.810940276393886,-28.810940276393886,3594689.2704999996,31623.996677061717,-31623.996677061717,523.7380968658377,528.0706697045715,519.4410707606756,196.09385907167137,199.45306989386447,192.79122445236118
010_210℃_010_1.0mm.csv,1.0,10,1.420285,0.300000277,1.617905,0.300014174,0.19762,3.84147708,210,0.1976199999999999,3541462.906,88.55379010221641,40.0,3542.1516040886563,190.43915632210062,531.3227406132985,0.200488,0.0016490876265377557,-0.0016490876265377557,87.29235162118864,0.7202735069098486,-0.7202735069098486,3491.694064847545,28.810940276393886,-28.810940276393886,3594689.2704999996,31623.996677061717,-31623.996677061717,523.7380968658377,528.0706697045715,519.4410707606756,196.09385907167137,199.45306989386447,192.79122445236118
011_210℃_020_1.0mm.csv,1.0,20,1.46213,0.300010621,1.555485,0.300029418,0.093355,3.692246512,210,0.09335500000000008,3392217.094,187.45648331637284,40.0,7498.259332654914,86.17154471030481,1124.7388998982372,0.09312800000000002,0.0005294294623041006,-0.0005294294623041006,187.9188852289233,1.0702283712043146,-1.0702283712043146,7516.755409156931,42.8091348481724,-42.8091348481724,3383536.2425000006,16983.78621321235,-16983.78621321235,1127.4968742579015,1133.930706494915,1121.099547070991,85.73980905001905,86.66009249613523,84.82929851778745
012_210℃_020_1.0mm.csv,1.0,20,1.46228,0.300069692,1.55461,0.300086381,0.09233,3.659783448,210,0.09233000000000002,3359697.0670000003,189.5375284306292,40.0,7581.501137225168,84.40838916900955,1137.2251705837753,0.09312800000000002,0.0005294294623041006,-0.0005294294623041006,187.9188852289233,1.0702283712043146,-1.0702283712043146,7516.755409156931,42.8091348481724,-42.8091348481724,3383536.2425000006,16983.78621321235,-16983.78621321235,1127.4968742579015,1133.930706494915,1121.099547070991,85.73980905001905,86.66009249613523,84.82929851778745
013_210℃_020_1.0mm.csv,1.0,20,1.46207,0.300052866,1.55541,0.300101369,0.09334,3.691622574,210,0.09333999999999998,3391521.205,187.48660809942152,40.0,7499.464323976861,86.14002429243534,1124.919648596529,0.09312800000000002,0.0005294294623041006,-0.0005294294623041006,187.9188852289233,1.0702283712043146,-1.0702283712043146,7516.755409156931,42.8091348481724,-42.8091348481724,3383536.2425000006,16983.78621321235,-16983.78621321235,1127.4968742579015,1133.930706494915,1121.099547070991,85.73980905001905,86.66009249613523,84.82929851778745
014_210℃_020_1.0mm.csv,1.0,20,1.46218,0.300040961,1.55504,0.300003483,0.09286,3.677453072,210,0.09285999999999994,3377449.589,188.45573982339016,40.0,7538.229592935606,85.34148811824214,1130.734438940341,0.09312800000000002,0.0005294294623041006,-0.0005294294623041006,187.9188852289233,1.0702283712043146,-1.0702283712043146,7516.755409156931,42.8091348481724,-42.8091348481724,3383536.2425000006,16983.78621321235,-16983.78621321235,1127.4968742579015,1133.930706494915,1121.099547070991,85.73980905001905,86.66009249613523,84.82929851778745
015_210℃_020_1.0mm.csv,1.0,20,1.461965,0.300065114,1.555805,0.300063539,0.09384,3.705552495,210,0.09384000000000015,3405488.9560000002,186.48763853367404,40.0,7459.505541346962,86.95811799484096,1118.9258312020443,0.09312800000000002,0.0005294294623041006,-0.0005294294623041006,187.9188852289233,1.0702283712043146,-1.0702283712043146,7516.755409156931,42.8091348481724,-42.8091348481724,3383536.2425000006,16983.78621321235,-16983.78621321235,1127.4968742579015,1133.930706494915,1121.099547070991,85.73980905001905,86.66009249613523,84.82929851778745
016_210℃_020_1.0mm.csv,1.0,20,1.46207,0.300023435,1.554835,0.300080628,0.092765,3.664839866,210,0.09276499999999999,3364759.238,188.64873605346847,40.0,7545.949442138739,84.93384781308025,1131.8924163208108,0.09312800000000002,0.0005294294623041006,-0.0005294294623041006,187.9188852289233,1.0702283712043146,-1.0702283712043146,7516.755409156931,42.8091348481724,-42.8091348481724,3383536.2425000006,16983.78621321235,-16983.78621321235,1127.4968742579015,1133.930706494915,1121.099547070991,85.73980905001905,86.66009249613523,84.82929851778745
017_210℃_020_1.0mm.csv,1.0,20,1.462065,0.300063824,1.5554,0.300010952,0.093335,3.689999321,210,0.09333499999999995,3389988.369,187.49665184550287,40.0,7499.866073820114,86.096480114453,1124.979911073017,0.09312800000000002,0.0005294294623041006,-0.0005294294623041006,187.9188852289233,1.0702283712043146,-1.0702283712043146,7516.755409156931,42.8091348481724,-42.8091348481724,3383536.2425000006,16983.78621321235,-16983.78621321235,1127.4968742579015,1133.930706494915,1121.099547070991,85.73980905001905,86.66009249613523,84.82929851778745
018_210℃_020_1.0mm.csv,1.0,20,1.46228,0.300082351,1.55463,0.300102414,0.09235,3.659852803,210,0.09234999999999993,3359750.3890000004,189.4964807796428,40.0,7579.859231185712,84.4280131766394,1136.9788846778567,0.09312800000000002,0.0005294294623041006,-0.0005294294623041006,187.9188852289233,1.0702283712043146,-1.0702283712043146,7516.755409156931,42.8091348481724,-42.8091348481724,3383536.2425000006,16983.78621321235,-16983.78621321235,1127.4968742579015,1133.930706494915,1121.099547070991,85.73980905001905,86.66009249613523,84.82929851778745
019_210℃_020_1.0mm.csv,1.0,20,1.46204,0.30008412,1.555405,0.300030861,0.093365,3.693165041,210,0.09336499999999992,3393134.1799999997,187.43640550527516,40.0,7497.456220211006,86.20407420835366,1124.618433031651,0.09312800000000002,0.0005294294623041006,-0.0005294294623041006,187.9188852289233,1.0702283712043146,-1.0702283712043146,7516.755409156931,42.8091348481724,-42.8091348481724,3383536.2425000006,16983.78621321235,-16983.78621321235,1127.4968742579015,1133.930706494915,1121.099547070991,85.73980905001905,86.66009249613523,84.82929851778745
020_210℃_020_1.0mm.csv,1.0,20,1.461925,0.300045496,1.555665,0.30007064,0.09374,3.701426978,210,0.09374000000000016,3401356.3380000005,186.68657990185588,40.0,7467.463196074235,86.76003894533893,1120.1194794111354,0.09312800000000002,0.0005294294623041006,-0.0005294294623041006,187.9188852289233,1.0702283712043146,-1.0702283712043146,7516.755409156931,42.8091348481724,-42.8091348481724,3383536.2425000006,16983.78621321235,-16983.78621321235,1127.4968742579015,1133.930706494915,1121.099547070991,85.73980905001905,86.66009249613523,84.82929851778745
021_210℃_040_1.0mm.csv,1.0,40,1.4801,0.300117426,1.52579,0.300090675,0.04569,3.680345666,210,0.04569000000000001,3380254.991,383.0159772379076,40.0,15320.639089516302,42.02553756157552,2298.0958634274452,0.04534399999999998,0.0004058927061291758,-0.0004058927061291758,385.9666056876045,3.476106403749595,-3.476106403749595,15438.664227504181,139.04425614998422,-139.04425614998422,3381510.3324,28983.286023127486,-28983.286023127486,2315.715452589139,2336.601224391027,2295.0163688105254,41.719882306106406,42.44740920354761,41.00482484782373
022_210℃_040_1.0mm.csv,1.0,40,1.480305,0.300015983,1.52595,0.300164155,0.045645,3.700152982,210,0.045644999999999936,3399988.827,383.3935808960461,40.0,15335.743235841845,42.22924898188158,2300.3614853762765,0.04534399999999998,0.0004058927061291758,-0.0004058927061291758,385.9666056876045,3.476106403749595,-3.476106403749595,15438.664227504181,139.04425614998422,-139.04425614998422,3381510.3324,28983.286023127486,-28983.286023127486,2315.715452589139,2336.601224391027,2295.0163688105254,41.719882306106406,42.44740920354761,41.00482484782373
023_210℃_040_1.0mm.csv,1.0,40,1.480485,0.300062121,1.525915,0.30014275,0.04543,3.697205639,210,0.04542999999999986,3397062.889,385.2080123266576,40.0,15408.320493066303,41.994167904018916,2311.2480739599455,0.04534399999999998,0.0004058927061291758,-0.0004058927061291758,385.9666056876045,3.476106403749595,-3.476106403749595,15438.664227504181,139.04425614998422,-139.04425614998422,3381510.3324,28983.286023127486,-28983.286023127486,2315.715452589139,2336.601224391027,2295.0163688105254,41.719882306106406,42.44740920354761,41.00482484782373
024_210℃_040_1.0mm.csv,1.0,40,1.48045,0.300145067,1.525875,0.300190358,0.045425,3.695675148,210,0.04542500000000005,3395484.79,385.250412768299,40.0,15410.016510731959,41.97003988727895,2311.5024766097936,0.04534399999999998,0.0004058927061291758,-0.0004058927061291758,385.9666056876045,3.476106403749595,-3.476106403749595,15438.664227504181,139.04425614998422,-139.04425614998422,3381510.3324,28983.286023127486,-28983.286023127486,2315.715452589139,2336.601224391027,2295.0163688105254,41.719882306106406,42.44740920354761,41.00482484782373
025_210℃_040_1.0mm.csv,1.0,40,1.48048,0.300046538,1.525535,0.300070786,0.045055,3.665165017,210,0.04505500000000007,3365094.231,388.4141604705354,40.0,15536.566418821418,41.255597436110264,2330.4849628232128,0.04534399999999998,0.0004058927061291758,-0.0004058927061291758,385.9666056876045,3.476106403749595,-3.476106403749595,15438.664227504181,139.04425614998422,-139.04425614998422,3381510.3324,28983.286023127486,-28983.286023127486,2315.715452589139,2336.601224391027,2295.0163688105254,41.719882306106406,42.44740920354761,41.00482484782373
026_210℃_040_1.0mm.csv,1.0,40,1.480345,0.300081239,1.52626,0.300143727,0.045915,3.728365874,210,0.04591499999999993,3428222.147,381.13906130894105,40.0,15245.562452357643,42.83178772231422,2286.8343678536467,0.04534399999999998,0.0004058927061291758,-0.0004058927061291758,385.9666056876045,3.476106403749595,-3.476106403749595,15438.664227504181,139.04425614998422,-139.04425614998422,3381510.3324,28983.286023127486,-28983.286023127486,2315.715452589139,2336.601224391027,2295.0163688105254,41.719882306106406,42.44740920354761,41.00482484782373
027_210℃_040_1.0mm.csv,1.0,40,1.480485,0.300057652,1.525455,0.300187218,0.04497,3.656763017,210,0.044969999999999954,3356575.7989999996,389.14832110295794,40.0,15565.932844118317,41.07352753225301,2334.8899266177477,0.04534399999999998,0.0004058927061291758,-0.0004058927061291758,385.9666056876045,3.476106403749595,-3.476106403749595,15438.664227504181,139.04425614998422,-139.04425614998422,3381510.3324,28983.286023127486,-28983.286023127486,2315.715452589139,2336.601224391027,2295.0163688105254,41.719882306106406,42.44740920354761,41.00482484782373
028_210℃_040_1.0mm.csv,1.0,40,1.480585,0.30014534,1.525095,0.300083202,0.04451,3.621082997,210,0.04451000000000005,3320999.7949999995,393.1700741406421,40.0,15726.802965625684,40.22250363957827,2359.0204448438526,0.04534399999999998,0.0004058927061291758,-0.0004058927061291758,385.9666056876045,3.476106403749595,-3.476106403749595,15438.664227504181,139.04425614998422,-139.04425614998422,3381510.3324,28983.286023127486,-28983.286023127486,2315.715452589139,2336.601224391027,2295.0163688105254,41.719882306106406,42.44740920354761,41.00482484782373
029_210℃_040_1.0mm.csv,1.0,40,1.480475,0.300134022,1.525815,0.300103136,0.04534,3.688056765,210,0.045339999999999936,3387953.6289999997,385.97265108072395,40.0,15438.906043228959,41.79858980649246,2315.835906484344,0.04534399999999998,0.0004058927061291758,-0.0004058927061291758,385.9666056876045,3.476106403749595,-3.476106403749595,15438.664227504181,139.04425614998422,-139.04425614998422,3381510.3324,28983.286023127486,-28983.286023127486,2315.715452589139,2336.601224391027,2295.0163688105254,41.719882306106406,42.44740920354761,41.00482484782373
030_210℃_040_1.0mm.csv,1.0,40,1.480345,0.300161172,1.525805,0.300102831,0.04546,3.683569057,210,0.045460000000000056,3383466.2260000003,384.95380554333434,40.0,15398.152221733373,41.853707383390535,2309.722833260006,0.04534399999999998,0.0004058927061291758,-0.0004058927061291758,385.9666056876045,3.476106403749595,-3.476106403749595,15438.664227504181,139.04425614998422,-139.04425614998422,3381510.3324,28983.286023127486,-28983.286023127486,2315.715452589139,2336.601224391027,2295.0163688105254,41.719882306106406,42.44740920354761,41.00482484782373
031_210℃_080_1.0mm.csv,1.0,80,1.487185,0.300011312,1.509895,0.300243504,0.02271,3.164981547,210,0.022710000000000008,2864738.043,770.5856450902684,40.0,30823.425803610735,17.702911824906128,4623.51387054161,0.022637499999999998,0.0003333604155664893,-0.0003333604155664893,773.2053962153824,11.457989683516965,-11.457989683516965,30928.215848615295,458.3195873406792,-458.3195873406792,2858133.8625999996,47072.67857315597,-47072.67857315597,4638.775897256468,4707.808466072364,4570.75558193212,17.601829850319238,18.160270440467574,17.060561685754955
032_210℃_080_1.0mm.csv,1.0,80,1.48725,0.300087771,1.509775,0.300011846,0.022525,3.146622352,210,0.022525000000000128,2846610.506,776.9145394006615,40.0,31076.58157602646,17.44759228507493,4661.487236403969,0.022637499999999998,0.0003333604155664893,-0.0003333604155664893,773.2053962153824,11.457989683516965,-11.457989683516965,30928.215848615295,458.3195873406792,-458.3195873406792,2858133.8625999996,47072.67857315597,-47072.67857315597,4638.775897256468,4707.808466072364,4570.75558193212,17.601829850319238,18.160270440467574,17.060561685754955
033_210℃_080_1.0mm.csv,1.0,80,1.487125,0.300151295,1.50997,0.300211564,0.022845,3.181511015,210,0.022845000000000004,2881299.451,766.0319544758152,40.0,30641.278179032604,17.911098219889798,4596.1917268548905,0.022637499999999998,0.0003333604155664893,-0.0003333604155664893,773.2053962153824,11.457989683516965,-11.457989683516965,30928.215848615295,458.3195873406792,-458.3195873406792,2858133.8625999996,47072.67857315597,-47072.67857315597,4638.775897256468,4707.808466072364,4570.75558193212,17.601829850319238,18.160270440467574,17.060561685754955
034_210℃_080_1.0mm.csv,1.0,80,1.48734,0.30022873,1.50932,0.300165294,0.02198,3.063846682,210,0.02197999999999989,2763681.388,796.1783439490487,40.0,31847.133757961947,16.529446777752298,4777.070063694292,0.022637499999999998,0.0003333604155664893,-0.0003333604155664893,773.2053962153824,11.457989683516965,-11.457989683516965,30928.215848615295,458.3195873406792,-458.3195873406792,2858133.8625999996,47072.67857315597,-47072.67857315597,4638.775897256468,4707.808466072364,4570.75558193212,17.601829850319238,18.160270440467574,17.060561685754955
035_210℃_080_1.0mm.csv,1.0,80,1.48723,0.300166775,1.509605,0.300229186,0.022375,3.113289942,210,0.022375000000000034,2813060.756,782.1229050279318,40.0,31284.91620111727,17.127138616462613,4692.73743016759,0.022637499999999998,0.0003333604155664893,-0.0003333604155664893,773.2053962153824,11.457989683516965,-11.457989683516965,30928.215848615295,458.3195873406792,-458.3195873406792,2858133.8625999996,47072.67857315597,-47072.67857315597,4638.775897256468,4707.808466072364,4570.75558193212,17.601829850319238,18.160270440467574,17.060561685754955
036_210℃_080_1.0mm.csv,1.0,80,1.487085,0.300053042,1.510225,0.300255494,0.02314,3.230185938,210,0.02313999999999994,2929930.444,756.2662057044099,40.0,30250.648228176397,18.44859604739043,4537.5972342264595,0.022637499999999998,0.0003333604155664893,-0.0003333604155664893,773.2053962153824,11.457989683516965,-11.457989683516965,30928.215848615295,458.3195873406792,-458.3195873406792,2858133.8625999996,47072.67857315597,-47072.67857315597,4638.775897256468,4707.808466072364,4570.75558193212,17.601829850319238,18.160270440467574,17.060561685754955
037_210℃_080_1.0mm.csv,1.0,80,1.487125,0.300061768,1.51008,0.300118583,0.022955,3.201362383,210,0.02295500000000006,2901243.8,762.3611413635354,40.0,30494.445654541414,18.121918756190524,4574.166848181212,0.022637499999999998,0.0003333604155664893,-0.0003333604155664893,773.2053962153824,11.457989683516965,-11.457989683516965,30928.215848615295,458.3195873406792,-458.3195873406792,2858133.8625999996,47072.67857315597,-47072.67857315597,4638.775897256468,4707.808466072364,4570.75558193212,17.601829850319238,18.160270440467574,17.060561685754955
038_210℃_080_1.0mm.csv,1.0,80,1.48724,0.300151832,1.50975,0.300208775,0.02251,3.140145643,210,0.02251000000000003,2839936.868,777.4322523322958,40.0,31097.29009329183,17.395096298960567,4664.593513993775,0.022637499999999998,0.0003333604155664893,-0.0003333604155664893,773.2053962153824,11.457989683516965,-11.457989683516965,30928.215848615295,458.3195873406792,-458.3195873406792,2858133.8625999996,47072.67857315597,-47072.67857315597,4638.775897256468,4707.808466072364,4570.75558193212,17.601829850319238,18.160270440467574,17.060561685754955
039_210℃_080_1.0mm.csv,1.0,80,1.48717,0.300136781,1.51002,0.300260354,0.02285,3.188433632,210,0.022849999999999815,2888173.278,765.864332603945,40.0,30634.5733041578,17.95775766048965,4595.18599562367,0.022637499999999998,0.0003333604155664893,-0.0003333604155664893,773.2053962153824,11.457989683516965,-11.457989683516965,30928.215848615295,458.3195873406792,-458.3195873406792,2858133.8625999996,47072.67857315597,-47072.67857315597,4638.775897256468,4707.808466072364,4570.75558193212,17.601829850319238,18.160270440467574,17.060561685754955
040_210℃_080_1.0mm.csv,1.0,80,1.48732,0.300011195,1.509805,0.300154376,0.022485,3.152818468,210,0.022485000000000088,2852664.0919999997,778.296642205912,40.0,31131.86568823648,17.45364683227762,4669.779853235472,0.022637499999999998,0.0003333604155664893,-0.0003333604155664893,773.2053962153824,11.457989683516965,-11.457989683516965,30928.215848615295,458.3195873406792,-458.3195873406792,2858133.8625999996,47072.67857315597,-47072.67857315597,4638.775897256468,4707.808466072364,4570.75558193212,17.601829850319238,18.160270440467574,17.060561685754955
041_210℃_120_1.0mm.csv,1.0,120,1.489415,0.300173674,1.504475,0.300113733,0.01506,2.431497766,210,0.015060000000000073,2131384.0330000003,1162.018592297471,40.0,46480.74369189884,8.734324771967392,6972.111553784826,0.015434500000000018,0.00024006307041646936,-0.00024006307041646936,1134.0719672554337,17.74585645359773,-17.74585645359773,45362.87869021735,709.8342581439082,-709.8342581439082,2204961.2452,45249.547937545474,-45249.547937545474,6803.685091534693,6910.661964918789,6698.364217459654,9.257761758839585,9.594713847023462,8.932642927128146
042_210℃_120_1.0mm.csv,1.0,120,1.489385,0.300128703,1.50504,0.300182034,0.015655,2.565919466,210,0.015654999999999974,2265737.432,1117.8537208559583,40.0,44714.14883423833,9.651733196723795,6707.12232513575,0.015434500000000018,0.00024006307041646936,-0.00024006307041646936,1134.0719672554337,17.74585645359773,-17.74585645359773,45362.87869021735,709.8342581439082,-709.8342581439082,2204961.2452,45249.547937545474,-45249.547937545474,6803.685091534693,6910.661964918789,6698.364217459654,9.257761758839585,9.594713847023462,8.932642927128146
043_210℃_120_1.0mm.csv,1.0,120,1.489345,0.300053867,1.504665,0.300271016,0.01532,2.476681037,210,0.01532,2176410.021,1142.2976501305484,40.0,45691.906005221936,9.072816740604082,6853.78590078329,0.015434500000000018,0.00024006307041646936,-0.00024006307041646936,1134.0719672554337,17.74585645359773,-17.74585645359773,45362.87869021735,709.8342581439082,-709.8342581439082,2204961.2452,45249.547937545474,-45249.547937545474,6803.685091534693,6910.661964918789,6698.364217459654,9.257761758839585,9.594713847023462,8.932642927128146
044_210℃_120_1.0mm.csv,1.0,120,1.489455,0.300052953,1.504885,0.300179945,0.01543,2.532642435,210,0.015430000000000055,2232462.49,1134.1542449773128,40.0,45366.16979909252,9.37330509406806,6804.925469863878,0.015434500000000018,0.00024006307041646936,-0.00024006307041646936,1134.0719672554337,17.74585645359773,-17.74585645359773,45362.87869021735,709.8342581439082,-709.8342581439082,2204961.2452,45249.547937545474,-45249.547937545474,6803.685091534693,6910.661964918789,6698.364217459654,9.257761758839585,9.594713847023462,8.932642927128146
045_210℃_120_1.0mm.csv,1.0,120,1.48931,0.300049952,1.50485,0.300300376,0.01554,2.519647985,210,0.01554000000000011,2219347.609,1126.1261261261182,40.0,45045.045045044724,9.384669889485782,6756.756756756708,0.015434500000000018,0.00024006307041646936,-0.00024006307041646936,1134.0719672554337,17.74585645359773,-17.74585645359773,45362.87869021735,709.8342581439082,-709.8342581439082,2204961.2452,45249.547937545474,-45249.547937545474,6803.685091534693,6910.661964918789,6698.364217459654,9.257761758839585,9.594713847023462,8.932642927128146
046_210℃_120_1.0mm.csv,1.0,120,1.48946,0.300207606,1.504535,0.300089993,0.015075,2.448110105,210,0.01507499999999995,2148020.112,1160.8623548922096,40.0,46434.494195688385,8.811266173714257,6965.174129353257,0.015434500000000018,0.00024006307041646936,-0.00024006307041646936,1134.0719672554337,17.74585645359773,-17.74585645359773,45362.87869021735,709.8342581439082,-709.8342581439082,2204961.2452,45249.547937545474,-45249.547937545474,6803.685091534693,6910.661964918789,6698.364217459654,9.257761758839585,9.594713847023462,8.932642927128146
047_210℃_120_1.0mm.csv,1.0,120,1.489295,0.300104887,1.504885,0.300111127,0.01559,2.52739444,210,0.015589999999999993,2227283.313,1122.5144323284162,40.0,44900.57729313665,9.44852975501224,6735.086593970498,0.015434500000000018,0.00024006307041646936,-0.00024006307041646936,1134.0719672554337,17.74585645359773,-17.74585645359773,45362.87869021735,709.8342581439082,-709.8342581439082,2204961.2452,45249.547937545474,-45249.547937545474,6803.685091534693,6910.661964918789,6698.364217459654,9.257761758839585,9.594713847023462,8.932642927128146
048_210℃_120_1.0mm.csv,1.0,120,1.48929,0.300040558,1.50489,0.300137344,0.0156,2.528032067,210,0.015600000000000058,2227894.7229999998,1121.7948717948675,40.0,44871.7948717947,9.45718576293881,6730.769230769205,0.015434500000000018,0.00024006307041646936,-0.00024006307041646936,1134.0719672554337,17.74585645359773,-17.74585645359773,45362.87869021735,709.8342581439082,-709.8342581439082,2204961.2452,45249.547937545474,-45249.547937545474,6803.685091534693,6910.661964918789,6698.364217459654,9.257761758839585,9.594713847023462,8.932642927128146
049_210℃_120_1.0mm.csv,1.0,120,1.48933,0.300144094,1.50464,0.300183987,0.01531,2.470637873,210,0.015309999999999935,2170453.886,1143.0437622469024,40.0,45721.750489876096,9.042081359091116,6858.2625734814155,0.015434500000000018,0.00024006307041646936,-0.00024006307041646936,1134.0719672554337,17.74585645359773,-17.74585645359773,45362.87869021735,709.8342581439082,-709.8342581439082,2204961.2452,45249.547937545474,-45249.547937545474,6803.685091534693,6910.661964918789,6698.364217459654,9.257761758839585,9.594713847023462,8.932642927128146
050_210℃_120_1.0mm.csv,1.0,120,1.489225,0.300201311,1.50499,0.300124442,0.015765,2.550743275,210,0.01576500000000003,2250618.833,1110.0539169045333,40.0,44402.15667618133,9.654695483604101,6660.3235014271995,0.015434500000000018,0.00024006307041646936,-0.00024006307041646936,1134.0719672554337,17.74585645359773,-17.74585645359773,45362.87869021735,709.8342581439082,-709.8342581439082,2204961.2452,45249.547937545474,-45249.547937545474,6803.685091534693,6910.661964918789,6698.364217459654,9.257761758839585,9.594713847023462,8.932642927128146
051_210℃_160_1.0mm.csv,1.0,160,1.49029,0.300165136,1.50245,0.300030874,0.01216,2.056464351,210,0.01216000000000017,1756433.477,1439.144736842085,40.0,57565.7894736834,5.8117635592708305,8634.86842105251,0.01201350000000001,0.00026309113334440764,-0.00026309113334440764,1457.315141168169,31.493526524547537,-31.493526524547537,58292.605646726755,1259.7410609819017,-1259.7410609819017,1743405.6269999999,47544.968875693834,-47544.968875693834,8742.037124476297,8934.301915292443,8553.909842123381,5.696053481535458,5.9774370821339105,5.427915813867425
052_210℃_160_1.0mm.csv,1.0,160,1.49034,0.300158691,1.502255,0.300083719,0.011915,2.009292366,210,0.011914999999999898,1709208.6469999999,1468.7368862778137,40.0,58749.47545111255,5.541556742586347,8812.421317666882,0.01201350000000001,0.00026309113334440764,-0.00026309113334440764,1457.315141168169,31.493526524547537,-31.493526524547537,58292.605646726755,1259.7410609819017,-1259.7410609819017,1743405.6269999999,47544.968875693834,-47544.968875693834,8742.037124476297,8934.301915292443,8553.909842123381,5.696053481535458,5.9774370821339105,5.427915813867425
053_210℃_160_1.0mm.csv,1.0,160,1.49043,0.300028885,1.502235,0.300298053,0.011805,2.005148458,210,0.011805000000000065,1704850.4049999998,1482.4227022448033,40.0,59296.90808979213,5.4763970152449275,8894.53621346882,0.01201350000000001,0.00026309113334440764,-0.00026309113334440764,1457.315141168169,31.493526524547537,-31.493526524547537,58292.605646726755,1259.7410609819017,-1259.7410609819017,1743405.6269999999,47544.968875693834,-47544.968875693834,8742.037124476297,8934.301915292443,8553.909842123381,5.696053481535458,5.9774370821339105,5.427915813867425
054_210℃_160_1.0mm.csv,1.0,160,1.490295,0.300133678,1.502445,0.300021759,0.01215,2.056350362,210,0.012150000000000105,1756328.603,1440.3292181069835,40.0,57613.16872427934,5.8066374221633135,8641.975308641902,0.01201350000000001,0.00026309113334440764,-0.00026309113334440764,1457.315141168169,31.493526524547537,-31.493526524547537,58292.605646726755,1259.7410609819017,-1259.7410609819017,1743405.6269999999,47544.968875693834,-47544.968875693834,8742.037124476297,8934.301915292443,8553.909842123381,5.696053481535458,5.9774370821339105,5.427915813867425
055_210℃_160_1.0mm.csv,1.0,160,1.490555,0.300285604,1.502265,0.300040757,0.01171,2.015142081,210,0.011709999999999887,1715101.324,1494.4491887275976,40.0,59777.96754910391,5.464989524908791,8966.695132365587,0.01201350000000001,0.00026309113334440764,-0.00026309113334440764,1457.315141168169,31.493526524547537,-31.493526524547537,58292.605646726755,1259.7410609819017,-1259.7410609819017,1743405.6269999999,47544.968875693834,-47544.968875693834,8742.037124476297,8934.301915292443,8553.909842123381,5.696053481535458,5.9774370821339105,5.427915813867425
056_210℃_160_1.0mm.csv,1.0,160,1.490225,0.300237005,1.502765,0.300135794,0.01254,2.134718295,210,0.012539999999999996,1834582.501,1395.534290271133,40.0,55821.371610845315,6.260044778922446,8373.205741626796,0.01201350000000001,0.00026309113334440764,-0.00026309113334440764,1457.315141168169,31.493526524547537,-31.493526524547537,58292.605646726755,1259.7410609819017,-1259.7410609819017,1743405.6269999999,47544.968875693834,-47544.968875693834,8742.037124476297,8934.301915292443,8553.909842123381,5.696053481535458,5.9774370821339105,5.427915813867425
057_210℃_160_1.0mm.csv,1.0,160,1.490425,0.30014378,1.50243,0.300090268,0.012005,2.053543812,210,0.012004999999999821,1753453.544,1457.7259475218875,40.0,58309.0379008755,5.727948243733249,8746.355685131324,0.01201350000000001,0.00026309113334440764,-0.00026309113334440764,1457.315141168169,31.493526524547537,-31.493526524547537,58292.605646726755,1259.7410609819017,-1259.7410609819017,1743405.6269999999,47544.968875693834,-47544.968875693834,8742.037124476297,8934.301915292443,8553.909842123381,5.696053481535458,5.9774370821339105,5.427915813867425
058_210℃_160_1.0mm.csv,1.0,160,1.490375,0.30008749,1.502635,0.300310225,0.01226,2.105447289,210,0.012259999999999938,1805137.0640000002,1427.4061990212144,40.0,57096.247960848574,6.022035484255753,8564.437194127288,0.01201350000000001,0.00026309113334440764,-0.00026309113334440764,1457.315141168169,31.493526524547537,-31.493526524547537,58292.605646726755,1259.7410609819017,-1259.7410609819017,1743405.6269999999,47544.968875693834,-47544.968875693834,8742.037124476297,8934.301915292443,8553.909842123381,5.696053481535458,5.9774370821339105,5.427915813867425
059_210℃_160_1.0mm.csv,1.0,160,1.490435,0.300283626,1.502275,0.300225733,0.01184,2.014988485,210,0.011840000000000073,1714762.7519999999,1478.0405405405315,40.0,59121.62162162126,5.524568975151054,8868.24324324319,0.01201350000000001,0.00026309113334440764,-0.00026309113334440764,1457.315141168169,31.493526524547537,-31.493526524547537,58292.605646726755,1259.7410609819017,-1259.7410609819017,1743405.6269999999,47544.968875693834,-47544.968875693834,8742.037124476297,8934.301915292443,8553.909842123381,5.696053481535458,5.9774370821339105,5.427915813867425
060_210℃_160_1.0mm.csv,1.0,160,1.4904,0.300267465,1.50215,0.300217984,0.01175,1.984415937,210,0.01175000000000015,1684197.953,1489.3617021276407,40.0,59574.468085105626,5.384850598027279,8936.170212765845,0.01201350000000001,0.00026309113334440764,-0.00026309113334440764,1457.315141168169,31.493526524547537,-31.493526524547537,58292.605646726755,1259.7410609819017,-1259.7410609819017,1743405.6269999999,47544.968875693834,-47544.968875693834,8742.037124476297,8934.301915292443,8553.909842123381,5.696053481535458,5.9774370821339105,5.427915813867425
061_210℃_200_1.0mm.csv,1.0,200,1.490995,0.300161371,1.50105,0.300186722,0.010055,1.747462461,210,0.010054999999999925,1447275.739,1740.427647936363,40.0,69617.10591745452,3.959825185209495,10442.565887618179,0.009951999999999961,0.00014181756669120595,-0.00014181756669120595,1758.7626912277024,25.124068214602225,-25.124068214602225,70350.5076491081,1004.9627285840942,-1004.9627285840942,1437234.957,35762.377158917596,-35762.377158917596,10551.608784084332,10703.231508146226,10402.133958106719,3.890648501272418,4.040083538617091,3.746740782898443
062_210℃_200_1.0mm.csv,1.0,200,1.490955,0.300159787,1.501015,0.300299675,0.01006,1.737404736,210,0.010059999999999958,1437105.061,1739.5626242544804,40.0,69582.50497017922,3.933952901676174,10437.375745526882,0.009951999999999961,0.00014181756669120595,-0.00014181756669120595,1758.7626912277024,25.124068214602225,-25.124068214602225,70350.5076491081,1004.9627285840942,-1004.9627285840942,1437234.957,35762.377158917596,-35762.377158917596,10551.608784084332,10703.231508146226,10402.133958106719,3.890648501272418,4.040083538617091,3.746740782898443
063_210℃_200_1.0mm.csv,1.0,200,1.491145,0.30006749,1.50134,0.300269847,0.010195,1.820522999,210,0.010194999999999954,1520253.152,1716.5277096616067,40.0,68661.10838646427,4.217409764527871,10299.16625796964,0.009951999999999961,0.00014181756669120595,-0.00014181756669120595,1758.7626912277024,25.124068214602225,-25.124068214602225,70350.5076491081,1004.9627285840942,-1004.9627285840942,1437234.957,35762.377158917596,-35762.377158917596,10551.608784084332,10703.231508146226,10402.133958106719,3.890648501272418,4.040083538617091,3.746740782898443
064_210℃_200_1.0mm.csv,1.0,200,1.491015,0.300238981,1.50094,0.300240544,0.009925,1.719519237,210,0.009924999999999962,1419278.6930000002,1763.2241813602084,40.0,70528.96725440833,3.8330179668095092,10579.345088161248,0.009951999999999961,0.00014181756669120595,-0.00014181756669120595,1758.7626912277024,25.124068214602225,-25.124068214602225,70350.5076491081,1004.9627285840942,-1004.9627285840942,1437234.957,35762.377158917596,-35762.377158917596,10551.608784084332,10703.231508146226,10402.133958106719,3.890648501272418,4.040083538617091,3.746740782898443
065_210℃_200_1.0mm.csv,1.0,200,1.49097,0.300032459,1.500975,0.300302866,0.010005,1.727980162,210,0.010005000000000042,1427677.2959999999,1749.125437281352,40.0,69965.01749125408,3.8867785976816482,10494.752623688113,0.009951999999999961,0.00014181756669120595,-0.00014181756669120595,1758.7626912277024,25.124068214602225,-25.124068214602225,70350.5076491081,1004.9627285840942,-1004.9627285840942,1437234.957,35762.377158917596,-35762.377158917596,10551.608784084332,10703.231508146226,10402.133958106719,3.890648501272418,4.040083538617091,3.746740782898443
066_210℃_200_1.0mm.csv,1.0,200,1.49112,0.300238973,1.500855,0.300154937,0.009735,1.699582752,210,0.00973500000000005,1399427.815,1797.6373908577207,40.0,71905.49563430883,3.707055722183692,10785.824345146324,0.009951999999999961,0.00014181756669120595,-0.00014181756669120595,1758.7626912277024,25.124068214602225,-25.124068214602225,70350.5076491081,1004.9627285840942,-1004.9627285840942,1437234.957,35762.377158917596,-35762.377158917596,10551.608784084332,10703.231508146226,10402.133958106719,3.890648501272418,4.040083538617091,3.746740782898443
067_210℃_200_1.0mm.csv,1.0,200,1.49106,0.300124426,1.50097,0.300064365,0.00991,1.727329015,210,0.009909999999999863,1427264.6500000001,1765.8930373360486,40.0,70635.72149344195,3.8487599133332804,10595.35822401629,0.009951999999999961,0.00014181756669120595,-0.00014181756669120595,1758.7626912277024,25.124068214602225,-25.124068214602225,70350.5076491081,1004.9627285840942,-1004.9627285840942,1437234.957,35762.377158917596,-35762.377158917596,10551.608784084332,10703.231508146226,10402.133958106719,3.890648501272418,4.040083538617091,3.746740782898443
068_210℃_200_1.0mm.csv,1.0,200,1.491095,0.300135876,1.501035,0.300032958,0.00994,1.743539116,210,0.009939999999999838,1443506.1579999998,1760.5633802817188,40.0,70422.53521126875,3.904340465447555,10563.380281690313,0.009951999999999961,0.00014181756669120595,-0.00014181756669120595,1758.7626912277024,25.124068214602225,-25.124068214602225,70350.5076491081,1004.9627285840942,-1004.9627285840942,1437234.957,35762.377158917596,-35762.377158917596,10551.608784084332,10703.231508146226,10402.133958106719,3.890648501272418,4.040083538617091,3.746740782898443
069_210℃_200_1.0mm.csv,1.0,200,1.491085,0.300267041,1.50082,0.300120729,0.009735,1.691860477,210,0.00973500000000005,1391739.748,1797.6373908577207,40.0,71905.49563430883,3.6866901896000184,10785.824345146324,0.009951999999999961,0.00014181756669120595,-0.00014181756669120595,1758.7626912277024,25.124068214602225,-25.124068214602225,70350.5076491081,1004.9627285840942,-1004.9627285840942,1437234.957,35762.377158917596,-35762.377158917596,10551.608784084332,10703.231508146226,10402.133958106719,3.890648501272418,4.040083538617091,3.746740782898443
070_210℃_200_1.0mm.csv,1.0,200,1.491135,0.300242712,1.501095,0.300167078,0.00996,1.758988336,210,0.009959999999999969,1458821.258,1757.0281124498047,40.0,70281.12449799219,3.9537033278040687,10542.168674698829,0.009951999999999961,0.00014181756669120595,-0.00014181756669120595,1758.7626912277024,25.124068214602225,-25.124068214602225,70350.5076491081,1004.9627285840942,-1004.9627285840942,1437234.957,35762.377158917596,-35762.377158917596,10551.608784084332,10703.231508146226,10402.133958106719,3.890648501272418,4.040083538617091,3.746740782898443
071_210℃_240_1.0mm.csv,1.0,240,1.49136,0.300185636,1.50035,0.300183558,0.00899,1.582722107,210,0.008990000000000054,1282538.5489999999,1946.6073414905334,40.0,77864.29365962134,3.1374208314313106,11679.644048943203,0.008760999999999996,0.0003266139413232111,-0.0003266139413232111,2000.048752888518,76.36364187880413,-76.36364187880413,80001.95011554072,3054.545675152167,-3054.545675152167,1246133.8018999998,64007.26667343211,-64007.26667343211,11992.549319577074,12453.590537505548,11548.576191689688,2.9652182736329498,3.243258097472001,2.7110144015797606
072_210℃_240_1.0mm.csv,1.0,240,1.491435,0.300021335,1.50052,0.300272979,0.009085,1.624367996,210,0.00908500000000001,1324095.0169999998,1926.2520638414949,40.0,77050.0825536598,3.2733070012095267,11557.51238304897,0.008760999999999996,0.0003266139413232111,-0.0003266139413232111,2000.048752888518,76.36364187880413,-76.36364187880413,80001.95011554072,3054.545675152167,-3054.545675152167,1246133.8018999998,64007.26667343211,-64007.26667343211,11992.549319577074,12453.590537505548,11548.576191689688,2.9652182736329498,3.243258097472001,2.7110144015797606
073_210℃_240_1.0mm.csv,1.0,240,1.491475,0.300200193,1.50011,0.300332821,0.008635,1.525927686,210,0.008634999999999948,1225594.865,2026.6357845975801,40.0,81065.43138390321,2.879731063748282,12159.814707585483,0.008760999999999996,0.0003266139413232111,-0.0003266139413232111,2000.048752888518,76.36364187880413,-76.36364187880413,80001.95011554072,3054.545675152167,-3054.545675152167,1246133.8018999998,64007.26667343211,-64007.26667343211,11992.549319577074,12453.590537505548,11548.576191689688,2.9652182736329498,3.243258097472001,2.7110144015797606
074_210℃_240_1.0mm.csv,1.0,240,1.491515,0.300170071,1.499615,0.300268023,0.0081,1.411877723,210,0.008099999999999996,1111609.6999999997,2160.4938271604947,40.0,86419.75308641979,2.450078522448978,12962.962962962969,0.008760999999999996,0.0003266139413232111,-0.0003266139413232111,2000.048752888518,76.36364187880413,-76.36364187880413,80001.95011554072,3054.545675152167,-3054.545675152167,1246133.8018999998,64007.26667343211,-64007.26667343211,11992.549319577074,12453.590537505548,11548.576191689688,2.9652182736329498,3.243258097472001,2.7110144015797606
075_210℃_240_1.0mm.csv,1.0,240,1.491485,0.300162093,1.50018,0.300026302,0.008695,1.542559595,210,0.00869500000000012,1242533.2929999998,2012.650948821134,40.0,80506.03795284536,2.9398168660231687,12075.905692926804,0.008760999999999996,0.0003266139413232111,-0.0003266139413232111,2000.048752888518,76.36364187880413,-76.36364187880413,80001.95011554072,3054.545675152167,-3054.545675152167,1246133.8018999998,64007.26667343211,-64007.26667343211,11992.549319577074,12453.590537505548,11548.576191689688,2.9652182736329498,3.243258097472001,2.7110144015797606
076_210℃_240_1.0mm.csv,1.0,240,1.49157,0.300321206,1.50003,0.300000643,0.00846,1.507227733,210,0.008459999999999912,1207227.0899999999,2068.557919621771,40.0,82742.31678487084,2.7790860357550726,12411.347517730626,0.008760999999999996,0.0003266139413232111,-0.0003266139413232111,2000.048752888518,76.36364187880413,-76.36364187880413,80001.95011554072,3054.545675152167,-3054.545675152167,1246133.8018999998,64007.26667343211,-64007.26667343211,11992.549319577074,12453.590537505548,11548.576191689688,2.9652182736329498,3.243258097472001,2.7110144015797606
077_210℃_240_1.0mm.csv,1.0,240,1.491395,0.300157433,1.50011,0.300238589,0.008715,1.526289656,210,0.008715000000000028,1226051.0670000003,2008.0321285140496,40.0,80321.28514056199,2.9074925303142956,12048.192771084297,0.008760999999999996,0.0003266139413232111,-0.0003266139413232111,2000.048752888518,76.36364187880413,-76.36364187880413,80001.95011554072,3054.545675152167,-3054.545675152167,1246133.8018999998,64007.26667343211,-64007.26667343211,11992.549319577074,12453.590537505548,11548.576191689688,2.9652182736329498,3.243258097472001,2.7110144015797606
078_210℃_240_1.0mm.csv,1.0,240,1.4913,0.300236489,1.50049,0.30013999,0.00919,1.617130805,210,0.009190000000000031,1316990.815,1904.243743199123,40.0,76169.74972796493,3.2933729496190582,11425.46245919474,0.008760999999999996,0.0003266139413232111,-0.0003266139413232111,2000.048752888518,76.36364187880413,-76.36364187880413,80001.95011554072,3054.545675152167,-3054.545675152167,1246133.8018999998,64007.26667343211,-64007.26667343211,11992.549319577074,12453.590537505548,11548.576191689688,2.9652182736329498,3.243258097472001,2.7110144015797606
079_210℃_240_1.0mm.csv,1.0,240,1.491365,0.300248103,1.500085,0.300297707,0.00872,1.520969477,210,0.008719999999999839,1220671.77,2006.880733944991,40.0,80275.22935779965,2.8963966896325997,12041.284403669948,0.008760999999999996,0.0003266139413232111,-0.0003266139413232111,2000.048752888518,76.36364187880413,-76.36364187880413,80001.95011554072,3054.545675152167,-3054.545675152167,1246133.8018999998,64007.26667343211,-64007.26667343211,11992.549319577074,12453.590537505548,11548.576191689688,2.9652182736329498,3.243258097472001,2.7110144015797606
080_210℃_240_1.0mm.csv,1.0,240,1.491415,0.300320498,1.500435,0.300274904,0.00902,1.604300757,210,0.009020000000000028,1304025.8530000001,1940.1330376940073,40.0,77605.3215077603,3.2006294405605544,11640.798226164045,0.008760999999999996,0.0003266139413232111,-0.0003266139413232111,2000.048752888518,76.36364187880413,-76.36364187880413,80001.95011554072,3054.545675152167,-3054.545675152167,1246133.8018999998,64007.26667343211,-64007.26667343211,11992.549319577074,12453.590537505548,11548.576191689688,2.9652182736329498,3.243258097472001,2.7110144015797606
081_210℃_280_1.0mm.csv,1.0,280,1.491625,0.30008253,1.5002,0.300379929,0.008575,1.54860047,210,0.008575,1248220.541,2040.8163265306125,40.0,81632.6530612245,2.912514595666666,12244.897959183674,0.008302999999999994,0.0003000574019157944,-0.0003000574019157944,2110.149156014676,76.1875908574651,-76.1875908574651,84405.96624058703,3047.5036342986023,-3047.5036342986023,1170230.3035,59025.27822790527,-59025.27822790527,12653.463333547625,13118.988392199004,12204.457351958714,2.6393629439215105,2.876633064293238,2.421663310561148
082_210℃_280_1.0mm.csv,1.0,280,1.49157,0.300057271,1.499685,0.300169592,0.008115,1.427051749,210,0.008114999999999872,1126882.1570000001,2156.5003080715064,40.0,86260.01232286026,2.4883397834162873,12939.00184842904,0.008302999999999994,0.0003000574019157944,-0.0003000574019157944,2110.149156014676,76.1875908574651,-76.1875908574651,84405.96624058703,3047.5036342986023,-3047.5036342986023,1170230.3035,59025.27822790527,-59025.27822790527,12653.463333547625,13118.988392199004,12204.457351958714,2.6393629439215105,2.876633064293238,2.421663310561148
083_210℃_280_1.0mm.csv,1.0,280,1.49164,0.300282343,1.499595,0.300033395,0.007955,1.406265187,210,0.007954999999999934,1106231.792,2199.8742928975666,40.0,87994.97171590266,2.3945779334312727,13199.245757385399,0.008302999999999994,0.0003000574019157944,-0.0003000574019157944,2110.149156014676,76.1875908574651,-76.1875908574651,84405.96624058703,3047.5036342986023,-3047.5036342986023,1170230.3035,59025.27822790527,-59025.27822790527,12653.463333547625,13118.988392199004,12204.457351958714,2.6393629439215105,2.876633064293238,2.421663310561148
084_210℃_280_1.0mm.csv,1.0,280,1.49167,0.300146384,1.49957,0.300159766,0.0079,1.400591695,210,0.007900000000000018,1100431.929,2215.1898734177166,40.0,88607.59493670866,2.3655543507755152,13291.139240506298,0.008302999999999994,0.0003000574019157944,-0.0003000574019157944,2110.149156014676,76.1875908574651,-76.1875908574651,84405.96624058703,3047.5036342986023,-3047.5036342986023,1170230.3035,59025.27822790527,-59025.27822790527,12653.463333547625,13118.988392199004,12204.457351958714,2.6393629439215105,2.876633064293238,2.421663310561148
085_210℃_280_1.0mm.csv,1.0,280,1.49147,0.300315174,1.50022,0.300290941,0.00875,1.553094359,210,0.008750000000000036,1252803.418,1999.9999999999918,40.0,79999.99999999968,2.982865280952393,11999.999999999953,0.008302999999999994,0.0003000574019157944,-0.0003000574019157944,2110.149156014676,76.1875908574651,-76.1875908574651,84405.96624058703,3047.5036342986023,-3047.5036342986023,1170230.3035,59025.27822790527,-59025.27822790527,12653.463333547625,13118.988392199004,12204.457351958714,2.6393629439215105,2.876633064293238,2.421663310561148
086_210℃_280_1.0mm.csv,1.0,280,1.49151,0.300110903,1.49995,0.300095341,0.00844,1.488933989,210,0.008440000000000003,1188838.648,2073.4597156398095,40.0,82938.38862559237,2.7302852215292535,12440.758293838855,0.008302999999999994,0.0003000574019157944,-0.0003000574019157944,2110.149156014676,76.1875908574651,-76.1875908574651,84405.96624058703,3047.5036342986023,-3047.5036342986023,1170230.3035,59025.27822790527,-59025.27822790527,12653.463333547625,13118.988392199004,12204.457351958714,2.6393629439215105,2.876633064293238,2.421663310561148
087_210℃_280_1.0mm.csv,1.0,280,1.491565,0.300056478,1.499695,0.300079733,0.00813,1.43026041,210,0.00812999999999997,1130180.677,2152.5215252152598,40.0,86100.86100861039,2.5002364364652974,12915.129151291558,0.008302999999999994,0.0003000574019157944,-0.0003000574019157944,2110.149156014676,76.1875908574651,-76.1875908574651,84405.96624058703,3047.5036342986023,-3047.5036342986023,1170230.3035,59025.27822790527,-59025.27822790527,12653.463333547625,13118.988392199004,12204.457351958714,2.6393629439215105,2.876633064293238,2.421663310561148
088_210℃_280_1.0mm.csv,1.0,280,1.491595,0.300021092,1.499675,0.300006585,0.00808,1.424658871,210,0.008080000000000087,1124652.286,2165.8415841583924,40.0,86633.66336633569,2.4727048900354016,12995.049504950355,0.008302999999999994,0.0003000574019157944,-0.0003000574019157944,2110.149156014676,76.1875908574651,-76.1875908574651,84405.96624058703,3047.5036342986023,-3047.5036342986023,1170230.3035,59025.27822790527,-59025.27822790527,12653.463333547625,13118.988392199004,12204.457351958714,2.6393629439215105,2.876633064293238,2.421663310561148
089_210℃_280_1.0mm.csv,1.0,280,1.491525,0.300078541,1.50002,0.300186318,0.008495,1.505651679,210,0.00849499999999992,1205465.361,2060.035314891132,40.0,82401.41259564529,2.7865110861754836,12360.211889346794,0.008302999999999994,0.0003000574019157944,-0.0003000574019157944,2110.149156014676,76.1875908574651,-76.1875908574651,84405.96624058703,3047.5036342986023,-3047.5036342986023,1170230.3035,59025.27822790527,-59025.27822790527,12653.463333547625,13118.988392199004,12204.457351958714,2.6393629439215105,2.876633064293238,2.421663310561148
090_210℃_280_1.0mm.csv,1.0,280,1.491485,0.300024396,1.500075,0.300086821,0.00859,1.518683047,210,0.008590000000000098,1218596.2259999998,2037.2526193247731,40.0,81490.10477299092,2.848365056146971,12223.515715948637,0.008302999999999994,0.0003000574019157944,-0.0003000574019157944,2110.149156014676,76.1875908574651,-76.1875908574651,84405.96624058703,3047.5036342986023,-3047.5036342986023,1170230.3035,59025.27822790527,-59025.27822790527,12653.463333547625,13118.988392199004,12204.457351958714,2.6393629439215105,2.876633064293238,2.421663310561148
091_210℃_320_1.0mm.csv,1.0,320,1.491625,0.300195672,1.49977,0.300177546,0.008145,1.446225279,210,0.008145000000000069,1146047.733,2148.5573971761637,40.0,85942.29588704655,2.5400159959959394,12891.344383056983,0.00782299999999998,0.0003140169846786277,-0.0003140169846786277,2240.2255015583078,89.50251418613557,-89.50251418613557,89609.0200623323,3580.100567445424,-3580.100567445424,1087828.4667,62611.81906003438,-62611.81906003438,13431.668602642525,13980.602712184693,12904.28783116612,2.3105560692445466,2.5462785206011,2.096655690227678
092_210℃_320_1.0mm.csv,1.0,320,1.49175,0.300300396,1.49945,0.300275331,0.0077,1.372194963,210,0.00770000000000004,1071919.6320000002,2272.7272727272607,40.0,90909.09090909043,2.2459268480000123,13636.363636363565,0.00782299999999998,0.0003140169846786277,-0.0003140169846786277,2240.2255015583078,89.50251418613557,-89.50251418613557,89609.0200623323,3580.100567445424,-3580.100567445424,1087828.4667,62611.81906003438,-62611.81906003438,13431.668602642525,13980.602712184693,12904.28783116612,2.3105560692445466,2.5462785206011,2.096655690227678
093_210℃_320_1.0mm.csv,1.0,320,1.491745,0.300208964,1.499195,0.300338313,0.00745,1.316196519,210,0.007449999999999957,1015858.2059999999,2348.993288590618,40.0,93959.73154362472,2.0593588121632527,14093.959731543708,0.00782299999999998,0.0003140169846786277,-0.0003140169846786277,2240.2255015583078,89.50251418613557,-89.50251418613557,89609.0200623323,3580.100567445424,-3580.100567445424,1087828.4667,62611.81906003438,-62611.81906003438,13431.668602642525,13980.602712184693,12904.28783116612,2.3105560692445466,2.5462785206011,2.096655690227678
094_210℃_320_1.0mm.csv,1.0,320,1.49164,0.300023969,1.49973,0.300286945,0.00809,1.437472526,210,0.00808999999999993,1137185.581,2163.164400494456,40.0,86526.57601977824,2.503355469466645,12978.986402966735,0.00782299999999998,0.0003140169846786277,-0.0003140169846786277,2240.2255015583078,89.50251418613557,-89.50251418613557,89609.0200623323,3580.100567445424,-3580.100567445424,1087828.4667,62611.81906003438,-62611.81906003438,13431.668602642525,13980.602712184693,12904.28783116612,2.3105560692445466,2.5462785206011,2.096655690227678
095_210℃_320_1.0mm.csv,1.0,320,1.49166,0.300272883,1.4993,0.300076624,0.00764,1.339540768,210,0.007640000000000091,1039464.1440000001,2290.5759162303393,40.0,91623.03664921358,2.160954029975536,13743.455497382038,0.00782299999999998,0.0003140169846786277,-0.0003140169846786277,2240.2255015583078,89.50251418613557,-89.50251418613557,89609.0200623323,3580.100567445424,-3580.100567445424,1087828.4667,62611.81906003438,-62611.81906003438,13431.668602642525,13980.602712184693,12904.28783116612,2.3105560692445466,2.5462785206011,2.096655690227678
096_210℃_320_1.0mm.csv,1.0,320,1.49172,0.300129512,1.499555,0.300144499,0.007835,1.396804987,210,0.007835000000000036,1096660.4880000001,2233.567326100819,40.0,89342.69304403277,2.3380503193142967,13401.403956604914,0.00782299999999998,0.0003140169846786277,-0.0003140169846786277,2240.2255015583078,89.50251418613557,-89.50251418613557,89609.0200623323,3580.100567445424,-3580.100567445424,1087828.4667,62611.81906003438,-62611.81906003438,13431.668602642525,13980.602712184693,12904.28783116612,2.3105560692445466,2.5462785206011,2.096655690227678
097_210℃_320_1.0mm.csv,1.0,320,1.491805,0.300162506,1.499225,0.300145125,0.00742,1.322003127,210,0.007419999999999982,1021858.0019999999,2358.4905660377417,40.0,94339.62264150966,2.063179965942852,14150.94339622645,0.00782299999999998,0.0003140169846786277,-0.0003140169846786277,2240.2255015583078,89.50251418613557,-89.50251418613557,89609.0200623323,3580.100567445424,-3580.100567445424,1087828.4667,62611.81906003438,-62611.81906003438,13431.668602642525,13980.602712184693,12904.28783116612,2.3105560692445466,2.5462785206011,2.096655690227678
098_210℃_320_1.0mm.csv,1.0,320,1.491715,0.300217841,1.499785,0.300333502,0.00807,1.449513312,210,0.008070000000000022,1149179.81,2168.5254027261403,40.0,86741.01610904561,2.5235050521632725,13011.152416356843,0.00782299999999998,0.0003140169846786277,-0.0003140169846786277,2240.2255015583078,89.50251418613557,-89.50251418613557,89609.0200623323,3580.100567445424,-3580.100567445424,1087828.4667,62611.81906003438,-62611.81906003438,13431.668602642525,13980.602712184693,12904.28783116612,2.3105560692445466,2.5462785206011,2.096655690227678
099_210℃_320_1.0mm.csv,1.0,320,1.491635,0.30005135,1.499205,0.300237167,0.00757,1.319078364,210,0.007569999999999855,1018841.1969999999,2311.75693527085,40.0,92470.27741083401,2.098674247970027,13870.541611625104,0.00782299999999998,0.0003140169846786277,-0.0003140169846786277,2240.2255015583078,89.50251418613557,-89.50251418613557,89609.0200623323,3580.100567445424,-3580.100567445424,1087828.4667,62611.81906003438,-62611.81906003438,13431.668602642525,13980.602712184693,12904.28783116612,2.3105560692445466,2.5462785206011,2.096655690227678
100_210℃_320_1.0mm.csv,1.0,320,1.49161,0.300176598,1.49992,0.300316989,0.00831,1.481586863,210,0.008309999999999818,1181269.874,2105.8965102286866,40.0,84235.86040914746,2.67111636814688,12635.379061372118,0.00782299999999998,0.0003140169846786277,-0.0003140169846786277,2240.2255015583078,89.50251418613557,-89.50251418613557,89609.0200623323,3580.100567445424,-3580.100567445424,1087828.4667,62611.81906003438,-62611.81906003438,13431.668602642525,13980.602712184693,12904.28783116612,2.3105560692445466,2.5462785206011,2.096655690227678
001_230℃_010_1.0mm.csv,1.0,10,1.414705,0.300035387,1.609685,0.300009618,0.19498,3.57544647,230,0.19497999999999993,3275436.8520000004,89.75279515847782,40.0,3590.111806339113,173.78086459944484,538.516770950867,0.194556,0.0015430827730372385,-0.0015430827730372385,89.95348565749184,0.7131259338442848,-0.7131259338442848,3598.139426299674,28.525037353771346,-28.525037353771346,3253693.9052999998,27322.602750822567,-27322.602750822567,539.7056450197323,544.0023013349559,535.4429246923635,172.2415387946911,175.04352792118394,169.48440218664456
002_230℃_010_1.0mm.csv,1.0,10,1.41491,0.300016734,1.60809,0.300042284,0.19318,3.53974476,230,0.19318000000000013,3239702.4760000003,90.5890878972978,40.0,3623.563515891912,170.29815627583142,543.5345273837868,0.194556,0.0015430827730372385,-0.0015430827730372385,89.95348565749184,0.7131259338442848,-0.7131259338442848,3598.139426299674,28.525037353771346,-28.525037353771346,3253693.9052999998,27322.602750822567,-27322.602750822567,539.7056450197323,544.0023013349559,535.4429246923635,172.2415387946911,175.04352792118394,169.48440218664456
003_230℃_010_1.0mm.csv,1.0,10,1.414215,0.300029432,1.610955,0.300040801,0.19674,3.590759805,230,0.19673999999999991,3290719.0039999997,88.9498830944394,40.0,3557.9953237775762,176.1676345161795,533.6992985666363,0.194556,0.0015430827730372385,-0.0015430827730372385,89.95348565749184,0.7131259338442848,-0.7131259338442848,3598.139426299674,28.525037353771346,-28.525037353771346,3253693.9052999998,27322.602750822567,-27322.602750822567,539.7056450197323,544.0023013349559,535.4429246923635,172.2415387946911,175.04352792118394,169.48440218664456
004_230℃_010_1.0mm.csv,1.0,10,1.41415,0.300031229,1.610735,0.300035787,0.196585,3.586909612,230,0.196585,3286873.8249999997,89.02001678663173,40.0,3560.8006714652693,175.8231539830272,534.1201007197903,0.194556,0.0015430827730372385,-0.0015430827730372385,89.95348565749184,0.7131259338442848,-0.7131259338442848,3598.139426299674,28.525037353771346,-28.525037353771346,3253693.9052999998,27322.602750822567,-27322.602750822567,539.7056450197323,544.0023013349559,535.4429246923635,172.2415387946911,175.04352792118394,169.48440218664456
005_230℃_010_1.0mm.csv,1.0,10,1.414815,0.300048229,1.60752,0.30003235,0.192705,3.528776797,230,0.19270500000000013,3228744.447,90.8123816195739,40.0,3632.495264782956,169.3048159616695,544.8742897174434,0.194556,0.0015430827730372385,-0.0015430827730372385,89.95348565749184,0.7131259338442848,-0.7131259338442848,3598.139426299674,28.525037353771346,-28.525037353771346,3253693.9052999998,27322.602750822567,-27322.602750822567,539.7056450197323,544.0023013349559,535.4429246923635,172.2415387946911,175.04352792118394,169.48440218664456
006_230℃_010_1.0mm.csv,1.0,10,1.41441,0.300052098,1.6073,0.300047284,0.19289,3.516700985,230,0.19289,3216653.701,90.72528384053086,40.0,3629.011353621235,168.8327435063646,544.3517030431852,0.194556,0.0015430827730372385,-0.0015430827730372385,89.95348565749184,0.7131259338442848,-0.7131259338442848,3598.139426299674,28.525037353771346,-28.525037353771346,3253693.9052999998,27322.602750822567,-27322.602750822567,539.7056450197323,544.0023013349559,535.4429246923635,172.2415387946911,175.04352792118394,169.48440218664456
007_230℃_010_1.0mm.csv,1.0,10,1.414545,0.30000931,1.609505,0.300039385,0.19496,3.560109042,230,0.19496000000000002,3260069.657,89.76200246204348,40.0,3590.4800984817393,172.94780417108032,538.5720147722609,0.194556,0.0015430827730372385,-0.0015430827730372385,89.95348565749184,0.7131259338442848,-0.7131259338442848,3598.139426299674,28.525037353771346,-28.525037353771346,3253693.9052999998,27322.602750822567,-27322.602750822567,539.7056450197323,544.0023013349559,535.4429246923635,172.2415387946911,175.04352792118394,169.48440218664456
008_230℃_010_1.0mm.csv,1.0,10,1.41455,0.300010394,1.609545,0.300008851,0.194995,3.561413505,230,0.19499500000000003,3261404.654,89.74589092027999,40.0,3589.8356368111995,173.04968721271567,538.4753455216799,0.194556,0.0015430827730372385,-0.0015430827730372385,89.95348565749184,0.7131259338442848,-0.7131259338442848,3598.139426299674,28.525037353771346,-28.525037353771346,3253693.9052999998,27322.602750822567,-27322.602750822567,539.7056450197323,544.0023013349559,535.4429246923635,172.2415387946911,175.04352792118394,169.48440218664456
009_230℃_010_1.0mm.csv,1.0,10,1.413905,0.300036224,1.609535,0.300024291,0.19563,3.561410225,230,0.19562999999999997,3261385.934,89.45458263047591,40.0,3578.1833052190364,173.61222592337955,536.7274957828555,0.194556,0.0015430827730372385,-0.0015430827730372385,89.95348565749184,0.7131259338442848,-0.7131259338442848,3598.139426299674,28.525037353771346,-28.525037353771346,3253693.9052999998,27322.602750822567,-27322.602750822567,539.7056450197323,544.0023013349559,535.4429246923635,172.2415387946911,175.04352792118394,169.48440218664456
010_230℃_010_1.0mm.csv,1.0,10,1.41446,0.300042098,1.607355,0.300026311,0.192895,3.515974814,230,0.19289500000000004,3215948.503,90.72293216516756,40.0,3628.9172866067024,168.8001051663089,544.3375929910054,0.194556,0.0015430827730372385,-0.0015430827730372385,89.95348565749184,0.7131259338442848,-0.7131259338442848,3598.139426299674,28.525037353771346,-28.525037353771346,3253693.9052999998,27322.602750822567,-27322.602750822567,539.7056450197323,544.0023013349559,535.4429246923635,172.2415387946911,175.04352792118394,169.48440218664456
011_230℃_020_1.0mm.csv,1.0,20,1.45873,0.300096609,1.55084,0.300003899,0.09211,3.344066951,230,0.09210999999999991,3044063.0519999997,189.9902290739335,40.0,7599.60916295734,76.29623067203258,1139.941374443601,0.09237599999999999,0.000729054943821926,-0.000729054943821926,189.4537910768757,1.498771462590512,-1.498771462590512,7578.151643075027,59.95085850362038,-59.95085850362038,3059378.2089,26710.54332051502,-26710.54332051502,1136.690783726208,1145.7081654712892,1127.744373958099,76.89673236758935,78.1807597392957,75.63379364092546
012_230℃_020_1.0mm.csv,1.0,20,1.45886,0.300079489,1.550355,0.300060139,0.091495,3.326689127,230,0.09149499999999988,3026628.988,191.2672823651568,40.0,7650.691294606272,75.35276714477814,1147.6036941909408,0.09237599999999999,0.000729054943821926,-0.000729054943821926,189.4537910768757,1.498771462590512,-1.498771462590512,7578.151643075027,59.95085850362038,-59.95085850362038,3059378.2089,26710.54332051502,-26710.54332051502,1136.690783726208,1145.7081654712892,1127.744373958099,76.89673236758935,78.1807597392957,75.63379364092546
013_230℃_020_1.0mm.csv,1.0,20,1.4589,0.300001896,1.552005,0.300001262,0.093105,3.39209638,230,0.093105,3092095.1180000002,187.95983029912466,40.0,7518.393211964986,78.33728325480001,1127.7589817947478,0.09237599999999999,0.000729054943821926,-0.000729054943821926,189.4537910768757,1.498771462590512,-1.498771462590512,7578.151643075027,59.95085850362038,-59.95085850362038,3059378.2089,26710.54332051502,-26710.54332051502,1136.690783726208,1145.7081654712892,1127.744373958099,76.89673236758935,78.1807597392957,75.63379364092546
014_230℃_020_1.0mm.csv,1.0,20,1.45905,0.300049975,1.550535,0.30005932,0.091485,3.336124523,230,0.09148500000000004,3036065.203,191.28818932065357,40.0,7651.527572826143,75.57943540039595,1147.7291359239214,0.09237599999999999,0.000729054943821926,-0.000729054943821926,189.4537910768757,1.498771462590512,-1.498771462590512,7578.151643075027,59.95085850362038,-59.95085850362038,3059378.2089,26710.54332051502,-26710.54332051502,1136.690783726208,1145.7081654712892,1127.744373958099,76.89673236758935,78.1807597392957,75.63379364092546
015_230℃_020_1.0mm.csv,1.0,20,1.45871,0.30003174,1.551265,0.300016459,0.092555,3.361691165,230,0.09255499999999994,3061674.706,189.0767651666578,40.0,7563.0706066663115,77.1083816092054,1134.4605909999468,0.09237599999999999,0.000729054943821926,-0.000729054943821926,189.4537910768757,1.498771462590512,-1.498771462590512,7578.151643075027,59.95085850362038,-59.95085850362038,3059378.2089,26710.54332051502,-26710.54332051502,1136.690783726208,1145.7081654712892,1127.744373958099,76.89673236758935,78.1807597392957,75.63379364092546
016_230℃_020_1.0mm.csv,1.0,20,1.45878,0.300052254,1.551655,0.300100732,0.092875,3.376055671,230,0.09287500000000004,3075954.939,188.42530282637946,40.0,7537.012113055179,77.73586801622452,1130.551816958277,0.09237599999999999,0.000729054943821926,-0.000729054943821926,189.4537910768757,1.498771462590512,-1.498771462590512,7578.151643075027,59.95085850362038,-59.95085850362038,3059378.2089,26710.54332051502,-26710.54332051502,1136.690783726208,1145.7081654712892,1127.744373958099,76.89673236758935,78.1807597392957,75.63379364092546
017_230℃_020_1.0mm.csv,1.0,20,1.458875,0.300045501,1.552175,0.300091071,0.0933,3.397773609,230,0.09330000000000016,3097682.5379999997,187.5669882100747,40.0,7502.679528402988,78.64320565861237,1125.4019292604482,0.09237599999999999,0.000729054943821926,-0.000729054943821926,189.4537910768757,1.498771462590512,-1.498771462590512,7578.151643075027,59.95085850362038,-59.95085850362038,3059378.2089,26710.54332051502,-26710.54332051502,1136.690783726208,1145.7081654712892,1127.744373958099,76.89673236758935,78.1807597392957,75.63379364092546
018_230℃_020_1.0mm.csv,1.0,20,1.458715,0.300071454,1.551245,0.300021379,0.09253,3.36157677,230,0.09253,3061555.3910000003,189.12785042688859,40.0,7565.114017075543,77.08454974945035,1134.7671025613315,0.09237599999999999,0.000729054943821926,-0.000729054943821926,189.4537910768757,1.498771462590512,-1.498771462590512,7578.151643075027,59.95085850362038,-59.95085850362038,3059378.2089,26710.54332051502,-26710.54332051502,1136.690783726208,1145.7081654712892,1127.744373958099,76.89673236758935,78.1807597392957,75.63379364092546
019_230℃_020_1.0mm.csv,1.0,20,1.45886,0.300088987,1.55019,0.300007093,0.09133,3.321343673,230,0.09132999999999991,3021336.5799999996,191.61283258513103,40.0,7664.5133034052415,75.08535234051692,1149.6769955107861,0.09237599999999999,0.000729054943821926,-0.000729054943821926,189.4537910768757,1.498771462590512,-1.498771462590512,7578.151643075027,59.95085850362038,-59.95085850362038,3059378.2089,26710.54332051502,-26710.54332051502,1136.690783726208,1145.7081654712892,1127.744373958099,76.89673236758935,78.1807597392957,75.63379364092546
020_230℃_020_1.0mm.csv,1.0,20,1.45866,0.300002221,1.551635,0.300082712,0.092975,3.376808286,230,0.09297500000000003,3076725.574,188.2226404947566,40.0,7528.905619790265,77.83906401160547,1129.3358429685397,0.09237599999999999,0.000729054943821926,-0.000729054943821926,189.4537910768757,1.498771462590512,-1.498771462590512,7578.151643075027,59.95085850362038,-59.95085850362038,3059378.2089,26710.54332051502,-26710.54332051502,1136.690783726208,1145.7081654712892,1127.744373958099,76.89673236758935,78.1807597392957,75.63379364092546
021_230℃_040_1.0mm.csv,1.0,40,1.479245,0.300138459,1.52452,0.300045751,0.045275,3.391806458,230,0.045275000000000176,3091760.707,386.5267807840957,40.0,15461.071231363829,38.08965061480967,2319.160684704574,0.04488749999999997,0.0003259452067108993,-0.0003259452067108993,389.88208332644115,2.8362914489212026,-2.8362914489212026,15595.283333057649,113.45165795684775,-113.45165795684775,3055860.6709,23339.560573882223,-23339.560573882223,2339.23685851773,2356.3006183145903,2322.2966703467237,37.32328818748056,37.87939483145642,36.77534573411148
022_230℃_040_1.0mm.csv,1.0,40,1.479125,0.300053235,1.52436,0.300005033,0.045235,3.375949059,230,0.045234999999999914,3075944.0259999996,386.8685752183051,40.0,15474.743008732205,37.8613137458802,2321.2114513098304,0.04488749999999997,0.0003259452067108993,-0.0003259452067108993,389.88208332644115,2.8362914489212026,-2.8362914489212026,15595.283333057649,113.45165795684775,-113.45165795684775,3055860.6709,23339.560573882223,-23339.560573882223,2339.23685851773,2356.3006183145903,2322.2966703467237,37.32328818748056,37.87939483145642,36.77534573411148
023_230℃_040_1.0mm.csv,1.0,40,1.47915,0.300057018,1.52421,0.300085383,0.04506,3.367696104,230,0.0450600000000001,3067610.7210000004,388.3710608078109,40.0,15534.842432312436,37.61266369748581,2330.2263648468656,0.04488749999999997,0.0003259452067108993,-0.0003259452067108993,389.88208332644115,2.8362914489212026,-2.8362914489212026,15595.283333057649,113.45165795684775,-113.45165795684775,3055860.6709,23339.560573882223,-23339.560573882223,2339.23685851773,2356.3006183145903,2322.2966703467237,37.32328818748056,37.87939483145642,36.77534573411148
024_230℃_040_1.0mm.csv,1.0,40,1.4793,0.300098564,1.52417,0.300140105,0.04487,3.364442634,230,0.044869999999999965,3064302.529,390.01560062402524,40.0,15600.62402496101,37.4136746874095,2340.093603744151,0.04488749999999997,0.0003259452067108993,-0.0003259452067108993,389.88208332644115,2.8362914489212026,-2.8362914489212026,15595.283333057649,113.45165795684775,-113.45165795684775,3055860.6709,23339.560573882223,-23339.560573882223,2339.23685851773,2356.3006183145903,2322.2966703467237,37.32328818748056,37.87939483145642,36.77534573411148
025_230℃_040_1.0mm.csv,1.0,40,1.47927,0.300102843,1.52385,0.300060062,0.04458,3.334942492,230,0.04457999999999984,3034882.43,392.5527142216254,40.0,15702.108568865016,36.81498196718355,2355.316285329752,0.04488749999999997,0.0003259452067108993,-0.0003259452067108993,389.88208332644115,2.8362914489212026,-2.8362914489212026,15595.283333057649,113.45165795684775,-113.45165795684775,3055860.6709,23339.560573882223,-23339.560573882223,2339.23685851773,2356.3006183145903,2322.2966703467237,37.32328818748056,37.87939483145642,36.77534573411148
026_230℃_040_1.0mm.csv,1.0,40,1.479265,0.300146385,1.524085,0.300098789,0.04482,3.352167363,230,0.04481999999999986,3052068.5739999996,390.4506916555122,40.0,15618.027666220487,37.22277918004885,2342.704149933073,0.04488749999999997,0.0003259452067108993,-0.0003259452067108993,389.88208332644115,2.8362914489212026,-2.8362914489212026,15595.283333057649,113.45165795684775,-113.45165795684775,3055860.6709,23339.560573882223,-23339.560573882223,2339.23685851773,2356.3006183145903,2322.2966703467237,37.32328818748056,37.87939483145642,36.77534573411148
027_230℃_040_1.0mm.csv,1.0,40,1.479165,0.300026257,1.52441,0.300160622,0.045245,3.375687213,230,0.04524499999999998,3075526.591,386.7830699524811,40.0,15471.322798099245,37.86454438361767,2320.6984197148868,0.04488749999999997,0.0003259452067108993,-0.0003259452067108993,389.88208332644115,2.8362914489212026,-2.8362914489212026,15595.283333057649,113.45165795684775,-113.45165795684775,3055860.6709,23339.560573882223,-23339.560573882223,2339.23685851773,2356.3006183145903,2322.2966703467237,37.32328818748056,37.87939483145642,36.77534573411148
028_230℃_040_1.0mm.csv,1.0,40,1.479115,0.300013142,1.52405,0.300146752,0.044935,3.350125315,230,0.04493499999999995,3049978.563,389.4514298431072,40.0,15578.057193724288,37.29273108255914,2336.7085790586434,0.04488749999999997,0.0003259452067108993,-0.0003259452067108993,389.88208332644115,2.8362914489212026,-2.8362914489212026,15595.283333057649,113.45165795684775,-113.45165795684775,3055860.6709,23339.560573882223,-23339.560573882223,2339.23685851773,2356.3006183145903,2322.2966703467237,37.32328818748056,37.87939483145642,36.77534573411148
029_230℃_040_1.0mm.csv,1.0,40,1.47924,0.300130982,1.523705,0.300140005,0.044465,3.323921599,230,0.04446499999999998,3023781.5940000005,393.56797481164983,40.0,15742.718992465994,36.58570029311835,2361.407848869899,0.04488749999999997,0.0003259452067108993,-0.0003259452067108993,389.88208332644115,2.8362914489212026,-2.8362914489212026,15595.283333057649,113.45165795684775,-113.45165795684775,3055860.6709,23339.560573882223,-23339.560573882223,2339.23685851773,2356.3006183145903,2322.2966703467237,37.32328818748056,37.87939483145642,36.77534573411148
030_230℃_040_1.0mm.csv,1.0,40,1.47929,0.300082947,1.52368,0.300170559,0.04439,3.322921533,230,0.04438999999999993,3022750.974,394.2329353457992,40.0,15769.317413831968,36.511541696832595,2365.3976120747952,0.04488749999999997,0.0003259452067108993,-0.0003259452067108993,389.88208332644115,2.8362914489212026,-2.8362914489212026,15595.283333057649,113.45165795684775,-113.45165795684775,3055860.6709,23339.560573882223,-23339.560573882223,2339.23685851773,2356.3006183145903,2322.2966703467237,37.32328818748056,37.87939483145642,36.77534573411148
031_230℃_080_1.0mm.csv,1.0,80,1.486725,0.300228509,1.50952,0.300029372,0.022795,2.987575774,230,0.0227949999999999,2687546.4020000002,767.7122175915805,40.0,30708.48870366322,16.67010074383394,4606.273305549483,0.022574499999999942,0.0002665254834595026,-0.0002665254834595026,775.3080153654245,9.133806897284384,-9.133806897284384,31012.32061461698,365.3522758913756,-365.3522758913756,2654522.0479,35666.544094395016,-35666.544094395016,4651.557152112031,4706.74080257523,4597.020496120415,16.303642871615068,16.714971600848234,15.902436284825983
032_230℃_080_1.0mm.csv,1.0,80,1.48663,0.300161963,1.50942,0.300071204,0.02279,2.969431617,230,0.022790000000000088,2669360.413,767.880649407632,40.0,30715.22597630528,16.553666343474895,4607.2838964457915,0.022574499999999942,0.0002665254834595026,-0.0002665254834595026,775.3080153654245,9.133806897284384,-9.133806897284384,31012.32061461698,365.3522758913756,-365.3522758913756,2654522.0479,35666.544094395016,-35666.544094395016,4651.557152112031,4706.74080257523,4597.020496120415,16.303642871615068,16.714971600848234,15.902436284825983
033_230℃_080_1.0mm.csv,1.0,80,1.48684,0.300231025,1.508985,0.30003569,0.022145,2.899163033,230,0.02214500000000008,2599127.343,790.2461052156214,40.0,31609.844208624854,15.661952383873528,4741.476631293728,0.022574499999999942,0.0002665254834595026,-0.0002665254834595026,775.3080153654245,9.133806897284384,-9.133806897284384,31012.32061461698,365.3522758913756,-365.3522758913756,2654522.0479,35666.544094395016,-35666.544094395016,4651.557152112031,4706.74080257523,4597.020496120415,16.303642871615068,16.714971600848234,15.902436284825983
034_230℃_080_1.0mm.csv,1.0,80,1.48686,0.30009238,1.509315,0.300107599,0.022455,2.956383624,230,0.02245499999999989,2656276.025,779.3364506791398,40.0,31173.458027165594,16.23038860989788,4676.01870407484,0.022574499999999942,0.0002665254834595026,-0.0002665254834595026,775.3080153654245,9.133806897284384,-9.133806897284384,31012.32061461698,365.3522758913756,-365.3522758913756,2654522.0479,35666.544094395016,-35666.544094395016,4651.557152112031,4706.74080257523,4597.020496120415,16.303642871615068,16.714971600848234,15.902436284825983
035_230℃_080_1.0mm.csv,1.0,80,1.48686,0.300233366,1.509345,0.300218748,0.022485,2.961788843,230,0.022484999999999866,2661570.095,778.2966422059197,40.0,31131.86568823679,16.284463560836638,4669.779853235518,0.022574499999999942,0.0002665254834595026,-0.0002665254834595026,775.3080153654245,9.133806897284384,-9.133806897284384,31012.32061461698,365.3522758913756,-365.3522758913756,2654522.0479,35666.544094395016,-35666.544094395016,4651.557152112031,4706.74080257523,4597.020496120415,16.303642871615068,16.714971600848234,15.902436284825983
036_230℃_080_1.0mm.csv,1.0,80,1.48665,0.300048739,1.50969,0.300103853,0.02304,3.0153478,230,0.02303999999999995,2715243.9469999997,759.5486111111128,40.0,30381.94444444451,17.022917153436698,4557.291666666677,0.022574499999999942,0.0002665254834595026,-0.0002665254834595026,775.3080153654245,9.133806897284384,-9.133806897284384,31012.32061461698,365.3522758913756,-365.3522758913756,2654522.0479,35666.544094395016,-35666.544094395016,4651.557152112031,4706.74080257523,4597.020496120415,16.303642871615068,16.714971600848234,15.902436284825983
037_230℃_080_1.0mm.csv,1.0,80,1.486755,0.3000215,1.509215,0.300168806,0.02246,2.934890187,230,0.022459999999999924,2634721.3810000005,779.1629563668771,40.0,31166.518254675084,16.102269991091106,4674.977738201263,0.022574499999999942,0.0002665254834595026,-0.0002665254834595026,775.3080153654245,9.133806897284384,-9.133806897284384,31012.32061461698,365.3522758913756,-365.3522758913756,2654522.0479,35666.544094395016,-35666.544094395016,4651.557152112031,4706.74080257523,4597.020496120415,16.303642871615068,16.714971600848234,15.902436284825983
038_230℃_080_1.0mm.csv,1.0,80,1.486695,0.300093596,1.509475,0.30018905,0.02278,2.979006929,230,0.0227799999999998,2678817.8789999997,768.2177348551428,40.0,30728.70939420571,16.605026199624344,4609.306409130857,0.022574499999999942,0.0002665254834595026,-0.0002665254834595026,775.3080153654245,9.133806897284384,-9.133806897284384,31012.32061461698,365.3522758913756,-365.3522758913756,2654522.0479,35666.544094395016,-35666.544094395016,4651.557152112031,4706.74080257523,4597.020496120415,16.303642871615068,16.714971600848234,15.902436284825983
039_230℃_080_1.0mm.csv,1.0,80,1.48675,0.3000772,1.509185,0.30017215,0.022435,2.929728368,230,0.022434999999999983,2629556.2180000003,780.0312012480505,40.0,31201.24804992202,16.05281462607618,4680.187207488302,0.022574499999999942,0.0002665254834595026,-0.0002665254834595026,775.3080153654245,9.133806897284384,-9.133806897284384,31012.32061461698,365.3522758913756,-365.3522758913756,2654522.0479,35666.544094395016,-35666.544094395016,4651.557152112031,4706.74080257523,4597.020496120415,16.303642871615068,16.714971600848234,15.902436284825983
040_230℃_080_1.0mm.csv,1.0,80,1.48673,0.30001611,1.50909,0.300042604,0.02236,2.91304338,230,0.022359999999999935,2613000.7759999996,782.6475849731686,40.0,31305.903398926745,15.89842104798907,4695.885509839011,0.022574499999999942,0.0002665254834595026,-0.0002665254834595026,775.3080153654245,9.133806897284384,-9.133806897284384,31012.32061461698,365.3522758913756,-365.3522758913756,2654522.0479,35666.544094395016,-35666.544094395016,4651.557152112031,4706.74080257523,4597.020496120415,16.303642871615068,16.714971600848234,15.902436284825983
041_230℃_120_1.0mm.csv,1.0,120,1.48909,0.300143228,1.504305,0.300177951,0.015215,2.347563704,230,0.015214999999999979,2047385.7530000003,1150.1807426881383,40.0,46007.229707525534,8.476455573304749,6901.08445612883,0.015430000000000032,0.00024160344000494834,-0.00024160344000494834,1134.401267670155,17.53214749299638,-17.53214749299638,45376.0507068062,701.2858997198559,-701.2858997198559,2081592.6281000003,39128.60618810189,-39128.60618810189,6805.669722003441,6912.363442883212,6700.622840177958,8.737520661417683,9.036448098289355,8.448481801511509
042_230℃_120_1.0mm.csv,1.0,120,1.489115,0.300267977,1.504645,0.300290657,0.01553,2.424972091,230,0.015530000000000044,2124681.434,1126.851255634253,40.0,45074.05022537012,8.978585760549686,6761.107533805518,0.015430000000000032,0.00024160344000494834,-0.00024160344000494834,1134.401267670155,17.53214749299638,-17.53214749299638,45376.0507068062,701.2858997198559,-701.2858997198559,2081592.6281000003,39128.60618810189,-39128.60618810189,6805.669722003441,6912.363442883212,6700.622840177958,8.737520661417683,9.036448098289355,8.448481801511509
043_230℃_120_1.0mm.csv,1.0,120,1.489145,0.300215998,1.50448,0.300191213,0.015335,2.388023376,230,0.015335000000000099,2087832.163,1141.1803064884177,40.0,45647.21225953671,8.712083325062641,6847.081838930506,0.015430000000000032,0.00024160344000494834,-0.00024160344000494834,1134.401267670155,17.53214749299638,-17.53214749299638,45376.0507068062,701.2858997198559,-701.2858997198559,2081592.6281000003,39128.60618810189,-39128.60618810189,6805.669722003441,6912.363442883212,6700.622840177958,8.737520661417683,9.036448098289355,8.448481801511509
044_230℃_120_1.0mm.csv,1.0,120,1.48885,0.300151777,1.504815,0.300011191,0.015965,2.456890578,230,0.015965000000000007,2156879.387,1096.1478233636074,40.0,43845.91293454429,9.369953581892522,6576.886940181644,0.015430000000000032,0.00024160344000494834,-0.00024160344000494834,1134.401267670155,17.53214749299638,-17.53214749299638,45376.0507068062,701.2858997198559,-701.2858997198559,2081592.6281000003,39128.60618810189,-39128.60618810189,6805.669722003441,6912.363442883212,6700.622840177958,8.737520661417683,9.036448098289355,8.448481801511509
045_230℃_120_1.0mm.csv,1.0,120,1.489045,0.300008093,1.504535,0.300170506,0.01549,2.397338344,230,0.015490000000000004,2097167.838,1129.7611362169139,40.0,45190.44544867655,8.839491104930614,6778.566817301483,0.015430000000000032,0.00024160344000494834,-0.00024160344000494834,1134.401267670155,17.53214749299638,-17.53214749299638,45376.0507068062,701.2858997198559,-701.2858997198559,2081592.6281000003,39128.60618810189,-39128.60618810189,6805.669722003441,6912.363442883212,6700.622840177958,8.737520661417683,9.036448098289355,8.448481801511509
046_230℃_120_1.0mm.csv,1.0,120,1.488985,0.300186374,1.50431,0.300081539,0.015325,2.347641522,230,0.015325000000000033,2047559.9830000002,1141.9249592169633,40.0,45676.998368678534,8.53846441890478,6851.54975530178,0.015430000000000032,0.00024160344000494834,-0.00024160344000494834,1134.401267670155,17.53214749299638,-17.53214749299638,45376.0507068062,701.2858997198559,-701.2858997198559,2081592.6281000003,39128.60618810189,-39128.60618810189,6805.669722003441,6912.363442883212,6700.622840177958,8.737520661417683,9.036448098289355,8.448481801511509
047_230℃_120_1.0mm.csv,1.0,120,1.489045,0.300012335,1.504315,0.300105832,0.01527,2.348980896,230,0.015270000000000117,2048875.0640000002,1146.0379829731412,40.0,45841.519318925646,8.513284959804148,6876.227897838847,0.015430000000000032,0.00024160344000494834,-0.00024160344000494834,1134.401267670155,17.53214749299638,-17.53214749299638,45376.0507068062,701.2858997198559,-701.2858997198559,2081592.6281000003,39128.60618810189,-39128.60618810189,6805.669722003441,6912.363442883212,6700.622840177958,8.737520661417683,9.036448098289355,8.448481801511509
048_230℃_120_1.0mm.csv,1.0,120,1.489125,0.300077002,1.504235,0.300226177,0.01511,2.334174412,230,0.015109999999999957,2033948.235,1158.1733951025844,40.0,46326.93580410338,8.362709613836712,6949.040370615507,0.015430000000000032,0.00024160344000494834,-0.00024160344000494834,1134.401267670155,17.53214749299638,-17.53214749299638,45376.0507068062,701.2858997198559,-701.2858997198559,2081592.6281000003,39128.60618810189,-39128.60618810189,6805.669722003441,6912.363442883212,6700.622840177958,8.737520661417683,9.036448098289355,8.448481801511509
049_230℃_120_1.0mm.csv,1.0,120,1.48898,0.300195332,1.504435,0.300187452,0.015455,2.374387434,230,0.015454999999999997,2074199.982,1132.3196376577162,40.0,45292.785506308646,8.722928087567345,6793.917825946296,0.015430000000000032,0.00024160344000494834,-0.00024160344000494834,1134.401267670155,17.53214749299638,-17.53214749299638,45376.0507068062,701.2858997198559,-701.2858997198559,2081592.6281000003,39128.60618810189,-39128.60618810189,6805.669722003441,6912.363442883212,6700.622840177958,8.737520661417683,9.036448098289355,8.448481801511509
050_230℃_120_1.0mm.csv,1.0,120,1.48894,0.30015733,1.504545,0.300056604,0.015605,2.397453046,230,0.015605000000000091,2097396.442,1121.435437359814,40.0,44857.41749439256,8.90608747684631,6728.6126241588845,0.015430000000000032,0.00024160344000494834,-0.00024160344000494834,1134.401267670155,17.53214749299638,-17.53214749299638,45376.0507068062,701.2858997198559,-701.2858997198559,2081592.6281000003,39128.60618810189,-39128.60618810189,6805.669722003441,6912.363442883212,6700.622840177958,8.737520661417683,9.036448098289355,8.448481801511509
051_230℃_160_1.0mm.csv,1.0,160,1.490245,0.300253081,1.50193,0.300067627,0.011685,1.915523388,230,0.011684999999999945,1615455.761,1497.6465554129295,40.0,59905.862216517184,5.136489950281608,8985.879332477578,0.011924499999999916,0.0002442044908132135,-0.0002442044908132135,1468.1117587225501,29.570985588929585,-29.570985588929585,58724.470348902,1182.8394235571843,-1182.8394235571843,1648735.7363,34823.705864519754,-34823.705864519754,8807.044491075638,8987.755682651798,8629.966746592827,5.347694714783147,5.57140485792694,5.132967266205916
052_230℃_160_1.0mm.csv,1.0,160,1.490195,0.300264972,1.501955,0.300248386,0.01176,1.921148232,230,0.011759999999999993,1620899.846,1488.095238095239,40.0,59523.809523809556,5.186879507199997,8928.571428571433,0.011924499999999916,0.0002442044908132135,-0.0002442044908132135,1468.1117587225501,29.570985588929585,-29.570985588929585,58724.470348902,1182.8394235571843,-1182.8394235571843,1648735.7363,34823.705864519754,-34823.705864519754,8807.044491075638,8987.755682651798,8629.966746592827,5.347694714783147,5.57140485792694,5.132967266205916
053_230℃_160_1.0mm.csv,1.0,160,1.48998,0.300095445,1.50237,0.300092773,0.01239,2.015028858,230,0.012389999999999901,1714936.085,1412.4293785310847,40.0,56497.17514124339,5.781784515142811,8474.576271186508,0.011924499999999916,0.0002442044908132135,-0.0002442044908132135,1468.1117587225501,29.570985588929585,-29.570985588929585,58724.470348902,1182.8394235571843,-1182.8394235571843,1648735.7363,34823.705864519754,-34823.705864519754,8807.044491075638,8987.755682651798,8629.966746592827,5.347694714783147,5.57140485792694,5.132967266205916
054_230℃_160_1.0mm.csv,1.0,160,1.49022,0.300105564,1.502055,0.300044091,0.011835,1.944606705,230,0.011834999999999818,1644562.614,1478.664976763859,40.0,59146.59907055436,5.296162867126449,8871.989860583153,0.011924499999999916,0.0002442044908132135,-0.0002442044908132135,1468.1117587225501,29.570985588929585,-29.570985588929585,58724.470348902,1182.8394235571843,-1182.8394235571843,1648735.7363,34823.705864519754,-34823.705864519754,8807.044491075638,8987.755682651798,8629.966746592827,5.347694714783147,5.57140485792694,5.132967266205916
055_230℃_160_1.0mm.csv,1.0,160,1.4901,0.300263614,1.501995,0.300104677,0.011895,1.929269389,230,0.011894999999999989,1629164.7119999998,1471.2063892391775,40.0,58848.2555695671,5.273173945371422,8827.238335435066,0.011924499999999916,0.0002442044908132135,-0.0002442044908132135,1468.1117587225501,29.570985588929585,-29.570985588929585,58724.470348902,1182.8394235571843,-1182.8394235571843,1648735.7363,34823.705864519754,-34823.705864519754,8807.044491075638,8987.755682651798,8629.966746592827,5.347694714783147,5.57140485792694,5.132967266205916
056_230℃_160_1.0mm.csv,1.0,160,1.490025,0.300165722,1.50224,0.30021872,0.012215,1.984557828,230,0.012215000000000087,1684339.108,1432.6647564469813,40.0,57306.59025787925,5.598422368495277,8595.988538681888,0.011924499999999916,0.0002442044908132135,-0.0002442044908132135,1468.1117587225501,29.570985588929585,-29.570985588929585,58724.470348902,1182.8394235571843,-1182.8394235571843,1648735.7363,34823.705864519754,-34823.705864519754,8807.044491075638,8987.755682651798,8629.966746592827,5.347694714783147,5.57140485792694,5.132967266205916
057_230℃_160_1.0mm.csv,1.0,160,1.49024,0.300192286,1.50202,0.300027512,0.01178,1.93625086,230,0.011779999999999902,1636223.348,1485.5687606112178,40.0,59422.75042444871,5.24481933045982,8913.412563667307,0.011924499999999916,0.0002442044908132135,-0.0002442044908132135,1468.1117587225501,29.570985588929585,-29.570985588929585,58724.470348902,1182.8394235571843,-1182.8394235571843,1648735.7363,34823.705864519754,-34823.705864519754,8807.044491075638,8987.755682651798,8629.966746592827,5.347694714783147,5.57140485792694,5.132967266205916
058_230℃_160_1.0mm.csv,1.0,160,1.490085,0.300013686,1.50226,0.300066146,0.012175,1.990501477,230,0.012174999999999825,1690435.331,1437.3716632443738,40.0,57494.866529774954,5.600285756442096,8624.229979466243,0.011924499999999916,0.0002442044908132135,-0.0002442044908132135,1468.1117587225501,29.570985588929585,-29.570985588929585,58724.470348902,1182.8394235571843,-1182.8394235571843,1648735.7363,34823.705864519754,-34823.705864519754,8807.044491075638,8987.755682651798,8629.966746592827,5.347694714783147,5.57140485792694,5.132967266205916
059_230℃_160_1.0mm.csv,1.0,160,1.490185,0.300287533,1.501965,0.300143652,0.01178,1.922508785,230,0.011779999999999902,1622365.133,1485.5687606112178,40.0,59422.75042444871,5.200397623602678,8913.412563667307,0.011924499999999916,0.0002442044908132135,-0.0002442044908132135,1468.1117587225501,29.570985588929585,-29.570985588929585,58724.470348902,1182.8394235571843,-1182.8394235571843,1648735.7363,34823.705864519754,-34823.705864519754,8807.044491075638,8987.755682651798,8629.966746592827,5.347694714783147,5.57140485792694,5.132967266205916
060_230℃_160_1.0mm.csv,1.0,160,1.490255,0.300038005,1.501985,0.300090332,0.01173,1.929065757,230,0.011729999999999796,1628975.425,1491.9011082694205,40.0,59676.04433077682,5.199423601428482,8951.406649616523,0.011924499999999916,0.0002442044908132135,-0.0002442044908132135,1468.1117587225501,29.570985588929585,-29.570985588929585,58724.470348902,1182.8394235571843,-1182.8394235571843,1648735.7363,34823.705864519754,-34823.705864519754,8807.044491075638,8987.755682651798,8629.966746592827,5.347694714783147,5.57140485792694,5.132967266205916
061_230℃_200_1.0mm.csv,1.0,200,1.49091,0.300145261,1.500805,0.300190079,0.009895,1.682004551,230,0.009894999999999987,1381814.4719999998,1768.569984840831,40.0,70742.79939363324,3.7205589661061174,10611.419909044986,0.009863500000000025,0.00033746645923868015,-0.00033746645923868015,1776.1191872037361,61.76039508749976,-61.76039508749976,71044.76748814945,2470.4158034999887,-2470.4158034999887,1358835.1254,67509.40732536273,-67509.40732536273,10650.97945271693,11024.820200839651,10289.815274589093,3.6409772424946465,3.9625415577626133,3.3455082015213278
062_230℃_200_1.0mm.csv,1.0,200,1.49092,0.300178535,1.500355,0.300313235,0.009435,1.579187487,230,0.009435000000000082,1278874.252,1854.7959724430152,40.0,74191.8388977206,3.283313895951049,11128.77583465809,0.009863500000000025,0.00033746645923868015,-0.00033746645923868015,1776.1191872037361,61.76039508749976,-61.76039508749976,71044.76748814945,2470.4158034999887,-2470.4158034999887,1358835.1254,67509.40732536273,-67509.40732536273,10650.97945271693,11024.820200839651,10289.815274589093,3.6409772424946465,3.9625415577626133,3.3455082015213278
063_230℃_200_1.0mm.csv,1.0,200,1.49092,0.300120319,1.50021,0.300199104,0.00929,1.546820614,230,0.00929000000000002,1246621.51,1883.7459634015029,40.0,75349.83853606011,3.1513234905850407,11302.475780409015,0.009863500000000025,0.00033746645923868015,-0.00033746645923868015,1776.1191872037361,61.76039508749976,-61.76039508749976,71044.76748814945,2470.4158034999887,-2470.4158034999887,1358835.1254,67509.40732536273,-67509.40732536273,10650.97945271693,11024.820200839651,10289.815274589093,3.6409772424946465,3.9625415577626133,3.3455082015213278
064_230℃_200_1.0mm.csv,1.0,200,1.49085,0.300090576,1.50054,0.300132119,0.00969,1.620677923,230,0.009689999999999976,1320545.804,1805.9855521155876,40.0,72239.4220846235,3.481928936261216,10835.913312693525,0.009863500000000025,0.00033746645923868015,-0.00033746645923868015,1776.1191872037361,61.76039508749976,-61.76039508749976,71044.76748814945,2470.4158034999887,-2470.4158034999887,1358835.1254,67509.40732536273,-67509.40732536273,10650.97945271693,11024.820200839651,10289.815274589093,3.6409772424946465,3.9625415577626133,3.3455082015213278
065_230℃_200_1.0mm.csv,1.0,200,1.49075,0.300173872,1.500965,0.30007217,0.010215,1.718426924,230,0.010215000000000085,1418354.7540000002,1713.1669114047827,40.0,68526.67645619132,3.9424472958122783,10279.001468428698,0.009863500000000025,0.00033746645923868015,-0.00033746645923868015,1776.1191872037361,61.76039508749976,-61.76039508749976,71044.76748814945,2470.4158034999887,-2470.4158034999887,1358835.1254,67509.40732536273,-67509.40732536273,10650.97945271693,11024.820200839651,10289.815274589093,3.6409772424946465,3.9625415577626133,3.3455082015213278
066_230℃_200_1.0mm.csv,1.0,200,1.490845,0.300028292,1.500895,0.300175324,0.01005,1.702948646,230,0.010050000000000114,1402773.3220000002,1741.2935323382887,40.0,69651.74129353155,3.8361556152653504,10447.761194029732,0.009863500000000025,0.00033746645923868015,-0.00033746645923868015,1776.1191872037361,61.76039508749976,-61.76039508749976,71044.76748814945,2470.4158034999887,-2470.4158034999887,1358835.1254,67509.40732536273,-67509.40732536273,10650.97945271693,11024.820200839651,10289.815274589093,3.6409772424946465,3.9625415577626133,3.3455082015213278
067_230℃_200_1.0mm.csv,1.0,200,1.4908,0.300046452,1.500415,0.300030959,0.009615,1.59164144,230,0.009615000000000151,1291610.4810000001,1820.0728029120878,40.0,72802.91211648351,3.3792747686571967,10920.436817472528,0.009863500000000025,0.00033746645923868015,-0.00033746645923868015,1776.1191872037361,61.76039508749976,-61.76039508749976,71044.76748814945,2470.4158034999887,-2470.4158034999887,1358835.1254,67509.40732536273,-67509.40732536273,10650.97945271693,11024.820200839651,10289.815274589093,3.6409772424946465,3.9625415577626133,3.3455082015213278
068_230℃_200_1.0mm.csv,1.0,200,1.49084,0.300074559,1.500915,0.30008274,0.010075,1.707314724,230,0.010075000000000056,1407231.984,1736.9727047146305,40.0,69478.90818858522,3.8579216976326745,10421.836228287782,0.009863500000000025,0.00033746645923868015,-0.00033746645923868015,1776.1191872037361,61.76039508749976,-61.76039508749976,71044.76748814945,2470.4158034999887,-2470.4158034999887,1358835.1254,67509.40732536273,-67509.40732536273,10650.97945271693,11024.820200839651,10289.815274589093,3.6409772424946465,3.9625415577626133,3.3455082015213278
069_230℃_200_1.0mm.csv,1.0,200,1.49082,0.30008982,1.500935,0.300040281,0.010115,1.711449466,230,0.010114999999999874,1411409.1849999998,1730.1038062283953,40.0,69204.15224913582,3.8847357568094742,10380.622837370373,0.009863500000000025,0.00033746645923868015,-0.00033746645923868015,1776.1191872037361,61.76039508749976,-61.76039508749976,71044.76748814945,2470.4158034999887,-2470.4158034999887,1358835.1254,67509.40732536273,-67509.40732536273,10650.97945271693,11024.820200839651,10289.815274589093,3.6409772424946465,3.9625415577626133,3.3455082015213278
070_230℃_200_1.0mm.csv,1.0,200,1.490755,0.300195547,1.50101,0.300161879,0.010255,1.729277369,230,0.010254999999999903,1429115.49,1706.4846416382413,40.0,68259.38566552965,3.9879127482856767,10238.90784982945,0.009863500000000025,0.00033746645923868015,-0.00033746645923868015,1776.1191872037361,61.76039508749976,-61.76039508749976,71044.76748814945,2470.4158034999887,-2470.4158034999887,1358835.1254,67509.40732536273,-67509.40732536273,10650.97945271693,11024.820200839651,10289.815274589093,3.6409772424946465,3.9625415577626133,3.3455082015213278
071_230℃_240_1.0mm.csv,1.0,240,1.49121,0.300240838,1.50007,0.300165128,0.00886,1.515953526,230,0.00886000000000009,1215788.398,1975.1693002257136,40.0,79006.77200902854,2.9311252261986693,11851.015801354282,0.008753000000000033,0.00017397637132032144,-0.00017397637132032144,2000.0312492725905,40.07406204594481,-40.07406204594481,80001.24997090363,1602.962481837788,-1602.962481837788,1193699.3505000002,32398.486904996807,-32398.486904996807,11998.031352574295,12239.873528896727,11760.967627443397,2.841659773581936,2.9781368854302714,2.711436908188687
072_230℃_240_1.0mm.csv,1.0,240,1.49119,0.300129452,1.500125,0.300110137,0.008935,1.529190808,230,0.008934999999999915,1229080.671,1958.5898153329788,40.0,78343.59261331915,2.988254638199972,11751.538891997872,0.008753000000000033,0.00017397637132032144,-0.00017397637132032144,2000.0312492725905,40.07406204594481,-40.07406204594481,80001.24997090363,1602.962481837788,-1602.962481837788,1193699.3505000002,32398.486904996807,-32398.486904996807,11998.031352574295,12239.873528896727,11760.967627443397,2.841659773581936,2.9781368854302714,2.711436908188687
073_230℃_240_1.0mm.csv,1.0,240,1.491145,0.300245212,1.49989,0.300084703,0.008745,1.475696087,230,0.008745000000000003,1175611.384,2001.1435105774722,40.0,80045.74042309889,2.797475252538776,12006.861063464832,0.008753000000000033,0.00017397637132032144,-0.00017397637132032144,2000.0312492725905,40.07406204594481,-40.07406204594481,80001.24997090363,1602.962481837788,-1602.962481837788,1193699.3505000002,32398.486904996807,-32398.486904996807,11998.031352574295,12239.873528896727,11760.967627443397,2.841659773581936,2.9781368854302714,2.711436908188687
074_230℃_240_1.0mm.csv,1.0,240,1.49125,0.300212881,1.499965,0.300180017,0.008715,1.492892556,230,0.008715000000000028,1192712.5389999999,2008.0321285140496,40.0,80321.28514056199,2.8284325924857234,12048.192771084297,0.008753000000000033,0.00017397637132032144,-0.00017397637132032144,2000.0312492725905,40.07406204594481,-40.07406204594481,80001.24997090363,1602.962481837788,-1602.962481837788,1193699.3505000002,32398.486904996807,-32398.486904996807,11998.031352574295,12239.873528896727,11760.967627443397,2.841659773581936,2.9781368854302714,2.711436908188687
075_230℃_240_1.0mm.csv,1.0,240,1.491145,0.300168696,1.500115,0.300228532,0.00897,1.526533955,230,0.008970000000000145,1226305.4230000002,1950.9476031214847,40.0,78037.90412485939,2.9931862977714774,11705.685618728909,0.008753000000000033,0.00017397637132032144,-0.00017397637132032144,2000.0312492725905,40.07406204594481,-40.07406204594481,80001.24997090363,1602.962481837788,-1602.962481837788,1193699.3505000002,32398.486904996807,-32398.486904996807,11998.031352574295,12239.873528896727,11760.967627443397,2.841659773581936,2.9781368854302714,2.711436908188687
076_230℃_240_1.0mm.csv,1.0,240,1.491265,0.300054933,1.49998,0.300345109,0.008715,1.496120171,230,0.008715000000000028,1195775.0620000002,2008.0321285140496,40.0,80321.28514056199,2.8356951470285807,12048.192771084297,0.008753000000000033,0.00017397637132032144,-0.00017397637132032144,2000.0312492725905,40.07406204594481,-40.07406204594481,80001.24997090363,1602.962481837788,-1602.962481837788,1193699.3505000002,32398.486904996807,-32398.486904996807,11998.031352574295,12239.873528896727,11760.967627443397,2.841659773581936,2.9781368854302714,2.711436908188687
077_230℃_240_1.0mm.csv,1.0,240,1.49124,0.300163215,1.49981,0.300019617,0.00857,1.457724563,230,0.008570000000000189,1157704.946,2042.0070011668163,40.0,81680.28004667265,2.6997364318966586,12252.042007000897,0.008753000000000033,0.00017397637132032144,-0.00017397637132032144,2000.0312492725905,40.07406204594481,-40.07406204594481,80001.24997090363,1602.962481837788,-1602.962481837788,1193699.3505000002,32398.486904996807,-32398.486904996807,11998.031352574295,12239.873528896727,11760.967627443397,2.841659773581936,2.9781368854302714,2.711436908188687
078_230℃_240_1.0mm.csv,1.0,240,1.491225,0.300246669,1.499885,0.300098169,0.00866,1.474650188,230,0.00865999999999989,1174552.019,2020.7852193995639,40.0,80831.40877598255,2.767787886949625,12124.71131639738,0.008753000000000033,0.00017397637132032144,-0.00017397637132032144,2000.0312492725905,40.07406204594481,-40.07406204594481,80001.24997090363,1602.962481837788,-1602.962481837788,1193699.3505000002,32398.486904996807,-32398.486904996807,11998.031352574295,12239.873528896727,11760.967627443397,2.841659773581936,2.9781368854302714,2.711436908188687
079_230℃_240_1.0mm.csv,1.0,240,1.49121,0.30011815,1.50014,0.30004754,0.00893,1.532152692,230,0.008930000000000105,1232105.152,1959.6864501679502,40.0,78387.458006718,2.993931702683028,11758.118701007701,0.008753000000000033,0.00017397637132032144,-0.00017397637132032144,2000.0312492725905,40.07406204594481,-40.07406204594481,80001.24997090363,1602.962481837788,-1602.962481837788,1193699.3505000002,32398.486904996807,-32398.486904996807,11998.031352574295,12239.873528896727,11760.967627443397,2.841659773581936,2.9781368854302714,2.711436908188687
080_230℃_240_1.0mm.csv,1.0,240,1.49129,0.300319898,1.49972,0.3002651,0.00843,1.437623011,230,0.008429999999999938,1137357.9109999998,2075.919335705828,40.0,83036.77342823312,2.6089597795183477,12455.516014234969,0.008753000000000033,0.00017397637132032144,-0.00017397637132032144,2000.0312492725905,40.07406204594481,-40.07406204594481,80001.24997090363,1602.962481837788,-1602.962481837788,1193699.3505000002,32398.486904996807,-32398.486904996807,11998.031352574295,12239.873528896727,11760.967627443397,2.841659773581936,2.9781368854302714,2.711436908188687
081_230℃_280_1.0mm.csv,1.0,280,1.49143,0.300258279,1.49932,0.300140145,0.00789,1.349531595,230,0.007889999999999953,1049391.45,2217.9974651457674,40.0,88719.89860583069,2.2529791946938644,13307.984790874605,0.008277999999999985,0.0003195500308593687,-0.0003195500308593687,2116.9619600315264,84.20594125234676,-84.20594125234676,84678.47840126105,3368.2376500938713,-3368.2376500938713,1120437.6103,46759.29090401196,-46759.29090401196,12692.906803184698,13200.296617683372,12205.019915878744,2.5200665357149394,2.732602321833709,2.324061314625776
082_230℃_280_1.0mm.csv,1.0,280,1.491305,0.30024562,1.499825,0.300326864,0.00852,1.460619418,230,0.008519999999999861,1160292.554,2053.990610328672,40.0,82159.62441314688,2.689984370089752,12323.943661972033,0.008277999999999985,0.0003195500308593687,-0.0003195500308593687,2116.9619600315264,84.20594125234676,-84.20594125234676,84678.47840126105,3368.2376500938713,-3368.2376500938713,1120437.6103,46759.29090401196,-46759.29090401196,12692.906803184698,13200.296617683372,12205.019915878744,2.5200665357149394,2.732602321833709,2.324061314625776
083_230℃_280_1.0mm.csv,1.0,280,1.49127,0.300135163,1.499705,0.300181739,0.008435,1.433697319,230,0.00843499999999997,1133515.58,2074.688796680505,40.0,82987.5518672202,2.601688140761896,12448.13278008303,0.008277999999999985,0.0003195500308593687,-0.0003195500308593687,2116.9619600315264,84.20594125234676,-84.20594125234676,84678.47840126105,3368.2376500938713,-3368.2376500938713,1120437.6103,46759.29090401196,-46759.29090401196,12692.906803184698,13200.296617683372,12205.019915878744,2.5200665357149394,2.732602321833709,2.324061314625776
084_230℃_280_1.0mm.csv,1.0,280,1.491385,0.300002179,1.49987,0.30022163,0.008485,1.470395463,230,0.008485000000000076,1170173.833,2062.463170300512,40.0,82498.52681202049,2.7017482919741735,12374.779021803073,0.008277999999999985,0.0003195500308593687,-0.0003195500308593687,2116.9619600315264,84.20594125234676,-84.20594125234676,84678.47840126105,3368.2376500938713,-3368.2376500938713,1120437.6103,46759.29090401196,-46759.29090401196,12692.906803184698,13200.296617683372,12205.019915878744,2.5200665357149394,2.732602321833709,2.324061314625776
085_230℃_280_1.0mm.csv,1.0,280,1.4915,0.300149814,1.499415,0.300028456,0.007915,1.369725795,230,0.007914999999999894,1069697.339,2210.991787744818,40.0,88439.67150979271,2.303851547805411,13265.950726468907,0.008277999999999985,0.0003195500308593687,-0.0003195500308593687,2116.9619600315264,84.20594125234676,-84.20594125234676,84678.47840126105,3368.2376500938713,-3368.2376500938713,1120437.6103,46759.29090401196,-46759.29090401196,12692.906803184698,13200.296617683372,12205.019915878744,2.5200665357149394,2.732602321833709,2.324061314625776
086_230℃_280_1.0mm.csv,1.0,280,1.49127,0.300264641,1.49976,0.300323283,0.00849,1.445911511,230,0.008489999999999887,1145588.2280000001,2061.2485276796506,40.0,82449.94110718602,2.6465426001958834,12367.491166077903,0.008277999999999985,0.0003195500308593687,-0.0003195500308593687,2116.9619600315264,84.20594125234676,-84.20594125234676,84678.47840126105,3368.2376500938713,-3368.2376500938713,1120437.6103,46759.29090401196,-46759.29090401196,12692.906803184698,13200.296617683372,12205.019915878744,2.5200665357149394,2.732602321833709,2.324061314625776
087_230℃_280_1.0mm.csv,1.0,280,1.49131,0.30011107,1.49978,0.300316623,0.00847,1.450813694,230,0.008469999999999978,1150497.071,2066.1157024793442,40.0,82644.62809917377,2.651621820780946,12396.694214876066,0.008277999999999985,0.0003195500308593687,-0.0003195500308593687,2116.9619600315264,84.20594125234676,-84.20594125234676,84678.47840126105,3368.2376500938713,-3368.2376500938713,1120437.6103,46759.29090401196,-46759.29090401196,12692.906803184698,13200.296617683372,12205.019915878744,2.5200665357149394,2.732602321833709,2.324061314625776
088_230℃_280_1.0mm.csv,1.0,280,1.491355,0.300013186,1.49963,0.300065047,0.008275,1.417538423,230,0.008275000000000032,1117473.3760000002,2114.8036253776354,40.0,84592.14501510542,2.5162155609251804,12688.821752265812,0.008277999999999985,0.0003195500308593687,-0.0003195500308593687,2116.9619600315264,84.20594125234676,-84.20594125234676,84678.47840126105,3368.2376500938713,-3368.2376500938713,1120437.6103,46759.29090401196,-46759.29090401196,12692.906803184698,13200.296617683372,12205.019915878744,2.5200665357149394,2.732602321833709,2.324061314625776
089_230℃_280_1.0mm.csv,1.0,280,1.491215,0.300073923,1.49981,0.300037069,0.008595,1.457431177,230,0.00859500000000013,1157394.1079999998,2036.0674810936282,40.0,81442.69924374513,2.706884995444939,12216.40488656177,0.008277999999999985,0.0003195500308593687,-0.0003195500308593687,2116.9619600315264,84.20594125234676,-84.20594125234676,84678.47840126105,3368.2376500938713,-3368.2376500938713,1120437.6103,46759.29090401196,-46759.29090401196,12692.906803184698,13200.296617683372,12205.019915878744,2.5200665357149394,2.732602321833709,2.324061314625776
090_230℃_280_1.0mm.csv,1.0,280,1.491625,0.30034596,1.49933,0.300022908,0.007705,1.350375472,230,0.007705000000000073,1050352.5640000002,2271.2524334847285,40.0,90850.09733938915,2.202167756631314,13627.514600908373,0.008277999999999985,0.0003195500308593687,-0.0003195500308593687,2116.9619600315264,84.20594125234676,-84.20594125234676,84678.47840126105,3368.2376500938713,-3368.2376500938713,1120437.6103,46759.29090401196,-46759.29090401196,12692.906803184698,13200.296617683372,12205.019915878744,2.5200665357149394,2.732602321833709,2.324061314625776
091_230℃_320_1.0mm.csv,1.0,320,1.49141,0.300281343,1.49968,0.30028178,0.00827,1.428175015,230,0.00827,1127893.235,2116.0822249093108,40.0,84643.28899637243,2.5381434159047624,12696.493349455865,0.008153499999999947,0.0001477244055666214,-0.0001477244055666214,2146.9585512330937,39.31792925589362,-39.31792925589362,85878.34204932375,1572.7171702357416,-1572.7171702357416,1106078.6738,28659.916530111645,-28659.916530111645,12879.82123009087,13116.581513220846,12647.334578136157,2.452874426157202,2.561116126816802,2.3492073973131453
092_230℃_320_1.0mm.csv,1.0,320,1.49143,0.300137334,1.49962,0.3002818,0.00819,1.41446187,230,0.00818999999999992,1114180.07,2136.7521367521576,40.0,85470.08547008631,2.48302987028569,12820.512820512948,0.008153499999999947,0.0001477244055666214,-0.0001477244055666214,2146.9585512330937,39.31792925589362,-39.31792925589362,85878.34204932375,1572.7171702357416,-1572.7171702357416,1106078.6738,28659.916530111645,-28659.916530111645,12879.82123009087,13116.581513220846,12647.334578136157,2.452874426157202,2.561116126816802,2.3492073973131453
093_230℃_320_1.0mm.csv,1.0,320,1.49133,0.300314661,1.49946,0.300275226,0.00813,1.379104558,230,0.00812999999999997,1078829.3320000002,2152.5215252152598,40.0,86100.86100861039,2.386634685485707,12915.129151291558,0.008153499999999947,0.0001477244055666214,-0.0001477244055666214,2146.9585512330937,39.31792925589362,-39.31792925589362,85878.34204932375,1572.7171702357416,-1572.7171702357416,1106078.6738,28659.916530111645,-28659.916530111645,12879.82123009087,13116.581513220846,12647.334578136157,2.452874426157202,2.561116126816802,2.3492073973131453
094_230℃_320_1.0mm.csv,1.0,320,1.491475,0.300134425,1.49971,0.300272726,0.008235,1.434854611,230,0.008234999999999992,1134581.885,2125.0758955677006,40.0,85003.03582270803,2.542389611693875,12750.455373406203,0.008153499999999947,0.0001477244055666214,-0.0001477244055666214,2146.9585512330937,39.31792925589362,-39.31792925589362,85878.34204932375,1572.7171702357416,-1572.7171702357416,1106078.6738,28659.916530111645,-28659.916530111645,12879.82123009087,13116.581513220846,12647.334578136157,2.452874426157202,2.561116126816802,2.3492073973131453
095_230℃_320_1.0mm.csv,1.0,320,1.49151,0.300057855,1.499615,0.300129215,0.008105,1.413350088,230,0.008105000000000029,1113220.873,2159.161011721152,40.0,86366.44046884609,2.455144265487083,12954.966070326915,0.008153499999999947,0.0001477244055666214,-0.0001477244055666214,2146.9585512330937,39.31792925589362,-39.31792925589362,85878.34204932375,1572.7171702357416,-1572.7171702357416,1106078.6738,28659.916530111645,-28659.916530111645,12879.82123009087,13116.581513220846,12647.334578136157,2.452874426157202,2.561116126816802,2.3492073973131453
096_230℃_320_1.0mm.csv,1.0,320,1.491505,0.300149402,1.49941,0.300325959,0.007905,1.36739519,230,0.007904999999999829,1067069.2310000001,2213.7887413030207,40.0,88551.54965212083,2.2952876928040324,13282.732447818125,0.008153499999999947,0.0001477244055666214,-0.0001477244055666214,2146.9585512330937,39.31792925589362,-39.31792925589362,85878.34204932375,1572.7171702357416,-1572.7171702357416,1106078.6738,28659.916530111645,-28659.916530111645,12879.82123009087,13116.581513220846,12647.334578136157,2.452874426157202,2.561116126816802,2.3492073973131453
097_230℃_320_1.0mm.csv,1.0,320,1.49144,0.300110058,1.499355,0.300315607,0.007915,1.356092796,230,0.007914999999999894,1055777.189,2210.991787744818,40.0,88439.67150979271,2.2738711431115344,13265.950726468907,0.008153499999999947,0.0001477244055666214,-0.0001477244055666214,2146.9585512330937,39.31792925589362,-39.31792925589362,85878.34204932375,1572.7171702357416,-1572.7171702357416,1106078.6738,28659.916530111645,-28659.916530111645,12879.82123009087,13116.581513220846,12647.334578136157,2.452874426157202,2.561116126816802,2.3492073973131453
098_230℃_320_1.0mm.csv,1.0,320,1.49137,0.300171152,1.499595,0.300164108,0.008225,1.40877577,230,0.008224999999999927,1108611.6620000002,2127.659574468104,40.0,85106.38297872416,2.4811784816190263,12765.957446808625,0.008153499999999947,0.0001477244055666214,-0.0001477244055666214,2146.9585512330937,39.31792925589362,-39.31792925589362,85878.34204932375,1572.7171702357416,-1572.7171702357416,1106078.6738,28659.916530111645,-28659.916530111645,12879.82123009087,13116.581513220846,12647.334578136157,2.452874426157202,2.561116126816802,2.3492073973131453
099_230℃_320_1.0mm.csv,1.0,320,1.49133,0.300097207,1.4997,0.300173542,0.00837,1.432952412,230,0.008369999999999989,1132778.8699999999,2090.800477897255,40.0,83632.0191158902,2.579961671265302,12544.80286738353,0.008153499999999947,0.0001477244055666214,-0.0001477244055666214,2146.9585512330937,39.31792925589362,-39.31792925589362,85878.34204932375,1572.7171702357416,-1572.7171702357416,1106078.6738,28659.916530111645,-28659.916530111645,12879.82123009087,13116.581513220846,12647.334578136157,2.452874426157202,2.561116126816802,2.3492073973131453
100_230℃_320_1.0mm.csv,1.0,320,1.49149,0.300182252,1.49968,0.300078474,0.00819,1.427922865,230,0.00818999999999992,1127844.391,2136.7521367521576,40.0,85470.08547008631,2.513481785657118,12820.512820512948,0.008153499999999947,0.0001477244055666214,-0.0001477244055666214,2146.9585512330937,39.31792925589362,-39.31792925589362,85878.34204932375,1572.7171702357416,-1572.7171702357416,1106078.6738,28659.916530111645,-28659.916530111645,12879.82123009087,13116.581513220846,12647.334578136157,2.452874426157202,2.561116126816802,2.3492073973131453
001_190℃_003_1.5mm.csv,1.5,3,1.01058,0.300005901,1.98039,0.300007253,0.96981,3.120485323,190,0.9698100000000001,2820478.07,18.044771656303812,60.0,1082.6862993782288,1674.6905124898162,72.17908662521525,0.939559,0.014075463639492174,-0.014075463639492174,18.629475094890232,0.27561251215078164,-0.27561251215078164,1117.7685056934138,16.53675072904688,-16.53675072904688,2681023.2679,61519.56687103664,-61519.56687103664,74.51049991278266,75.62804836580577,73.40946536659494,1541.719169998899,1600.4292539569544,1485.1628044572246
002_190℃_003_1.5mm.csv,1.5,3,1.01065,0.300012844,1.96343,0.300001786,0.95278,3.050836712,190,0.95278,2750834.926,18.367304099582277,60.0,1102.0382459749367,1604.6574494658855,73.46921639832911,0.939559,0.014075463639492174,-0.014075463639492174,18.629475094890232,0.27561251215078164,-0.27561251215078164,1117.7685056934138,16.53675072904688,-16.53675072904688,2681023.2679,61519.56687103664,-61519.56687103664,74.51049991278266,75.62804836580577,73.40946536659494,1541.719169998899,1600.4292539569544,1485.1628044572246
003_190℃_003_1.5mm.csv,1.5,3,1.00866,0.300004161,1.95232,0.300007344,0.94366,2.987882972,190,0.9436600000000002,2687875.628,18.544814869762412,60.0,1112.6888921857446,1552.922886807233,74.17925947904965,0.939559,0.014075463639492174,-0.014075463639492174,18.629475094890232,0.27561251215078164,-0.27561251215078164,1117.7685056934138,16.53675072904688,-16.53675072904688,2681023.2679,61519.56687103664,-61519.56687103664,74.51049991278266,75.62804836580577,73.40946536659494,1541.719169998899,1600.4292539569544,1485.1628044572246
004_190℃_003_1.5mm.csv,1.5,3,1.00939,0.300008789,1.94864,0.300020214,0.93925,2.972560543,190,0.9392499999999999,2672540.3290000004,18.631887143997872,60.0,1117.9132286398724,1536.8470432734182,74.52754857599149,0.939559,0.014075463639492174,-0.014075463639492174,18.629475094890232,0.27561251215078164,-0.27561251215078164,1117.7685056934138,16.53675072904688,-16.53675072904688,2681023.2679,61519.56687103664,-61519.56687103664,74.51049991278266,75.62804836580577,73.40946536659494,1541.719169998899,1600.4292539569544,1485.1628044572246
005_190℃_003_1.5mm.csv,1.5,3,1.01084,0.300000903,1.94081,0.300015075,0.92997,2.94110993,190,0.92997,2641094.855,18.817811327247117,60.0,1129.068679634827,1503.7585605944998,75.27124530898847,0.939559,0.014075463639492174,-0.014075463639492174,18.629475094890232,0.27561251215078164,-0.27561251215078164,1117.7685056934138,16.53675072904688,-16.53675072904688,2681023.2679,61519.56687103664,-61519.56687103664,74.51049991278266,75.62804836580577,73.40946536659494,1541.719169998899,1600.4292539569544,1485.1628044572246
006_190℃_003_1.5mm.csv,1.5,3,1.01334,0.300013825,1.94487,0.300015672,0.93153,2.950487812,190,0.9315300000000002,2650472.1399999997,18.786297811127927,60.0,1127.1778686676755,1511.6291709637962,75.14519124451171,0.939559,0.014075463639492174,-0.014075463639492174,18.629475094890232,0.27561251215078164,-0.27561251215078164,1117.7685056934138,16.53675072904688,-16.53675072904688,2681023.2679,61519.56687103664,-61519.56687103664,74.51049991278266,75.62804836580577,73.40946536659494,1541.719169998899,1600.4292539569544,1485.1628044572246
007_190℃_003_1.5mm.csv,1.5,3,1.01087,0.300007391,1.94437,0.300015309,0.9335,2.949173353,190,0.9335,2649158.0439999998,18.746652383502948,60.0,1124.799143010177,1514.0749188208158,74.9866095340118,0.939559,0.014075463639492174,-0.014075463639492174,18.629475094890232,0.27561251215078164,-0.27561251215078164,1117.7685056934138,16.53675072904688,-16.53675072904688,2681023.2679,61519.56687103664,-61519.56687103664,74.51049991278266,75.62804836580577,73.40946536659494,1541.719169998899,1600.4292539569544,1485.1628044572246
008_190℃_003_1.5mm.csv,1.5,3,1.01283,0.300001884,1.93976,0.300017356,0.92693,2.934841142,190,0.92693,2634823.786,18.879527040876873,60.0,1132.7716224526123,1495.2840073206003,75.51810816350749,0.939559,0.014075463639492174,-0.014075463639492174,18.629475094890232,0.27561251215078164,-0.27561251215078164,1117.7685056934138,16.53675072904688,-16.53675072904688,2681023.2679,61519.56687103664,-61519.56687103664,74.51049991278266,75.62804836580577,73.40946536659494,1541.719169998899,1600.4292539569544,1485.1628044572246
009_190℃_003_1.5mm.csv,1.5,3,1.00911,0.300005622,1.95467,0.300016222,0.94556,2.98464744,190,0.94556,2684631.218,18.507551080840983,60.0,1110.453064850459,1554.1713639747425,74.03020432336393,0.939559,0.014075463639492174,-0.014075463639492174,18.629475094890232,0.27561251215078164,-0.27561251215078164,1117.7685056934138,16.53675072904688,-16.53675072904688,2681023.2679,61519.56687103664,-61519.56687103664,74.51049991278266,75.62804836580577,73.40946536659494,1541.719169998899,1600.4292539569544,1485.1628044572246
010_190℃_003_1.5mm.csv,1.5,3,1.01347,0.300012721,1.93607,0.300005109,0.9226,2.918328792,190,0.9225999999999999,2618323.6829999997,18.968133535660094,60.0,1138.0880121396056,1478.9788346545713,75.87253414264036,0.939559,0.014075463639492174,-0.014075463639492174,18.629475094890232,0.27561251215078164,-0.27561251215078164,1117.7685056934138,16.53675072904688,-16.53675072904688,2681023.2679,61519.56687103664,-61519.56687103664,74.51049991278266,75.62804836580577,73.40946536659494,1541.719169998899,1600.4292539569544,1485.1628044572246
011_190℃_005_1.5mm.csv,1.5,5,1.19043,0.300003341,1.69234,0.300027108,0.50191,2.428903051,190,0.5019099999999999,2128875.9429999995,34.866808790420606,60.0,2092.0085274252365,654.1861987047731,139.46723516168245,0.5100399999999999,0.003845395514985018,-0.003845395514985018,34.31280379022045,0.2607621560548341,-0.2607621560548341,2058.7682274132267,15.64572936328994,-15.64572936328994,2157026.4323,16372.280500682344,-16372.280500682344,137.2476670174329,138.29049900707832,136.2126988981649,673.5384823496489,683.6322245446521,663.5937729647462
012_190℃_005_1.5mm.csv,1.5,5,1.18782,0.300021518,1.70009,0.300012528,0.51227,2.466332071,190,0.51227,2166319.543,34.161672555488316,60.0,2049.700353329299,679.4329667097612,136.64669022195326,0.5100399999999999,0.003845395514985018,-0.003845395514985018,34.31280379022045,0.2607621560548341,-0.2607621560548341,2058.7682274132267,15.64572936328994,-15.64572936328994,2157026.4323,16372.280500682344,-16372.280500682344,137.2476670174329,138.29049900707832,136.2126988981649,673.5384823496489,683.6322245446521,663.5937729647462
013_190℃_005_1.5mm.csv,1.5,5,1.18834,0.30000829,1.70039,0.300012511,0.51205,2.470699413,190,0.5120500000000001,2170686.9020000002,34.17634996582364,60.0,2050.5809979494184,680.5103437770002,136.70539986329456,0.5100399999999999,0.003845395514985018,-0.003845395514985018,34.31280379022045,0.2607621560548341,-0.2607621560548341,2058.7682274132267,15.64572936328994,-15.64572936328994,2157026.4323,16372.280500682344,-16372.280500682344,137.2476670174329,138.29049900707832,136.2126988981649,673.5384823496489,683.6322245446521,663.5937729647462
014_190℃_005_1.5mm.csv,1.5,5,1.1889,0.300003022,1.70231,0.300023676,0.51341,2.477932316,190,0.5134099999999999,2177908.64,34.085818351804605,60.0,2045.1491011082762,684.5878009361633,136.34327340721842,0.5100399999999999,0.003845395514985018,-0.003845395514985018,34.31280379022045,0.2607621560548341,-0.2607621560548341,2058.7682274132267,15.64572936328994,-15.64572936328994,2157026.4323,16372.280500682344,-16372.280500682344,137.2476670174329,138.29049900707832,136.2126988981649,673.5384823496489,683.6322245446521,663.5937729647462
015_190℃_005_1.5mm.csv,1.5,5,1.18809,0.300023474,1.69869,0.300011975,0.5106,2.461270016,190,0.5105999999999999,2161258.0409999997,34.273403838621235,60.0,2056.404230317274,675.6357280007753,137.09361535448494,0.5100399999999999,0.003845395514985018,-0.003845395514985018,34.31280379022045,0.2607621560548341,-0.2607621560548341,2058.7682274132267,15.64572936328994,-15.64572936328994,2157026.4323,16372.280500682344,-16372.280500682344,137.2476670174329,138.29049900707832,136.2126988981649,673.5384823496489,683.6322245446521,663.5937729647462
016_190℃_005_1.5mm.csv,1.5,5,1.18857,0.300015703,1.70068,0.300003571,0.51211,2.467938303,190,0.5121100000000001,2167934.732,34.172345785085234,60.0,2050.340747105114,679.7271769007266,136.68938314034094,0.5100399999999999,0.003845395514985018,-0.003845395514985018,34.31280379022045,0.2607621560548341,-0.2607621560548341,2058.7682274132267,15.64572936328994,-15.64572936328994,2157026.4323,16372.280500682344,-16372.280500682344,137.2476670174329,138.29049900707832,136.2126988981649,673.5384823496489,683.6322245446521,663.5937729647462
017_190℃_005_1.5mm.csv,1.5,5,1.18947,0.30001073,1.696,0.300023315,0.50653,2.446979999,190,0.5065299999999999,2146956.684,34.54879276646991,60.0,2072.9275659881946,665.8150831509305,138.19517106587963,0.5100399999999999,0.003845395514985018,-0.003845395514985018,34.31280379022045,0.2607621560548341,-0.2607621560548341,2058.7682274132267,15.64572936328994,-15.64572936328994,2157026.4323,16372.280500682344,-16372.280500682344,137.2476670174329,138.29049900707832,136.2126988981649,673.5384823496489,683.6322245446521,663.5937729647462
018_190℃_005_1.5mm.csv,1.5,5,1.18669,0.300005933,1.69282,0.300006377,0.50613,2.431665164,190,0.50613,2131658.787,34.57609705016498,60.0,2074.565823009899,660.5488542026387,138.30438820065993,0.5100399999999999,0.003845395514985018,-0.003845395514985018,34.31280379022045,0.2607621560548341,-0.2607621560548341,2058.7682274132267,15.64572936328994,-15.64572936328994,2157026.4323,16372.280500682344,-16372.280500682344,137.2476670174329,138.29049900707832,136.2126988981649,673.5384823496489,683.6322245446521,663.5937729647462
019_190℃_005_1.5mm.csv,1.5,5,1.18724,0.300013674,1.70033,0.300022106,0.51309,2.462398168,190,0.5130899999999998,2162376.062,34.10707673117778,60.0,2046.4246038706667,679.2817552968854,136.4283069247111,0.5100399999999999,0.003845395514985018,-0.003845395514985018,34.31280379022045,0.2607621560548341,-0.2607621560548341,2058.7682274132267,15.64572936328994,-15.64572936328994,2157026.4323,16372.280500682344,-16372.280500682344,137.2476670174329,138.29049900707832,136.2126988981649,673.5384823496489,683.6322245446521,663.5937729647462
020_190℃_005_1.5mm.csv,1.5,5,1.18584,0.300007327,1.69814,0.300011816,0.5123,2.456300805,190,0.5123,2156288.989,34.15967206714816,60.0,2049.5803240288897,676.3266422845101,136.63868826859263,0.5100399999999999,0.003845395514985018,-0.003845395514985018,34.31280379022045,0.2607621560548341,-0.2607621560548341,2058.7682274132267,15.64572936328994,-15.64572936328994,2157026.4323,16372.280500682344,-16372.280500682344,137.2476670174329,138.29049900707832,136.2126988981649,673.5384823496489,683.6322245446521,663.5937729647462
021_190℃_010_1.5mm.csv,1.5,10,1.33557,0.300024766,1.57493,0.300005955,0.23936,2.172752461,190,0.23936000000000002,1872746.5059999998,73.11163101604278,60.0,4386.697860962567,274.4452675568326,292.4465240641711,0.2439895,0.0027730763602901373,-0.0027730763602901373,71.73276731000814,0.8182227862595939,-0.8182227862595939,4303.966038600489,49.0933671755753,-49.0933671755753,1903895.0890000002,20307.735027448554,-20307.735027448554,286.91430999989836,290.1998589993795,283.6659589241695,284.3752063825037,290.6905295300449,278.1970851813842
022_190℃_010_1.5mm.csv,1.5,10,1.33471,0.300015056,1.578355,0.30001487,0.243645,2.205179799,190,0.2436449999999999,1905164.929,71.82581214471878,60.0,4309.548728683127,284.19423007726823,287.3032485788751,0.2439895,0.0027730763602901373,-0.0027730763602901373,71.73276731000814,0.8182227862595939,-0.8182227862595939,4303.966038600489,49.0933671755753,-49.0933671755753,1903895.0890000002,20307.735027448554,-20307.735027448554,286.91430999989836,290.1998589993795,283.6659589241695,284.3752063825037,290.6905295300449,278.1970851813842
023_190℃_010_1.5mm.csv,1.5,10,1.33432,0.300000115,1.58039,0.300010459,0.24607,2.220566253,190,0.24607,1920555.7939999998,71.11797456008452,60.0,4267.078473605071,289.34152912015105,284.4718982403381,0.2439895,0.0027730763602901373,-0.0027730763602901373,71.73276731000814,0.8182227862595939,-0.8182227862595939,4303.966038600489,49.0933671755753,-49.0933671755753,1903895.0890000002,20307.735027448554,-20307.735027448554,286.91430999989836,290.1998589993795,283.6659589241695,284.3752063825037,290.6905295300449,278.1970851813842
024_190℃_010_1.5mm.csv,1.5,10,1.334515,0.300003851,1.58033,0.300021678,0.245815,2.22010517,190,0.24581500000000012,1920083.492,71.19174989321235,60.0,4271.504993592741,288.97060627713074,284.7669995728494,0.2439895,0.0027730763602901373,-0.0027730763602901373,71.73276731000814,0.8182227862595939,-0.8182227862595939,4303.966038600489,49.0933671755753,-49.0933671755753,1903895.0890000002,20307.735027448554,-20307.735027448554,286.91430999989836,290.1998589993795,283.6659589241695,284.3752063825037,290.6905295300449,278.1970851813842
025_190℃_010_1.5mm.csv,1.5,10,1.33519,0.300007557,1.576525,0.300000018,0.241335,2.186635305,190,0.24133499999999986,1886635.2869999998,72.51331137215908,60.0,4350.798682329545,278.7619144825375,290.0532454886363,0.2439895,0.0027730763602901373,-0.0027730763602901373,71.73276731000814,0.8182227862595939,-0.8182227862595939,4303.966038600489,49.0933671755753,-49.0933671755753,1903895.0890000002,20307.735027448554,-20307.735027448554,286.91430999989836,290.1998589993795,283.6659589241695,284.3752063825037,290.6905295300449,278.1970851813842
026_190℃_010_1.5mm.csv,1.5,10,1.33475,0.300021321,1.58101,0.300014286,0.24626,2.223321233,190,0.24625999999999992,1923306.947,71.06310403638433,60.0,4263.78624218306,289.9797359805428,284.2524161455373,0.2439895,0.0027730763602901373,-0.0027730763602901373,71.73276731000814,0.8182227862595939,-0.8182227862595939,4303.966038600489,49.0933671755753,-49.0933671755753,1903895.0890000002,20307.735027448554,-20307.735027448554,286.91430999989836,290.1998589993795,283.6659589241695,284.3752063825037,290.6905295300449,278.1970851813842
027_190℃_010_1.5mm.csv,1.5,10,1.33413,0.30002589,1.57612,0.300018588,0.24199,2.181172118,190,0.24198999999999993,1881153.5300000003,72.31703789412788,60.0,4339.022273647673,278.7063322804285,289.2681515765115,0.2439895,0.0027730763602901373,-0.0027730763602901373,71.73276731000814,0.8182227862595939,-0.8182227862595939,4303.966038600489,49.0933671755753,-49.0933671755753,1903895.0890000002,20307.735027448554,-20307.735027448554,286.91430999989836,290.1998589993795,283.6659589241695,284.3752063825037,290.6905295300449,278.1970851813842
028_190℃_010_1.5mm.csv,1.5,10,1.33373,0.300011632,1.58023,0.300008103,0.2465,2.221049233,190,0.24649999999999994,1921041.13,70.99391480730225,60.0,4259.634888438135,289.92039094591826,283.975659229209,0.2439895,0.0027730763602901373,-0.0027730763602901373,71.73276731000814,0.8182227862595939,-0.8182227862595939,4303.966038600489,49.0933671755753,-49.0933671755753,1903895.0890000002,20307.735027448554,-20307.735027448554,286.91430999989836,290.1998589993795,283.6659589241695,284.3752063825037,290.6905295300449,278.1970851813842
029_190℃_010_1.5mm.csv,1.5,10,1.335245,0.300002222,1.576785,0.300013636,0.24154,2.185248864,190,0.2415400000000001,1885235.228,72.45176782313486,60.0,4347.106069388092,278.79166345170614,289.80707129253943,0.2439895,0.0027730763602901373,-0.0027730763602901373,71.73276731000814,0.8182227862595939,-0.8182227862595939,4303.966038600489,49.0933671755753,-49.0933671755753,1903895.0890000002,20307.735027448554,-20307.735027448554,286.91430999989836,290.1998589993795,283.6659589241695,284.3752063825037,290.6905295300449,278.1970851813842
030_190℃_010_1.5mm.csv,1.5,10,1.33352,0.300021144,1.5809,0.300026997,0.24738,2.223055044,190,0.24737999999999993,1923028.047,70.74136955291456,60.0,4244.482173174873,291.2563336327714,282.9654782116582,0.2439895,0.0027730763602901373,-0.0027730763602901373,71.73276731000814,0.8182227862595939,-0.8182227862595939,4303.966038600489,49.0933671755753,-49.0933671755753,1903895.0890000002,20307.735027448554,-20307.735027448554,286.91430999989836,290.1998589993795,283.6659589241695,284.3752063825037,290.6905295300449,278.1970851813842
031_190℃_020_1.5mm.csv,1.5,20,1.424295,0.300039795,1.541225,0.300006698,0.11693,2.241531484,190,0.11692999999999998,1941524.7859999998,149.66219105447706,60.0,8979.731463268623,138.99336320019182,598.6487642179081,0.11702599999999999,0.0006434058681042932,-0.0006434058681042932,149.54347473238403,0.8197364626748025,-0.8197364626748025,8972.60848394304,49.18418776048814,-49.18418776048814,1920730.6005,14404.761998899172,-14404.761998899172,598.1657946598767,601.458622447605,594.8909942383463,137.6122567298065,139.32844854717152,135.91720427331646
032_190℃_020_1.5mm.csv,1.5,20,1.423255,0.300024061,1.540035,0.300037355,0.11678,2.214746442,190,0.1167800000000001,1914709.087,149.85442712793272,60.0,8991.265627675963,136.89779215093483,599.4177085117309,0.11702599999999999,0.0006434058681042932,-0.0006434058681042932,149.54347473238403,0.8197364626748025,-0.8197364626748025,8972.60848394304,49.18418776048814,-49.18418776048814,1920730.6005,14404.761998899172,-14404.761998899172,598.1657946598767,601.458622447605,594.8909942383463,137.6122567298065,139.32844854717152,135.91720427331646
033_190℃_020_1.5mm.csv,1.5,20,1.42321,0.300060629,1.54147,0.300056492,0.11826,2.24287776,190,0.11825999999999981,1942821.268,147.9790292575683,60.0,8878.741755454099,140.6681896859263,591.9161170302733,0.11702599999999999,0.0006434058681042932,-0.0006434058681042932,149.54347473238403,0.8197364626748025,-0.8197364626748025,8972.60848394304,49.18418776048814,-49.18418776048814,1920730.6005,14404.761998899172,-14404.761998899172,598.1657946598767,601.458622447605,594.8909942383463,137.6122567298065,139.32844854717152,135.91720427331646
034_190℃_020_1.5mm.csv,1.5,20,1.423425,0.30001621,1.540205,0.30005485,0.11678,2.219524854,190,0.1167800000000001,1919470.004,149.85442712793272,60.0,8991.265627675963,137.2381880002777,599.4177085117309,0.11702599999999999,0.0006434058681042932,-0.0006434058681042932,149.54347473238403,0.8197364626748025,-0.8197364626748025,8972.60848394304,49.18418776048814,-49.18418776048814,1920730.6005,14404.761998899172,-14404.761998899172,598.1657946598767,601.458622447605,594.8909942383463,137.6122567298065,139.32844854717152,135.91720427331646
035_190℃_020_1.5mm.csv,1.5,20,1.422925,0.300046391,1.539435,0.300036817,0.11651,2.206051805,190,0.11651000000000011,1906014.988,150.20169942494192,60.0,9012.101965496515,135.9611058684981,600.8067976997677,0.11702599999999999,0.0006434058681042932,-0.0006434058681042932,149.54347473238403,0.8197364626748025,-0.8197364626748025,8972.60848394304,49.18418776048814,-49.18418776048814,1920730.6005,14404.761998899172,-14404.761998899172,598.1657946598767,601.458622447605,594.8909942383463,137.6122567298065,139.32844854717152,135.91720427331646
036_190℃_020_1.5mm.csv,1.5,20,1.423145,0.300002277,1.53957,0.300035039,0.116425,2.205193865,190,0.116425,1905158.8260000001,150.3113592441486,60.0,9018.681554648916,135.800887541051,601.2454369765944,0.11702599999999999,0.0006434058681042932,-0.0006434058681042932,149.54347473238403,0.8197364626748025,-0.8197364626748025,8972.60848394304,49.18418776048814,-49.18418776048814,1920730.6005,14404.761998899172,-14404.761998899172,598.1657946598767,601.458622447605,594.8909942383463,137.6122567298065,139.32844854717152,135.91720427331646
037_190℃_020_1.5mm.csv,1.5,20,1.423165,0.300025839,1.540905,0.300035626,0.11774,2.229806333,190,0.11773999999999996,1929770.707,148.6325802615934,60.0,8917.954815695604,139.1088998217428,594.5303210463736,0.11702599999999999,0.0006434058681042932,-0.0006434058681042932,149.54347473238403,0.8197364626748025,-0.8197364626748025,8972.60848394304,49.18418776048814,-49.18418776048814,1920730.6005,14404.761998899172,-14404.761998899172,598.1657946598767,601.458622447605,594.8909942383463,137.6122567298065,139.32844854717152,135.91720427331646
038_190℃_020_1.5mm.csv,1.5,20,1.423175,0.30003984,1.54039,0.300057378,0.117215,2.220580568,190,0.11721499999999985,1920523.19,149.298297999403,60.0,8957.897879964179,137.82497492807127,597.193191997612,0.11702599999999999,0.0006434058681042932,-0.0006434058681042932,149.54347473238403,0.8197364626748025,-0.8197364626748025,8972.60848394304,49.18418776048814,-49.18418776048814,1920730.6005,14404.761998899172,-14404.761998899172,598.1657946598767,601.458622447605,594.8909942383463,137.6122567298065,139.32844854717152,135.91720427331646
039_190℃_020_1.5mm.csv,1.5,20,1.423235,0.300023004,1.54068,0.300032193,0.117445,2.225272191,190,0.11744500000000002,1925239.9980000001,149.00591766358718,60.0,8940.35505981523,138.43457850925105,596.0236706543487,0.11702599999999999,0.0006434058681042932,-0.0006434058681042932,149.54347473238403,0.8197364626748025,-0.8197364626748025,8972.60848394304,49.18418776048814,-49.18418776048814,1920730.6005,14404.761998899172,-14404.761998899172,598.1657946598767,601.458622447605,594.8909942383463,137.6122567298065,139.32844854717152,135.91720427331646
040_190℃_020_1.5mm.csv,1.5,20,1.42313,0.300033413,1.539305,0.300044421,0.116175,2.202117572,190,0.11617499999999992,1902073.151,150.63481816225533,60.0,9038.08908973532,135.2898050923009,602.5392726490213,0.11702599999999999,0.0006434058681042932,-0.0006434058681042932,149.54347473238403,0.8197364626748025,-0.8197364626748025,8972.60848394304,49.18418776048814,-49.18418776048814,1920730.6005,14404.761998899172,-14404.761998899172,598.1657946598767,601.458622447605,594.8909942383463,137.6122567298065,139.32844854717152,135.91720427331646
041_190℃_040_1.5mm.csv,1.5,40,1.465685,0.300100055,1.522955,0.300011052,0.05727,2.392776969,190,0.057270000000000154,2092765.917,305.5701065130077,60.0,18334.206390780462,73.37920657138184,1222.2804260520309,0.057805499999999996,0.00045190614807349007,-0.00045190614807349007,302.7558591616912,2.345285239447342,-2.345285239447342,18165.35154970147,140.71711436684043,-140.71711436684043,2108730.209,17453.081687381156,-17453.081687381156,1210.9905360054634,1220.4510908366087,1201.6033164340304,74.626004299527,75.82668675594252,73.44433412523563
042_190℃_040_1.5mm.csv,1.5,40,1.46567,0.300037316,1.52346,0.300095978,0.05779,2.412138198,190,0.05779000000000001,2112042.22,302.8205571898252,60.0,18169.23343138951,74.72750197579595,1211.2822287593008,0.057805499999999996,0.00045190614807349007,-0.00045190614807349007,302.7558591616912,2.345285239447342,-2.345285239447342,18165.35154970147,140.71711436684043,-140.71711436684043,2108730.209,17453.081687381156,-17453.081687381156,1210.9905360054634,1220.4510908366087,1201.6033164340304,74.626004299527,75.82668675594252,73.44433412523563
043_190℃_040_1.5mm.csv,1.5,40,1.465545,0.300097362,1.52443,0.300129912,0.058885,2.451010073,190,0.058884999999999854,2150880.161,297.1894370382957,60.0,17831.36622229774,77.5436193553988,1188.7577481531825,0.057805499999999996,0.00045190614807349007,-0.00045190614807349007,302.7558591616912,2.345285239447342,-2.345285239447342,18165.35154970147,140.71711436684043,-140.71711436684043,2108730.209,17453.081687381156,-17453.081687381156,1210.9905360054634,1220.4510908366087,1201.6033164340304,74.626004299527,75.82668675594252,73.44433412523563
044_190℃_040_1.5mm.csv,1.5,40,1.465525,0.300093425,1.52349,0.300062651,0.057965,2.413384552,190,0.057965000000000044,2113321.901,301.9063227809883,60.0,18114.3793668593,74.99920652538678,1207.6252911239533,0.057805499999999996,0.00045190614807349007,-0.00045190614807349007,302.7558591616912,2.345285239447342,-2.345285239447342,18165.35154970147,140.71711436684043,-140.71711436684043,2108730.209,17453.081687381156,-17453.081687381156,1210.9905360054634,1220.4510908366087,1201.6033164340304,74.626004299527,75.82668675594252,73.44433412523563
045_190℃_040_1.5mm.csv,1.5,40,1.465505,0.300047201,1.52341,0.300090719,0.057905,2.411582816,190,0.05790499999999987,2111492.097,302.2191520594083,60.0,18133.1491235645,74.85670400619473,1208.8766082376335,0.057805499999999996,0.00045190614807349007,-0.00045190614807349007,302.7558591616912,2.345285239447342,-2.345285239447342,18165.35154970147,140.71711436684043,-140.71711436684043,2108730.209,17453.081687381156,-17453.081687381156,1210.9905360054634,1220.4510908366087,1201.6033164340304,74.626004299527,75.82668675594252,73.44433412523563
046_190℃_040_1.5mm.csv,1.5,40,1.46556,0.300038444,1.52311,0.300129123,0.05755,2.400159273,190,0.05754999999999999,2100030.15,304.08340573414426,60.0,18245.004344048655,73.99391946887755,1216.333622936577,0.057805499999999996,0.00045190614807349007,-0.00045190614807349007,302.7558591616912,2.345285239447342,-2.345285239447342,18165.35154970147,140.71711436684043,-140.71711436684043,2108730.209,17453.081687381156,-17453.081687381156,1210.9905360054634,1220.4510908366087,1201.6033164340304,74.626004299527,75.82668675594252,73.44433412523563
047_190℃_040_1.5mm.csv,1.5,40,1.46545,0.300079056,1.522835,0.300004304,0.057385,2.388619421,190,0.05738500000000002,2088615.1169999999,304.95774157009663,60.0,18297.464494205797,73.38072152390514,1219.8309662803865,0.057805499999999996,0.00045190614807349007,-0.00045190614807349007,302.7558591616912,2.345285239447342,-2.345285239447342,18165.35154970147,140.71711436684043,-140.71711436684043,2108730.209,17453.081687381156,-17453.081687381156,1210.9905360054634,1220.4510908366087,1201.6033164340304,74.626004299527,75.82668675594252,73.44433412523563
048_190℃_040_1.5mm.csv,1.5,40,1.46546,0.300019979,1.522965,0.300013828,0.057505,2.395899414,190,0.05750499999999992,2095885.5860000001,304.3213633597083,60.0,18259.2818015825,73.79014323852846,1217.2854534388332,0.057805499999999996,0.00045190614807349007,-0.00045190614807349007,302.7558591616912,2.345285239447342,-2.345285239447342,18165.35154970147,140.71711436684043,-140.71711436684043,2108730.209,17453.081687381156,-17453.081687381156,1210.9905360054634,1220.4510908366087,1201.6033164340304,74.626004299527,75.82668675594252,73.44433412523563
049_190℃_040_1.5mm.csv,1.5,40,1.46546,0.300049113,1.523365,0.300036398,0.057905,2.413766938,190,0.057905000000000095,2113730.54,302.2191520594072,60.0,18133.14912356443,74.93606137879604,1208.8766082376287,0.057805499999999996,0.00045190614807349007,-0.00045190614807349007,302.7558591616912,2.345285239447342,-2.345285239447342,18165.35154970147,140.71711436684043,-140.71711436684043,2108730.209,17453.081687381156,-17453.081687381156,1210.9905360054634,1220.4510908366087,1201.6033164340304,74.626004299527,75.82668675594252,73.44433412523563
050_190℃_040_1.5mm.csv,1.5,40,1.46538,0.300063912,1.523275,0.300076849,0.057895,2.40861525,190,0.05789500000000003,2108538.401,302.27135331203027,60.0,18136.281198721816,74.73908003626228,1209.085413248121,0.057805499999999996,0.00045190614807349007,-0.00045190614807349007,302.7558591616912,2.345285239447342,-2.345285239447342,18165.35154970147,140.71711436684043,-140.71711436684043,2108730.209,17453.081687381156,-17453.081687381156,1210.9905360054634,1220.4510908366087,1201.6033164340304,74.626004299527,75.82668675594252,73.44433412523563
051_190℃_080_1.5mm.csv,1.5,80,1.48174,0.300114663,1.510875,0.300020144,0.029135,2.466313076,190,0.02913499999999991,2166292.932,600.6521366054592,60.0,36039.128196327554,38.64180280029784,2402.6085464218368,0.028869500000000013,0.0004580117053332003,-0.0004580117053332003,606.3157148526676,9.781100088444918,-9.781100088444918,36378.942891160055,586.8660053066927,-586.8660053066927,2155765.7727,31919.077937990332,-31919.077937990332,2424.9819954649533,2464.089218343192,2386.4954379708506,38.09543293075181,39.288367000743136,36.93872056718364
052_190℃_080_1.5mm.csv,1.5,80,1.48187,0.300099122,1.51099,0.300180373,0.02912,2.476444491,190,0.029120000000000035,2176264.1180000002,600.9615384615378,60.0,36057.69230769227,38.79968027520004,2403.846153846151,0.028869500000000013,0.0004580117053332003,-0.0004580117053332003,606.3157148526676,9.781100088444918,-9.781100088444918,36378.942891160055,586.8660053066927,-586.8660053066927,2155765.7727,31919.077937990332,-31919.077937990332,2424.9819954649533,2464.089218343192,2386.4954379708506,38.09543293075181,39.288367000743136,36.93872056718364
053_190℃_080_1.5mm.csv,1.5,80,1.48175,0.300032937,1.510985,0.300201349,0.029235,2.476143516,190,0.029235000000000122,2175942.167,598.5975714041364,60.0,35915.854284248184,38.94714444015017,2394.3902856165455,0.028869500000000013,0.0004580117053332003,-0.0004580117053332003,606.3157148526676,9.781100088444918,-9.781100088444918,36378.942891160055,586.8660053066927,-586.8660053066927,2155765.7727,31919.077937990332,-31919.077937990332,2424.9819954649533,2464.089218343192,2386.4954379708506,38.09543293075181,39.288367000743136,36.93872056718364
054_190℃_080_1.5mm.csv,1.5,80,1.482055,0.30011688,1.51036,0.30019185,0.028305,2.421639608,190,0.028305000000000025,2121447.758,618.2653241476766,60.0,37095.91944886059,36.76382374909595,2473.061296590706,0.028869500000000013,0.0004580117053332003,-0.0004580117053332003,606.3157148526676,9.781100088444918,-9.781100088444918,36378.942891160055,586.8660053066927,-586.8660053066927,2155765.7727,31919.077937990332,-31919.077937990332,2424.9819954649533,2464.089218343192,2386.4954379708506,38.09543293075181,39.288367000743136,36.93872056718364
055_190℃_080_1.5mm.csv,1.5,80,1.481885,0.300109921,1.510965,0.300000209,0.02908,2.477876348,190,0.029079999999999995,2177876.1390000004,601.7881705639616,60.0,36107.290233837695,38.77508456456327,2407.1526822558462,0.028869500000000013,0.0004580117053332003,-0.0004580117053332003,606.3157148526676,9.781100088444918,-9.781100088444918,36378.942891160055,586.8660053066927,-586.8660053066927,2155765.7727,31919.077937990332,-31919.077937990332,2424.9819954649533,2464.089218343192,2386.4954379708506,38.09543293075181,39.288367000743136,36.93872056718364
056_190℃_080_1.5mm.csv,1.5,80,1.481725,0.300160399,1.510975,0.300063019,0.02925,2.477088321,190,0.029249999999999998,2177025.302,598.2905982905984,60.0,35897.435897435906,38.98652454091836,2393.1623931623935,0.028869500000000013,0.0004580117053332003,-0.0004580117053332003,606.3157148526676,9.781100088444918,-9.781100088444918,36378.942891160055,586.8660053066927,-586.8660053066927,2155765.7727,31919.077937990332,-31919.077937990332,2424.9819954649533,2464.089218343192,2386.4954379708506,38.09543293075181,39.288367000743136,36.93872056718364
057_190℃_080_1.5mm.csv,1.5,80,1.481955,0.300121433,1.5107,0.30009849,0.028745,2.450545724,190,0.02874500000000002,2150447.234,608.8015307009911,60.0,36528.09184205946,37.84567698448779,2435.2061228039643,0.028869500000000013,0.0004580117053332003,-0.0004580117053332003,606.3157148526676,9.781100088444918,-9.781100088444918,36378.942891160055,586.8660053066927,-586.8660053066927,2155765.7727,31919.077937990332,-31919.077937990332,2424.9819954649533,2464.089218343192,2386.4954379708506,38.09543293075181,39.288367000743136,36.93872056718364
058_190℃_080_1.5mm.csv,1.5,80,1.481825,0.3001122,1.51106,0.300149655,0.029235,2.484845975,190,0.029235000000000122,2184696.3199999994,598.5975714041364,60.0,35915.854284248184,39.10383484604097,2394.3902856165455,0.028869500000000013,0.0004580117053332003,-0.0004580117053332003,606.3157148526676,9.781100088444918,-9.781100088444918,36378.942891160055,586.8660053066927,-586.8660053066927,2155765.7727,31919.077937990332,-31919.077937990332,2424.9819954649533,2464.089218343192,2386.4954379708506,38.09543293075181,39.288367000743136,36.93872056718364
059_190℃_080_1.5mm.csv,1.5,80,1.482055,0.300142801,1.50996,0.30015541,0.027905,2.384570632,190,0.02790500000000007,2084415.222,627.1277548826359,60.0,37627.665292958154,35.61159598157765,2508.5110195305438,0.028869500000000013,0.0004580117053332003,-0.0004580117053332003,606.3157148526676,9.781100088444918,-9.781100088444918,36378.942891160055,586.8660053066927,-586.8660053066927,2155765.7727,31919.077937990332,-31919.077937990332,2424.9819954649533,2464.089218343192,2386.4954379708506,38.09543293075181,39.288367000743136,36.93872056718364
060_190℃_080_1.5mm.csv,1.5,80,1.481915,0.300118012,1.5106,0.300075521,0.028685,2.443326056,190,0.02868499999999985,2143250.535,610.0749520655427,60.0,36604.49712393256,37.64029077335185,2440.2998082621707,0.028869500000000013,0.0004580117053332003,-0.0004580117053332003,606.3157148526676,9.781100088444918,-9.781100088444918,36378.942891160055,586.8660053066927,-586.8660053066927,2155765.7727,31919.077937990332,-31919.077937990332,2424.9819954649533,2464.089218343192,2386.4954379708506,38.09543293075181,39.288367000743136,36.93872056718364
061_190℃_120_1.5mm.csv,1.5,120,1.485805,0.300200898,1.505445,0.300194037,0.01964,2.217336241,190,0.01963999999999988,1917142.204,891.0386965376837,60.0,53462.32179226102,23.05265686932231,3564.1547861507343,0.019617499999999975,0.00029264360197654704,-0.00029264360197654704,892.2391757305052,13.297394159336118,-13.297394159336118,53534.3505438303,797.8436495601657,-797.8436495601657,1920539.1042,33051.18223775689,-33051.18223775689,3568.5997662429877,3622.2093593731997,3515.7836083315738,23.061667175202118,23.805935067562125,22.340668047292063
062_190℃_120_1.5mm.csv,1.5,120,1.485795,0.300008903,1.505755,0.30000149,0.01996,2.262171782,190,0.019959999999999978,1962170.2919999997,876.7535070140291,60.0,52605.210420841744,23.97852185407344,3507.014028056116,0.019617499999999975,0.00029264360197654704,-0.00029264360197654704,892.2391757305052,13.297394159336118,-13.297394159336118,53534.3505438303,797.8436495601657,-797.8436495601657,1920539.1042,33051.18223775689,-33051.18223775689,3568.5997662429877,3622.2093593731997,3515.7836083315738,23.061667175202118,23.805935067562125,22.340668047292063
063_190℃_120_1.5mm.csv,1.5,120,1.485795,0.300185522,1.50535,0.300088694,0.019555,2.204261416,190,0.01955499999999999,1904172.722,894.9117872666842,60.0,53694.70723600105,22.797610762475504,3579.647149066737,0.019617499999999975,0.00029264360197654704,-0.00029264360197654704,892.2391757305052,13.297394159336118,-13.297394159336118,53534.3505438303,797.8436495601657,-797.8436495601657,1920539.1042,33051.18223775689,-33051.18223775689,3568.5997662429877,3622.2093593731997,3515.7836083315738,23.061667175202118,23.805935067562125,22.340668047292063
064_190℃_120_1.5mm.csv,1.5,120,1.485795,0.30009369,1.50584,0.300192618,0.020045,2.272686819,190,0.02004500000000009,1972494.201,873.0356697430741,60.0,52382.140184584445,24.20733444431337,3492.1426789722964,0.019617499999999975,0.00029264360197654704,-0.00029264360197654704,892.2391757305052,13.297394159336118,-13.297394159336118,53534.3505438303,797.8436495601657,-797.8436495601657,1920539.1042,33051.18223775689,-33051.18223775689,3568.5997662429877,3622.2093593731997,3515.7836083315738,23.061667175202118,23.805935067562125,22.340668047292063
065_190℃_120_1.5mm.csv,1.5,120,1.485785,0.300030885,1.505675,0.300048982,0.01989,2.249540842,190,0.019890000000000185,1949491.8599999999,879.8391151332246,60.0,52790.34690799347,23.74003658902063,3519.356460532898,0.019617499999999975,0.00029264360197654704,-0.00029264360197654704,892.2391757305052,13.297394159336118,-13.297394159336118,53534.3505438303,797.8436495601657,-797.8436495601657,1920539.1042,33051.18223775689,-33051.18223775689,3568.5997662429877,3622.2093593731997,3515.7836083315738,23.061667175202118,23.805935067562125,22.340668047292063
066_190℃_120_1.5mm.csv,1.5,120,1.485875,0.300182799,1.505075,0.300135062,0.0192,2.166901958,190,0.019199999999999884,1866766.896,911.4583333333388,60.0,54687.50000000033,21.944035348897824,3645.8333333333553,0.019617499999999975,0.00029264360197654704,-0.00029264360197654704,892.2391757305052,13.297394159336118,-13.297394159336118,53534.3505438303,797.8436495601657,-797.8436495601657,1920539.1042,33051.18223775689,-33051.18223775689,3568.5997662429877,3622.2093593731997,3515.7836083315738,23.061667175202118,23.805935067562125,22.340668047292063
067_190℃_120_1.5mm.csv,1.5,120,1.48591,0.300061055,1.505215,0.300070393,0.019305,2.186158124,190,0.019304999999999906,1886087.731,906.5009065009109,60.0,54390.054390054655,22.29240223282948,3626.0036260036436,0.019617499999999975,0.00029264360197654704,-0.00029264360197654704,892.2391757305052,13.297394159336118,-13.297394159336118,53534.3505438303,797.8436495601657,-797.8436495601657,1920539.1042,33051.18223775689,-33051.18223775689,3568.5997662429877,3622.2093593731997,3515.7836083315738,23.061667175202118,23.805935067562125,22.340668047292063
068_190℃_120_1.5mm.csv,1.5,120,1.486025,0.300180645,1.50539,0.300074267,0.019365,2.211003588,190,0.019365000000000077,1910929.321,903.6922282468335,60.0,54221.53369481001,22.65621202112152,3614.7689129873343,0.019617499999999975,0.00029264360197654704,-0.00029264360197654704,892.2391757305052,13.297394159336118,-13.297394159336118,53534.3505438303,797.8436495601657,-797.8436495601657,1920539.1042,33051.18223775689,-33051.18223775689,3568.5997662429877,3622.2093593731997,3515.7836083315738,23.061667175202118,23.805935067562125,22.340668047292063
069_190℃_120_1.5mm.csv,1.5,120,1.485945,0.300015474,1.505385,0.300238588,0.01944,2.211293314,190,0.019439999999999902,1911054.7260000003,900.205761316877,60.0,54012.34567901262,22.745451351085602,3600.823045267508,0.019617499999999975,0.00029264360197654704,-0.00029264360197654704,892.2391757305052,13.297394159336118,-13.297394159336118,53534.3505438303,797.8436495601657,-797.8436495601657,1920539.1042,33051.18223775689,-33051.18223775689,3568.5997662429877,3622.2093593731997,3515.7836083315738,23.061667175202118,23.805935067562125,22.340668047292063
070_190℃_120_1.5mm.csv,1.5,120,1.485735,0.300070064,1.50551,0.300143416,0.019775,2.225224505,190,0.019774999999999876,1925081.089,884.9557522123949,60.0,53097.3451327437,23.307231756106994,3539.8230088495798,0.019617499999999975,0.00029264360197654704,-0.00029264360197654704,892.2391757305052,13.297394159336118,-13.297394159336118,53534.3505438303,797.8436495601657,-797.8436495601657,1920539.1042,33051.18223775689,-33051.18223775689,3568.5997662429877,3622.2093593731997,3515.7836083315738,23.061667175202118,23.805935067562125,22.340668047292063
071_190℃_160_1.5mm.csv,1.5,160,1.4877,0.300103826,1.502565,0.300009564,0.014865,1.903719415,190,0.014864999999999906,1603709.851,1177.2620248906903,60.0,70635.72149344142,14.595396082723374,4709.048099562761,0.015118500000000012,0.00024060167635885858,-0.00024060167635885858,1157.783675181162,18.255196674270586,-18.255196674270586,69467.02051086971,1095.311800456234,-1095.311800456234,1641150.2210000001,28146.064796636652,-28146.064796636652,4630.613420383738,4704.549341588169,4557.83946391757,15.187124688473567,15.687320543002082,14.70287775856871
072_190℃_160_1.5mm.csv,1.5,160,1.487585,0.300172381,1.502895,0.300234707,0.01531,1.957716602,190,0.015310000000000157,1657481.895,1143.0437622468858,60.0,68582.62573481315,15.536355803540976,4572.175048987543,0.015118500000000012,0.00024060167635885858,-0.00024060167635885858,1157.783675181162,18.255196674270586,-18.255196674270586,69467.02051086971,1095.311800456234,-1095.311800456234,1641150.2210000001,28146.064796636652,-28146.064796636652,4630.613420383738,4704.549341588169,4557.83946391757,15.187124688473567,15.687320543002082,14.70287775856871
073_190℃_160_1.5mm.csv,1.5,160,1.48762,0.300030397,1.50284,0.300117385,0.01522,1.949364838,190,0.015220000000000011,1649247.453,1149.802890932982,60.0,68988.17345597893,15.368293613057151,4599.211563731929,0.015118500000000012,0.00024060167635885858,-0.00024060167635885858,1157.783675181162,18.255196674270586,-18.255196674270586,69467.02051086971,1095.311800456234,-1095.311800456234,1641150.2210000001,28146.064796636652,-28146.064796636652,4630.613420383738,4704.549341588169,4557.83946391757,15.187124688473567,15.687320543002082,14.70287775856871
074_190℃_160_1.5mm.csv,1.5,160,1.487805,0.300205985,1.5027,0.30011024,0.014895,1.927301809,190,0.01489499999999988,1627191.5690000001,1174.8909029875892,60.0,70493.45417925535,14.838990869543759,4699.563611950357,0.015118500000000012,0.00024060167635885858,-0.00024060167635885858,1157.783675181162,18.255196674270586,-18.255196674270586,69467.02051086971,1095.311800456234,-1095.311800456234,1641150.2210000001,28146.064796636652,-28146.064796636652,4630.613420383738,4704.549341588169,4557.83946391757,15.187124688473567,15.687320543002082,14.70287775856871
075_190℃_160_1.5mm.csv,1.5,160,1.487795,0.300143912,1.502795,0.300102733,0.015,1.943019231,190,0.015000000000000124,1642916.498,1166.666666666657,60.0,69999.99999999942,15.088008655102167,4666.666666666628,0.015118500000000012,0.00024060167635885858,-0.00024060167635885858,1157.783675181162,18.255196674270586,-18.255196674270586,69467.02051086971,1095.311800456234,-1095.311800456234,1641150.2210000001,28146.064796636652,-28146.064796636652,4630.613420383738,4704.549341588169,4557.83946391757,15.187124688473567,15.687320543002082,14.70287775856871
076_190℃_160_1.5mm.csv,1.5,160,1.48778,0.300054541,1.502785,0.300264443,0.015005,1.941225493,190,0.015004999999999935,1640961.05,1166.277907364217,60.0,69976.67444185303,15.075073809336667,4665.111629456869,0.015118500000000012,0.00024060167635885858,-0.00024060167635885858,1157.783675181162,18.255196674270586,-18.255196674270586,69467.02051086971,1095.311800456234,-1095.311800456234,1641150.2210000001,28146.064796636652,-28146.064796636652,4630.613420383738,4704.549341588169,4557.83946391757,15.187124688473567,15.687320543002082,14.70287775856871
077_190℃_160_1.5mm.csv,1.5,160,1.487675,0.300199537,1.502845,0.300203314,0.01517,1.950061457,190,0.015169999999999906,1649858.1430000002,1153.5926170072582,60.0,69215.55702043549,15.323478385291747,4614.370468029033,0.015118500000000012,0.00024060167635885858,-0.00024060167635885858,1157.783675181162,18.255196674270586,-18.255196674270586,69467.02051086971,1095.311800456234,-1095.311800456234,1641150.2210000001,28146.064796636652,-28146.064796636652,4630.613420383738,4704.549341588169,4557.83946391757,15.187124688473567,15.687320543002082,14.70287775856871
078_190℃_160_1.5mm.csv,1.5,160,1.487665,0.300038443,1.502515,0.300123853,0.01485,1.895246862,190,0.01485000000000003,1595123.0089999998,1178.451178451176,60.0,70707.07070707055,14.502597969581663,4713.804713804703,0.015118500000000012,0.00024060167635885858,-0.00024060167635885858,1157.783675181162,18.255196674270586,-18.255196674270586,69467.02051086971,1095.311800456234,-1095.311800456234,1641150.2210000001,28146.064796636652,-28146.064796636652,4630.613420383738,4704.549341588169,4557.83946391757,15.187124688473567,15.687320543002082,14.70287775856871
079_190℃_160_1.5mm.csv,1.5,160,1.487585,0.30022147,1.50285,0.300128206,0.015265,1.949864084,190,0.015265000000000084,1649735.878,1146.41336390435,60.0,68784.801834261,15.418296843471516,4585.6534556174,0.015118500000000012,0.00024060167635885858,-0.00024060167635885858,1157.783675181162,18.255196674270586,-18.255196674270586,69467.02051086971,1095.311800456234,-1095.311800456234,1641150.2210000001,28146.064796636652,-28146.064796636652,4630.613420383738,4704.549341588169,4557.83946391757,15.187124688473567,15.687320543002082,14.70287775856871
080_190℃_160_1.5mm.csv,1.5,160,1.48752,0.30016222,1.503125,0.300021911,0.015605,1.995298775,190,0.015605000000000091,1695276.864,1121.435437359814,60.0,67286.12624158883,16.19681354860418,4485.741749439256,0.015118500000000012,0.00024060167635885858,-0.00024060167635885858,1157.783675181162,18.255196674270586,-18.255196674270586,69467.02051086971,1095.311800456234,-1095.311800456234,1641150.2210000001,28146.064796636652,-28146.064796636652,4630.613420383738,4704.549341588169,4557.83946391757,15.187124688473567,15.687320543002082,14.70287775856871
081_190℃_200_1.5mm.csv,1.5,200,1.48873,0.300216211,1.501485,0.300018898,0.012755,1.760575698,190,0.01275499999999985,1460556.8,1372.010976087825,60.0,82320.65856526949,11.405756316734559,5488.0439043513,0.012457499999999965,0.0002295194254669107,-0.0002295194254669107,1405.2117276696913,26.267442046226485,-26.267442046226485,84312.70366018149,1576.0465227735883,-1576.0465227735883,1416437.7274,34121.4520171625,-34121.4520171625,5619.971662955022,5725.240887438757,5516.638009365382,10.798710767534073,11.268609457390287,10.348406756112988
082_190℃_200_1.5mm.csv,1.5,200,1.48885,0.30008637,1.50131,0.300046151,0.01246,1.729109801,190,0.012459999999999916,1429063.65,1404.4943820224814,60.0,84269.66292134889,10.901714129999926,5617.977528089927,0.012457499999999965,0.0002295194254669107,-0.0002295194254669107,1405.2117276696913,26.267442046226485,-26.267442046226485,84312.70366018149,1576.0465227735883,-1576.0465227735883,1416437.7274,34121.4520171625,-34121.4520171625,5619.971662955022,5725.240887438757,5516.638009365382,10.798710767534073,11.268609457390287,10.348406756112988
083_190℃_200_1.5mm.csv,1.5,200,1.48875,0.300055951,1.501315,0.300083062,0.012565,1.729531693,190,0.012564999999999937,1429448.631,1392.7576601671378,60.0,83565.45961002827,10.99654411133566,5571.030640668551,0.012457499999999965,0.0002295194254669107,-0.0002295194254669107,1405.2117276696913,26.267442046226485,-26.267442046226485,84312.70366018149,1576.0465227735883,-1576.0465227735883,1416437.7274,34121.4520171625,-34121.4520171625,5619.971662955022,5725.240887438757,5516.638009365382,10.798710767534073,11.268609457390287,10.348406756112988
084_190℃_200_1.5mm.csv,1.5,200,1.48881,0.300232853,1.50134,0.300135341,0.01253,1.734525629,190,0.01252999999999993,1434390.288,1396.6480446927453,60.0,83798.88268156472,11.003822637942795,5586.592178770981,0.012457499999999965,0.0002295194254669107,-0.0002295194254669107,1405.2117276696913,26.267442046226485,-26.267442046226485,84312.70366018149,1576.0465227735883,-1576.0465227735883,1416437.7274,34121.4520171625,-34121.4520171625,5619.971662955022,5725.240887438757,5516.638009365382,10.798710767534073,11.268609457390287,10.348406756112988
085_190℃_200_1.5mm.csv,1.5,200,1.48879,0.30024111,1.501405,0.300012158,0.012615,1.746580798,190,0.012615000000000043,1446568.6400000001,1387.2374157748666,60.0,83234.24494649199,11.17252860832657,5548.949663099466,0.012457499999999965,0.0002295194254669107,-0.0002295194254669107,1405.2117276696913,26.267442046226485,-26.267442046226485,84312.70366018149,1576.0465227735883,-1576.0465227735883,1416437.7274,34121.4520171625,-34121.4520171625,5619.971662955022,5725.240887438757,5516.638009365382,10.798710767534073,11.268609457390287,10.348406756112988
086_190℃_200_1.5mm.csv,1.5,200,1.48872,0.300256981,1.50123,0.300218498,0.01251,1.714140579,190,0.012510000000000021,1413922.081,1398.8808952837705,60.0,83932.85371702623,10.829488918353082,5595.523581135081,0.012457499999999965,0.0002295194254669107,-0.0002295194254669107,1405.2117276696913,26.267442046226485,-26.267442046226485,84312.70366018149,1576.0465227735883,-1576.0465227735883,1416437.7274,34121.4520171625,-34121.4520171625,5619.971662955022,5725.240887438757,5516.638009365382,10.798710767534073,11.268609457390287,10.348406756112988
087_190℃_200_1.5mm.csv,1.5,200,1.488805,0.300099141,1.501,0.300231104,0.012195,1.672930442,190,0.012194999999999956,1372699.338,1435.0143501435066,60.0,86100.8610086104,10.249021485863228,5740.057400574026,0.012457499999999965,0.0002295194254669107,-0.0002295194254669107,1405.2117276696913,26.267442046226485,-26.267442046226485,84312.70366018149,1576.0465227735883,-1576.0465227735883,1416437.7274,34121.4520171625,-34121.4520171625,5619.971662955022,5725.240887438757,5516.638009365382,10.798710767534073,11.268609457390287,10.348406756112988
088_190℃_200_1.5mm.csv,1.5,200,1.488795,0.300206614,1.5011,0.300079445,0.012305,1.690976759,190,0.01230500000000001,1390897.314,1422.186103210076,60.0,85331.16619260456,10.478566193124498,5688.744412840304,0.012457499999999965,0.0002295194254669107,-0.0002295194254669107,1405.2117276696913,26.267442046226485,-26.267442046226485,84312.70366018149,1576.0465227735883,-1576.0465227735883,1416437.7274,34121.4520171625,-34121.4520171625,5619.971662955022,5725.240887438757,5516.638009365382,10.798710767534073,11.268609457390287,10.348406756112988
089_190℃_200_1.5mm.csv,1.5,200,1.4887,0.300009246,1.501345,0.300151076,0.012645,1.734440231,190,0.012645000000000017,1434289.155,1383.9462238038732,60.0,83036.7734282324,11.104032468352054,5535.784895215493,0.012457499999999965,0.0002295194254669107,-0.0002295194254669107,1405.2117276696913,26.267442046226485,-26.267442046226485,84312.70366018149,1576.0465227735883,-1576.0465227735883,1416437.7274,34121.4520171625,-34121.4520171625,5619.971662955022,5725.240887438757,5516.638009365382,10.798710767534073,11.268609457390287,10.348406756112988
090_190℃_200_1.5mm.csv,1.5,200,1.488885,0.300004189,1.50088,0.300113,0.011995,1.652654377,190,0.011994999999999978,1352541.3769999999,1458.9412255106322,60.0,87536.47353063793,9.93289825537651,5835.764902042529,0.012457499999999965,0.0002295194254669107,-0.0002295194254669107,1405.2117276696913,26.267442046226485,-26.267442046226485,84312.70366018149,1576.0465227735883,-1576.0465227735883,1416437.7274,34121.4520171625,-34121.4520171625,5619.971662955022,5725.240887438757,5516.638009365382,10.798710767534073,11.268609457390287,10.348406756112988
091_190℃_240_1.5mm.csv,1.5,240,1.489375,0.300032289,1.5002,0.300265039,0.010825,1.536575008,190,0.010825000000000085,1236309.969,1616.6281755196178,60.0,96997.69053117707,8.193707396586799,6466.51270207847,0.010697000000000045,0.000220758792451101,-0.000220758792451101,1636.5941476134078,33.46589109331333,-33.46589109331333,98195.64885680446,2007.9534655987973,-2007.9534655987973,1227919.7377999998,31001.60463110933,-31001.60463110933,6545.1373928152125,6680.981880962808,6412.0550323441885,8.038043391464035,8.409627791573202,7.682877668831038
092_190℃_240_1.5mm.csv,1.5,240,1.48949,0.300072873,1.49999,0.300150131,0.0105,1.498351531,190,0.010499999999999954,1198201.4,1666.666666666674,60.0,100000.00000000044,7.702723285714251,6666.666666666695,0.010697000000000045,0.000220758792451101,-0.000220758792451101,1636.5941476134078,33.46589109331333,-33.46589109331333,98195.64885680446,2007.9534655987973,-2007.9534655987973,1227919.7377999998,31001.60463110933,-31001.60463110933,6545.1373928152125,6680.981880962808,6412.0550323441885,8.038043391464035,8.409627791573202,7.682877668831038
093_190℃_240_1.5mm.csv,1.5,240,1.48941,0.300263018,1.50024,0.300171736,0.01083,1.543870194,190,0.010830000000000117,1243698.4579999999,1615.8818097876094,60.0,96952.90858725656,8.2464822245756,6463.527239150438,0.010697000000000045,0.000220758792451101,-0.000220758792451101,1636.5941476134078,33.46589109331333,-33.46589109331333,98195.64885680446,2007.9534655987973,-2007.9534655987973,1227919.7377999998,31001.60463110933,-31001.60463110933,6545.1373928152125,6680.981880962808,6412.0550323441885,8.038043391464035,8.409627791573202,7.682877668831038
094_190℃_240_1.5mm.csv,1.5,240,1.48942,0.300244285,1.500185,0.300064678,0.010765,1.533913838,190,0.010765000000000136,1233849.16,1625.6386437528824,60.0,97538.31862517295,8.132073188204183,6502.55457501153,0.010697000000000045,0.000220758792451101,-0.000220758792451101,1636.5941476134078,33.46589109331333,-33.46589109331333,98195.64885680446,2007.9534655987973,-2007.9534655987973,1227919.7377999998,31001.60463110933,-31001.60463110933,6545.1373928152125,6680.981880962808,6412.0550323441885,8.038043391464035,8.409627791573202,7.682877668831038
095_190℃_240_1.5mm.csv,1.5,240,1.489455,0.300104535,1.50014,0.300242793,0.010685,1.52613382,190,0.010685000000000056,1225891.027,1637.810014038363,60.0,98268.60084230179,8.019578953160245,6551.240056153453,0.010697000000000045,0.000220758792451101,-0.000220758792451101,1636.5941476134078,33.46589109331333,-33.46589109331333,98195.64885680446,2007.9534655987973,-2007.9534655987973,1227919.7377999998,31001.60463110933,-31001.60463110933,6545.1373928152125,6680.981880962808,6412.0550323441885,8.038043391464035,8.409627791573202,7.682877668831038
096_190℃_240_1.5mm.csv,1.5,240,1.489565,0.300152929,1.50002,0.300013838,0.010455,1.504161257,190,0.010454999999999881,1204147.419,1673.8402678144619,60.0,100430.41606886771,7.707772203456035,6695.361071257847,0.010697000000000045,0.000220758792451101,-0.000220758792451101,1636.5941476134078,33.46589109331333,-33.46589109331333,98195.64885680446,2007.9534655987973,-2007.9534655987973,1227919.7377999998,31001.60463110933,-31001.60463110933,6545.1373928152125,6680.981880962808,6412.0550323441885,8.038043391464035,8.409627791573202,7.682877668831038
097_190℃_240_1.5mm.csv,1.5,240,1.48943,0.300123359,1.499875,0.300045855,0.010445,1.477856182,190,0.010445000000000038,1177810.327,1675.442795595973,60.0,100526.56773575838,7.531976856437783,6701.771182383892,0.010697000000000045,0.000220758792451101,-0.000220758792451101,1636.5941476134078,33.46589109331333,-33.46589109331333,98195.64885680446,2007.9534655987973,-2007.9534655987973,1227919.7377999998,31001.60463110933,-31001.60463110933,6545.1373928152125,6680.981880962808,6412.0550323441885,8.038043391464035,8.409627791573202,7.682877668831038
098_190℃_240_1.5mm.csv,1.5,240,1.489345,0.300188941,1.50048,0.300176986,0.011135,1.588821783,190,0.011135000000000117,1288644.7969999998,1571.6210148181244,60.0,94297.26088908747,8.78513866199703,6286.484059272499,0.010697000000000045,0.000220758792451101,-0.000220758792451101,1636.5941476134078,33.46589109331333,-33.46589109331333,98195.64885680446,2007.9534655987973,-2007.9534655987973,1227919.7377999998,31001.60463110933,-31001.60463110933,6545.1373928152125,6680.981880962808,6412.0550323441885,8.038043391464035,8.409627791573202,7.682877668831038
099_190℃_240_1.5mm.csv,1.5,240,1.489585,0.300142419,1.5001,0.300017649,0.010515,1.51898662,190,0.010515000000000052,1218968.971,1664.2891107940954,60.0,99857.34664764573,7.847423712284732,6657.156443176383,0.010697000000000045,0.000220758792451101,-0.000220758792451101,1636.5941476134078,33.46589109331333,-33.46589109331333,98195.64885680446,2007.9534655987973,-2007.9534655987973,1227919.7377999998,31001.60463110933,-31001.60463110933,6545.1373928152125,6680.981880962808,6412.0550323441885,8.038043391464035,8.409627791573202,7.682877668831038
100_190℃_240_1.5mm.csv,1.5,240,1.489465,0.300214034,1.50028,0.300223717,0.010815,1.551899567,190,0.010815000000000019,1251675.85,1618.1229773462755,60.0,97087.37864077653,8.287882235357158,6472.491909385102,0.010697000000000045,0.000220758792451101,-0.000220758792451101,1636.5941476134078,33.46589109331333,-33.46589109331333,98195.64885680446,2007.9534655987973,-2007.9534655987973,1227919.7377999998,31001.60463110933,-31001.60463110933,6545.1373928152125,6680.981880962808,6412.0550323441885,8.038043391464035,8.409627791573202,7.682877668831038
101_190℃_280_1.5mm.csv,1.5,280,1.4897,0.300002927,1.49965,0.300157114,0.00995,1.435751155,190,0.009949999999999903,1135594.041,1758.7939698492632,60.0,105527.6381909558,6.917853494663198,7035.175879397053,0.009854499999999988,0.00023392128305622632,-0.00023392128305622632,1776.7539527043252,42.86409665651974,-42.86409665651974,106605.23716225952,2571.8457993911848,-2571.8457993911848,1132078.3613,37244.66617940892,-37244.66617940892,7105.174685500904,7277.257395894969,6937.161153590655,6.825151102006289,7.2214057544602115,6.450639826801927
102_190℃_280_1.5mm.csv,1.5,280,1.48971,0.300113251,1.499655,0.300079742,0.009945,1.436836458,190,0.00994499999999987,1136756.7159999998,1759.6782302664885,60.0,105580.69381598932,6.921456453440726,7038.712921065955,0.009854499999999988,0.00023392128305622632,-0.00023392128305622632,1776.7539527043252,42.86409665651974,-42.86409665651974,106605.23716225952,2571.8457993911848,-2571.8457993911848,1132078.3613,37244.66617940892,-37244.66617940892,7105.174685500904,7277.257395894969,6937.161153590655,6.825151102006289,7.2214057544602115,6.450639826801927
103_190℃_280_1.5mm.csv,1.5,280,1.48987,0.300208886,1.499355,0.300130741,0.009485,1.38127861,190,0.009484999999999966,1081147.869,1845.0184501845085,60.0,110701.10701107052,6.278380124978549,7380.073800738034,0.009854499999999988,0.00023392128305622632,-0.00023392128305622632,1776.7539527043252,42.86409665651974,-42.86409665651974,106605.23716225952,2571.8457993911848,-2571.8457993911848,1132078.3613,37244.66617940892,-37244.66617940892,7105.174685500904,7277.257395894969,6937.161153590655,6.825151102006289,7.2214057544602115,6.450639826801927
104_190℃_280_1.5mm.csv,1.5,280,1.489825,0.300198577,1.49987,0.300113584,0.010045,1.476307505,190,0.010045000000000082,1176193.921,1742.1602787456304,60.0,104529.61672473783,7.233592614150059,6968.641114982523,0.009854499999999988,0.00023392128305622632,-0.00023392128305622632,1776.7539527043252,42.86409665651974,-42.86409665651974,106605.23716225952,2571.8457993911848,-2571.8457993911848,1132078.3613,37244.66617940892,-37244.66617940892,7105.174685500904,7277.257395894969,6937.161153590655,6.825151102006289,7.2214057544602115,6.450639826801927
105_190℃_280_1.5mm.csv,1.5,280,1.48968,0.300122924,1.499645,0.300084992,0.009965,1.434532439,190,0.009965000000000002,1134447.4470000002,1756.1465127947815,60.0,105368.79076768689,6.921287026135717,7024.586051179126,0.009854499999999988,0.00023392128305622632,-0.00023392128305622632,1776.7539527043252,42.86409665651974,-42.86409665651974,106605.23716225952,2571.8457993911848,-2571.8457993911848,1132078.3613,37244.66617940892,-37244.66617940892,7105.174685500904,7277.257395894969,6937.161153590655,6.825151102006289,7.2214057544602115,6.450639826801927
106_190℃_280_1.5mm.csv,1.5,280,1.48972,0.300097205,1.4996,0.300165509,0.00988,1.426512184,190,0.009880000000000111,1126346.675,1771.255060728725,60.0,106275.3036437235,6.81324805040824,7085.0202429149,0.009854499999999988,0.00023392128305622632,-0.00023392128305622632,1776.7539527043252,42.86409665651974,-42.86409665651974,106605.23716225952,2571.8457993911848,-2571.8457993911848,1132078.3613,37244.66617940892,-37244.66617940892,7105.174685500904,7277.257395894969,6937.161153590655,6.825151102006289,7.2214057544602115,6.450639826801927
107_190℃_280_1.5mm.csv,1.5,280,1.48984,0.300179296,1.49959,0.300250258,0.00975,1.42435566,190,0.009749999999999925,1124105.402,1794.8717948718086,60.0,107692.30769230852,6.7102210221428065,7179.487179487235,0.009854499999999988,0.00023392128305622632,-0.00023392128305622632,1776.7539527043252,42.86409665651974,-42.86409665651974,106605.23716225952,2571.8457993911848,-2571.8457993911848,1132078.3613,37244.66617940892,-37244.66617940892,7105.174685500904,7277.257395894969,6937.161153590655,6.825151102006289,7.2214057544602115,6.450639826801927
108_190℃_280_1.5mm.csv,1.5,280,1.48977,0.300001011,1.499955,0.300135894,0.010185,1.491978063,190,0.010184999999999889,1191842.1689999998,1718.2130584192628,60.0,103092.78350515576,7.431987239549917,6872.852233677051,0.009854499999999988,0.00023392128305622632,-0.00023392128305622632,1776.7539527043252,42.86409665651974,-42.86409665651974,106605.23716225952,2571.8457993911848,-2571.8457993911848,1132078.3613,37244.66617940892,-37244.66617940892,7105.174685500904,7277.257395894969,6937.161153590655,6.825151102006289,7.2214057544602115,6.450639826801927
109_190℃_280_1.5mm.csv,1.5,280,1.489815,0.30020677,1.49971,0.300142049,0.009895,1.446020806,190,0.00989500000000021,1145878.757,1768.5699848407912,60.0,106114.19909044748,6.941920592152187,7074.279939363165,0.009854499999999988,0.00023392128305622632,-0.00023392128305622632,1776.7539527043252,42.86409665651974,-42.86409665651974,106605.23716225952,2571.8457993911848,-2571.8457993911848,1132078.3613,37244.66617940892,-37244.66617940892,7105.174685500904,7277.257395894969,6937.161153590655,6.825151102006289,7.2214057544602115,6.450639826801927
110_190℃_280_1.5mm.csv,1.5,280,1.489835,0.300224538,1.49928,0.300016454,0.009445,1.36848707,190,0.009444999999999926,1068470.616,1852.8321863419944,60.0,111169.93118051966,6.178594878440768,7411.328745367979,0.009854499999999988,0.00023392128305622632,-0.00023392128305622632,1776.7539527043252,42.86409665651974,-42.86409665651974,106605.23716225952,2571.8457993911848,-2571.8457993911848,1132078.3613,37244.66617940892,-37244.66617940892,7105.174685500904,7277.257395894969,6937.161153590655,6.825151102006289,7.2214057544602115,6.450639826801927
111_190℃_320_1.5mm.csv,1.5,320,1.4902,0.300225363,1.49907,0.300163853,0.00887,1.326413449,190,0.008869999999999933,1026249.596,1972.9425028185042,60.0,118376.55016911025,5.573163622359141,7891.770011274018,0.009043500000000005,0.00021058186584374094,-0.00021058186584374094,1936.0445176873195,45.48381360875566,-45.48381360875566,116162.67106123916,2729.0288165253405,-2729.0288165253405,1036942.7416999999,26596.788532965762,-26596.788532965762,7742.266162275482,7925.493821852435,7563.274500604614,5.7382631102351365,6.024706371991643,5.465438726667806
112_190℃_320_1.5mm.csv,1.5,320,1.49006,0.300246582,1.498945,0.300197634,0.008885,1.304371692,190,0.008885000000000032,1004174.0579999998,1969.6117051209833,60.0,118176.702307259,5.462501942038795,7878.446820483934,0.009043500000000005,0.00021058186584374094,-0.00021058186584374094,1936.0445176873195,45.48381360875566,-45.48381360875566,116162.67106123916,2729.0288165253405,-2729.0288165253405,1036942.7416999999,26596.788532965762,-26596.788532965762,7742.266162275482,7925.493821852435,7563.274500604614,5.7382631102351365,6.024706371991643,5.465438726667806
113_190℃_320_1.5mm.csv,1.5,320,1.49003,0.30011451,1.49927,0.300314739,0.00924,1.362946624,190,0.009240000000000137,1062631.885,1893.9393939393658,60.0,113636.36363636194,6.011460378000089,7575.757575757462,0.009043500000000005,0.00021058186584374094,-0.00021058186584374094,1936.0445176873195,45.48381360875566,-45.48381360875566,116162.67106123916,2729.0288165253405,-2729.0288165253405,1036942.7416999999,26596.788532965762,-26596.788532965762,7742.266162275482,7925.493821852435,7563.274500604614,5.7382631102351365,6.024706371991643,5.465438726667806
114_190℃_320_1.5mm.csv,1.5,320,1.490005,0.300027347,1.499335,0.300216866,0.00933,1.374782196,190,0.00933000000000006,1074565.33,1875.669882100738,60.0,112540.19292604428,6.138180323816367,7502.679528402952,0.009043500000000005,0.00021058186584374094,-0.00021058186584374094,1936.0445176873195,45.48381360875566,-45.48381360875566,116162.67106123916,2729.0288165253405,-2729.0288165253405,1036942.7416999999,26596.788532965762,-26596.788532965762,7742.266162275482,7925.493821852435,7563.274500604614,5.7382631102351365,6.024706371991643,5.465438726667806
115_190℃_320_1.5mm.csv,1.5,320,1.490205,0.300198189,1.49888,0.300272404,0.008675,1.292273937,190,0.008674999999999988,992001.533,2017.2910662824236,60.0,121037.46397694541,5.268742835984687,8069.164265129694,0.009043500000000005,0.00021058186584374094,-0.00021058186584374094,1936.0445176873195,45.48381360875566,-45.48381360875566,116162.67106123916,2729.0288165253405,-2729.0288165253405,1036942.7416999999,26596.788532965762,-26596.788532965762,7742.266162275482,7925.493821852435,7563.274500604614,5.7382631102351365,6.024706371991643,5.465438726667806
116_190℃_320_1.5mm.csv,1.5,320,1.490055,0.300165147,1.499185,0.300077476,0.00913,1.347842549,190,0.009130000000000082,1047765.0729999999,1916.757940854309,60.0,115005.47645125854,5.856792928463318,7667.031763417236,0.009043500000000005,0.00021058186584374094,-0.00021058186584374094,1936.0445176873195,45.48381360875566,-45.48381360875566,116162.67106123916,2729.0288165253405,-2729.0288165253405,1036942.7416999999,26596.788532965762,-26596.788532965762,7742.266162275482,7925.493821852435,7563.274500604614,5.7382631102351365,6.024706371991643,5.465438726667806
117_190℃_320_1.5mm.csv,1.5,320,1.49016,0.300118719,1.499005,0.300273335,0.008845,1.314874125,190,0.008844999999999992,1014600.79,1978.518937252687,60.0,118711.13623516122,5.494373869928567,7914.075749010748,0.009043500000000005,0.00021058186584374094,-0.00021058186584374094,1936.0445176873195,45.48381360875566,-45.48381360875566,116162.67106123916,2729.0288165253405,-2729.0288165253405,1036942.7416999999,26596.788532965762,-26596.788532965762,7742.266162275482,7925.493821852435,7563.274500604614,5.7382631102351365,6.024706371991643,5.465438726667806
118_190℃_320_1.5mm.csv,1.5,320,1.48997,0.300233888,1.499175,0.300031127,0.009205,1.346224482,190,0.009204999999999908,1046193.355,1901.1406844106655,60.0,114068.44106463993,5.896046836392797,7604.562737642662,0.009043500000000005,0.00021058186584374094,-0.00021058186584374094,1936.0445176873195,45.48381360875566,-45.48381360875566,116162.67106123916,2729.0288165253405,-2729.0288165253405,1036942.7416999999,26596.788532965762,-26596.788532965762,7742.266162275482,7925.493821852435,7563.274500604614,5.7382631102351365,6.024706371991643,5.465438726667806
119_190℃_320_1.5mm.csv,1.5,320,1.49005,0.300116572,1.49919,0.300189115,0.00914,1.348925736,190,0.009139999999999926,1048736.621,1914.6608315098624,60.0,114879.64989059174,5.868644519963218,7658.64332603945,0.009043500000000005,0.00021058186584374094,-0.00021058186584374094,1936.0445176873195,45.48381360875566,-45.48381360875566,116162.67106123916,2729.0288165253405,-2729.0288165253405,1036942.7416999999,26596.788532965762,-26596.788532965762,7742.266162275482,7925.493821852435,7563.274500604614,5.7382631102351365,6.024706371991643,5.465438726667806
120_190℃_320_1.5mm.csv,1.5,320,1.4901,0.300000729,1.499215,0.300162833,0.009115,1.352672009,190,0.009114999999999984,1052509.176,1919.9122325836565,60.0,115194.73395501939,5.873645595453051,7679.648930334626,0.009043500000000005,0.00021058186584374094,-0.00021058186584374094,1936.0445176873195,45.48381360875566,-45.48381360875566,116162.67106123916,2729.0288165253405,-2729.0288165253405,1036942.7416999999,26596.788532965762,-26596.788532965762,7742.266162275482,7925.493821852435,7563.274500604614,5.7382631102351365,6.024706371991643,5.465438726667806
001_210℃_003_1.5mm.csv,1.5,3,0.99557,0.300001039,1.89564,0.300003696,0.90007,2.724540936,210,0.90007,2424537.2399999998,19.44293221638317,60.0,1166.5759329829903,1336.0734083306936,77.77172886553268,0.880518,0.013957240096491562,-0.013957240096491562,19.879111068797346,0.3117159908171201,-0.3117159908171201,1192.7466641278406,18.702959449027205,-18.702959449027205,2350982.4101,45913.15330140814,-45913.15330140814,79.50758308832414,80.77099735890756,78.26393105506979,1267.0405514758907,1311.8548121774386,1223.7571903400444
002_210℃_003_1.5mm.csv,1.5,3,0.99402,0.300000228,1.90137,0.300008804,0.90735,2.74077823,210,0.90735,2440769.426,19.2869344795283,60.0,1157.2160687716978,1355.8972277639386,77.14773791811318,0.880518,0.013957240096491562,-0.013957240096491562,19.879111068797346,0.3117159908171201,-0.3117159908171201,1192.7466641278406,18.702959449027205,-18.702959449027205,2350982.4101,45913.15330140814,-45913.15330140814,79.50758308832414,80.77099735890756,78.26393105506979,1267.0405514758907,1311.8548121774386,1223.7571903400444
003_210℃_003_1.5mm.csv,1.5,3,1.00078,0.300007235,1.86176,0.300010287,0.86098,2.611774272,210,0.8609800000000001,2311763.985,20.325675393156633,60.0,1219.540523589398,1218.6015647787551,81.30270157262653,0.880518,0.013957240096491562,-0.013957240096491562,19.879111068797346,0.3117159908171201,-0.3117159908171201,1192.7466641278406,18.702959449027205,-18.702959449027205,2350982.4101,45913.15330140814,-45913.15330140814,79.50758308832414,80.77099735890756,78.26393105506979,1267.0405514758907,1311.8548121774386,1223.7571903400444
004_210℃_003_1.5mm.csv,1.5,3,1.00058,0.300014525,1.87907,0.300001361,0.87849,2.657181873,210,0.87849,2357180.5119999996,19.920545481451125,60.0,1195.2327288870674,1267.8119436654367,79.6821819258045,0.880518,0.013957240096491562,-0.013957240096491562,19.879111068797346,0.3117159908171201,-0.3117159908171201,1192.7466641278406,18.702959449027205,-18.702959449027205,2350982.4101,45913.15330140814,-45913.15330140814,79.50758308832414,80.77099735890756,78.26393105506979,1267.0405514758907,1311.8548121774386,1223.7571903400444
005_210℃_003_1.5mm.csv,1.5,3,0.99886,0.300007756,1.87218,0.300014129,0.87332,2.627658435,210,0.87332,2327644.306,20.038473869830074,60.0,1202.3084321898045,1244.5581583566855,80.1538954793203,0.880518,0.013957240096491562,-0.013957240096491562,19.879111068797346,0.3117159908171201,-0.3117159908171201,1192.7466641278406,18.702959449027205,-18.702959449027205,2350982.4101,45913.15330140814,-45913.15330140814,79.50758308832414,80.77099735890756,78.26393105506979,1267.0405514758907,1311.8548121774386,1223.7571903400444
006_210℃_003_1.5mm.csv,1.5,3,0.99574,0.300001144,1.87014,0.300002765,0.8744,2.623330026,210,0.8744,2323327.2610000004,20.013723696248856,60.0,1200.8234217749314,1243.786136950041,80.05489478499543,0.880518,0.013957240096491562,-0.013957240096491562,19.879111068797346,0.3117159908171201,-0.3117159908171201,1192.7466641278406,18.702959449027205,-18.702959449027205,2350982.4101,45913.15330140814,-45913.15330140814,79.50758308832414,80.77099735890756,78.26393105506979,1267.0405514758907,1311.8548121774386,1223.7571903400444
007_210℃_003_1.5mm.csv,1.5,3,0.99281,0.300005785,1.87436,0.300007138,0.88155,2.641100339,210,0.8815500000000001,2341093.2009999994,19.851398105609437,60.0,1191.0838863365661,1263.5453334744182,79.40559242243775,0.880518,0.013957240096491562,-0.013957240096491562,19.879111068797346,0.3117159908171201,-0.3117159908171201,1192.7466641278406,18.702959449027205,-18.702959449027205,2350982.4101,45913.15330140814,-45913.15330140814,79.50758308832414,80.77099735890756,78.26393105506979,1267.0405514758907,1311.8548121774386,1223.7571903400444
008_210℃_003_1.5mm.csv,1.5,3,0.99355,0.300016211,1.87868,0.300009667,0.88513,2.652281707,210,0.8851299999999999,2352272.0400000005,19.771107069018115,60.0,1186.2664241410869,1274.7346229174696,79.08442827607246,0.880518,0.013957240096491562,-0.013957240096491562,19.879111068797346,0.3117159908171201,-0.3117159908171201,1192.7466641278406,18.702959449027205,-18.702959449027205,2350982.4101,45913.15330140814,-45913.15330140814,79.50758308832414,80.77099735890756,78.26393105506979,1267.0405514758907,1311.8548121774386,1223.7571903400444
009_210℃_003_1.5mm.csv,1.5,3,0.99768,0.300012367,1.86781,0.300018939,0.87013,2.61304582,210,0.87013,2313026.881,20.111937296725777,60.0,1206.7162378035466,1232.2249469170595,80.44774918690311,0.880518,0.013957240096491562,-0.013957240096491562,19.879111068797346,0.3117159908171201,-0.3117159908171201,1192.7466641278406,18.702959449027205,-18.702959449027205,2350982.4101,45913.15330140814,-45913.15330140814,79.50758308832414,80.77099735890756,78.26393105506979,1267.0405514758907,1311.8548121774386,1223.7571903400444
010_210℃_003_1.5mm.csv,1.5,3,0.99603,0.300003068,1.86979,0.300001416,0.87376,2.618210665,210,0.8737600000000001,2318209.249,20.02838308002197,60.0,1201.7029848013183,1240.1378653507593,80.11353232008788,0.880518,0.013957240096491562,-0.013957240096491562,19.879111068797346,0.3117159908171201,-0.3117159908171201,1192.7466641278406,18.702959449027205,-18.702959449027205,2350982.4101,45913.15330140814,-45913.15330140814,79.50758308832414,80.77099735890756,78.26393105506979,1267.0405514758907,1311.8548121774386,1223.7571903400444
011_210℃_005_1.5mm.csv,1.5,5,1.1685,0.300009631,1.66778,0.300013799,0.49928,2.25006268,210,0.49927999999999995,1950048.881,35.05047268066016,60.0,2103.0283608396094,596.094125697355,140.20189072264063,0.502842,0.004445269145707387,-0.004445269145707387,34.804635740845455,0.30811202629324996,-0.30811202629324996,2088.2781444507277,18.486721577594913,-18.486721577594913,1956864.7991,17372.095511678384,-17372.095511678384,139.21363788648713,140.45065839854445,137.98751244437608,602.4026478462337,612.9654075329138,592.0219080432654
012_210℃_005_1.5mm.csv,1.5,5,1.16653,0.300023322,1.67516,0.300012227,0.50863,2.285171192,210,0.5086299999999999,1985158.9649999999,34.40614985352811,60.0,2064.368991211687,618.1906557354794,137.62459941411245,0.502842,0.004445269145707387,-0.004445269145707387,34.804635740845455,0.30811202629324996,-0.30811202629324996,2088.2781444507277,18.486721577594913,-18.486721577594913,1956864.7991,17372.095511678384,-17372.095511678384,139.21363788648713,140.45065839854445,137.98751244437608,602.4026478462337,612.9654075329138,592.0219080432654
013_210℃_005_1.5mm.csv,1.5,5,1.16508,0.300021841,1.67374,0.300023119,0.50866,2.281030636,210,0.5086600000000001,1981007.517,34.40412063067667,60.0,2064.2472378406005,616.9342552636041,137.61648252270672,0.502842,0.004445269145707387,-0.004445269145707387,34.804635740845455,0.30811202629324996,-0.30811202629324996,2088.2781444507277,18.486721577594913,-18.486721577594913,1956864.7991,17372.095511678384,-17372.095511678384,139.21363788648713,140.45065839854445,137.98751244437608,602.4026478462337,612.9654075329138,592.0219080432654
014_210℃_005_1.5mm.csv,1.5,5,1.16817,0.300016244,1.6687,0.300022927,0.50053,2.255607975,210,0.5005300000000001,1955585.0480000002,34.96293928435857,60.0,2097.7763570615143,599.2830514747594,139.85175713743428,0.502842,0.004445269145707387,-0.004445269145707387,34.804635740845455,0.30811202629324996,-0.30811202629324996,2088.2781444507277,18.486721577594913,-18.486721577594913,1956864.7991,17372.095511678384,-17372.095511678384,139.21363788648713,140.45065839854445,137.98751244437608,602.4026478462337,612.9654075329138,592.0219080432654
015_210℃_005_1.5mm.csv,1.5,5,1.16824,0.300005939,1.66481,0.300006838,0.49657,2.234982681,210,0.49656999999999996,1934975.8429999999,35.24175846305657,60.0,2114.505507783394,588.2760945052103,140.96703385222628,0.502842,0.004445269145707387,-0.004445269145707387,34.804635740845455,0.30811202629324996,-0.30811202629324996,2088.2781444507277,18.486721577594913,-18.486721577594913,1956864.7991,17372.095511678384,-17372.095511678384,139.21363788648713,140.45065839854445,137.98751244437608,602.4026478462337,612.9654075329138,592.0219080432654
016_210℃_005_1.5mm.csv,1.5,5,1.16733,0.30001899,1.67253,0.300003208,0.5052,2.268583977,210,0.5052000000000001,1968580.7689999999,34.63974663499604,60.0,2078.384798099762,608.8940843870205,138.55898653998415,0.502842,0.004445269145707387,-0.004445269145707387,34.804635740845455,0.30811202629324996,-0.30811202629324996,2088.2781444507277,18.486721577594913,-18.486721577594913,1956864.7991,17372.095511678384,-17372.095511678384,139.21363788648713,140.45065839854445,137.98751244437608,602.4026478462337,612.9654075329138,592.0219080432654
017_210℃_005_1.5mm.csv,1.5,5,1.16473,0.300019407,1.66994,0.300010116,0.50521,2.254351519,210,0.5052099999999999,1954341.4030000002,34.63906098454109,60.0,2078.3436590724655,604.5017266589571,138.55624393816439,0.502842,0.004445269145707387,-0.004445269145707387,34.804635740845455,0.30811202629324996,-0.30811202629324996,2088.2781444507277,18.486721577594913,-18.486721577594913,1956864.7991,17372.095511678384,-17372.095511678384,139.21363788648713,140.45065839854445,137.98751244437608,602.4026478462337,612.9654075329138,592.0219080432654
018_210℃_005_1.5mm.csv,1.5,5,1.16721,0.300020543,1.66386,0.300001459,0.49665,2.231720451,210,0.4966499999999998,1931718.992,35.23608174770967,60.0,2114.16490486258,587.3805534959998,140.94432699083865,0.502842,0.004445269145707387,-0.004445269145707387,34.804635740845455,0.30811202629324996,-0.30811202629324996,2088.2781444507277,18.486721577594913,-18.486721577594913,1956864.7991,17372.095511678384,-17372.095511678384,139.21363788648713,140.45065839854445,137.98751244437608,602.4026478462337,612.9654075329138,592.0219080432654
019_210℃_005_1.5mm.csv,1.5,5,1.16565,0.300007843,1.6686,0.300023585,0.50295,2.251590212,210,0.50295,1951566.627,34.79471120389701,60.0,2087.6826722338205,600.9431234997858,139.17884481558804,0.502842,0.004445269145707387,-0.004445269145707387,34.804635740845455,0.30811202629324996,-0.30811202629324996,2088.2781444507277,18.486721577594913,-18.486721577594913,1956864.7991,17372.095511678384,-17372.095511678384,139.21363788648713,140.45065839854445,137.98751244437608,602.4026478462337,612.9654075329138,592.0219080432654
020_210℃_005_1.5mm.csv,1.5,5,1.16541,0.300004373,1.67015,0.300016371,0.50474,2.255680317,210,0.50474,1955663.946,34.67131592503071,60.0,2080.2789555018426,604.3480531249224,138.68526370012285,0.502842,0.004445269145707387,-0.004445269145707387,34.804635740845455,0.30811202629324996,-0.30811202629324996,2088.2781444507277,18.486721577594913,-18.486721577594913,1956864.7991,17372.095511678384,-17372.095511678384,139.21363788648713,140.45065839854445,137.98751244437608,602.4026478462337,612.9654075329138,592.0219080432654
021_210℃_010_1.5mm.csv,1.5,10,1.31792,0.30002099,1.560085,0.300018704,0.242165,1.98704298,210,0.24216499999999996,1687024.276,72.2647781471311,60.0,4335.886688827866,250.12544926379994,289.05911258852444,0.24211400000000002,0.0040068862945905745,-0.0040068862945905745,72.29787340459721,1.200189780755735,-1.200189780755735,4337.872404275833,72.01138684534413,-72.01138684534413,1683514.356,29367.375421229335,-29367.375421229335,289.1557085701785,293.9883038386957,284.40255175796847,249.48752469680466,258.1010246681259,241.1614795383861
022_210℃_010_1.5mm.csv,1.5,10,1.31787,0.30002056,1.563895,0.300006067,0.246025,2.01380677,210,0.24602499999999994,1713800.703,71.13098262371712,60.0,4267.858957423027,258.14560282994375,284.52393049486847,0.24211400000000002,0.0040068862945905745,-0.0040068862945905745,72.29787340459721,1.200189780755735,-1.200189780755735,4337.872404275833,72.01138684534413,-72.01138684534413,1683514.356,29367.375421229335,-29367.375421229335,289.1557085701785,293.9883038386957,284.40255175796847,249.48752469680466,258.1010246681259,241.1614795383861
023_210℃_010_1.5mm.csv,1.5,10,1.31958,0.300016276,1.554465,0.300016442,0.234885,1.935683512,210,0.234885,1635667.07,74.5045447772314,60.0,4470.272686633884,235.2206080022143,298.0181791089256,0.24211400000000002,0.0040068862945905745,-0.0040068862945905745,72.29787340459721,1.200189780755735,-1.200189780755735,4337.872404275833,72.01138684534413,-72.01138684534413,1683514.356,29367.375421229335,-29367.375421229335,289.1557085701785,293.9883038386957,284.40255175796847,249.48752469680466,258.1010246681259,241.1614795383861
024_210℃_010_1.5mm.csv,1.5,10,1.31797,0.300006006,1.55878,0.300020245,0.24081,1.971681082,210,0.24080999999999997,1671660.8369999998,72.67140068934016,60.0,4360.28404136041,246.4608037701856,290.68560275736064,0.24211400000000002,0.0040068862945905745,-0.0040068862945905745,72.29787340459721,1.200189780755735,-1.200189780755735,4337.872404275833,72.01138684534413,-72.01138684534413,1683514.356,29367.375421229335,-29367.375421229335,289.1557085701785,293.9883038386957,284.40255175796847,249.48752469680466,258.1010246681259,241.1614795383861
025_210℃_010_1.5mm.csv,1.5,10,1.31832,0.300016,1.55902,0.300013949,0.2407,1.976077483,210,0.24070000000000014,1676063.534,72.70461154964683,60.0,4362.2766929788095,246.99703630640826,290.8184461985873,0.24211400000000002,0.0040068862945905745,-0.0040068862945905745,72.29787340459721,1.200189780755735,-1.200189780755735,4337.872404275833,72.01138684534413,-72.01138684534413,1683514.356,29367.375421229335,-29367.375421229335,289.1557085701785,293.9883038386957,284.40255175796847,249.48752469680466,258.1010246681259,241.1614795383861
026_210℃_010_1.5mm.csv,1.5,10,1.317985,0.300014914,1.559455,0.300013475,0.24147,1.976425581,210,0.24147000000000007,1676412.106,72.47277094463078,60.0,4348.366256677847,247.83871300152254,289.89108377852307,0.24211400000000002,0.0040068862945905745,-0.0040068862945905745,72.29787340459721,1.200189780755735,-1.200189780755735,4337.872404275833,72.01138684534413,-72.01138684534413,1683514.356,29367.375421229335,-29367.375421229335,289.1557085701785,293.9883038386957,284.40255175796847,249.48752469680466,258.1010246681259,241.1614795383861
027_210℃_010_1.5mm.csv,1.5,10,1.317265,0.300022296,1.565935,0.30001548,0.24867,2.034669452,210,0.24867000000000017,1734653.9720000003,70.37439176418542,60.0,4222.463505851125,264.0957570717799,281.4975670567417,0.24211400000000002,0.0040068862945905745,-0.0040068862945905745,72.29787340459721,1.200189780755735,-1.200189780755735,4337.872404275833,72.01138684534413,-72.01138684534413,1683514.356,29367.375421229335,-29367.375421229335,289.1557085701785,293.9883038386957,284.40255175796847,249.48752469680466,258.1010246681259,241.1614795383861
028_210℃_010_1.5mm.csv,1.5,10,1.317115,0.300008021,1.560465,0.300006481,0.24335,1.985777459,210,0.24334999999999996,1685770.978,71.91288267926856,60.0,4314.772960756114,251.1626739773264,287.65153071707425,0.24211400000000002,0.0040068862945905745,-0.0040068862945905745,72.29787340459721,1.200189780755735,-1.200189780755735,4337.872404275833,72.01138684534413,-72.01138684534413,1683514.356,29367.375421229335,-29367.375421229335,289.1557085701785,293.9883038386957,284.40255175796847,249.48752469680466,258.1010246681259,241.1614795383861
029_210℃_010_1.5mm.csv,1.5,10,1.31711,0.300016876,1.56236,0.30002342,0.24525,2.005286543,210,0.24524999999999997,1705263.123,71.35575942915393,60.0,4281.345565749236,256.0504781116836,285.42303771661574,0.24211400000000002,0.0040068862945905745,-0.0040068862945905745,72.29787340459721,1.200189780755735,-1.200189780755735,4337.872404275833,72.01138684534413,-72.01138684534413,1683514.356,29367.375421229335,-29367.375421229335,289.1557085701785,293.9883038386957,284.40255175796847,249.48752469680466,258.1010246681259,241.1614795383861
030_210℃_010_1.5mm.csv,1.5,10,1.31809,0.300002263,1.555905,0.300020708,0.237815,1.948847669,210,0.2378150000000001,1648826.9610000001,73.5866114416668,60.0,4415.196686500009,240.07088799809094,294.3464457666672,0.24211400000000002,0.0040068862945905745,-0.0040068862945905745,72.29787340459721,1.200189780755735,-1.200189780755735,4337.872404275833,72.01138684534413,-72.01138684534413,1683514.356,29367.375421229335,-29367.375421229335,289.1557085701785,293.9883038386957,284.40255175796847,249.48752469680466,258.1010246681259,241.1614795383861
031_210℃_020_1.5mm.csv,1.5,20,1.413025,0.300051166,1.53065,0.300022055,0.117625,1.98803528,210,0.11762500000000009,1688013.225,148.7778958554728,60.0,8926.673751328368,121.56278913711743,595.1115834218913,0.11730299999999998,0.0014483691978682278,-0.0014483691978682278,149.20684156607763,1.8490042609421533,-1.8490042609421533,8952.410493964659,110.94025565652903,-110.94025565652903,1685729.3768,20564.469955084645,-20564.469955084645,596.7862225552456,604.2143006777166,589.4494635964086,121.04953788725494,124.05839541769245,118.11365585845914
032_210℃_020_1.5mm.csv,1.5,20,1.41319,0.300022867,1.531565,0.300019157,0.118375,2.002716031,210,0.11837500000000012,1702696.8739999998,147.83526927138317,60.0,8870.11615628299,123.40208722025525,591.3410770855327,0.11730299999999998,0.0014483691978682278,-0.0014483691978682278,149.20684156607763,1.8490042609421533,-1.8490042609421533,8952.410493964659,110.94025565652903,-110.94025565652903,1685729.3768,20564.469955084645,-20564.469955084645,596.7862225552456,604.2143006777166,589.4494635964086,121.04953788725494,124.05839541769245,118.11365585845914
033_210℃_020_1.5mm.csv,1.5,20,1.41339,0.300030553,1.5308,0.300025306,0.11741,1.990124841,210,0.11741000000000001,1690099.5350000001,149.0503364279022,60.0,8943.020185674133,121.49056310470411,596.2013457116088,0.11730299999999998,0.0014483691978682278,-0.0014483691978682278,149.20684156607763,1.8490042609421533,-1.8490042609421533,8952.410493964659,110.94025565652903,-110.94025565652903,1685729.3768,20564.469955084645,-20564.469955084645,596.7862225552456,604.2143006777166,589.4494635964086,121.04953788725494,124.05839541769245,118.11365585845914
034_210℃_020_1.5mm.csv,1.5,20,1.41362,0.300029153,1.52891,0.300045779,0.11529,1.959981994,210,0.11528999999999989,1659936.215,151.79113539769293,60.0,9107.468123861576,117.16778340449987,607.1645415907717,0.11730299999999998,0.0014483691978682278,-0.0014483691978682278,149.20684156607763,1.8490042609421533,-1.8490042609421533,8952.410493964659,110.94025565652903,-110.94025565652903,1685729.3768,20564.469955084645,-20564.469955084645,596.7862225552456,604.2143006777166,589.4494635964086,121.04953788725494,124.05839541769245,118.11365585845914
035_210℃_020_1.5mm.csv,1.5,20,1.413445,0.300032993,1.530475,0.300057833,0.11703,1.981840925,210,0.11702999999999997,1681783.092,149.53430744253615,60.0,8972.058446552168,120.50147464699589,598.1372297701445,0.11730299999999998,0.0014483691978682278,-0.0014483691978682278,149.20684156607763,1.8490042609421533,-1.8490042609421533,8952.410493964659,110.94025565652903,-110.94025565652903,1685729.3768,20564.469955084645,-20564.469955084645,596.7862225552456,604.2143006777166,589.4494635964086,121.04953788725494,124.05839541769245,118.11365585845914
036_210℃_020_1.5mm.csv,1.5,20,1.412915,0.300005601,1.53145,0.300017325,0.118535,1.999881179,210,0.11853500000000006,1699863.854,147.63571940776978,60.0,8858.143164466186,123.36328281666744,590.542877631079,0.11730299999999998,0.0014483691978682278,-0.0014483691978682278,149.20684156607763,1.8490042609421533,-1.8490042609421533,8952.410493964659,110.94025565652903,-110.94025565652903,1685729.3768,20564.469955084645,-20564.469955084645,596.7862225552456,604.2143006777166,589.4494635964086,121.04953788725494,124.05839541769245,118.11365585845914
037_210℃_020_1.5mm.csv,1.5,20,1.41303,0.300054239,1.532325,0.300001333,0.119295,2.015169102,210,0.11929499999999993,1715167.7690000003,146.6951674420555,60.0,8801.710046523329,125.27200347113566,586.7806697682219,0.11730299999999998,0.0014483691978682278,-0.0014483691978682278,149.20684156607763,1.8490042609421533,-1.8490042609421533,8952.410493964659,110.94025565652903,-110.94025565652903,1685729.3768,20564.469955084645,-20564.469955084645,596.7862225552456,604.2143006777166,589.4494635964086,121.04953788725494,124.05839541769245,118.11365585845914
038_210℃_020_1.5mm.csv,1.5,20,1.41328,0.300019904,1.53176,0.30004666,0.11848,2.002443331,210,0.11847999999999992,1702396.6709999999,147.70425388251192,60.0,8862.255232950716,123.48976994698765,590.8170155300478,0.11730299999999998,0.0014483691978682278,-0.0014483691978682278,149.20684156607763,1.8490042609421533,-1.8490042609421533,8952.410493964659,110.94025565652903,-110.94025565652903,1685729.3768,20564.469955084645,-20564.469955084645,596.7862225552456,604.2143006777166,589.4494635964086,121.04953788725494,124.05839541769245,118.11365585845914
039_210℃_020_1.5mm.csv,1.5,20,1.413535,0.300027101,1.52883,0.30001779,0.115295,1.957237299,210,0.11529499999999993,1657219.5089999998,151.78455266923987,60.0,9107.073160154392,116.98109589193155,607.1382106769595,0.11730299999999998,0.0014483691978682278,-0.0014483691978682278,149.20684156607763,1.8490042609421533,-1.8490042609421533,8952.410493964659,110.94025565652903,-110.94025565652903,1685729.3768,20564.469955084645,-20564.469955084645,596.7862225552456,604.2143006777166,589.4494635964086,121.04953788725494,124.05839541769245,118.11365585845914
040_210℃_020_1.5mm.csv,1.5,20,1.413245,0.300037008,1.52894,0.300043563,0.115695,1.960160587,210,0.11569499999999988,1660117.024,151.25977786421208,60.0,9075.586671852725,117.59218719898765,605.0391114568483,0.11730299999999998,0.0014483691978682278,-0.0014483691978682278,149.20684156607763,1.8490042609421533,-1.8490042609421533,8952.410493964659,110.94025565652903,-110.94025565652903,1685729.3768,20564.469955084645,-20564.469955084645,596.7862225552456,604.2143006777166,589.4494635964086,121.04953788725494,124.05839541769245,118.11365585845914
041_210℃_040_1.5mm.csv,1.5,40,1.46177,0.300092711,1.52115,0.300110361,0.05938,2.229332367,210,0.05937999999999999,1929222.006,294.7120242505895,60.0,17682.721455035367,70.13706288751835,1178.848097002358,0.057711999999999916,0.0009249270241484102,-0.0009249270241484102,303.29953725379886,4.833296614366285,-4.833296614366285,18197.97223522793,289.9977968619775,-289.9977968619775,1879567.5881,30721.241343808746,-30721.241343808746,1213.0589925331287,1232.6007681155572,1193.8270342109133,66.39679125511442,68.57208609073798,64.29050274395398
042_210℃_040_1.5mm.csv,1.5,40,1.46188,0.300079214,1.519305,0.300039295,0.057425,2.165670351,210,0.05742499999999984,1865631.0560000003,304.74531998258686,60.0,18284.719198955212,65.59216125967329,1218.9812799303475,0.057711999999999916,0.0009249270241484102,-0.0009249270241484102,303.29953725379886,4.833296614366285,-4.833296614366285,18197.97223522793,289.9977968619775,-289.9977968619775,1879567.5881,30721.241343808746,-30721.241343808746,1213.0589925331287,1232.6007681155572,1193.8270342109133,66.39679125511442,68.57208609073798,64.29050274395398
043_210℃_040_1.5mm.csv,1.5,40,1.46208,0.300047657,1.51881,0.300085618,0.05673,2.147793333,210,0.05672999999999995,1847707.715,308.4787590340211,60.0,18508.725542041266,64.1757910236428,1233.9150361360844,0.057711999999999916,0.0009249270241484102,-0.0009249270241484102,303.29953725379886,4.833296614366285,-4.833296614366285,18197.97223522793,289.9977968619775,-289.9977968619775,1879567.5881,30721.241343808746,-30721.241343808746,1213.0589925331287,1232.6007681155572,1193.8270342109133,66.39679125511442,68.57208609073798,64.29050274395398
044_210℃_040_1.5mm.csv,1.5,40,1.46205,0.300086855,1.520295,0.300043015,0.058245,2.201806,210,0.05824499999999988,1901762.9849999999,300.45497467593844,60.0,18027.298480556306,67.81725615999476,1201.8198987037538,0.057711999999999916,0.0009249270241484102,-0.0009249270241484102,303.29953725379886,4.833296614366285,-4.833296614366285,18197.97223522793,289.9977968619775,-289.9977968619775,1879567.5881,30721.241343808746,-30721.241343808746,1213.0589925331287,1232.6007681155572,1193.8270342109133,66.39679125511442,68.57208609073798,64.29050274395398
045_210℃_040_1.5mm.csv,1.5,40,1.46201,0.300068013,1.51972,0.300119005,0.05771,2.18053876,210,0.05770999999999993,1880419.7550000001,303.24033962918077,60.0,18194.420377750845,66.44021881288768,1212.961358516723,0.057711999999999916,0.0009249270241484102,-0.0009249270241484102,303.29953725379886,4.833296614366285,-4.833296614366285,18197.97223522793,289.9977968619775,-289.9977968619775,1879567.5881,30721.241343808746,-30721.241343808746,1213.0589925331287,1232.6007681155572,1193.8270342109133,66.39679125511442,68.57208609073798,64.29050274395398
046_210℃_040_1.5mm.csv,1.5,40,1.462155,0.300064102,1.52017,0.300089172,0.058015,2.197506625,210,0.05801499999999993,1897417.453,301.64612600189645,60.0,18098.767560113785,67.39510624640502,1206.5845040075856,0.057711999999999916,0.0009249270241484102,-0.0009249270241484102,303.29953725379886,4.833296614366285,-4.833296614366285,18197.97223522793,289.9977968619775,-289.9977968619775,1879567.5881,30721.241343808746,-30721.241343808746,1213.0589925331287,1232.6007681155572,1193.8270342109133,66.39679125511442,68.57208609073798,64.29050274395398
047_210℃_040_1.5mm.csv,1.5,40,1.462055,0.300074759,1.51846,0.300055364,0.056405,2.132464692,210,0.056404999999999816,1832409.3280000002,310.25618296250434,60.0,18615.37097775026,63.279825395412054,1241.0247318500174,0.057711999999999916,0.0009249270241484102,-0.0009249270241484102,303.29953725379886,4.833296614366285,-4.833296614366285,18197.97223522793,289.9977968619775,-289.9977968619775,1879567.5881,30721.241343808746,-30721.241343808746,1213.0589925331287,1232.6007681155572,1193.8270342109133,66.39679125511442,68.57208609073798,64.29050274395398
048_210℃_040_1.5mm.csv,1.5,40,1.462045,0.300059962,1.5193,0.300063879,0.057255,2.163644376,210,0.057255000000000056,1863580.497,305.6501615579422,60.0,18339.009693476535,65.32610287085822,1222.6006462317691,0.057711999999999916,0.0009249270241484102,-0.0009249270241484102,303.29953725379886,4.833296614366285,-4.833296614366285,18197.97223522793,289.9977968619775,-289.9977968619775,1879567.5881,30721.241343808746,-30721.241343808746,1213.0589925331287,1232.6007681155572,1193.8270342109133,66.39679125511442,68.57208609073798,64.29050274395398
049_210℃_040_1.5mm.csv,1.5,40,1.46192,0.30005524,1.520745,0.300069647,0.058825,2.214897012,210,0.058824999999999905,1914827.3650000002,297.4925626859333,60.0,17849.553761156,68.96309372211724,1189.9702507437332,0.057711999999999916,0.0009249270241484102,-0.0009249270241484102,303.29953725379886,4.833296614366285,-4.833296614366285,18197.97223522793,289.9977968619775,-289.9977968619775,1879567.5881,30721.241343808746,-30721.241343808746,1213.0589925331287,1232.6007681155572,1193.8270342109133,66.39679125511442,68.57208609073798,64.29050274395398
050_210℃_040_1.5mm.csv,1.5,40,1.462105,0.300057549,1.519235,0.300111913,0.05713,2.162809634,210,0.0571299999999999,1862697.7209999997,306.3189217573959,60.0,18379.135305443753,65.15260457187539,1225.2756870295837,0.057711999999999916,0.0009249270241484102,-0.0009249270241484102,303.29953725379886,4.833296614366285,-4.833296614366285,18197.97223522793,289.9977968619775,-289.9977968619775,1879567.5881,30721.241343808746,-30721.241343808746,1213.0589925331287,1232.6007681155572,1193.8270342109133,66.39679125511442,68.57208609073798,64.29050274395398
051_210℃_080_1.5mm.csv,1.5,80,1.48069,0.300144091,1.50986,0.300029892,0.02917,2.289753199,210,0.029169999999999918,1989723.3070000003,599.9314364072694,60.0,35995.88618443617,35.534833999095824,2399.7257456290777,0.02888449999999996,0.0004676445112357044,-0.0004676445112357044,606.0047036835011,9.844592156437303,-9.844592156437303,36360.28222101007,590.6755293862367,-590.6755293862367,1962221.9193,32764.598536394158,-32764.598536394158,2423.731616693096,2463.359327008068,2384.7413917046006,34.69222937521502,35.849270578674336,33.57253187010417
052_210℃_080_1.5mm.csv,1.5,80,1.48057,0.300112788,1.510205,0.300178075,0.029635,2.314190402,210,0.029635000000000078,2014012.327,590.5179686181864,60.0,35431.07811709118,36.541993047333776,2362.071874472745,0.02888449999999996,0.0004676445112357044,-0.0004676445112357044,606.0047036835011,9.844592156437303,-9.844592156437303,36360.28222101007,590.6755293862367,-590.6755293862367,1962221.9193,32764.598536394158,-32764.598536394158,2423.731616693096,2463.359327008068,2384.7413917046006,34.69222937521502,35.849270578674336,33.57253187010417
053_210℃_080_1.5mm.csv,1.5,80,1.48067,0.300135511,1.509895,0.300120982,0.029225,2.292762362,210,0.029225000000000056,1992641.3800000001,598.8023952095797,60.0,35928.14371257478,35.65404754928578,2395.2095808383187,0.02888449999999996,0.0004676445112357044,-0.0004676445112357044,606.0047036835011,9.844592156437303,-9.844592156437303,36360.28222101007,590.6755293862367,-590.6755293862367,1962221.9193,32764.598536394158,-32764.598536394158,2423.731616693096,2463.359327008068,2384.7413917046006,34.69222937521502,35.849270578674336,33.57253187010417
054_210℃_080_1.5mm.csv,1.5,80,1.48066,0.30012162,1.509515,0.300052273,0.028855,2.261196783,210,0.028854999999999853,1961144.51,606.4806792583638,60.0,36388.84075550183,34.64621928737738,2425.9227170334552,0.02888449999999996,0.0004676445112357044,-0.0004676445112357044,606.0047036835011,9.844592156437303,-9.844592156437303,36360.28222101007,590.6755293862367,-590.6755293862367,1962221.9193,32764.598536394158,-32764.598536394158,2423.731616693096,2463.359327008068,2384.7413917046006,34.69222937521502,35.849270578674336,33.57253187010417
055_210℃_080_1.5mm.csv,1.5,80,1.480705,0.300033198,1.50892,0.300053429,0.028215,2.213175953,210,0.0282150000000001,1913122.5239999997,620.2374623427232,60.0,37214.24774056339,33.048215519179706,2480.949849370893,0.02888449999999996,0.0004676445112357044,-0.0004676445112357044,606.0047036835011,9.844592156437303,-9.844592156437303,36360.28222101007,590.6755293862367,-590.6755293862367,1962221.9193,32764.598536394158,-32764.598536394158,2423.731616693096,2463.359327008068,2384.7413917046006,34.69222937521502,35.849270578674336,33.57253187010417
056_210℃_080_1.5mm.csv,1.5,80,1.48071,0.300093472,1.50941,0.300128641,0.0287,2.252662251,210,0.028699999999999948,1952533.6099999999,609.7560975609767,60.0,36585.3658536586,34.308804861428506,2439.0243902439065,0.02888449999999996,0.0004676445112357044,-0.0004676445112357044,606.0047036835011,9.844592156437303,-9.844592156437303,36360.28222101007,590.6755293862367,-590.6755293862367,1962221.9193,32764.598536394158,-32764.598536394158,2423.731616693096,2463.359327008068,2384.7413917046006,34.69222937521502,35.849270578674336,33.57253187010417
057_210℃_080_1.5mm.csv,1.5,80,1.480775,0.300133622,1.50894,0.300120876,0.028165,2.213566768,210,0.028164999999999996,1913445.8920000002,621.3385407420558,60.0,37280.31244452335,32.99522666215102,2485.354162968223,0.02888449999999996,0.0004676445112357044,-0.0004676445112357044,606.0047036835011,9.844592156437303,-9.844592156437303,36360.28222101007,590.6755293862367,-590.6755293862367,1962221.9193,32764.598536394158,-32764.598536394158,2423.731616693096,2463.359327008068,2384.7413917046006,34.69222937521502,35.849270578674336,33.57253187010417
058_210℃_080_1.5mm.csv,1.5,80,1.480555,0.300050998,1.509595,0.300144108,0.02904,2.266041556,210,0.029039999999999955,1965897.4479999999,602.6170798898081,60.0,36157.02479338849,34.95285421831831,2410.4683195592324,0.02888449999999996,0.0004676445112357044,-0.0004676445112357044,606.0047036835011,9.844592156437303,-9.844592156437303,36360.28222101007,590.6755293862367,-590.6755293862367,1962221.9193,32764.598536394158,-32764.598536394158,2423.731616693096,2463.359327008068,2384.7413917046006,34.69222937521502,35.849270578674336,33.57253187010417
059_210℃_080_1.5mm.csv,1.5,80,1.48072,0.30017533,1.50934,0.300157678,0.02862,2.246076443,210,0.028619999999999868,1945918.7650000004,611.4605171208973,60.0,36687.63102725384,34.0972622781427,2445.842068483589,0.02888449999999996,0.0004676445112357044,-0.0004676445112357044,606.0047036835011,9.844592156437303,-9.844592156437303,36360.28222101007,590.6755293862367,-590.6755293862367,1962221.9193,32764.598536394158,-32764.598536394158,2423.731616693096,2463.359327008068,2384.7413917046006,34.69222937521502,35.849270578674336,33.57253187010417
060_210℃_080_1.5mm.csv,1.5,80,1.48046,0.300151257,1.50968,0.300140605,0.02922,2.273920035,210,0.0292199999999998,1973779.4300000002,598.9048596851512,60.0,35934.29158110907,35.31051119057119,2395.6194387406044,0.02888449999999996,0.0004676445112357044,-0.0004676445112357044,606.0047036835011,9.844592156437303,-9.844592156437303,36360.28222101007,590.6755293862367,-590.6755293862367,1962221.9193,32764.598536394158,-32764.598536394158,2423.731616693096,2463.359327008068,2384.7413917046006,34.69222937521502,35.849270578674336,33.57253187010417
061_210℃_120_1.5mm.csv,1.5,120,1.485225,0.300149571,1.504885,0.300072218,0.01966,2.091438829,210,0.01966000000000001,1791366.611,890.1322482197351,60.0,53407.9348931841,21.56220463607756,3560.52899287894,0.019725000000000013,0.0003629738282576106,-0.0003629738282576106,887.4693147849955,16.326629881155554,-16.326629881155554,53248.15888709973,979.5977928693341,-979.5977928693341,1791235.6971,34613.98386891387,-34613.98386891387,3549.3366083894352,3615.2436801334347,3484.6310440651814,21.624970183157547,22.453352331992196,20.82714992879467
062_210℃_120_1.5mm.csv,1.5,120,1.485225,0.300096605,1.504995,0.300095457,0.01977,2.105227906,210,0.019770000000000065,1805132.449,885.179564997468,60.0,53110.77389984808,21.849470520447014,3540.718259989872,0.019725000000000013,0.0003629738282576106,-0.0003629738282576106,887.4693147849955,16.326629881155554,-16.326629881155554,53248.15888709973,979.5977928693341,-979.5977928693341,1791235.6971,34613.98386891387,-34613.98386891387,3549.3366083894352,3615.2436801334347,3484.6310440651814,21.624970183157547,22.453352331992196,20.82714992879467
063_210℃_120_1.5mm.csv,1.5,120,1.48524,0.300073953,1.50468,0.30016349,0.01944,2.065461928,210,0.019440000000000124,1765298.4379999998,900.2057613168666,60.0,54012.345679011996,21.010654062073602,3600.823045267466,0.019725000000000013,0.0003629738282576106,-0.0003629738282576106,887.4693147849955,16.326629881155554,-16.326629881155554,53248.15888709973,979.5977928693341,-979.5977928693341,1791235.6971,34613.98386891387,-34613.98386891387,3549.3366083894352,3615.2436801334347,3484.6310440651814,21.624970183157547,22.453352331992196,20.82714992879467
064_210℃_120_1.5mm.csv,1.5,120,1.485245,0.300150653,1.504825,0.300237097,0.01958,2.08464677,210,0.019580000000000153,1784409.673,893.7691521961115,60.0,53626.14913176669,21.3910661616369,3575.076608784446,0.019725000000000013,0.0003629738282576106,-0.0003629738282576106,887.4693147849955,16.326629881155554,-16.326629881155554,53248.15888709973,979.5977928693341,-979.5977928693341,1791235.6971,34613.98386891387,-34613.98386891387,3549.3366083894352,3615.2436801334347,3484.6310440651814,21.624970183157547,22.453352331992196,20.82714992879467
065_210℃_120_1.5mm.csv,1.5,120,1.485095,0.300074778,1.504975,0.300121031,0.01988,2.102051335,210,0.019879999999999898,1801930.304,880.2816901408496,60.0,52816.901408450976,21.932065985828455,3521.1267605633984,0.019725000000000013,0.0003629738282576106,-0.0003629738282576106,887.4693147849955,16.326629881155554,-16.326629881155554,53248.15888709973,979.5977928693341,-979.5977928693341,1791235.6971,34613.98386891387,-34613.98386891387,3549.3366083894352,3615.2436801334347,3484.6310440651814,21.624970183157547,22.453352331992196,20.82714992879467
066_210℃_120_1.5mm.csv,1.5,120,1.48494,0.30011931,1.505255,0.300093283,0.020315,2.136294967,210,0.020315000000000083,1836201.684,861.4324390844168,60.0,51685.94634506501,22.83822686354703,3445.729756337667,0.019725000000000013,0.0003629738282576106,-0.0003629738282576106,887.4693147849955,16.326629881155554,-16.326629881155554,53248.15888709973,979.5977928693341,-979.5977928693341,1791235.6971,34613.98386891387,-34613.98386891387,3549.3366083894352,3615.2436801334347,3484.6310440651814,21.624970183157547,22.453352331992196,20.82714992879467
067_210℃_120_1.5mm.csv,1.5,120,1.485265,0.300010415,1.504345,0.300211747,0.01908,2.02461599,210,0.019079999999999986,1724404.243,917.1907756813424,60.0,55031.44654088055,20.143856912106106,3668.76310272537,0.019725000000000013,0.0003629738282576106,-0.0003629738282576106,887.4693147849955,16.326629881155554,-16.326629881155554,53248.15888709973,979.5977928693341,-979.5977928693341,1791235.6971,34613.98386891387,-34613.98386891387,3549.3366083894352,3615.2436801334347,3484.6310440651814,21.624970183157547,22.453352331992196,20.82714992879467
068_210℃_120_1.5mm.csv,1.5,120,1.48518,0.300196674,1.504695,0.300041547,0.019515,2.067967708,210,0.01951499999999995,1767926.1609999998,896.7460927491696,60.0,53804.765564950176,21.123109611376474,3586.984370996678,0.019725000000000013,0.0003629738282576106,-0.0003629738282576106,887.4693147849955,16.326629881155554,-16.326629881155554,53248.15888709973,979.5977928693341,-979.5977928693341,1791235.6971,34613.98386891387,-34613.98386891387,3549.3366083894352,3615.2436801334347,3484.6310440651814,21.624970183157547,22.453352331992196,20.82714992879467
069_210℃_120_1.5mm.csv,1.5,120,1.485095,0.30010533,1.50489,0.300062428,0.019795,2.09232671,210,0.019795000000000007,1792264.2820000001,884.0616317251828,60.0,53043.69790351097,21.721145793177556,3536.246526900731,0.019725000000000013,0.0003629738282576106,-0.0003629738282576106,887.4693147849955,16.326629881155554,-16.326629881155554,53248.15888709973,979.5977928693341,-979.5977928693341,1791235.6971,34613.98386891387,-34613.98386891387,3549.3366083894352,3615.2436801334347,3484.6310440651814,21.624970183157547,22.453352331992196,20.82714992879467
070_210℃_120_1.5mm.csv,1.5,120,1.48509,0.300179628,1.505305,0.300005996,0.020215,2.143429122,210,0.020214999999999872,1843423.1260000002,865.6937917388133,60.0,51941.6275043288,22.815182750259037,3462.775166955253,0.019725000000000013,0.0003629738282576106,-0.0003629738282576106,887.4693147849955,16.326629881155554,-16.326629881155554,53248.15888709973,979.5977928693341,-979.5977928693341,1791235.6971,34613.98386891387,-34613.98386891387,3549.3366083894352,3615.2436801334347,3484.6310440651814,21.624970183157547,22.453352331992196,20.82714992879467
071_210℃_160_1.5mm.csv,1.5,160,1.487335,0.300179798,1.50203,0.300238041,0.014695,1.798123611,210,0.014694999999999903,1497885.57,1190.8812521265816,60.0,71452.87512759489,13.476384766010117,4763.525008506326,0.015063000000000026,0.0003226556471947826,-0.0003226556471947826,1162.26798821952,24.946829437153724,-24.946829437153724,69736.07929317119,1496.8097662292275,-1496.8097662292275,1535539.4788000002,37319.39840457293,-37319.39840457293,4648.109547672395,4748.852097069317,4549.504159225432,14.15444982199046,14.81272285937645,13.525430244340608
072_210℃_160_1.5mm.csv,1.5,160,1.487365,0.300232968,1.5019,0.30011577,0.014535,1.77916715,210,0.014534999999999965,1479051.3800000001,1203.9903680770583,60.0,72239.4220846235,13.16204804589793,4815.961472308233,0.015063000000000026,0.0003226556471947826,-0.0003226556471947826,1162.26798821952,24.946829437153724,-24.946829437153724,69736.07929317119,1496.8097662292275,-1496.8097662292275,1535539.4788000002,37319.39840457293,-37319.39840457293,4648.109547672395,4748.852097069317,4549.504159225432,14.15444982199046,14.81272285937645,13.525430244340608
073_210℃_160_1.5mm.csv,1.5,160,1.487075,0.300208371,1.50248,0.300205767,0.015405,1.865704891,210,0.015405000000000113,1565499.124,1135.9948068808744,60.0,68159.68841285247,14.765212656257251,4543.979227523498,0.015063000000000026,0.0003226556471947826,-0.0003226556471947826,1162.26798821952,24.946829437153724,-24.946829437153724,69736.07929317119,1496.8097662292275,-1496.8097662292275,1535539.4788000002,37319.39840457293,-37319.39840457293,4648.109547672395,4748.852097069317,4549.504159225432,14.15444982199046,14.81272285937645,13.525430244340608
074_210℃_160_1.5mm.csv,1.5,160,1.48712,0.300037239,1.502465,0.300216798,0.015345,1.863728273,210,0.015344999999999942,1563511.4749999999,1140.4366243075963,60.0,68426.19745845578,14.6890307656377,4561.746497230385,0.015063000000000026,0.0003226556471947826,-0.0003226556471947826,1162.26798821952,24.946829437153724,-24.946829437153724,69736.07929317119,1496.8097662292275,-1496.8097662292275,1535539.4788000002,37319.39840457293,-37319.39840457293,4648.109547672395,4748.852097069317,4549.504159225432,14.15444982199046,14.81272285937645,13.525430244340608
075_210℃_160_1.5mm.csv,1.5,160,1.48715,0.300039442,1.502305,0.300041879,0.015155,1.840109386,210,0.01515500000000003,1540067.5069999998,1154.734411085448,60.0,69284.06466512689,14.289626368521454,4618.937644341792,0.015063000000000026,0.0003226556471947826,-0.0003226556471947826,1162.26798821952,24.946829437153724,-24.946829437153724,69736.07929317119,1496.8097662292275,-1496.8097662292275,1535539.4788000002,37319.39840457293,-37319.39840457293,4648.109547672395,4748.852097069317,4549.504159225432,14.15444982199046,14.81272285937645,13.525430244340608
076_210℃_160_1.5mm.csv,1.5,160,1.487175,0.300209607,1.502215,0.300198421,0.01504,1.826270766,210,0.015040000000000164,1526072.345,1163.5638297872213,60.0,69813.82978723328,14.052323307428727,4654.255319148885,0.015063000000000026,0.0003226556471947826,-0.0003226556471947826,1162.26798821952,24.946829437153724,-24.946829437153724,69736.07929317119,1496.8097662292275,-1496.8097662292275,1535539.4788000002,37319.39840457293,-37319.39840457293,4648.109547672395,4748.852097069317,4549.504159225432,14.15444982199046,14.81272285937645,13.525430244340608
077_210℃_160_1.5mm.csv,1.5,160,1.48725,0.300185443,1.5021,0.300016275,0.01485,1.809167172,210,0.01485000000000003,1509150.897,1178.451178451176,60.0,70707.07070707055,13.720953563540847,4713.804713804703,0.015063000000000026,0.0003226556471947826,-0.0003226556471947826,1162.26798821952,24.946829437153724,-24.946829437153724,69736.07929317119,1496.8097662292275,-1496.8097662292275,1535539.4788000002,37319.39840457293,-37319.39840457293,4648.109547672395,4748.852097069317,4549.504159225432,14.15444982199046,14.81272285937645,13.525430244340608
078_210℃_160_1.5mm.csv,1.5,160,1.487255,0.300200919,1.502185,0.300186111,0.01493,1.822071974,210,0.01493000000000011,1521885.8630000001,1172.1366376423223,60.0,70328.19825853934,13.911279143626631,4688.546550569289,0.015063000000000026,0.0003226556471947826,-0.0003226556471947826,1162.26798821952,24.946829437153724,-24.946829437153724,69736.07929317119,1496.8097662292275,-1496.8097662292275,1535539.4788000002,37319.39840457293,-37319.39840457293,4648.109547672395,4748.852097069317,4549.504159225432,14.15444982199046,14.81272285937645,13.525430244340608
079_210℃_160_1.5mm.csv,1.5,160,1.48718,0.300174806,1.502745,0.300117018,0.015565,1.907532922,210,0.015565000000000051,1607415.9039999999,1124.3173787343362,60.0,67459.04272406017,15.318017476995967,4497.269514937345,0.015063000000000026,0.0003226556471947826,-0.0003226556471947826,1162.26798821952,24.946829437153724,-24.946829437153724,69736.07929317119,1496.8097662292275,-1496.8097662292275,1535539.4788000002,37319.39840457293,-37319.39840457293,4648.109547672395,4748.852097069317,4549.504159225432,14.15444982199046,14.81272285937645,13.525430244340608
080_210℃_160_1.5mm.csv,1.5,160,1.487225,0.300178541,1.502335,0.300134945,0.01511,1.844989668,210,0.015109999999999957,1544854.723,1158.1733951025844,60.0,69490.40370615506,14.291482570120367,4632.693580410337,0.015063000000000026,0.0003226556471947826,-0.0003226556471947826,1162.26798821952,24.946829437153724,-24.946829437153724,69736.07929317119,1496.8097662292275,-1496.8097662292275,1535539.4788000002,37319.39840457293,-37319.39840457293,4648.109547672395,4748.852097069317,4549.504159225432,14.15444982199046,14.81272285937645,13.525430244340608
081_210℃_200_1.5mm.csv,1.5,200,1.4885,0.300216481,1.500785,0.300237249,0.012285,1.628854389,210,0.012285000000000101,1328617.14,1424.5014245014127,60.0,85470.08547008476,9.993098917285796,5698.005698005651,0.012310500000000002,0.0003581546065908161,-0.0003581546065908161,1422.6002201754395,40.10467092781777,-40.10467092781777,85356.01321052636,2406.280255669069,-2406.280255669069,1325065.6452,52281.44903730302,-52281.44903730302,5688.323516006903,5853.564015285701,5527.747597576732,9.976546736191237,10.668536183422876,9.329441553009241
082_210℃_200_1.5mm.csv,1.5,200,1.488515,0.300229563,1.500395,0.300102911,0.01188,1.564575988,210,0.01187999999999989,1264473.077,1473.0639730639866,60.0,88383.8383838392,9.197106217199915,5892.2558922559465,0.012310500000000002,0.0003581546065908161,-0.0003581546065908161,1422.6002201754395,40.10467092781777,-40.10467092781777,85356.01321052636,2406.280255669069,-2406.280255669069,1325065.6452,52281.44903730302,-52281.44903730302,5688.323516006903,5853.564015285701,5527.747597576732,9.976546736191237,10.668536183422876,9.329441553009241
083_210℃_200_1.5mm.csv,1.5,200,1.48843,0.300123935,1.50061,0.300263459,0.01218,1.599971477,210,0.01218000000000008,1299708.018,1436.781609195393,60.0,86206.89655172358,9.692108362800063,5747.126436781571,0.012310500000000002,0.0003581546065908161,-0.0003581546065908161,1422.6002201754395,40.10467092781777,-40.10467092781777,85356.01321052636,2406.280255669069,-2406.280255669069,1325065.6452,52281.44903730302,-52281.44903730302,5688.323516006903,5853.564015285701,5527.747597576732,9.976546736191237,10.668536183422876,9.329441553009241
084_210℃_200_1.5mm.csv,1.5,200,1.48852,0.30008296,1.50061,0.300258188,0.01209,1.600021853,210,0.012089999999999934,1299763.6650000003,1447.4772539288747,60.0,86848.63523573248,9.620903699908114,5789.909015715499,0.012310500000000002,0.0003581546065908161,-0.0003581546065908161,1422.6002201754395,40.10467092781777,-40.10467092781777,85356.01321052636,2406.280255669069,-2406.280255669069,1325065.6452,52281.44903730302,-52281.44903730302,5688.323516006903,5853.564015285701,5527.747597576732,9.976546736191237,10.668536183422876,9.329441553009241
085_210℃_200_1.5mm.csv,1.5,200,1.488405,0.300039599,1.500775,0.300205271,0.01237,1.627282358,210,0.012369999999999992,1327077.0869999998,1414.7130153597423,60.0,84882.78092158453,10.050577693585707,5658.852061438969,0.012310500000000002,0.0003581546065908161,-0.0003581546065908161,1422.6002201754395,40.10467092781777,-40.10467092781777,85356.01321052636,2406.280255669069,-2406.280255669069,1325065.6452,52281.44903730302,-52281.44903730302,5688.323516006903,5853.564015285701,5527.747597576732,9.976546736191237,10.668536183422876,9.329441553009241
086_210℃_200_1.5mm.csv,1.5,200,1.48833,0.300217067,1.501475,0.300222171,0.013145,1.746053251,210,0.013144999999999962,1445831.08,1331.3046785850172,60.0,79878.28071510103,11.635989518326497,5325.218714340069,0.012310500000000002,0.0003581546065908161,-0.0003581546065908161,1422.6002201754395,40.10467092781777,-40.10467092781777,85356.01321052636,2406.280255669069,-2406.280255669069,1325065.6452,52281.44903730302,-52281.44903730302,5688.323516006903,5853.564015285701,5527.747597576732,9.976546736191237,10.668536183422876,9.329441553009241
087_210℃_200_1.5mm.csv,1.5,200,1.48849,0.300247173,1.50059,0.300257252,0.0121,1.596600679,210,0.0121,1296343.4270000001,1446.2809917355373,60.0,86776.85950413224,9.603523755122449,5785.123966942149,0.012310500000000002,0.0003581546065908161,-0.0003581546065908161,1422.6002201754395,40.10467092781777,-40.10467092781777,85356.01321052636,2406.280255669069,-2406.280255669069,1325065.6452,52281.44903730302,-52281.44903730302,5688.323516006903,5853.564015285701,5527.747597576732,9.976546736191237,10.668536183422876,9.329441553009241
088_210℃_200_1.5mm.csv,1.5,200,1.488435,0.300182931,1.500475,0.30015356,0.01204,1.577477819,210,0.01204000000000005,1277324.259,1453.4883720930172,60.0,87209.30232558104,9.415704537771468,5813.95348837207,0.012310500000000002,0.0003581546065908161,-0.0003581546065908161,1422.6002201754395,40.10467092781777,-40.10467092781777,85356.01321052636,2406.280255669069,-2406.280255669069,1325065.6452,52281.44903730302,-52281.44903730302,5688.323516006903,5853.564015285701,5527.747597576732,9.976546736191237,10.668536183422876,9.329441553009241
089_210℃_200_1.5mm.csv,1.5,200,1.488345,0.300008849,1.500915,0.300147565,0.01257,1.650609347,210,0.01256999999999997,1350461.782,1392.2036595067655,60.0,83532.21957040593,10.393043632493852,5568.814638027062,0.012310500000000002,0.0003581546065908161,-0.0003581546065908161,1422.6002201754395,40.10467092781777,-40.10467092781777,85356.01321052636,2406.280255669069,-2406.280255669069,1325065.6452,52281.44903730302,-52281.44903730302,5688.323516006903,5853.564015285701,5527.747597576732,9.976546736191237,10.668536183422876,9.329441553009241
090_210℃_200_1.5mm.csv,1.5,200,1.48853,0.300203345,1.500975,0.300145677,0.012445,1.661202594,210,0.01244500000000004,1361056.917,1406.187223784648,60.0,84371.23342707889,10.370420407386767,5624.748895138593,0.012310500000000002,0.0003581546065908161,-0.0003581546065908161,1422.6002201754395,40.10467092781777,-40.10467092781777,85356.01321052636,2406.280255669069,-2406.280255669069,1325065.6452,52281.44903730302,-52281.44903730302,5688.323516006903,5853.564015285701,5527.747597576732,9.976546736191237,10.668536183422876,9.329441553009241
091_210℃_240_1.5mm.csv,1.5,240,1.48925,0.300253915,1.49974,0.300065764,0.01049,1.455593313,210,0.01049000000000011,1155527.549,1668.25548141085,60.0,100095.328884651,7.421316727965386,6673.021925643399,0.010594000000000015,0.00017373031463231126,-0.00017373031463231126,1652.2779824507209,27.074927621919553,-27.074927621919553,99136.67894704324,1624.4956573151755,-1624.4956573151755,1158684.8716,23121.44025108311,-23121.44025108311,6608.312963436235,6717.5362368853575,6500.86559755832,7.513107145223802,7.787861549067131,7.248046029063578
092_210℃_240_1.5mm.csv,1.5,240,1.4891,0.300233873,1.49977,0.300003061,0.01067,1.460994576,210,0.010669999999999957,1160991.5150000001,1640.1124648547395,60.0,98406.74789128437,7.584354774520378,6560.449859418958,0.010594000000000015,0.00017373031463231126,-0.00017373031463231126,1652.2779824507209,27.074927621919553,-27.074927621919553,99136.67894704324,1624.4956573151755,-1624.4956573151755,1158684.8716,23121.44025108311,-23121.44025108311,6608.312963436235,6717.5362368853575,6500.86559755832,7.513107145223802,7.787861549067131,7.248046029063578
093_210℃_240_1.5mm.csv,1.5,240,1.4892,0.300215629,1.499665,0.300239648,0.010465,1.442812902,210,0.010464999999999947,1142573.254,1672.2408026755938,60.0,100334.44816053563,7.320630063128534,6688.963210702374,0.010594000000000015,0.00017373031463231126,-0.00017373031463231126,1652.2779824507209,27.074927621919553,-27.074927621919553,99136.67894704324,1624.4956573151755,-1624.4956573151755,1158684.8716,23121.44025108311,-23121.44025108311,6608.312963436235,6717.5362368853575,6500.86559755832,7.513107145223802,7.787861549067131,7.248046029063578
094_210℃_240_1.5mm.csv,1.5,240,1.489055,0.300028752,1.499875,0.300101537,0.01082,1.478756353,210,0.010820000000000052,1178654.816,1617.3752310535967,60.0,97042.5138632158,7.807986801502079,6469.500924214387,0.010594000000000015,0.00017373031463231126,-0.00017373031463231126,1652.2779824507209,27.074927621919553,-27.074927621919553,99136.67894704324,1624.4956573151755,-1624.4956573151755,1158684.8716,23121.44025108311,-23121.44025108311,6608.312963436235,6717.5362368853575,6500.86559755832,7.513107145223802,7.787861549067131,7.248046029063578
095_210℃_240_1.5mm.csv,1.5,240,1.489105,0.300025958,1.499945,0.300270254,0.01084,1.490767627,210,0.010840000000000183,1190497.3730000001,1614.391143911412,60.0,96863.46863468472,7.901015218359317,6457.564575645649,0.010594000000000015,0.00017373031463231126,-0.00017373031463231126,1652.2779824507209,27.074927621919553,-27.074927621919553,99136.67894704324,1624.4956573151755,-1624.4956573151755,1158684.8716,23121.44025108311,-23121.44025108311,6608.312963436235,6717.5362368853575,6500.86559755832,7.513107145223802,7.787861549067131,7.248046029063578
096_210℃_240_1.5mm.csv,1.5,240,1.48922,0.300017929,1.499645,0.300256156,0.010425,1.439472431,210,0.010424999999999907,1139216.275,1678.6570743405425,60.0,100719.42446043255,7.271222245025445,6714.62829736217,0.010594000000000015,0.00017373031463231126,-0.00017373031463231126,1652.2779824507209,27.074927621919553,-27.074927621919553,99136.67894704324,1624.4956573151755,-1624.4956573151755,1158684.8716,23121.44025108311,-23121.44025108311,6608.312963436235,6717.5362368853575,6500.86559755832,7.513107145223802,7.787861549067131,7.248046029063578
097_210℃_240_1.5mm.csv,1.5,240,1.48915,0.300108479,1.4999,0.300021731,0.01075,1.482699852,210,0.010750000000000037,1182678.121,1627.9069767441804,60.0,97674.41860465083,7.783952939234721,6511.6279069767215,0.010594000000000015,0.00017373031463231126,-0.00017373031463231126,1652.2779824507209,27.074927621919553,-27.074927621919553,99136.67894704324,1624.4956573151755,-1624.4956573151755,1158684.8716,23121.44025108311,-23121.44025108311,6608.312963436235,6717.5362368853575,6500.86559755832,7.513107145223802,7.787861549067131,7.248046029063578
098_210℃_240_1.5mm.csv,1.5,240,1.48925,0.300217992,1.499805,0.300264966,0.010555,1.466344975,210,0.010555000000000092,1166080.0089999998,1657.9819990525673,60.0,99478.91994315403,7.535494588772513,6631.927996210269,0.010594000000000015,0.00017373031463231126,-0.00017373031463231126,1652.2779824507209,27.074927621919553,-27.074927621919553,99136.67894704324,1624.4956573151755,-1624.4956573151755,1158684.8716,23121.44025108311,-23121.44025108311,6608.312963436235,6717.5362368853575,6500.86559755832,7.513107145223802,7.787861549067131,7.248046029063578
099_210℃_240_1.5mm.csv,1.5,240,1.489155,0.300213664,1.499755,0.300057011,0.0106,1.457999333,210,0.010599999999999943,1157942.322,1650.943396226424,60.0,99056.60377358545,7.5148093550203665,6603.773584905696,0.010594000000000015,0.00017373031463231126,-0.00017373031463231126,1652.2779824507209,27.074927621919553,-27.074927621919553,99136.67894704324,1624.4956573151755,-1624.4956573151755,1158684.8716,23121.44025108311,-23121.44025108311,6608.312963436235,6717.5362368853575,6500.86559755832,7.513107145223802,7.787861549067131,7.248046029063578
100_210℃_240_1.5mm.csv,1.5,240,1.489165,0.30002881,1.49949,0.300140984,0.010325,1.412828466,210,0.010324999999999918,1112687.4819999998,1694.9152542373017,60.0,101694.9152542381,7.033774439785656,6779.661016949207,0.010594000000000015,0.00017373031463231126,-0.00017373031463231126,1652.2779824507209,27.074927621919553,-27.074927621919553,99136.67894704324,1624.4956573151755,-1624.4956573151755,1158684.8716,23121.44025108311,-23121.44025108311,6608.312963436235,6717.5362368853575,6500.86559755832,7.513107145223802,7.787861549067131,7.248046029063578
101_210℃_280_1.5mm.csv,1.5,280,1.489595,0.300003077,1.499205,0.300145381,0.00961,1.359692376,210,0.009609999999999896,1059546.9949999999,1821.0197710718198,60.0,109261.18626430919,6.234028544050953,7284.079084287278,0.00981000000000003,0.00021019831905449122,-0.00021019831905449122,1784.6246668404426,37.902997902556244,-37.902997902556244,107077.48001042656,2274.1798741533703,-2274.1798741533703,1071588.5865,26540.403838191858,-26540.403838191858,7137.041455098337,7290.918274419675,6986.412248030111,6.432989901645297,6.732157464257335,6.147116922678162
102_210℃_280_1.5mm.csv,1.5,280,1.48952,0.300182902,1.49926,0.300048924,0.00974,1.369753875,210,0.009740000000000082,1069704.9510000001,1796.7145790554264,60.0,107802.87474332558,6.378934422085769,7186.8583162217055,0.00981000000000003,0.00021019831905449122,-0.00021019831905449122,1784.6246668404426,37.902997902556244,-37.902997902556244,107077.48001042656,2274.1798741533703,-2274.1798741533703,1071588.5865,26540.403838191858,-26540.403838191858,7137.041455098337,7290.918274419675,6986.412248030111,6.432989901645297,6.732157464257335,6.147116922678162
103_210℃_280_1.5mm.csv,1.5,280,1.489415,0.300101482,1.4993,0.300297008,0.009885,1.376981561,210,0.009885000000000144,1076684.553,1770.3591299949162,60.0,106221.54779969498,6.5161388610643804,7081.436519979665,0.00981000000000003,0.00021019831905449122,-0.00021019831905449122,1784.6246668404426,37.902997902556244,-37.902997902556244,107077.48001042656,2274.1798741533703,-2274.1798741533703,1071588.5865,26540.403838191858,-26540.403838191858,7137.041455098337,7290.918274419675,6986.412248030111,6.432989901645297,6.732157464257335,6.147116922678162
104_210℃_280_1.5mm.csv,1.5,280,1.48947,0.300237174,1.49934,0.300161231,0.00987,1.383695204,210,0.009869999999999823,1083533.973,1773.0496453901026,60.0,106382.97872340615,6.547641008271313,7092.19858156041,0.00981000000000003,0.00021019831905449122,-0.00021019831905449122,1784.6246668404426,37.902997902556244,-37.902997902556244,107077.48001042656,2274.1798741533703,-2274.1798741533703,1071588.5865,26540.403838191858,-26540.403838191858,7137.041455098337,7290.918274419675,6986.412248030111,6.432989901645297,6.732157464257335,6.147116922678162
105_210℃_280_1.5mm.csv,1.5,280,1.489375,0.300044805,1.499255,0.300281263,0.00988,1.369284022,210,0.009880000000000111,1069002.759,1771.255060728725,60.0,106275.3036437235,6.466375872808236,7085.0202429149,0.00981000000000003,0.00021019831905449122,-0.00021019831905449122,1784.6246668404426,37.902997902556244,-37.902997902556244,107077.48001042656,2274.1798741533703,-2274.1798741533703,1071588.5865,26540.403838191858,-26540.403838191858,7137.041455098337,7290.918274419675,6986.412248030111,6.432989901645297,6.732157464257335,6.147116922678162
106_210℃_280_1.5mm.csv,1.5,280,1.48945,0.300181109,1.49905,0.300205039,0.0096,1.334076525,210,0.009600000000000053,1033871.486,1822.9166666666565,60.0,109374.99999999939,6.076632407510238,7291.666666666625,0.00981000000000003,0.00021019831905449122,-0.00021019831905449122,1784.6246668404426,37.902997902556244,-37.902997902556244,107077.48001042656,2274.1798741533703,-2274.1798741533703,1071588.5865,26540.403838191858,-26540.403838191858,7137.041455098337,7290.918274419675,6986.412248030111,6.432989901645297,6.732157464257335,6.147116922678162
107_210℃_280_1.5mm.csv,1.5,280,1.48951,0.300215297,1.49902,0.300105678,0.00951,1.32890938,210,0.00951000000000013,1028803.702,1840.1682439537078,60.0,110410.09463722247,5.990157064910287,7360.672975814831,0.00981000000000003,0.00021019831905449122,-0.00021019831905449122,1784.6246668404426,37.902997902556244,-37.902997902556244,107077.48001042656,2274.1798741533703,-2274.1798741533703,1071588.5865,26540.403838191858,-26540.403838191858,7137.041455098337,7290.918274419675,6986.412248030111,6.432989901645297,6.732157464257335,6.147116922678162
108_210℃_280_1.5mm.csv,1.5,280,1.489295,0.300017049,1.499535,0.30019945,0.01024,1.4182003,210,0.010240000000000027,1118000.85,1708.9843749999955,60.0,102539.06249999972,7.009180839183694,6835.937499999982,0.00981000000000003,0.00021019831905449122,-0.00021019831905449122,1784.6246668404426,37.902997902556244,-37.902997902556244,107077.48001042656,2274.1798741533703,-2274.1798741533703,1071588.5865,26540.403838191858,-26540.403838191858,7137.041455098337,7290.918274419675,6986.412248030111,6.432989901645297,6.732157464257335,6.147116922678162
109_210℃_280_1.5mm.csv,1.5,280,1.489445,0.30020567,1.499395,0.300150375,0.00995,1.393277876,210,0.009950000000000125,1093127.501,1758.7939698492241,60.0,105527.63819095345,6.659154266296001,7035.175879396897,0.00981000000000003,0.00021019831905449122,-0.00021019831905449122,1784.6246668404426,37.902997902556244,-37.902997902556244,107077.48001042656,2274.1798741533703,-2274.1798741533703,1071588.5865,26540.403838191858,-26540.403838191858,7137.041455098337,7290.918274419675,6986.412248030111,6.432989901645297,6.732157464257335,6.147116922678162
110_210℃_280_1.5mm.csv,1.5,280,1.489525,0.300245376,1.49934,0.300166561,0.009815,1.383775656,210,0.009814999999999907,1083609.0950000002,1782.9852266938528,60.0,106979.11360163116,6.511606082096879,7131.940906775411,0.00981000000000003,0.00021019831905449122,-0.00021019831905449122,1784.6246668404426,37.902997902556244,-37.902997902556244,107077.48001042656,2274.1798741533703,-2274.1798741533703,1071588.5865,26540.403838191858,-26540.403838191858,7137.041455098337,7290.918274419675,6986.412248030111,6.432989901645297,6.732157464257335,6.147116922678162
111_210℃_320_1.5mm.csv,1.5,320,1.489725,0.300041931,1.499205,0.300202678,0.00948,1.357495385,210,0.009479999999999933,1057292.707,1845.9915611814477,60.0,110759.49367088686,6.136613181036691,7383.9662447257915,0.009157499999999975,0.00016352454793631068,-0.00016352454793631068,1911.5489513532982,34.04842437936917,-34.04842437936917,114692.93708119789,2042.9054627621515,-2042.9054627621515,1000649.3544,24969.580853597792,-24969.580853597792,7645.1025653499055,7782.661243011548,7509.975239793818,5.607918853233468,5.845362787974012,5.380120106343551
112_210℃_320_1.5mm.csv,1.5,320,1.48986,0.300207328,1.498935,0.300179636,0.009075,1.310282301,210,0.009074999999999944,1010102.665,1928.3746556473948,60.0,115702.47933884368,5.612254092780579,7713.498622589579,0.009157499999999975,0.00016352454793631068,-0.00016352454793631068,1911.5489513532982,34.04842437936917,-34.04842437936917,114692.93708119789,2042.9054627621515,-2042.9054627621515,1000649.3544,24969.580853597792,-24969.580853597792,7645.1025653499055,7782.661243011548,7509.975239793818,5.607918853233468,5.845362787974012,5.380120106343551
113_210℃_320_1.5mm.csv,1.5,320,1.489725,0.300192757,1.49874,0.300176026,0.009015,1.277327714,210,0.009014999999999995,977151.688,1941.2090959511934,60.0,116472.54575707161,5.3932790616244874,7764.836383804774,0.009157499999999975,0.00016352454793631068,-0.00016352454793631068,1911.5489513532982,34.04842437936917,-34.04842437936917,114692.93708119789,2042.9054627621515,-2042.9054627621515,1000649.3544,24969.580853597792,-24969.580853597792,7645.1025653499055,7782.661243011548,7509.975239793818,5.607918853233468,5.845362787974012,5.380120106343551
114_210℃_320_1.5mm.csv,1.5,320,1.48963,0.300072627,1.49886,0.300091744,0.00923,1.298068196,210,0.009230000000000071,997976.452,1895.9913326110363,60.0,113759.47995666218,5.639585297118411,7583.965330444145,0.009157499999999975,0.00016352454793631068,-0.00016352454793631068,1911.5489513532982,34.04842437936917,-34.04842437936917,114692.93708119789,2042.9054627621515,-2042.9054627621515,1000649.3544,24969.580853597792,-24969.580853597792,7645.1025653499055,7782.661243011548,7509.975239793818,5.607918853233468,5.845362787974012,5.380120106343551
115_210℃_320_1.5mm.csv,1.5,320,1.48973,0.300058891,1.498945,0.300200844,0.009215,1.31171324,210,0.009214999999999973,1011512.3960000001,1899.077590884433,60.0,113944.65545306598,5.706787793351005,7596.310363537732,0.009157499999999975,0.00016352454793631068,-0.00016352454793631068,1911.5489513532982,34.04842437936917,-34.04842437936917,114692.93708119789,2042.9054627621515,-2042.9054627621515,1000649.3544,24969.580853597792,-24969.580853597792,7645.1025653499055,7782.661243011548,7509.975239793818,5.607918853233468,5.845362787974012,5.380120106343551
116_210℃_320_1.5mm.csv,1.5,320,1.48974,0.300130258,1.49879,0.300144789,0.00905,1.286060907,210,0.009050000000000002,985916.118,1933.701657458563,60.0,116022.09944751378,5.462780123204083,7734.806629834252,0.009157499999999975,0.00016352454793631068,-0.00016352454793631068,1911.5489513532982,34.04842437936917,-34.04842437936917,114692.93708119789,2042.9054627621515,-2042.9054627621515,1000649.3544,24969.580853597792,-24969.580853597792,7645.1025653499055,7782.661243011548,7509.975239793818,5.607918853233468,5.845362787974012,5.380120106343551
117_210℃_320_1.5mm.csv,1.5,320,1.48972,0.300026227,1.49892,0.300263861,0.0092,1.308308832,210,0.009200000000000097,1008044.9709999999,1902.1739130434582,60.0,114130.4347826075,5.677967591755161,7608.695652173833,0.009157499999999975,0.00016352454793631068,-0.00016352454793631068,1911.5489513532982,34.04842437936917,-34.04842437936917,114692.93708119789,2042.9054627621515,-2042.9054627621515,1000649.3544,24969.580853597792,-24969.580853597792,7645.1025653499055,7782.661243011548,7509.975239793818,5.607918853233468,5.845362787974012,5.380120106343551
118_210℃_320_1.5mm.csv,1.5,320,1.489665,0.300041599,1.498865,0.30022109,0.0092,1.299408756,210,0.009199999999999875,999187.6660000001,1902.1739130435042,60.0,114130.43478261025,5.628077465632577,7608.695652174016,0.009157499999999975,0.00016352454793631068,-0.00016352454793631068,1911.5489513532982,34.04842437936917,-34.04842437936917,114692.93708119789,2042.9054627621515,-2042.9054627621515,1000649.3544,24969.580853597792,-24969.580853597792,7645.1025653499055,7782.661243011548,7509.975239793818,5.607918853233468,5.845362787974012,5.380120106343551
119_210℃_320_1.5mm.csv,1.5,320,1.48961,0.300115437,1.498845,0.300178302,0.009235,1.295336324,210,0.009234999999999882,995158.022,1894.9648077964507,60.0,113697.88846778704,5.62670469377748,7579.859231185802,0.009157499999999975,0.00016352454793631068,-0.00016352454793631068,1911.5489513532982,34.04842437936917,-34.04842437936917,114692.93708119789,2042.9054627621515,-2042.9054627621515,1000649.3544,24969.580853597792,-24969.580853597792,7645.1025653499055,7782.661243011548,7509.975239793818,5.607918853233468,5.845362787974012,5.380120106343551
120_210℃_320_1.5mm.csv,1.5,320,1.489795,0.300119803,1.49867,0.300159053,0.008875,1.264309912,210,0.008874999999999966,964150.859,1971.8309859155004,60.0,118309.85915493002,5.238880943035696,7887.3239436620015,0.009157499999999975,0.00016352454793631068,-0.00016352454793631068,1911.5489513532982,34.04842437936917,-34.04842437936917,114692.93708119789,2042.9054627621515,-2042.9054627621515,1000649.3544,24969.580853597792,-24969.580853597792,7645.1025653499055,7782.661243011548,7509.975239793818,5.607918853233468,5.845362787974012,5.380120106343551
001_230℃_003_1.5mm.csv,1.5,3,0.97017,0.300010257,1.83958,0.300005846,0.86941,2.459121915,230,0.86941,2159116.069,20.12859295384226,60.0,1207.7155772305357,1149.2798580914023,80.51437181536905,0.861936,0.007357791335267217,-0.007357791335267217,20.30447026958788,0.17425860482743705,-0.17425860482743705,1218.2682161752728,10.455516289646104,-10.455516289646104,2116777.0733999996,26815.468229536826,-26815.468229536826,81.21519881664283,81.91332096364972,80.52302655088121,1116.9393567395116,1140.3437792557972,1094.0152867303252
002_230℃_003_1.5mm.csv,1.5,3,0.97283,0.300007905,1.83378,0.300008281,0.86095,2.433380402,230,0.86095,2133372.121,20.326383645972474,60.0,1219.5830187583483,1124.5265679030306,81.3055345838899,0.861936,0.007357791335267217,-0.007357791335267217,20.30447026958788,0.17425860482743705,-0.17425860482743705,1218.2682161752728,10.455516289646104,-10.455516289646104,2116777.0733999996,26815.468229536826,-26815.468229536826,81.21519881664283,81.91332096364972,80.52302655088121,1116.9393567395116,1140.3437792557972,1094.0152867303252
003_230℃_003_1.5mm.csv,1.5,3,0.96946,0.300002612,1.83334,0.300006673,0.86388,2.426930051,230,0.86388,2126923.378,20.257443163402325,60.0,1215.4465898041394,1124.9427966040655,81.0297726536093,0.861936,0.007357791335267217,-0.007357791335267217,20.30447026958788,0.17425860482743705,-0.17425860482743705,1218.2682161752728,10.455516289646104,-10.455516289646104,2116777.0733999996,26815.468229536826,-26815.468229536826,81.21519881664283,81.91332096364972,80.52302655088121,1116.9393567395116,1140.3437792557972,1094.0152867303252
004_230℃_003_1.5mm.csv,1.5,3,0.96752,0.300005751,1.83945,0.300011538,0.87193,2.442263367,230,0.87193,2142251.8289999994,20.070418496897688,60.0,1204.2251098138613,1143.6083493428382,80.28167398759075,0.861936,0.007357791335267217,-0.007357791335267217,20.30447026958788,0.17425860482743705,-0.17425860482743705,1218.2682161752728,10.455516289646104,-10.455516289646104,2116777.0733999996,26815.468229536826,-26815.468229536826,81.21519881664283,81.91332096364972,80.52302655088121,1116.9393567395116,1140.3437792557972,1094.0152867303252
005_230℃_003_1.5mm.csv,1.5,3,0.96886,0.300010008,1.83149,0.300017061,0.86263,2.416024744,230,0.86263,2116007.6829999997,20.286797352283134,60.0,1217.207841136988,1117.5500250528305,81.14718940913254,0.861936,0.007357791335267217,-0.007357791335267217,20.30447026958788,0.17425860482743705,-0.17425860482743705,1218.2682161752728,10.455516289646104,-10.455516289646104,2116777.0733999996,26815.468229536826,-26815.468229536826,81.21519881664283,81.91332096364972,80.52302655088121,1116.9393567395116,1140.3437792557972,1094.0152867303252
006_230℃_003_1.5mm.csv,1.5,3,0.96736,0.300002462,1.83049,0.300003746,0.86313,2.419483901,230,0.86313,2119480.155,20.275045474030563,60.0,1216.5027284418338,1120.0327997051936,81.10018189612225,0.861936,0.007357791335267217,-0.007357791335267217,20.30447026958788,0.17425860482743705,-0.17425860482743705,1218.2682161752728,10.455516289646104,-10.455516289646104,2116777.0733999996,26815.468229536826,-26815.468229536826,81.21519881664283,81.91332096364972,80.52302655088121,1116.9393567395116,1140.3437792557972,1094.0152867303252
007_230℃_003_1.5mm.csv,1.5,3,0.96776,0.300011879,1.81457,0.300012868,0.84681,2.371220269,230,0.8468100000000001,2071207.401,20.665792798856884,60.0,1239.947567931413,1073.8280444331492,82.66317119542754,0.861936,0.007357791335267217,-0.007357791335267217,20.30447026958788,0.17425860482743705,-0.17425860482743705,1218.2682161752728,10.455516289646104,-10.455516289646104,2116777.0733999996,26815.468229536826,-26815.468229536826,81.21519881664283,81.91332096364972,80.52302655088121,1116.9393567395116,1140.3437792557972,1094.0152867303252
008_230℃_003_1.5mm.csv,1.5,3,0.96405,0.300008821,1.83184,0.300001575,0.86779,2.4206697,230,0.86779,2120668.125,20.166169234492216,60.0,1209.970154069533,1126.7109748125,80.66467693796886,0.861936,0.007357791335267217,-0.007357791335267217,20.30447026958788,0.17425860482743705,-0.17425860482743705,1218.2682161752728,10.455516289646104,-10.455516289646104,2116777.0733999996,26815.468229536826,-26815.468229536826,81.21519881664283,81.91332096364972,80.52302655088121,1116.9393567395116,1140.3437792557972,1094.0152867303252
009_230℃_003_1.5mm.csv,1.5,3,0.96474,0.300004729,1.82179,0.300017275,0.85705,2.394390046,230,0.85705,2094372.7709999997,20.41887871186045,60.0,1225.1327227116271,1098.9686837054387,81.6755148474418,0.861936,0.007357791335267217,-0.007357791335267217,20.30447026958788,0.17425860482743705,-0.17425860482743705,1218.2682161752728,10.455516289646104,-10.455516289646104,2116777.0733999996,26815.468229536826,-26815.468229536826,81.21519881664283,81.91332096364972,80.52302655088121,1116.9393567395116,1140.3437792557972,1094.0152867303252
010_230℃_003_1.5mm.csv,1.5,3,0.96362,0.300010302,1.8194,0.300007419,0.85578,2.384378621,230,0.8557799999999999,2084371.2020000003,20.449180864240812,60.0,1226.9508518544487,1092.0999105597307,81.79672345696325,0.861936,0.007357791335267217,-0.007357791335267217,20.30447026958788,0.17425860482743705,-0.17425860482743705,1218.2682161752728,10.455516289646104,-10.455516289646104,2116777.0733999996,26815.468229536826,-26815.468229536826,81.21519881664283,81.91332096364972,80.52302655088121,1116.9393567395116,1140.3437792557972,1094.0152867303252
011_230℃_005_1.5mm.csv,1.5,5,1.14163,0.300001004,1.639,0.300021973,0.49737,2.069025628,230,0.4973700000000001,1769003.6549999998,35.18507348653919,60.0,2111.1044091923513,538.6832742167448,140.74029394615675,0.499953,0.0054903309958913024,-0.0054903309958913024,35.00706026914487,0.3814666924998279,-0.3814666924998279,2100.4236161486924,22.888001549989745,-22.888001549989745,1773960.5620000002,18822.32376789587,-18822.32376789587,140.0207204474886,141.5608278518911,138.49736860218454,542.9413646561501,554.6515999738351,531.4783649205891
012_230℃_005_1.5mm.csv,1.5,5,1.14315,0.300016909,1.6414,0.300015259,0.49825,2.07435833,230,0.49824999999999986,1774343.071,35.122930255895646,60.0,2107.3758153537387,541.2651643627039,140.49172102358258,0.499953,0.0054903309958913024,-0.0054903309958913024,35.00706026914487,0.3814666924998279,-0.3814666924998279,2100.4236161486924,22.888001549989745,-22.888001549989745,1773960.5620000002,18822.32376789587,-18822.32376789587,140.0207204474886,141.5608278518911,138.49736860218454,542.9413646561501,554.6515999738351,531.4783649205891
013_230℃_005_1.5mm.csv,1.5,5,1.14146,0.300002287,1.64398,0.300009381,0.50252,2.089337907,230,0.5025200000000001,1789328.526,34.82448459762795,60.0,2089.469075857677,550.5143087054204,139.2979383905118,0.499953,0.0054903309958913024,-0.0054903309958913024,35.00706026914487,0.3814666924998279,-0.3814666924998279,2100.4236161486924,22.888001549989745,-22.888001549989745,1773960.5620000002,18822.32376789587,-18822.32376789587,140.0207204474886,141.5608278518911,138.49736860218454,542.9413646561501,554.6515999738351,531.4783649205891
014_230℃_005_1.5mm.csv,1.5,5,1.14038,0.300023247,1.64696,0.300007216,0.50658,2.094772153,230,0.50658,1794764.9370000002,34.54538276284101,60.0,2072.7229657704606,556.6481766033429,138.18153105136403,0.499953,0.0054903309958913024,-0.0054903309958913024,35.00706026914487,0.3814666924998279,-0.3814666924998279,2100.4236161486924,22.888001549989745,-22.888001549989745,1773960.5620000002,18822.32376789587,-18822.32376789587,140.0207204474886,141.5608278518911,138.49736860218454,542.9413646561501,554.6515999738351,531.4783649205891
015_230℃_005_1.5mm.csv,1.5,5,1.14145,0.300023055,1.64157,0.300020098,0.50012,2.074130051,230,0.5001199999999999,1774109.953,34.991602015516285,60.0,2099.496120930977,543.2252263434855,139.96640806206517,0.499953,0.0054903309958913024,-0.0054903309958913024,35.00706026914487,0.3814666924998279,-0.3814666924998279,2100.4236161486924,22.888001549989745,-22.888001549989745,1773960.5620000002,18822.32376789587,-18822.32376789587,140.0207204474886,141.5608278518911,138.49736860218454,542.9413646561501,554.6515999738351,531.4783649205891
016_230℃_005_1.5mm.csv,1.5,5,1.14281,0.300012995,1.6348,0.30000146,0.49199,2.048739444,230,0.4919899999999999,1748737.9840000002,35.56982865505397,60.0,2134.1897193032382,526.7520004580571,142.27931462021587,0.499953,0.0054903309958913024,-0.0054903309958913024,35.00706026914487,0.3814666924998279,-0.3814666924998279,2100.4236161486924,22.888001549989745,-22.888001549989745,1773960.5620000002,18822.32376789587,-18822.32376789587,140.0207204474886,141.5608278518911,138.49736860218454,542.9413646561501,554.6515999738351,531.4783649205891
017_230℃_005_1.5mm.csv,1.5,5,1.13868,0.30000148,1.64976,0.300007449,0.51108,2.108545996,230,0.51108,1808538.5470000003,34.24121468263286,60.0,2054.4728809579715,565.9027840412817,136.96485873053143,0.499953,0.0054903309958913024,-0.0054903309958913024,35.00706026914487,0.3814666924998279,-0.3814666924998279,2100.4236161486924,22.888001549989745,-22.888001549989745,1773960.5620000002,18822.32376789587,-18822.32376789587,140.0207204474886,141.5608278518911,138.49736860218454,542.9413646561501,554.6515999738351,531.4783649205891
018_230℃_005_1.5mm.csv,1.5,5,1.14095,0.300020788,1.63909,0.300016105,0.49814,2.066752501,230,0.49814,1766736.3959999997,35.13068615248725,60.0,2107.841169149235,538.8257561041469,140.52274460994903,0.499953,0.0054903309958913024,-0.0054903309958913024,35.00706026914487,0.3814666924998279,-0.3814666924998279,2100.4236161486924,22.888001549989745,-22.888001549989745,1773960.5620000002,18822.32376789587,-18822.32376789587,140.0207204474886,141.5608278518911,138.49736860218454,542.9413646561501,554.6515999738351,531.4783649205891
019_230℃_005_1.5mm.csv,1.5,5,1.14164,0.300021754,1.63851,0.300012045,0.49687,2.061328669,230,0.4968699999999999,1761316.624,35.22048020609013,60.0,2113.228812365408,535.8033005919673,140.88192082436052,0.499953,0.0054903309958913024,-0.0054903309958913024,35.00706026914487,0.3814666924998279,-0.3814666924998279,2100.4236161486924,22.888001549989745,-22.888001549989745,1773960.5620000002,18822.32376789587,-18822.32376789587,140.0207204474886,141.5608278518911,138.49736860218454,542.9413646561501,554.6515999738351,531.4783649205891
020_230℃_005_1.5mm.csv,1.5,5,1.14004,0.30002148,1.63665,0.300015747,0.49661,2.052741674,230,0.49661,1752725.927,35.23891987676446,60.0,2114.3351926058676,532.9109526168183,140.95567950705785,0.499953,0.0054903309958913024,-0.0054903309958913024,35.00706026914487,0.3814666924998279,-0.3814666924998279,2100.4236161486924,22.888001549989745,-22.888001549989745,1773960.5620000002,18822.32376789587,-18822.32376789587,140.0207204474886,141.5608278518911,138.49736860218454,542.9413646561501,554.6515999738351,531.4783649205891
021_230℃_010_1.5mm.csv,1.5,10,1.298105,0.300005303,1.53902,0.300012043,0.240915,1.784945135,230,0.240915,1484933.0920000002,72.63972770479215,60.0,4358.383662287529,219.02611583215102,290.5589108191686,0.24481850000000005,0.004116298937691981,-0.004116298937691981,71.49952314234,1.1894946780076867,-1.1894946780076867,4289.9713885404,71.36968068046104,-71.36968068046104,1511983.372,25639.596108185084,-25639.596108185084,285.9622234146126,290.78505277050385,281.2193833249317,226.5716963486076,234.25878436575167,219.13685638416004
022_230℃_010_1.5mm.csv,1.5,10,1.297195,0.300002892,1.54476,0.300007227,0.247565,1.823046752,230,0.2475649999999998,1523039.525,70.6885060489165,60.0,4241.31036293499,230.84772245303554,282.754024195666,0.24481850000000005,0.004116298937691981,-0.004116298937691981,71.49952314234,1.1894946780076867,-1.1894946780076867,4289.9713885404,71.36968068046104,-71.36968068046104,1511983.372,25639.596108185084,-25639.596108185084,285.9622234146126,290.78505277050385,281.2193833249317,226.5716963486076,234.25878436575167,219.13685638416004
023_230℃_010_1.5mm.csv,1.5,10,1.29915,0.30000031,1.538575,0.300018322,0.239425,1.779119235,230,0.239425,1479100.913,73.09178239532213,60.0,4385.506943719328,216.81657311940305,292.36712958128857,0.24481850000000005,0.004116298937691981,-0.004116298937691981,71.49952314234,1.1894946780076867,-1.1894946780076867,4289.9713885404,71.36968068046104,-71.36968068046104,1511983.372,25639.596108185084,-25639.596108185084,285.9622234146126,290.78505277050385,281.2193833249317,226.5716963486076,234.25878436575167,219.13685638416004
024_230℃_010_1.5mm.csv,1.5,10,1.296425,0.300001687,1.549615,0.300005234,0.25319,1.859824387,230,0.25319,1559819.153,69.11805363560961,60.0,4147.083218136577,241.79425184575715,276.47221454243845,0.24481850000000005,0.004116298937691981,-0.004116298937691981,71.49952314234,1.1894946780076867,-1.1894946780076867,4289.9713885404,71.36968068046104,-71.36968068046104,1511983.372,25639.596108185084,-25639.596108185084,285.9622234146126,290.78505277050385,281.2193833249317,226.5716963486076,234.25878436575167,219.13685638416004
025_230℃_010_1.5mm.csv,1.5,10,1.298655,0.300011528,1.54146,0.300008913,0.242805,1.804564,230,0.24280500000000016,1504555.087,72.0742983052243,60.0,4324.457898313458,223.66132524430733,288.2971932208972,0.24481850000000005,0.004116298937691981,-0.004116298937691981,71.49952314234,1.1894946780076867,-1.1894946780076867,4289.9713885404,71.36968068046104,-71.36968068046104,1511983.372,25639.596108185084,-25639.596108185084,285.9622234146126,290.78505277050385,281.2193833249317,226.5716963486076,234.25878436575167,219.13685638416004
026_230℃_010_1.5mm.csv,1.5,10,1.298865,0.300015664,1.542,0.300005108,0.243135,1.804838999,230,0.2431350000000001,1504833.891,71.97647397536345,60.0,4318.588438521807,224.006809033644,287.9058959014538,0.24481850000000005,0.004116298937691981,-0.004116298937691981,71.49952314234,1.1894946780076867,-1.1894946780076867,4289.9713885404,71.36968068046104,-71.36968068046104,1511983.372,25639.596108185084,-25639.596108185084,285.9622234146126,290.78505277050385,281.2193833249317,226.5716963486076,234.25878436575167,219.13685638416004
027_230℃_010_1.5mm.csv,1.5,10,1.29779,0.300004206,1.546295,0.300006502,0.248505,1.836992914,230,0.24850499999999998,1536986.412,70.42111828735841,60.0,4225.267097241504,233.84620917187345,281.68447314943364,0.24481850000000005,0.004116298937691981,-0.004116298937691981,71.49952314234,1.1894946780076867,-1.1894946780076867,4289.9713885404,71.36968068046104,-71.36968068046104,1511983.372,25639.596108185084,-25639.596108185084,285.9622234146126,290.78505277050385,281.2193833249317,226.5716963486076,234.25878436575167,219.13685638416004
028_230℃_010_1.5mm.csv,1.5,10,1.298495,0.300013734,1.540755,0.300014901,0.24226,1.797069708,230,0.24226000000000014,1497054.807,72.23644018822748,60.0,4334.186411293648,222.04683523091038,288.94576075290985,0.24481850000000005,0.004116298937691981,-0.004116298937691981,71.49952314234,1.1894946780076867,-1.1894946780076867,4289.9713885404,71.36968068046104,-71.36968068046104,1511983.372,25639.596108185084,-25639.596108185084,285.9622234146126,290.78505277050385,281.2193833249317,226.5716963486076,234.25878436575167,219.13685638416004
029_230℃_010_1.5mm.csv,1.5,10,1.29928,0.30000598,1.545745,0.300001933,0.246465,1.833775091,230,0.24646499999999993,1533773.1579999998,71.00399651066076,60.0,4260.239790639645,231.44167431824687,284.015986042643,0.24481850000000005,0.004116298937691981,-0.004116298937691981,71.49952314234,1.1894946780076867,-1.1894946780076867,4289.9713885404,71.36968068046104,-71.36968068046104,1511983.372,25639.596108185084,-25639.596108185084,285.9622234146126,290.78505277050385,281.2193833249317,226.5716963486076,234.25878436575167,219.13685638416004
030_230℃_010_1.5mm.csv,1.5,10,1.29659,0.300008079,1.54051,0.300012482,0.24392,1.795750164,230,0.24392000000000014,1495737.6819999998,71.74483437192518,60.0,4304.690062315511,223.3716339143511,286.9793374877007,0.24481850000000005,0.004116298937691981,-0.004116298937691981,71.49952314234,1.1894946780076867,-1.1894946780076867,4289.9713885404,71.36968068046104,-71.36968068046104,1511983.372,25639.596108185084,-25639.596108185084,285.9622234146126,290.78505277050385,281.2193833249317,226.5716963486076,234.25878436575167,219.13685638416004
031_230℃_020_1.5mm.csv,1.5,20,1.401395,0.300022731,1.5225,0.300031541,0.121105,1.815542852,230,0.12110500000000002,1515511.311,144.50270426489408,60.0,8670.162255893645,112.36897795019694,578.0108170595764,0.11951049999999999,0.0014182411838455425,-0.0014182411838455425,146.44941434398262,1.7571495105962462,-1.7571495105962462,8786.964860638956,105.42897063577485,-105.42897063577485,1498197.2889999999,18013.09439520385,-18013.09439520385,585.7599865766027,592.7914944569941,578.8118842503301,109.60844604054499,112.27024570109513,107.00975461841244
032_230℃_020_1.5mm.csv,1.5,20,1.402025,0.300012661,1.51934,0.300019244,0.117315,1.770709962,230,0.11731499999999984,1470690.7179999999,149.17103524698481,60.0,8950.262114819088,105.63311117275701,596.6841409879393,0.11951049999999999,0.0014182411838455425,-0.0014182411838455425,146.44941434398262,1.7571495105962462,-1.7571495105962462,8786.964860638956,105.42897063577485,-105.42897063577485,1498197.2889999999,18013.09439520385,-18013.09439520385,585.7599865766027,592.7914944569941,578.8118842503301,109.60844604054499,112.27024570109513,107.00975461841244
033_230℃_020_1.5mm.csv,1.5,20,1.401625,0.300001616,1.52164,0.300028726,0.120015,1.803234219,230,0.1200150000000002,1503205.4929999998,145.81510644502745,60.0,8748.906386701647,110.4533921892216,583.2604257801098,0.11951049999999999,0.0014182411838455425,-0.0014182411838455425,146.44941434398262,1.7571495105962462,-1.7571495105962462,8786.964860638956,105.42897063577485,-105.42897063577485,1498197.2889999999,18013.09439520385,-18013.09439520385,585.7599865766027,592.7914944569941,578.8118842503301,109.60844604054499,112.27024570109513,107.00975461841244
034_230℃_020_1.5mm.csv,1.5,20,1.401715,0.300036811,1.521795,0.300011688,0.12008,1.807343206,230,0.12007999999999996,1507331.518,145.73617588274487,60.0,8744.170552964693,110.81655225394282,582.9447035309796,0.11951049999999999,0.0014182411838455425,-0.0014182411838455425,146.44941434398262,1.7571495105962462,-1.7571495105962462,8786.964860638956,105.42897063577485,-105.42897063577485,1498197.2889999999,18013.09439520385,-18013.09439520385,585.7599865766027,592.7914944569941,578.8118842503301,109.60844604054499,112.27024570109513,107.00975461841244
035_230℃_020_1.5mm.csv,1.5,20,1.40183,0.300023571,1.52135,0.300029086,0.11952,1.802780113,230,0.11952000000000007,1502751.027,146.41900937081653,60.0,8785.140562248991,109.96457311043272,585.6760374832661,0.11951049999999999,0.0014182411838455425,-0.0014182411838455425,146.44941434398262,1.7571495105962462,-1.7571495105962462,8786.964860638956,105.42897063577485,-105.42897063577485,1498197.2889999999,18013.09439520385,-18013.09439520385,585.7599865766027,592.7914944569941,578.8118842503301,109.60844604054499,112.27024570109513,107.00975461841244
036_230℃_020_1.5mm.csv,1.5,20,1.40174,0.300025643,1.52186,0.300037768,0.12012,1.807216841,230,0.12012,1507179.073,145.68764568764567,60.0,8741.25874125874,110.84225525434289,582.7505827505827,0.11951049999999999,0.0014182411838455425,-0.0014182411838455425,146.44941434398262,1.7571495105962462,-1.7571495105962462,8786.964860638956,105.42897063577485,-105.42897063577485,1498197.2889999999,18013.09439520385,-18013.09439520385,585.7599865766027,592.7914944569941,578.8118842503301,109.60844604054499,112.27024570109513,107.00975461841244
037_230℃_020_1.5mm.csv,1.5,20,1.401615,0.300049877,1.521405,0.300011534,0.11979,1.801744239,230,0.11978999999999984,1501732.705,146.08898906419586,60.0,8765.339343851752,110.13830248894884,584.3559562567835,0.11951049999999999,0.0014182411838455425,-0.0014182411838455425,146.44941434398262,1.7571495105962462,-1.7571495105962462,8786.964860638956,105.42897063577485,-105.42897063577485,1498197.2889999999,18013.09439520385,-18013.09439520385,585.7599865766027,592.7914944569941,578.8118842503301,109.60844604054499,112.27024570109513,107.00975461841244
038_230℃_020_1.5mm.csv,1.5,20,1.40152,0.300016201,1.52092,0.300017857,0.1194,1.795835484,230,0.11939999999999995,1495817.6269999999,146.56616415410392,60.0,8793.969849246236,109.34732122273462,586.2646566164158,0.11951049999999999,0.0014182411838455425,-0.0014182411838455425,146.44941434398262,1.7571495105962462,-1.7571495105962462,8786.964860638956,105.42897063577485,-105.42897063577485,1498197.2889999999,18013.09439520385,-18013.09439520385,585.7599865766027,592.7914944569941,578.8118842503301,109.60844604054499,112.27024570109513,107.00975461841244
039_230℃_020_1.5mm.csv,1.5,20,1.40182,0.30004209,1.51859,0.300027002,0.11677,1.76186648,230,0.11677000000000004,1461839.478,149.86726042647936,60.0,8992.035625588762,104.50958929350614,599.4690417059174,0.11951049999999999,0.0014182411838455425,-0.0014182411838455425,146.44941434398262,1.7571495105962462,-1.7571495105962462,8786.964860638956,105.42897063577485,-105.42897063577485,1498197.2889999999,18013.09439520385,-18013.09439520385,585.7599865766027,592.7914944569941,578.8118842503301,109.60844604054499,112.27024570109513,107.00975461841244
040_230℃_020_1.5mm.csv,1.5,20,1.40134,0.300032668,1.52233,0.300015203,0.12099,1.815929143,230,0.12098999999999993,1515913.94,144.64005289693372,60.0,8678.403173816023,112.2920985309795,578.5602115877349,0.11951049999999999,0.0014182411838455425,-0.0014182411838455425,146.44941434398262,1.7571495105962462,-1.7571495105962462,8786.964860638956,105.42897063577485,-105.42897063577485,1498197.2889999999,18013.09439520385,-18013.09439520385,585.7599865766027,592.7914944569941,578.8118842503301,109.60844604054499,112.27024570109513,107.00975461841244
041_230℃_040_1.5mm.csv,1.5,40,1.457475,0.300054012,1.515255,0.300098687,0.05778,1.967968625,230,0.05777999999999994,1667869.9379999998,302.8729664243686,60.0,18172.377985462117,59.00175001079993,1211.4918656974744,0.05749150000000001,0.0005878116194836761,-0.0005878116194836761,304.421825533447,3.1519568437549625,-3.1519568437549625,18265.309532006817,189.11741062529893,-189.11741062529893,1667027.8588,18406.171946258095,-18406.171946258095,1217.6290527350902,1230.2216861655602,1205.1653183628123,58.67147710381393,59.927379043992296,57.44189518143887
042_230℃_040_1.5mm.csv,1.5,40,1.457945,0.300111581,1.51502,0.300034947,0.057075,1.959278825,230,0.05707499999999999,1659243.8779999998,306.6141042487955,60.0,18396.846254927732,57.98041490011222,1226.456416995182,0.05749150000000001,0.0005878116194836761,-0.0005878116194836761,304.421825533447,3.1519568437549625,-3.1519568437549625,18265.309532006817,189.11741062529893,-189.11741062529893,1667027.8588,18406.171946258095,-18406.171946258095,1217.6290527350902,1230.2216861655602,1205.1653183628123,58.67147710381393,59.927379043992296,57.44189518143887
043_230℃_040_1.5mm.csv,1.5,40,1.457635,0.300059811,1.515165,0.300013725,0.05753,1.9635013,230,0.05753000000000008,1663487.575,304.18911872066707,60.0,18251.347123240022,58.592106238622534,1216.7564748826683,0.05749150000000001,0.0005878116194836761,-0.0005878116194836761,304.421825533447,3.1519568437549625,-3.1519568437549625,18265.309532006817,189.11741062529893,-189.11741062529893,1667027.8588,18406.171946258095,-18406.171946258095,1217.6290527350902,1230.2216861655602,1205.1653183628123,58.67147710381393,59.927379043992296,57.44189518143887
044_230℃_040_1.5mm.csv,1.5,40,1.457875,0.30004573,1.51546,0.300056915,0.057585,1.974747044,230,0.057585,1674690.129,303.898584700877,60.0,18233.91508205262,59.04308025212143,1215.594338803508,0.05749150000000001,0.0005878116194836761,-0.0005878116194836761,304.421825533447,3.1519568437549625,-3.1519568437549625,18265.309532006817,189.11741062529893,-189.11741062529893,1667027.8588,18406.171946258095,-18406.171946258095,1217.6290527350902,1230.2216861655602,1205.1653183628123,58.67147710381393,59.927379043992296,57.44189518143887
045_230℃_040_1.5mm.csv,1.5,40,1.45753,0.300003149,1.51567,0.300036011,0.05814,1.981588292,230,0.05814000000000008,1681552.2810000002,300.99759201926344,60.0,18059.855521155805,59.85639772490214,1203.9903680770537,0.05749150000000001,0.0005878116194836761,-0.0005878116194836761,304.421825533447,3.1519568437549625,-3.1519568437549625,18265.309532006817,189.11741062529893,-189.11741062529893,1667027.8588,18406.171946258095,-18406.171946258095,1217.6290527350902,1230.2216861655602,1205.1653183628123,58.67147710381393,59.927379043992296,57.44189518143887
046_230℃_040_1.5mm.csv,1.5,40,1.4579,0.300047286,1.515745,0.300108362,0.057845,1.986357184,230,0.057844999999999924,1686248.822,302.5326303051262,60.0,18151.957818307572,59.71901822974888,1210.1305212205048,0.05749150000000001,0.0005878116194836761,-0.0005878116194836761,304.421825533447,3.1519568437549625,-3.1519568437549625,18265.309532006817,189.11741062529893,-189.11741062529893,1667027.8588,18406.171946258095,-18406.171946258095,1217.6290527350902,1230.2216861655602,1205.1653183628123,58.67147710381393,59.927379043992296,57.44189518143887
047_230℃_040_1.5mm.csv,1.5,40,1.457585,0.300082544,1.51541,0.300007485,0.057825,1.974200577,230,0.057825000000000015,1674193.092,302.6372676178123,60.0,18158.236057068738,59.27156053769389,1210.5490704712493,0.05749150000000001,0.0005878116194836761,-0.0005878116194836761,304.421825533447,3.1519568437549625,-3.1519568437549625,18265.309532006817,189.11741062529893,-189.11741062529893,1667027.8588,18406.171946258095,-18406.171946258095,1217.6290527350902,1230.2216861655602,1205.1653183628123,58.67147710381393,59.927379043992296,57.44189518143887
048_230℃_040_1.5mm.csv,1.5,40,1.457805,0.300002806,1.5149,0.300091422,0.057095,1.956407883,230,0.057094999999999896,1656316.4610000001,306.5066993607152,60.0,18390.40196164291,57.89840102497643,1226.0267974428607,0.05749150000000001,0.0005878116194836761,-0.0005878116194836761,304.421825533447,3.1519568437549625,-3.1519568437549625,18265.309532006817,189.11741062529893,-189.11741062529893,1667027.8588,18406.171946258095,-18406.171946258095,1217.6290527350902,1230.2216861655602,1205.1653183628123,58.67147710381393,59.927379043992296,57.44189518143887
049_230℃_040_1.5mm.csv,1.5,40,1.4577,0.300051173,1.51383,0.300060781,0.05613,1.923438605,230,0.05613000000000001,1623377.824,311.7762337430963,60.0,18706.57402458578,55.78787587415511,1247.1049349723855,0.05749150000000001,0.0005878116194836761,-0.0005878116194836761,304.421825533447,3.1519568437549625,-3.1519568437549625,18265.309532006817,189.11741062529893,-189.11741062529893,1667027.8588,18406.171946258095,-18406.171946258095,1217.6290527350902,1230.2216861655602,1205.1653183628123,58.67147710381393,59.927379043992296,57.44189518143887
050_230℃_040_1.5mm.csv,1.5,40,1.457795,0.300038106,1.515705,0.300087943,0.05791,1.983386531,230,0.05791000000000013,1683298.588,302.19305819374824,60.0,18131.583491624893,59.681523202702174,1208.772232774993,0.05749150000000001,0.0005878116194836761,-0.0005878116194836761,304.421825533447,3.1519568437549625,-3.1519568437549625,18265.309532006817,189.11741062529893,-189.11741062529893,1667027.8588,18406.171946258095,-18406.171946258095,1217.6290527350902,1230.2216861655602,1205.1653183628123,58.67147710381393,59.927379043992296,57.44189518143887
051_230℃_080_1.5mm.csv,1.5,80,1.47919,0.300014794,1.50854,0.300132825,0.02935,2.114439042,230,0.029349999999999987,1814306.217,596.2521294718912,60.0,35775.12776831347,32.6019719197653,2385.0085178875647,0.02902899999999997,0.00048222747052950035,-0.00048222747052950035,602.9959795802903,10.070937703578016,-10.070937703578016,36179.75877481741,604.2562622146811,-604.2562622146811,1795688.3983,29801.061868637433,-29801.061868637433,2411.682261480235,2452.189618115708,2371.844039861676,31.906557316573092,32.98268688201957,30.865538742713515
052_230℃_080_1.5mm.csv,1.5,80,1.479115,0.300072051,1.508705,0.300115477,0.02959,2.125336531,230,0.029590000000000005,1825221.0539999998,591.4160189253125,60.0,35484.96113551875,33.06630060481225,2365.66407570125,0.02902899999999997,0.00048222747052950035,-0.00048222747052950035,602.9959795802903,10.070937703578016,-10.070937703578016,36179.75877481741,604.2562622146811,-604.2562622146811,1795688.3983,29801.061868637433,-29801.061868637433,2411.682261480235,2452.189618115708,2371.844039861676,31.906557316573092,32.98268688201957,30.865538742713515
053_230℃_080_1.5mm.csv,1.5,80,1.479235,0.300009489,1.508265,0.300000373,0.02903,2.094011365,230,0.02902999999999989,1794010.992,602.8246641405466,60.0,36169.4798484328,31.88579944760804,2411.298656562187,0.02902899999999997,0.00048222747052950035,-0.00048222747052950035,602.9959795802903,10.070937703578016,-10.070937703578016,36179.75877481741,604.2562622146811,-604.2562622146811,1795688.3983,29801.061868637433,-29801.061868637433,2411.682261480235,2452.189618115708,2371.844039861676,31.906557316573092,32.98268688201957,30.865538742713515
054_230℃_080_1.5mm.csv,1.5,80,1.479205,0.300015623,1.508125,0.300118804,0.02892,2.084414261,230,0.028919999999999835,1784295.457,605.117565698482,60.0,36307.053941908925,31.592953846799812,2420.470262793928,0.02902899999999997,0.00048222747052950035,-0.00048222747052950035,602.9959795802903,10.070937703578016,-10.070937703578016,36179.75877481741,604.2562622146811,-604.2562622146811,1795688.3983,29801.061868637433,-29801.061868637433,2411.682261480235,2452.189618115708,2371.844039861676,31.906557316573092,32.98268688201957,30.865538742713515
055_230℃_080_1.5mm.csv,1.5,80,1.479445,0.300045044,1.508395,0.300038253,0.02895,2.103822675,230,0.02895000000000003,1803784.422,604.4905008635573,60.0,36269.43005181343,31.971158581775548,2417.962003454229,0.02902899999999997,0.00048222747052950035,-0.00048222747052950035,602.9959795802903,10.070937703578016,-10.070937703578016,36179.75877481741,604.2562622146811,-604.2562622146811,1795688.3983,29801.061868637433,-29801.061868637433,2411.682261480235,2452.189618115708,2371.844039861676,31.906557316573092,32.98268688201957,30.865538742713515
056_230℃_080_1.5mm.csv,1.5,80,1.47926,0.300058865,1.5087,0.300155888,0.02944,2.126809767,230,0.02943999999999991,1826653.8790000002,594.4293478260888,60.0,35665.76086956533,32.924504202710104,2377.7173913043557,0.02902899999999997,0.00048222747052950035,-0.00048222747052950035,602.9959795802903,10.070937703578016,-10.070937703578016,36179.75877481741,604.2562622146811,-604.2562622146811,1795688.3983,29801.061868637433,-29801.061868637433,2411.682261480235,2452.189618115708,2371.844039861676,31.906557316573092,32.98268688201957,30.865538742713515
057_230℃_080_1.5mm.csv,1.5,80,1.479345,0.300120595,1.507505,0.300035336,0.02816,2.038196128,230,0.028160000000000185,1738160.792,621.4488636363595,60.0,37286.93181818157,29.96731096084918,2485.795454545438,0.02902899999999997,0.00048222747052950035,-0.00048222747052950035,602.9959795802903,10.070937703578016,-10.070937703578016,36179.75877481741,604.2562622146811,-604.2562622146811,1795688.3983,29801.061868637433,-29801.061868637433,2411.682261480235,2452.189618115708,2371.844039861676,31.906557316573092,32.98268688201957,30.865538742713515
058_230℃_080_1.5mm.csv,1.5,80,1.4791,0.300169515,1.50874,0.300104135,0.02964,2.128578722,230,0.02963999999999989,1828474.5869999998,590.4183535762505,60.0,35425.10121457503,33.18121638286518,2361.673414305002,0.02902899999999997,0.00048222747052950035,-0.00048222747052950035,602.9959795802903,10.070937703578016,-10.070937703578016,36179.75877481741,604.2562622146811,-604.2562622146811,1795688.3983,29801.061868637433,-29801.061868637433,2411.682261480235,2452.189618115708,2371.844039861676,31.906557316573092,32.98268688201957,30.865538742713515
059_230℃_080_1.5mm.csv,1.5,80,1.47932,0.300126724,1.50792,0.300162042,0.0286,2.068644434,230,0.02859999999999996,1768482.392,611.8881118881128,60.0,36713.28671328677,30.966487598693828,2447.552447552451,0.02902899999999997,0.00048222747052950035,-0.00048222747052950035,602.9959795802903,10.070937703578016,-10.070937703578016,36179.75877481741,604.2562622146811,-604.2562622146811,1795688.3983,29801.061868637433,-29801.061868637433,2411.682261480235,2452.189618115708,2371.844039861676,31.906557316573092,32.98268688201957,30.865538742713515
060_230℃_080_1.5mm.csv,1.5,80,1.47936,0.300173391,1.50797,0.300090819,0.02861,2.07358501,230,0.028610000000000024,1773494.1909999999,611.6742397763014,60.0,36700.45438657809,31.065103349700028,2446.6969591052057,0.02902899999999997,0.00048222747052950035,-0.00048222747052950035,602.9959795802903,10.070937703578016,-10.070937703578016,36179.75877481741,604.2562622146811,-604.2562622146811,1795688.3983,29801.061868637433,-29801.061868637433,2411.682261480235,2452.189618115708,2371.844039861676,31.906557316573092,32.98268688201957,30.865538742713515
061_230℃_120_1.5mm.csv,1.5,120,1.484535,0.300040149,1.50378,0.300037854,0.019245,1.918600647,230,0.019244999999999957,1618562.793,909.3270979475209,60.0,54559.625876851256,19.070963847725466,3637.3083917900835,0.019501999999999953,0.0004205036662543232,-0.0004205036662543232,897.7189147017485,19.331607850434857,-19.331607850434857,53863.13488210491,1159.8964710260893,-1159.8964710260893,1645485.9776,37839.07281368957,-37839.07281368957,3590.1257999005993,3668.3251478696425,3513.593462836065,19.638315028368883,20.529267632010562,18.78602900339746
062_230℃_120_1.5mm.csv,1.5,120,1.48464,0.300142175,1.503955,0.300007006,0.019315,1.938496657,230,0.01931499999999997,1638489.651,906.0315816722768,60.0,54361.894900336614,19.37597608718262,3624.1263266891074,0.019501999999999953,0.0004205036662543232,-0.0004205036662543232,897.7189147017485,19.331607850434857,-19.331607850434857,53863.13488210491,1159.8964710260893,-1159.8964710260893,1645485.9776,37839.07281368957,-37839.07281368957,3590.1257999005993,3668.3251478696425,3513.593462836065,19.638315028368883,20.529267632010562,18.78602900339746
063_230℃_120_1.5mm.csv,1.5,120,1.48457,0.300001404,1.503865,0.300169277,0.019295,1.929146563,230,0.019295000000000062,1628977.286,906.9707178025366,60.0,54418.243068152195,19.24354085716537,3627.8828712101463,0.019501999999999953,0.0004205036662543232,-0.0004205036662543232,897.7189147017485,19.331607850434857,-19.331607850434857,53863.13488210491,1159.8964710260893,-1159.8964710260893,1645485.9776,37839.07281368957,-37839.07281368957,3590.1257999005993,3668.3251478696425,3513.593462836065,19.638315028368883,20.529267632010562,18.78602900339746
064_230℃_120_1.5mm.csv,1.5,120,1.484625,0.300055414,1.50341,0.300101517,0.018785,1.87687112,230,0.01878499999999983,1576769.603,931.594357199902,60.0,55895.66143199412,18.134459383074322,3726.3774287996084,0.019501999999999953,0.0004205036662543232,-0.0004205036662543232,897.7189147017485,19.331607850434857,-19.331607850434857,53863.13488210491,1159.8964710260893,-1159.8964710260893,1645485.9776,37839.07281368957,-37839.07281368957,3590.1257999005993,3668.3251478696425,3513.593462836065,19.638315028368883,20.529267632010562,18.78602900339746
065_230℃_120_1.5mm.csv,1.5,120,1.48441,0.300160603,1.503915,0.300067661,0.019505,1.932845404,230,0.019504999999999884,1632777.743,897.205844655222,60.0,53832.35067931332,19.498365230947844,3588.823378620888,0.019501999999999953,0.0004205036662543232,-0.0004205036662543232,897.7189147017485,19.331607850434857,-19.331607850434857,53863.13488210491,1159.8964710260893,-1159.8964710260893,1645485.9776,37839.07281368957,-37839.07281368957,3590.1257999005993,3668.3251478696425,3513.593462836065,19.638315028368883,20.529267632010562,18.78602900339746
066_230℃_120_1.5mm.csv,1.5,120,1.48451,0.300104576,1.504055,0.300036076,0.019545,1.950254776,230,0.019544999999999924,1650218.7,895.3696597595327,60.0,53722.17958557196,19.747055811122376,3581.478639038131,0.019501999999999953,0.0004205036662543232,-0.0004205036662543232,897.7189147017485,19.331607850434857,-19.331607850434857,53863.13488210491,1159.8964710260893,-1159.8964710260893,1645485.9776,37839.07281368957,-37839.07281368957,3590.1257999005993,3668.3251478696425,3513.593462836065,19.638315028368883,20.529267632010562,18.78602900339746
067_230℃_120_1.5mm.csv,1.5,120,1.48464,0.300072406,1.50388,0.300227222,0.01924,1.931158186,230,0.019240000000000146,1630930.9640000002,909.5634095634026,60.0,54573.804573804155,19.211701069812392,3638.2536382536105,0.019501999999999953,0.0004205036662543232,-0.0004205036662543232,897.7189147017485,19.331607850434857,-19.331607850434857,53863.13488210491,1159.8964710260893,-1159.8964710260893,1645485.9776,37839.07281368957,-37839.07281368957,3590.1257999005993,3668.3251478696425,3513.593462836065,19.638315028368883,20.529267632010562,18.78602900339746
068_230℃_120_1.5mm.csv,1.5,120,1.484375,0.30005071,1.504445,0.300152516,0.02007,1.994222623,230,0.020070000000000032,1694070.1069999998,871.9481813652203,60.0,52316.89088191322,20.81631860050411,3487.7927254608812,0.019501999999999953,0.0004205036662543232,-0.0004205036662543232,897.7189147017485,19.331607850434857,-19.331607850434857,53863.13488210491,1159.8964710260893,-1159.8964710260893,1645485.9776,37839.07281368957,-37839.07281368957,3590.1257999005993,3668.3251478696425,3513.593462836065,19.638315028368883,20.529267632010562,18.78602900339746
069_230℃_120_1.5mm.csv,1.5,120,1.484345,0.300009938,1.504465,0.300233793,0.02012,1.996056481,230,0.020119999999999916,1695822.688,869.7813121272402,60.0,52186.87872763441,20.889766826057055,3479.1252485089603,0.019501999999999953,0.0004205036662543232,-0.0004205036662543232,897.7189147017485,19.331607850434857,-19.331607850434857,53863.13488210491,1159.8964710260893,-1159.8964710260893,1645485.9776,37839.07281368957,-37839.07281368957,3590.1257999005993,3668.3251478696425,3513.593462836065,19.638315028368883,20.529267632010562,18.78602900339746
070_230℃_120_1.5mm.csv,1.5,120,1.48449,0.300128011,1.50439,0.300080006,0.0199,1.988320247,230,0.019899999999999807,1688240.2410000002,879.3969849246316,60.0,52763.8190954779,20.568967834224292,3517.5879396985265,0.019501999999999953,0.0004205036662543232,-0.0004205036662543232,897.7189147017485,19.331607850434857,-19.331607850434857,53863.13488210491,1159.8964710260893,-1159.8964710260893,1645485.9776,37839.07281368957,-37839.07281368957,3590.1257999005993,3668.3251478696425,3513.593462836065,19.638315028368883,20.529267632010562,18.78602900339746
071_230℃_160_1.5mm.csv,1.5,160,1.486715,0.30009808,1.50156,0.300210228,0.014845,1.714029286,230,0.014844999999999997,1413819.058,1178.848097002358,60.0,70730.88582014147,12.849884030210204,4715.392388009432,0.015259500000000004,0.0003318337100283306,-0.0003318337100283306,1147.321478735003,25.290877534921478,-25.290877534921478,68839.28872410017,1517.4526520952845,-1517.4526520952845,1461777.3872,39399.339067185894,-39399.339067185894,4588.291503197112,4689.862207066637,4488.920567130789,13.649302774326854,14.330728887369487,13.000278470793411
072_230℃_160_1.5mm.csv,1.5,160,1.486795,0.300191451,1.501475,0.300043846,0.01468,1.701948685,230,0.014679999999999804,1401904.8390000002,1192.0980926430677,60.0,71525.88555858406,12.599977369297791,4768.392370572271,0.015259500000000004,0.0003318337100283306,-0.0003318337100283306,1147.321478735003,25.290877534921478,-25.290877534921478,68839.28872410017,1517.4526520952845,-1517.4526520952845,1461777.3872,39399.339067185894,-39399.339067185894,4588.291503197112,4689.862207066637,4488.920567130789,13.649302774326854,14.330728887369487,13.000278470793411
073_230℃_160_1.5mm.csv,1.5,160,1.486665,0.300179691,1.502005,0.300002406,0.01534,1.776385374,230,0.015340000000000131,1476382.968,1140.8083441981648,60.0,68448.50065188989,13.865947793338899,4563.233376792659,0.015259500000000004,0.0003318337100283306,-0.0003318337100283306,1147.321478735003,25.290877534921478,-25.290877534921478,68839.28872410017,1517.4526520952845,-1517.4526520952845,1461777.3872,39399.339067185894,-39399.339067185894,4588.291503197112,4689.862207066637,4488.920567130789,13.649302774326854,14.330728887369487,13.000278470793411
074_230℃_160_1.5mm.csv,1.5,160,1.48663,0.300126345,1.50232,0.300174752,0.01569,1.822020094,230,0.015690000000000204,1521845.342,1115.3601019757662,60.0,66921.60611854597,14.619032703661416,4461.440407903065,0.015259500000000004,0.0003318337100283306,-0.0003318337100283306,1147.321478735003,25.290877534921478,-25.290877534921478,68839.28872410017,1517.4526520952845,-1517.4526520952845,1461777.3872,39399.339067185894,-39399.339067185894,4588.291503197112,4689.862207066637,4488.920567130789,13.649302774326854,14.330728887369487,13.000278470793411
075_230℃_160_1.5mm.csv,1.5,160,1.486565,0.300047641,1.502065,0.300072304,0.0155,1.78453382,230,0.01550000000000007,1484461.516,1129.032258064511,60.0,67741.93548387066,14.08723683551027,4516.129032258044,0.015259500000000004,0.0003318337100283306,-0.0003318337100283306,1147.321478735003,25.290877534921478,-25.290877534921478,68839.28872410017,1517.4526520952845,-1517.4526520952845,1461777.3872,39399.339067185894,-39399.339067185894,4588.291503197112,4689.862207066637,4488.920567130789,13.649302774326854,14.330728887369487,13.000278470793411
076_230℃_160_1.5mm.csv,1.5,160,1.486565,0.30021493,1.50192,0.300201079,0.015355,1.763861091,230,0.015355000000000008,1463660.012,1139.6939107782475,60.0,68381.63464669485,13.7598976434245,4558.77564311299,0.015259500000000004,0.0003318337100283306,-0.0003318337100283306,1147.321478735003,25.290877534921478,-25.290877534921478,68839.28872410017,1517.4526520952845,-1517.4526520952845,1461777.3872,39399.339067185894,-39399.339067185894,4588.291503197112,4689.862207066637,4488.920567130789,13.649302774326854,14.330728887369487,13.000278470793411
077_230℃_160_1.5mm.csv,1.5,160,1.486715,0.300032833,1.50207,0.300065803,0.015355,1.785750879,230,0.015355000000000008,1485685.076,1139.6939107782475,60.0,68381.63464669485,13.966955719579598,4558.77564311299,0.015259500000000004,0.0003318337100283306,-0.0003318337100283306,1147.321478735003,25.290877534921478,-25.290877534921478,68839.28872410017,1517.4526520952845,-1517.4526520952845,1461777.3872,39399.339067185894,-39399.339067185894,4588.291503197112,4689.862207066637,4488.920567130789,13.649302774326854,14.330728887369487,13.000278470793411
078_230℃_160_1.5mm.csv,1.5,160,1.486595,0.300043401,1.50203,0.300208742,0.015435,1.779706916,230,0.015434999999999865,1479498.174,1133.7868480725722,60.0,68027.21088435432,13.981257744299883,4535.147392290289,0.015259500000000004,0.0003318337100283306,-0.0003318337100283306,1147.321478735003,25.290877534921478,-25.290877534921478,68839.28872410017,1517.4526520952845,-1517.4526520952845,1461777.3872,39399.339067185894,-39399.339067185894,4588.291503197112,4689.862207066637,4488.920567130789,13.649302774326854,14.330728887369487,13.000278470793411
079_230℃_160_1.5mm.csv,1.5,160,1.48665,0.300006034,1.50155,0.300222197,0.0149,1.711457877,230,0.014899999999999913,1411235.68,1174.496644295309,60.0,70469.79865771854,12.873925488979514,4697.9865771812365,0.015259500000000004,0.0003318337100283306,-0.0003318337100283306,1147.321478735003,25.290877534921478,-25.290877534921478,68839.28872410017,1517.4526520952845,-1517.4526520952845,1461777.3872,39399.339067185894,-39399.339067185894,4588.291503197112,4689.862207066637,4488.920567130789,13.649302774326854,14.330728887369487,13.000278470793411
080_230℃_160_1.5mm.csv,1.5,160,1.486535,0.300181472,1.50203,0.300068068,0.015495,1.779349275,230,0.015495000000000037,1479281.207,1129.396579541785,60.0,67763.7947725071,14.033548348447992,4517.58631816714,0.015259500000000004,0.0003318337100283306,-0.0003318337100283306,1147.321478735003,25.290877534921478,-25.290877534921478,68839.28872410017,1517.4526520952845,-1517.4526520952845,1461777.3872,39399.339067185894,-39399.339067185894,4588.291503197112,4689.862207066637,4488.920567130789,13.649302774326854,14.330728887369487,13.000278470793411
081_230℃_200_1.5mm.csv,1.5,200,1.48805,0.300152086,1.500605,0.300245248,0.012555,1.593966662,230,0.012554999999999872,1293721.4139999999,1393.866985264849,60.0,83632.01911589094,9.944493277206021,5575.467941059396,0.012538999999999967,0.00015148890681796764,-0.00015148890681796764,1395.829124495714,16.88112521737184,-16.88112521737184,83749.74746974286,1012.8675130423109,-1012.8675130423109,1278474.912,17769.536916460886,-17769.536916460886,5582.949281328011,5650.843653186913,5515.870654163712,9.813277861496028,10.065711150664946,9.567175229399107
082_230℃_200_1.5mm.csv,1.5,200,1.4879,0.300243787,1.500525,0.300182535,0.012625,1.581729287,230,0.012625000000000108,1281546.7519999999,1386.1386138613743,60.0,83168.31683168246,9.905833312653144,5544.554455445497,0.012538999999999967,0.00015148890681796764,-0.00015148890681796764,1395.829124495714,16.88112521737184,-16.88112521737184,83749.74746974286,1012.8675130423109,-1012.8675130423109,1278474.912,17769.536916460886,-17769.536916460886,5582.949281328011,5650.843653186913,5515.870654163712,9.813277861496028,10.065711150664946,9.567175229399107
083_230℃_200_1.5mm.csv,1.5,200,1.48795,0.300068873,1.50036,0.300261484,0.01241,1.555992499,230,0.01240999999999981,1255731.0150000001,1410.1531023368468,60.0,84609.1861402108,9.54099299764271,5640.612409347387,0.012538999999999967,0.00015148890681796764,-0.00015148890681796764,1395.829124495714,16.88112521737184,-16.88112521737184,83749.74746974286,1012.8675130423109,-1012.8675130423109,1278474.912,17769.536916460886,-17769.536916460886,5582.949281328011,5650.843653186913,5515.870654163712,9.813277861496028,10.065711150664946,9.567175229399107
084_230℃_200_1.5mm.csv,1.5,200,1.487955,0.300011232,1.50056,0.300045023,0.012605,1.586682382,230,0.012604999999999977,1286637.359,1388.3379611265395,60.0,83300.27766759237,9.92942688379284,5553.351844506158,0.012538999999999967,0.00015148890681796764,-0.00015148890681796764,1395.829124495714,16.88112521737184,-16.88112521737184,83749.74746974286,1012.8675130423109,-1012.8675130423109,1278474.912,17769.536916460886,-17769.536916460886,5582.949281328011,5650.843653186913,5515.870654163712,9.813277861496028,10.065711150664946,9.567175229399107
085_230℃_200_1.5mm.csv,1.5,200,1.487875,0.300233295,1.50054,0.300006874,0.012665,1.583591939,230,0.012664999999999926,1283585.065,1381.760757994481,60.0,82905.64547966886,9.953023376464227,5527.043031977924,0.012538999999999967,0.00015148890681796764,-0.00015148890681796764,1395.829124495714,16.88112521737184,-16.88112521737184,83749.74746974286,1012.8675130423109,-1012.8675130423109,1278474.912,17769.536916460886,-17769.536916460886,5582.949281328011,5650.843653186913,5515.870654163712,9.813277861496028,10.065711150664946,9.567175229399107
086_230℃_200_1.5mm.csv,1.5,200,1.487965,0.300166308,1.50043,0.300017481,0.012465,1.566830978,230,0.012464999999999948,1266813.497,1403.9310068190994,60.0,84235.86040914596,9.667855249043836,5615.7240272763975,0.012538999999999967,0.00015148890681796764,-0.00015148890681796764,1395.829124495714,16.88112521737184,-16.88112521737184,83749.74746974286,1012.8675130423109,-1012.8675130423109,1278474.912,17769.536916460886,-17769.536916460886,5582.949281328011,5650.843653186913,5515.870654163712,9.813277861496028,10.065711150664946,9.567175229399107
087_230℃_200_1.5mm.csv,1.5,200,1.48804,0.300029092,1.50042,0.300110778,0.01238,1.565350619,230,0.012380000000000058,1265239.8409999998,1413.5702746365039,60.0,84814.21647819024,9.590001570355147,5654.2810985460155,0.012538999999999967,0.00015148890681796764,-0.00015148890681796764,1395.829124495714,16.88112521737184,-16.88112521737184,83749.74746974286,1012.8675130423109,-1012.8675130423109,1278474.912,17769.536916460886,-17769.536916460886,5582.949281328011,5650.843653186913,5515.870654163712,9.813277861496028,10.065711150664946,9.567175229399107
088_230℃_200_1.5mm.csv,1.5,200,1.48807,0.30006847,1.50036,0.300243122,0.01229,1.556296424,230,0.012289999999999912,1256053.302,1423.9218877135984,60.0,85435.31326281591,9.451160254028501,5695.6875508543935,0.012538999999999967,0.00015148890681796764,-0.00015148890681796764,1395.829124495714,16.88112521737184,-16.88112521737184,83749.74746974286,1012.8675130423109,-1012.8675130423109,1278474.912,17769.536916460886,-17769.536916460886,5582.949281328011,5650.843653186913,5515.870654163712,9.813277861496028,10.065711150664946,9.567175229399107
089_230℃_200_1.5mm.csv,1.5,200,1.48793,0.300021872,1.500725,0.300249499,0.012795,1.612724704,230,0.012795000000000112,1312475.2049999998,1367.7217663149547,60.0,82063.30597889729,10.281502192637845,5470.887065259819,0.012538999999999967,0.00015148890681796764,-0.00015148890681796764,1395.829124495714,16.88112521737184,-16.88112521737184,83749.74746974286,1012.8675130423109,-1012.8675130423109,1278474.912,17769.536916460886,-17769.536916460886,5582.949281328011,5650.843653186913,5515.870654163712,9.813277861496028,10.065711150664946,9.567175229399107
090_230℃_200_1.5mm.csv,1.5,200,1.487935,0.300202465,1.500535,0.300243009,0.0126,1.583188679,230,0.012599999999999945,1282945.6700000002,1388.888888888895,60.0,83333.3333333337,9.897009454285671,5555.55555555558,0.012538999999999967,0.00015148890681796764,-0.00015148890681796764,1395.829124495714,16.88112521737184,-16.88112521737184,83749.74746974286,1012.8675130423109,-1012.8675130423109,1278474.912,17769.536916460886,-17769.536916460886,5582.949281328011,5650.843653186913,5515.870654163712,9.813277861496028,10.065711150664946,9.567175229399107
091_230℃_240_1.5mm.csv,1.5,240,1.488665,0.300065906,1.499625,0.3001195,0.01096,1.438963778,230,0.01096000000000008,1138844.2780000002,1596.7153284671415,60.0,95802.9197080285,7.64187752257965,6386.861313868566,0.010792500000000028,0.00021701574443657728,-0.00021701574443657728,1622.0890926662873,32.75890382317587,-32.75890382317587,97325.34555997724,1965.534229390555,-1965.534229390555,1130605.9708,27826.98938689142,-27826.98938689142,6487.169180855892,6619.217736014179,6357.7548978449795,7.467243901611067,7.806860698056955,7.142401234343233
092_230℃_240_1.5mm.csv,1.5,240,1.48874,0.300222895,1.499875,0.300099541,0.011135,1.47943755,230,0.011135000000000117,1179338.009,1571.6210148181244,60.0,94297.26088908747,8.03995636543784,6286.484059272499,0.010792500000000028,0.00021701574443657728,-0.00021701574443657728,1622.0890926662873,32.75890382317587,-32.75890382317587,97325.34555997724,1965.534229390555,-1965.534229390555,1130605.9708,27826.98938689142,-27826.98938689142,6487.169180855892,6619.217736014179,6357.7548978449795,7.467243901611067,7.806860698056955,7.142401234343233
093_230℃_240_1.5mm.csv,1.5,240,1.488805,0.300238027,1.49967,0.300185759,0.010865,1.446344754,230,0.010865000000000125,1146158.9949999999,1610.6764841233132,60.0,96640.5890473988,7.624296416739884,6442.705936493254,0.010792500000000028,0.00021701574443657728,-0.00021701574443657728,1622.0890926662873,32.75890382317587,-32.75890382317587,97325.34555997724,1965.534229390555,-1965.534229390555,1130605.9708,27826.98938689142,-27826.98938689142,6487.169180855892,6619.217736014179,6357.7548978449795,7.467243901611067,7.806860698056955,7.142401234343233
094_230℃_240_1.5mm.csv,1.5,240,1.48878,0.300228242,1.49939,0.300109954,0.01061,1.400958922,230,0.010610000000000008,1100848.9679999999,1649.3873704052767,60.0,98963.24222431661,7.151025030906127,6597.549481621108,0.010792500000000028,0.00021701574443657728,-0.00021701574443657728,1622.0890926662873,32.75890382317587,-32.75890382317587,97325.34555997724,1965.534229390555,-1965.534229390555,1130605.9708,27826.98938689142,-27826.98938689142,6487.169180855892,6619.217736014179,6357.7548978449795,7.467243901611067,7.806860698056955,7.142401234343233
095_230℃_240_1.5mm.csv,1.5,240,1.48884,0.300231878,1.49951,0.300282468,0.01067,1.420258488,230,0.010669999999999957,1119976.02,1640.1124648547395,60.0,98406.74789128437,7.316414775550992,6560.449859418958,0.010792500000000028,0.00021701574443657728,-0.00021701574443657728,1622.0890926662873,32.75890382317587,-32.75890382317587,97325.34555997724,1965.534229390555,-1965.534229390555,1130605.9708,27826.98938689142,-27826.98938689142,6487.169180855892,6619.217736014179,6357.7548978449795,7.467243901611067,7.806860698056955,7.142401234343233
096_230℃_240_1.5mm.csv,1.5,240,1.48886,0.300127452,1.49956,0.300104463,0.0107,1.427806663,230,0.010699999999999932,1127702.2,1635.5140186915992,60.0,98130.84112149595,7.387600126530566,6542.056074766397,0.010792500000000028,0.00021701574443657728,-0.00021701574443657728,1622.0890926662873,32.75890382317587,-32.75890382317587,97325.34555997724,1965.534229390555,-1965.534229390555,1130605.9708,27826.98938689142,-27826.98938689142,6487.169180855892,6619.217736014179,6357.7548978449795,7.467243901611067,7.806860698056955,7.142401234343233
097_230℃_240_1.5mm.csv,1.5,240,1.488775,0.300127318,1.49957,0.300291487,0.010795,1.429924192,230,0.01079500000000011,1129632.705,1621.1208893005855,60.0,97267.25335803513,7.465950030903139,6484.483557202342,0.010792500000000028,0.00021701574443657728,-0.00021701574443657728,1622.0890926662873,32.75890382317587,-32.75890382317587,97325.34555997724,1965.534229390555,-1965.534229390555,1130605.9708,27826.98938689142,-27826.98938689142,6487.169180855892,6619.217736014179,6357.7548978449795,7.467243901611067,7.806860698056955,7.142401234343233
098_230℃_240_1.5mm.csv,1.5,240,1.48886,0.300260379,1.49925,0.300218284,0.01039,1.378013016,230,0.0103899999999999,1077794.7319999998,1684.3118383060798,60.0,101058.7102983648,6.856094244171361,6737.247353224319,0.010792500000000028,0.00021701574443657728,-0.00021701574443657728,1622.0890926662873,32.75890382317587,-32.75890382317587,97325.34555997724,1965.534229390555,-1965.534229390555,1130605.9708,27826.98938689142,-27826.98938689142,6487.169180855892,6619.217736014179,6357.7548978449795,7.467243901611067,7.806860698056955,7.142401234343233
099_230℃_240_1.5mm.csv,1.5,240,1.488685,0.300000578,1.49971,0.30008705,0.011025,1.452618204,230,0.011025000000000063,1152531.154,1587.3015873015784,60.0,95238.0952380947,7.779585289500044,6349.2063492063135,0.010792500000000028,0.00021701574443657728,-0.00021701574443657728,1622.0890926662873,32.75890382317587,-32.75890382317587,97325.34555997724,1965.534229390555,-1965.534229390555,1130605.9708,27826.98938689142,-27826.98938689142,6487.169180855892,6619.217736014179,6357.7548978449795,7.467243901611067,7.806860698056955,7.142401234343233
100_230℃_240_1.5mm.csv,1.5,240,1.488815,0.300101026,1.49959,0.30002956,0.010775,1.433262207,230,0.010774999999999979,1133232.647,1624.1299303944347,60.0,97447.79582366608,7.4758663906683545,6496.519721577738,0.010792500000000028,0.00021701574443657728,-0.00021701574443657728,1622.0890926662873,32.75890382317587,-32.75890382317587,97325.34555997724,1965.534229390555,-1965.534229390555,1130605.9708,27826.98938689142,-27826.98938689142,6487.169180855892,6619.217736014179,6357.7548978449795,7.467243901611067,7.806860698056955,7.142401234343233
101_230℃_280_1.5mm.csv,1.5,280,1.48924,0.300219111,1.499005,0.300018573,0.009765,1.333060868,230,0.009765000000000024,1033042.295,1792.1146953404975,60.0,107526.88172042985,6.176117149392873,7168.45878136199,0.009883999999999981,0.0003005254657355335,-0.0003005254657355335,1771.9799204778312,52.73314275484627,-52.73314275484627,106318.79522866989,3163.988565290776,-3163.988565290776,1045508.6140000001,39543.061492852044,-39543.061492852044,7085.056380332017,7301.352413101135,6875.167924015135,6.320210610534734,6.760084271547388,5.908959201831427
102_230℃_280_1.5mm.csv,1.5,280,1.48905,0.300099779,1.49961,0.300314353,0.01056,1.433743844,230,0.010560000000000125,1133429.4910000002,1657.1969696969502,60.0,99431.81818181701,7.327968627526618,6628.787878787801,0.009883999999999981,0.0003005254657355335,-0.0003005254657355335,1771.9799204778312,52.73314275484627,-52.73314275484627,106318.79522866989,3163.988565290776,-3163.988565290776,1045508.6140000001,39543.061492852044,-39543.061492852044,7085.056380332017,7301.352413101135,6875.167924015135,6.320210610534734,6.760084271547388,5.908959201831427
103_230℃_280_1.5mm.csv,1.5,280,1.489245,0.300103375,1.498655,0.300141794,0.00941,1.276546321,230,0.00941000000000014,976404.5270000001,1859.7236981933836,60.0,111583.42189160302,5.625285672900084,7438.894792773534,0.009883999999999981,0.0003005254657355335,-0.0003005254657355335,1771.9799204778312,52.73314275484627,-52.73314275484627,106318.79522866989,3163.988565290776,-3163.988565290776,1045508.6140000001,39543.061492852044,-39543.061492852044,7085.056380332017,7301.352413101135,6875.167924015135,6.320210610534734,6.760084271547388,5.908959201831427
104_230℃_280_1.5mm.csv,1.5,280,1.489265,0.300243617,1.49904,0.300295663,0.009775,1.339073476,230,0.009774999999999867,1038777.8130000001,1790.281329923298,60.0,107416.87979539788,6.216767217596854,7161.125319693192,0.009883999999999981,0.0003005254657355335,-0.0003005254657355335,1771.9799204778312,52.73314275484627,-52.73314275484627,106318.79522866989,3163.988565290776,-3163.988565290776,1045508.6140000001,39543.061492852044,-39543.061492852044,7085.056380332017,7301.352413101135,6875.167924015135,6.320210610534734,6.760084271547388,5.908959201831427
105_230℃_280_1.5mm.csv,1.5,280,1.4892,0.300061539,1.498945,0.300144356,0.009745,1.323613209,230,0.009744999999999893,1023468.8529999998,1795.7927142124365,60.0,107747.5628527462,6.106349370909115,7183.170856849746,0.009883999999999981,0.0003005254657355335,-0.0003005254657355335,1771.9799204778312,52.73314275484627,-52.73314275484627,106318.79522866989,3163.988565290776,-3163.988565290776,1045508.6140000001,39543.061492852044,-39543.061492852044,7085.056380332017,7301.352413101135,6875.167924015135,6.320210610534734,6.760084271547388,5.908959201831427
106_230℃_280_1.5mm.csv,1.5,280,1.48913,0.300107361,1.49907,0.300099464,0.00994,1.344622037,230,0.009939999999999838,1044522.5730000001,1760.5633802817188,60.0,105633.80281690313,6.35666594425704,7042.253521126876,0.009883999999999981,0.0003005254657355335,-0.0003005254657355335,1771.9799204778312,52.73314275484627,-52.73314275484627,106318.79522866989,3163.988565290776,-3163.988565290776,1045508.6140000001,39543.061492852044,-39543.061492852044,7085.056380332017,7301.352413101135,6875.167924015135,6.320210610534734,6.760084271547388,5.908959201831427
107_230℃_280_1.5mm.csv,1.5,280,1.489205,0.30015896,1.49919,0.30025702,0.009985,1.363671491,230,0.009985000000000133,1063414.4710000001,1752.6289434150995,60.0,105157.73660490596,6.500934791592944,7010.515773660397,0.009883999999999981,0.0003005254657355335,-0.0003005254657355335,1771.9799204778312,52.73314275484627,-52.73314275484627,106318.79522866989,3163.988565290776,-3163.988565290776,1045508.6140000001,39543.061492852044,-39543.061492852044,7085.056380332017,7301.352413101135,6875.167924015135,6.320210610534734,6.760084271547388,5.908959201831427
108_230℃_280_1.5mm.csv,1.5,280,1.489225,0.300258311,1.499125,0.300053216,0.0099,1.352488005,230,0.00990000000000002,1052434.789,1767.676767676764,60.0,106060.60606060585,6.379043517000014,7070.707070707056,0.009883999999999981,0.0003005254657355335,-0.0003005254657355335,1771.9799204778312,52.73314275484627,-52.73314275484627,106318.79522866989,3163.988565290776,-3163.988565290776,1045508.6140000001,39543.061492852044,-39543.061492852044,7085.056380332017,7301.352413101135,6875.167924015135,6.320210610534734,6.760084271547388,5.908959201831427
109_230℃_280_1.5mm.csv,1.5,280,1.48929,0.300198563,1.49898,0.300073208,0.00969,1.328894148,230,0.009689999999999976,1028820.9400000002,1805.9855521155876,60.0,108359.13312693525,6.103637699142843,7223.942208462351,0.009883999999999981,0.0003005254657355335,-0.0003005254657355335,1771.9799204778312,52.73314275484627,-52.73314275484627,106318.79522866989,3163.988565290776,-3163.988565290776,1045508.6140000001,39543.061492852044,-39543.061492852044,7085.056380332017,7301.352413101135,6875.167924015135,6.320210610534734,6.760084271547388,5.908959201831427
110_230℃_280_1.5mm.csv,1.5,280,1.4891,0.300004318,1.49917,0.300115471,0.01007,1.360885859,230,0.010069999999999801,1060770.3879999998,1737.8351539225764,60.0,104270.10923535458,6.539974167648849,6951.340615690306,0.009883999999999981,0.0003005254657355335,-0.0003005254657355335,1771.9799204778312,52.73314275484627,-52.73314275484627,106318.79522866989,3163.988565290776,-3163.988565290776,1045508.6140000001,39543.061492852044,-39543.061492852044,7085.056380332017,7301.352413101135,6875.167924015135,6.320210610534734,6.760084271547388,5.908959201831427
111_230℃_320_1.5mm.csv,1.5,320,1.489535,0.300176995,1.498255,0.300114495,0.00872,1.209217791,230,0.008719999999999839,909103.296,2006.880733944991,60.0,120412.84403669946,4.853498412930523,8027.522935779964,0.009280999999999961,0.00023686376769033426,-0.00023686376769033426,1886.7178615510613,49.876504728057256,-49.876504728057256,113203.07169306367,2992.5902836834266,-2992.5902836834266,979968.3943,31825.179804955253,-31825.179804955253,7544.553854803875,7743.072165648183,7351.125192990001,5.564048060806404,5.899926309558152,5.247291101383604
112_230℃_320_1.5mm.csv,1.5,320,1.489325,0.300077951,1.498815,0.300267321,0.00949,1.298570068,230,0.009489999999999998,998302.7470000001,1844.04636459431,60.0,110642.7818756586,5.80034269532449,7376.18545837724,0.009280999999999961,0.00023686376769033426,-0.00023686376769033426,1886.7178615510613,49.876504728057256,-49.876504728057256,113203.07169306367,2992.5902836834266,-2992.5902836834266,979968.3943,31825.179804955253,-31825.179804955253,7544.553854803875,7743.072165648183,7351.125192990001,5.564048060806404,5.899926309558152,5.247291101383604
113_230℃_320_1.5mm.csv,1.5,320,1.489335,0.300083438,1.498675,0.300139034,0.00934,1.276308383,230,0.009339999999999904,976169.3489999998,1873.6616702355652,60.0,112419.70021413392,5.582094930404023,7494.646680942261,0.009280999999999961,0.00023686376769033426,-0.00023686376769033426,1886.7178615510613,49.876504728057256,-49.876504728057256,113203.07169306367,2992.5902836834266,-2992.5902836834266,979968.3943,31825.179804955253,-31825.179804955253,7544.553854803875,7743.072165648183,7351.125192990001,5.564048060806404,5.899926309558152,5.247291101383604
114_230℃_320_1.5mm.csv,1.5,320,1.48945,0.300053654,1.498935,0.300174736,0.009485,1.317955771,230,0.009484999999999966,1017781.035,1845.0184501845085,60.0,110701.10701107052,5.910399867535693,7380.073800738034,0.009280999999999961,0.00023686376769033426,-0.00023686376769033426,1886.7178615510613,49.876504728057256,-49.876504728057256,113203.07169306367,2992.5902836834266,-2992.5902836834266,979968.3943,31825.179804955253,-31825.179804955253,7544.553854803875,7743.072165648183,7351.125192990001,5.564048060806404,5.899926309558152,5.247291101383604
115_230℃_320_1.5mm.csv,1.5,320,1.48942,0.300073958,1.498915,0.300219908,0.009495,1.314288108,230,0.009495000000000031,1014068.2000000001,1843.0753027909366,60.0,110584.51816745619,5.895047485102062,7372.301211163745,0.009280999999999961,0.00023686376769033426,-0.00023686376769033426,1886.7178615510613,49.876504728057256,-49.876504728057256,113203.07169306367,2992.5902836834266,-2992.5902836834266,979968.3943,31825.179804955253,-31825.179804955253,7544.553854803875,7743.072165648183,7351.125192990001,5.564048060806404,5.899926309558152,5.247291101383604
116_230℃_320_1.5mm.csv,1.5,320,1.48944,0.300154052,1.49877,0.300190311,0.00933,1.291051235,230,0.009329999999999838,990860.9240000001,1875.6698821007828,60.0,112540.19292604698,5.660040257706024,7502.679528403132,0.009280999999999961,0.00023686376769033426,-0.00023686376769033426,1886.7178615510613,49.876504728057256,-49.876504728057256,113203.07169306367,2992.5902836834266,-2992.5902836834266,979968.3943,31825.179804955253,-31825.179804955253,7544.553854803875,7743.072165648183,7351.125192990001,5.564048060806404,5.899926309558152,5.247291101383604
117_230℃_320_1.5mm.csv,1.5,320,1.489435,0.300146386,1.49851,0.3002168,0.009075,1.249420321,230,0.009074999999999944,949203.5209999998,1928.3746556473948,60.0,115702.47933884368,5.273890991678538,7713.498622589579,0.009280999999999961,0.00023686376769033426,-0.00023686376769033426,1886.7178615510613,49.876504728057256,-49.876504728057256,113203.07169306367,2992.5902836834266,-2992.5902836834266,979968.3943,31825.179804955253,-31825.179804955253,7544.553854803875,7743.072165648183,7351.125192990001,5.564048060806404,5.899926309558152,5.247291101383604
118_230℃_320_1.5mm.csv,1.5,320,1.48948,0.300024147,1.498725,0.300029148,0.009245,1.283378175,230,0.00924500000000017,983349.0269999999,1892.915089237391,60.0,113574.90535424346,5.565956176294999,7571.660356949564,0.009280999999999961,0.00023686376769033426,-0.00023686376769033426,1886.7178615510613,49.876504728057256,-49.876504728057256,113203.07169306367,2992.5902836834266,-2992.5902836834266,979968.3943,31825.179804955253,-31825.179804955253,7544.553854803875,7743.072165648183,7351.125192990001,5.564048060806404,5.899926309558152,5.247291101383604
119_230℃_320_1.5mm.csv,1.5,320,1.48937,0.300100971,1.498745,0.300200476,0.009375,1.286688717,230,0.009374999999999911,986488.2410000002,1866.6666666666843,60.0,112000.00000000105,5.662241179209132,7466.666666666736,0.009280999999999961,0.00023686376769033426,-0.00023686376769033426,1886.7178615510613,49.876504728057256,-49.876504728057256,113203.07169306367,2992.5902836834266,-2992.5902836834266,979968.3943,31825.179804955253,-31825.179804955253,7544.553854803875,7743.072165648183,7351.125192990001,5.564048060806404,5.899926309558152,5.247291101383604
120_230℃_320_1.5mm.csv,1.5,320,1.489415,0.30001431,1.49867,0.300019169,0.009255,1.274376772,230,0.009255000000000013,974357.6030000001,1890.869800108047,60.0,113452.18800648281,5.5210283361826615,7563.479200432188,0.009280999999999961,0.00023686376769033426,-0.00023686376769033426,1886.7178615510613,49.876504728057256,-49.876504728057256,113203.07169306367,2992.5902836834266,-2992.5902836834266,979968.3943,31825.179804955253,-31825.179804955253,7544.553854803875,7743.072165648183,7351.125192990001,5.564048060806404,5.899926309558152,5.247291101383604
001_190℃_003_2.0mm.csv,2.0,3,0.6226,0.30001313,1.66342,0.300018678,1.04082,1.75763004,190,1.0408199999999999,1457611.362,16.81366614784497,80.0,1345.0932918275976,1651.2773418196896,50.44099844353491,1.055014,0.04278376228846118,-0.04278376228846118,16.61199908225037,0.672795517313563,-0.672795517313563,1328.9599265800293,53.823641385085,-53.823641385085,1469676.8281999999,65608.36818836296,-65608.36818836296,49.799187264212584,51.859178128536904,47.821024969376616,1684.8878091184422,1834.6661400827,1547.3370698322144
002_190℃_003_2.0mm.csv,2.0,3,0.61472,0.300008297,1.72314,0.300019981,1.10842,1.856322917,190,1.1084199999999997,1556302.936,15.788239115136864,80.0,1263.059129210949,1877.5916193971373,47.36471734541059,1.055014,0.04278376228846118,-0.04278376228846118,16.61199908225037,0.672795517313563,-0.672795517313563,1328.9599265800293,53.823641385085,-53.823641385085,1469676.8281999999,65608.36818836296,-65608.36818836296,49.799187264212584,51.859178128536904,47.821024969376616,1684.8878091184422,1834.6661400827,1547.3370698322144
003_190℃_003_2.0mm.csv,2.0,3,0.6159,0.300019916,1.6396,0.300002993,1.0237,1.717616314,190,1.0236999999999998,1417613.3210000002,17.094852007424052,80.0,1367.5881605939242,1579.5491229471565,51.284556022272156,1.055014,0.04278376228846118,-0.04278376228846118,16.61199908225037,0.672795517313563,-0.672795517313563,1328.9599265800293,53.823641385085,-53.823641385085,1469676.8281999999,65608.36818836296,-65608.36818836296,49.799187264212584,51.859178128536904,47.821024969376616,1684.8878091184422,1834.6661400827,1547.3370698322144
004_190℃_003_2.0mm.csv,2.0,3,0.60602,0.300007453,1.67724,0.300015556,1.07122,1.789182195,190,1.07122,1489166.639,16.336513507962884,80.0,1306.9210806370306,1736.2994144539648,49.009540523888646,1.055014,0.04278376228846118,-0.04278376228846118,16.61199908225037,0.672795517313563,-0.672795517313563,1328.9599265800293,53.823641385085,-53.823641385085,1469676.8281999999,65608.36818836296,-65608.36818836296,49.799187264212584,51.859178128536904,47.821024969376616,1684.8878091184422,1834.6661400827,1547.3370698322144
005_190℃_003_2.0mm.csv,2.0,3,0.6182,0.300017262,1.6629,0.300010954,1.0447,1.764967157,190,1.0447000000000002,1464956.203,16.75122044606107,80.0,1340.0976356848855,1665.7847567609251,50.25366133818321,1.055014,0.04278376228846118,-0.04278376228846118,16.61199908225037,0.672795517313563,-0.672795517313563,1328.9599265800293,53.823641385085,-53.823641385085,1469676.8281999999,65608.36818836296,-65608.36818836296,49.799187264212584,51.859178128536904,47.821024969376616,1684.8878091184422,1834.6661400827,1547.3370698322144
006_190℃_003_2.0mm.csv,2.0,3,0.60964,0.300005256,1.7079,0.300020388,1.09826,1.833987961,190,1.09826,1533967.5729999999,15.934296068326262,80.0,1274.743685466101,1833.6818794263725,47.802888204978785,1.055014,0.04278376228846118,-0.04278376228846118,16.61199908225037,0.672795517313563,-0.672795517313563,1328.9599265800293,53.823641385085,-53.823641385085,1469676.8281999999,65608.36818836296,-65608.36818836296,49.799187264212584,51.859178128536904,47.821024969376616,1684.8878091184422,1834.6661400827,1547.3370698322144
007_190℃_003_2.0mm.csv,2.0,3,0.60752,0.300008762,1.72314,0.300013361,1.11562,1.855122493,190,1.1156199999999998,1555109.1320000002,15.686344812749864,80.0,1254.907585019989,1888.3383399639074,47.05903443824959,1.055014,0.04278376228846118,-0.04278376228846118,16.61199908225037,0.672795517313563,-0.672795517313563,1328.9599265800293,53.823641385085,-53.823641385085,1469676.8281999999,65608.36818836296,-65608.36818836296,49.799187264212584,51.859178128536904,47.821024969376616,1684.8878091184422,1834.6661400827,1547.3370698322144
008_190℃_003_2.0mm.csv,2.0,3,0.61466,0.300000454,1.66598,0.300011671,1.05132,1.764387688,190,1.05132,1464376.017,16.6457405927786,80.0,1331.659247422288,1675.6765106856494,49.9372217783358,1.055014,0.04278376228846118,-0.04278376228846118,16.61199908225037,0.672795517313563,-0.672795517313563,1328.9599265800293,53.823641385085,-53.823641385085,1469676.8281999999,65608.36818836296,-65608.36818836296,49.799187264212584,51.859178128536904,47.821024969376616,1684.8878091184422,1834.6661400827,1547.3370698322144
009_190℃_003_2.0mm.csv,2.0,3,0.61336,0.300001639,1.6081,0.300025981,0.99474,1.676381132,190,0.9947400000000001,1376355.1509999998,17.592536743269598,80.0,1407.4029394615677,1490.1937664280163,52.777610229808786,1.055014,0.04278376228846118,-0.04278376228846118,16.61199908225037,0.672795517313563,-0.672795517313563,1328.9599265800293,53.823641385085,-53.823641385085,1469676.8281999999,65608.36818836296,-65608.36818836296,49.799187264212584,51.859178128536904,47.821024969376616,1684.8878091184422,1834.6661400827,1547.3370698322144
010_190℃_003_2.0mm.csv,2.0,3,0.61568,0.300006589,1.61702,0.300003682,1.00134,1.68131363,190,1.00134,1381309.9479999999,17.47658138094953,80.0,1398.1265104759623,1505.481255325518,52.429744142848584,1.055014,0.04278376228846118,-0.04278376228846118,16.61199908225037,0.672795517313563,-0.672795517313563,1328.9599265800293,53.823641385085,-53.823641385085,1469676.8281999999,65608.36818836296,-65608.36818836296,49.799187264212584,51.859178128536904,47.821024969376616,1684.8878091184422,1834.6661400827,1547.3370698322144
011_190℃_005_2.0mm.csv,2.0,5,0.92418,0.30000943,1.51096,0.3000043,0.58678,1.526939463,190,0.5867800000000001,1226935.163,29.82378404171921,80.0,2385.902723337537,783.6092679674992,89.47135212515764,0.624906,0.033030076596944236,-0.033030076596944236,28.072962027709742,1.4462813779262542,-1.4462813779262542,2245.836962216779,115.70251023410052,-115.70251023410052,1301511.7746,70522.5991089275,-70522.5991089275,84.11657885127192,88.62427569936398,79.83815700389442,883.0070897515487,981.2887820702716,794.5688718732995
012_190℃_005_2.0mm.csv,2.0,5,0.91792,0.300008615,1.57836,0.30000448,0.66044,1.68712563,190,0.66044,1387121.1500000001,26.497486524135425,80.0,2119.798921930834,997.1268487684356,79.49245957240626,0.624906,0.033030076596944236,-0.033030076596944236,28.072962027709742,1.4462813779262542,-1.4462813779262542,2245.836962216779,115.70251023410052,-115.70251023410052,1301511.7746,70522.5991089275,-70522.5991089275,84.11657885127192,88.62427569936398,79.83815700389442,883.0070897515487,981.2887820702716,794.5688718732995
013_190℃_005_2.0mm.csv,2.0,5,0.91716,0.300021979,1.52574,0.300001923,0.60858,1.564386396,190,0.6085800000000001,1264384.473,28.755463538072227,80.0,2300.4370830457783,837.5282749152002,86.26639061421669,0.624906,0.033030076596944236,-0.033030076596944236,28.072962027709742,1.4462813779262542,-1.4462813779262542,2245.836962216779,115.70251023410052,-115.70251023410052,1301511.7746,70522.5991089275,-70522.5991089275,84.11657885127192,88.62427569936398,79.83815700389442,883.0070897515487,981.2887820702716,794.5688718732995
014_190℃_005_2.0mm.csv,2.0,5,0.91748,0.300001521,1.54984,0.30000288,0.63236,1.624708032,190,0.6323600000000001,1324705.152,27.674109684357006,80.0,2213.9287747485605,911.7720271224165,83.02232905307102,0.624906,0.033030076596944236,-0.033030076596944236,28.072962027709742,1.4462813779262542,-1.4462813779262542,2245.836962216779,115.70251023410052,-115.70251023410052,1301511.7746,70522.5991089275,-70522.5991089275,84.11657885127192,88.62427569936398,79.83815700389442,883.0070897515487,981.2887820702716,794.5688718732995
015_190℃_005_2.0mm.csv,2.0,5,0.91298,0.300007474,1.52578,0.300024102,0.6128,1.561158719,190,0.6127999999999999,1261134.6169999999,28.55744125326371,80.0,2284.595300261097,841.1682103919454,85.67232375979113,0.624906,0.033030076596944236,-0.033030076596944236,28.072962027709742,1.4462813779262542,-1.4462813779262542,2245.836962216779,115.70251023410052,-115.70251023410052,1301511.7746,70522.5991089275,-70522.5991089275,84.11657885127192,88.62427569936398,79.83815700389442,883.0070897515487,981.2887820702716,794.5688718732995
016_190℃_005_2.0mm.csv,2.0,5,0.9229,0.300008982,1.52626,0.300023566,0.60336,1.564490725,190,0.6033599999999999,1264467.159,29.004242906390882,80.0,2320.3394325112704,830.3988082223019,87.01272871917264,0.624906,0.033030076596944236,-0.033030076596944236,28.072962027709742,1.4462813779262542,-1.4462813779262542,2245.836962216779,115.70251023410052,-115.70251023410052,1301511.7746,70522.5991089275,-70522.5991089275,84.11657885127192,88.62427569936398,79.83815700389442,883.0070897515487,981.2887820702716,794.5688718732995
017_190℃_005_2.0mm.csv,2.0,5,0.91966,0.300010852,1.51036,0.300009234,0.5907,1.527266396,190,0.5906999999999999,1227257.162,29.625867614694435,80.0,2370.069409175555,789.051216972408,88.87760284408331,0.624906,0.033030076596944236,-0.033030076596944236,28.072962027709742,1.4462813779262542,-1.4462813779262542,2245.836962216779,115.70251023410052,-115.70251023410052,1301511.7746,70522.5991089275,-70522.5991089275,84.11657885127192,88.62427569936398,79.83815700389442,883.0070897515487,981.2887820702716,794.5688718732995
018_190℃_005_2.0mm.csv,2.0,5,0.91484,0.30000062,1.52358,0.300015128,0.60874,1.560688864,190,0.60874,1260673.736,28.747905509741436,80.0,2299.8324407793148,835.2898286287237,86.2437165292243,0.624906,0.033030076596944236,-0.033030076596944236,28.072962027709742,1.4462813779262542,-1.4462813779262542,2245.836962216779,115.70251023410052,-115.70251023410052,1301511.7746,70522.5991089275,-70522.5991089275,84.11657885127192,88.62427569936398,79.83815700389442,883.0070897515487,981.2887820702716,794.5688718732995
019_190℃_005_2.0mm.csv,2.0,5,0.91312,0.300005832,1.5763,0.300031001,0.66318,1.680863198,190,0.66318,1380832.197,26.38800928857927,80.0,2111.0407430863415,996.7241321430856,79.16402786573781,0.624906,0.033030076596944236,-0.033030076596944236,28.072962027709742,1.4462813779262542,-1.4462813779262542,2245.836962216779,115.70251023410052,-115.70251023410052,1301511.7746,70522.5991089275,-70522.5991089275,84.11657885127192,88.62427569936398,79.83815700389442,883.0070897515487,981.2887820702716,794.5688718732995
020_190℃_005_2.0mm.csv,2.0,5,0.90672,0.300018475,1.58884,0.300007372,0.68212,1.717614309,190,0.6821200000000001,1417606.937,25.655309916143786,80.0,2052.4247932915027,1052.493108970275,76.96592974843136,0.624906,0.033030076596944236,-0.033030076596944236,28.072962027709742,1.4462813779262542,-1.4462813779262542,2245.836962216779,115.70251023410052,-115.70251023410052,1301511.7746,70522.5991089275,-70522.5991089275,84.11657885127192,88.62427569936398,79.83815700389442,883.0070897515487,981.2887820702716,794.5688718732995
021_190℃_010_2.0mm.csv,2.0,10,1.18756,0.300018173,1.49202,0.30000205,0.30446,1.465682,190,0.30445999999999995,1165679.95,57.478814951060905,80.0,4598.3051960848725,386.2888898797278,172.43644485318273,0.30677000000000004,0.013696741704994441,-0.013696741704994441,57.14360473024112,2.431498561855211,-2.431498561855211,4571.48837841929,194.51988494841686,-194.51988494841686,1167595.4138,56126.68901118291,-56126.68901118291,171.28668622213266,178.91682023588717,163.98194892061065,389.1287461054265,425.973254925631,355.4710989355834
022_190℃_010_2.0mm.csv,2.0,10,1.18622,0.300034169,1.47992,0.300047956,0.2937,1.413767939,190,0.29369999999999985,1113719.983,59.58461014640793,80.0,4766.7688117126345,356.02673089208145,178.7538304392238,0.30677000000000004,0.013696741704994441,-0.013696741704994441,57.14360473024112,2.431498561855211,-2.431498561855211,4571.48837841929,194.51988494841686,-194.51988494841686,1167595.4138,56126.68901118291,-56126.68901118291,171.28668622213266,178.91682023588717,163.98194892061065,389.1287461054265,425.973254925631,355.4710989355834
023_190℃_010_2.0mm.csv,2.0,10,1.18302,0.300025084,1.52112,0.300019651,0.3381,1.593786414,190,0.33810000000000007,1293766.763,51.75983436853001,80.0,4140.7867494824,476.10616878400015,155.27950310559,0.30677000000000004,0.013696741704994441,-0.013696741704994441,57.14360473024112,2.431498561855211,-2.431498561855211,4571.48837841929,194.51988494841686,-194.51988494841686,1167595.4138,56126.68901118291,-56126.68901118291,171.28668622213266,178.91682023588717,163.98194892061065,389.1287461054265,425.973254925631,355.4710989355834
024_190℃_010_2.0mm.csv,2.0,10,1.18654,0.300056107,1.48032,0.300041278,0.29378,1.412823901,190,0.29378000000000015,1112782.6230000001,59.56838450541218,80.0,4765.470760432974,355.82397712646554,178.70515351623652,0.30677000000000004,0.013696741704994441,-0.013696741704994441,57.14360473024112,2.431498561855211,-2.431498561855211,4571.48837841929,194.51988494841686,-194.51988494841686,1167595.4138,56126.68901118291,-56126.68901118291,171.28668622213266,178.91682023588717,163.98194892061065,389.1287461054265,425.973254925631,355.4710989355834
025_190℃_010_2.0mm.csv,2.0,10,1.185,0.300017115,1.48408,0.30001664,0.29908,1.430345577,190,0.29908,1130328.937,58.51277250234051,80.0,4681.021800187241,367.9551330372354,175.53831750702153,0.30677000000000004,0.013696741704994441,-0.013696741704994441,57.14360473024112,2.431498561855211,-2.431498561855211,4571.48837841929,194.51988494841686,-194.51988494841686,1167595.4138,56126.68901118291,-56126.68901118291,171.28668622213266,178.91682023588717,163.98194892061065,389.1287461054265,425.973254925631,355.4710989355834
026_190℃_010_2.0mm.csv,2.0,10,1.18648,0.300025881,1.49006,0.300002143,0.30358,1.458379872,190,0.30357999999999996,1158377.729,57.645431187825295,80.0,4611.634495026024,382.75952214402173,172.93629356347589,0.30677000000000004,0.013696741704994441,-0.013696741704994441,57.14360473024112,2.431498561855211,-2.431498561855211,4571.48837841929,194.51988494841686,-194.51988494841686,1167595.4138,56126.68901118291,-56126.68901118291,171.28668622213266,178.91682023588717,163.98194892061065,389.1287461054265,425.973254925631,355.4710989355834
027_190℃_010_2.0mm.csv,2.0,10,1.1856,0.300046859,1.50248,0.300050816,0.31688,1.511333536,190,0.31688000000000005,1211282.72,55.22595304216106,80.0,4418.076243372885,417.77553013725174,165.67785912648318,0.30677000000000004,0.013696741704994441,-0.013696741704994441,57.14360473024112,2.431498561855211,-2.431498561855211,4571.48837841929,194.51988494841686,-194.51988494841686,1167595.4138,56126.68901118291,-56126.68901118291,171.28668622213266,178.91682023588717,163.98194892061065,389.1287461054265,425.973254925631,355.4710989355834
028_190℃_010_2.0mm.csv,2.0,10,1.18602,0.300038905,1.4895,0.300022223,0.30348,1.451749265,190,0.30347999999999997,1151727.042,57.66442599182813,80.0,4613.154079346251,380.4365961427591,172.9932779754844,0.30677000000000004,0.013696741704994441,-0.013696741704994441,57.14360473024112,2.431498561855211,-2.431498561855211,4571.48837841929,194.51988494841686,-194.51988494841686,1167595.4138,56126.68901118291,-56126.68901118291,171.28668622213266,178.91682023588717,163.98194892061065,389.1287461054265,425.973254925631,355.4710989355834
029_190℃_010_2.0mm.csv,2.0,10,1.18718,0.300031104,1.48504,0.300047701,0.29786,1.43122464,190,0.29786,1131176.939,58.752434029409784,80.0,4700.194722352782,366.7291026400436,176.25730208822932,0.30677000000000004,0.013696741704994441,-0.013696741704994441,57.14360473024112,2.431498561855211,-2.431498561855211,4571.48837841929,194.51988494841686,-194.51988494841686,1167595.4138,56126.68901118291,-56126.68901118291,171.28668622213266,178.91682023588717,163.98194892061065,389.1287461054265,425.973254925631,355.4710989355834
030_190℃_010_2.0mm.csv,2.0,10,1.18486,0.300018171,1.50164,0.30004505,0.31678,1.507156502,190,0.31678000000000006,1207111.4519999998,55.24338657743543,80.0,4419.470926194835,416.2054593355755,165.7301597323063,0.30677000000000004,0.013696741704994441,-0.013696741704994441,57.14360473024112,2.431498561855211,-2.431498561855211,4571.48837841929,194.51988494841686,-194.51988494841686,1167595.4138,56126.68901118291,-56126.68901118291,171.28668622213266,178.91682023588717,163.98194892061065,389.1287461054265,425.973254925631,355.4710989355834
031_190℃_020_2.0mm.csv,2.0,20,1.347235,0.300031903,1.495745,0.300007214,0.14851,1.463758884,190,0.14851000000000014,1163751.67,117.83718268130082,80.0,9426.974614504066,188.1129366113743,353.5115480439025,0.15149200000000002,0.0036855047897886707,-0.0036855047897886707,115.57913212935685,2.80825316854585,-2.80825316854585,9246.33057034855,224.66025348366796,-224.66025348366796,1186399.3229,29022.306811272876,-29022.306811272876,346.6452015446363,355.1773576057878,338.3180069921309,195.51979848787374,205.2819697713057,186.2218666516433
032_190℃_020_2.0mm.csv,2.0,20,1.347295,0.300024687,1.49391,0.300005805,0.146615,1.447147531,190,0.14661500000000016,1147141.7259999998,119.36022917163987,80.0,9548.81833373119,183.06196915100972,358.0806875149196,0.15149200000000002,0.0036855047897886707,-0.0036855047897886707,115.57913212935685,2.80825316854585,-2.80825316854585,9246.33057034855,224.66025348366796,-224.66025348366796,1186399.3229,29022.306811272876,-29022.306811272876,346.6452015446363,355.1773576057878,338.3180069921309,195.51979848787374,205.2819697713057,186.2218666516433
033_190℃_020_2.0mm.csv,2.0,20,1.346935,0.300009867,1.501875,0.300022123,0.15494,1.516295626,190,0.15494000000000008,1216273.503,112.94694720536977,80.0,9035.755776429582,205.1150112161307,338.8408416161093,0.15149200000000002,0.0036855047897886707,-0.0036855047897886707,115.57913212935685,2.80825316854585,-2.80825316854585,9246.33057034855,224.66025348366796,-224.66025348366796,1186399.3229,29022.306811272876,-29022.306811272876,346.6452015446363,355.1773576057878,338.3180069921309,195.51979848787374,205.2819697713057,186.2218666516433
034_190℃_020_2.0mm.csv,2.0,20,1.346695,0.300005577,1.502,0.30001549,0.155305,1.51764043,190,0.15530500000000003,1217624.94,112.68149769807796,80.0,9014.519815846237,205.8266572045714,338.04449309423387,0.15149200000000002,0.0036855047897886707,-0.0036855047897886707,115.57913212935685,2.80825316854585,-2.80825316854585,9246.33057034855,224.66025348366796,-224.66025348366796,1186399.3229,29022.306811272876,-29022.306811272876,346.6452015446363,355.1773576057878,338.3180069921309,195.51979848787374,205.2819697713057,186.2218666516433
035_190℃_020_2.0mm.csv,2.0,20,1.34617,0.300015044,1.501335,0.300029224,0.155165,1.511762689,190,0.155165,1211733.465,112.78316630683466,80.0,9022.653304546773,204.64612037738775,338.349498920504,0.15149200000000002,0.0036855047897886707,-0.0036855047897886707,115.57913212935685,2.80825316854585,-2.80825316854585,9246.33057034855,224.66025348366796,-224.66025348366796,1186399.3229,29022.306811272876,-29022.306811272876,346.6452015446363,355.1773576057878,338.3180069921309,195.51979848787374,205.2819697713057,186.2218666516433
036_190℃_020_2.0mm.csv,2.0,20,1.346715,0.300020443,1.497345,0.300009383,0.15063,1.47684367,190,0.15062999999999982,1176834.2870000002,116.17871605921809,80.0,9294.297284737448,192.94318220496308,348.5361481776543,0.15149200000000002,0.0036855047897886707,-0.0036855047897886707,115.57913212935685,2.80825316854585,-2.80825316854585,9246.33057034855,224.66025348366796,-224.66025348366796,1186399.3229,29022.306811272876,-29022.306811272876,346.6452015446363,355.1773576057878,338.3180069921309,195.51979848787374,205.2819697713057,186.2218666516433
037_190℃_020_2.0mm.csv,2.0,20,1.347065,0.300030427,1.498505,0.300008981,0.15144,1.486945968,190,0.15144000000000002,1186936.987,115.55731642894874,80.0,9244.585314315898,195.64597258370617,346.6719492868462,0.15149200000000002,0.0036855047897886707,-0.0036855047897886707,115.57913212935685,2.80825316854585,-2.80825316854585,9246.33057034855,224.66025348366796,-224.66025348366796,1186399.3229,29022.306811272876,-29022.306811272876,346.6452015446363,355.1773576057878,338.3180069921309,195.51979848787374,205.2819697713057,186.2218666516433
038_190℃_020_2.0mm.csv,2.0,20,1.34778,0.300012616,1.496105,0.300027149,0.148325,1.466136791,190,0.14832500000000004,1166109.6420000002,117.98415641328161,80.0,9438.732513062529,188.25927907444907,353.95246923984485,0.15149200000000002,0.0036855047897886707,-0.0036855047897886707,115.57913212935685,2.80825316854585,-2.80825316854585,9246.33057034855,224.66025348366796,-224.66025348366796,1186399.3229,29022.306811272876,-29022.306811272876,346.6452015446363,355.1773576057878,338.3180069921309,195.51979848787374,205.2819697713057,186.2218666516433
039_190℃_020_2.0mm.csv,2.0,20,1.346355,0.300030494,1.50273,0.300007716,0.156375,1.524173064,190,0.15637499999999993,1224165.348,111.91047162270189,80.0,8952.83772981615,208.35793882285708,335.7314148681056,0.15149200000000002,0.0036855047897886707,-0.0036855047897886707,115.57913212935685,2.80825316854585,-2.80825316854585,9246.33057034855,224.66025348366796,-224.66025348366796,1186399.3229,29022.306811272876,-29022.306811272876,346.6452015446363,355.1773576057878,338.3180069921309,195.51979848787374,205.2819697713057,186.2218666516433
040_190℃_020_2.0mm.csv,2.0,20,1.34706,0.300026712,1.494675,0.300031099,0.147615,1.45345276,190,0.14761500000000005,1153421.6609999998,118.55163770619512,80.0,9484.13101649561,185.31955209634293,355.6549131185854,0.15149200000000002,0.0036855047897886707,-0.0036855047897886707,115.57913212935685,2.80825316854585,-2.80825316854585,9246.33057034855,224.66025348366796,-224.66025348366796,1186399.3229,29022.306811272876,-29022.306811272876,346.6452015446363,355.1773576057878,338.3180069921309,195.51979848787374,205.2819697713057,186.2218666516433
041_190℃_040_2.0mm.csv,2.0,40,1.434425,0.300006744,1.510265,0.300059093,0.07584,1.695658497,190,0.07583999999999991,1395599.4039999999,230.74894514767962,80.0,18459.91561181437,115.20245855712639,692.2468354430388,0.07308549999999998,0.001463328492778622,-0.001463328492778622,239.5310641526334,4.744490021667278,-4.744490021667278,19162.485132210677,379.5592017333831,-379.5592017333831,1339024.5156999999,28618.734257269018,-28618.734257269018,718.4654169542769,732.9171672765137,704.29862801199,106.47708308647866,110.94652771290056,102.1876885768152
042_190℃_040_2.0mm.csv,2.0,40,1.43414,0.30008087,1.506865,0.300006957,0.072725,1.62985288,190,0.07272499999999993,1329845.9230000002,240.63251976624292,80.0,19250.601581299434,105.26589904780944,721.8975592987288,0.07308549999999998,0.001463328492778622,-0.001463328492778622,239.5310641526334,4.744490021667278,-4.744490021667278,19162.485132210677,379.5592017333831,-379.5592017333831,1339024.5156999999,28618.734257269018,-28618.734257269018,718.4654169542769,732.9171672765137,704.29862801199,106.47708308647866,110.94652771290056,102.1876885768152
043_190℃_040_2.0mm.csv,2.0,40,1.43423,0.300071733,1.506155,0.300030019,0.071925,1.615948265,190,0.07192500000000002,1315918.246,243.30900243308997,80.0,19464.720194647198,103.01759982971431,729.9270072992699,0.07308549999999998,0.001463328492778622,-0.001463328492778622,239.5310641526334,4.744490021667278,-4.744490021667278,19162.485132210677,379.5592017333831,-379.5592017333831,1339024.5156999999,28618.734257269018,-28618.734257269018,718.4654169542769,732.9171672765137,704.29862801199,106.47708308647866,110.94652771290056,102.1876885768152
044_190℃_040_2.0mm.csv,2.0,40,1.434155,0.300021278,1.508735,0.300074572,0.07458,1.665311514,190,0.07457999999999987,1365236.942,234.64735854116427,80.0,18771.78868329314,110.82380531631001,703.9420756234928,0.07308549999999998,0.001463328492778622,-0.001463328492778622,239.5310641526334,4.744490021667278,-4.744490021667278,19162.485132210677,379.5592017333831,-379.5592017333831,1339024.5156999999,28618.734257269018,-28618.734257269018,718.4654169542769,732.9171672765137,704.29862801199,106.47708308647866,110.94652771290056,102.1876885768152
045_190℃_040_2.0mm.csv,2.0,40,1.434135,0.300006603,1.506565,0.300038362,0.07243,1.624542221,190,0.07243,1324503.859,241.61259146762393,80.0,19329.007317409916,104.41775728693331,724.8377744028719,0.07308549999999998,0.001463328492778622,-0.001463328492778622,239.5310641526334,4.744490021667278,-4.744490021667278,19162.485132210677,379.5592017333831,-379.5592017333831,1339024.5156999999,28618.734257269018,-28618.734257269018,718.4654169542769,732.9171672765137,704.29862801199,106.47708308647866,110.94652771290056,102.1876885768152
046_190℃_040_2.0mm.csv,2.0,40,1.434225,0.300056086,1.505675,0.300015696,0.07145,1.607691362,190,0.07145000000000001,1307675.666,244.92652204338694,80.0,19594.121763470954,101.69624635178235,734.7795661301608,0.07308549999999998,0.001463328492778622,-0.001463328492778622,239.5310641526334,4.744490021667278,-4.744490021667278,19162.485132210677,379.5592017333831,-379.5592017333831,1339024.5156999999,28618.734257269018,-28618.734257269018,718.4654169542769,732.9171672765137,704.29862801199,106.47708308647866,110.94652771290056,102.1876885768152
047_190℃_040_2.0mm.csv,2.0,40,1.434335,0.300024696,1.508105,0.300053541,0.07377,1.653686431,190,0.07377000000000011,1353632.89,237.22380371424663,80.0,18977.90429713973,108.68843351869404,711.6714111427398,0.07308549999999998,0.001463328492778622,-0.001463328492778622,239.5310641526334,4.744490021667278,-4.744490021667278,19162.485132210677,379.5592017333831,-379.5592017333831,1339024.5156999999,28618.734257269018,-28618.734257269018,718.4654169542769,732.9171672765137,704.29862801199,106.47708308647866,110.94652771290056,102.1876885768152
048_190℃_040_2.0mm.csv,2.0,40,1.43427,0.300040332,1.505815,0.300066823,0.071545,1.610707234,190,0.07154499999999997,1310640.411,244.60129988119377,80.0,19568.103990495503,102.06233274013056,733.8038996435814,0.07308549999999998,0.001463328492778622,-0.001463328492778622,239.5310641526334,4.744490021667278,-4.744490021667278,19162.485132210677,379.5592017333831,-379.5592017333831,1339024.5156999999,28618.734257269018,-28618.734257269018,718.4654169542769,732.9171672765137,704.29862801199,106.47708308647866,110.94652771290056,102.1876885768152
049_190℃_040_2.0mm.csv,2.0,40,1.4342,0.300022226,1.50848,0.300082039,0.07428,1.661154716,190,0.07428000000000012,1361072.677,235.59504577275135,80.0,18847.603661820107,110.04133708577979,706.7851373182541,0.07308549999999998,0.001463328492778622,-0.001463328492778622,239.5310641526334,4.744490021667278,-4.744490021667278,19162.485132210677,379.5592017333831,-379.5592017333831,1339024.5156999999,28618.734257269018,-28618.734257269018,718.4654169542769,732.9171672765137,704.29862801199,106.47708308647866,110.94652771290056,102.1876885768152
050_190℃_040_2.0mm.csv,2.0,40,1.43432,0.300044778,1.50663,0.3000064,0.07231,1.626125539,190,0.07230999999999987,1326119.139,242.01355275895492,80.0,19361.084220716395,104.37189109234268,726.0406582768649,0.07308549999999998,0.001463328492778622,-0.001463328492778622,239.5310641526334,4.744490021667278,-4.744490021667278,19162.485132210677,379.5592017333831,-379.5592017333831,1339024.5156999999,28618.734257269018,-28618.734257269018,718.4654169542769,732.9171672765137,704.29862801199,106.47708308647866,110.94652771290056,102.1876885768152
051_190℃_080_2.0mm.csv,2.0,80,1.47061,0.300009636,1.50783,0.300147752,0.03722,1.851118188,190,0.03722000000000003,1550970.436,470.17732401934404,80.0,37614.18592154753,62.83223905079733,1410.5319720580324,0.036682000000000034,0.0005829198534581077,-0.0005829198534581077,477.18277063285615,7.660281527930007,-7.660281527930007,38174.62165062849,612.8225222344006,-612.8225222344006,1531886.8479,25989.443236592535,-25989.443236592535,1431.3834269465601,1454.429274067453,1408.702747853422,61.14711131548665,63.197134850167004,59.16358757549963
052_190℃_080_2.0mm.csv,2.0,80,1.470705,0.300056827,1.507805,0.300084788,0.0371,1.848157597,190,0.03710000000000013,1548072.809,471.6981132075455,80.0,37735.849056603634,62.51265438247642,1415.0943396226362,0.036682000000000034,0.0005829198534581077,-0.0005829198534581077,477.18277063285615,7.660281527930007,-7.660281527930007,38174.62165062849,612.8225222344006,-612.8225222344006,1531886.8479,25989.443236592535,-25989.443236592535,1431.3834269465601,1454.429274067453,1408.702747853422,61.14711131548665,63.197134850167004,59.16358757549963
053_190℃_080_2.0mm.csv,2.0,80,1.47076,0.300094531,1.506325,0.300074114,0.035565,1.781165639,190,0.03556499999999985,1481091.525,492.05679741318926,80.0,39364.54379305514,57.33335519632628,1476.1703922395677,0.036682000000000034,0.0005829198534581077,-0.0005829198534581077,477.18277063285615,7.660281527930007,-7.660281527930007,38174.62165062849,612.8225222344006,-612.8225222344006,1531886.8479,25989.443236592535,-25989.443236592535,1431.3834269465601,1454.429274067453,1408.702747853422,61.14711131548665,63.197134850167004,59.16358757549963
054_190℃_080_2.0mm.csv,2.0,80,1.470875,0.300015518,1.50782,0.300150756,0.036945,1.847959422,190,0.036945000000000006,1547808.666,473.677087562593,80.0,37894.16700500744,62.24086113237552,1421.031262687779,0.036682000000000034,0.0005829198534581077,-0.0005829198534581077,477.18277063285615,7.660281527930007,-7.660281527930007,38174.62165062849,612.8225222344006,-612.8225222344006,1531886.8479,25989.443236592535,-25989.443236592535,1431.3834269465601,1454.429274067453,1408.702747853422,61.14711131548665,63.197134850167004,59.16358757549963
055_190℃_080_2.0mm.csv,2.0,80,1.470745,0.300008389,1.508145,0.300132724,0.0374,1.863955635,190,0.0374000000000001,1563822.9109999998,467.91443850267257,80.0,37433.15508021381,63.65929455390492,1403.7433155080178,0.036682000000000034,0.0005829198534581077,-0.0005829198534581077,477.18277063285615,7.660281527930007,-7.660281527930007,38174.62165062849,612.8225222344006,-612.8225222344006,1531886.8479,25989.443236592535,-25989.443236592535,1431.3834269465601,1454.429274067453,1408.702747853422,61.14711131548665,63.197134850167004,59.16358757549963
056_190℃_080_2.0mm.csv,2.0,80,1.47077,0.300111233,1.50759,0.300061018,0.03682,1.838437003,190,0.036820000000000075,1538375.9849999999,475.2851711026606,80.0,38022.81368821285,61.65224899885725,1425.855513307982,0.036682000000000034,0.0005829198534581077,-0.0005829198534581077,477.18277063285615,7.660281527930007,-7.660281527930007,38174.62165062849,612.8225222344006,-612.8225222344006,1531886.8479,25989.443236592535,-25989.443236592535,1431.3834269465601,1454.429274067453,1408.702747853422,61.14711131548665,63.197134850167004,59.16358757549963
057_190℃_080_2.0mm.csv,2.0,80,1.47073,0.300016777,1.507265,0.300063948,0.036535,1.824415675,190,0.036534999999999984,1524351.727,478.99274668126475,80.0,38319.41973450118,60.6173500364027,1436.9782400437941,0.036682000000000034,0.0005829198534581077,-0.0005829198534581077,477.18277063285615,7.660281527930007,-7.660281527930007,38174.62165062849,612.8225222344006,-612.8225222344006,1531886.8479,25989.443236592535,-25989.443236592535,1431.3834269465601,1454.429274067453,1408.702747853422,61.14711131548665,63.197134850167004,59.16358757549963
058_190℃_080_2.0mm.csv,2.0,80,1.47081,0.300006756,1.5078,0.300033184,0.03699,1.849081766,190,0.03699000000000008,1549048.5820000002,473.10083806434073,80.0,37848.06704514726,62.36659270550218,1419.3025141930223,0.036682000000000034,0.0005829198534581077,-0.0005829198534581077,477.18277063285615,7.660281527930007,-7.660281527930007,38174.62165062849,612.8225222344006,-612.8225222344006,1531886.8479,25989.443236592535,-25989.443236592535,1431.3834269465601,1454.429274067453,1408.702747853422,61.14711131548665,63.197134850167004,59.16358757549963
059_190℃_080_2.0mm.csv,2.0,80,1.47068,0.30004459,1.506805,0.300123267,0.036125,1.803767418,190,0.03612499999999996,1503644.151,484.42906574394516,80.0,38754.325259515615,59.122878862448914,1453.2871972318358,0.036682000000000034,0.0005829198534581077,-0.0005829198534581077,477.18277063285615,7.660281527930007,-7.660281527930007,38174.62165062849,612.8225222344006,-612.8225222344006,1531886.8479,25989.443236592535,-25989.443236592535,1431.3834269465601,1454.429274067453,1408.702747853422,61.14711131548665,63.197134850167004,59.16358757549963
060_190℃_080_2.0mm.csv,2.0,80,1.470845,0.300019287,1.506965,0.300074086,0.03612,1.811755773,190,0.03612000000000015,1511681.6870000002,484.4961240310057,80.0,38759.68992248046,59.430685751771684,1453.488372093017,0.036682000000000034,0.0005829198534581077,-0.0005829198534581077,477.18277063285615,7.660281527930007,-7.660281527930007,38174.62165062849,612.8225222344006,-612.8225222344006,1531886.8479,25989.443236592535,-25989.443236592535,1431.3834269465601,1454.429274067453,1408.702747853422,61.14711131548665,63.197134850167004,59.16358757549963
061_190℃_120_2.0mm.csv,2.0,120,1.47995,0.300176768,1.50436,0.300083252,0.02441,1.823116192,190,0.02440999999999982,1523032.94,716.919295370755,80.0,57353.5436296604,40.46501666982282,2150.757886112265,0.024599999999999976,0.0006891218244177399,-0.0006891218244177399,711.881877452307,19.828536657953308,-19.828536657953308,56950.550196184566,1586.2829326362667,-1586.2829326362667,1526054.3195,43692.37253790031,-43692.37253790031,2134.897281413187,2195.3762646945547,2076.08439404329,40.83151157794482,43.19414411554047,38.59811027347129
062_190℃_120_2.0mm.csv,2.0,120,1.48002,0.300150171,1.504315,0.300054302,0.024295,1.818607017,190,0.024295000000000178,1518552.715,720.3128215682186,80.0,57625.02572545749,40.155905535700974,2160.938464704656,0.024599999999999976,0.0006891218244177399,-0.0006891218244177399,711.881877452307,19.828536657953308,-19.828536657953308,56950.550196184566,1586.2829326362667,-1586.2829326362667,1526054.3195,43692.37253790031,-43692.37253790031,2134.897281413187,2195.3762646945547,2076.08439404329,40.83151157794482,43.19414411554047,38.59811027347129
063_190℃_120_2.0mm.csv,2.0,120,1.47973,0.300157077,1.50494,0.300129566,0.02521,1.865661424,190,0.025209999999999955,1565531.858,694.1689805632698,80.0,55533.51844506158,42.957342193393124,2082.506941689809,0.024599999999999976,0.0006891218244177399,-0.0006891218244177399,711.881877452307,19.828536657953308,-19.828536657953308,56950.550196184566,1586.2829326362667,-1586.2829326362667,1526054.3195,43692.37253790031,-43692.37253790031,2134.897281413187,2195.3762646945547,2076.08439404329,40.83151157794482,43.19414411554047,38.59811027347129
064_190℃_120_2.0mm.csv,2.0,120,1.47967,0.300058532,1.50467,0.300126863,0.025,1.844713112,190,0.02499999999999991,1544586.249,700.0000000000025,80.0,56000.000000000204,42.029557795918215,2100.0000000000077,0.024599999999999976,0.0006891218244177399,-0.0006891218244177399,711.881877452307,19.828536657953308,-19.828536657953308,56950.550196184566,1586.2829326362667,-1586.2829326362667,1526054.3195,43692.37253790031,-43692.37253790031,2134.897281413187,2195.3762646945547,2076.08439404329,40.83151157794482,43.19414411554047,38.59811027347129
065_190℃_120_2.0mm.csv,2.0,120,1.47967,0.300098454,1.505005,0.300133589,0.025335,1.870802254,190,0.025334999999999885,1570668.6649999998,690.7440299980295,80.0,55259.52239984236,43.31198979893858,2072.2320899940887,0.024599999999999976,0.0006891218244177399,-0.0006891218244177399,711.881877452307,19.828536657953308,-19.828536657953308,56950.550196184566,1586.2829326362667,-1586.2829326362667,1526054.3195,43692.37253790031,-43692.37253790031,2134.897281413187,2195.3762646945547,2076.08439404329,40.83151157794482,43.19414411554047,38.59811027347129
066_190℃_120_2.0mm.csv,2.0,120,1.47972,0.300152131,1.504095,0.300031196,0.024375,1.803322007,190,0.024375000000000036,1503290.811,717.9487179487169,80.0,57435.89743589735,39.88322559795924,2153.8461538461506,0.024599999999999976,0.0006891218244177399,-0.0006891218244177399,711.881877452307,19.828536657953308,-19.828536657953308,56950.550196184566,1586.2829326362667,-1586.2829326362667,1526054.3195,43692.37253790031,-43692.37253790031,2134.897281413187,2195.3762646945547,2076.08439404329,40.83151157794482,43.19414411554047,38.59811027347129
067_190℃_120_2.0mm.csv,2.0,120,1.47994,0.300151028,1.50384,0.300146271,0.0239,1.783962236,190,0.023900000000000032,1483815.965,732.2175732217563,80.0,58577.40585774051,38.59940306231297,2196.652719665269,0.024599999999999976,0.0006891218244177399,-0.0006891218244177399,711.881877452307,19.828536657953308,-19.828536657953308,56950.550196184566,1586.2829326362667,-1586.2829326362667,1526054.3195,43692.37253790031,-43692.37253790031,2134.897281413187,2195.3762646945547,2076.08439404329,40.83151157794482,43.19414411554047,38.59811027347129
068_190℃_120_2.0mm.csv,2.0,120,1.47967,0.300089381,1.505415,0.300013168,0.025745,1.900803575,190,0.025744999999999907,1600790.4070000001,679.7436395416611,80.0,54379.49116333289,44.8569785341114,2039.2309186249834,0.024599999999999976,0.0006891218244177399,-0.0006891218244177399,711.881877452307,19.828536657953308,-19.828536657953308,56950.550196184566,1586.2829326362667,-1586.2829326362667,1526054.3195,43692.37253790031,-43692.37253790031,2134.897281413187,2195.3762646945547,2076.08439404329,40.83151157794482,43.19414411554047,38.59811027347129
069_190℃_120_2.0mm.csv,2.0,120,1.479715,0.300162258,1.503845,0.300083297,0.02413,1.783895684,190,0.024130000000000207,1483812.3869999999,725.2382925818421,80.0,58019.063406547364,38.97076778047381,2175.7148777455263,0.024599999999999976,0.0006891218244177399,-0.0006891218244177399,711.881877452307,19.828536657953308,-19.828536657953308,56950.550196184566,1586.2829326362667,-1586.2829326362667,1526054.3195,43692.37253790031,-43692.37253790031,2134.897281413187,2195.3762646945547,2076.08439404329,40.83151157794482,43.19414411554047,38.59811027347129
070_190℃_120_2.0mm.csv,2.0,120,1.48001,0.300063958,1.50361,0.300087959,0.0236,1.766549157,190,0.023599999999999843,1466461.1979999999,741.5254237288185,80.0,59322.03389830548,37.66909852821743,2224.5762711864554,0.024599999999999976,0.0006891218244177399,-0.0006891218244177399,711.881877452307,19.828536657953308,-19.828536657953308,56950.550196184566,1586.2829326362667,-1586.2829326362667,1526054.3195,43692.37253790031,-43692.37253790031,2134.897281413187,2195.3762646945547,2076.08439404329,40.83151157794482,43.19414411554047,38.59811027347129
071_190℃_160_2.0mm.csv,2.0,160,1.48337,0.300186407,1.501925,0.300104359,0.018555,1.691268382,190,0.018554999999999877,1391164.023,943.1420102398338,80.0,75451.3608191867,28.095835044097775,2829.426030719501,0.018793499999999973,0.0005953246079987414,-0.0005953246079987414,931.9969114713198,28.90732233217499,-28.90732233217499,74559.75291770558,2312.5857865740054,-2312.5857865740054,1419020.7761,52172.54429382603,-52172.54429382603,2794.7632944702564,2883.7629873919345,2708.5103409216763,28.996412090248555,31.011030368131927,27.112672624110587
072_190℃_160_2.0mm.csv,2.0,160,1.483695,0.300164615,1.5019,0.300152688,0.018205,1.689526016,190,0.018205000000000027,1389373.328,961.2743751716547,80.0,76901.95001373238,27.53038523672385,2883.8231255149644,0.018793499999999973,0.0005953246079987414,-0.0005953246079987414,931.9969114713198,28.90732233217499,-28.90732233217499,74559.75291770558,2312.5857865740054,-2312.5857865740054,1419020.7761,52172.54429382603,-52172.54429382603,2794.7632944702564,2883.7629873919345,2708.5103409216763,28.996412090248555,31.011030368131927,27.112672624110587
073_190℃_160_2.0mm.csv,2.0,160,1.483435,0.300051214,1.501735,0.300056537,0.0183,1.672394873,190,0.018299999999999983,1372338.336,956.2841530054653,80.0,76502.73224043722,27.33473910073467,2868.8524590163956,0.018793499999999973,0.0005953246079987414,-0.0005953246079987414,931.9969114713198,28.90732233217499,-28.90732233217499,74559.75291770558,2312.5857865740054,-2312.5857865740054,1419020.7761,52172.54429382603,-52172.54429382603,2794.7632944702564,2883.7629873919345,2708.5103409216763,28.996412090248555,31.011030368131927,27.112672624110587
074_190℃_160_2.0mm.csv,2.0,160,1.483535,0.300079567,1.50209,0.300148541,0.018555,1.70859974,190,0.018554999999999877,1408451.199,943.1420102398338,80.0,75451.3608191867,28.444965439395734,2829.426030719501,0.018793499999999973,0.0005953246079987414,-0.0005953246079987414,931.9969114713198,28.90732233217499,-28.90732233217499,74559.75291770558,2312.5857865740054,-2312.5857865740054,1419020.7761,52172.54429382603,-52172.54429382603,2794.7632944702564,2883.7629873919345,2708.5103409216763,28.996412090248555,31.011030368131927,27.112672624110587
075_190℃_160_2.0mm.csv,2.0,160,1.483485,0.300008781,1.502205,0.300197511,0.01872,1.720178749,190,0.01872000000000007,1419981.2380000001,934.8290598290563,80.0,74786.3247863245,28.93284220447358,2804.4871794871688,0.018793499999999973,0.0005953246079987414,-0.0005953246079987414,931.9969114713198,28.90732233217499,-28.90732233217499,74559.75291770558,2312.5857865740054,-2312.5857865740054,1419020.7761,52172.54429382603,-52172.54429382603,2794.7632944702564,2883.7629873919345,2708.5103409216763,28.996412090248555,31.011030368131927,27.112672624110587
076_190℃_160_2.0mm.csv,2.0,160,1.48352,0.300189989,1.50292,0.300103895,0.0194,1.793145798,190,0.019400000000000084,1493041.903,902.0618556700992,80.0,72164.94845360794,31.52654467287088,2706.1855670102977,0.018793499999999973,0.0005953246079987414,-0.0005953246079987414,931.9969114713198,28.90732233217499,-28.90732233217499,74559.75291770558,2312.5857865740054,-2312.5857865740054,1419020.7761,52172.54429382603,-52172.54429382603,2794.7632944702564,2883.7629873919345,2708.5103409216763,28.996412090248555,31.011030368131927,27.112672624110587
077_190℃_160_2.0mm.csv,2.0,160,1.483165,0.300061152,1.50307,0.300209081,0.019905,1.805915621,190,0.01990499999999984,1505706.54,879.1760864104567,80.0,70334.08691283653,32.62159311967321,2637.5282592313697,0.018793499999999973,0.0005953246079987414,-0.0005953246079987414,931.9969114713198,28.90732233217499,-28.90732233217499,74559.75291770558,2312.5857865740054,-2312.5857865740054,1419020.7761,52172.54429382603,-52172.54429382603,2794.7632944702564,2883.7629873919345,2708.5103409216763,28.996412090248555,31.011030368131927,27.112672624110587
078_190℃_160_2.0mm.csv,2.0,160,1.483365,0.300030598,1.502005,0.300021831,0.01864,1.699861218,190,0.01863999999999999,1399839.3869999999,938.8412017167387,80.0,75107.2961373391,28.400550937338757,2816.5236051502166,0.018793499999999973,0.0005953246079987414,-0.0005953246079987414,931.9969114713198,28.90732233217499,-28.90732233217499,74559.75291770558,2312.5857865740054,-2312.5857865740054,1419020.7761,52172.54429382603,-52172.54429382603,2794.7632944702564,2883.7629873919345,2708.5103409216763,28.996412090248555,31.011030368131927,27.112672624110587
079_190℃_160_2.0mm.csv,2.0,160,1.483165,0.300007871,1.502645,0.300090572,0.01948,1.763577286,190,0.019479999999999942,1463486.7140000002,898.3572895277234,80.0,71868.58316221787,31.0299006135727,2695.07186858317,0.018793499999999973,0.0005953246079987414,-0.0005953246079987414,931.9969114713198,28.90732233217499,-28.90732233217499,74559.75291770558,2312.5857865740054,-2312.5857865740054,1419020.7761,52172.54429382603,-52172.54429382603,2794.7632944702564,2883.7629873919345,2708.5103409216763,28.996412090248555,31.011030368131927,27.112672624110587
080_190℃_160_2.0mm.csv,2.0,160,1.48331,0.30001182,1.501485,0.300063776,0.018175,1.646888869,190,0.018175000000000052,1346825.093,962.8610729023356,80.0,77028.88583218685,26.64331544519736,2888.583218707007,0.018793499999999973,0.0005953246079987414,-0.0005953246079987414,931.9969114713198,28.90732233217499,-28.90732233217499,74559.75291770558,2312.5857865740054,-2312.5857865740054,1419020.7761,52172.54429382603,-52172.54429382603,2794.7632944702564,2883.7629873919345,2708.5103409216763,28.996412090248555,31.011030368131927,27.112672624110587
081_190℃_200_2.0mm.csv,2.0,200,1.48541,0.300158617,1.500265,0.300006993,0.014855,1.531303909,190,0.014855000000000063,1231296.916,1178.0545270952491,80.0,94244.36216761993,19.90847965951573,3534.163581285747,0.015516500000000022,0.0004256044720943322,-0.0004256044720943322,1128.60381146462,31.282256624880713,-31.282256624880713,90288.30491716959,2502.5805299904514,-2502.5805299904514,1308614.6543999999,47145.3118878357,-47145.3118878357,3384.6489738548803,3479.287253283495,3292.5849009465105,22.08027529159861,23.526275882966285,20.723150547842224
082_190℃_200_2.0mm.csv,2.0,200,1.485255,0.300037161,1.501145,0.300137782,0.01589,1.636762698,190,0.01588999999999996,1336624.9160000002,1101.3215859030865,80.0,88105.72687224692,23.11724616624757,3303.964757709259,0.015516500000000022,0.0004256044720943322,-0.0004256044720943322,1128.60381146462,31.282256624880713,-31.282256624880713,90288.30491716959,2502.5805299904514,-2502.5805299904514,1308614.6543999999,47145.3118878357,-47145.3118878357,3384.6489738548803,3479.287253283495,3292.5849009465105,22.08027529159861,23.526275882966285,20.723150547842224
083_190℃_200_2.0mm.csv,2.0,200,1.48536,0.300165347,1.50108,0.300114357,0.01572,1.628928743,190,0.015719999999999956,1328814.386,1113.231552162853,80.0,89058.52417302824,22.736285331069325,3339.6946564885593,0.015516500000000022,0.0004256044720943322,-0.0004256044720943322,1128.60381146462,31.282256624880713,-31.282256624880713,90288.30491716959,2502.5805299904514,-2502.5805299904514,1308614.6543999999,47145.3118878357,-47145.3118878357,3384.6489738548803,3479.287253283495,3292.5849009465105,22.08027529159861,23.526275882966285,20.723150547842224
084_190℃_200_2.0mm.csv,2.0,200,1.485485,0.300159497,1.501465,0.300072235,0.01598,1.676218914,190,0.015980000000000105,1376146.6789999998,1095.118898623272,80.0,87609.51188986175,23.93559067256614,3285.356695869815,0.015516500000000022,0.0004256044720943322,-0.0004256044720943322,1128.60381146462,31.282256624880713,-31.282256624880713,90288.30491716959,2502.5805299904514,-2502.5805299904514,1308614.6543999999,47145.3118878357,-47145.3118878357,3384.6489738548803,3479.287253283495,3292.5849009465105,22.08027529159861,23.526275882966285,20.723150547842224
085_190℃_200_2.0mm.csv,2.0,200,1.485355,0.30019605,1.500465,0.30010323,0.01511,1.55511804,190,0.015109999999999957,1255014.81,1158.1733951025844,80.0,92653.87160820675,20.640297990857086,3474.5201853077533,0.015516500000000022,0.0004256044720943322,-0.0004256044720943322,1128.60381146462,31.282256624880713,-31.282256624880713,90288.30491716959,2502.5805299904514,-2502.5805299904514,1308614.6543999999,47145.3118878357,-47145.3118878357,3384.6489738548803,3479.287253283495,3292.5849009465105,22.08027529159861,23.526275882966285,20.723150547842224
086_190℃_200_2.0mm.csv,2.0,200,1.485285,0.300101087,1.501195,0.300071771,0.01591,1.642505536,190,0.01591000000000009,1342433.765,1099.937146448768,80.0,87994.97171590145,23.24693464070761,3299.8114393463047,0.015516500000000022,0.0004256044720943322,-0.0004256044720943322,1128.60381146462,31.282256624880713,-31.282256624880713,90288.30491716959,2502.5805299904514,-2502.5805299904514,1308614.6543999999,47145.3118878357,-47145.3118878357,3384.6489738548803,3479.287253283495,3292.5849009465105,22.08027529159861,23.526275882966285,20.723150547842224
087_190℃_200_2.0mm.csv,2.0,200,1.48533,0.300070213,1.500955,0.300134126,0.015625,1.613695233,190,0.015625,1313561.1069999998,1120.0,80.0,89600.0,22.339474608843535,3360.0,0.015516500000000022,0.0004256044720943322,-0.0004256044720943322,1128.60381146462,31.282256624880713,-31.282256624880713,90288.30491716959,2502.5805299904514,-2502.5805299904514,1308614.6543999999,47145.3118878357,-47145.3118878357,3384.6489738548803,3479.287253283495,3292.5849009465105,22.08027529159861,23.526275882966285,20.723150547842224
088_190℃_200_2.0mm.csv,2.0,200,1.48552,0.300160609,1.50073,0.300143853,0.01521,1.586867404,190,0.015209999999999946,1286723.551,1150.5588428665392,80.0,92044.70742932314,21.301839685126453,3451.676528599618,0.015516500000000022,0.0004256044720943322,-0.0004256044720943322,1128.60381146462,31.282256624880713,-31.282256624880713,90288.30491716959,2502.5805299904514,-2502.5805299904514,1308614.6543999999,47145.3118878357,-47145.3118878357,3384.6489738548803,3479.287253283495,3292.5849009465105,22.08027529159861,23.526275882966285,20.723150547842224
089_190℃_200_2.0mm.csv,2.0,200,1.48553,0.30015506,1.50054,0.300089097,0.01501,1.564546646,190,0.015009999999999968,1264457.5489999999,1165.8894070619613,80.0,93271.1525649569,20.65796768488703,3497.6682211858833,0.015516500000000022,0.0004256044720943322,-0.0004256044720943322,1128.60381146462,31.282256624880713,-31.282256624880713,90288.30491716959,2502.5805299904514,-2502.5805299904514,1308614.6543999999,47145.3118878357,-47145.3118878357,3384.6489738548803,3479.287253283495,3292.5849009465105,22.08027529159861,23.526275882966285,20.723150547842224
090_190℃_200_2.0mm.csv,2.0,200,1.48541,0.300070794,1.501265,0.300238403,0.015855,1.651311268,190,0.015855000000000175,1351072.865,1103.7527593818863,80.0,88300.22075055091,23.315657441714542,3311.2582781456595,0.015516500000000022,0.0004256044720943322,-0.0004256044720943322,1128.60381146462,31.282256624880713,-31.282256624880713,90288.30491716959,2502.5805299904514,-2502.5805299904514,1308614.6543999999,47145.3118878357,-47145.3118878357,3384.6489738548803,3479.287253283495,3292.5849009465105,22.08027529159861,23.526275882966285,20.723150547842224
091_190℃_240_2.0mm.csv,2.0,240,1.486625,0.30009742,1.49963,0.300159023,0.013005,1.451596406,190,0.013004999999999933,1151437.383,1345.6362937331864,80.0,107650.90349865492,16.298713649975422,4036.9088811995593,0.013083999999999985,0.000605932706201269,-0.000605932706201269,1340.2244306369944,65.15582958679731,-65.15582958679731,107217.95445095954,5212.466366943782,-5212.466366943782,1156967.8022,70711.07999769022,-70711.07999769022,4016.5358975755353,4211.7100445441665,3830.4062829327413,16.431352106293385,18.346479128218924,14.716138729077368
092_190℃_240_2.0mm.csv,2.0,240,1.48655,0.300205282,1.500225,0.300190173,0.013675,1.530265435,190,0.013674999999999882,1230075.2619999999,1279.7074954296272,80.0,102376.59963437018,18.308875328271945,3839.122486288882,0.013083999999999985,0.000605932706201269,-0.000605932706201269,1340.2244306369944,65.15582958679731,-65.15582958679731,107217.95445095954,5212.466366943782,-5212.466366943782,1156967.8022,70711.07999769022,-70711.07999769022,4016.5358975755353,4211.7100445441665,3830.4062829327413,16.431352106293385,18.346479128218924,14.716138729077368
093_190℃_240_2.0mm.csv,2.0,240,1.48659,0.30006756,1.499505,0.300140419,0.012915,1.435547036,190,0.01291500000000001,1135406.617,1355.0135501355003,80.0,108401.08401084002,15.960573016114303,4065.0406504065004,0.013083999999999985,0.000605932706201269,-0.000605932706201269,1340.2244306369944,65.15582958679731,-65.15582958679731,107217.95445095954,5212.466366943782,-5212.466366943782,1156967.8022,70711.07999769022,-70711.07999769022,4016.5358975755353,4211.7100445441665,3830.4062829327413,16.431352106293385,18.346479128218924,14.716138729077368
094_190℃_240_2.0mm.csv,2.0,240,1.486525,0.300169133,1.49996,0.300042499,0.013435,1.495126063,190,0.013434999999999864,1195083.564,1302.5679196129645,80.0,104205.43356903715,17.475861422954928,3907.7037588388935,0.013083999999999985,0.000605932706201269,-0.000605932706201269,1340.2244306369944,65.15582958679731,-65.15582958679731,107217.95445095954,5212.466366943782,-5212.466366943782,1156967.8022,70711.07999769022,-70711.07999769022,4016.5358975755353,4211.7100445441665,3830.4062829327413,16.431352106293385,18.346479128218924,14.716138729077368
095_190℃_240_2.0mm.csv,2.0,240,1.486745,0.300197159,1.49854,0.300100981,0.011795,1.312115893,190,0.011795,1012014.9120000001,1483.679525222552,80.0,118694.36201780416,12.992343822628573,4451.038575667656,0.013083999999999985,0.000605932706201269,-0.000605932706201269,1340.2244306369944,65.15582958679731,-65.15582958679731,107217.95445095954,5212.466366943782,-5212.466366943782,1156967.8022,70711.07999769022,-70711.07999769022,4016.5358975755353,4211.7100445441665,3830.4062829327413,16.431352106293385,18.346479128218924,14.716138729077368
096_190℃_240_2.0mm.csv,2.0,240,1.48656,0.300180071,1.50001,0.300079978,0.01345,1.501526663,190,0.013449999999999962,1201446.6849999998,1301.1152416356915,80.0,104089.21933085533,17.58852561986389,3903.3457249070752,0.013083999999999985,0.000605932706201269,-0.000605932706201269,1340.2244306369944,65.15582958679731,-65.15582958679731,107217.95445095954,5212.466366943782,-5212.466366943782,1156967.8022,70711.07999769022,-70711.07999769022,4016.5358975755353,4211.7100445441665,3830.4062829327413,16.431352106293385,18.346479128218924,14.716138729077368
097_190℃_240_2.0mm.csv,2.0,240,1.486465,0.300141125,1.500055,0.300073,0.01359,1.507847222,190,0.013589999999999991,1207774.222,1287.7115526122157,80.0,103016.92420897726,17.86519910419591,3863.1346578366474,0.013083999999999985,0.000605932706201269,-0.000605932706201269,1340.2244306369944,65.15582958679731,-65.15582958679731,107217.95445095954,5212.466366943782,-5212.466366943782,1156967.8022,70711.07999769022,-70711.07999769022,4016.5358975755353,4211.7100445441665,3830.4062829327413,16.431352106293385,18.346479128218924,14.716138729077368
098_190℃_240_2.0mm.csv,2.0,240,1.48651,0.300210342,1.499505,0.300070988,0.012995,1.435882205,190,0.01299500000000009,1135811.2170000002,1346.6717968449311,80.0,107733.74374759449,16.0651611046695,4040.0153905347934,0.013083999999999985,0.000605932706201269,-0.000605932706201269,1340.2244306369944,65.15582958679731,-65.15582958679731,107217.95445095954,5212.466366943782,-5212.466366943782,1156967.8022,70711.07999769022,-70711.07999769022,4016.5358975755353,4211.7100445441665,3830.4062829327413,16.431352106293385,18.346479128218924,14.716138729077368
099_190℃_240_2.0mm.csv,2.0,240,1.48661,0.300133782,1.5002,0.300105584,0.01359,1.526578644,190,0.013589999999999991,1226473.06,1287.7115526122157,80.0,103016.92420897726,18.1417892630204,3863.1346578366474,0.013083999999999985,0.000605932706201269,-0.000605932706201269,1340.2244306369944,65.15582958679731,-65.15582958679731,107217.95445095954,5212.466366943782,-5212.466366943782,1156967.8022,70711.07999769022,-70711.07999769022,4016.5358975755353,4211.7100445441665,3830.4062829327413,16.431352106293385,18.346479128218924,14.716138729077368
100_190℃_240_2.0mm.csv,2.0,240,1.48664,0.300072562,1.49903,0.300162466,0.01239,1.374317566,190,0.012390000000000123,1074155.1,1412.4293785310595,80.0,112994.35028248475,14.485748777143002,4237.288135593178,0.013083999999999985,0.000605932706201269,-0.000605932706201269,1340.2244306369944,65.15582958679731,-65.15582958679731,107217.95445095954,5212.466366943782,-5212.466366943782,1156967.8022,70711.07999769022,-70711.07999769022,4016.5358975755353,4211.7100445441665,3830.4062829327413,16.431352106293385,18.346479128218924,14.716138729077368
101_190℃_280_2.0mm.csv,2.0,280,1.48752,0.300171317,1.49894,0.300178161,0.01142,1.352229611,190,0.011419999999999986,1052051.45,1532.399299474608,80.0,122591.94395796863,13.076927955374133,4597.197898423824,0.011727999999999983,0.00032659182816201904,-0.00032659182816201904,1493.2107272551539,42.115900026200144,-42.115900026200144,119456.8581804123,3369.2720020960137,-3369.2720020960137,1077295.741,38319.59920534251,-38319.59920534251,4478.042364518312,4605.32306369225,4354.279415599492,13.739207951194537,14.628942193566246,12.903587465755773
102_190℃_280_2.0mm.csv,2.0,280,1.487285,0.300165615,1.498775,0.300233251,0.01149,1.33038885,190,0.01149,1030155.5989999999,1523.0635335073978,80.0,121845.08268059182,12.883252062595917,4569.190600522193,0.011727999999999983,0.00032659182816201904,-0.00032659182816201904,1493.2107272551539,42.115900026200144,-42.115900026200144,119456.8581804123,3369.2720020960137,-3369.2720020960137,1077295.741,38319.59920534251,-38319.59920534251,4478.042364518312,4605.32306369225,4354.279415599492,13.739207951194537,14.628942193566246,12.903587465755773
103_190℃_280_2.0mm.csv,2.0,280,1.48739,0.300111232,1.4989,0.3001727,0.01151,1.346706567,190,0.01150999999999991,1046533.867,1520.417028670733,80.0,121633.36229365865,13.110862377327788,4561.251086012199,0.011727999999999983,0.00032659182816201904,-0.00032659182816201904,1493.2107272551539,42.115900026200144,-42.115900026200144,119456.8581804123,3369.2720020960137,-3369.2720020960137,1077295.741,38319.59920534251,-38319.59920534251,4478.042364518312,4605.32306369225,4354.279415599492,13.739207951194537,14.628942193566246,12.903587465755773
104_190℃_280_2.0mm.csv,2.0,280,1.4873,0.300010861,1.49908,0.300180785,0.01178,1.371625951,190,0.011779999999999902,1071445.166,1485.5687606112178,80.0,118845.50084889743,13.737822101202607,4456.7062818336535,0.011727999999999983,0.00032659182816201904,-0.00032659182816201904,1493.2107272551539,42.115900026200144,-42.115900026200144,119456.8581804123,3369.2720020960137,-3369.2720020960137,1077295.741,38319.59920534251,-38319.59920534251,4478.042364518312,4605.32306369225,4354.279415599492,13.739207951194537,14.628942193566246,12.903587465755773
105_190℃_280_2.0mm.csv,2.0,280,1.48732,0.300093111,1.49935,0.300247091,0.01203,1.408639192,190,0.012029999999999985,1108392.1010000003,1454.696591853701,80.0,116375.72734829607,14.513150449012228,4364.089775561102,0.011727999999999983,0.00032659182816201904,-0.00032659182816201904,1493.2107272551539,42.115900026200144,-42.115900026200144,119456.8581804123,3369.2720020960137,-3369.2720020960137,1077295.741,38319.59920534251,-38319.59920534251,4478.042364518312,4605.32306369225,4354.279415599492,13.739207951194537,14.628942193566246,12.903587465755773
106_190℃_280_2.0mm.csv,2.0,280,1.487295,0.300082604,1.499355,0.300166989,0.01206,1.409386467,190,0.01205999999999996,1109219.478,1451.0779436152618,80.0,116086.23548922094,14.560203433665258,4353.233830845786,0.011727999999999983,0.00032659182816201904,-0.00032659182816201904,1493.2107272551539,42.115900026200144,-42.115900026200144,119456.8581804123,3369.2720020960137,-3369.2720020960137,1077295.741,38319.59920534251,-38319.59920534251,4478.042364518312,4605.32306369225,4354.279415599492,13.739207951194537,14.628942193566246,12.903587465755773
107_190℃_280_2.0mm.csv,2.0,280,1.487455,0.300016723,1.499585,0.300040285,0.01213,1.441418228,190,0.012129999999999974,1141377.9430000002,1442.7040395713138,80.0,115416.32316570511,15.06929463792106,4328.1121187139415,0.011727999999999983,0.00032659182816201904,-0.00032659182816201904,1493.2107272551539,42.115900026200144,-42.115900026200144,119456.8581804123,3369.2720020960137,-3369.2720020960137,1077295.741,38319.59920534251,-38319.59920534251,4478.042364518312,4605.32306369225,4354.279415599492,13.739207951194537,14.628942193566246,12.903587465755773
108_190℃_280_2.0mm.csv,2.0,280,1.487405,0.30006984,1.499265,0.300006745,0.01186,1.396618306,190,0.011859999999999982,1096611.561,1475.5480607082654,80.0,118043.84485666124,14.155987062269364,4426.644182124796,0.011727999999999983,0.00032659182816201904,-0.00032659182816201904,1493.2107272551539,42.115900026200144,-42.115900026200144,119456.8581804123,3369.2720020960137,-3369.2720020960137,1077295.741,38319.59920534251,-38319.59920534251,4478.042364518312,4605.32306369225,4354.279415599492,13.739207951194537,14.628942193566246,12.903587465755773
109_190℃_280_2.0mm.csv,2.0,280,1.48736,0.300135392,1.49923,0.300139164,0.01187,1.391962993,190,0.011870000000000047,1091823.829,1474.3049705138947,80.0,117944.39764111157,14.106066775760599,4422.914911541684,0.011727999999999983,0.00032659182816201904,-0.00032659182816201904,1493.2107272551539,42.115900026200144,-42.115900026200144,119456.8581804123,3369.2720020960137,-3369.2720020960137,1077295.741,38319.59920534251,-38319.59920534251,4478.042364518312,4605.32306369225,4354.279415599492,13.739207951194537,14.628942193566246,12.903587465755773
110_190℃_280_2.0mm.csv,2.0,280,1.487615,0.300101644,1.498745,0.300029223,0.01113,1.325375639,190,0.011130000000000084,1025346.4160000001,1572.3270440251454,80.0,125786.16352201163,12.421339439542951,4716.981132075436,0.011727999999999983,0.00032659182816201904,-0.00032659182816201904,1493.2107272551539,42.115900026200144,-42.115900026200144,119456.8581804123,3369.2720020960137,-3369.2720020960137,1077295.741,38319.59920534251,-38319.59920534251,4478.042364518312,4605.32306369225,4354.279415599492,13.739207951194537,14.628942193566246,12.903587465755773
111_190℃_320_2.0mm.csv,2.0,320,1.48774,0.300202296,1.498745,0.300098928,0.011005,1.318776293,190,0.011004999999999932,1018677.3650000001,1590.186278964117,80.0,127214.90231712937,12.201953090421695,4770.558836892351,0.010758500000000004,0.0004994332899507686,-0.0004994332899507686,1629.972443067336,80.3620763408116,-80.3620763408116,130397.79544538687,6428.966107264926,-6428.966107264926,1000033.2520999999,58741.07234615055,-58741.07234615055,4884.786383575602,5124.038490276327,4656.705459657628,11.679433966337855,13.019732050544617,10.47711099156917
112_190℃_320_2.0mm.csv,2.0,320,1.4878,0.300143484,1.498555,0.300072103,0.010755,1.292556409,190,0.01075500000000007,992484.306,1627.1501627150058,80.0,130172.01301720046,11.618142814726605,4881.4504881450175,0.010758500000000004,0.0004994332899507686,-0.0004994332899507686,1629.972443067336,80.3620763408116,-80.3620763408116,130397.79544538687,6428.966107264926,-6428.966107264926,1000033.2520999999,58741.07234615055,-58741.07234615055,4884.786383575602,5124.038490276327,4656.705459657628,11.679433966337855,13.019732050544617,10.47711099156917
113_190℃_320_2.0mm.csv,2.0,320,1.48791,0.300198185,1.49839,0.300256121,0.01048,1.268640409,190,0.010480000000000045,968384.2880000001,1669.8473282442676,80.0,133587.7862595414,11.046168531417734,5009.541984732803,0.010758500000000004,0.0004994332899507686,-0.0004994332899507686,1629.972443067336,80.3620763408116,-80.3620763408116,130397.79544538687,6428.966107264926,-6428.966107264926,1000033.2520999999,58741.07234615055,-58741.07234615055,4884.786383575602,5124.038490276327,4656.705459657628,11.679433966337855,13.019732050544617,10.47711099156917
114_190℃_320_2.0mm.csv,2.0,320,1.487855,0.300052576,1.49897,0.300203105,0.011115,1.349758022,190,0.011114999999999986,1049554.9170000001,1574.4489428699974,80.0,125955.91542959979,12.697472546889784,4723.3468286099915,0.010758500000000004,0.0004994332899507686,-0.0004994332899507686,1629.972443067336,80.3620763408116,-80.3620763408116,130397.79544538687,6428.966107264926,-6428.966107264926,1000033.2520999999,58741.07234615055,-58741.07234615055,4884.786383575602,5124.038490276327,4656.705459657628,11.679433966337855,13.019732050544617,10.47711099156917
115_190℃_320_2.0mm.csv,2.0,320,1.487935,0.300098813,1.498645,0.300179601,0.01071,1.304195492,190,0.010709999999999997,1004015.8910000001,1633.9869281045756,80.0,130718.95424836605,11.70395667222857,4901.960784313726,0.010758500000000004,0.0004994332899507686,-0.0004994332899507686,1629.972443067336,80.3620763408116,-80.3620763408116,130397.79544538687,6428.966107264926,-6428.966107264926,1000033.2520999999,58741.07234615055,-58741.07234615055,4884.786383575602,5124.038490276327,4656.705459657628,11.679433966337855,13.019732050544617,10.47711099156917
116_190℃_320_2.0mm.csv,2.0,320,1.4878,0.300201567,1.49849,0.300137206,0.01069,1.282797513,190,0.010690000000000088,982660.3069999999,1637.0439663236534,80.0,130963.51730589228,11.433620333964718,4911.13189897096,0.010758500000000004,0.0004994332899507686,-0.0004994332899507686,1629.972443067336,80.3620763408116,-80.3620763408116,130397.79544538687,6428.966107264926,-6428.966107264926,1000033.2520999999,58741.07234615055,-58741.07234615055,4884.786383575602,5124.038490276327,4656.705459657628,11.679433966337855,13.019732050544617,10.47711099156917
117_190℃_320_2.0mm.csv,2.0,320,1.487745,0.300014542,1.499085,0.300099821,0.01134,1.367516371,190,0.011339999999999906,1067416.5499999998,1543.2098765432227,80.0,123456.79012345782,13.174969988571316,4629.629629629669,0.010758500000000004,0.0004994332899507686,-0.0004994332899507686,1629.972443067336,80.3620763408116,-80.3620763408116,130397.79544538687,6428.966107264926,-6428.966107264926,1000033.2520999999,58741.07234615055,-58741.07234615055,4884.786383575602,5124.038490276327,4656.705459657628,11.679433966337855,13.019732050544617,10.47711099156917
118_190℃_320_2.0mm.csv,2.0,320,1.48777,0.300060876,1.499015,0.300278945,0.011245,1.357072023,190,0.01124499999999995,1056793.078,1556.2472209871123,80.0,124499.77767896898,12.934572149235315,4668.741662961337,0.010758500000000004,0.0004994332899507686,-0.0004994332899507686,1629.972443067336,80.3620763408116,-80.3620763408116,130397.79544538687,6428.966107264926,-6428.966107264926,1000033.2520999999,58741.07234615055,-58741.07234615055,4884.786383575602,5124.038490276327,4656.705459657628,11.679433966337855,13.019732050544617,10.47711099156917
119_190℃_320_2.0mm.csv,2.0,320,1.487945,0.300245631,1.49861,0.300213603,0.010665,1.298779415,190,0.010664999999999925,998565.812,1640.8813877168423,80.0,131270.5110173474,11.591514976848899,4922.644163150528,0.010758500000000004,0.0004994332899507686,-0.0004994332899507686,1629.972443067336,80.3620763408116,-80.3620763408116,130397.79544538687,6428.966107264926,-6428.966107264926,1000033.2520999999,58741.07234615055,-58741.07234615055,4884.786383575602,5124.038490276327,4656.705459657628,11.679433966337855,13.019732050544617,10.47711099156917
120_190℃_320_2.0mm.csv,2.0,320,1.488025,0.300114579,1.497605,0.300127398,0.00958,1.161907405,190,0.009580000000000144,861780.007,1826.7223382045654,80.0,146137.78705636522,8.98596186890898,5480.167014613696,0.010758500000000004,0.0004994332899507686,-0.0004994332899507686,1629.972443067336,80.3620763408116,-80.3620763408116,130397.79544538687,6428.966107264926,-6428.966107264926,1000033.2520999999,58741.07234615055,-58741.07234615055,4884.786383575602,5124.038490276327,4656.705459657628,11.679433966337855,13.019732050544617,10.47711099156917
001_210℃_003_2.0mm.csv,2.0,3,0.54296,0.300006655,1.65014,0.300019093,1.10718,1.720757774,210,1.10718,1420738.681,15.805921349735362,80.0,1264.473707978829,1712.1234860730124,47.417764049206085,1.113298,0.04403357855091946,-0.04403357855091946,15.742002753252265,0.6452789919433438,-0.6452789919433438,1259.3602202601812,51.622319355467546,-51.622319355467546,1416756.7077,63768.038496864305,-63768.038496864305,47.19117437243526,49.12950597761107,45.32931675853744,1713.9393108261538,1866.4635693253472,1573.8790777775816
002_210℃_003_2.0mm.csv,2.0,3,0.54388,0.300007496,1.71484,0.300022449,1.17096,1.809958743,210,1.17096,1509936.2939999998,14.945002391200383,80.0,1195.6001912960305,1924.4353772214856,44.83500717360114,1.113298,0.04403357855091946,-0.04403357855091946,15.742002753252265,0.6452789919433438,-0.6452789919433438,1259.3602202601812,51.622319355467546,-51.622319355467546,1416756.7077,63768.038496864305,-63768.038496864305,47.19117437243526,49.12950597761107,45.32931675853744,1713.9393108261538,1866.4635693253472,1573.8790777775816
003_210℃_003_2.0mm.csv,2.0,3,0.5436,0.300003406,1.68366,0.300000713,1.14006,1.769223607,210,1.14006,1469222.894,15.350069294598528,80.0,1228.0055435678823,1823.1317034379758,46.050207883795586,1.113298,0.04403357855091946,-0.04403357855091946,15.742002753252265,0.6452789919433438,-0.6452789919433438,1259.3602202601812,51.622319355467546,-51.622319355467546,1416756.7077,63768.038496864305,-63768.038496864305,47.19117437243526,49.12950597761107,45.32931675853744,1713.9393108261538,1866.4635693253472,1573.8790777775816
004_210℃_003_2.0mm.csv,2.0,3,0.54458,0.30000829,1.56122,0.300006384,1.01664,1.595250168,210,1.0166400000000002,1295243.784,17.213566257475602,80.0,1377.0853005980482,1433.2480441532084,51.64069877242681,1.113298,0.04403357855091946,-0.04403357855091946,15.742002753252265,0.6452789919433438,-0.6452789919433438,1259.3602202601812,51.622319355467546,-51.622319355467546,1416756.7077,63768.038496864305,-63768.038496864305,47.19117437243526,49.12950597761107,45.32931675853744,1713.9393108261538,1866.4635693253472,1573.8790777775816
005_210℃_003_2.0mm.csv,2.0,3,0.5313,0.300004917,1.69174,0.300002885,1.16044,1.782904027,210,1.16044,1482901.142,15.080486711936853,80.0,1206.4389369549483,1872.9989673169846,45.24146013581056,1.113298,0.04403357855091946,-0.04403357855091946,15.742002753252265,0.6452789919433438,-0.6452789919433438,1259.3602202601812,51.622319355467546,-51.622319355467546,1416756.7077,63768.038496864305,-63768.038496864305,47.19117437243526,49.12950597761107,45.32931675853744,1713.9393108261538,1866.4635693253472,1573.8790777775816
006_210℃_003_2.0mm.csv,2.0,3,0.53314,0.300002059,1.66092,0.300000713,1.12778,1.732072835,210,1.12778,1432072.1220000002,15.51721080352551,80.0,1241.3768642820407,1757.8909363256168,46.55163241057653,1.113298,0.04403357855091946,-0.04403357855091946,15.742002753252265,0.6452789919433438,-0.6452789919433438,1259.3602202601812,51.622319355467546,-51.622319355467546,1416756.7077,63768.038496864305,-63768.038496864305,47.19117437243526,49.12950597761107,45.32931675853744,1713.9393108261538,1866.4635693253472,1573.8790777775816
007_210℃_003_2.0mm.csv,2.0,3,0.53174,0.300000361,1.6621,0.300025061,1.13036,1.730128176,210,1.13036,1430103.115,15.481793410948724,80.0,1238.5434728758978,1759.489912458667,46.44538023284617,1.113298,0.04403357855091946,-0.04403357855091946,15.742002753252265,0.6452789919433438,-0.6452789919433438,1259.3602202601812,51.622319355467546,-51.622319355467546,1416756.7077,63768.038496864305,-63768.038496864305,47.19117437243526,49.12950597761107,45.32931675853744,1713.9393108261538,1866.4635693253472,1573.8790777775816
008_210℃_003_2.0mm.csv,2.0,3,0.52792,0.300005355,1.62148,0.300005032,1.09356,1.667666016,210,1.09356,1367660.984,16.002779911481763,80.0,1280.2223929185411,1627.8850020822206,48.00833973444529,1.113298,0.04403357855091946,-0.04403357855091946,15.742002753252265,0.6452789919433438,-0.6452789919433438,1259.3602202601812,51.622319355467546,-51.622319355467546,1416756.7077,63768.038496864305,-63768.038496864305,47.19117437243526,49.12950597761107,45.32931675853744,1713.9393108261538,1866.4635693253472,1573.8790777775816
009_210℃_003_2.0mm.csv,2.0,3,0.53652,0.300008455,1.63632,0.300015855,1.0998,1.694986445,210,1.0998,1394970.59,15.911983997090378,80.0,1272.9587197672301,1669.8652025926535,47.735951991271136,1.113298,0.04403357855091946,-0.04403357855091946,15.742002753252265,0.6452789919433438,-0.6452789919433438,1259.3602202601812,51.622319355467546,-51.622319355467546,1416756.7077,63768.038496864305,-63768.038496864305,47.19117437243526,49.12950597761107,45.32931675853744,1713.9393108261538,1866.4635693253472,1573.8790777775816
010_210℃_003_2.0mm.csv,2.0,3,0.53102,0.300008071,1.61722,0.300002708,1.0862,1.664720179,210,1.0862,1364717.471,16.11121340452955,80.0,1288.897072362364,1613.4488348301497,48.33364021358865,1.113298,0.04403357855091946,-0.04403357855091946,15.742002753252265,0.6452789919433438,-0.6452789919433438,1259.3602202601812,51.622319355467546,-51.622319355467546,1416756.7077,63768.038496864305,-63768.038496864305,47.19117437243526,49.12950597761107,45.32931675853744,1713.9393108261538,1866.4635693253472,1573.8790777775816
011_210℃_005_2.0mm.csv,2.0,5,0.86816,0.300002683,1.51412,0.300000564,0.64596,1.532897673,210,0.6459599999999999,1232897.109,27.091460771564808,80.0,2167.3168617251845,866.832344522057,81.2743823146944,0.629232,0.025511430466448624,-0.025511430466448624,27.85393600088464,1.1585066109344857,-1.1585066109344857,2228.314880070772,92.68052887475889,-92.68052887475889,1187442.717,51295.69942399712,-51295.69942399712,83.49786282912008,86.99883426672875,80.13777604945261,811.9479264683328,883.6815808650847,746.0373165759996
012_210℃_005_2.0mm.csv,2.0,5,0.86074,0.30000382,1.4813,0.300014394,0.62056,1.463048419,210,0.6205600000000001,1163034.025,28.200335181126718,80.0,2256.0268144901374,785.5590689023131,84.60100554338015,0.629232,0.025511430466448624,-0.025511430466448624,27.85393600088464,1.1585066109344857,-1.1585066109344857,2228.314880070772,92.68052887475889,-92.68052887475889,1187442.717,51295.69942399712,-51295.69942399712,83.49786282912008,86.99883426672875,80.13777604945261,811.9479264683328,883.6815808650847,746.0373165759996
013_210℃_005_2.0mm.csv,2.0,5,0.86842,0.300001895,1.46666,0.300003291,0.59824,1.429155642,210,0.5982400000000001,1129152.351,29.252473923508955,80.0,2340.1979138807164,735.2425605031185,87.75742177052686,0.629232,0.025511430466448624,-0.025511430466448624,27.85393600088464,1.1585066109344857,-1.1585066109344857,2228.314880070772,92.68052887475889,-92.68052887475889,1187442.717,51295.69942399712,-51295.69942399712,83.49786282912008,86.99883426672875,80.13777604945261,811.9479264683328,883.6815808650847,746.0373165759996
014_210℃_005_2.0mm.csv,2.0,5,0.86724,0.300023648,1.51176,0.300023587,0.64452,1.525132344,210,0.64452,1225108.7570000002,27.15198907714268,80.0,2172.1591261714143,859.4362950330777,81.45596723142803,0.629232,0.025511430466448624,-0.025511430466448624,27.85393600088464,1.1585066109344857,-1.1585066109344857,2228.314880070772,92.68052887475889,-92.68052887475889,1187442.717,51295.69942399712,-51295.69942399712,83.49786282912008,86.99883426672875,80.13777604945261,811.9479264683328,883.6815808650847,746.0373165759996
015_210℃_005_2.0mm.csv,2.0,5,0.86204,0.30002892,1.51276,0.300016766,0.65072,1.527698549,210,0.6507200000000001,1227681.783,26.893287435456106,80.0,2151.4629948364886,869.5260841728001,80.67986230636832,0.629232,0.025511430466448624,-0.025511430466448624,27.85393600088464,1.1585066109344857,-1.1585066109344857,2228.314880070772,92.68052887475889,-92.68052887475889,1187442.717,51295.69942399712,-51295.69942399712,83.49786282912008,86.99883426672875,80.13777604945261,811.9479264683328,883.6815808650847,746.0373165759996
016_210℃_005_2.0mm.csv,2.0,5,0.86566,0.300024735,1.47258,0.300003856,0.60692,1.436894555,210,0.60692,1136890.699,28.834113227443485,80.0,2306.729058195479,751.0222618090667,86.50233968233047,0.629232,0.025511430466448624,-0.025511430466448624,27.85393600088464,1.1585066109344857,-1.1585066109344857,2228.314880070772,92.68052887475889,-92.68052887475889,1187442.717,51295.69942399712,-51295.69942399712,83.49786282912008,86.99883426672875,80.13777604945261,811.9479264683328,883.6815808650847,746.0373165759996
017_210℃_005_2.0mm.csv,2.0,5,0.86318,0.300015113,1.5136,0.300027298,0.65042,1.530635751,210,0.6504200000000001,1230608.453,26.905691706897077,80.0,2152.4553365517663,871.1971156465415,80.71707512069125,0.629232,0.025511430466448624,-0.025511430466448624,27.85393600088464,1.1585066109344857,-1.1585066109344857,2228.314880070772,92.68052887475889,-92.68052887475889,1187442.717,51295.69942399712,-51295.69942399712,83.49786282912008,86.99883426672875,80.13777604945261,811.9479264683328,883.6815808650847,746.0373165759996
018_210℃_005_2.0mm.csv,2.0,5,0.86912,0.300014471,1.45256,0.300033052,0.58344,1.397971784,210,0.5834400000000001,1097938.732,29.994515288632932,80.0,2399.5612230906345,697.2314272632165,89.98354586589879,0.629232,0.025511430466448624,-0.025511430466448624,27.85393600088464,1.1585066109344857,-1.1585066109344857,2228.314880070772,92.68052887475889,-92.68052887475889,1187442.717,51295.69942399712,-51295.69942399712,83.49786282912008,86.99883426672875,80.13777604945261,811.9479264683328,883.6815808650847,746.0373165759996
019_210℃_005_2.0mm.csv,2.0,5,0.86494,0.300017399,1.4994,0.300014504,0.63446,1.498645441,210,0.63446,1198630.9370000002,27.58251111181162,80.0,2206.6008889449295,827.7370169132191,82.74753333543485,0.629232,0.025511430466448624,-0.025511430466448624,27.85393600088464,1.1585066109344857,-1.1585066109344857,2228.314880070772,92.68052887475889,-92.68052887475889,1187442.717,51295.69942399712,-51295.69942399712,83.49786282912008,86.99883426672875,80.13777604945261,811.9479264683328,883.6815808650847,746.0373165759996
020_210℃_005_2.0mm.csv,2.0,5,0.85852,0.300020172,1.5156,0.300002456,0.65708,1.53248678,210,0.6570800000000001,1232484.324,26.632982285262063,80.0,2130.638582820965,881.459373729437,79.89894685578619,0.629232,0.025511430466448624,-0.025511430466448624,27.85393600088464,1.1585066109344857,-1.1585066109344857,2228.314880070772,92.68052887475889,-92.68052887475889,1187442.717,51295.69942399712,-51295.69942399712,83.49786282912008,86.99883426672875,80.13777604945261,811.9479264683328,883.6815808650847,746.0373165759996
021_210℃_010_2.0mm.csv,2.0,10,1.15142,0.300018876,1.47714,0.300022383,0.32572,1.411217366,210,0.3257199999999998,1111194.983,53.72712759425277,80.0,4298.170207540222,393.9465903268133,161.18138278275833,0.31208,0.013115968215203224,-0.013115968215203224,56.16677130100204,2.418340338175132,-2.418340338175132,4493.341704080163,193.46722705401072,-193.46722705401072,1057193.7197,50838.28407764809,-50838.28407764809,168.3620433539255,175.67915839023522,161.34968941133442,358.4378560452863,392.6226939038613,327.2294206146953
022_210℃_010_2.0mm.csv,2.0,10,1.15206,0.300032279,1.46236,0.30002278,0.3103,1.352441422,210,0.3103,1052418.6420000002,56.397035127296164,80.0,4511.762810183693,355.44544719738786,169.19110538188846,0.31208,0.013115968215203224,-0.013115968215203224,56.16677130100204,2.418340338175132,-2.418340338175132,4493.341704080163,193.46722705401072,-193.46722705401072,1057193.7197,50838.28407764809,-50838.28407764809,168.3620433539255,175.67915839023522,161.34968941133442,358.4378560452863,392.6226939038613,327.2294206146953
023_210℃_010_2.0mm.csv,2.0,10,1.1513,0.300000756,1.471,0.300040784,0.3197,1.388028483,210,0.3197000000000001,1087987.6990000003,54.73881764153893,80.0,4379.105411323115,378.5901141445443,164.21645292461682,0.31208,0.013115968215203224,-0.013115968215203224,56.16677130100204,2.418340338175132,-2.418340338175132,4493.341704080163,193.46722705401072,-193.46722705401072,1057193.7197,50838.28407764809,-50838.28407764809,168.3620433539255,175.67915839023522,161.34968941133442,358.4378560452863,392.6226939038613,327.2294206146953
024_210℃_010_2.0mm.csv,2.0,10,1.15312,0.300009715,1.44236,0.300032851,0.28924,1.274408975,210,0.28924000000000016,974376.1240000001,60.503388189738594,80.0,4840.271055179088,306.75216338041923,181.5101645692158,0.31208,0.013115968215203224,-0.013115968215203224,56.16677130100204,2.418340338175132,-2.418340338175132,4493.341704080163,193.46722705401072,-193.46722705401072,1057193.7197,50838.28407764809,-50838.28407764809,168.3620433539255,175.67915839023522,161.34968941133442,358.4378560452863,392.6226939038613,327.2294206146953
025_210℃_010_2.0mm.csv,2.0,10,1.15134,0.300017978,1.46786,0.300026154,0.31652,1.372821941,210,0.3165199999999999,1072795.787,55.288765322886405,80.0,4423.101225830913,369.5905551033904,165.86629596865924,0.31208,0.013115968215203224,-0.013115968215203224,56.16677130100204,2.418340338175132,-2.418340338175132,4493.341704080163,193.46722705401072,-193.46722705401072,1057193.7197,50838.28407764809,-50838.28407764809,168.3620433539255,175.67915839023522,161.34968941133442,358.4378560452863,392.6226939038613,327.2294206146953
026_210℃_010_2.0mm.csv,2.0,10,1.15276,0.300013681,1.48234,0.300050917,0.32958,1.430204872,210,0.32958,1130153.9549999998,53.09788215304327,80.0,4247.830572243462,405.41620733485706,159.2936464591298,0.31208,0.013115968215203224,-0.013115968215203224,56.16677130100204,2.418340338175132,-2.418340338175132,4493.341704080163,193.46722705401072,-193.46722705401072,1057193.7197,50838.28407764809,-50838.28407764809,168.3620433539255,175.67915839023522,161.34968941133442,358.4378560452863,392.6226939038613,327.2294206146953
027_210℃_010_2.0mm.csv,2.0,10,1.14954,0.30003638,1.46676,0.300020172,0.31722,1.372234988,210,0.31722000000000006,1072214.816,55.16676123825735,80.0,4413.340899060588,370.2073294492736,165.50028371477202,0.31208,0.013115968215203224,-0.013115968215203224,56.16677130100204,2.418340338175132,-2.418340338175132,4493.341704080163,193.46722705401072,-193.46722705401072,1057193.7197,50838.28407764809,-50838.28407764809,168.3620433539255,175.67915839023522,161.34968941133442,358.4378560452863,392.6226939038613,327.2294206146953
028_210℃_010_2.0mm.csv,2.0,10,1.15186,0.300049624,1.45594,0.300027004,0.30408,1.325911401,210,0.3040799999999999,1025884.397,57.55064456721917,80.0,4604.051565377534,339.5384244242285,172.65193370165753,0.31208,0.013115968215203224,-0.013115968215203224,56.16677130100204,2.418340338175132,-2.418340338175132,4493.341704080163,193.46722705401072,-193.46722705401072,1057193.7197,50838.28407764809,-50838.28407764809,168.3620433539255,175.67915839023522,161.34968941133442,358.4378560452863,392.6226939038613,327.2294206146953
029_210℃_010_2.0mm.csv,2.0,10,1.15262,0.300034743,1.4459,0.300038184,0.29328,1.281696587,210,0.29328,981658.4030000002,59.66993998908893,80.0,4773.595199127114,313.3613893135674,179.00981996726676,0.31208,0.013115968215203224,-0.013115968215203224,56.16677130100204,2.418340338175132,-2.418340338175132,4493.341704080163,193.46722705401072,-193.46722705401072,1057193.7197,50838.28407764809,-50838.28407764809,168.3620433539255,175.67915839023522,161.34968941133442,358.4378560452863,392.6226939038613,327.2294206146953
030_210℃_010_2.0mm.csv,2.0,10,1.15062,0.300026591,1.46578,0.300022759,0.31516,1.36327515,210,0.3151600000000001,1063252.391,55.5273511866988,80.0,4442.188094935904,364.728841956528,166.5820535600964,0.31208,0.013115968215203224,-0.013115968215203224,56.16677130100204,2.418340338175132,-2.418340338175132,4493.341704080163,193.46722705401072,-193.46722705401072,1057193.7197,50838.28407764809,-50838.28407764809,168.3620433539255,175.67915839023522,161.34968941133442,358.4378560452863,392.6226939038613,327.2294206146953
031_210℃_020_2.0mm.csv,2.0,20,1.32667,0.300003057,1.475085,0.300020319,0.148415,1.306694307,210,0.14841499999999996,1006673.9880000001,117.91260991139713,80.0,9433.00879291177,162.61825298396732,353.7378297341914,0.15217549999999996,0.003695769691297221,-0.003695769691297221,115.05915536973336,2.7620305655249933,-2.7620305655249933,9204.73242957867,220.96244524199957,-220.96244524199957,1031253.3896,27209.094539401158,-27209.094539401158,345.0872733943473,353.5210014366011,336.854743494217,170.71168000000657,179.52525853614594,162.33079359446816
032_210℃_020_2.0mm.csv,2.0,20,1.32583,0.300005321,1.479105,0.300014806,0.153275,1.337634164,210,0.15327499999999983,1037619.3579999999,114.17387049420988,80.0,9133.90963953679,173.1059669087889,342.5216114826297,0.15217549999999996,0.003695769691297221,-0.003695769691297221,115.05915536973336,2.7620305655249933,-2.7620305655249933,9204.73242957867,220.96244524199957,-220.96244524199957,1031253.3896,27209.094539401158,-27209.094539401158,345.0872733943473,353.5210014366011,336.854743494217,170.71168000000657,179.52525853614594,162.33079359446816
033_210℃_020_2.0mm.csv,2.0,20,1.32653,0.300020261,1.481605,0.300002924,0.155075,1.358126736,210,0.15507500000000007,1058123.8120000002,112.84862163469283,80.0,9027.889730775427,178.599782471728,338.5458649040785,0.15217549999999996,0.003695769691297221,-0.003695769691297221,115.05915536973336,2.7620305655249933,-2.7620305655249933,9204.73242957867,220.96244524199957,-220.96244524199957,1031253.3896,27209.094539401158,-27209.094539401158,345.0872733943473,353.5210014366011,336.854743494217,170.71168000000657,179.52525853614594,162.33079359446816
034_210℃_020_2.0mm.csv,2.0,20,1.325845,0.300002412,1.476235,0.300005704,0.15039,1.316226844,210,0.15039000000000002,1016221.1400000001,116.36411995478421,80.0,9309.129596382738,166.34503101453066,349.0923598643527,0.15217549999999996,0.003695769691297221,-0.003695769691297221,115.05915536973336,2.7620305655249933,-2.7620305655249933,9204.73242957867,220.96244524199957,-220.96244524199957,1031253.3896,27209.094539401158,-27209.094539401158,345.0872733943473,353.5210014366011,336.854743494217,170.71168000000657,179.52525853614594,162.33079359446816
035_210℃_020_2.0mm.csv,2.0,20,1.32617,0.300002167,1.47662,0.300003033,0.15045,1.318928716,210,0.15044999999999997,1018925.683,116.31771352608843,80.0,9305.417082087075,166.8542791916734,348.95314057826533,0.15217549999999996,0.003695769691297221,-0.003695769691297221,115.05915536973336,2.7620305655249933,-2.7620305655249933,9204.73242957867,220.96244524199957,-220.96244524199957,1031253.3896,27209.094539401158,-27209.094539401158,345.0872733943473,353.5210014366011,336.854743494217,170.71168000000657,179.52525853614594,162.33079359446816
036_210℃_020_2.0mm.csv,2.0,20,1.32583,0.300003053,1.47683,0.300016893,0.151,1.322511253,210,0.15100000000000002,1022494.3600000001,115.89403973509933,80.0,9271.523178807945,168.05077372517013,347.6821192052979,0.15217549999999996,0.003695769691297221,-0.003695769691297221,115.05915536973336,2.7620305655249933,-2.7620305655249933,9204.73242957867,220.96244524199957,-220.96244524199957,1031253.3896,27209.094539401158,-27209.094539401158,345.0872733943473,353.5210014366011,336.854743494217,170.71168000000657,179.52525853614594,162.33079359446816
037_210℃_020_2.0mm.csv,2.0,20,1.32587,0.30001796,1.48199,0.300007528,0.15612,1.359050609,210,0.15611999999999981,1059043.081,112.09326159364605,80.0,8967.460927491684,179.95951652323245,336.27978478093814,0.15217549999999996,0.003695769691297221,-0.003695769691297221,115.05915536973336,2.7620305655249933,-2.7620305655249933,9204.73242957867,220.96244524199957,-220.96244524199957,1031253.3896,27209.094539401158,-27209.094539401158,345.0872733943473,353.5210014366011,336.854743494217,170.71168000000657,179.52525853614594,162.33079359446816
038_210℃_020_2.0mm.csv,2.0,20,1.326135,0.300013294,1.476825,0.300020501,0.15069,1.32168813,210,0.15069,1021667.629,116.13245736279781,80.0,9290.596589023824,167.57017144382039,348.3973720883934,0.15217549999999996,0.003695769691297221,-0.003695769691297221,115.05915536973336,2.7620305655249933,-2.7620305655249933,9204.73242957867,220.96244524199957,-220.96244524199957,1031253.3896,27209.094539401158,-27209.094539401158,345.0872733943473,353.5210014366011,336.854743494217,170.71168000000657,179.52525853614594,162.33079359446816
039_210℃_020_2.0mm.csv,2.0,20,1.325595,0.300017654,1.48476,0.300026079,0.159165,1.38026304,210,0.159165,1080236.961,109.9487952753432,80.0,8795.903622027456,187.1411329497306,329.8463858260296,0.15217549999999996,0.003695769691297221,-0.003695769691297221,115.05915536973336,2.7620305655249933,-2.7620305655249933,9204.73242957867,220.96244524199957,-220.96244524199957,1031253.3896,27209.094539401158,-27209.094539401158,345.0872733943473,353.5210014366011,336.854743494217,170.71168000000657,179.52525853614594,162.33079359446816
040_210℃_020_2.0mm.csv,2.0,20,1.32607,0.300015441,1.473245,0.300001903,0.147175,1.291529787,210,0.14717499999999983,991527.884,118.9060642092748,80.0,9512.485136741983,158.8333238940951,356.71819262782435,0.15217549999999996,0.003695769691297221,-0.003695769691297221,115.05915536973336,2.7620305655249933,-2.7620305655249933,9204.73242957867,220.96244524199957,-220.96244524199957,1031253.3896,27209.094539401158,-27209.094539401158,345.0872733943473,353.5210014366011,336.854743494217,170.71168000000657,179.52525853614594,162.33079359446816
041_210℃_040_2.0mm.csv,2.0,40,1.42496,0.300004145,1.49993,0.300066721,0.07497,1.498866432,210,0.07496999999999998,1198799.711,233.42670401493936,80.0,18674.13632119515,97.82205641759997,700.2801120448181,0.0734035,0.0016361303432184471,-0.0016361303432184471,238.51587113383516,5.365724025013196,-5.365724025013196,19081.269690706813,429.25792200105565,-429.25792200105565,1177054.8256,27816.005093236785,-27816.005093236785,715.3856670405681,731.5865183055946,699.5435806996404,93.99580529023329,98.42998028167496,89.7613855745568
042_210℃_040_2.0mm.csv,2.0,40,1.42509,0.300053658,1.499465,0.300012434,0.074375,1.491052745,210,0.07437500000000008,1191040.311,235.29411764705858,80.0,18823.529411764688,96.41754898571436,705.8823529411759,0.0734035,0.0016361303432184471,-0.0016361303432184471,238.51587113383516,5.365724025013196,-5.365724025013196,19081.269690706813,429.25792200105565,-429.25792200105565,1177054.8256,27816.005093236785,-27816.005093236785,715.3856670405681,731.5865183055946,699.5435806996404,93.99580529023329,98.42998028167496,89.7613855745568
043_210℃_040_2.0mm.csv,2.0,40,1.425395,0.300014435,1.4999,0.300057238,0.074505,1.498347679,210,0.07450500000000004,1198290.441,234.88356486141856,80.0,18790.685188913485,97.1740182930123,704.6506945842557,0.0734035,0.0016361303432184471,-0.0016361303432184471,238.51587113383516,5.365724025013196,-5.365724025013196,19081.269690706813,429.25792200105565,-429.25792200105565,1177054.8256,27816.005093236785,-27816.005093236785,715.3856670405681,731.5865183055946,699.5435806996404,93.99580529023329,98.42998028167496,89.7613855745568
044_210℃_040_2.0mm.csv,2.0,40,1.42518,0.300064001,1.49861,0.300033474,0.07343,1.476791889,210,0.0734300000000001,1176758.415,238.32221163012358,80.0,19065.776930409887,94.05101541600014,714.9666348903708,0.0734035,0.0016361303432184471,-0.0016361303432184471,238.51587113383516,5.365724025013196,-5.365724025013196,19081.269690706813,429.25792200105565,-429.25792200105565,1177054.8256,27816.005093236785,-27816.005093236785,715.3856670405681,731.5865183055946,699.5435806996404,93.99580529023329,98.42998028167496,89.7613855745568
045_210℃_040_2.0mm.csv,2.0,40,1.425445,0.300056577,1.498175,0.300043376,0.07273,1.469317271,210,0.07272999999999996,1169273.8949999998,240.61597690086634,80.0,19249.278152069306,92.56194871657137,721.8479307025989,0.0734035,0.0016361303432184471,-0.0016361303432184471,238.51587113383516,5.365724025013196,-5.365724025013196,19081.269690706813,429.25792200105565,-429.25792200105565,1177054.8256,27816.005093236785,-27816.005093236785,715.3856670405681,731.5865183055946,699.5435806996404,93.99580529023329,98.42998028167496,89.7613855745568
046_210℃_040_2.0mm.csv,2.0,40,1.425225,0.30006501,1.49596,0.300008865,0.070735,1.432303902,210,0.07073499999999999,1132295.037,247.40227610094016,80.0,19792.182088075213,87.17593408674286,742.2068283028204,0.0734035,0.0016361303432184471,-0.0016361303432184471,238.51587113383516,5.365724025013196,-5.365724025013196,19081.269690706813,429.25792200105565,-429.25792200105565,1177054.8256,27816.005093236785,-27816.005093236785,715.3856670405681,731.5865183055946,699.5435806996404,93.99580529023329,98.42998028167496,89.7613855745568
047_210℃_040_2.0mm.csv,2.0,40,1.42514,0.30000296,1.497515,0.300050767,0.072375,1.45822622,210,0.07237499999999986,1158175.4530000002,241.7962003454236,80.0,19343.69602763389,91.23586221591819,725.3886010362709,0.0734035,0.0016361303432184471,-0.0016361303432184471,238.51587113383516,5.365724025013196,-5.365724025013196,19081.269690706813,429.25792200105565,-429.25792200105565,1177054.8256,27816.005093236785,-27816.005093236785,715.3856670405681,731.5865183055946,699.5435806996404,93.99580529023329,98.42998028167496,89.7613855745568
048_210℃_040_2.0mm.csv,2.0,40,1.425105,0.300025117,1.4962,0.300039503,0.071095,1.436158909,210,0.07109499999999991,1136119.406,246.14951825022888,80.0,19691.961460018312,87.9155473954502,738.4485547506868,0.0734035,0.0016361303432184471,-0.0016361303432184471,238.51587113383516,5.365724025013196,-5.365724025013196,19081.269690706813,429.25792200105565,-429.25792200105565,1177054.8256,27816.005093236785,-27816.005093236785,715.3856670405681,731.5865183055946,699.5435806996404,93.99580529023329,98.42998028167496,89.7613855745568
049_210℃_040_2.0mm.csv,2.0,40,1.42549,0.300011153,1.4997,0.300005618,0.07421,1.494965715,210,0.07421000000000011,1194960.097,235.81727529982447,80.0,18865.382023985956,96.52025991659335,707.4518258994733,0.0734035,0.0016361303432184471,-0.0016361303432184471,238.51587113383516,5.365724025013196,-5.365724025013196,19081.269690706813,429.25792200105565,-429.25792200105565,1177054.8256,27816.005093236785,-27816.005093236785,715.3856670405681,731.5865183055946,699.5435806996404,93.99580529023329,98.42998028167496,89.7613855745568
050_210℃_040_2.0mm.csv,2.0,40,1.42527,0.300000389,1.50088,0.300029652,0.07561,1.514865142,210,0.07560999999999996,1214835.49,231.45086628752824,80.0,18516.06930300226,99.97682873349655,694.3525988625847,0.0734035,0.0016361303432184471,-0.0016361303432184471,238.51587113383516,5.365724025013196,-5.365724025013196,19081.269690706813,429.25792200105565,-429.25792200105565,1177054.8256,27816.005093236785,-27816.005093236785,715.3856670405681,731.5865183055946,699.5435806996404,93.99580529023329,98.42998028167496,89.7613855745568
051_210℃_080_2.0mm.csv,2.0,80,1.467695,0.300084068,1.505035,0.30001672,0.03734,1.700324369,210,0.03733999999999993,1400307.6490000002,468.6663095875745,80.0,37493.30476700596,56.91155114411963,1405.9989287627236,0.03687,0.0007111493045298518,-0.0007111493045298518,474.79777968264017,9.05552627570069,-9.05552627570069,37983.82237461121,724.4421020560528,-724.4421020560528,1383775.4278000002,26903.300008909966,-26903.300008909966,1424.1584772687265,1451.7354580956599,1397.1053452375832,55.51317159558814,57.68948902397814,53.418955042578496
052_210℃_080_2.0mm.csv,2.0,80,1.46771,0.300025012,1.506095,0.30015197,0.038385,1.742504914,210,0.03838499999999989,1442352.9440000001,455.90725543832355,80.0,36472.58043506589,60.26091728483249,1367.7217663149709,0.03687,0.0007111493045298518,-0.0007111493045298518,474.79777968264017,9.05552627570069,-9.05552627570069,37983.82237461121,724.4421020560528,-724.4421020560528,1383775.4278000002,26903.300008909966,-26903.300008909966,1424.1584772687265,1451.7354580956599,1397.1053452375832,55.51317159558814,57.68948902397814,53.418955042578496
053_210℃_080_2.0mm.csv,2.0,80,1.46792,0.300037526,1.503825,0.300044851,0.035905,1.652354759,210,0.035905000000000076,1352309.908,487.39729842640196,80.0,38991.78387411216,52.84863918012528,1462.1918952792062,0.03687,0.0007111493045298518,-0.0007111493045298518,474.79777968264017,9.05552627570069,-9.05552627570069,37983.82237461121,724.4421020560528,-724.4421020560528,1383775.4278000002,26903.300008909966,-26903.300008909966,1424.1584772687265,1451.7354580956599,1397.1053452375832,55.51317159558814,57.68948902397814,53.418955042578496
054_210℃_080_2.0mm.csv,2.0,80,1.467745,0.300130076,1.50493,0.300036603,0.037185,1.695635859,210,0.037185000000000024,1395599.256,470.61987360494794,80.0,37649.589888395836,56.484743765289835,1411.859620814844,0.03687,0.0007111493045298518,-0.0007111493045298518,474.79777968264017,9.05552627570069,-9.05552627570069,37983.82237461121,724.4421020560528,-724.4421020560528,1383775.4278000002,26903.300008909966,-26903.300008909966,1424.1584772687265,1451.7354580956599,1397.1053452375832,55.51317159558814,57.68948902397814,53.418955042578496
055_210℃_080_2.0mm.csv,2.0,80,1.467755,0.300045603,1.50481,0.300128742,0.037055,1.689908533,210,0.03705500000000006,1389779.791,472.27094858993314,80.0,37781.67588719465,56.05256071347492,1416.8128457697994,0.03687,0.0007111493045298518,-0.0007111493045298518,474.79777968264017,9.05552627570069,-9.05552627570069,37983.82237461121,724.4421020560528,-724.4421020560528,1383775.4278000002,26903.300008909966,-26903.300008909966,1424.1584772687265,1451.7354580956599,1397.1053452375832,55.51317159558814,57.68948902397814,53.418955042578496
056_210℃_080_2.0mm.csv,2.0,80,1.467795,0.30002235,1.504775,0.300066115,0.03698,1.689182607,210,0.03698000000000001,1389116.4919999999,473.22877230935626,80.0,37858.3017847485,55.91241129160272,1419.686316928069,0.03687,0.0007111493045298518,-0.0007111493045298518,474.79777968264017,9.05552627570069,-9.05552627570069,37983.82237461121,724.4421020560528,-724.4421020560528,1383775.4278000002,26903.300008909966,-26903.300008909966,1424.1584772687265,1451.7354580956599,1397.1053452375832,55.51317159558814,57.68948902397814,53.418955042578496
057_210℃_080_2.0mm.csv,2.0,80,1.4678,0.300063378,1.504455,0.300080906,0.036655,1.676650939,210,0.036655000000000104,1376570.0329999998,477.4246351111704,80.0,38193.97080889363,54.92046210570355,1432.2739053335113,0.03687,0.0007111493045298518,-0.0007111493045298518,474.79777968264017,9.05552627570069,-9.05552627570069,37983.82237461121,724.4421020560528,-724.4421020560528,1383775.4278000002,26903.300008909966,-26903.300008909966,1424.1584772687265,1451.7354580956599,1397.1053452375832,55.51317159558814,57.68948902397814,53.418955042578496
058_210℃_080_2.0mm.csv,2.0,80,1.467735,0.300086457,1.50378,0.300035211,0.036045,1.649730955,210,0.03604499999999988,1349695.7440000002,485.5042308225845,80.0,38840.33846580676,52.952144862563095,1456.5126924677534,0.03687,0.0007111493045298518,-0.0007111493045298518,474.79777968264017,9.05552627570069,-9.05552627570069,37983.82237461121,724.4421020560528,-724.4421020560528,1383775.4278000002,26903.300008909966,-26903.300008909966,1424.1584772687265,1451.7354580956599,1397.1053452375832,55.51317159558814,57.68948902397814,53.418955042578496
059_210℃_080_2.0mm.csv,2.0,80,1.46774,0.30008613,1.504145,0.300110273,0.036405,1.664965409,210,0.03640500000000002,1364855.136,480.70320010987473,80.0,38456.25600878998,54.08168840933881,1442.109600329624,0.03687,0.0007111493045298518,-0.0007111493045298518,474.79777968264017,9.05552627570069,-9.05552627570069,37983.82237461121,724.4421020560528,-724.4421020560528,1383775.4278000002,26903.300008909966,-26903.300008909966,1424.1584772687265,1451.7354580956599,1397.1053452375832,55.51317159558814,57.68948902397814,53.418955042578496
060_210℃_080_2.0mm.csv,2.0,80,1.46771,0.300031862,1.504455,0.300011403,0.036745,1.677178728,210,0.03674500000000003,1377167.3249999997,476.2552728262345,80.0,38100.42182609876,55.07919821183676,1428.7658184787037,0.03687,0.0007111493045298518,-0.0007111493045298518,474.79777968264017,9.05552627570069,-9.05552627570069,37983.82237461121,724.4421020560528,-724.4421020560528,1383775.4278000002,26903.300008909966,-26903.300008909966,1424.1584772687265,1451.7354580956599,1397.1053452375832,55.51317159558814,57.68948902397814,53.418955042578496
061_210℃_120_2.0mm.csv,2.0,120,1.478305,0.300145953,1.503455,0.300002502,0.02515,1.729033441,210,0.025150000000000006,1429030.939,695.8250497017891,80.0,55666.003976143125,39.11850679276192,2087.475149105367,0.02469600000000003,0.000765933707604311,-0.000765933707604311,709.2203074908659,21.626949507356095,-21.626949507356095,56737.624599269264,1730.1559605884852,-1730.1559605884852,1398418.6380999999,46924.30853350344,-46924.30853350344,2126.760546267341,2193.189971163933,2062.3431990065724,37.55456674613997,40.03379696593771,35.228871363119964
062_210℃_120_2.0mm.csv,2.0,120,1.478165,0.300107429,1.50391,0.300057854,0.025745,1.759679451,210,0.02574500000000013,1459621.5969999998,679.7436395416552,80.0,54379.491163332415,40.90117879158115,2039.2309186249654,0.02469600000000003,0.000765933707604311,-0.000765933707604311,709.2203074908659,21.626949507356095,-21.626949507356095,56737.624599269264,1730.1559605884852,-1730.1559605884852,1398418.6380999999,46924.30853350344,-46924.30853350344,2126.760546267341,2193.189971163933,2062.3431990065724,37.55456674613997,40.03379696593771,35.228871363119964
063_210℃_120_2.0mm.csv,2.0,120,1.47823,0.300101864,1.502385,0.300083437,0.024155,1.658670856,210,0.02415500000000015,1358587.419,724.4876837093725,80.0,57959.0146967498,35.71883440102879,2173.4630511281175,0.02469600000000003,0.000765933707604311,-0.000765933707604311,709.2203074908659,21.626949507356095,-21.626949507356095,56737.624599269264,1730.1559605884852,-1730.1559605884852,1398418.6380999999,46924.30853350344,-46924.30853350344,2126.760546267341,2193.189971163933,2062.3431990065724,37.55456674613997,40.03379696593771,35.228871363119964
064_210℃_120_2.0mm.csv,2.0,120,1.47831,0.300132552,1.502725,0.300169536,0.024415,1.680928643,210,0.024415000000000076,1380759.1069999998,716.7724759369218,80.0,57341.79807495374,36.69249915363821,2150.3174278107654,0.02469600000000003,0.000765933707604311,-0.000765933707604311,709.2203074908659,21.626949507356095,-21.626949507356095,56737.624599269264,1730.1559605884852,-1730.1559605884852,1398418.6380999999,46924.30853350344,-46924.30853350344,2126.760546267341,2193.189971163933,2062.3431990065724,37.55456674613997,40.03379696593771,35.228871363119964
065_210℃_120_2.0mm.csv,2.0,120,1.4784,0.30006384,1.503505,0.300008339,0.025105,1.732107061,210,0.025105000000000155,1432098.722,697.0722963553034,80.0,55765.78370842427,39.13234113285466,2091.21688906591,0.02469600000000003,0.000765933707604311,-0.000765933707604311,709.2203074908659,21.626949507356095,-21.626949507356095,56737.624599269264,1730.1559605884852,-1730.1559605884852,1398418.6380999999,46924.30853350344,-46924.30853350344,2126.760546267341,2193.189971163933,2062.3431990065724,37.55456674613997,40.03379696593771,35.228871363119964
066_210℃_120_2.0mm.csv,2.0,120,1.47822,0.30000886,1.50226,0.300116181,0.02404,1.65011842,210,0.02403999999999984,1350002.239,727.9534109817021,80.0,58236.27287853617,35.324140218296364,2183.8602329451064,0.02469600000000003,0.000765933707604311,-0.000765933707604311,709.2203074908659,21.626949507356095,-21.626949507356095,56737.624599269264,1730.1559605884852,-1730.1559605884852,1398418.6380999999,46924.30853350344,-46924.30853350344,2126.760546267341,2193.189971163933,2062.3431990065724,37.55456674613997,40.03379696593771,35.228871363119964
067_210℃_120_2.0mm.csv,2.0,120,1.478415,0.300064062,1.502365,0.30011545,0.02395,1.657322137,210,0.023949999999999916,1357206.687,730.6889352818397,80.0,58455.11482254718,35.37970084751008,2192.066805845519,0.02469600000000003,0.000765933707604311,-0.000765933707604311,709.2203074908659,21.626949507356095,-21.626949507356095,56737.624599269264,1730.1559605884852,-1730.1559605884852,1398418.6380999999,46924.30853350344,-46924.30853350344,2126.760546267341,2193.189971163933,2062.3431990065724,37.55456674613997,40.03379696593771,35.228871363119964
068_210℃_120_2.0mm.csv,2.0,120,1.47814,0.300012675,1.50417,0.300054103,0.02603,1.777019683,210,0.026029999999999998,1476965.5799999998,672.3011909335382,80.0,53784.09527468306,41.8453486230204,2016.9035728006147,0.02469600000000003,0.000765933707604311,-0.000765933707604311,709.2203074908659,21.626949507356095,-21.626949507356095,56737.624599269264,1730.1559605884852,-1730.1559605884852,1398418.6380999999,46924.30853350344,-46924.30853350344,2126.760546267341,2193.189971163933,2062.3431990065724,37.55456674613997,40.03379696593771,35.228871363119964
069_210℃_120_2.0mm.csv,2.0,120,1.47828,0.300116533,1.502735,0.300004228,0.024455,1.681559746,210,0.024454999999999893,1381555.5180000002,715.6000817828696,80.0,57248.00654262956,36.77381245462842,2146.8002453486088,0.02469600000000003,0.000765933707604311,-0.000765933707604311,709.2203074908659,21.626949507356095,-21.626949507356095,56737.624599269264,1730.1559605884852,-1730.1559605884852,1398418.6380999999,46924.30853350344,-46924.30853350344,2126.760546267341,2193.189971163933,2062.3431990065724,37.55456674613997,40.03379696593771,35.228871363119964
070_210℃_120_2.0mm.csv,2.0,120,1.47847,0.300171728,1.502385,0.300059623,0.023915,1.658418196,210,0.02391500000000013,1358358.5729999999,731.7583106836673,80.0,58540.66485469339,35.35798124984509,2195.274932051002,0.02469600000000003,0.000765933707604311,-0.000765933707604311,709.2203074908659,21.626949507356095,-21.626949507356095,56737.624599269264,1730.1559605884852,-1730.1559605884852,1398418.6380999999,46924.30853350344,-46924.30853350344,2126.760546267341,2193.189971163933,2062.3431990065724,37.55456674613997,40.03379696593771,35.228871363119964
071_210℃_160_2.0mm.csv,2.0,160,1.482555,0.300064641,1.50051,0.300000392,0.017955,1.546552487,210,0.017954999999999943,1246552.095,974.6588693957145,80.0,77972.70955165716,24.36118951371421,2923.9766081871435,0.01898400000000002,0.0007533215338309306,-0.0007533215338309306,923.1131370913263,35.97461239314033,-35.97461239314033,73849.0509673061,2877.9689914512255,-2877.9689914512255,1331085.1924,61915.96793477719,-61915.96793477719,2767.4240125638194,2878.4429186844204,2660.6870039358555,27.45836739642136,29.902482945748726,25.214024582665875
072_210℃_160_2.0mm.csv,2.0,160,1.482495,0.300016145,1.501215,0.300099023,0.01872,1.610683079,210,0.01872000000000007,1310584.0559999999,934.8290598290563,80.0,74786.3247863245,26.70381880633479,2804.4871794871688,0.01898400000000002,0.0007533215338309306,-0.0007533215338309306,923.1131370913263,35.97461239314033,-35.97461239314033,73849.0509673061,2877.9689914512255,-2877.9689914512255,1331085.1924,61915.96793477719,-61915.96793477719,2767.4240125638194,2878.4429186844204,2660.6870039358555,27.45836739642136,29.902482945748726,25.214024582665875
073_210℃_160_2.0mm.csv,2.0,160,1.482535,0.300100308,1.501315,0.300081609,0.01878,1.62016903,210,0.01878000000000002,1320087.421,931.8423855165059,80.0,74547.39084132048,26.98366450762452,2795.5271565495177,0.01898400000000002,0.0007533215338309306,-0.0007533215338309306,923.1131370913263,35.97461239314033,-35.97461239314033,73849.0509673061,2877.9689914512255,-2877.9689914512255,1331085.1924,61915.96793477719,-61915.96793477719,2767.4240125638194,2878.4429186844204,2660.6870039358555,27.45836739642136,29.902482945748726,25.214024582665875
074_210℃_160_2.0mm.csv,2.0,160,1.482275,0.300030383,1.50235,0.300019109,0.020075,1.714529329,210,0.020075000000000065,1414510.2200000002,871.7310087173073,80.0,69738.48069738458,30.907529432925276,2615.193026151922,0.01898400000000002,0.0007533215338309306,-0.0007533215338309306,923.1131370913263,35.97461239314033,-35.97461239314033,73849.0509673061,2877.9689914512255,-2877.9689914512255,1331085.1924,61915.96793477719,-61915.96793477719,2767.4240125638194,2878.4429186844204,2660.6870039358555,27.45836739642136,29.902482945748726,25.214024582665875
075_210℃_160_2.0mm.csv,2.0,160,1.482495,0.300085772,1.50102,0.300201777,0.018525,1.59309142,210,0.018525000000000125,1292889.643,944.669365721991,80.0,75573.54925775928,26.068876883347112,2834.0080971659727,0.01898400000000002,0.0007533215338309306,-0.0007533215338309306,923.1131370913263,35.97461239314033,-35.97461239314033,73849.0509673061,2877.9689914512255,-2877.9689914512255,1331085.1924,61915.96793477719,-61915.96793477719,2767.4240125638194,2878.4429186844204,2660.6870039358555,27.45836739642136,29.902482945748726,25.214024582665875
076_210℃_160_2.0mm.csv,2.0,160,1.48232,0.30002583,1.50099,0.300137856,0.01867,1.590043625,210,0.018669999999999964,1289905.769,937.332619175149,80.0,74986.60953401192,26.212289205148252,2811.997857525447,0.01898400000000002,0.0007533215338309306,-0.0007533215338309306,923.1131370913263,35.97461239314033,-35.97461239314033,73849.0509673061,2877.9689914512255,-2877.9689914512255,1331085.1924,61915.96793477719,-61915.96793477719,2767.4240125638194,2878.4429186844204,2660.6870039358555,27.45836739642136,29.902482945748726,25.214024582665875
077_210℃_160_2.0mm.csv,2.0,160,1.482395,0.300146712,1.502445,0.300137839,0.02005,1.724042907,210,0.020050000000000123,1423905.068,872.8179551122141,80.0,69825.43640897713,31.07406434111584,2618.453865336642,0.01898400000000002,0.0007533215338309306,-0.0007533215338309306,923.1131370913263,35.97461239314033,-35.97461239314033,73849.0509673061,2877.9689914512255,-2877.9689914512255,1331085.1924,61915.96793477719,-61915.96793477719,2767.4240125638194,2878.4429186844204,2660.6870039358555,27.45836739642136,29.902482945748726,25.214024582665875
078_210℃_160_2.0mm.csv,2.0,160,1.48256,0.300105549,1.500955,0.300074675,0.018395,1.587038372,210,0.01839499999999994,1286963.697,951.3454743136754,80.0,76107.63794509403,25.767289476261137,2854.036422941026,0.01898400000000002,0.0007533215338309306,-0.0007533215338309306,923.1131370913263,35.97461239314033,-35.97461239314033,73849.0509673061,2877.9689914512255,-2877.9689914512255,1331085.1924,61915.96793477719,-61915.96793477719,2767.4240125638194,2878.4429186844204,2660.6870039358555,27.45836739642136,29.902482945748726,25.214024582665875
079_210℃_160_2.0mm.csv,2.0,160,1.48235,0.300161799,1.50228,0.300052593,0.01993,1.708255777,210,0.019930000000000003,1408203.184,878.0732563973908,80.0,70245.86051179127,30.547471517953745,2634.219769192173,0.01898400000000002,0.0007533215338309306,-0.0007533215338309306,923.1131370913263,35.97461239314033,-35.97461239314033,73849.0509673061,2877.9689914512255,-2877.9689914512255,1331085.1924,61915.96793477719,-61915.96793477719,2767.4240125638194,2878.4429186844204,2660.6870039358555,27.45836739642136,29.902482945748726,25.214024582665875
080_210℃_160_2.0mm.csv,2.0,160,1.482555,0.300012361,1.501295,0.300183929,0.01874,1.6174347,210,0.01873999999999998,1317250.771,933.8313767342594,80.0,74706.51013874075,26.86833137256051,2801.494130202778,0.01898400000000002,0.0007533215338309306,-0.0007533215338309306,923.1131370913263,35.97461239314033,-35.97461239314033,73849.0509673061,2877.9689914512255,-2877.9689914512255,1331085.1924,61915.96793477719,-61915.96793477719,2767.4240125638194,2878.4429186844204,2660.6870039358555,27.45836739642136,29.902482945748726,25.214024582665875
081_210℃_200_2.0mm.csv,2.0,200,1.48479,0.300100234,1.50068,0.300181141,0.01589,1.57525667,210,0.01588999999999996,1275075.529,1101.3215859030865,80.0,88105.72687224692,22.052734863466615,3303.964757709259,0.015103999999999961,0.0005597807110328371,-0.0005597807110328371,1160.1197501998297,44.602114830217715,-44.602114830217715,92809.58001598637,3568.169186417415,-3568.169186417415,1193683.3958,40269.651605105464,-40269.651605105464,3478.101864277956,3611.874124894584,3349.284100161398,19.60137338947958,20.92516855421059,18.361325872162983
082_210℃_200_2.0mm.csv,2.0,200,1.484855,0.300001302,1.49976,0.300220467,0.014905,1.473786029,210,0.014904999999999946,1173565.5620000002,1174.1026501174144,80.0,93928.21200939316,19.038905797670683,3522.3079503522436,0.015103999999999961,0.0005597807110328371,-0.0005597807110328371,1160.1197501998297,44.602114830217715,-44.602114830217715,92809.58001598637,3568.169186417415,-3568.169186417415,1193683.3958,40269.651605105464,-40269.651605105464,3478.101864277956,3611.874124894584,3349.284100161398,19.60137338947958,20.92516855421059,18.361325872162983
083_210℃_200_2.0mm.csv,2.0,200,1.48482,0.300193951,1.500085,0.300112281,0.015265,1.50982504,210,0.015264999999999862,1209712.7589999998,1146.4133639043666,80.0,91713.06911234933,20.099336344092332,3439.2400917131004,0.015103999999999961,0.0005597807110328371,-0.0005597807110328371,1160.1197501998297,44.602114830217715,-44.602114830217715,92809.58001598637,3568.169186417415,-3568.169186417415,1193683.3958,40269.651605105464,-40269.651605105464,3478.101864277956,3611.874124894584,3349.284100161398,19.60137338947958,20.92516855421059,18.361325872162983
084_210℃_200_2.0mm.csv,2.0,200,1.484665,0.300088553,1.49999,0.300091771,0.015325,1.499050087,210,0.015325000000000033,1198958.316,1141.9249592169633,80.0,91353.99673735707,19.998950958040858,3425.77487765089,0.015103999999999961,0.0005597807110328371,-0.0005597807110328371,1160.1197501998297,44.602114830217715,-44.602114830217715,92809.58001598637,3568.169186417415,-3568.169186417415,1193683.3958,40269.651605105464,-40269.651605105464,3478.101864277956,3611.874124894584,3349.284100161398,19.60137338947958,20.92516855421059,18.361325872162983
085_210℃_200_2.0mm.csv,2.0,200,1.48466,0.300183486,1.50009,0.300038634,0.01543,1.510104512,210,0.015429999999999833,1210065.878,1134.1542449773292,80.0,90732.33959818634,20.322521357866446,3402.462734931988,0.015103999999999961,0.0005597807110328371,-0.0005597807110328371,1160.1197501998297,44.602114830217715,-44.602114830217715,92809.58001598637,3568.169186417415,-3568.169186417415,1193683.3958,40269.651605105464,-40269.651605105464,3478.101864277956,3611.874124894584,3349.284100161398,19.60137338947958,20.92516855421059,18.361325872162983
086_210℃_200_2.0mm.csv,2.0,200,1.48471,0.300111993,1.500075,0.300088865,0.015365,1.508502902,210,0.015365000000000073,1208414.037,1138.9521640091061,80.0,91116.17312072849,20.209286180685815,3416.856492027319,0.015103999999999961,0.0005597807110328371,-0.0005597807110328371,1160.1197501998297,44.602114830217715,-44.602114830217715,92809.58001598637,3568.169186417415,-3568.169186417415,1193683.3958,40269.651605105464,-40269.651605105464,3478.101864277956,3611.874124894584,3349.284100161398,19.60137338947958,20.92516855421059,18.361325872162983
087_210℃_200_2.0mm.csv,2.0,200,1.48452,0.30016805,1.499955,0.300078271,0.015435,1.495108695,210,0.015434999999999865,1195030.424,1133.7868480725722,80.0,90702.94784580577,20.07651112319983,3401.3605442177163,0.015103999999999961,0.0005597807110328371,-0.0005597807110328371,1160.1197501998297,44.602114830217715,-44.602114830217715,92809.58001598637,3568.169186417415,-3568.169186417415,1193683.3958,40269.651605105464,-40269.651605105464,3478.101864277956,3611.874124894584,3349.284100161398,19.60137338947958,20.92516855421059,18.361325872162983
088_210℃_200_2.0mm.csv,2.0,200,1.484665,0.300137401,1.49923,0.300009298,0.014565,1.416597134,210,0.014565000000000161,1116587.8360000001,1201.5104703055138,80.0,96120.8376244411,17.701335326628765,3604.531410916541,0.015103999999999961,0.0005597807110328371,-0.0005597807110328371,1160.1197501998297,44.602114830217715,-44.602114830217715,92809.58001598637,3568.169186417415,-3568.169186417415,1193683.3958,40269.651605105464,-40269.651605105464,3478.101864277956,3611.874124894584,3349.284100161398,19.60137338947958,20.92516855421059,18.361325872162983
089_210℃_200_2.0mm.csv,2.0,200,1.484715,0.300112375,1.499695,0.300025677,0.01498,1.466679194,210,0.014979999999999993,1166653.5169999998,1168.224299065421,80.0,93457.94392523369,19.022007820038084,3504.6728971962634,0.015103999999999961,0.0005597807110328371,-0.0005597807110328371,1160.1197501998297,44.602114830217715,-44.602114830217715,92809.58001598637,3568.169186417415,-3568.169186417415,1193683.3958,40269.651605105464,-40269.651605105464,3478.101864277956,3611.874124894584,3349.284100161398,19.60137338947958,20.92516855421059,18.361325872162983
090_210℃_200_2.0mm.csv,2.0,200,1.48598,0.300003006,1.49986,0.300057683,0.01388,1.482827783,210,0.013879999999999892,1182770.0999999999,1260.8069164265228,80.0,100864.55331412182,17.868679170612104,3782.4207492795686,0.015103999999999961,0.0005597807110328371,-0.0005597807110328371,1160.1197501998297,44.602114830217715,-44.602114830217715,92809.58001598637,3568.169186417415,-3568.169186417415,1193683.3958,40269.651605105464,-40269.651605105464,3478.101864277956,3611.874124894584,3349.284100161398,19.60137338947958,20.92516855421059,18.361325872162983
091_210℃_240_2.0mm.csv,2.0,240,1.486215,0.300163564,1.49849,0.300020919,0.012275,1.31629969,210,0.012275000000000036,1016278.7709999998,1425.661914460281,80.0,114052.95315682248,13.578037457442216,4276.985743380843,0.013298999999999995,0.0005355827563401243,-0.0005355827563401243,1317.8584738231043,54.39045734482186,-54.39045734482186,105428.67790584837,4351.236587585748,-4351.236587585748,1118992.7124,58059.93254568434,-58059.93254568434,3950.595078158466,4114.998803667936,3792.7596619610913,16.16560428913564,17.740903922352388,14.73018303783641
092_210℃_240_2.0mm.csv,2.0,240,1.485955,0.300005217,1.499665,0.30025798,0.01371,1.458973684,210,0.013710000000000111,1158715.704,1276.4405543398875,80.0,102115.24434719101,17.290875974791973,3829.321663019663,0.013298999999999995,0.0005355827563401243,-0.0005355827563401243,1317.8584738231043,54.39045734482186,-54.39045734482186,105428.67790584837,4351.236587585748,-4351.236587585748,1118992.7124,58059.93254568434,-58059.93254568434,3950.595078158466,4114.998803667936,3792.7596619610913,16.16560428913564,17.740903922352388,14.73018303783641
093_210℃_240_2.0mm.csv,2.0,240,1.48605,0.300146795,1.499985,0.300179868,0.013935,1.498346284,210,0.013934999999999809,1198166.4159999997,1255.8306422676885,80.0,100466.45138141509,18.173005721860967,3767.491926803066,0.013298999999999995,0.0005355827563401243,-0.0005355827563401243,1317.8584738231043,54.39045734482186,-54.39045734482186,105428.67790584837,4351.236587585748,-4351.236587585748,1118992.7124,58059.93254568434,-58059.93254568434,3950.595078158466,4114.998803667936,3792.7596619610913,16.16560428913564,17.740903922352388,14.73018303783641
094_210℃_240_2.0mm.csv,2.0,240,1.48607,0.300057851,1.49961,0.300044747,0.01354,1.451802679,210,0.013540000000000108,1151757.932,1292.4667651403147,80.0,103397.34121122517,16.97393458425048,3877.400295420944,0.013298999999999995,0.0005355827563401243,-0.0005355827563401243,1317.8584738231043,54.39045734482186,-54.39045734482186,105428.67790584837,4351.236587585748,-4351.236587585748,1118992.7124,58059.93254568434,-58059.93254568434,3950.595078158466,4114.998803667936,3792.7596619610913,16.16560428913564,17.740903922352388,14.73018303783641
095_210℃_240_2.0mm.csv,2.0,240,1.48599,0.300061177,1.498875,0.300052427,0.012885,1.363139441,210,0.012885000000000035,1063087.014,1358.1684128831937,80.0,108653.4730306555,14.909252980016369,4074.505238649581,0.013298999999999995,0.0005355827563401243,-0.0005355827563401243,1317.8584738231043,54.39045734482186,-54.39045734482186,105428.67790584837,4351.236587585748,-4351.236587585748,1118992.7124,58059.93254568434,-58059.93254568434,3950.595078158466,4114.998803667936,3792.7596619610913,16.16560428913564,17.740903922352388,14.73018303783641
096_210℃_240_2.0mm.csv,2.0,240,1.486,0.30005208,1.49952,0.300056903,0.01352,1.441215264,210,0.013519999999999976,1141158.361,1294.3786982248544,80.0,103550.29585798836,16.792882765409495,3883.1360946745635,0.013298999999999995,0.0005355827563401243,-0.0005355827563401243,1317.8584738231043,54.39045734482186,-54.39045734482186,105428.67790584837,4351.236587585748,-4351.236587585748,1118992.7124,58059.93254568434,-58059.93254568434,3950.595078158466,4114.998803667936,3792.7596619610913,16.16560428913564,17.740903922352388,14.73018303783641
097_210℃_240_2.0mm.csv,2.0,240,1.485965,0.300012494,1.498885,0.30000177,0.01292,1.364218894,210,0.012920000000000043,1064217.124,1354.4891640866829,80.0,108359.13312693463,14.965643800903452,4063.4674922600484,0.013298999999999995,0.0005355827563401243,-0.0005355827563401243,1317.8584738231043,54.39045734482186,-54.39045734482186,105428.67790584837,4351.236587585748,-4351.236587585748,1118992.7124,58059.93254568434,-58059.93254568434,3950.595078158466,4114.998803667936,3792.7596619610913,16.16560428913564,17.740903922352388,14.73018303783641
098_210℃_240_2.0mm.csv,2.0,240,1.48601,0.300086798,1.499515,0.300119125,0.013505,1.44042287,210,0.013504999999999878,1140303.7449999999,1295.8163643095268,80.0,103665.30914476214,16.761689334666514,3887.4490929285807,0.013298999999999995,0.0005355827563401243,-0.0005355827563401243,1317.8584738231043,54.39045734482186,-54.39045734482186,105428.67790584837,4351.236587585748,-4351.236587585748,1118992.7124,58059.93254568434,-58059.93254568434,3950.595078158466,4114.998803667936,3792.7596619610913,16.16560428913564,17.740903922352388,14.73018303783641
099_210℃_240_2.0mm.csv,2.0,240,1.48592,0.300085175,1.499765,0.300170802,0.013845,1.470897913,210,0.013845000000000107,1170727.111,1263.9942217406908,80.0,101119.53773925526,17.642140791069526,3791.9826652220727,0.013298999999999995,0.0005355827563401243,-0.0005355827563401243,1317.8584738231043,54.39045734482186,-54.39045734482186,105428.67790584837,4351.236587585748,-4351.236587585748,1118992.7124,58059.93254568434,-58059.93254568434,3950.595078158466,4114.998803667936,3792.7596619610913,16.16560428913564,17.740903922352388,14.73018303783641
100_210℃_240_2.0mm.csv,2.0,240,1.486215,0.30005877,1.49907,0.300078581,0.012855,1.385593527,210,0.012854999999999839,1085514.946,1361.3380007779244,80.0,108907.04006223395,15.188347897501853,4084.0140023337735,0.013298999999999995,0.0005355827563401243,-0.0005355827563401243,1317.8584738231043,54.39045734482186,-54.39045734482186,105428.67790584837,4351.236587585748,-4351.236587585748,1118992.7124,58059.93254568434,-58059.93254568434,3950.595078158466,4114.998803667936,3792.7596619610913,16.16560428913564,17.740903922352388,14.73018303783641
101_210℃_280_2.0mm.csv,2.0,280,1.48699,0.300229785,1.49838,0.300032048,0.01139,1.287640127,210,0.011390000000000011,987608.0789999999,1536.4354697102706,80.0,122914.83757682165,12.243652810677563,4609.3064091308115,0.011620999999999992,0.0004823484217865921,-0.0004823484217865921,1508.2483067276748,63.056008971492375,-63.056008971492375,120659.86453821401,5044.480717719391,-5044.480717719391,1017757.7101,51867.32127135003,-51867.32127135003,4521.204337094941,4713.5393965887015,4336.717472343596,12.848244936846728,14.09181633586429,11.714415943463466
102_210℃_280_2.0mm.csv,2.0,280,1.487045,0.3001656,1.4983,0.300028628,0.011255,1.276722641,210,0.011255000000000015,976694.0130000002,1554.8645046645915,80.0,124389.16037316732,11.964833868097976,4664.593513993775,0.011620999999999992,0.0004823484217865921,-0.0004823484217865921,1508.2483067276748,63.056008971492375,-63.056008971492375,120659.86453821401,5044.480717719391,-5044.480717719391,1017757.7101,51867.32127135003,-51867.32127135003,4521.204337094941,4713.5393965887015,4336.717472343596,12.848244936846728,14.09181633586429,11.714415943463466
103_210℃_280_2.0mm.csv,2.0,280,1.487105,0.300046273,1.498905,0.300218685,0.0118,1.353920383,210,0.011800000000000033,1053701.698,1483.050847457623,80.0,118644.06779660983,13.533257182476229,4449.152542372869,0.011620999999999992,0.0004823484217865921,-0.0004823484217865921,1508.2483067276748,63.056008971492375,-63.056008971492375,120659.86453821401,5044.480717719391,-5044.480717719391,1017757.7101,51867.32127135003,-51867.32127135003,4521.204337094941,4713.5393965887015,4336.717472343596,12.848244936846728,14.09181633586429,11.714415943463466
104_210℃_280_2.0mm.csv,2.0,280,1.48693,0.300028771,1.499225,0.30020001,0.012295,1.396648939,210,0.012294999999999945,1096448.9290000002,1423.3428222854882,80.0,113867.42578283905,14.673022674345518,4270.028466856465,0.011620999999999992,0.0004823484217865921,-0.0004823484217865921,1508.2483067276748,63.056008971492375,-63.056008971492375,120659.86453821401,5044.480717719391,-5044.480717719391,1017757.7101,51867.32127135003,-51867.32127135003,4521.204337094941,4713.5393965887015,4336.717472343596,12.848244936846728,14.09181633586429,11.714415943463466
105_210℃_280_2.0mm.csv,2.0,280,1.48685,0.300212238,1.49891,0.300250313,0.01206,1.355409049,210,0.01205999999999996,1055158.7359999998,1451.0779436152618,80.0,116086.23548922094,13.850573448881585,4353.233830845786,0.011620999999999992,0.0004823484217865921,-0.0004823484217865921,1508.2483067276748,63.056008971492375,-63.056008971492375,120659.86453821401,5044.480717719391,-5044.480717719391,1017757.7101,51867.32127135003,-51867.32127135003,4521.204337094941,4713.5393965887015,4336.717472343596,12.848244936846728,14.09181633586429,11.714415943463466
106_210℃_280_2.0mm.csv,2.0,280,1.48703,0.300199892,1.498165,0.300232981,0.011135,1.259723422,210,0.011134999999999895,959490.441,1571.6210148181558,80.0,125729.68118545247,11.628763059085605,4714.863044454467,0.011620999999999992,0.0004823484217865921,-0.0004823484217865921,1508.2483067276748,63.056008971492375,-63.056008971492375,120659.86453821401,5044.480717719391,-5044.480717719391,1017757.7101,51867.32127135003,-51867.32127135003,4521.204337094941,4713.5393965887015,4336.717472343596,12.848244936846728,14.09181633586429,11.714415943463466
107_210℃_280_2.0mm.csv,2.0,280,1.4872,0.300027588,1.498015,0.300078522,0.010815,1.24045533,210,0.010815000000000019,940376.8080000001,1618.1229773462755,80.0,129449.83818770204,11.06957842560002,4854.368932038827,0.011620999999999992,0.0004823484217865921,-0.0004823484217865921,1508.2483067276748,63.056008971492375,-63.056008971492375,120659.86453821401,5044.480717719391,-5044.480717719391,1017757.7101,51867.32127135003,-51867.32127135003,4521.204337094941,4713.5393965887015,4336.717472343596,12.848244936846728,14.09181633586429,11.714415943463466
108_210℃_280_2.0mm.csv,2.0,280,1.486915,0.300088141,1.49866,0.300074438,0.011745,1.322630107,210,0.011745000000000116,1022555.669,1489.9957428692912,80.0,119199.6594295433,13.072017776767476,4469.9872286078735,0.011620999999999992,0.0004823484217865921,-0.0004823484217865921,1508.2483067276748,63.056008971492375,-63.056008971492375,120659.86453821401,5044.480717719391,-5044.480717719391,1017757.7101,51867.32127135003,-51867.32127135003,4521.204337094941,4713.5393965887015,4336.717472343596,12.848244936846728,14.09181633586429,11.714415943463466
109_210℃_280_2.0mm.csv,2.0,280,1.487035,0.300018629,1.498565,0.300047003,0.01153,1.310597536,210,0.011529999999999818,1010550.5329999999,1517.7797051171099,80.0,121422.3764093688,12.682065464478711,4553.339115351329,0.011620999999999992,0.0004823484217865921,-0.0004823484217865921,1508.2483067276748,63.056008971492375,-63.056008971492375,120659.86453821401,5044.480717719391,-5044.480717719391,1017757.7101,51867.32127135003,-51867.32127135003,4521.204337094941,4713.5393965887015,4336.717472343596,12.848244936846728,14.09181633586429,11.714415943463466
110_210℃_280_2.0mm.csv,2.0,280,1.486875,0.300214803,1.49906,0.300046951,0.012185,1.375039146,210,0.012185000000000112,1074992.195,1436.1920393926828,80.0,114895.36315141463,14.257175397088568,4308.576118178049,0.011620999999999992,0.0004823484217865921,-0.0004823484217865921,1508.2483067276748,63.056008971492375,-63.056008971492375,120659.86453821401,5044.480717719391,-5044.480717719391,1017757.7101,51867.32127135003,-51867.32127135003,4521.204337094941,4713.5393965887015,4336.717472343596,12.848244936846728,14.09181633586429,11.714415943463466
111_210℃_320_2.0mm.csv,2.0,320,1.487345,0.300064761,1.498905,0.300258496,0.01156,1.349034065,210,0.011560000000000015,1048775.5690000001,1513.840830449825,80.0,121107.266435986,13.19602239743131,4541.522491349475,0.01102249999999998,0.0006570863717959591,-0.0006570863717959591,1592.6535348576608,93.13437200235875,-93.13437200235875,127412.28278861288,7450.749760188707,-7450.749760188707,981493.3676000001,72844.276865503,-72844.276865503,4770.5148176515295,5060.796651735041,4496.8832362846515,11.727850454535494,13.38996569757782,10.272055910406786
112_210℃_320_2.0mm.csv,2.0,320,1.48746,0.300064967,1.498015,0.300094432,0.010555,1.229327602,210,0.010555000000000092,929233.1699999998,1657.9819990525673,80.0,132638.5599242054,10.675435221061313,4973.945997157702,0.01102249999999998,0.0006570863717959591,-0.0006570863717959591,1592.6535348576608,93.13437200235875,-93.13437200235875,127412.28278861288,7450.749760188707,-7450.749760188707,981493.3676000001,72844.276865503,-72844.276865503,4770.5148176515295,5060.796651735041,4496.8832362846515,11.727850454535494,13.38996569757782,10.272055910406786
113_210℃_320_2.0mm.csv,2.0,320,1.48742,0.300054824,1.49786,0.300210624,0.01044,1.209908629,210,0.010440000000000005,909698.0050000001,1676.2452107279685,80.0,134099.61685823748,10.337139779265312,5028.735632183905,0.01102249999999998,0.0006570863717959591,-0.0006570863717959591,1592.6535348576608,93.13437200235875,-93.13437200235875,127412.28278861288,7450.749760188707,-7450.749760188707,981493.3676000001,72844.276865503,-72844.276865503,4770.5148176515295,5060.796651735041,4496.8832362846515,11.727850454535494,13.38996569757782,10.272055910406786
114_210℃_320_2.0mm.csv,2.0,320,1.48729,0.300122428,1.4989,0.300156444,0.01161,1.347769597,210,0.011609999999999898,1047613.1530000002,1507.3212747631485,80.0,120585.70198105188,13.238409476277436,4521.963824289445,0.01102249999999998,0.0006570863717959591,-0.0006570863717959591,1592.6535348576608,93.13437200235875,-93.13437200235875,127412.28278861288,7450.749760188707,-7450.749760188707,981493.3676000001,72844.276865503,-72844.276865503,4770.5148176515295,5060.796651735041,4496.8832362846515,11.727850454535494,13.38996569757782,10.272055910406786
115_210℃_320_2.0mm.csv,2.0,320,1.487315,0.300097369,1.498735,0.300145677,0.01142,1.325164327,210,0.011419999999999986,1025018.65,1532.399299474608,80.0,122591.94395796863,12.740912090340121,4597.197898423824,0.01102249999999998,0.0006570863717959591,-0.0006570863717959591,1592.6535348576608,93.13437200235875,-93.13437200235875,127412.28278861288,7450.749760188707,-7450.749760188707,981493.3676000001,72844.276865503,-72844.276865503,4770.5148176515295,5060.796651735041,4496.8832362846515,11.727850454535494,13.38996569757782,10.272055910406786
116_210℃_320_2.0mm.csv,2.0,320,1.487445,0.300162005,1.498635,0.300171906,0.01119,1.311090292,210,0.011190000000000033,1010918.3860000002,1563.8963360142939,80.0,125111.7068811435,12.31257332173065,4691.689008042881,0.01102249999999998,0.0006570863717959591,-0.0006570863717959591,1592.6535348576608,93.13437200235875,-93.13437200235875,127412.28278861288,7450.749760188707,-7450.749760188707,981493.3676000001,72844.276865503,-72844.276865503,4770.5148176515295,5060.796651735041,4496.8832362846515,11.727850454535494,13.38996569757782,10.272055910406786
117_210℃_320_2.0mm.csv,2.0,320,1.487505,0.300074792,1.497895,0.300093744,0.01039,1.213387935,210,0.0103899999999999,913294.1910000001,1684.3118383060798,80.0,134744.9470644864,10.32830110964888,5052.935514918239,0.01102249999999998,0.0006570863717959591,-0.0006570863717959591,1592.6535348576608,93.13437200235875,-93.13437200235875,127412.28278861288,7450.749760188707,-7450.749760188707,981493.3676000001,72844.276865503,-72844.276865503,4770.5148176515295,5060.796651735041,4496.8832362846515,11.727850454535494,13.38996569757782,10.272055910406786
118_210℃_320_2.0mm.csv,2.0,320,1.4871,0.300043647,1.49929,0.300050485,0.01219,1.401577465,210,0.012189999999999923,1101526.98,1435.60295324037,80.0,114848.2362592296,14.615089944163174,4306.80885972111,0.01102249999999998,0.0006570863717959591,-0.0006570863717959591,1592.6535348576608,93.13437200235875,-93.13437200235875,127412.28278861288,7450.749760188707,-7450.749760188707,981493.3676000001,72844.276865503,-72844.276865503,4770.5148176515295,5060.796651735041,4496.8832362846515,11.727850454535494,13.38996569757782,10.272055910406786
119_210℃_320_2.0mm.csv,2.0,320,1.487365,0.300108632,1.497965,0.300176912,0.0106,1.223467905,210,0.010599999999999943,923290.9929999999,1650.943396226424,80.0,132075.47169811392,10.652391320598582,4952.8301886792715,0.01102249999999998,0.0006570863717959591,-0.0006570863717959591,1592.6535348576608,93.13437200235875,-93.13437200235875,127412.28278861288,7450.749760188707,-7450.749760188707,981493.3676000001,72844.276865503,-72844.276865503,4770.5148176515295,5060.796651735041,4496.8832362846515,11.727850454535494,13.38996569757782,10.272055910406786
120_210℃_320_2.0mm.csv,2.0,320,1.487565,0.300088096,1.497835,0.300004029,0.01027,1.205568608,210,0.010270000000000001,905564.5790000001,1703.992210321324,80.0,136319.37682570593,10.12261031437279,5111.976630963973,0.01102249999999998,0.0006570863717959591,-0.0006570863717959591,1592.6535348576608,93.13437200235875,-93.13437200235875,127412.28278861288,7450.749760188707,-7450.749760188707,981493.3676000001,72844.276865503,-72844.276865503,4770.5148176515295,5060.796651735041,4496.8832362846515,11.727850454535494,13.38996569757782,10.272055910406786
001_230℃_003_2.0mm.csv,2.0,3,0.46618,0.300000878,1.56216,0.300015448,1.09598,1.588393705,230,1.09598,1288378.2570000002,15.96744466139893,80.0,1277.3955729119145,1536.9108050142697,47.9023339841968,1.060532,0.04919480930161449,-0.04919480930161449,16.533531500559683,0.7758629885831494,-0.7758629885831494,1322.6825200447745,62.06903908665192,-62.06903908665192,1220028.712,61580.564944646576,-61580.564944646576,49.55181455561148,51.919545020279706,47.29206168495199,1405.3014256401827,1548.5914854328653,1275.2698923398186
002_230℃_003_2.0mm.csv,2.0,3,0.45688,0.300009044,1.5674,0.300002662,1.11052,1.586829415,230,1.11052,1286826.753,15.75838346000072,80.0,1260.6706768000577,1555.4251382221064,47.27515038000216,1.060532,0.04919480930161449,-0.04919480930161449,16.533531500559683,0.7758629885831494,-0.7758629885831494,1322.6825200447745,62.06903908665192,-62.06903908665192,1220028.712,61580.564944646576,-61580.564944646576,49.55181455561148,51.919545020279706,47.29206168495199,1405.3014256401827,1548.5914854328653,1275.2698923398186
003_230℃_003_2.0mm.csv,2.0,3,0.4501,0.300010655,1.56546,0.300008946,1.11536,1.583497553,230,1.1153600000000001,1283488.607,15.690001434514414,80.0,1255.2001147611531,1558.1516764119947,47.07000430354324,1.060532,0.04919480930161449,-0.04919480930161449,16.533531500559683,0.7758629885831494,-0.7758629885831494,1322.6825200447745,62.06903908665192,-62.06903908665192,1220028.712,61580.564944646576,-61580.564944646576,49.55181455561148,51.919545020279706,47.29206168495199,1405.3014256401827,1548.5914854328653,1275.2698923398186
004_230℃_003_2.0mm.csv,2.0,3,0.46418,0.300011324,1.46824,0.300009243,1.00406,1.460734444,230,1.00406,1160725.201,17.429237296575902,80.0,1394.3389837260722,1268.5036683712215,52.28771188972771,1.060532,0.04919480930161449,-0.04919480930161449,16.533531500559683,0.7758629885831494,-0.7758629885831494,1322.6825200447745,62.06903908665192,-62.06903908665192,1220028.712,61580.564944646576,-61580.564944646576,49.55181455561148,51.919545020279706,47.29206168495199,1405.3014256401827,1548.5914854328653,1275.2698923398186
005_230℃_003_2.0mm.csv,2.0,3,0.45486,0.300016432,1.50216,0.300011481,1.0473,1.502746112,230,1.0473,1202734.631,16.709634297717944,80.0,1336.7707438174355,1371.0192969211428,50.12890289315383,1.060532,0.04919480930161449,-0.04919480930161449,16.533531500559683,0.7758629885831494,-0.7758629885831494,1322.6825200447745,62.06903908665192,-62.06903908665192,1220028.712,61580.564944646576,-61580.564944646576,49.55181455561148,51.919545020279706,47.29206168495199,1405.3014256401827,1548.5914854328653,1275.2698923398186
006_230℃_003_2.0mm.csv,2.0,3,0.458,0.30000017,1.47306,0.300004102,1.01506,1.464772806,230,1.01506,1164768.7040000001,17.240360175753157,80.0,1379.2288140602525,1286.8681585657034,51.721080527259474,1.060532,0.04919480930161449,-0.04919480930161449,16.533531500559683,0.7758629885831494,-0.7758629885831494,1322.6825200447745,62.06903908665192,-62.06903908665192,1220028.712,61580.564944646576,-61580.564944646576,49.55181455561148,51.919545020279706,47.29206168495199,1405.3014256401827,1548.5914854328653,1275.2698923398186
007_230℃_003_2.0mm.csv,2.0,3,0.44562,0.300006086,1.54246,0.300012911,1.09684,1.554990571,230,1.0968399999999998,1254977.66,15.954925057437732,80.0,1276.3940045950185,1498.2418466333602,47.864775172313195,1.060532,0.04919480930161449,-0.04919480930161449,16.533531500559683,0.7758629885831494,-0.7758629885831494,1322.6825200447745,62.06903908665192,-62.06903908665192,1220028.712,61580.564944646576,-61580.564944646576,49.55181455561148,51.919545020279706,47.29206168495199,1405.3014256401827,1548.5914854328653,1275.2698923398186
008_230℃_003_2.0mm.csv,2.0,3,0.45846,0.300000834,1.48778,0.300016109,1.02932,1.484021319,230,1.0293200000000002,1184005.21,17.001515563673102,80.0,1360.1212450938483,1326.4982234091974,51.004546691019314,1.060532,0.04919480930161449,-0.04919480930161449,16.533531500559683,0.7758629885831494,-0.7758629885831494,1322.6825200447745,62.06903908665192,-62.06903908665192,1220028.712,61580.564944646576,-61580.564944646576,49.55181455561148,51.919545020279706,47.29206168495199,1405.3014256401827,1548.5914854328653,1275.2698923398186
009_230℃_003_2.0mm.csv,2.0,3,0.43776,0.300003686,1.54168,0.300006617,1.10392,1.555839092,230,1.10392,1255832.475,15.852598014348866,80.0,1268.2078411479092,1508.9399573355101,47.5577940430466,1.060532,0.04919480930161449,-0.04919480930161449,16.533531500559683,0.7758629885831494,-0.7758629885831494,1322.6825200447745,62.06903908665192,-62.06903908665192,1220028.712,61580.564944646576,-61580.564944646576,49.55181455561148,51.919545020279706,47.29206168495199,1405.3014256401827,1548.5914854328653,1275.2698923398186
010_230℃_003_2.0mm.csv,2.0,3,0.4442,0.300016215,1.43116,0.30000634,0.98696,1.418555962,230,0.9869600000000001,1118549.622,17.731215044176054,80.0,1418.4972035340843,1201.5931808752327,53.19364513252816,1.060532,0.04919480930161449,-0.04919480930161449,16.533531500559683,0.7758629885831494,-0.7758629885831494,1322.6825200447745,62.06903908665192,-62.06903908665192,1220028.712,61580.564944646576,-61580.564944646576,49.55181455561148,51.919545020279706,47.29206168495199,1405.3014256401827,1548.5914854328653,1275.2698923398186
011_230℃_005_2.0mm.csv,2.0,5,0.8094,0.300019685,1.43832,0.300010253,0.62892,1.37947601,230,0.62892,1079465.7570000002,27.82547859823189,80.0,2226.038287858551,738.9361675019757,83.47643579469566,0.6223859999999999,0.023357796794884436,-0.023357796794884436,28.1528303673172,1.0439427308368294,-1.0439427308368294,2252.226429385376,83.51541846694636,-83.51541846694636,1058247.4272,42286.95964188175,-42286.95964188175,84.40583917887636,87.61379439860379,81.31534236581213,715.9204178071558,773.2917445223303,662.8055300781397
012_230℃_005_2.0mm.csv,2.0,5,0.8072,0.300009517,1.43438,0.300010545,0.62718,1.372387869,230,0.62718,1072377.324,27.90267546796773,80.0,2232.2140374374185,732.0529089157224,83.70802640390319,0.6223859999999999,0.023357796794884436,-0.023357796794884436,28.1528303673172,1.0439427308368294,-1.0439427308368294,2252.226429385376,83.51541846694636,-83.51541846694636,1058247.4272,42286.95964188175,-42286.95964188175,84.40583917887636,87.61379439860379,81.31534236581213,715.9204178071558,773.2917445223303,662.8055300781397
013_230℃_005_2.0mm.csv,2.0,5,0.80788,0.300017736,1.41386,0.300005961,0.60598,1.332778259,230,0.6059799999999999,1032772.2979999998,28.878840885837825,80.0,2310.307270867026,681.1856948484786,86.63652265751348,0.6223859999999999,0.023357796794884436,-0.023357796794884436,28.1528303673172,1.0439427308368294,-1.0439427308368294,2252.226429385376,83.51541846694636,-83.51541846694636,1058247.4272,42286.95964188175,-42286.95964188175,84.40583917887636,87.61379439860379,81.31534236581213,715.9204178071558,773.2917445223303,662.8055300781397
014_230℃_005_2.0mm.csv,2.0,5,0.80442,0.300000594,1.44988,0.300004445,0.64546,1.400063576,230,0.64546,1100059.131,27.112446937068135,80.0,2168.995754965451,772.8371882397388,81.33734081120441,0.6223859999999999,0.023357796794884436,-0.023357796794884436,28.1528303673172,1.0439427308368294,-1.0439427308368294,2252.226429385376,83.51541846694636,-83.51541846694636,1058247.4272,42286.95964188175,-42286.95964188175,84.40583917887636,87.61379439860379,81.31534236581213,715.9204178071558,773.2917445223303,662.8055300781397
015_230℃_005_2.0mm.csv,2.0,5,0.80614,0.300015468,1.41306,0.300008776,0.60692,1.328624954,230,0.60692,1028616.1780000001,28.834113227443485,80.0,2306.729058195479,679.496849797834,86.50233968233047,0.6223859999999999,0.023357796794884436,-0.023357796794884436,28.1528303673172,1.0439427308368294,-1.0439427308368294,2252.226429385376,83.51541846694636,-83.51541846694636,1058247.4272,42286.95964188175,-42286.95964188175,84.40583917887636,87.61379439860379,81.31534236581213,715.9204178071558,773.2917445223303,662.8055300781397
016_230℃_005_2.0mm.csv,2.0,5,0.80686,0.300024729,1.40478,0.300017359,0.59792,1.30849596,230,0.5979199999999999,1008478.601,29.268129515654273,80.0,2341.4503612523417,656.3151293713414,87.80438854696281,0.6223859999999999,0.023357796794884436,-0.023357796794884436,28.1528303673172,1.0439427308368294,-1.0439427308368294,2252.226429385376,83.51541846694636,-83.51541846694636,1058247.4272,42286.95964188175,-42286.95964188175,84.40583917887636,87.61379439860379,81.31534236581213,715.9204178071558,773.2917445223303,662.8055300781397
017_230℃_005_2.0mm.csv,2.0,5,0.7987,0.300013209,1.46604,0.300006641,0.66734,1.430788543,230,0.66734,1130781.902,26.223514250606886,80.0,2097.881140048551,821.3507422918965,78.67054275182066,0.6223859999999999,0.023357796794884436,-0.023357796794884436,28.1528303673172,1.0439427308368294,-1.0439427308368294,2252.226429385376,83.51541846694636,-83.51541846694636,1058247.4272,42286.95964188175,-42286.95964188175,84.40583917887636,87.61379439860379,81.31534236581213,715.9204178071558,773.2917445223303,662.8055300781397
018_230℃_005_2.0mm.csv,2.0,5,0.80474,0.300024192,1.4359,0.300019545,0.63116,1.377358691,230,0.6311599999999999,1077339.146,27.726725394511696,80.0,2218.138031560936,740.1070752537249,83.1801761835351,0.6223859999999999,0.023357796794884436,-0.023357796794884436,28.1528303673172,1.0439427308368294,-1.0439427308368294,2252.226429385376,83.51541846694636,-83.51541846694636,1058247.4272,42286.95964188175,-42286.95964188175,84.40583917887636,87.61379439860379,81.31534236581213,715.9204178071558,773.2917445223303,662.8055300781397
019_230℃_005_2.0mm.csv,2.0,5,0.80544,0.300010075,1.39458,0.300012375,0.58914,1.294495407,230,0.5891399999999999,994483.0320000001,29.704314763893137,80.0,2376.345181111451,637.7031112625632,89.11294429167941,0.6223859999999999,0.023357796794884436,-0.023357796794884436,28.1528303673172,1.0439427308368294,-1.0439427308368294,2252.226429385376,83.51541846694636,-83.51541846694636,1058247.4272,42286.95964188175,-42286.95964188175,84.40583917887636,87.61379439860379,81.31534236581213,715.9204178071558,773.2917445223303,662.8055300781397
020_230℃_005_2.0mm.csv,2.0,5,0.80182,0.300005386,1.42566,0.300002977,0.62384,1.35810388,230,0.62384,1058100.9030000002,28.052064631956913,80.0,2244.165170556553,718.4605902884572,84.15619389587076,0.6223859999999999,0.023357796794884436,-0.023357796794884436,28.1528303673172,1.0439427308368294,-1.0439427308368294,2252.226429385376,83.51541846694636,-83.51541846694636,1058247.4272,42286.95964188175,-42286.95964188175,84.40583917887636,87.61379439860379,81.31534236581213,715.9204178071558,773.2917445223303,662.8055300781397
021_230℃_010_2.0mm.csv,2.0,10,1.11706,0.3000112,1.4279,0.300003288,0.31084,1.240699585,230,0.31084,940696.297,56.29906060996011,80.0,4503.924848796809,318.26507424161093,168.89718182988034,0.31349,0.01208260181693771,-0.01208260181693771,55.89871739962965,2.1800517308650935,-2.1800517308650935,4471.897391970373,174.4041384692074,-174.4041384692074,945222.9894,35577.8388050793,-35577.8388050793,167.5823197828535,174.2072177273572,161.20935900460302,322.0981825862378,347.6900037537516,298.3900546615526
022_230℃_010_2.0mm.csv,2.0,10,1.11952,0.300046601,1.42904,0.300013068,0.30952,1.247847039,230,0.30952,947833.9710000001,56.539157405014215,80.0,4523.132592401137,319.31817219474294,169.61747221504265,0.31349,0.01208260181693771,-0.01208260181693771,55.89871739962965,2.1800517308650935,-2.1800517308650935,4471.897391970373,174.4041384692074,-174.4041384692074,945222.9894,35577.8388050793,-35577.8388050793,167.5823197828535,174.2072177273572,161.20935900460302,322.0981825862378,347.6900037537516,298.3900546615526
023_230℃_010_2.0mm.csv,2.0,10,1.11494,0.300018841,1.42354,0.300033632,0.3086,1.230268293,230,0.3086,930234.661,56.707712248865846,80.0,4536.616979909268,312.45759606487076,170.12313674659754,0.31349,0.01208260181693771,-0.01208260181693771,55.89871739962965,2.1800517308650935,-2.1800517308650935,4471.897391970373,174.4041384692074,-174.4041384692074,945222.9894,35577.8388050793,-35577.8388050793,167.5823197828535,174.2072177273572,161.20935900460302,322.0981825862378,347.6900037537516,298.3900546615526
024_230℃_010_2.0mm.csv,2.0,10,1.11654,0.300037598,1.41076,0.30002727,0.29422,1.185798189,230,0.2942199999999999,885770.919,59.47930120318131,80.0,4758.344096254505,283.6587970483591,178.43790360954392,0.31349,0.01208260181693771,-0.01208260181693771,55.89871739962965,2.1800517308650935,-2.1800517308650935,4471.897391970373,174.4041384692074,-174.4041384692074,945222.9894,35577.8388050793,-35577.8388050793,167.5823197828535,174.2072177273572,161.20935900460302,322.0981825862378,347.6900037537516,298.3900546615526
025_230℃_010_2.0mm.csv,2.0,10,1.1124,0.300024584,1.4333,0.300006465,0.3209,1.259458824,230,0.32089999999999996,959452.3589999999,54.53412277968215,80.0,4362.729822374572,335.1164756496326,163.60236833904645,0.31349,0.01208260181693771,-0.01208260181693771,55.89871739962965,2.1800517308650935,-2.1800517308650935,4471.897391970373,174.4041384692074,-174.4041384692074,945222.9894,35577.8388050793,-35577.8388050793,167.5823197828535,174.2072177273572,161.20935900460302,322.0981825862378,347.6900037537516,298.3900546615526
026_230℃_010_2.0mm.csv,2.0,10,1.11408,0.300017957,1.43774,0.300032251,0.32366,1.274454427,230,0.32366000000000006,974422.176,54.069084842118265,80.0,4325.526787369461,343.2723607990858,162.2072545263548,0.31349,0.01208260181693771,-0.01208260181693771,55.89871739962965,2.1800517308650935,-2.1800517308650935,4471.897391970373,174.4041384692074,-174.4041384692074,945222.9894,35577.8388050793,-35577.8388050793,167.5823197828535,174.2072177273572,161.20935900460302,322.0981825862378,347.6900037537516,298.3900546615526
027_230℃_010_2.0mm.csv,2.0,10,1.1174,0.300026418,1.4134,0.300022144,0.296,1.19199853,230,0.29600000000000004,891976.386,59.121621621621614,80.0,4729.729729729729,287.3741608228572,177.36486486486484,0.31349,0.01208260181693771,-0.01208260181693771,55.89871739962965,2.1800517308650935,-2.1800517308650935,4471.897391970373,174.4041384692074,-174.4041384692074,945222.9894,35577.8388050793,-35577.8388050793,167.5823197828535,174.2072177273572,161.20935900460302,322.0981825862378,347.6900037537516,298.3900546615526
028_230℃_010_2.0mm.csv,2.0,10,1.11406,0.300000186,1.43384,0.300021266,0.31978,1.262277506,230,0.31977999999999995,962256.24,54.725123522421676,80.0,4378.009881793734,334.9227759751836,164.17537056726502,0.31349,0.01208260181693771,-0.01208260181693771,55.89871739962965,2.1800517308650935,-2.1800517308650935,4471.897391970373,174.4041384692074,-174.4041384692074,945222.9894,35577.8388050793,-35577.8388050793,167.5823197828535,174.2072177273572,161.20935900460302,322.0981825862378,347.6900037537516,298.3900546615526
029_230℃_010_2.0mm.csv,2.0,10,1.1132,0.300013377,1.44576,0.300022525,0.33256,1.302563543,230,0.33255999999999997,1002541.018,52.6220832331008,80.0,4209.766658648065,362.88984048552913,157.86624969930241,0.31349,0.01208260181693771,-0.01208260181693771,55.89871739962965,2.1800517308650935,-2.1800517308650935,4471.897391970373,174.4041384692074,-174.4041384692074,945222.9894,35577.8388050793,-35577.8388050793,167.5823197828535,174.2072177273572,161.20935900460302,322.0981825862378,347.6900037537516,298.3900546615526
030_230℃_010_2.0mm.csv,2.0,10,1.11364,0.300036846,1.43246,0.300011465,0.31882,1.257057332,230,0.3188200000000001,957045.8670000001,54.88990653033058,80.0,4391.192522426446,332.1092389844247,164.66971959099175,0.31349,0.01208260181693771,-0.01208260181693771,55.89871739962965,2.1800517308650935,-2.1800517308650935,4471.897391970373,174.4041384692074,-174.4041384692074,945222.9894,35577.8388050793,-35577.8388050793,167.5823197828535,174.2072177273572,161.20935900460302,322.0981825862378,347.6900037537516,298.3900546615526
031_230℃_020_2.0mm.csv,2.0,20,1.30343,0.300019234,1.461085,0.30002279,0.157655,1.229759503,230,0.15765499999999988,929736.713,111.00187117439988,80.0,8880.149693951991,159.54029005498217,333.00561352319966,0.15562950000000003,0.005391962356652271,-0.005391962356652271,112.5682857933399,3.908167926330433,-3.908167926330433,9005.462863467194,312.65343410643425,-312.65343410643425,916159.7773,33951.94089921193,-33951.94089921193,337.52207430322403,349.4305651021504,326.01942136529493,155.01110654139686,166.52036093388926,144.29732806505203
032_230℃_020_2.0mm.csv,2.0,20,1.302275,0.300020148,1.460435,0.300006544,0.15816,1.227808613,230,0.15815999999999986,927802.0690000001,110.64744562468397,80.0,8851.795649974718,159.71828596793455,331.94233687405193,0.15562950000000003,0.005391962356652271,-0.005391962356652271,112.5682857933399,3.908167926330433,-3.908167926330433,9005.462863467194,312.65343410643425,-312.65343410643425,916159.7773,33951.94089921193,-33951.94089921193,337.52207430322403,349.4305651021504,326.01942136529493,155.01110654139686,166.52036093388926,144.29732806505203
033_230℃_020_2.0mm.csv,2.0,20,1.30311,0.300014096,1.462355,0.300006322,0.159245,1.238137851,230,0.15924500000000008,938131.5290000001,109.89356023737004,80.0,8791.484818989604,162.6043595489579,329.68068071211013,0.15562950000000003,0.005391962356652271,-0.005391962356652271,112.5682857933399,3.908167926330433,-3.908167926330433,9005.462863467194,312.65343410643425,-312.65343410643425,916159.7773,33951.94089921193,-33951.94089921193,337.52207430322403,349.4305651021504,326.01942136529493,155.01110654139686,166.52036093388926,144.29732806505203
034_230℃_020_2.0mm.csv,2.0,20,1.30388,0.300013433,1.457785,0.300019149,0.153905,1.205411431,230,0.15390500000000018,905392.282,113.70650726097254,80.0,9096.520580877803,151.66737323669136,341.11952178291756,0.15562950000000003,0.005391962356652271,-0.005391962356652271,112.5682857933399,3.908167926330433,-3.908167926330433,9005.462863467194,312.65343410643425,-312.65343410643425,916159.7773,33951.94089921193,-33951.94089921193,337.52207430322403,349.4305651021504,326.01942136529493,155.01110654139686,166.52036093388926,144.29732806505203
035_230℃_020_2.0mm.csv,2.0,20,1.303145,0.300014405,1.457505,0.300011154,0.15436,1.205973007,230,0.15436000000000005,905961.8530000001,113.3713397253174,80.0,9069.707178025392,152.21145211328442,340.1140191759522,0.15562950000000003,0.005391962356652271,-0.005391962356652271,112.5682857933399,3.908167926330433,-3.908167926330433,9005.462863467194,312.65343410643425,-312.65343410643425,916159.7773,33951.94089921193,-33951.94089921193,337.52207430322403,349.4305651021504,326.01942136529493,155.01110654139686,166.52036093388926,144.29732806505203
036_230℃_020_2.0mm.csv,2.0,20,1.30404,0.300015199,1.462,0.300007307,0.15796,1.23667869,230,0.15795999999999988,936671.3829999999,110.78754114965822,80.0,8863.003291972658,161.04120996863114,332.36262344897466,0.15562950000000003,0.005391962356652271,-0.005391962356652271,112.5682857933399,3.908167926330433,-3.908167926330433,9005.462863467194,312.65343410643425,-312.65343410643425,916159.7773,33951.94089921193,-33951.94089921193,337.52207430322403,349.4305651021504,326.01942136529493,155.01110654139686,166.52036093388926,144.29732806505203
037_230℃_020_2.0mm.csv,2.0,20,1.30222,0.300016184,1.467905,0.300019132,0.165685,1.279699338,230,0.16568500000000008,979680.2059999999,105.62211425294983,80.0,8449.769140235987,176.67299584338508,316.86634275884956,0.15562950000000003,0.005391962356652271,-0.005391962356652271,112.5682857933399,3.908167926330433,-3.908167926330433,9005.462863467194,312.65343410643425,-312.65343410643425,916159.7773,33951.94089921193,-33951.94089921193,337.52207430322403,349.4305651021504,326.01942136529493,155.01110654139686,166.52036093388926,144.29732806505203
038_230℃_020_2.0mm.csv,2.0,20,1.30311,0.300015256,1.45369,0.300007514,0.15058,1.178961669,230,0.15057999999999994,878954.1549999999,116.21729313321828,80.0,9297.383450657462,144.05759636451694,348.65187939965483,0.15562950000000003,0.005391962356652271,-0.005391962356652271,112.5682857933399,3.908167926330433,-3.908167926330433,9005.462863467194,312.65343410643425,-312.65343410643425,916159.7773,33951.94089921193,-33951.94089921193,337.52207430322403,349.4305651021504,326.01942136529493,155.01110654139686,166.52036093388926,144.29732806505203
039_230℃_020_2.0mm.csv,2.0,20,1.304725,0.300018652,1.450695,0.300001176,0.14597,1.159093381,230,0.14597000000000016,859092.205,119.88764814687937,80.0,9591.01185175035,136.49163446405453,359.66294444063817,0.15562950000000003,0.005391962356652271,-0.005391962356652271,112.5682857933399,3.908167926330433,-3.908167926330433,9005.462863467194,312.65343410643425,-312.65343410643425,916159.7773,33951.94089921193,-33951.94089921193,337.52207430322403,349.4305651021504,326.01942136529493,155.01110654139686,166.52036093388926,144.29732806505203
040_230℃_020_2.0mm.csv,2.0,20,1.304115,0.300007019,1.45689,0.30002287,0.152775,1.200198248,230,0.1527750000000001,900175.3779999999,114.54753722794952,80.0,9163.80297823596,149.68630571314296,343.64261168384854,0.15562950000000003,0.005391962356652271,-0.005391962356652271,112.5682857933399,3.908167926330433,-3.908167926330433,9005.462863467194,312.65343410643425,-312.65343410643425,916159.7773,33951.94089921193,-33951.94089921193,337.52207430322403,349.4305651021504,326.01942136529493,155.01110654139686,166.52036093388926,144.29732806505203
041_230℃_040_2.0mm.csv,2.0,40,1.414645,0.300060173,1.489085,0.300043407,0.07444,1.337298195,230,0.07444000000000006,1037254.7880000001,235.08866200967202,80.0,18807.092960773763,84.04162875506945,705.2659860290162,0.07428000000000001,0.0018384489235343344,-0.0018384489235343344,235.72555553072448,5.86138415919632,-5.86138415919632,18858.044442457955,468.91073273570527,-468.91073273570527,1030890.6247000002,25517.146185570327,-25517.146185570327,706.9805721898847,724.7374645898078,689.6587438553759,83.30041109241414,87.5257338789103,79.27906663159284
042_230℃_040_2.0mm.csv,2.0,40,1.414295,0.300031957,1.488545,0.300051175,0.07425,1.330724292,230,0.07424999999999993,1030673.1170000001,235.6902356902359,80.0,18855.218855218875,83.29521516979584,707.0707070707078,0.07428000000000001,0.0018384489235343344,-0.0018384489235343344,235.72555553072448,5.86138415919632,-5.86138415919632,18858.044442457955,468.91073273570527,-468.91073273570527,1030890.6247000002,25517.146185570327,-25517.146185570327,706.9805721898847,724.7374645898078,689.6587438553759,83.30041109241414,87.5257338789103,79.27906663159284
043_230℃_040_2.0mm.csv,2.0,40,1.414025,0.300029941,1.488775,0.300012534,0.07475,1.332551842,230,0.07474999999999987,1032539.3080000001,234.11371237458235,80.0,18729.096989966587,84.00796002503387,702.341137123747,0.07428000000000001,0.0018384489235343344,-0.0018384489235343344,235.72555553072448,5.86138415919632,-5.86138415919632,18858.044442457955,468.91073273570527,-468.91073273570527,1030890.6247000002,25517.146185570327,-25517.146185570327,706.9805721898847,724.7374645898078,689.6587438553759,83.30041109241414,87.5257338789103,79.27906663159284
044_230℃_040_2.0mm.csv,2.0,40,1.41408,0.300040656,1.491405,0.300035832,0.077325,1.372315735,230,0.07732500000000009,1072279.903,226.31749110895544,80.0,18105.399288716435,90.24657795861235,678.9524733268663,0.07428000000000001,0.0018384489235343344,-0.0018384489235343344,235.72555553072448,5.86138415919632,-5.86138415919632,18858.044442457955,468.91073273570527,-468.91073273570527,1030890.6247000002,25517.146185570327,-25517.146185570327,706.9805721898847,724.7374645898078,689.6587438553759,83.30041109241414,87.5257338789103,79.27906663159284
045_230℃_040_2.0mm.csv,2.0,40,1.414065,0.300057586,1.48796,0.300021377,0.073895,1.321220105,230,0.07389500000000004,1021198.7280000001,236.82251843832452,80.0,18945.80147506596,82.13494422373884,710.4675553149734,0.07428000000000001,0.0018384489235343344,-0.0018384489235343344,235.72555553072448,5.86138415919632,-5.86138415919632,18858.044442457955,468.91073273570527,-468.91073273570527,1030890.6247000002,25517.146185570327,-25517.146185570327,706.9805721898847,724.7374645898078,689.6587438553759,83.30041109241414,87.5257338789103,79.27906663159284
046_230℃_040_2.0mm.csv,2.0,40,1.41459,0.300020123,1.485725,0.300035885,0.071135,1.287759685,230,0.07113499999999995,987723.7999999999,246.01110564419784,80.0,19680.888451535826,76.47535511619041,738.0333169325935,0.07428000000000001,0.0018384489235343344,-0.0018384489235343344,235.72555553072448,5.86138415919632,-5.86138415919632,18858.044442457955,468.91073273570527,-468.91073273570527,1030890.6247000002,25517.146185570327,-25517.146185570327,706.9805721898847,724.7374645898078,689.6587438553759,83.30041109241414,87.5257338789103,79.27906663159284
047_230℃_040_2.0mm.csv,2.0,40,1.414335,0.30000783,1.490645,0.300007681,0.07631,1.360817035,230,0.0763100000000001,1060809.3539999998,229.32774210457316,80.0,18346.21936836585,88.1092373374042,687.9832263137193,0.07428000000000001,0.0018384489235343344,-0.0018384489235343344,235.72555553072448,5.86138415919632,-5.86138415919632,18858.044442457955,468.91073273570527,-468.91073273570527,1030890.6247000002,25517.146185570327,-25517.146185570327,706.9805721898847,724.7374645898078,689.6587438553759,83.30041109241414,87.5257338789103,79.27906663159284
048_230℃_040_2.0mm.csv,2.0,40,1.41481,0.300013632,1.486705,0.3000267,0.071895,1.301267554,230,0.07189500000000004,1001240.8540000002,243.4105292440363,80.0,19472.842339522904,78.3501618485225,730.2315877321089,0.07428000000000001,0.0018384489235343344,-0.0018384489235343344,235.72555553072448,5.86138415919632,-5.86138415919632,18858.044442457955,468.91073273570527,-468.91073273570527,1030890.6247000002,25517.146185570327,-25517.146185570327,706.9805721898847,724.7374645898078,689.6587438553759,83.30041109241414,87.5257338789103,79.27906663159284
049_230℃_040_2.0mm.csv,2.0,40,1.414625,0.300054929,1.48974,0.300018414,0.075115,1.346147452,230,0.07511500000000004,1046129.0380000002,232.97610330826055,80.0,18638.088264660844,85.5292328591783,698.9283099247816,0.07428000000000001,0.0018384489235343344,-0.0018384489235343344,235.72555553072448,5.86138415919632,-5.86138415919632,18858.044442457955,468.91073273570527,-468.91073273570527,1030890.6247000002,25517.146185570327,-25517.146185570327,706.9805721898847,724.7374645898078,689.6587438553759,83.30041109241414,87.5257338789103,79.27906663159284
050_230℃_040_2.0mm.csv,2.0,40,1.41422,0.30002784,1.487905,0.300035621,0.073685,1.319092978,230,0.073685,1019057.3570000001,237.4974553844066,80.0,18999.79643075253,81.72978650399456,712.4923661532199,0.07428000000000001,0.0018384489235343344,-0.0018384489235343344,235.72555553072448,5.86138415919632,-5.86138415919632,18858.044442457955,468.91073273570527,-468.91073273570527,1030890.6247000002,25517.146185570327,-25517.146185570327,706.9805721898847,724.7374645898078,689.6587438553759,83.30041109241414,87.5257338789103,79.27906663159284
051_230℃_080_2.0mm.csv,2.0,80,1.46416,0.300084993,1.500965,0.300079013,0.036805,1.534220274,230,0.0368050000000002,1234141.261,475.4788751528299,80.0,38038.31001222639,49.43953100528462,1426.4366254584897,0.036798500000000026,0.0006483528274704137,-0.0006483528274704137,475.6938050663057,8.258259028393182,-8.258259028393182,38055.504405304455,660.6607222714541,-660.6607222714541,1233904.7173000001,22612.497026180772,-22612.497026180772,1426.88595589587,1452.0616333400267,1402.1467714491314,49.40708603742354,51.20067303089178,47.676329356775554
052_230℃_080_2.0mm.csv,2.0,80,1.464045,0.300105537,1.50211,0.300037667,0.038065,1.574599243,230,0.038065000000000015,1274561.576,459.73991856035707,80.0,36779.19348482857,52.80673348619321,1379.219755681071,0.036798500000000026,0.0006483528274704137,-0.0006483528274704137,475.6938050663057,8.258259028393182,-8.258259028393182,38055.504405304455,660.6607222714541,-660.6607222714541,1233904.7173000001,22612.497026180772,-22612.497026180772,1426.88595589587,1452.0616333400267,1402.1467714491314,49.40708603742354,51.20067303089178,47.676329356775554
053_230℃_080_2.0mm.csv,2.0,80,1.46416,0.300009896,1.500615,0.300073162,0.036455,1.521605191,230,0.036455000000000126,1221532.029,480.0438897270591,80.0,38403.51117816473,48.46906135204915,1440.1316691811774,0.036798500000000026,0.0006483528274704137,-0.0006483528274704137,475.6938050663057,8.258259028393182,-8.258259028393182,38055.504405304455,660.6607222714541,-660.6607222714541,1233904.7173000001,22612.497026180772,-22612.497026180772,1426.88595589587,1452.0616333400267,1402.1467714491314,49.40708603742354,51.20067303089178,47.676329356775554
054_230℃_080_2.0mm.csv,2.0,80,1.464225,0.300025555,1.50066,0.300071964,0.036435,1.523473847,230,0.036434999999999995,1223401.883,480.30739673390974,80.0,38424.59173871278,48.51662324582856,1440.9221902017293,0.036798500000000026,0.0006483528274704137,-0.0006483528274704137,475.6938050663057,8.258259028393182,-8.258259028393182,38055.504405304455,660.6607222714541,-660.6607222714541,1233904.7173000001,22612.497026180772,-22612.497026180772,1426.88595589587,1452.0616333400267,1402.1467714491314,49.40708603742354,51.20067303089178,47.676329356775554
055_230℃_080_2.0mm.csv,2.0,80,1.46422,0.300090751,1.500655,0.300027562,0.036435,1.523257361,230,0.036434999999999995,1223229.7989999999,480.30739673390974,80.0,38424.59173871278,48.50979888605713,1440.9221902017293,0.036798500000000026,0.0006483528274704137,-0.0006483528274704137,475.6938050663057,8.258259028393182,-8.258259028393182,38055.504405304455,660.6607222714541,-660.6607222714541,1233904.7173000001,22612.497026180772,-22612.497026180772,1426.88595589587,1452.0616333400267,1402.1467714491314,49.40708603742354,51.20067303089178,47.676329356775554
056_230℃_080_2.0mm.csv,2.0,80,1.46414,0.300011408,1.50044,0.300001522,0.0363,1.515556558,230,0.0363,1215555.036,482.09366391184574,80.0,38567.49311294766,48.02682754481633,1446.2809917355373,0.036798500000000026,0.0006483528274704137,-0.0006483528274704137,475.6938050663057,8.258259028393182,-8.258259028393182,38055.504405304455,660.6607222714541,-660.6607222714541,1233904.7173000001,22612.497026180772,-22612.497026180772,1426.88595589587,1452.0616333400267,1402.1467714491314,49.40708603742354,51.20067303089178,47.676329356775554
057_230℃_080_2.0mm.csv,2.0,80,1.464255,0.300019089,1.50183,0.300005781,0.037575,1.564478266,230,0.037574999999999914,1264472.4849999999,465.7351962741195,80.0,37258.81570192956,51.71434408040803,1397.2055888223585,0.036798500000000026,0.0006483528274704137,-0.0006483528274704137,475.6938050663057,8.258259028393182,-8.258259028393182,38055.504405304455,660.6607222714541,-660.6607222714541,1233904.7173000001,22612.497026180772,-22612.497026180772,1426.88595589587,1452.0616333400267,1402.1467714491314,49.40708603742354,51.20067303089178,47.676329356775554
058_230℃_080_2.0mm.csv,2.0,80,1.464145,0.300080099,1.50051,0.300016397,0.036365,1.517990229,230,0.03636499999999998,1217973.832,481.2319538017327,80.0,38498.55630413861,48.20856424563808,1443.6958614051978,0.036798500000000026,0.0006483528274704137,-0.0006483528274704137,475.6938050663057,8.258259028393182,-8.258259028393182,38055.504405304455,660.6607222714541,-660.6607222714541,1233904.7173000001,22612.497026180772,-22612.497026180772,1426.88595589587,1452.0616333400267,1402.1467714491314,49.40708603742354,51.20067303089178,47.676329356775554
059_230℃_080_2.0mm.csv,2.0,80,1.4641,0.300018842,1.50026,0.300023227,0.03616,1.509308687,230,0.03615999999999997,1209285.46,483.96017699115083,80.0,38716.814159292066,47.59484324745574,1451.8805309734526,0.036798500000000026,0.0006483528274704137,-0.0006483528274704137,475.6938050663057,8.258259028393182,-8.258259028393182,38055.504405304455,660.6607222714541,-660.6607222714541,1233904.7173000001,22612.497026180772,-22612.497026180772,1426.88595589587,1452.0616333400267,1402.1467714491314,49.40708603742354,51.20067303089178,47.676329356775554
060_230℃_080_2.0mm.csv,2.0,80,1.464165,0.30008788,1.501555,0.300026605,0.03739,1.554920417,230,0.037390000000000034,1254893.812,468.03958277614294,80.0,37443.166622091434,51.069909802100725,1404.1187483284289,0.036798500000000026,0.0006483528274704137,-0.0006483528274704137,475.6938050663057,8.258259028393182,-8.258259028393182,38055.504405304455,660.6607222714541,-660.6607222714541,1233904.7173000001,22612.497026180772,-22612.497026180772,1426.88595589587,1452.0616333400267,1402.1467714491314,49.40708603742354,51.20067303089178,47.676329356775554
061_230℃_120_2.0mm.csv,2.0,120,1.47648,0.300109856,1.5012,0.300127514,0.02472,1.571507448,230,0.024720000000000075,1271379.9340000001,707.9288025889946,80.0,56634.30420711957,34.2079041833797,2123.7864077669838,0.025067000000000016,0.0006942349906351024,-0.0006942349906351024,698.6200078764175,19.702848249678727,-19.702848249678727,55889.600630113404,1576.2278599742986,-1576.2278599742986,1292097.8536,39689.05350681067,-39689.05350681067,2095.1189469442083,2154.503811422313,2037.3709150910383,35.22588701828359,37.3640241877321,33.21010365452816
062_230℃_120_2.0mm.csv,2.0,120,1.476515,0.300144419,1.502255,0.300125737,0.02574,1.634488009,230,0.025739999999999874,1334362.2719999999,679.8756798756832,80.0,54390.054390054655,37.38392912248145,2039.6270396270495,0.025067000000000016,0.0006942349906351024,-0.0006942349906351024,698.6200078764175,19.702848249678727,-19.702848249678727,55889.600630113404,1576.2278599742986,-1576.2278599742986,1292097.8536,39689.05350681067,-39689.05350681067,2095.1189469442083,2154.503811422313,2037.3709150910383,35.22588701828359,37.3640241877321,33.21010365452816
063_230℃_120_2.0mm.csv,2.0,120,1.4765,0.300159188,1.50196,0.300151658,0.02546,1.616635627,230,0.025460000000000038,1316483.969,687.3527101335418,80.0,54988.21681068334,36.48183058583952,2062.0581304006255,0.025067000000000016,0.0006942349906351024,-0.0006942349906351024,698.6200078764175,19.702848249678727,-19.702848249678727,55889.600630113404,1576.2278599742986,-1576.2278599742986,1292097.8536,39689.05350681067,-39689.05350681067,2095.1189469442083,2154.503811422313,2037.3709150910383,35.22588701828359,37.3640241877321,33.21010365452816
064_230℃_120_2.0mm.csv,2.0,120,1.47657,0.300071318,1.50038,0.300105225,0.02381,1.522901,230,0.02381000000000011,1222795.7750000001,734.9853002939908,80.0,58798.824023519264,31.689542751292667,2204.9559008819724,0.025067000000000016,0.0006942349906351024,-0.0006942349906351024,698.6200078764175,19.702848249678727,-19.702848249678727,55889.600630113404,1576.2278599742986,-1576.2278599742986,1292097.8536,39689.05350681067,-39689.05350681067,2095.1189469442083,2154.503811422313,2037.3709150910383,35.22588701828359,37.3640241877321,33.21010365452816
065_230℃_120_2.0mm.csv,2.0,120,1.4765,0.300037055,1.50116,0.300021705,0.02466,1.568994386,230,0.024660000000000126,1268972.6809999999,709.651257096509,80.0,56772.100567720714,34.060262654106296,2128.9537712895267,0.025067000000000016,0.0006942349906351024,-0.0006942349906351024,698.6200078764175,19.702848249678727,-19.702848249678727,55889.600630113404,1576.2278599742986,-1576.2278599742986,1292097.8536,39689.05350681067,-39689.05350681067,2095.1189469442083,2154.503811422313,2037.3709150910383,35.22588701828359,37.3640241877321,33.21010365452816
066_230℃_120_2.0mm.csv,2.0,120,1.47639,0.300119995,1.501745,0.300136523,0.025355,1.603784504,230,0.025355000000000016,1303647.9810000001,690.1991717609934,80.0,55215.933740879474,35.97713693415513,2070.5975152829806,0.025067000000000016,0.0006942349906351024,-0.0006942349906351024,698.6200078764175,19.702848249678727,-19.702848249678727,55889.600630113404,1576.2278599742986,-1576.2278599742986,1292097.8536,39689.05350681067,-39689.05350681067,2095.1189469442083,2154.503811422313,2037.3709150910383,35.22588701828359,37.3640241877321,33.21010365452816
067_230℃_120_2.0mm.csv,2.0,120,1.476505,0.300059223,1.501945,0.30017511,0.02544,1.615471079,230,0.02544000000000013,1315295.9689999998,687.8930817610028,80.0,55031.44654088022,36.4202769538614,2063.679245283008,0.025067000000000016,0.0006942349906351024,-0.0006942349906351024,698.6200078764175,19.702848249678727,-19.702848249678727,55889.600630113404,1576.2278599742986,-1576.2278599742986,1292097.8536,39689.05350681067,-39689.05350681067,2095.1189469442083,2154.503811422313,2037.3709150910383,35.22588701828359,37.3640241877321,33.21010365452816
068_230℃_120_2.0mm.csv,2.0,120,1.47648,0.300029172,1.500625,0.300057937,0.024145,1.53744669,230,0.024145000000000083,1237388.7529999998,724.7877407330685,80.0,57983.01925864548,32.51891313326269,2174.3632221992057,0.025067000000000016,0.0006942349906351024,-0.0006942349906351024,698.6200078764175,19.702848249678727,-19.702848249678727,55889.600630113404,1576.2278599742986,-1576.2278599742986,1292097.8536,39689.05350681067,-39689.05350681067,2095.1189469442083,2154.503811422313,2037.3709150910383,35.22588701828359,37.3640241877321,33.21010365452816
069_230℃_120_2.0mm.csv,2.0,120,1.47646,0.300116629,1.50195,0.300039221,0.02549,1.616520868,230,0.02548999999999979,1316481.647,686.5437426441798,80.0,54923.49941153439,36.524753395406506,2059.6312279325393,0.025067000000000016,0.0006942349906351024,-0.0006942349906351024,698.6200078764175,19.702848249678727,-19.702848249678727,55889.600630113404,1576.2278599742986,-1576.2278599742986,1292097.8536,39689.05350681067,-39689.05350681067,2095.1189469442083,2154.503811422313,2037.3709150910383,35.22588701828359,37.3640241877321,33.21010365452816
070_230℃_120_2.0mm.csv,2.0,120,1.47641,0.300051457,1.50226,0.300170217,0.02585,1.634339772,230,0.02584999999999993,1334169.555,676.9825918762108,80.0,54158.60735009686,37.538267207346834,2030.9477756286324,0.025067000000000016,0.0006942349906351024,-0.0006942349906351024,698.6200078764175,19.702848249678727,-19.702848249678727,55889.600630113404,1576.2278599742986,-1576.2278599742986,1292097.8536,39689.05350681067,-39689.05350681067,2095.1189469442083,2154.503811422313,2037.3709150910383,35.22588701828359,37.3640241877321,33.21010365452816
071_230℃_160_2.0mm.csv,2.0,160,1.48159,0.300033587,1.50029,0.300046134,0.0187,1.524253532,230,0.01869999999999994,1224207.3979999998,935.8288770053507,80.0,74866.31016042805,24.91720091711556,2807.486631016052,0.019035000000000003,0.0007523740204623573,-0.0007523740204623573,920.6581640405127,36.527373448679356,-36.527373448679356,73652.653123241,2922.189875894347,-2922.189875894347,1231162.8277,50780.79760818137,-50780.79760818137,2760.022720269467,2871.5516470980097,2652.825493876156,25.47004676029022,27.61614923139346,23.49072191549122
072_230℃_160_2.0mm.csv,2.0,160,1.48153,0.300173699,1.499895,0.300106431,0.018365,1.491564194,230,0.018364999999999965,1191457.7629999998,952.8995371630838,80.0,76231.9629730467,23.816187012239407,2858.698611489251,0.019035000000000003,0.0007523740204623573,-0.0007523740204623573,920.6581640405127,36.527373448679356,-36.527373448679356,73652.653123241,2922.189875894347,-2922.189875894347,1231162.8277,50780.79760818137,-50780.79760818137,2760.022720269467,2871.5516470980097,2652.825493876156,25.47004676029022,27.61614923139346,23.49072191549122
073_230℃_160_2.0mm.csv,2.0,160,1.48148,0.300001106,1.499455,0.300150847,0.017975,1.455196566,230,0.017975000000000074,1155045.7189999998,973.5744089012477,80.0,77885.95271209981,22.5980373322722,2920.7232267037425,0.019035000000000003,0.0007523740204623573,-0.0007523740204623573,920.6581640405127,36.527373448679356,-36.527373448679356,73652.653123241,2922.189875894347,-2922.189875894347,1231162.8277,50780.79760818137,-50780.79760818137,2760.022720269467,2871.5516470980097,2652.825493876156,25.47004676029022,27.61614923139346,23.49072191549122
074_230℃_160_2.0mm.csv,2.0,160,1.48127,0.300061572,1.500715,0.300039498,0.019445,1.559225153,230,0.019444999999999935,1259185.655,899.9742864489616,80.0,71997.94291591692,26.650193264190392,2699.9228593468847,0.019035000000000003,0.0007523740204623573,-0.0007523740204623573,920.6581640405127,36.527373448679356,-36.527373448679356,73652.653123241,2922.189875894347,-2922.189875894347,1231162.8277,50780.79760818137,-50780.79760818137,2760.022720269467,2871.5516470980097,2652.825493876156,25.47004676029022,27.61614923139346,23.49072191549122
075_230℃_160_2.0mm.csv,2.0,160,1.48111,0.300085033,1.500955,0.300103652,0.019845,1.579087802,230,0.019845000000000113,1278984.1500000001,881.8342151675434,80.0,70546.73721340348,27.62605764000016,2645.5026455026305,0.019035000000000003,0.0007523740204623573,-0.0007523740204623573,920.6581640405127,36.527373448679356,-36.527373448679356,73652.653123241,2922.189875894347,-2922.189875894347,1231162.8277,50780.79760818137,-50780.79760818137,2760.022720269467,2871.5516470980097,2652.825493876156,25.47004676029022,27.61614923139346,23.49072191549122
076_230℃_160_2.0mm.csv,2.0,160,1.481145,0.300087583,1.50097,0.300038324,0.019825,1.580074954,230,0.01982499999999998,1280036.6300000001,882.7238335435065,80.0,70617.90668348053,27.620926465033985,2648.1715006305194,0.019035000000000003,0.0007523740204623573,-0.0007523740204623573,920.6581640405127,36.527373448679356,-36.527373448679356,73652.653123241,2922.189875894347,-2922.189875894347,1231162.8277,50780.79760818137,-50780.79760818137,2760.022720269467,2871.5516470980097,2652.825493876156,25.47004676029022,27.61614923139346,23.49072191549122
077_230℃_160_2.0mm.csv,2.0,160,1.481275,0.300099172,1.500835,0.30019332,0.01956,1.569440382,230,0.019560000000000022,1269247.0620000002,894.6830265848661,80.0,71574.64212678929,27.02201091996738,2684.049079754598,0.019035000000000003,0.0007523740204623573,-0.0007523740204623573,920.6581640405127,36.527373448679356,-36.527373448679356,73652.653123241,2922.189875894347,-2922.189875894347,1231162.8277,50780.79760818137,-50780.79760818137,2760.022720269467,2871.5516470980097,2652.825493876156,25.47004676029022,27.61614923139346,23.49072191549122
078_230℃_160_2.0mm.csv,2.0,160,1.48138,0.300108449,1.49962,0.30001868,0.01824,1.468835251,230,0.018240000000000034,1168816.571,959.4298245614017,80.0,76754.38596491213,23.204586944261273,2878.289473684205,0.019035000000000003,0.0007523740204623573,-0.0007523740204623573,920.6581640405127,36.527373448679356,-36.527373448679356,73652.653123241,2922.189875894347,-2922.189875894347,1231162.8277,50780.79760818137,-50780.79760818137,2760.022720269467,2871.5516470980097,2652.825493876156,25.47004676029022,27.61614923139346,23.49072191549122
079_230℃_160_2.0mm.csv,2.0,160,1.48119,0.30004099,1.501095,0.300143524,0.019905,1.591160724,230,0.01990500000000006,1291017.2000000002,879.1760864104469,80.0,70334.08691283576,27.970282847347026,2637.5282592313406,0.019035000000000003,0.0007523740204623573,-0.0007523740204623573,920.6581640405127,36.527373448679356,-36.527373448679356,73652.653123241,2922.189875894347,-2922.189875894347,1231162.8277,50780.79760818137,-50780.79760818137,2760.022720269467,2871.5516470980097,2652.825493876156,25.47004676029022,27.61614923139346,23.49072191549122
080_230℃_160_2.0mm.csv,2.0,160,1.48143,0.300064022,1.49992,0.30015037,0.01849,1.493780499,230,0.018489999999999895,1193630.1290000002,946.4575446187182,80.0,75716.60356949746,24.02200934444613,2839.3726338561546,0.019035000000000003,0.0007523740204623573,-0.0007523740204623573,920.6581640405127,36.527373448679356,-36.527373448679356,73652.653123241,2922.189875894347,-2922.189875894347,1231162.8277,50780.79760818137,-50780.79760818137,2760.022720269467,2871.5516470980097,2652.825493876156,25.47004676029022,27.61614923139346,23.49072191549122
081_230℃_200_2.0mm.csv,2.0,200,1.48382,0.300030797,1.49947,0.300020043,0.01565,1.446761865,230,0.015650000000000164,1146741.8220000002,1118.2108626197967,80.0,89456.86900958374,19.533615797877758,3354.6325878593902,0.015598499999999982,0.0003249021220135268,-0.0003249021220135268,1122.3473788801043,23.72391618813571,-23.72391618813571,89787.79031040832,1897.913295050858,-1897.913295050858,1145076.7635,28335.098935623715,-28335.098935623715,3366.371852097098,3437.75357400141,3296.4723045582077,19.431846256799123,20.330417508144695,18.57299038726611
082_230℃_200_2.0mm.csv,2.0,200,1.48386,0.30019537,1.499635,0.300038162,0.015775,1.463241944,230,0.015775000000000095,1163203.7820000001,1109.3502377179013,80.0,88748.0190174321,19.972288066449103,3328.050713153704,0.015598499999999982,0.0003249021220135268,-0.0003249021220135268,1122.3473788801043,23.72391618813571,-23.72391618813571,89787.79031040832,1897.913295050858,-1897.913295050858,1145076.7635,28335.098935623715,-28335.098935623715,3366.371852097098,3437.75357400141,3296.4723045582077,19.431846256799123,20.330417508144695,18.57299038726611
083_230℃_200_2.0mm.csv,2.0,200,1.484045,0.300168809,1.498985,0.30019216,0.01494,1.39776478,230,0.014939999999999953,1097572.62,1171.3520749665365,80.0,93708.16599732293,17.847874767673414,3514.0562248996093,0.015598499999999982,0.0003249021220135268,-0.0003249021220135268,1122.3473788801043,23.72391618813571,-23.72391618813571,89787.79031040832,1897.913295050858,-1897.913295050858,1145076.7635,28335.098935623715,-28335.098935623715,3366.371852097098,3437.75357400141,3296.4723045582077,19.431846256799123,20.330417508144695,18.57299038726611
084_230℃_200_2.0mm.csv,2.0,200,1.48395,0.300198922,1.49974,0.300006802,0.01579,1.473618419,230,0.01578999999999997,1173611.6169999999,1108.2963901203314,80.0,88663.7112096265,20.170152307406767,3324.889170360994,0.015598499999999982,0.0003249021220135268,-0.0003249021220135268,1122.3473788801043,23.72391618813571,-23.72391618813571,89787.79031040832,1897.913295050858,-1897.913295050858,1145076.7635,28335.098935623715,-28335.098935623715,3366.371852097098,3437.75357400141,3296.4723045582077,19.431846256799123,20.330417508144695,18.57299038726611
085_230℃_200_2.0mm.csv,2.0,200,1.483885,0.300168826,1.49978,0.300016845,0.015895,1.477870407,230,0.015894999999999992,1177853.562,1100.9751494180566,80.0,88078.01195344453,20.377667883526517,3302.92544825417,0.015598499999999982,0.0003249021220135268,-0.0003249021220135268,1122.3473788801043,23.72391618813571,-23.72391618813571,89787.79031040832,1897.913295050858,-1897.913295050858,1145076.7635,28335.098935623715,-28335.098935623715,3366.371852097098,3437.75357400141,3296.4723045582077,19.431846256799123,20.330417508144695,18.57299038726611
086_230℃_200_2.0mm.csv,2.0,200,1.483835,0.300169918,1.499155,0.300027738,0.01532,1.415188816,230,0.01532,1115161.0779999997,1142.2976501305484,80.0,91383.81201044387,18.595121322405436,3426.892950391645,0.015598499999999982,0.0003249021220135268,-0.0003249021220135268,1122.3473788801043,23.72391618813571,-23.72391618813571,89787.79031040832,1897.913295050858,-1897.913295050858,1145076.7635,28335.098935623715,-28335.098935623715,3366.371852097098,3437.75357400141,3296.4723045582077,19.431846256799123,20.330417508144695,18.57299038726611
087_230℃_200_2.0mm.csv,2.0,200,1.48368,0.300058009,1.49947,0.300212115,0.01579,1.446627746,230,0.01578999999999997,1146415.631,1108.2963901203314,80.0,88663.7112096265,19.702751361621736,3324.889170360994,0.015598499999999982,0.0003249021220135268,-0.0003249021220135268,1122.3473788801043,23.72391618813571,-23.72391618813571,89787.79031040832,1897.913295050858,-1897.913295050858,1145076.7635,28335.098935623715,-28335.098935623715,3366.371852097098,3437.75357400141,3296.4723045582077,19.431846256799123,20.330417508144695,18.57299038726611
088_230℃_200_2.0mm.csv,2.0,200,1.483775,0.300142496,1.499155,0.300161277,0.01538,1.415009252,230,0.01537999999999995,1114847.975,1137.8413524057255,80.0,91027.30819245803,18.662706781496535,3413.5240572171765,0.015598499999999982,0.0003249021220135268,-0.0003249021220135268,1122.3473788801043,23.72391618813571,-23.72391618813571,89787.79031040832,1897.913295050858,-1897.913295050858,1145076.7635,28335.098935623715,-28335.098935623715,3366.371852097098,3437.75357400141,3296.4723045582077,19.431846256799123,20.330417508144695,18.57299038726611
089_230℃_200_2.0mm.csv,2.0,200,1.483745,0.300109321,1.499755,0.300162411,0.01601,1.475465281,230,0.016009999999999858,1175302.8699999999,1093.0668332292414,80.0,87445.34665833932,20.480651916952198,3279.2004996877245,0.015598499999999982,0.0003249021220135268,-0.0003249021220135268,1122.3473788801043,23.72391618813571,-23.72391618813571,89787.79031040832,1897.913295050858,-1897.913295050858,1145076.7635,28335.098935623715,-28335.098935623715,3366.371852097098,3437.75357400141,3296.4723045582077,19.431846256799123,20.330417508144695,18.57299038726611
090_230℃_200_2.0mm.csv,2.0,200,1.483975,0.300138142,1.49941,0.300136577,0.015435,1.440193255,230,0.015434999999999865,1140056.678,1133.7868480725722,80.0,90702.94784580577,19.152952190399837,3401.3605442177163,0.015598499999999982,0.0003249021220135268,-0.0003249021220135268,1122.3473788801043,23.72391618813571,-23.72391618813571,89787.79031040832,1897.913295050858,-1897.913295050858,1145076.7635,28335.098935623715,-28335.098935623715,3366.371852097098,3437.75357400141,3296.4723045582077,19.431846256799123,20.330417508144695,18.57299038726611
091_230℃_240_2.0mm.csv,2.0,240,1.485665,0.300157445,1.49807,0.300123064,0.012405,1.279433696,230,0.012405,979310.6319999999,1410.721483272874,80.0,112857.71866182992,13.222692125126528,4232.1644498186215,0.013259500000000046,0.00046994355453012967,-0.00046994355453012967,1321.2980446344218,46.750026910862815,-46.750026910862815,105703.84357075374,3740.002152869025,-3740.002152869025,1046007.0987,46300.67986072748,-46300.67986072748,3961.660366116745,4104.426574806789,3823.8600619135395,15.074494287081773,16.309422649770926,13.933073100809779
092_230℃_240_2.0mm.csv,2.0,240,1.485315,0.300106202,1.499245,0.300121103,0.01393,1.413076073,230,0.013929999999999998,1112954.9700000002,1256.281407035176,80.0,100502.51256281408,16.874517259428572,3768.8442211055285,0.013259500000000046,0.00046994355453012967,-0.00046994355453012967,1321.2980446344218,46.750026910862815,-46.750026910862815,105703.84357075374,3740.002152869025,-3740.002152869025,1046007.0987,46300.67986072748,-46300.67986072748,3961.660366116745,4104.426574806789,3823.8600619135395,15.074494287081773,16.309422649770926,13.933073100809779
093_230℃_240_2.0mm.csv,2.0,240,1.485335,0.300182161,1.498505,0.300184261,0.01317,1.329805711,230,0.013169999999999904,1029621.4499999998,1328.7775246773065,80.0,106302.20197418451,14.759308295510095,3986.3325740319196,0.013259500000000046,0.00046994355453012967,-0.00046994355453012967,1321.2980446344218,46.750026910862815,-46.750026910862815,105703.84357075374,3740.002152869025,-3740.002152869025,1046007.0987,46300.67986072748,-46300.67986072748,3961.660366116745,4104.426574806789,3823.8600619135395,15.074494287081773,16.309422649770926,13.933073100809779
094_230℃_240_2.0mm.csv,2.0,240,1.4853,0.300021433,1.498445,0.300069436,0.013145,1.322813216,230,0.013144999999999962,1022743.7799999999,1331.3046785850172,80.0,106504.37428680138,14.632889238748254,3993.914035755052,0.013259500000000046,0.00046994355453012967,-0.00046994355453012967,1321.2980446344218,46.750026910862815,-46.750026910862815,105703.84357075374,3740.002152869025,-3740.002152869025,1046007.0987,46300.67986072748,-46300.67986072748,3961.660366116745,4104.426574806789,3823.8600619135395,15.074494287081773,16.309422649770926,13.933073100809779
095_230℃_240_2.0mm.csv,2.0,240,1.48531,0.30008296,1.498615,0.300044869,0.013305,1.341752752,230,0.013305000000000122,1041707.8830000001,1315.2950018789809,80.0,105223.60015031847,15.085630893404224,3945.8850056369424,0.013259500000000046,0.00046994355453012967,-0.00046994355453012967,1321.2980446344218,46.750026910862815,-46.750026910862815,105703.84357075374,3740.002152869025,-3740.002152869025,1046007.0987,46300.67986072748,-46300.67986072748,3961.660366116745,4104.426574806789,3823.8600619135395,15.074494287081773,16.309422649770926,13.933073100809779
096_230℃_240_2.0mm.csv,2.0,240,1.48536,0.300142156,1.49941,0.30002455,0.01405,1.431875431,230,0.014049999999999896,1131850.8809999998,1245.5516014234968,80.0,99644.12811387973,17.308848846857014,3736.6548042704903,0.013259500000000046,0.00046994355453012967,-0.00046994355453012967,1321.2980446344218,46.750026910862815,-46.750026910862815,105703.84357075374,3740.002152869025,-3740.002152869025,1046007.0987,46300.67986072748,-46300.67986072748,3961.660366116745,4104.426574806789,3823.8600619135395,15.074494287081773,16.309422649770926,13.933073100809779
097_230℃_240_2.0mm.csv,2.0,240,1.48541,0.300125333,1.49866,0.300102076,0.01325,1.346817066,230,0.013250000000000206,1046714.9900000001,1320.7547169811116,80.0,105660.37735848893,15.095481488435608,3962.264150943335,0.013259500000000046,0.00046994355453012967,-0.00046994355453012967,1321.2980446344218,46.750026910862815,-46.750026910862815,105703.84357075374,3740.002152869025,-3740.002152869025,1046007.0987,46300.67986072748,-46300.67986072748,3961.660366116745,4104.426574806789,3823.8600619135395,15.074494287081773,16.309422649770926,13.933073100809779
098_230℃_240_2.0mm.csv,2.0,240,1.48545,0.3001323,1.498815,0.300134151,0.013365,1.363781992,230,0.013365000000000071,1063647.841,1309.39019827908,80.0,104751.21586232641,15.472820021730696,3928.17059483724,0.013259500000000046,0.00046994355453012967,-0.00046994355453012967,1321.2980446344218,46.750026910862815,-46.750026910862815,105703.84357075374,3740.002152869025,-3740.002152869025,1046007.0987,46300.67986072748,-46300.67986072748,3961.660366116745,4104.426574806789,3823.8600619135395,15.074494287081773,16.309422649770926,13.933073100809779
099_230℃_240_2.0mm.csv,2.0,240,1.48541,0.300087761,1.498415,0.300212563,0.013005,1.319469899,230,0.013005000000000155,1019257.3359999999,1345.6362937331635,80.0,107650.90349865308,14.427691596930785,4036.90888119949,0.013259500000000046,0.00046994355453012967,-0.00046994355453012967,1321.2980446344218,46.750026910862815,-46.750026910862815,105703.84357075374,3740.002152869025,-3740.002152869025,1046007.0987,46300.67986072748,-46300.67986072748,3961.660366116745,4104.426574806789,3823.8600619135395,15.074494287081773,16.309422649770926,13.933073100809779
100_230℃_240_2.0mm.csv,2.0,240,1.48538,0.300153117,1.49835,0.300075188,0.01297,1.312336412,230,0.012970000000000148,1012261.2239999999,1349.267540478011,80.0,107941.40323824088,14.290098585338935,4047.802621434033,0.013259500000000046,0.00046994355453012967,-0.00046994355453012967,1321.2980446344218,46.750026910862815,-46.750026910862815,105703.84357075374,3740.002152869025,-3740.002152869025,1046007.0987,46300.67986072748,-46300.67986072748,3961.660366116745,4104.426574806789,3823.8600619135395,15.074494287081773,16.309422649770926,13.933073100809779
101_230℃_280_2.0mm.csv,2.0,280,1.4863,0.300015349,1.49835,0.30000162,0.01205,1.295427516,230,0.012050000000000116,995425.896,1452.2821576763345,80.0,116182.57261410676,13.055653928489923,4356.846473029003,0.011827499999999968,0.0005575155702858371,-0.0005575155702858371,1482.6637832268286,72.28014009253678,-72.28014009253678,118613.1026581463,5782.41120740295,-5782.41120740295,975950.2279999999,56829.28221934863,-56829.28221934863,4443.345732010658,4661.455432325594,4235.441393961244,12.531224670179641,13.949502281513897,11.257146568062119
102_230℃_280_2.0mm.csv,2.0,280,1.4863,0.300115924,1.49806,0.300140168,0.01176,1.260969921,230,0.011759999999999993,960829.753,1488.095238095239,80.0,119047.61904761911,12.298620838399994,4464.2857142857165,0.011827499999999968,0.0005575155702858371,-0.0005575155702858371,1482.6637832268286,72.28014009253678,-72.28014009253678,118613.1026581463,5782.41120740295,-5782.41120740295,975950.2279999999,56829.28221934863,-56829.28221934863,4443.345732010658,4661.455432325594,4235.441393961244,12.531224670179641,13.949502281513897,11.257146568062119
103_230℃_280_2.0mm.csv,2.0,280,1.48623,0.300093701,1.4987,0.300129037,0.01247,1.33777718,230,0.012469999999999981,1037648.1429999999,1403.3680834001625,80.0,112269.446672013,14.083779421180932,4210.1042502004875,0.011827499999999968,0.0005575155702858371,-0.0005575155702858371,1482.6637832268286,72.28014009253678,-72.28014009253678,118613.1026581463,5782.41120740295,-5782.41120740295,975950.2279999999,56829.28221934863,-56829.28221934863,4443.345732010658,4661.455432325594,4235.441393961244,12.531224670179641,13.949502281513897,11.257146568062119
104_230℃_280_2.0mm.csv,2.0,280,1.486095,0.300204111,1.498675,0.300069391,0.01258,1.335019238,230,0.012580000000000036,1034949.8470000001,1391.0969793322695,80.0,111287.75834658156,14.171068381235417,4173.290937996809,0.011827499999999968,0.0005575155702858371,-0.0005575155702858371,1482.6637832268286,72.28014009253678,-72.28014009253678,118613.1026581463,5782.41120740295,-5782.41120740295,975950.2279999999,56829.28221934863,-56829.28221934863,4443.345732010658,4661.455432325594,4235.441393961244,12.531224670179641,13.949502281513897,11.257146568062119
105_230℃_280_2.0mm.csv,2.0,280,1.486485,0.300160567,1.49715,0.300147985,0.010665,1.155464357,230,0.010664999999999925,855316.3720000001,1640.8813877168423,80.0,131270.5110173474,9.928652089665237,4922.644163150528,0.011827499999999968,0.0005575155702858371,-0.0005575155702858371,1482.6637832268286,72.28014009253678,-72.28014009253678,118613.1026581463,5782.41120740295,-5782.41120740295,975950.2279999999,56829.28221934863,-56829.28221934863,4443.345732010658,4661.455432325594,4235.441393961244,12.531224670179641,13.949502281513897,11.257146568062119
106_230℃_280_2.0mm.csv,2.0,280,1.48652,0.300048513,1.49852,0.300193158,0.012,1.31530043,230,0.01200000000000001,1015107.2719999999,1458.3333333333321,80.0,116666.66666666657,13.258543960816334,4374.999999999996,0.011827499999999968,0.0005575155702858371,-0.0005575155702858371,1482.6637832268286,72.28014009253678,-72.28014009253678,118613.1026581463,5782.41120740295,-5782.41120740295,975950.2279999999,56829.28221934863,-56829.28221934863,4443.345732010658,4661.455432325594,4235.441393961244,12.531224670179641,13.949502281513897,11.257146568062119
107_230℃_280_2.0mm.csv,2.0,280,1.486415,0.300136665,1.49856,0.300236781,0.012145,1.320687491,230,0.01214499999999985,1020450.71,1440.9221902017468,80.0,115273.77521613975,13.489386528380786,4322.766570605241,0.011827499999999968,0.0005575155702858371,-0.0005575155702858371,1482.6637832268286,72.28014009253678,-72.28014009253678,118613.1026581463,5782.41120740295,-5782.41120740295,975950.2279999999,56829.28221934863,-56829.28221934863,4443.345732010658,4661.455432325594,4235.441393961244,12.531224670179641,13.949502281513897,11.257146568062119
108_230℃_280_2.0mm.csv,2.0,280,1.48638,0.300136481,1.49802,0.300127761,0.01164,1.256163152,230,0.011639999999999873,956035.3910000002,1503.436426116855,80.0,120274.9140893484,12.112383076179462,4510.309278350565,0.011827499999999968,0.0005575155702858371,-0.0005575155702858371,1482.6637832268286,72.28014009253678,-72.28014009253678,118613.1026581463,5782.41120740295,-5782.41120740295,975950.2279999999,56829.28221934863,-56829.28221934863,4443.345732010658,4661.455432325594,4235.441393961244,12.531224670179641,13.949502281513897,11.257146568062119
109_230℃_280_2.0mm.csv,2.0,280,1.486365,0.300136835,1.49778,0.300194186,0.011415,1.228191114,230,0.011414999999999953,927996.928,1533.0705212439836,80.0,122645.64169951869,11.529888362579543,4599.211563731951,0.011827499999999968,0.0005575155702858371,-0.0005575155702858371,1482.6637832268286,72.28014009253678,-72.28014009253678,118613.1026581463,5782.41120740295,-5782.41120740295,975950.2279999999,56829.28221934863,-56829.28221934863,4443.345732010658,4661.455432325594,4235.441393961244,12.531224670179641,13.949502281513897,11.257146568062119
110_230℃_280_2.0mm.csv,2.0,280,1.48647,0.300013417,1.49802,0.300133857,0.01155,1.255875825,230,0.01154999999999995,955741.9679999999,1515.1515151515218,80.0,121212.12121212174,12.01504188342852,4545.454545454565,0.011827499999999968,0.0005575155702858371,-0.0005575155702858371,1482.6637832268286,72.28014009253678,-72.28014009253678,118613.1026581463,5782.41120740295,-5782.41120740295,975950.2279999999,56829.28221934863,-56829.28221934863,4443.345732010658,4661.455432325594,4235.441393961244,12.531224670179641,13.949502281513897,11.257146568062119
111_230℃_320_2.0mm.csv,2.0,320,1.48674,0.30004634,1.49837,0.300165887,0.01163,1.290136125,230,0.01163000000000003,989970.238,1504.7291487532207,80.0,120378.33190025765,12.53154162496874,4514.1874462596625,0.011082499999999995,0.0004294262968710931,-0.0004294262968710931,1581.1803575966728,60.64839658127353,-60.64839658127353,126494.42860773383,4851.871726501882,-4851.871726501882,936399.7594000001,44525.95534380243,-44525.95534380243,4740.379361858793,4926.7424342353315,4561.06581464198,11.276518339492403,12.27770509461624,10.356973463767913
112_230℃_320_2.0mm.csv,2.0,320,1.48688,0.300026283,1.49744,0.300015406,0.01056,1.174622983,230,0.010560000000000125,874607.5769999999,1657.1969696969502,80.0,132575.75757575603,10.05263239523277,4971.590909090851,0.011082499999999995,0.0004294262968710931,-0.0004294262968710931,1581.1803575966728,60.64839658127353,-60.64839658127353,126494.42860773383,4851.871726501882,-4851.871726501882,936399.7594000001,44525.95534380243,-44525.95534380243,4740.379361858793,4926.7424342353315,4561.06581464198,11.276518339492403,12.27770509461624,10.356973463767913
113_230℃_320_2.0mm.csv,2.0,320,1.48703,0.300235933,1.497645,0.300155173,0.010615,1.198459658,230,0.010614999999999819,898304.485,1648.6104569006404,80.0,131888.83655205125,10.378777804924992,4945.8313707019215,0.011082499999999995,0.0004294262968710931,-0.0004294262968710931,1581.1803575966728,60.64839658127353,-60.64839658127353,126494.42860773383,4851.871726501882,-4851.871726501882,936399.7594000001,44525.95534380243,-44525.95534380243,4740.379361858793,4926.7424342353315,4561.06581464198,11.276518339492403,12.27770509461624,10.356973463767913
114_230℃_320_2.0mm.csv,2.0,320,1.486875,0.300039219,1.497805,0.300067885,0.01093,1.219317575,230,0.010930000000000106,919249.6900000001,1601.097895699893,80.0,128087.83165599144,10.935944611374257,4803.293687099679,0.011082499999999995,0.0004294262968710931,-0.0004294262968710931,1581.1803575966728,60.64839658127353,-60.64839658127353,126494.42860773383,4851.871726501882,-4851.871726501882,936399.7594000001,44525.95534380243,-44525.95534380243,4740.379361858793,4926.7424342353315,4561.06581464198,11.276518339492403,12.27770509461624,10.356973463767913
115_230℃_320_2.0mm.csv,2.0,320,1.486965,0.300013381,1.49777,0.300073327,0.010805,1.214195137,230,0.010804999999999954,914121.8099999999,1619.6205460435053,80.0,129569.64368348042,10.750569966857096,4858.8616381305155,0.011082499999999995,0.0004294262968710931,-0.0004294262968710931,1581.1803575966728,60.64839658127353,-60.64839658127353,126494.42860773383,4851.871726501882,-4851.871726501882,936399.7594000001,44525.95534380243,-44525.95534380243,4740.379361858793,4926.7424342353315,4561.06581464198,11.276518339492403,12.27770509461624,10.356973463767913
116_230℃_320_2.0mm.csv,2.0,320,1.486885,0.300184881,1.49789,0.300007142,0.011005,1.228516786,230,0.011004999999999932,928509.6439999999,1590.186278964117,80.0,127214.90231712937,11.121903273164556,4770.558836892351,0.011082499999999995,0.0004294262968710931,-0.0004294262968710931,1581.1803575966728,60.64839658127353,-60.64839658127353,126494.42860773383,4851.871726501882,-4851.871726501882,936399.7594000001,44525.95534380243,-44525.95534380243,4740.379361858793,4926.7424342353315,4561.06581464198,11.276518339492403,12.27770509461624,10.356973463767913
117_230℃_320_2.0mm.csv,2.0,320,1.48671,0.300064427,1.49809,0.300078828,0.01138,1.254552174,230,0.011379999999999946,954473.3460000001,1537.7855887522041,80.0,123022.84710017632,11.822483458481578,4613.356766256612,0.011082499999999995,0.0004294262968710931,-0.0004294262968710931,1581.1803575966728,60.64839658127353,-60.64839658127353,126494.42860773383,4851.871726501882,-4851.871726501882,936399.7594000001,44525.95534380243,-44525.95534380243,4740.379361858793,4926.7424342353315,4561.06581464198,11.276518339492403,12.27770509461624,10.356973463767913
118_230℃_320_2.0mm.csv,2.0,320,1.48669,0.300138333,1.49811,0.300252353,0.01142,1.257425197,230,0.011419999999999986,957172.844,1532.399299474608,80.0,122591.94395796863,11.897593337121076,4597.197898423824,0.011082499999999995,0.0004294262968710931,-0.0004294262968710931,1581.1803575966728,60.64839658127353,-60.64839658127353,126494.42860773383,4851.871726501882,-4851.871726501882,936399.7594000001,44525.95534380243,-44525.95534380243,4740.379361858793,4926.7424342353315,4561.06581464198,11.276518339492403,12.27770509461624,10.356973463767913
119_230℃_320_2.0mm.csv,2.0,320,1.486975,0.3001644,1.49771,0.300100305,0.010735,1.206483579,230,0.010735000000000161,906383.274,1630.1816488122718,80.0,130414.53190498173,10.590502798791997,4890.544946436816,0.011082499999999995,0.0004294262968710931,-0.0004294262968710931,1581.1803575966728,60.64839658127353,-60.64839658127353,126494.42860773383,4851.871726501882,-4851.871726501882,936399.7594000001,44525.95534380243,-44525.95534380243,4740.379361858793,4926.7424342353315,4561.06581464198,11.276518339492403,12.27770509461624,10.356973463767913
120_230℃_320_2.0mm.csv,2.0,320,1.486885,0.300184677,1.49863,0.30018232,0.011745,1.321387006,230,0.011744999999999894,1021204.6859999999,1489.9957428693194,80.0,119199.65942954556,13.054747251232534,4469.987228607958,0.011082499999999995,0.0004294262968710931,-0.0004294262968710931,1581.1803575966728,60.64839658127353,-60.64839658127353,126494.42860773383,4851.871726501882,-4851.871726501882,936399.7594000001,44525.95534380243,-44525.95534380243,4740.379361858793,4926.7424342353315,4561.06581464198,11.276518339492403,12.27770509461624,10.356973463767913
