元ファイル,キャビティ厚み[mm],射出速度[mm/s],CH03_立ち上がり時間(s),CH03_立ち上がり圧力(MPa),CH04_立ち上がり時間(s),CH04_立ち上がり圧力(MPa),立ち上がり時間差(s),先行列圧力@後発列立ち上がり時(MPa),CH03_最大圧力(MPa),CH03_最大圧力時間(s),CH04_最大圧力(MPa),CH04_最大圧力時間(s),最大圧力差(MPa),先行列圧力@後発列最大時(MPa)
001_190℃_020_0.5mm.csv,0.5,20,1.480965,0.300052787,1.55557,0.300028903,0.074605,12.60449592,48.11512125,1.83222,12.80218493,1.838445,60.91730618,60.68737603
002_190℃_020_0.5mm.csv,0.5,20,1.48122,0.300039548,1.55725,0.300234615,0.07603,12.74079056,47.806155,1.83579,13.22089009,1.841485,61.02704509,60.84288652
003_190℃_020_0.5mm.csv,0.5,20,1.48093,0.300048789,1.556785,0.300223623,0.075855,12.72583919,48.67860244,1.837035,12.82333055,1.84319,61.50193299,61.27239548
004_190℃_020_0.5mm.csv,0.5,20,1.48152,0.300047345,1.55619,0.300199575,0.07467,12.66270612,48.22526914,1.834265,13.03231464,1.84026,61.25758378,61.04895442
005_190℃_020_0.5mm.csv,0.5,20,1.4816,0.300131256,1.556995,0.300021467,0.075395,12.73429686,48.13865447,1.83296,12.91821253,1.839055,61.056867,60.83299334
006_190℃_020_0.5mm.csv,0.5,20,1.4814,0.300129786,1.55696,0.300138372,0.07556,12.69699016,48.2686354,1.834865,12.86809355,1.84084,61.13672895,60.91088793
007_190℃_020_0.5mm.csv,0.5,20,1.48163,0.300127134,1.55741,0.300015932,0.07578,12.76165028,48.21704134,1.83463,12.951491,1.840635,61.16853234,60.95104236
008_190℃_020_0.5mm.csv,0.5,20,1.48168,0.300045873,1.556625,0.300002913,0.074945,12.66419918,48.42130409,1.831505,12.83267337,1.83753,61.25397746,61.02328121
009_190℃_020_0.5mm.csv,0.5,20,1.482015,0.300139469,1.556465,0.300159063,0.07445,12.63367838,48.44528811,1.83448,12.79396342,1.84056,61.23925153,60.99954961
010_190℃_020_0.5mm.csv,0.5,20,1.4808,0.300025588,1.559005,0.300135112,0.078205,12.91078399,47.68061493,1.837725,13.97386269,1.843775,61.65447762,61.46150643
011_190℃_040_0.5mm.csv,0.5,40,1.34661,0.300174867,1.38996,0.300071611,0.04335,10.35735742,39.82195233,1.53303,12.89186931,1.53937,52.71382164,52.36357311
012_190℃_040_0.5mm.csv,0.5,40,1.347105,0.300194394,1.390515,0.300042763,0.04341,10.44648178,39.63965817,1.533315,12.78486752,1.539985,52.4245257,52.06225351
013_190℃_040_0.5mm.csv,0.5,40,1.34414,0.300200645,1.38784,0.300275493,0.0437,10.41402673,39.92410477,1.531285,12.83927165,1.537465,52.76337642,52.42849722
014_190℃_040_0.5mm.csv,0.5,40,1.344745,0.30017848,1.3879,0.300055504,0.043155,10.40948794,39.89706394,1.53098,12.83128217,1.537385,52.72834611,52.37176275
015_190℃_040_0.5mm.csv,0.5,40,1.351825,0.300217373,1.395625,0.300214894,0.0438,10.38810226,39.75978678,1.53848,12.84631567,1.54496,52.60610245,52.2481218
016_190℃_040_0.5mm.csv,0.5,40,1.347175,0.300220168,1.39066,0.300001596,0.043485,10.38239982,39.9529642,1.53386,12.85805544,1.540245,52.81101964,52.45381731
017_190℃_040_0.5mm.csv,0.5,40,1.345445,0.300205312,1.388895,0.30015478,0.04345,10.35131766,39.97661824,1.531265,12.92328364,1.537615,52.89990188,52.55235102
018_190℃_040_0.5mm.csv,0.5,40,1.346545,0.300186761,1.390335,0.300239058,0.04379,10.46479956,39.48055517,1.530685,12.94843853,1.53712,52.42899371,52.0677161
019_190℃_040_0.5mm.csv,0.5,40,1.3455,0.300056307,1.38908,0.300106849,0.04358,10.38097301,39.27427446,1.52873,12.98325612,1.534985,52.25753058,51.88946694
020_190℃_040_0.5mm.csv,0.5,40,1.3459,0.300177078,1.38983,0.300215514,0.04393,10.395506,39.0885405,1.529345,12.93351591,1.53578,52.02205642,51.64940684
021_190℃_080_0.5mm.csv,0.5,80,1.15163,0.300278856,1.172645,0.300028398,0.021015,6.14061055,32.61176087,1.2504,11.63540386,1.256535,44.24716473,43.80510532
022_190℃_080_0.5mm.csv,0.5,80,1.15597,0.300123716,1.17698,0.300315399,0.02101,6.178550795,32.41056875,1.251275,11.85589128,1.257175,44.26646003,43.80031778
023_190℃_080_0.5mm.csv,0.5,80,1.151945,0.300213585,1.172885,0.300168014,0.02094,6.138694946,32.83603543,1.24851,11.86716176,1.25484,44.70319719,44.21041052
024_190℃_080_0.5mm.csv,0.5,80,1.15439,0.300192612,1.1754,0.300222092,0.02101,6.226926259,32.47813168,1.250585,11.81036214,1.2564,44.28849382,43.84050442
025_190℃_080_0.5mm.csv,0.5,80,1.1486,0.300255045,1.169305,0.300077299,0.020705,6.072976936,33.47612849,1.24672,11.78197483,1.252495,45.25810331,44.82088549
026_190℃_080_0.5mm.csv,0.5,80,1.15753,0.300085232,1.178455,0.300082992,0.020925,6.210965248,31.85517874,1.25149,11.85367747,1.25736,43.70885621,43.23601527
027_190℃_080_0.5mm.csv,0.5,80,1.153855,0.300124812,1.17473,0.300252964,0.020875,6.140384605,32.60908558,1.24942,11.90687533,1.254775,44.51596091,44.0909004
028_190℃_080_0.5mm.csv,0.5,80,1.15207,0.300021308,1.17308,0.300109617,0.02101,6.198677634,32.70439836,1.248205,11.91674765,1.25457,44.62114602,44.10592219
029_190℃_080_0.5mm.csv,0.5,80,1.15236,0.30017448,1.173345,0.300219183,0.020985,6.191457895,32.49800861,1.248245,11.8619271,1.25398,44.3599357,43.90894071
030_190℃_080_0.5mm.csv,0.5,80,1.152155,0.300089283,1.172995,0.300343131,0.02084,6.148914754,33.05552691,1.24971,11.79208191,1.255595,44.84760881,44.41387528
031_190℃_120_0.5mm.csv,0.5,120,1.095035,0.300004481,1.108155,0.300275038,0.01312,3.753596403,34.56620096,1.1738,10.96429806,1.18079,45.53049903,45.07574511
032_190℃_120_0.5mm.csv,0.5,120,1.09572,0.30005488,1.110385,0.300241757,0.014665,4.150327689,31.33329391,1.16958,11.0431448,1.17642,42.37643871,41.86306783
033_190℃_120_0.5mm.csv,0.5,120,1.09472,0.300171341,1.10896,0.300249719,0.01424,4.054634264,32.40009622,1.169395,11.20226113,1.17595,43.60235735,43.08865974
034_190℃_120_0.5mm.csv,0.5,120,1.094685,0.300060846,1.10868,0.300272959,0.013995,3.991313026,31.54457164,1.166365,11.32345016,1.173145,42.8680218,42.27774272
035_190℃_120_0.5mm.csv,0.5,120,1.094165,0.300100878,1.10878,0.30031612,0.014615,4.164453011,32.76769249,1.168285,11.34670536,1.174975,44.11439786,43.56442292
036_190℃_120_0.5mm.csv,0.5,120,1.0946,0.300127457,1.108765,0.300198808,0.014165,3.925824631,32.3127475,1.167125,11.30470193,1.174485,43.61744942,43.00546555
037_190℃_120_0.5mm.csv,0.5,120,1.092255,0.300003798,1.10732,0.300034929,0.015065,4.240881905,32.1412692,1.165085,11.26337719,1.172335,43.40464639,42.8167805
038_190℃_120_0.5mm.csv,0.5,120,1.09283,0.300343766,1.10697,0.300120274,0.01414,4.066252536,32.1982326,1.165465,11.38871956,1.17248,43.58695217,42.98223055
039_190℃_120_0.5mm.csv,0.5,120,1.092005,0.300192208,1.10638,0.30003439,0.014375,4.08398126,31.52456752,1.16437,11.25444671,1.171435,42.77901423,42.20104104
040_190℃_120_0.5mm.csv,0.5,120,1.09451,0.300278994,1.109375,0.300081359,0.014865,4.152761874,30.93318836,1.165155,11.31439185,1.17148,42.24758021,41.6520191
041_190℃_160_0.5mm.csv,0.5,160,1.06583,0.300061927,1.076955,0.300379041,0.011125,2.955107171,33.21836603,1.13399,11.00987781,1.139025,44.22824384,43.85232724
042_190℃_160_0.5mm.csv,0.5,160,1.06331,0.300188192,1.07486,0.300171107,0.01155,3.242949404,29.99256517,1.13014,13.67982706,1.136305,43.67239223,43.20516784
043_190℃_160_0.5mm.csv,0.5,160,1.06389,0.300076044,1.075285,0.300105686,0.011395,3.150907267,29.33384632,1.129485,13.82281323,1.135215,43.15665955,42.69499267
044_190℃_160_0.5mm.csv,0.5,160,1.06092,0.300254246,1.072175,0.300337787,0.011255,3.039957784,29.16389847,1.126415,13.92258082,1.13331,43.08647929,42.56750881
045_190℃_160_0.5mm.csv,0.5,160,1.06325,0.300004041,1.07459,0.300126272,0.01134,3.112600505,29.89733248,1.12879,13.12620823,1.13531,43.0235407,42.53449834
046_190℃_160_0.5mm.csv,0.5,160,1.06238,0.300151399,1.073755,0.300245318,0.011375,3.203502276,29.99986678,1.128295,13.14038901,1.134865,43.14025579,42.64128793
047_190℃_160_0.5mm.csv,0.5,160,1.061625,0.300026228,1.073075,0.300179625,0.01145,3.129023146,31.55204889,1.126005,10.92796683,1.132435,42.48001572,41.96883824
048_190℃_160_0.5mm.csv,0.5,160,1.063655,0.300129096,1.07502,0.300424246,0.011365,3.132364603,32.57642343,1.13053,11.03966989,1.136665,43.61609332,43.15443423
049_190℃_160_0.5mm.csv,0.5,160,1.063305,0.300048967,1.07439,0.300146913,0.011085,3.040303233,33.51225101,1.131775,11.12904518,1.13762,44.6412962,44.20433571
050_190℃_160_0.5mm.csv,0.5,160,1.063675,0.300155583,1.07472,0.300256088,0.011045,2.962279669,32.20821152,1.12988,11.11436006,1.1361,43.32257158,42.83492968
051_190℃_200_0.5mm.csv,0.5,200,1.0445,0.300005178,1.054,0.300151587,0.0095,2.504834191,32.42945116,1.109475,10.76286768,1.114935,43.19231884,42.8008713
052_190℃_200_0.5mm.csv,0.5,200,1.044845,0.300386232,1.05386,0.300238764,0.009015,2.321655004,32.78083654,1.10984,10.75681514,1.115425,43.53765168,43.14308942
053_190℃_200_0.5mm.csv,0.5,200,1.044995,0.300262059,1.05421,0.300034532,0.009215,2.403174438,32.63591211,1.108755,10.93048524,1.114865,43.56639735,43.10501524
054_190℃_200_0.5mm.csv,0.5,200,1.04294,0.300271613,1.05224,0.300115697,0.0093,2.414714421,32.14246522,1.104805,10.85984141,1.110805,43.00230662,42.53846506
055_190℃_200_0.5mm.csv,0.5,200,1.044175,0.300144652,1.0537,0.30019796,0.009525,2.467555606,33.25607579,1.10853,10.90862516,1.11379,44.16470095,43.7485061
056_190℃_200_0.5mm.csv,0.5,200,1.04338,0.300015544,1.052485,0.30028085,0.009105,2.358657734,32.76804339,1.10768,10.78543958,1.11423,43.55348297,43.09229257
057_190℃_200_0.5mm.csv,0.5,200,1.043485,0.300128587,1.05296,0.300154013,0.009475,2.397719088,32.94533207,1.108175,10.8535039,1.11418,43.79883597,43.36259366
058_190℃_200_0.5mm.csv,0.5,200,1.04282,0.300007508,1.05205,0.300159649,0.00923,2.337707151,32.59587652,1.1061,10.8260467,1.11165,43.42192322,43.00438273
059_190℃_200_0.5mm.csv,0.5,200,1.044625,0.300407835,1.053725,0.300430922,0.0091,2.402124325,32.78291169,1.10784,10.93267734,1.11348,43.71558902,43.28307965
060_190℃_200_0.5mm.csv,0.5,200,1.043445,0.300274523,1.052715,0.300265066,0.00927,2.371801164,31.73469935,1.10526,10.83955583,1.111285,42.57425518,42.11530381
061_190℃_240_0.5mm.csv,0.5,240,1.03071,0.300087816,1.039095,0.300222483,0.008385,2.14398096,33.80339285,1.09467,10.87769848,1.10073,44.68109133,44.23312195
062_190℃_240_0.5mm.csv,0.5,240,1.030245,0.300279147,1.0388,0.300291621,0.008555,2.199556045,32.73435435,1.091935,10.93924108,1.0979,43.67359543,43.18601503
063_190℃_240_0.5mm.csv,0.5,240,1.029715,0.300349268,1.03839,0.300195135,0.008675,2.160233254,32.35158129,1.09173,10.78907906,1.0981,43.14066036,42.65509033
064_190℃_240_0.5mm.csv,0.5,240,1.0304,0.300283579,1.03878,0.300375095,0.00838,2.11659794,32.01613354,1.09191,10.78218223,1.09786,42.79831576,42.33038726
065_190℃_240_0.5mm.csv,0.5,240,1.0298,0.300261992,1.038575,0.300062212,0.008775,2.228274029,31.78952301,1.09019,10.76798584,1.096495,42.55750884,42.05993645
066_190℃_240_0.5mm.csv,0.5,240,1.029685,0.300401628,1.03813,0.300090204,0.008445,2.158824016,32.38527005,1.09194,10.69932356,1.098045,43.08459362,42.6328207
067_190℃_240_0.5mm.csv,0.5,240,1.030335,0.300043466,1.03894,0.300368967,0.008605,2.206011348,31.79155696,1.0918,10.72145232,1.098135,42.51300929,42.0326105
068_190℃_240_0.5mm.csv,0.5,240,1.02996,0.300387961,1.038335,0.300173777,0.008375,2.134469731,32.63000838,1.0932,10.5243529,1.099955,43.15436128,42.698065
069_190℃_240_0.5mm.csv,0.5,240,1.03056,0.300141401,1.039115,0.30022779,0.008555,2.166683903,32.00964301,1.091765,10.70068139,1.09809,42.71032439,42.2365076
070_190℃_240_0.5mm.csv,0.5,240,1.02945,0.300279085,1.03802,0.300116539,0.00857,2.229279327,31.80611481,1.090125,10.69926757,1.09652,42.50538237,42.01375617
071_190℃_280_0.5mm.csv,0.5,280,1.021415,0.300330261,1.029765,0.300001819,0.00835,2.077875433,32.43912783,1.082975,10.86683743,1.08864,43.30596527,42.85427469
072_190℃_280_0.5mm.csv,0.5,280,1.022865,0.300034918,1.030895,0.300094633,0.00803,2.018569821,32.12039116,1.08356,10.79173919,1.089785,42.91213035,42.42043826
073_190℃_280_0.5mm.csv,0.5,280,1.021145,0.300388896,1.029355,0.300418402,0.00821,2.11092965,32.20832621,1.08175,10.82757247,1.087495,43.03589868,42.55526206
074_190℃_280_0.5mm.csv,0.5,280,1.02159,0.300065766,1.029795,0.300134391,0.008205,2.07733027,31.96755942,1.082355,10.84615199,1.088285,42.81371141,42.32965954
075_190℃_280_0.5mm.csv,0.5,280,1.0211,0.300127889,1.029285,0.300319211,0.008185,2.081198421,31.90212973,1.081735,10.76300544,1.088115,42.66513516,42.16455399
076_190℃_280_0.5mm.csv,0.5,280,1.020995,0.300389987,1.02896,0.30041231,0.007965,2.061438539,32.15380341,1.081865,10.71315109,1.0879,42.8669545,42.3943729
077_190℃_280_0.5mm.csv,0.5,280,1.02307,0.300230419,1.03082,0.300079081,0.00775,1.946792764,32.20275101,1.081855,10.86537141,1.088285,43.06812242,42.53172206
078_190℃_280_0.5mm.csv,0.5,280,1.02087,0.300377301,1.028815,0.30031012,0.007945,1.993803641,32.72429135,1.084265,10.56093539,1.091925,43.28522674,42.77573842
079_190℃_280_0.5mm.csv,0.5,280,1.0206,0.300058093,1.03132,0.300153433,0.01072,3.262826013,19.77766617,1.08144,22.5969448,1.09648,42.37461097,39.80955192
080_190℃_280_0.5mm.csv,0.5,280,1.0215,0.300059212,1.031025,0.300225572,0.009525,2.597125864,19.84862274,1.082755,22.47465034,1.0905,42.32327308,41.59840848
081_190℃_320_0.5mm.csv,0.5,320,1.01483,0.300138182,1.02857,0.30027019,0.01374,5.230423372,20.68957523,1.07521,21.9093734,1.101445,42.59894863,36.3214377
082_190℃_320_0.5mm.csv,0.5,320,1.015085,0.300081213,1.028445,0.300066504,0.01336,4.862109254,22.25003414,1.075875,20.48131388,1.086055,42.73134802,41.41691681
083_190℃_320_0.5mm.csv,0.5,320,1.01455,0.300244163,1.026425,0.300283808,0.011875,3.924783049,23.14347688,1.075515,19.26926556,1.085945,42.41274245,41.07196381
084_190℃_320_0.5mm.csv,0.5,320,1.01746,0.300325995,1.02753,0.300140341,0.01007,2.943184577,26.58165916,1.079065,15.73896228,1.090635,42.32062144,40.51891845
085_190℃_320_0.5mm.csv,0.5,320,1.01485,0.300011647,1.026625,0.300129836,0.011775,3.899678528,21.7275388,1.076435,20.57631916,1.084225,42.30385795,41.42621638
086_190℃_320_0.5mm.csv,0.5,320,1.01434,0.300449655,1.029975,0.300370343,0.015635,7.117932849,21.99008754,1.075285,20.06940844,1.077575,42.05949598,41.99433305
087_190℃_320_0.5mm.csv,0.5,320,1.01536,0.300380758,1.0254,0.300018739,0.01004,2.809860527,24.43329735,1.0772,18.49184849,1.08489,42.92514584,42.18266024
088_190℃_320_0.5mm.csv,0.5,320,1.01518,0.300388835,1.024705,0.300082186,0.009525,2.663574889,22.34026533,1.07507,20.04636,1.08384,42.38662533,41.44575548
089_190℃_320_0.5mm.csv,0.5,320,1.015055,0.300350675,1.030795,0.300122644,0.01574,7.034201343,20.54242351,1.07517,22.1865692,1.085005,42.72899271,41.55014348
090_190℃_320_0.5mm.csv,0.5,320,1.01678,0.300176002,1.027235,0.300134419,0.010455,3.032662739,25.98799513,1.07835,17.06047216,1.087275,43.04846729,42.07470167
001_210℃_020_0.5mm.csv,0.5,20,1.4778,0.300019299,1.58061,0.300151548,0.10281,13.7029291,47.92439281,1.87088,13.16133594,1.87895,61.08572876,60.76617691
002_210℃_020_0.5mm.csv,0.5,20,1.477935,0.300091873,1.58053,0.300041866,0.102595,13.59809621,47.83762307,1.87394,13.07665628,1.881825,60.91427935,60.60649094
003_210℃_020_0.5mm.csv,0.5,20,1.47801,0.300053931,1.58079,0.300131155,0.10278,13.64710462,47.98246524,1.87827,13.00984897,1.886175,60.99231421,60.69029849
004_210℃_020_0.5mm.csv,0.5,20,1.478815,0.300028399,1.58047,0.30009118,0.101655,13.56039801,47.67476697,1.877975,12.88831408,1.885595,60.56308104,60.27274005
005_210℃_020_0.5mm.csv,0.5,20,1.47814,0.300080872,1.58142,0.300079606,0.10328,13.68006167,48.01103888,1.87329,13.18864398,1.88129,61.19968287,60.88241218
006_210℃_020_0.5mm.csv,0.5,20,1.47823,0.300046189,1.5813,0.300104214,0.10307,13.62352101,48.46121158,1.87806,13.11462127,1.885935,61.57583285,61.27288374
007_210℃_020_0.5mm.csv,0.5,20,1.478695,0.300059104,1.581415,0.300107257,0.10272,13.63177868,47.50358531,1.87635,12.94846018,1.88403,60.45204549,60.15699331
008_210℃_020_0.5mm.csv,0.5,20,1.47854,0.300033508,1.58083,0.300134724,0.10229,13.60598518,48.18113561,1.87876,13.06897047,1.88655,61.25010608,60.95252688
009_210℃_020_0.5mm.csv,0.5,20,1.47818,0.300107132,1.58143,0.300020064,0.10325,13.65672068,47.66978204,1.87662,13.05499778,1.884375,60.72477982,60.42591709
010_210℃_020_0.5mm.csv,0.5,20,1.478545,0.300087486,1.58118,0.300127121,0.102635,13.61196778,48.20174003,1.878925,13.05621919,1.88676,61.25795922,60.95766054
011_210℃_040_0.5mm.csv,0.5,40,1.32121,0.300070214,1.36732,0.300165122,0.04611,9.782222159,37.17957134,1.507125,12.31052332,1.52285,49.49009466,48.91753409
012_210℃_040_0.5mm.csv,0.5,40,1.32095,0.300041919,1.367025,0.300118227,0.046075,9.780588034,34.06962629,1.489555,12.81142537,1.502215,46.88105166,46.25206935
013_210℃_040_0.5mm.csv,0.5,40,1.324075,0.30006551,1.37005,0.300151843,0.045975,9.78717035,36.4815213,1.520565,11.74812506,1.530715,48.22964636,47.82438286
014_210℃_040_0.5mm.csv,0.5,40,1.327305,0.300104767,1.37281,0.300171785,0.045505,9.763134692,36.65008295,1.519215,12.00283761,1.52993,48.65292056,48.19483296
015_210℃_040_0.5mm.csv,0.5,40,1.327885,0.300218185,1.37398,0.300070867,0.046095,9.827838154,37.65208813,1.521425,12.23264973,1.530135,49.88473786,49.48661262
016_210℃_040_0.5mm.csv,0.5,40,1.327225,0.300129828,1.373155,0.300215176,0.04593,9.850245978,37.88008631,1.51977,12.32622542,1.52667,50.20631174,49.87400155
017_210℃_040_0.5mm.csv,0.5,40,1.32013,0.300098464,1.36643,0.300189398,0.0463,9.80664981,36.6283744,1.491235,12.99043158,1.51447,49.61880598,48.7010485
018_210℃_040_0.5mm.csv,0.5,40,1.322795,0.300186749,1.368395,0.300069784,0.0456,9.815120002,36.49386723,1.50404,12.47250418,1.51912,48.96637141,48.36234273
019_210℃_040_0.5mm.csv,0.5,40,1.32076,0.300053909,1.366795,0.300009478,0.046035,9.809008322,37.38839853,1.51567,11.96558102,1.52768,49.35397955,48.90862461
020_210℃_040_0.5mm.csv,0.5,40,1.322545,0.300012276,1.36868,0.300156313,0.046135,9.849007491,35.98429698,1.498115,12.89142669,1.510215,48.87572366,48.32757496
021_210℃_080_0.5mm.csv,0.5,80,1.14893,0.300103688,1.1704,0.300060826,0.02147,5.997574528,34.34737534,1.2479,11.61163953,1.254595,45.95901488,45.46190905
022_210℃_080_0.5mm.csv,0.5,80,1.150595,0.30004754,1.17157,0.300052709,0.020975,5.909288969,32.62205951,1.24497,11.69762207,1.251565,44.31968158,43.78406863
023_210℃_080_0.5mm.csv,0.5,80,1.147985,0.300281428,1.168915,0.300277293,0.02093,5.827908678,33.76816534,1.24456,11.74585988,1.251445,45.51402522,44.98206467
024_210℃_080_0.5mm.csv,0.5,80,1.148085,0.300071829,1.1696,0.300072823,0.021515,5.970096965,33.31410231,1.244435,11.74483354,1.251375,45.05893585,44.51649168
025_210℃_080_0.5mm.csv,0.5,80,1.14712,0.300285788,1.168305,0.300082959,0.021185,5.825971364,32.82454561,1.24215,11.75845385,1.24935,44.58299947,44.02492216
026_210℃_080_0.5mm.csv,0.5,80,1.147325,0.300142403,1.16892,0.300051308,0.021595,5.951411338,33.11228312,1.244305,11.66299963,1.25154,44.77528275,44.22708332
027_210℃_080_0.5mm.csv,0.5,80,1.149895,0.300179015,1.17096,0.300030817,0.021065,5.843260113,32.16009401,1.24358,11.77177818,1.250805,43.93187219,43.3523399
028_210℃_080_0.5mm.csv,0.5,80,1.146595,0.30023866,1.16767,0.300208688,0.021075,5.799289459,33.26387389,1.24341,11.64602553,1.2501,44.90989942,44.40868769
029_210℃_080_0.5mm.csv,0.5,80,1.146525,0.300091251,1.16822,0.300171642,0.021695,5.972281223,33.29191912,1.243605,11.71271591,1.25134,45.00463503,44.42524601
030_210℃_080_0.5mm.csv,0.5,80,1.147975,0.300180822,1.16916,0.300265254,0.021185,5.87435619,32.41224434,1.242295,11.75860982,1.249465,44.17085416,43.60163744
031_210℃_120_0.5mm.csv,0.5,120,1.09238,0.300170266,1.106545,0.300391174,0.014165,3.906050772,31.80302486,1.163125,11.1244566,1.16928,42.92748146,42.37172656
032_210℃_120_0.5mm.csv,0.5,120,1.08935,0.300312892,1.10319,0.300110684,0.01384,3.805866623,31.81333077,1.15974,11.11165555,1.16607,42.92498632,42.35044722
033_210℃_120_0.5mm.csv,0.5,120,1.08938,0.300256431,1.10317,0.300286606,0.01379,3.754018381,32.1130984,1.16045,11.0819879,1.166735,43.1950863,42.64085055
034_210℃_120_0.5mm.csv,0.5,120,1.08833,0.300252833,1.102415,0.300065674,0.014085,3.745254883,32.35151205,1.159685,11.19915735,1.165495,43.5506694,43.0103799
035_210℃_120_0.5mm.csv,0.5,120,1.08882,0.300125056,1.102595,0.300034172,0.013775,3.689303841,31.60210343,1.158805,11.15954602,1.16492,42.76164946,42.18095499
036_210℃_120_0.5mm.csv,0.5,120,1.091365,0.300038204,1.105785,0.300159492,0.01442,3.892522134,32.41983294,1.16281,11.23419353,1.169065,43.65402648,43.08171943
037_210℃_120_0.5mm.csv,0.5,120,1.092075,0.300066242,1.106265,0.300197521,0.01419,3.784524118,31.74122708,1.16254,11.19699044,1.168525,42.93821751,42.3696862
038_210℃_120_0.5mm.csv,0.5,120,1.091765,0.300213154,1.10569,0.300011362,0.013925,3.741700368,32.36097046,1.16283,11.20448983,1.16889,43.56546029,43.01263733
039_210℃_120_0.5mm.csv,0.5,120,1.090815,0.300166773,1.104725,0.300170628,0.01391,3.73095311,32.04519204,1.16137,11.20572104,1.16735,43.25091308,42.68939375
040_210℃_120_0.5mm.csv,0.5,120,1.08782,0.300038438,1.10185,0.300309684,0.01403,3.745624613,31.93486207,1.15881,11.13548187,1.16492,43.07034394,42.50908014
041_210℃_160_0.5mm.csv,0.5,160,1.062135,0.300237116,1.072955,0.300220692,0.01082,2.820074011,31.68283573,1.124485,10.63265025,1.13078,42.31548598,41.79341988
042_210℃_160_0.5mm.csv,0.5,160,1.06016,0.300221736,1.07075,0.300118649,0.01059,2.746604943,31.95925718,1.12314,10.64131453,1.12928,42.60057171,42.1042294
043_210℃_160_0.5mm.csv,0.5,160,1.059825,0.300037654,1.07059,0.300222402,0.010765,2.768060616,31.56059274,1.121915,10.7065235,1.12765,42.26711623,41.7689986
044_210℃_160_0.5mm.csv,0.5,160,1.060055,0.300119483,1.070985,0.300188342,0.01093,2.80571262,31.74808274,1.12261,10.74031133,1.12851,42.48839406,41.98104017
045_210℃_160_0.5mm.csv,0.5,160,1.06003,0.300364114,1.07086,0.300206078,0.01083,2.853837718,32.29645487,1.123665,10.67990742,1.12929,42.97636229,42.51459672
046_210℃_160_0.5mm.csv,0.5,160,1.059815,0.300363085,1.07043,0.300209773,0.010615,2.750398949,32.18619565,1.123565,10.62026512,1.12947,42.80646077,42.34082214
047_210℃_160_0.5mm.csv,0.5,160,1.06308,0.300299766,1.07391,0.300321432,0.01083,2.777068059,31.59607243,1.12544,10.69588414,1.13107,42.29195657,41.80652833
048_210℃_160_0.5mm.csv,0.5,160,1.062465,0.300322548,1.07315,0.300077471,0.010685,2.839131933,32.27210791,1.125885,10.6171038,1.131765,42.88921171,42.42453206
049_210℃_160_0.5mm.csv,0.5,160,1.05896,0.300251071,1.069835,0.300182369,0.010875,2.779941496,31.55437475,1.1213,10.72012881,1.127155,42.27450356,41.76853089
050_210℃_160_0.5mm.csv,0.5,160,1.05827,0.300148907,1.06915,0.300235411,0.01088,2.845198172,31.86101471,1.12087,10.66362272,1.127085,42.52463744,42.00360681
051_210℃_200_0.5mm.csv,0.5,200,1.045175,0.300258866,1.05413,0.300252948,0.008955,2.237774272,32.37151288,1.10619,10.50298683,1.112155,42.8744997,42.42257709
052_210℃_200_0.5mm.csv,0.5,200,1.042645,0.300360914,1.051555,0.300326467,0.00891,2.225990549,32.16641728,1.1028,10.4873088,1.108865,42.65372608,42.19119454
053_210℃_200_0.5mm.csv,0.5,200,1.04217,0.300410315,1.05059,0.300300672,0.00842,2.179721411,31.81940185,1.10146,10.44888326,1.10711,42.26828511,41.81770462
054_210℃_200_0.5mm.csv,0.5,200,1.042435,0.300415857,1.05103,0.300095906,0.008595,2.220536479,31.68273806,1.1014,10.49382118,1.10697,42.17655925,41.72026347
055_210℃_200_0.5mm.csv,0.5,200,1.04211,0.300038019,1.051,0.300295972,0.00889,2.273511152,32.05336434,1.101415,10.59950567,1.107175,42.65287,42.17565324
056_210℃_200_0.5mm.csv,0.5,200,1.04186,0.300258558,1.05071,0.300044575,0.00885,2.270719359,31.93236677,1.101575,10.45411285,1.10776,42.38647961,41.91808417
057_210℃_200_0.5mm.csv,0.5,200,1.04174,0.300281157,1.050595,0.30005646,0.008855,2.211543431,31.92103497,1.10198,10.44644646,1.10801,42.36748143,41.90408719
058_210℃_200_0.5mm.csv,0.5,200,1.041605,0.300081419,1.050245,0.300155708,0.00864,2.173281238,32.24141819,1.102445,10.40559574,1.108725,42.64701394,42.18862487
059_210℃_200_0.5mm.csv,0.5,200,1.04482,0.300396772,1.05346,0.300377683,0.00864,2.210165673,31.54993031,1.10458,10.36038393,1.11101,41.91031424,41.43817513
060_210℃_200_0.5mm.csv,0.5,200,1.04174,0.300127295,1.05048,0.300065591,0.00874,2.219237016,31.89881164,1.101705,10.46664593,1.10741,42.36545757,41.91446731
061_210℃_240_0.5mm.csv,0.5,240,1.028315,0.300042303,1.03605,0.30030455,0.007735,1.978805017,31.55460837,1.08672,10.35157629,1.092525,41.90618466,41.465301
062_210℃_240_0.5mm.csv,0.5,240,1.03028,0.300059995,1.03859,0.30024032,0.00831,2.021981932,31.09539301,1.087755,10.51803948,1.09342,41.61343249,41.13860853
063_210℃_240_0.5mm.csv,0.5,240,1.027795,0.300057439,1.03578,0.300170559,0.007985,1.973969402,31.4541042,1.085605,10.4336235,1.091215,41.8877277,41.43246513
064_210℃_240_0.5mm.csv,0.5,240,1.02824,0.30033355,1.03636,0.300203381,0.00812,2.029337539,31.03549949,1.08724,10.15147387,1.09411,41.18697336,40.77136869
065_210℃_240_0.5mm.csv,0.5,240,1.02992,0.300211448,1.037945,0.300384923,0.008025,1.994336848,31.57871495,1.089235,10.461123,1.09524,42.03983795,41.58902947
066_210℃_240_0.5mm.csv,0.5,240,1.02927,0.300220151,1.03722,0.300129815,0.00795,2.039933882,31.40650748,1.087565,10.46417956,1.093305,41.87068704,41.41425852
067_210℃_240_0.5mm.csv,0.5,240,1.02819,0.300008559,1.036445,0.300158932,0.008255,2.018215297,31.70761407,1.086585,10.55801388,1.09214,42.26562795,41.8031776
068_210℃_240_0.5mm.csv,0.5,240,1.028905,0.300335987,1.03698,0.300366292,0.008075,1.965224749,31.31319797,1.087375,10.42721584,1.09306,41.74041381,41.30014585
069_210℃_240_0.5mm.csv,0.5,240,1.02869,0.30015497,1.036915,0.300105724,0.008225,2.076658933,31.57826599,1.08721,10.49595228,1.09303,42.07421827,41.60986321
070_210℃_240_0.5mm.csv,0.5,240,1.02938,0.300397169,1.03768,0.300345075,0.0083,2.034633081,31.46756215,1.08783,10.613572,1.093525,42.08113416,41.60575337
071_210℃_280_0.5mm.csv,0.5,280,1.020695,0.300071119,1.028335,0.300018459,0.00764,1.899183552,30.86109297,1.07845,10.40336488,1.083905,41.26445785,40.82680068
072_210℃_280_0.5mm.csv,0.5,280,1.020255,0.300133141,1.028095,0.300412761,0.00784,1.952492372,30.86975461,1.077855,10.46328635,1.08367,41.33304096,40.8542868
073_210℃_280_0.5mm.csv,0.5,280,1.02115,0.300174283,1.02899,0.300309047,0.00784,1.916838525,30.67365021,1.07804,10.49701722,1.083685,41.17066743,40.6827913
074_210℃_280_0.5mm.csv,0.5,280,1.020245,0.300341282,1.027915,0.300212621,0.00767,1.92101579,31.01513668,1.077255,10.48347196,1.082915,41.49860864,41.01336779
075_210℃_280_0.5mm.csv,0.5,280,1.019475,0.300275523,1.02732,0.300175166,0.007845,1.941555662,30.61934316,1.075945,10.46458038,1.081525,41.08392354,40.60022191
076_210℃_280_0.5mm.csv,0.5,280,1.02048,0.30005798,1.02835,0.300223517,0.00787,1.976876371,30.82181015,1.07743,10.52345081,1.082885,41.34526096,40.86855578
077_210℃_280_0.5mm.csv,0.5,280,1.02014,0.300060721,1.027795,0.300101048,0.007655,1.909661183,31.0705837,1.07751,10.47476208,1.08322,41.54534578,41.0658731
078_210℃_280_0.5mm.csv,0.5,280,1.021935,0.300338032,1.0296,0.300114106,0.007665,1.901758218,30.81512281,1.07865,10.46919947,1.084005,41.28432227,40.81310385
079_210℃_280_0.5mm.csv,0.5,280,1.019435,0.300133858,1.02728,0.300239277,0.007845,1.947807677,30.83565488,1.07637,10.49476402,1.081825,41.3304189,40.8544971
080_210℃_280_0.5mm.csv,0.5,280,1.020155,0.300151754,1.02767,0.3002719,0.007515,1.901603068,31.12462729,1.077345,10.46352482,1.08304,41.58815211,41.1101535
081_210℃_320_0.5mm.csv,0.5,320,1.013445,0.300334289,1.021025,0.30040612,0.00758,1.89293341,31.12042087,1.070765,10.50956667,1.076405,41.62998754,41.15469355
082_210℃_320_0.5mm.csv,0.5,320,1.01422,0.300030472,1.021645,0.30036866,0.007425,1.85691067,30.48764562,1.070665,10.50943815,1.076025,40.99708378,40.52492943
083_210℃_320_0.5mm.csv,0.5,320,1.01423,0.300150379,1.02186,0.300348084,0.00763,1.906666666,30.96414833,1.07152,10.58229258,1.07699,41.54644091,41.06838395
084_210℃_320_0.5mm.csv,0.5,320,1.014285,0.300010982,1.02162,0.300435004,0.007335,1.844986287,31.02007664,1.07127,10.51346913,1.07677,41.53354578,41.05876609
085_210℃_320_0.5mm.csv,0.5,320,1.013445,0.30036609,1.02095,0.300351225,0.007505,1.857415728,30.99243665,1.07027,10.47018057,1.07598,41.46261722,40.98106667
086_210℃_320_0.5mm.csv,0.5,320,1.01351,0.300171048,1.02104,0.300162331,0.00753,1.884968963,30.98154771,1.070565,10.48903449,1.076275,41.4705822,40.98869564
087_210℃_320_0.5mm.csv,0.5,320,1.01371,0.300133279,1.02163,0.300284197,0.00792,1.941645272,31.31182989,1.07228,10.51013079,1.07819,41.82196068,41.34660402
088_210℃_320_0.5mm.csv,0.5,320,1.01351,0.300186131,1.02082,0.300420553,0.00731,1.793401092,30.7633862,1.069765,10.49673036,1.07539,41.26011655,40.77239624
089_210℃_320_0.5mm.csv,0.5,320,1.014445,0.300398573,1.0218,0.300401979,0.007355,1.830024912,31.07847722,1.07179,10.57382745,1.077355,41.65230467,41.1661952
090_210℃_320_0.5mm.csv,0.5,320,1.01345,0.300297567,1.02094,0.30025727,0.00749,1.884228173,31.05696466,1.07046,10.4995995,1.07617,41.55656416,41.07313037
001_230℃_020_0.5mm.csv,0.5,20,1.47943,0.30000483,1.58411,0.300063923,0.10468,12.76083981,46.43334999,1.895765,12.47309319,1.903275,58.90644317,58.62877214
002_230℃_020_0.5mm.csv,0.5,20,1.47928,0.300105719,1.5847,0.300029148,0.10542,12.82297205,46.39421563,1.89592,12.52746313,1.903545,58.92167876,58.63729977
003_230℃_020_0.5mm.csv,0.5,20,1.479485,0.300096898,1.584365,0.300158945,0.10488,12.74606848,46.30833758,1.894935,12.50675277,1.902365,58.81509035,58.54082049
004_230℃_020_0.5mm.csv,0.5,20,1.479105,0.300108659,1.58504,0.300072293,0.105935,12.76666002,46.37764092,1.896745,12.51215079,1.904265,58.88979171,58.61328057
005_230℃_020_0.5mm.csv,0.5,20,1.479245,0.300119021,1.58496,0.300051214,0.105715,12.68695881,46.31701049,1.89896,12.44488946,1.90646,58.76189995,58.49049006
006_230℃_020_0.5mm.csv,0.5,20,1.47905,0.300086256,1.58522,0.300156947,0.10617,12.68341714,46.00068649,1.89542,12.46835574,1.9029,58.46904223,58.19400651
007_230℃_020_0.5mm.csv,0.5,20,1.478825,0.300013352,1.585655,0.300185727,0.10683,12.69812521,46.17671891,1.898215,12.47304876,1.905835,58.64976767,58.37051003
008_230℃_020_0.5mm.csv,0.5,20,1.479045,0.300070211,1.58518,0.300011984,0.106135,12.62224478,46.49418096,1.89814,12.55229767,1.905755,59.04647863,58.76349851
009_230℃_020_0.5mm.csv,0.5,20,1.479155,0.30008031,1.58524,0.300054871,0.106085,12.59997688,46.56623033,1.89885,12.53493064,1.90647,59.10116097,58.81779146
010_230℃_020_0.5mm.csv,0.5,20,1.47937,0.300125685,1.585495,0.300000424,0.106125,12.64829789,46.83062904,1.90075,12.54722051,1.908565,59.37784955,59.08987847
011_230℃_040_0.5mm.csv,0.5,40,1.315215,0.300111895,1.360845,0.30002327,0.04563,9.077742594,36.80715529,1.50991,11.77742907,1.52284,48.58458436,48.14121168
012_230℃_040_0.5mm.csv,0.5,40,1.317185,0.30015724,1.36311,0.30018322,0.045925,9.161259181,36.42510298,1.507435,12.05097511,1.51741,48.47607809,48.06857712
013_230℃_040_0.5mm.csv,0.5,40,1.321075,0.300046471,1.36687,0.300134625,0.045795,9.156024891,37.21224832,1.51229,12.16384461,1.52296,49.37609293,48.95378472
014_230℃_040_0.5mm.csv,0.5,40,1.316305,0.300071573,1.36154,0.300157922,0.045235,9.021599554,37.27570435,1.50851,11.99643844,1.52173,49.27214279,48.83404426
015_230℃_040_0.5mm.csv,0.5,40,1.31746,0.300010069,1.363685,0.300177554,0.046225,9.118415366,36.77411499,1.513475,11.84129619,1.52535,48.61541118,48.19539088
016_230℃_040_0.5mm.csv,0.5,40,1.31487,0.300010886,1.36076,0.300082114,0.04589,9.059732277,35.9922216,1.49775,12.30667875,1.513085,48.29890035,47.70311961
017_230℃_040_0.5mm.csv,0.5,40,1.31071,0.300019679,1.35722,0.300123856,0.04651,9.137919655,37.78946916,1.49812,12.19115672,1.52142,49.98062588,49.4195891
018_230℃_040_0.5mm.csv,0.5,40,1.31637,0.300155652,1.361565,0.300119532,0.045195,8.948855705,36.69871499,1.50804,12.07615745,1.51999,48.77487244,48.32439152
019_230℃_040_0.5mm.csv,0.5,40,1.319195,0.300106103,1.364865,0.300030321,0.04567,9.035285322,37.42819906,1.51416,12.09720543,1.52425,49.52540449,49.13652594
020_230℃_040_0.5mm.csv,0.5,40,1.316915,0.300099095,1.36218,0.300181471,0.045265,8.959590009,36.82711777,1.4947,12.29752168,1.52107,49.12463945,48.47493791
021_230℃_080_0.5mm.csv,0.5,80,1.14628,0.300083482,1.167275,0.300220768,0.020995,5.532765507,34.18635093,1.245625,11.51765718,1.252215,45.70400812,45.20540533
022_230℃_080_0.5mm.csv,0.5,80,1.144705,0.300045593,1.16605,0.300090623,0.021345,5.608752561,34.29602307,1.24494,11.48642785,1.251965,45.78245093,45.27072448
023_230℃_080_0.5mm.csv,0.5,80,1.14567,0.300172503,1.16712,0.300299637,0.02145,5.606314022,34.14217582,1.24542,11.52450567,1.252585,45.66668149,45.13681452
024_230℃_080_0.5mm.csv,0.5,80,1.146385,0.300299988,1.16748,0.300232477,0.021095,5.58742733,33.100688,1.244435,11.46408077,1.251225,44.56476877,44.04778484
025_230℃_080_0.5mm.csv,0.5,80,1.141525,0.300146072,1.16273,0.300183209,0.021205,5.559927432,34.05421964,1.241495,11.53043238,1.249565,45.58465202,44.99607101
026_230℃_080_0.5mm.csv,0.5,80,1.15038,0.300120769,1.171775,0.300127602,0.021395,5.699559075,34.40179981,1.24971,11.62278925,1.25643,46.02458906,45.52001603
027_230℃_080_0.5mm.csv,0.5,80,1.14646,0.300030907,1.16787,0.300271543,0.02141,5.64916536,34.41067323,1.245935,11.63270231,1.252965,46.04337553,45.51875032
028_230℃_080_0.5mm.csv,0.5,80,1.147145,0.300228766,1.16838,0.300079587,0.021235,5.627900145,34.47386349,1.24632,11.65976117,1.252735,46.13362466,45.64056447
029_230℃_080_0.5mm.csv,0.5,80,1.144765,0.300060397,1.16591,0.300212957,0.021145,5.531215734,34.46771737,1.244775,11.58413818,1.252205,46.05185554,45.50610337
030_230℃_080_0.5mm.csv,0.5,80,1.14526,0.300247216,1.166255,0.300014326,0.020995,5.609588665,34.95545043,1.246295,11.51731231,1.25273,46.47276273,46.00061986
031_230℃_120_0.5mm.csv,0.5,120,1.087635,0.300049818,1.101385,0.300302649,0.01375,3.556185385,32.34678354,1.161145,10.75848411,1.166775,43.10526766,42.6558969
032_230℃_120_0.5mm.csv,0.5,120,1.087235,0.300251906,1.101385,0.300287095,0.01415,3.709574106,32.39896004,1.160295,10.86157192,1.166525,43.26053195,42.74581151
033_230℃_120_0.5mm.csv,0.5,120,1.08697,0.30028897,1.100845,0.300246523,0.013875,3.614559957,32.7415286,1.16053,10.85368366,1.16619,43.59521226,43.1240987
034_230℃_120_0.5mm.csv,0.5,120,1.0865,0.300060775,1.10049,0.300318272,0.01399,3.615010977,32.82041924,1.159925,10.93302192,1.16571,43.75344116,43.25764531
035_230℃_120_0.5mm.csv,0.5,120,1.08769,0.300032528,1.101815,0.300250001,0.014125,3.696900225,32.81056238,1.16139,10.90616006,1.16731,43.71672244,43.22879386
036_230℃_120_0.5mm.csv,0.5,120,1.08632,0.30005114,1.10051,0.300093691,0.01419,3.708918726,32.35239291,1.15922,10.91009459,1.165535,43.2624875,42.72804084
037_230℃_120_0.5mm.csv,0.5,120,1.086335,0.300267967,1.10014,0.300243961,0.013805,3.645052581,32.47863618,1.159245,10.86274726,1.165465,43.34138344,42.81812415
038_230℃_120_0.5mm.csv,0.5,120,1.08785,0.300298138,1.10217,0.300205386,0.01432,3.719956374,33.83597202,1.16333,10.94315472,1.16972,44.77912674,44.2778892
039_230℃_120_0.5mm.csv,0.5,120,1.089345,0.300041555,1.103245,0.300004542,0.0139,3.631951027,33.17748816,1.16369,10.89766648,1.169555,44.07515463,43.60408905
040_230℃_120_0.5mm.csv,0.5,120,1.087415,0.300233176,1.101635,0.300098623,0.01422,3.732774868,32.39928122,1.160555,10.89332743,1.166715,43.29260866,42.77968085
041_230℃_160_0.5mm.csv,0.5,160,1.06193,0.300185664,1.072515,0.300059817,0.010585,2.703480482,33.049735,1.127425,10.49051637,1.13302,43.54025137,43.11660501
042_230℃_160_0.5mm.csv,0.5,160,1.05881,0.300233086,1.069515,0.300155498,0.010705,2.732354773,32.4837215,1.12343,10.48862335,1.129065,42.97234484,42.5301403
043_230℃_160_0.5mm.csv,0.5,160,1.05815,0.300306547,1.06911,0.300408333,0.01096,2.76396548,33.30187857,1.124355,10.5462536,1.13028,43.84813217,43.39862922
044_230℃_160_0.5mm.csv,0.5,160,1.057745,0.300238636,1.068245,0.300279589,0.0105,2.677326152,32.25203411,1.12192,10.43319993,1.127685,42.68523404,42.23466619
045_230℃_160_0.5mm.csv,0.5,160,1.058735,0.300119093,1.06946,0.300161754,0.010725,2.715117657,32.88606974,1.12411,10.49544212,1.130015,43.38151186,42.93211049
046_230℃_160_0.5mm.csv,0.5,160,1.056375,0.30012456,1.067025,0.300394863,0.01065,2.666867387,32.86678721,1.12127,10.45961818,1.12698,43.32640539,42.87888106
047_230℃_160_0.5mm.csv,0.5,160,1.059695,0.300168554,1.07024,0.30029219,0.010545,2.643699539,33.58294456,1.125865,10.62313174,1.13102,44.2060763,43.81479332
048_230℃_160_0.5mm.csv,0.5,160,1.058795,0.30000122,1.069405,0.300341561,0.01061,2.699120283,32.84458368,1.124185,10.44336719,1.129935,43.28795087,42.85195905
049_230℃_160_0.5mm.csv,0.5,160,1.05816,0.300239441,1.06887,0.300231224,0.01071,2.657831049,32.56406318,1.12312,10.45313552,1.12909,43.0171987,42.55576563
050_230℃_160_0.5mm.csv,0.5,160,1.05783,0.300037874,1.068435,0.300316974,0.010605,2.68646282,32.78520209,1.123145,10.42572793,1.12923,43.21093002,42.75065958
051_230℃_200_0.5mm.csv,0.5,200,1.04012,0.300301768,1.04889,0.300425478,0.00877,2.214856273,31.9307068,1.100445,10.25063085,1.10613,42.18133766,41.75718733
052_230℃_200_0.5mm.csv,0.5,200,1.042215,0.300053609,1.05123,0.300051345,0.009015,2.238408777,32.63279791,1.104345,10.47972601,1.10983,43.11252392,42.69238573
053_230℃_200_0.5mm.csv,0.5,200,1.041375,0.300354128,1.05045,0.300201843,0.009075,2.245042187,32.34144543,1.102765,10.41532505,1.10831,42.75677048,42.33422608
054_230℃_200_0.5mm.csv,0.5,200,1.041645,0.300348177,1.05058,0.300119018,0.008935,2.203970957,32.24141974,1.102935,10.35716464,1.108375,42.59858439,42.18013258
055_230℃_200_0.5mm.csv,0.5,200,1.0402,0.300132254,1.049465,0.300265708,0.009265,2.236172816,33.04957517,1.102665,10.41457525,1.108345,43.46415041,43.05228278
056_230℃_200_0.5mm.csv,0.5,200,1.04156,0.300098573,1.05026,0.300207063,0.0087,2.150829519,32.82744321,1.10354,10.43165653,1.108945,43.25909975,42.85762706
057_230℃_200_0.5mm.csv,0.5,200,1.042295,0.300268991,1.05116,0.300226479,0.008865,2.207312287,32.64404501,1.104565,10.40899392,1.110165,43.05303893,42.64040763
058_230℃_200_0.5mm.csv,0.5,200,1.041,0.300341851,1.049805,0.300142635,0.008805,2.192301028,32.81125214,1.1031,10.37565387,1.108805,43.18690601,42.77138249
059_230℃_200_0.5mm.csv,0.5,200,1.041065,0.300069217,1.050015,0.300092758,0.00895,2.211513795,32.71815123,1.10264,10.48791646,1.107875,43.20606769,42.79763896
060_230℃_200_0.5mm.csv,0.5,200,1.04071,0.300087658,1.04974,0.300093035,0.00903,2.247895755,32.87669124,1.10277,10.35682445,1.108755,43.2335157,42.80406412
061_230℃_240_0.5mm.csv,0.5,240,1.02903,0.300135924,1.036915,0.300287998,0.007885,1.906757104,31.79579685,1.088625,10.30484389,1.094105,42.10064075,41.67527118
062_230℃_240_0.5mm.csv,0.5,240,1.029695,0.300208143,1.03751,0.300093401,0.007815,1.931643512,32.73956296,1.091055,10.35623294,1.096885,43.0957959,42.6679549
063_230℃_240_0.5mm.csv,0.5,240,1.030465,0.300158119,1.038615,0.300091433,0.00815,1.987857447,32.41723723,1.090875,10.3803731,1.096525,42.79761034,42.37439986
064_230℃_240_0.5mm.csv,0.5,240,1.02865,0.300258171,1.036665,0.300105906,0.008015,1.951120535,32.58960982,1.089275,10.37515233,1.094985,42.96476215,42.53988896
065_230℃_240_0.5mm.csv,0.5,240,1.02938,0.300075842,1.037495,0.300127035,0.008115,1.973702393,32.71747924,1.090605,10.42123246,1.096125,43.1387117,42.72499652
066_230℃_240_0.5mm.csv,0.5,240,1.02792,0.300327437,1.03576,0.300007298,0.00784,1.923701524,32.95717584,1.08859,10.35189009,1.094575,43.30906593,42.86790882
067_230℃_240_0.5mm.csv,0.5,240,1.02792,0.300318238,1.035875,0.300101098,0.007955,1.942092943,32.78866361,1.088245,10.33221088,1.093865,43.12087449,42.69715223
068_230℃_240_0.5mm.csv,0.5,240,1.02952,0.300305332,1.037575,0.300236562,0.008055,1.954804666,32.85005558,1.091665,10.29815683,1.09763,43.1482124,42.72795714
069_230℃_240_0.5mm.csv,0.5,240,1.02849,0.300187247,1.036325,0.300142496,0.007835,1.919086275,32.65027101,1.08919,10.27275629,1.095035,42.9230273,42.49737476
070_230℃_240_0.5mm.csv,0.5,240,1.029705,0.300001467,1.03787,0.300418762,0.008165,1.974154326,32.69777152,1.090445,10.4588838,1.095975,43.15665533,42.72518668
071_230℃_280_0.5mm.csv,0.5,280,1.02081,0.300126991,1.028535,0.300061012,0.007725,1.913896683,32.01175711,1.080455,10.39747133,1.08559,42.40922844,41.99566935
072_230℃_280_0.5mm.csv,0.5,280,1.019645,0.300108295,1.02792,0.300361783,0.008275,1.98524546,31.72652787,1.07887,10.31665138,1.08434,42.04317926,41.61833804
073_230℃_280_0.5mm.csv,0.5,280,1.020925,0.300326856,1.028795,0.300242902,0.00787,1.901205862,32.02728765,1.0806,10.34466999,1.086105,42.37195764,41.94464428
074_230℃_280_0.5mm.csv,0.5,280,1.01988,0.30013462,1.02771,0.300322052,0.00783,1.86585574,30.6965136,1.078865,9.970966015,1.08538,40.66747961,40.24901674
075_230℃_280_0.5mm.csv,0.5,280,1.02019,0.3004062,1.027785,0.300114395,0.007595,1.840122344,31.95487573,1.07923,10.35124749,1.08482,42.30612322,41.86922347
076_230℃_280_0.5mm.csv,0.5,280,1.02114,0.300170812,1.02892,0.300077895,0.00778,1.906987508,32.17576581,1.081505,10.38616342,1.087135,42.56192923,42.13145933
077_230℃_280_0.5mm.csv,0.5,280,1.019515,0.300054824,1.027495,0.300288376,0.00798,1.923748489,31.99844301,1.078945,10.38076763,1.08431,42.37921064,41.95479519
078_230℃_280_0.5mm.csv,0.5,280,1.01949,0.300158801,1.02699,0.300234495,0.0075,1.855885953,31.96562702,1.07797,10.32822817,1.08353,42.29385519,41.85626486
079_230℃_280_0.5mm.csv,0.5,280,1.019775,0.300173845,1.02741,0.300350144,0.007635,1.828613193,31.94455597,1.07848,10.31690316,1.083925,42.26145913,41.83560563
080_230℃_280_0.5mm.csv,0.5,280,1.022275,0.300397392,1.030265,0.300401531,0.00799,1.945841845,32.05173682,1.082565,10.41468168,1.08802,42.4664185,42.04572299
081_230℃_320_0.5mm.csv,0.5,320,1.01457,0.300170437,1.02186,0.300330848,0.00729,1.79808368,31.83235202,1.073885,10.34949556,1.079615,42.18184759,41.7417014
082_230℃_320_0.5mm.csv,0.5,320,1.01543,0.300249011,1.022975,0.300028401,0.007545,1.792473335,32.15145084,1.07465,10.40526189,1.079855,42.55671273,42.13259037
083_230℃_320_0.5mm.csv,0.5,320,1.0139,0.300143093,1.021575,0.300282242,0.007675,1.825882503,32.38370143,1.07417,10.44476144,1.079575,42.82846287,42.40757051
084_230℃_320_0.5mm.csv,0.5,320,1.01412,0.300119908,1.02141,0.300288913,0.00729,1.776765929,32.23160839,1.07364,10.44583747,1.07907,42.67744585,42.25126733
085_230℃_320_0.5mm.csv,0.5,320,1.015235,0.300001579,1.022905,0.300234251,0.00767,1.847877978,32.24457591,1.075125,10.50668527,1.080405,42.75126118,42.32699288
086_230℃_320_0.5mm.csv,0.5,320,1.01343,0.300357495,1.020965,0.300357684,0.007535,1.791993029,32.44218783,1.07319,10.44538113,1.07859,42.88756896,42.46176476
087_230℃_320_0.5mm.csv,0.5,320,1.013155,0.300125392,1.02047,0.300411442,0.007315,1.792620456,35.21389276,1.07762,10.56654038,1.08292,45.78043314,45.43588792
088_230℃_320_0.5mm.csv,0.5,320,1.014035,0.300015832,1.021845,0.30006352,0.00781,1.904952585,32.46294066,1.07464,10.48998737,1.080155,42.95292803,42.53060619
089_230℃_320_0.5mm.csv,0.5,320,1.01238,0.300183783,1.019545,0.300169006,0.007165,1.710491781,32.12716811,1.07092,10.3306183,1.07644,42.45778641,42.02975087
090_230℃_320_0.5mm.csv,0.5,320,1.013625,0.300341439,1.02077,0.300233781,0.007145,1.701984236,32.14083195,1.072735,10.41610074,1.07811,42.55693269,42.12996045
001_190℃_010_1.0mm.csv,1,10,1.423575,0.300044314,1.63751,0.300055524,0.213935,4.407993939,40.87433674,2.53869,30.18967096,2.54297,10.68466578,40.81192893
002_190℃_010_1.0mm.csv,1,10,1.42391,0.300043555,1.63473,0.300031822,0.21082,4.346004036,41.12519494,2.539535,30.47845332,2.54375,10.64674162,41.06483709
003_190℃_010_1.0mm.csv,1,10,1.424015,0.300021251,1.63494,0.3000312,0.210925,4.353185343,41.48131481,2.54505,30.7467699,2.54929,10.73454492,41.41946388
004_190℃_010_1.0mm.csv,1,10,1.42443,0.300059015,1.63531,0.300050835,0.21088,4.354788936,41.59622268,2.551815,30.96980713,2.55603,10.62641555,41.53573982
005_190℃_010_1.0mm.csv,1,10,1.423935,0.300031328,1.63323,0.300026972,0.209295,4.30880416,41.58959757,2.55049,30.95424776,2.55467,10.63534981,41.52947585
006_190℃_010_1.0mm.csv,1,10,1.42406,0.300052872,1.634005,0.3000508,0.209945,4.313822259,41.87826962,2.558515,31.24094278,2.5627,10.63732684,41.81902824
007_190℃_010_1.0mm.csv,1,10,1.42361,0.300044994,1.6348,0.300032649,0.21119,4.333314485,41.83049529,2.55806,31.1883654,2.56221,10.6421299,41.7709579
008_190℃_010_1.0mm.csv,1,10,1.423935,0.300047636,1.635065,0.300055527,0.21113,4.326853811,41.82477537,2.558645,31.16092076,2.56288,10.66385461,41.76322121
009_190℃_010_1.0mm.csv,1,10,1.42379,0.300034718,1.63555,0.300055356,0.21176,4.343688552,41.58235561,2.5522,30.92210515,2.55642,10.66025045,41.52164075
010_190℃_010_1.0mm.csv,1,10,1.423605,0.300016015,1.63467,0.30000697,0.211065,4.315322596,41.76935831,2.55774,31.11206501,2.56197,10.6572933,41.70835047
011_190℃_020_1.0mm.csv,1,20,1.465185,0.30005817,1.559805,0.300025376,0.09462,4.086547074,33.40277066,1.98957,25.28479609,1.992165,8.117974569,33.36664912
012_190℃_020_1.0mm.csv,1,20,1.465235,0.300073154,1.560215,0.300098431,0.09498,4.106584713,33.55383621,1.991405,25.41123567,1.99399,8.142600546,33.51798103
013_190℃_020_1.0mm.csv,1,20,1.465345,0.300116319,1.560455,0.300023263,0.09511,4.121982212,33.77805612,1.993725,25.60702738,1.99632,8.171028736,33.74203108
014_190℃_020_1.0mm.csv,1,20,1.46515,0.300003135,1.560175,0.300099659,0.095025,4.103170074,33.61967244,1.99199,25.46591122,1.99457,8.153761217,33.58388612
015_190℃_020_1.0mm.csv,1,20,1.465105,0.300008808,1.55995,0.300062805,0.094845,4.093043208,33.68029436,1.992745,25.51986012,1.995305,8.160434245,33.64507266
016_190℃_020_1.0mm.csv,1,20,1.465025,0.300083518,1.56146,0.300017505,0.096435,4.162148644,33.68284297,1.99303,25.48317794,1.995585,8.199665033,33.64784419
017_190℃_020_1.0mm.csv,1,20,1.465065,0.300044684,1.560235,0.300109841,0.09517,4.101961247,33.61057814,1.99215,25.44698583,1.99469,8.163592306,33.57592662
018_190℃_020_1.0mm.csv,1,20,1.46508,0.300003744,1.559205,0.300043451,0.094125,4.053927291,33.4993664,1.99087,25.37564928,1.99341,8.123717115,33.46462901
019_190℃_020_1.0mm.csv,1,20,1.464995,0.300069481,1.559745,0.300020885,0.09475,4.07548336,33.69726322,1.99375,25.54390607,1.9963,8.15335716,33.66223815
020_190℃_020_1.0mm.csv,1,20,1.465015,0.300107403,1.560015,0.300089157,0.095,4.088476555,33.62488012,1.99298,25.47667825,1.9955,8.148201872,33.59063109
021_190℃_040_1.0mm.csv,1,40,1.481555,0.300143464,1.526925,0.300050392,0.04537,4.021337555,28.880285,1.7254,22.07318408,1.727355,6.807100925,28.8474378
022_190℃_040_1.0mm.csv,1,40,1.481485,0.300058246,1.5271,0.300072321,0.045615,4.038041281,28.93628848,1.7257,22.11306279,1.727645,6.82322569,28.90373898
023_190℃_040_1.0mm.csv,1,40,1.48145,0.30001186,1.527175,0.300154457,0.045725,4.044426621,28.89845956,1.725515,22.07879418,1.72746,6.819665383,28.86578068
024_190℃_040_1.0mm.csv,1,40,1.48159,0.300125343,1.52697,0.300002719,0.04538,4.023682395,28.83888743,1.725,22.03286366,1.72695,6.806023775,28.80606901
025_190℃_040_1.0mm.csv,1,40,1.48147,0.300022029,1.527185,0.300122604,0.045715,4.047051951,28.72339352,1.724095,21.91261526,1.726025,6.810778263,28.69126223
026_190℃_040_1.0mm.csv,1,40,1.481515,0.300048178,1.52714,0.300137695,0.045625,4.044750006,28.80849927,1.724645,21.99279293,1.72658,6.815706334,28.77616382
027_190℃_040_1.0mm.csv,1,40,1.481765,0.300047631,1.526865,0.300082116,0.0451,4.01927473,28.78195534,1.7244,21.98684351,1.726345,6.795111828,28.74923573
028_190℃_040_1.0mm.csv,1,40,1.481455,0.300146327,1.52709,0.300001649,0.045635,4.03540769,28.83275816,1.72493,22.01988991,1.72686,6.812868247,28.80049314
029_190℃_040_1.0mm.csv,1,40,1.481565,0.300075903,1.527135,0.300149477,0.04557,4.040333445,28.84169329,1.724945,22.03304473,1.726875,6.808648563,28.80938203
030_190℃_040_1.0mm.csv,1,40,1.481695,0.300031904,1.52688,0.300203219,0.045185,4.017953299,29.03348612,1.72626,22.22163006,1.7282,6.811856054,29.00084892
031_190℃_080_1.0mm.csv,1,80,1.487725,0.300041298,1.51057,0.30010324,0.022845,3.444853107,25.75347656,1.604935,19.6218111,1.607055,6.131665452,25.70017589
032_190℃_080_1.0mm.csv,1,80,1.48796,0.30000218,1.510655,0.300125258,0.022695,3.468223502,25.65344243,1.6045,19.53727903,1.60663,6.116163398,25.59953028
033_190℃_080_1.0mm.csv,1,80,1.487915,0.300206734,1.510125,0.300179648,0.02221,3.358166576,25.89036,1.605305,19.77960708,1.60742,6.110752915,25.8370573
034_190℃_080_1.0mm.csv,1,80,1.48778,0.300196482,1.510145,0.300218339,0.022365,3.357671729,26.014901,1.60577,19.88693973,1.607875,6.127961273,25.96193988
035_190℃_080_1.0mm.csv,1,80,1.487825,0.300140468,1.510085,0.300196058,0.02226,3.347271957,26.10237765,1.60601,19.96804386,1.60811,6.134333793,26.04971056
036_190℃_080_1.0mm.csv,1,80,1.48764,0.300204765,1.510275,0.300239801,0.022635,3.381191987,26.17319308,1.60634,20.02640809,1.608435,6.146784987,26.12068933
037_190℃_080_1.0mm.csv,1,80,1.4878,0.300208669,1.51016,0.300034815,0.02236,3.360071215,26.34541825,1.606985,20.19528683,1.60907,6.150131416,26.29323374
038_190℃_080_1.0mm.csv,1,80,1.48778,0.300200733,1.510105,0.300139675,0.022325,3.346573989,26.22890329,1.60656,20.09034301,1.608645,6.138560279,26.17670905
039_190℃_080_1.0mm.csv,1,80,1.48775,0.30008575,1.510155,0.300075112,0.022405,3.356717205,26.18469719,1.606405,20.05053534,1.608495,6.134161847,26.13243273
040_190℃_080_1.0mm.csv,1,80,1.48778,0.300092043,1.51046,0.300180781,0.02268,3.423194128,25.87518598,1.605255,19.74320067,1.60736,6.131985302,25.82235478
041_190℃_120_1.0mm.csv,1,120,1.48968,0.300090439,1.50482,0.300177073,0.01514,2.570914425,23.52434317,1.57198,17.8641736,1.574425,5.660169568,23.4558741
042_190℃_120_1.0mm.csv,1,120,1.489745,0.300025468,1.505245,0.300182863,0.0155,2.682125198,23.78590932,1.572585,18.07957453,1.575005,5.706334793,23.71828709
043_190℃_120_1.0mm.csv,1,120,1.48976,0.300181844,1.5054,0.300328125,0.01564,2.72261431,23.86891971,1.57277,18.1474061,1.57518,5.721513609,23.80181368
044_190℃_120_1.0mm.csv,1,120,1.489685,0.300007728,1.504855,0.300230099,0.01517,2.579351706,24.09493237,1.573215,18.38503481,1.5756,5.709897555,24.02850478
045_190℃_120_1.0mm.csv,1,120,1.489735,0.300134247,1.5049,0.300294782,0.015165,2.591678853,24.25372861,1.57357,18.52670991,1.57594,5.727018701,24.18795124
046_190℃_120_1.0mm.csv,1,120,1.48972,0.300143359,1.50525,0.300145069,0.01553,2.681898078,24.1900953,1.57353,18.45120856,1.57593,5.738886742,24.12337973
047_190℃_120_1.0mm.csv,1,120,1.48967,0.300237414,1.50501,0.300310895,0.01534,2.619216797,23.93582554,1.57295,18.22378326,1.575355,5.712042285,23.86888162
048_190℃_120_1.0mm.csv,1,120,1.48973,0.300255525,1.505265,0.300113804,0.015535,2.68585744,24.01004954,1.573125,18.28544911,1.57553,5.72460043,23.94321564
049_190℃_120_1.0mm.csv,1,120,1.48962,0.300112059,1.505225,0.300024166,0.015605,2.672492193,24.32800551,1.5739,18.58258017,1.57628,5.745425341,24.26225299
050_190℃_120_1.0mm.csv,1,120,1.48969,0.300144545,1.504925,0.300009226,0.015235,2.596239744,24.09891855,1.57336,18.38743052,1.575745,5.711488029,24.03304068
051_190℃_160_1.0mm.csv,1,160,1.49078,0.300301241,1.5024,0.300161738,0.01162,2.071195204,23.33456837,1.56387,17.8865715,1.56626,5.44799687,23.27251784
052_190℃_160_1.0mm.csv,1,160,1.490665,0.300215361,1.50256,0.300083226,0.011895,2.110950572,23.50016335,1.564115,18.01822051,1.56648,5.481942838,23.43897867
053_190℃_160_1.0mm.csv,1,160,1.490635,0.300198262,1.502655,0.300253355,0.01202,2.135137935,23.63845235,1.56446,18.13948513,1.56683,5.498967213,23.57716481
054_190℃_160_1.0mm.csv,1,160,1.49076,0.300112658,1.502415,0.30003231,0.011655,2.075148729,23.57329174,1.56424,18.09796475,1.566605,5.475326993,23.51182184
055_190℃_160_1.0mm.csv,1,160,1.490635,0.300297535,1.502675,0.300132378,0.01204,2.142010933,23.79517619,1.56471,18.27960089,1.56707,5.515575295,23.73434991
056_190℃_160_1.0mm.csv,1,160,1.490685,0.300131723,1.50264,0.300092472,0.011955,2.133544425,23.71914546,1.564545,18.21376651,1.566915,5.505378951,23.6577399
057_190℃_160_1.0mm.csv,1,160,1.49066,0.300211782,1.502625,0.300057861,0.011965,2.128505022,23.71980839,1.56456,18.21451908,1.566915,5.505289312,23.65908455
058_190℃_160_1.0mm.csv,1,160,1.490785,0.300219927,1.50245,0.300006871,0.011665,2.084972027,23.78386903,1.56466,18.2929954,1.56701,5.490873629,23.72346169
059_190℃_160_1.0mm.csv,1,160,1.490735,0.300126483,1.50275,0.300169053,0.012015,2.16298839,23.82525289,1.56477,18.30500602,1.56712,5.520246871,23.76474539
060_190℃_160_1.0mm.csv,1,160,1.49066,0.30021059,1.50219,0.300233855,0.01153,2.015208397,23.66274929,1.56448,18.19485194,1.56684,5.467897349,23.60181222
061_190℃_200_1.0mm.csv,1,200,1.49126,0.300156461,1.50123,0.300054218,0.00997,1.800964095,23.61207583,1.561795,18.21269762,1.56402,5.399378209,23.55712747
062_190℃_200_1.0mm.csv,1,200,1.49136,0.300181743,1.50099,0.300142576,0.00963,1.740015016,23.58213883,1.56172,18.19932506,1.56396,5.382813774,23.52634781
063_190℃_200_1.0mm.csv,1,200,1.491235,0.300080416,1.501045,0.300271035,0.00981,1.753080785,23.89389985,1.562225,18.48262418,1.56444,5.411275675,23.83923938
064_190℃_200_1.0mm.csv,1,200,1.491335,0.300085739,1.50126,0.300352976,0.009925,1.808915386,23.83755159,1.562115,18.42506063,1.56434,5.412490952,23.78254076
065_190℃_200_1.0mm.csv,1,200,1.491305,0.300187394,1.50121,0.300234126,0.009905,1.7970818,23.97192377,1.562295,18.54886134,1.56449,5.423062436,23.9182642
066_190℃_200_1.0mm.csv,1,200,1.49125,0.30002587,1.501205,0.300213686,0.009955,1.794188743,23.98118279,1.56233,18.55370192,1.564535,5.427480873,23.92688251
067_190℃_200_1.0mm.csv,1,200,1.49133,0.300285741,1.500925,0.300096376,0.009595,1.723138864,23.81623454,1.562035,18.41965128,1.564265,5.396583265,23.76084716
068_190℃_200_1.0mm.csv,1,200,1.49135,0.300252843,1.501015,0.300170899,0.009665,1.746206871,23.87411665,1.562135,18.4685454,1.56435,5.405571255,23.81933691
069_190℃_200_1.0mm.csv,1,200,1.49135,0.300062857,1.50137,0.300109631,0.01002,1.838284798,23.85090893,1.562105,18.42467291,1.56431,5.426236022,23.79649379
070_190℃_200_1.0mm.csv,1,200,1.49149,0.300261139,1.50065,0.300053083,0.00916,1.656800144,23.95044371,1.5622,18.57370793,1.56441,5.37673578,23.89588053
071_190℃_240_1.0mm.csv,1,240,1.491665,0.300188696,1.50038,0.300204989,0.008715,1.593654151,23.79414281,1.560805,18.42573172,1.56295,5.368411086,23.74132656
072_190℃_240_1.0mm.csv,1,240,1.491595,0.300283401,1.5006,0.300267748,0.009005,1.647386962,23.84776724,1.560895,18.45768398,1.56305,5.390083257,23.79446346
073_190℃_240_1.0mm.csv,1,240,1.491535,0.30020804,1.500255,0.300086464,0.00872,1.562166889,24.01788995,1.561125,18.63762458,1.563265,5.380265368,23.96514685
074_190℃_240_1.0mm.csv,1,240,1.49155,0.300168697,1.50056,0.300058103,0.00901,1.637440375,23.96953458,1.56106,18.57109001,1.563195,5.398444574,23.91694556
075_190℃_240_1.0mm.csv,1,240,1.491625,0.300035913,1.50026,0.300178881,0.008635,1.562923104,24.0953037,1.56117,18.70827791,1.563315,5.387025794,24.04234427
076_190℃_240_1.0mm.csv,1,240,1.49168,0.30010167,1.50035,0.300310731,0.00867,1.58621173,24.03300148,1.561065,18.64640054,1.563215,5.386600938,23.97972877
077_190℃_240_1.0mm.csv,1,240,1.49176,0.300084254,1.50036,0.300132765,0.0086,1.588547954,24.22535341,1.5613,18.8366997,1.563435,5.388653712,24.17281555
078_190℃_240_1.0mm.csv,1,240,1.49165,0.300111186,1.50018,0.300198906,0.00853,1.543329908,23.946942,1.56098,18.57674628,1.56313,5.370195714,23.89372565
079_190℃_240_1.0mm.csv,1,240,1.491585,0.30023238,1.500575,0.300234024,0.00899,1.641591588,24.10152359,1.56122,18.69613643,1.56335,5.405387162,24.04921294
080_190℃_240_1.0mm.csv,1,240,1.49159,0.300153562,1.500485,0.300002888,0.008895,1.619171555,23.88201349,1.5609,18.49725073,1.56306,5.38476276,23.82826661
081_190℃_280_1.0mm.csv,1,280,1.491695,0.300318598,1.50007,0.300279785,0.008375,1.517649195,23.54766367,1.55977,18.20054193,1.561925,5.347121737,23.49332547
082_190℃_280_1.0mm.csv,1,280,1.49166,0.300270189,1.50029,0.300318993,0.00863,1.571355654,23.66291698,1.559915,18.28275153,1.562065,5.380165459,23.60889239
083_190℃_280_1.0mm.csv,1,280,1.4916,0.300156356,1.500285,0.300277513,0.008685,1.569282859,23.75373534,1.56005,18.36378549,1.562205,5.389949858,23.69937543
084_190℃_280_1.0mm.csv,1,280,1.49176,0.300318856,1.50014,0.300155477,0.00838,1.534384766,23.7734518,1.56004,18.41089164,1.56219,5.362560164,23.71940509
085_190℃_280_1.0mm.csv,1,280,1.49177,0.30028632,1.500075,0.300045451,0.008305,1.518897302,23.86080485,1.560135,18.49498669,1.56228,5.36581816,23.80698531
086_190℃_280_1.0mm.csv,1,280,1.4916,0.300175428,1.500315,0.300015492,0.008715,1.577498594,23.90183338,1.5602,18.49847292,1.56234,5.403360455,23.84821454
087_190℃_280_1.0mm.csv,1,280,1.491735,0.300049482,1.500105,0.300312922,0.00837,1.526595519,23.92466143,1.56022,18.55362033,1.56236,5.371041095,23.87085324
088_190℃_280_1.0mm.csv,1,280,1.491555,0.300014608,1.500205,0.300034177,0.00865,1.5498896,24.09552448,1.5605,18.69380981,1.562635,5.401714673,24.04199746
089_190℃_280_1.0mm.csv,1,280,1.49172,0.300171964,1.50032,0.300118138,0.0086,1.578397172,24.04286092,1.56038,18.65034701,1.56251,5.39251391,23.98964117
090_190℃_280_1.0mm.csv,1,280,1.491725,0.300189841,1.50024,0.300319096,0.008515,1.559485399,23.966911,1.560235,18.57500652,1.56238,5.391904481,23.91289181
091_190℃_320_1.0mm.csv,1,320,1.491705,0.30007951,1.500065,0.300308318,0.00836,1.516205722,23.87045143,1.559985,18.50138528,1.56208,5.369066156,23.81703052
092_190℃_320_1.0mm.csv,1,320,1.49179,0.300000346,1.49961,0.300027933,0.00782,1.408011254,24.04464628,1.560445,18.68687297,1.56252,5.357773316,23.99251867
093_190℃_320_1.0mm.csv,1,320,1.491865,0.300103386,1.499845,0.300278522,0.00798,1.462850354,24.03886141,1.56033,18.67240956,1.562415,5.366451852,23.98599761
094_190℃_320_1.0mm.csv,1,320,1.49188,0.300158003,1.49987,0.300186334,0.00799,1.469643746,24.17861007,1.5605,18.79192584,1.562565,5.386684232,24.1264668
095_190℃_320_1.0mm.csv,1,320,1.491725,0.300089988,1.49963,0.300304115,0.007905,1.412760272,24.23436689,1.56061,18.84618903,1.56267,5.388177862,24.18240389
096_190℃_320_1.0mm.csv,1,320,1.49186,0.300262016,1.500025,0.300191599,0.008165,1.506547762,24.29499555,1.560675,18.89113836,1.562735,5.40385719,24.24296283
097_190℃_320_1.0mm.csv,1,320,1.491725,0.300300825,1.499795,0.300071281,0.00807,1.452002539,24.15000025,1.560515,18.75205314,1.562585,5.397947117,24.09769311
098_190℃_320_1.0mm.csv,1,320,1.4919,0.300243372,1.499755,0.300264692,0.007855,1.441891239,24.19673947,1.560525,18.8172821,1.562595,5.379457371,24.14446811
099_190℃_320_1.0mm.csv,1,320,1.491905,0.300091772,1.499635,0.300009305,0.00773,1.413406566,24.17341082,1.56048,18.79408249,1.56255,5.379328325,24.12100769
100_190℃_320_1.0mm.csv,1,320,1.49181,0.300311059,1.49947,0.300117721,0.00766,1.375035467,24.15358489,1.56046,18.7760041,1.56253,5.377580791,24.10120045
001_210℃_010_1.0mm.csv,1,10,1.41992,0.300055991,1.62206,0.300038208,0.20214,3.931667337,42.32801313,2.652715,32.79320864,2.657075,9.534804494,42.26616003
002_210℃_010_1.0mm.csv,1,10,1.420055,0.30004228,1.619485,0.300038912,0.19943,3.876874832,41.99427972,2.64542,32.51890436,2.649695,9.475375354,41.93452436
003_210℃_010_1.0mm.csv,1,10,1.420055,0.300055563,1.621595,0.300042371,0.20154,3.921373032,42.02116953,2.64714,32.53150714,2.651395,9.489662395,41.96192622
004_210℃_010_1.0mm.csv,1,10,1.42,0.300017804,1.619385,0.300006059,0.199385,3.87577752,41.96244472,2.646435,32.51821409,2.65066,9.444230631,41.90392516
005_210℃_010_1.0mm.csv,1,10,1.42009,0.300056757,1.61874,0.300010044,0.19865,3.857333444,41.46786462,2.63568,32.06910097,2.63985,9.398763646,41.41102408
006_210℃_010_1.0mm.csv,1,10,1.42013,0.300004875,1.620625,0.300008462,0.200495,3.896239,41.68433671,2.6415,32.25761139,2.64564,9.42672532,41.62812887
007_210℃_010_1.0mm.csv,1,10,1.419705,0.30002986,1.621865,0.300033792,0.20216,3.924664276,41.63606959,2.64101,32.20619727,2.64521,9.429872321,41.5784742
008_210℃_010_1.0mm.csv,1,10,1.419475,0.300032633,1.620565,0.300049677,0.20109,3.8935681,42.14166933,2.65348,32.70427927,2.657685,9.437390056,42.08361357
009_210℃_010_1.0mm.csv,1,10,1.419615,0.300053318,1.621985,0.300029631,0.20237,3.928189414,41.81246401,2.64555,32.37846187,2.649705,9.434002139,41.75581408
010_210℃_010_1.0mm.csv,1,10,1.420285,0.300000277,1.617905,0.300014174,0.19762,3.84147708,41.89659051,2.64691,32.5193596,2.651105,9.377230906,41.83867937
011_210℃_020_1.0mm.csv,1,20,1.46213,0.300010621,1.555485,0.300029418,0.093355,3.692246512,33.43846097,2.034095,26.14413383,2.036485,7.294327138,33.40967912
012_210℃_020_1.0mm.csv,1,20,1.46228,0.300069692,1.55461,0.300086381,0.09233,3.659783448,33.1950459,2.03038,25.93727096,2.032735,7.257774937,33.16710154
013_210℃_020_1.0mm.csv,1,20,1.46207,0.300052866,1.55541,0.300101369,0.09334,3.691622574,33.27881192,2.031195,25.98083689,2.033545,7.297975029,33.25075672
014_210℃_020_1.0mm.csv,1,20,1.46218,0.300040961,1.55504,0.300003483,0.09286,3.677453072,33.36854515,2.03238,26.07071338,2.0347,7.29783177,33.34120988
015_210℃_020_1.0mm.csv,1,20,1.461965,0.300065114,1.555805,0.300063539,0.09384,3.705552495,32.88075205,2.025795,25.59529229,2.0281,7.285459756,32.85395423
016_210℃_020_1.0mm.csv,1,20,1.46207,0.300023435,1.554835,0.300080628,0.092765,3.664839866,33.10947837,2.02893,25.83263173,2.03123,7.27684664,33.0826153
017_210℃_020_1.0mm.csv,1,20,1.462065,0.300063824,1.5554,0.300010952,0.093335,3.689999321,33.23907268,2.03071,25.94040022,2.033015,7.298672463,33.21209292
018_210℃_020_1.0mm.csv,1,20,1.46228,0.300082351,1.55463,0.300102414,0.09235,3.659852803,33.01303687,2.027305,25.75147831,2.0296,7.261558563,32.98636333
019_210℃_020_1.0mm.csv,1,20,1.46204,0.30008412,1.555405,0.300030861,0.093365,3.693165041,32.99713413,2.027415,25.71912014,2.02972,7.278013993,32.97016062
020_210℃_020_1.0mm.csv,1,20,1.461925,0.300045496,1.555665,0.30007064,0.09374,3.701426978,33.02666569,2.02787,25.7432147,2.030165,7.283450995,32.99990274
021_210℃_040_1.0mm.csv,1,40,1.4801,0.300117426,1.52579,0.300090675,0.04569,3.680345666,28.32750339,1.7399,22.0039853,1.7417,6.323518087,28.30061928
022_210℃_040_1.0mm.csv,1,40,1.480305,0.300015983,1.52595,0.300164155,0.045645,3.700152982,28.23341628,1.73919,21.91859043,1.74097,6.314825847,28.20700192
023_210℃_040_1.0mm.csv,1,40,1.480485,0.300062121,1.525915,0.30014275,0.04543,3.697205639,28.40645744,1.740225,22.0875464,1.74203,6.318911041,28.37924941
024_210℃_040_1.0mm.csv,1,40,1.48045,0.300145067,1.525875,0.300190358,0.045425,3.695675148,28.54637171,1.74114,22.21102304,1.742905,6.33534867,28.52035616
025_210℃_040_1.0mm.csv,1,40,1.48048,0.300046538,1.525535,0.300070786,0.045055,3.665165017,28.55853636,1.741195,22.22911889,1.74297,6.32941747,28.53213362
026_210℃_040_1.0mm.csv,1,40,1.480345,0.300081239,1.52626,0.300143727,0.045915,3.728365874,28.17420316,1.738245,21.837854,1.74002,6.336349153,28.14784736
027_210℃_040_1.0mm.csv,1,40,1.480485,0.300057652,1.525455,0.300187218,0.04497,3.656763017,28.30714606,1.73934,21.99801526,1.74111,6.309130808,28.2809013
028_210℃_040_1.0mm.csv,1,40,1.480585,0.30014534,1.525095,0.300083202,0.04451,3.621082997,28.3926223,1.739985,22.09885827,1.741765,6.293764026,28.36610841
029_210℃_040_1.0mm.csv,1,40,1.480475,0.300134022,1.525815,0.300103136,0.04534,3.688056765,28.3223222,1.739445,22.00609369,1.741205,6.316228507,28.29637137
030_210℃_040_1.0mm.csv,1,40,1.480345,0.300161172,1.525805,0.300102831,0.04546,3.683569057,28.4343358,1.74037,22.1058051,1.742145,6.328530702,28.40786937
031_210℃_080_1.0mm.csv,1,80,1.487185,0.300011312,1.509895,0.300243504,0.02271,3.164981547,25.71504201,1.612645,19.92232801,1.61461,5.792714008,25.67031964
032_210℃_080_1.0mm.csv,1,80,1.48725,0.300087771,1.509775,0.300011846,0.022525,3.146622352,25.70948741,1.61255,19.92645128,1.61451,5.783036127,25.66498284
033_210℃_080_1.0mm.csv,1,80,1.487125,0.300151295,1.50997,0.300211564,0.022845,3.181511015,25.94961832,1.61344,20.13111728,1.615395,5.818501038,25.90538717
034_210℃_080_1.0mm.csv,1,80,1.48734,0.30022873,1.50932,0.300165294,0.02198,3.063846682,25.88350287,1.613015,20.10354376,1.614975,5.77995911,25.83896327
035_210℃_080_1.0mm.csv,1,80,1.48723,0.300166775,1.509605,0.300229186,0.022375,3.113289942,25.83797025,1.612865,20.0394512,1.61483,5.798519051,25.79315028
036_210℃_080_1.0mm.csv,1,80,1.487085,0.300053042,1.510225,0.300255494,0.02314,3.230185938,25.7371224,1.612515,19.90707382,1.614475,5.830048583,25.69254964
037_210℃_080_1.0mm.csv,1,80,1.487125,0.300061768,1.51008,0.300118583,0.022955,3.201362383,26.03740571,1.613675,20.19719049,1.615615,5.840215222,25.99342083
038_210℃_080_1.0mm.csv,1,80,1.48724,0.300151832,1.50975,0.300208775,0.02251,3.140145643,26.08400021,1.61384,20.26807111,1.615785,5.815929099,26.03989642
039_210℃_080_1.0mm.csv,1,80,1.48717,0.300136781,1.51002,0.300260354,0.02285,3.188433632,25.92465868,1.613275,20.1049573,1.615225,5.819701382,25.88045537
040_210℃_080_1.0mm.csv,1,80,1.48732,0.300011195,1.509805,0.300154376,0.022485,3.152818468,26.01192891,1.613525,20.19693059,1.61547,5.814998319,25.96781192
041_210℃_120_1.0mm.csv,1,120,1.489415,0.300173674,1.504475,0.300113733,0.01506,2.431497766,23.64155189,1.57641,18.2495838,1.578695,5.391968087,23.58312474
042_210℃_120_1.0mm.csv,1,120,1.489385,0.300128703,1.50504,0.300182034,0.015655,2.565919466,23.75617654,1.576685,18.31716457,1.578985,5.439011972,23.69702593
043_210℃_120_1.0mm.csv,1,120,1.489345,0.300053867,1.504665,0.300271016,0.01532,2.476681037,23.62375889,1.576295,18.21200428,1.578585,5.41175461,23.56505108
044_210℃_120_1.0mm.csv,1,120,1.489455,0.300052953,1.504885,0.300179945,0.01543,2.532642435,23.66265303,1.576335,18.23682788,1.578635,5.42582515,23.6035282
045_210℃_120_1.0mm.csv,1,120,1.48931,0.300049952,1.50485,0.300300376,0.01554,2.519647985,23.71546279,1.576505,18.28578762,1.57879,5.429675169,23.65701546
046_210℃_120_1.0mm.csv,1,120,1.48946,0.300207606,1.504535,0.300089993,0.015075,2.448110105,23.73709258,1.57651,18.32567848,1.578795,5.411414098,23.67838548
047_210℃_120_1.0mm.csv,1,120,1.489295,0.300104887,1.504885,0.300111127,0.01559,2.52739444,24.04249153,1.577305,18.58507829,1.57958,5.457413237,23.98421281
048_210℃_120_1.0mm.csv,1,120,1.48929,0.300040558,1.50489,0.300137344,0.0156,2.528032067,23.74022309,1.57656,18.30395092,1.57885,5.436272172,23.68134128
049_210℃_120_1.0mm.csv,1,120,1.48933,0.300144094,1.50464,0.300183987,0.01531,2.470637873,23.81437313,1.57673,18.39038367,1.57901,5.423989456,23.7560822
050_210℃_120_1.0mm.csv,1,120,1.489225,0.300201311,1.50499,0.300124442,0.015765,2.550743275,23.7394993,1.576575,18.29430539,1.578865,5.445193911,23.68079433
051_210℃_160_1.0mm.csv,1,160,1.49029,0.300165136,1.50245,0.300030874,0.01216,2.056464351,23.38695506,1.566845,18.16858835,1.569135,5.218366707,23.33257168
052_210℃_160_1.0mm.csv,1,160,1.49034,0.300158691,1.502255,0.300083719,0.011915,2.009292366,23.49548523,1.567065,18.2838534,1.56936,5.211631824,23.44072128
053_210℃_160_1.0mm.csv,1,160,1.49043,0.300028885,1.502235,0.300298053,0.011805,2.005148458,23.44130218,1.56689,18.23776694,1.56919,5.203535247,23.38620794
054_210℃_160_1.0mm.csv,1,160,1.490295,0.300133678,1.502445,0.300021759,0.01215,2.056350362,23.38121895,1.56677,18.16726409,1.569075,5.21395486,23.32607579
055_210℃_160_1.0mm.csv,1,160,1.490555,0.300285604,1.502265,0.300040757,0.01171,2.015142081,23.38080004,1.56671,18.17716484,1.568995,5.203635205,23.32649602
056_210℃_160_1.0mm.csv,1,160,1.490225,0.300237005,1.502765,0.300135794,0.01254,2.134718295,23.68821242,1.567385,18.42515253,1.56968,5.26305989,23.63327648
057_210℃_160_1.0mm.csv,1,160,1.490425,0.30014378,1.50243,0.300090268,0.012005,2.053543812,23.61285168,1.567205,18.38033714,1.569485,5.232514532,23.55849847
058_210℃_160_1.0mm.csv,1,160,1.490375,0.30008749,1.502635,0.300310225,0.01226,2.105447289,23.60762608,1.567185,18.3693344,1.56949,5.238291683,23.55222201
059_210℃_160_1.0mm.csv,1,160,1.490435,0.300283626,1.502275,0.300225733,0.01184,2.014988485,23.54558876,1.56705,18.33177691,1.569325,5.213811847,23.49151363
060_210℃_160_1.0mm.csv,1,160,1.4904,0.300267465,1.50215,0.300217984,0.01175,1.984415937,23.57709549,1.5671,18.37108924,1.569375,5.206006244,23.52310375
061_210℃_200_1.0mm.csv,1,200,1.490995,0.300161371,1.50105,0.300186722,0.010055,1.747462461,23.29964345,1.56361,18.18695133,1.565785,5.11269212,23.25002961
062_210℃_200_1.0mm.csv,1,200,1.490955,0.300159787,1.501015,0.300299675,0.01006,1.737404736,23.45884352,1.563915,18.33993117,1.566055,5.118912348,23.41071934
063_210℃_200_1.0mm.csv,1,200,1.491145,0.30006749,1.50134,0.300269847,0.010195,1.820522999,23.55461828,1.563975,18.41764856,1.566125,5.136969719,23.50606503
064_210℃_200_1.0mm.csv,1,200,1.491015,0.300238981,1.50094,0.300240544,0.009925,1.719519237,23.63124645,1.564105,18.50528596,1.56625,5.125960488,23.58287138
065_210℃_200_1.0mm.csv,1,200,1.49097,0.300032459,1.500975,0.300302866,0.010005,1.727980162,23.56122786,1.563985,18.42509634,1.566145,5.136131525,23.51220206
066_210℃_200_1.0mm.csv,1,200,1.49112,0.300238973,1.500855,0.300154937,0.009735,1.699582752,23.47731539,1.563825,18.36453414,1.565985,5.112781243,23.42824298
067_210℃_200_1.0mm.csv,1,200,1.49106,0.300124426,1.50097,0.300064365,0.00991,1.727329015,23.57468695,1.563995,18.4485421,1.56614,5.126144855,23.52625743
068_210℃_200_1.0mm.csv,1,200,1.491095,0.300135876,1.501035,0.300032958,0.00994,1.743539116,23.46680195,1.56381,18.34551909,1.565955,5.121282859,23.4181475
069_210℃_200_1.0mm.csv,1,200,1.491085,0.300267041,1.50082,0.300120729,0.009735,1.691860477,23.45387593,1.563775,18.34645348,1.565935,5.10742245,23.40470105
070_210℃_200_1.0mm.csv,1,200,1.491135,0.300242712,1.501095,0.300167078,0.00996,1.758988336,23.44443368,1.563755,18.32264301,1.5659,5.121790668,23.39595139
071_210℃_240_1.0mm.csv,1,240,1.49136,0.300185636,1.50035,0.300183558,0.00899,1.582722107,23.2916245,1.562195,18.2073215,1.564295,5.084303001,23.24395079
072_210℃_240_1.0mm.csv,1,240,1.491435,0.300021335,1.50052,0.300272979,0.009085,1.624367996,23.31804045,1.562205,18.22922945,1.56429,5.088811008,23.27081535
073_210℃_240_1.0mm.csv,1,240,1.491475,0.300200193,1.50011,0.300332821,0.008635,1.525927686,23.25095894,1.562075,18.19063615,1.56417,5.060322781,23.2034781
074_210℃_240_1.0mm.csv,1,240,1.491515,0.300170071,1.499615,0.300268023,0.0081,1.411877723,23.54156498,1.562445,18.4913694,1.56451,5.050195574,23.49506425
075_210℃_240_1.0mm.csv,1,240,1.491485,0.300162093,1.50018,0.300026302,0.008695,1.542559595,23.58574749,1.562475,18.48541376,1.564555,5.100333724,23.53850707
076_210℃_240_1.0mm.csv,1,240,1.49157,0.300321206,1.50003,0.300000643,0.00846,1.507227733,23.45778348,1.562295,18.38606561,1.56437,5.071717869,23.41080458
077_210℃_240_1.0mm.csv,1,240,1.491395,0.300157433,1.50011,0.300238589,0.008715,1.526289656,23.58510267,1.562505,18.49257058,1.56458,5.092532087,23.53806498
078_210℃_240_1.0mm.csv,1,240,1.4913,0.300236489,1.50049,0.30013999,0.00919,1.617130805,23.47184674,1.562385,18.35743675,1.564465,5.11440999,23.42458882
079_210℃_240_1.0mm.csv,1,240,1.491365,0.300248103,1.500085,0.300297707,0.00872,1.520969477,23.49580421,1.562395,18.40769637,1.564475,5.088107839,23.44873721
080_210℃_240_1.0mm.csv,1,240,1.491415,0.300320498,1.500435,0.300274904,0.00902,1.604300757,23.52365314,1.562425,18.41729509,1.564505,5.106358059,23.47632516
081_210℃_280_1.0mm.csv,1,280,1.491625,0.30008253,1.5002,0.300379929,0.008575,1.54860047,23.36065474,1.561425,18.27964083,1.563485,5.081013907,23.31347964
082_210℃_280_1.0mm.csv,1,280,1.49157,0.300057271,1.499685,0.300169592,0.008115,1.427051749,23.419823,1.56149,18.36979452,1.56354,5.050028475,23.372916
083_210℃_280_1.0mm.csv,1,280,1.49164,0.300282343,1.499595,0.300033395,0.007955,1.406265187,23.52567756,1.5616,18.47602502,1.563645,5.049652548,23.47890195
084_210℃_280_1.0mm.csv,1,280,1.49167,0.300146384,1.49957,0.300159766,0.0079,1.400591695,23.38182257,1.561395,18.34253031,1.563455,5.039292253,23.33452267
085_210℃_280_1.0mm.csv,1,280,1.49147,0.300315174,1.50022,0.300290941,0.00875,1.553094359,23.33979613,1.561395,18.25103633,1.563455,5.088759798,23.29246654
086_210℃_280_1.0mm.csv,1,280,1.49151,0.300110903,1.49995,0.300095341,0.00844,1.488933989,23.37220012,1.561395,18.30051522,1.563455,5.0716849,23.32483827
087_210℃_280_1.0mm.csv,1,280,1.491565,0.300056478,1.499695,0.300079733,0.00813,1.43026041,23.3245888,1.56134,18.27737899,1.5634,5.047209811,23.27717719
088_210℃_280_1.0mm.csv,1,280,1.491595,0.300021092,1.499675,0.300006585,0.00808,1.424658871,23.61132904,1.56172,18.54544894,1.563765,5.0658801,23.56446461
089_210℃_280_1.0mm.csv,1,280,1.491525,0.300078541,1.50002,0.300186318,0.008495,1.505651679,23.43860617,1.561485,18.35184025,1.56355,5.086765923,23.39110569
090_210℃_280_1.0mm.csv,1,280,1.491485,0.300024396,1.500075,0.300086821,0.00859,1.518683047,23.37519898,1.56141,18.28823992,1.56347,5.08695906,23.32790551
091_210℃_320_1.0mm.csv,1,320,1.491625,0.300195672,1.49977,0.300177546,0.008145,1.446225279,23.39212553,1.561385,18.32188828,1.563405,5.070237249,23.34547128
092_210℃_320_1.0mm.csv,1,320,1.49175,0.300300396,1.49945,0.300275331,0.0077,1.372194963,23.44239685,1.561485,18.39069785,1.563495,5.051698995,23.39605804
093_210℃_320_1.0mm.csv,1,320,1.491745,0.300208964,1.499195,0.300338313,0.00745,1.316196519,23.57245904,1.56157,18.52131554,1.563575,5.051143504,23.52629819
094_210℃_320_1.0mm.csv,1,320,1.49164,0.300023969,1.49973,0.300286945,0.00809,1.437472526,23.51926107,1.561435,18.43739459,1.563445,5.081866484,23.47263129
095_210℃_320_1.0mm.csv,1,320,1.49166,0.300272883,1.4993,0.300076624,0.00764,1.339540768,23.52318176,1.561515,18.45199716,1.56353,5.071184603,23.4765484
096_210℃_320_1.0mm.csv,1,320,1.49172,0.300129512,1.499555,0.300144499,0.007835,1.396804987,23.52086163,1.561415,18.44710923,1.56342,5.073752402,23.47444924
097_210℃_320_1.0mm.csv,1,320,1.491805,0.300162506,1.499225,0.300145125,0.00742,1.322003127,23.65128337,1.561545,18.5835605,1.56354,5.06772286,23.605179
098_210℃_320_1.0mm.csv,1,320,1.491715,0.300217841,1.499785,0.300333502,0.00807,1.449513312,23.55432397,1.56155,18.46310925,1.56356,5.091214716,23.50785687
099_210℃_320_1.0mm.csv,1,320,1.491635,0.30005135,1.499205,0.300237167,0.00757,1.319078364,23.60475913,1.561645,18.53296064,1.563655,5.071798485,23.55805735
100_210℃_320_1.0mm.csv,1,320,1.49161,0.300176598,1.49992,0.300316989,0.00831,1.481586863,23.67492907,1.56173,18.56960051,1.56372,5.105328559,23.62925768
001_230℃_010_1.0mm.csv,1,10,1.414705,0.300035387,1.609685,0.300009618,0.19498,3.57544647,37.07460121,2.615235,29.0463362,2.618865,8.028265009,37.03332461
002_230℃_010_1.0mm.csv,1,10,1.41491,0.300016734,1.60809,0.300042284,0.19318,3.53974476,37.01357959,2.613635,29.04301989,2.61719,7.970559706,36.97399627
003_230℃_010_1.0mm.csv,1,10,1.414215,0.300029432,1.610955,0.300040801,0.19674,3.590759805,37.30177902,2.62234,29.2717058,2.625955,8.030073226,37.26106486
004_230℃_010_1.0mm.csv,1,10,1.41415,0.300031229,1.610735,0.300035787,0.196585,3.586909612,37.27615844,2.62283,29.24933884,2.62643,8.026819603,37.23582415
005_230℃_010_1.0mm.csv,1,10,1.414815,0.300048229,1.60752,0.30003235,0.192705,3.528776797,37.33501411,2.625775,29.36318459,2.62939,7.971829527,37.29449713
006_230℃_010_1.0mm.csv,1,10,1.41441,0.300052098,1.6073,0.300047284,0.19289,3.516700985,37.28037292,2.62723,29.33528566,2.63077,7.945087261,37.24124771
007_230℃_010_1.0mm.csv,1,10,1.414545,0.30000931,1.609505,0.300039385,0.19496,3.560109042,37.26722661,2.627835,29.31834294,2.631355,7.948883665,37.22864813
008_230℃_010_1.0mm.csv,1,10,1.41455,0.300010394,1.609545,0.300008851,0.194995,3.561413505,37.63794042,2.63777,29.66707361,2.641345,7.970866808,37.5983935
009_230℃_010_1.0mm.csv,1,10,1.413905,0.300036224,1.609535,0.300024291,0.19563,3.561410225,37.27352539,2.629195,29.32354735,2.632735,7.949978038,37.23429858
010_230℃_010_1.0mm.csv,1,10,1.41446,0.300042098,1.607355,0.300026311,0.192895,3.515974814,37.55685753,2.63605,29.62239461,2.639605,7.934462917,37.51764726
011_230℃_020_1.0mm.csv,1,20,1.45873,0.300096609,1.55084,0.300003899,0.09211,3.344066951,29.58038366,2.017615,23.17374342,2.019615,6.406640246,29.560958
012_230℃_020_1.0mm.csv,1,20,1.45886,0.300079489,1.550355,0.300060139,0.091495,3.326689127,29.75387174,2.02005,23.35925639,2.02205,6.394615356,29.73446912
013_230℃_020_1.0mm.csv,1,20,1.4589,0.300001896,1.552005,0.300001262,0.093105,3.39209638,29.94713123,2.022705,23.49049833,2.02471,6.456632898,29.9275916
014_230℃_020_1.0mm.csv,1,20,1.45905,0.300049975,1.550535,0.30005932,0.091485,3.336124523,30.11264781,2.0253,23.6809376,2.027305,6.431710207,30.09307213
015_230℃_020_1.0mm.csv,1,20,1.45871,0.30003174,1.551265,0.300016459,0.092555,3.361691165,30.19114966,2.02732,23.7420127,2.029305,6.449136959,30.17196628
016_230℃_020_1.0mm.csv,1,20,1.45878,0.300052254,1.551655,0.300100732,0.092875,3.376055671,30.0970187,2.02612,23.65024151,2.02811,6.446777184,30.07770926
017_230℃_020_1.0mm.csv,1,20,1.458875,0.300045501,1.552175,0.300091071,0.0933,3.397773609,29.76993055,2.02127,23.33546671,2.02325,6.43446384,29.75070597
018_230℃_020_1.0mm.csv,1,20,1.458715,0.300071454,1.551245,0.300021379,0.09253,3.36157677,29.79581317,2.021415,23.3812744,2.023415,6.414538771,29.77616302
019_230℃_020_1.0mm.csv,1,20,1.45886,0.300088987,1.55019,0.300007093,0.09133,3.321343673,29.96274691,2.024005,23.56393127,2.025985,6.398815641,29.94353166
020_230℃_020_1.0mm.csv,1,20,1.45866,0.300002221,1.551635,0.300082712,0.092975,3.376808286,30.047692,2.025585,23.60918961,2.02756,6.438502382,30.02856873
021_230℃_040_1.0mm.csv,1,40,1.479245,0.300138459,1.52452,0.300045751,0.045275,3.391806458,25.359254,1.73434,19.66469669,1.73608,5.69455731,25.33577019
022_230℃_040_1.0mm.csv,1,40,1.479125,0.300053235,1.52436,0.300005033,0.045235,3.375949059,25.52618092,1.73578,19.82352192,1.737485,5.702658999,25.50349983
023_230℃_040_1.0mm.csv,1,40,1.47915,0.300057018,1.52421,0.300085383,0.04506,3.367696104,25.80075252,1.73778,20.08127895,1.739505,5.719473566,25.77747636
024_230℃_040_1.0mm.csv,1,40,1.4793,0.300098564,1.52417,0.300140105,0.04487,3.364442634,25.86678119,1.73822,20.14346041,1.739935,5.72332078,25.84372082
025_230℃_040_1.0mm.csv,1,40,1.47927,0.300102843,1.52385,0.300060062,0.04458,3.334942492,25.79351289,1.73787,20.0869792,1.739585,5.706533692,25.77046934
026_230℃_040_1.0mm.csv,1,40,1.479265,0.300146385,1.524085,0.300098789,0.04482,3.352167363,25.82851148,1.73822,20.10977644,1.73992,5.718735036,25.80577728
027_230℃_040_1.0mm.csv,1,40,1.479165,0.300026257,1.52441,0.300160622,0.045245,3.375687213,25.72621198,1.73759,20.0143032,1.739295,5.711908777,25.70337213
028_230℃_040_1.0mm.csv,1,40,1.479115,0.300013142,1.52405,0.300146752,0.044935,3.350125315,25.70500166,1.7373,20.00436785,1.738995,5.700633807,25.68246225
029_230℃_040_1.0mm.csv,1,40,1.47924,0.300130982,1.523705,0.300140005,0.044465,3.323921599,25.7039025,1.737225,20.02125025,1.738925,5.682652249,25.68123009
030_230℃_040_1.0mm.csv,1,40,1.47929,0.300082947,1.52368,0.300170559,0.04439,3.322921533,25.71879145,1.737405,20.03652163,1.73912,5.682269819,25.6957328
031_230℃_080_1.0mm.csv,1,80,1.486725,0.300228509,1.50952,0.300029372,0.022795,2.987575774,23.10164279,1.60992,17.80566399,1.61187,5.295978795,23.06105309
032_230℃_080_1.0mm.csv,1,80,1.48663,0.300161963,1.50942,0.300071204,0.02279,2.969431617,23.22502051,1.610375,17.92010738,1.61232,5.304913128,23.18442548
033_230℃_080_1.0mm.csv,1,80,1.48684,0.300231025,1.508985,0.30003569,0.022145,2.899163033,23.54516086,1.61155,18.24496518,1.61347,5.300195683,23.50539061
034_230℃_080_1.0mm.csv,1,80,1.48686,0.30009238,1.509315,0.300107599,0.022455,2.956383624,23.4779682,1.61124,18.16307397,1.613165,5.314894234,23.43803889
035_230℃_080_1.0mm.csv,1,80,1.48686,0.300233366,1.509345,0.300218748,0.022485,2.961788843,23.59218929,1.61174,18.26430889,1.613655,5.327880399,23.55250678
036_230℃_080_1.0mm.csv,1,80,1.48665,0.300048739,1.50969,0.300103853,0.02304,3.0153478,23.72695991,1.6124,18.36716424,1.614315,5.359795671,23.687228
037_230℃_080_1.0mm.csv,1,80,1.486755,0.3000215,1.509215,0.300168806,0.02246,2.934890187,23.46836255,1.61137,18.1628019,1.61329,5.305560656,23.42869208
038_230℃_080_1.0mm.csv,1,80,1.486695,0.300093596,1.509475,0.30018905,0.02278,2.979006929,23.52984559,1.61162,18.20674002,1.613545,5.32310557,23.48989831
039_230℃_080_1.0mm.csv,1,80,1.48675,0.3000772,1.509185,0.30017215,0.022435,2.929728368,23.59789762,1.611925,18.28682643,1.61384,5.311071196,23.55821305
040_230℃_080_1.0mm.csv,1,80,1.48673,0.30001611,1.50909,0.300042604,0.02236,2.91304338,23.49170323,1.611465,18.1913813,1.613385,5.300321933,23.45193532
041_230℃_120_1.0mm.csv,1,120,1.48909,0.300143228,1.504305,0.300177951,0.015215,2.347563704,21.35702397,1.574805,16.40804871,1.57711,4.948975261,21.30242322
042_230℃_120_1.0mm.csv,1,120,1.489115,0.300267977,1.504645,0.300290657,0.01553,2.424972091,21.58829936,1.575395,16.60646271,1.57768,4.98183665,21.5340424
043_230℃_120_1.0mm.csv,1,120,1.489145,0.300215998,1.50448,0.300191213,0.015335,2.388023376,21.81175349,1.575965,16.82038171,1.57823,4.991371776,21.75823378
044_230℃_120_1.0mm.csv,1,120,1.48885,0.300151777,1.504815,0.300011191,0.015965,2.456890579,21.82132061,1.57602,16.79034438,1.578295,5.030976231,21.76732708
045_230℃_120_1.0mm.csv,1,120,1.489045,0.300008093,1.504535,0.300170506,0.01549,2.397338344,21.88280984,1.57617,16.86934294,1.578415,5.013466899,21.83002764
046_230℃_120_1.0mm.csv,1,120,1.488985,0.300186374,1.50431,0.300081539,0.015325,2.347641521,21.7341939,1.575795,16.7461762,1.57806,4.988017705,21.68063162
047_230℃_120_1.0mm.csv,1,120,1.489045,0.300012335,1.504315,0.300105832,0.01527,2.348980896,21.75638961,1.57587,16.7729977,1.57813,4.983391905,21.7030756
048_230℃_120_1.0mm.csv,1,120,1.489125,0.300077002,1.504235,0.300226177,0.01511,2.334174412,21.73645562,1.57579,16.76345497,1.57805,4.973000657,21.68318076
049_230℃_120_1.0mm.csv,1,120,1.48898,0.300195332,1.504435,0.300187452,0.015455,2.374387434,21.73562911,1.575835,16.74044856,1.5781,4.995180553,21.68220962
050_230℃_120_1.0mm.csv,1,120,1.48894,0.30015733,1.504545,0.300056604,0.015605,2.397453046,21.72164858,1.57581,16.72608725,1.578075,4.995561335,21.66809741
051_230℃_160_1.0mm.csv,1,160,1.490245,0.300253081,1.50193,0.300067627,0.011685,1.915523388,21.03939114,1.56521,16.29683788,1.56754,4.742553253,20.98744601
052_230℃_160_1.0mm.csv,1,160,1.490195,0.300264972,1.501955,0.300248386,0.01176,1.921148232,21.22383902,1.565615,16.45920663,1.56793,4.764632396,21.17244772
053_230℃_160_1.0mm.csv,1,160,1.48998,0.300095445,1.50237,0.300092773,0.01239,2.015028858,21.39586127,1.565985,16.5824742,1.5683,4.813387069,21.34427006
054_230℃_160_1.0mm.csv,1,160,1.49022,0.300105564,1.502055,0.300044091,0.011835,1.944606705,21.60974648,1.56632,16.79586769,1.568615,4.813878797,21.55875672
055_230℃_160_1.0mm.csv,1,160,1.4901,0.300263614,1.501995,0.300104677,0.011895,1.929269389,21.6362111,1.566445,16.82807831,1.568725,4.808132793,21.58582772
056_230℃_160_1.0mm.csv,1,160,1.490025,0.300165722,1.50224,0.30021872,0.012215,1.984557828,21.50167669,1.5662,16.6886747,1.568495,4.813001992,21.4508173
057_230℃_160_1.0mm.csv,1,160,1.49024,0.300192286,1.50202,0.300027512,0.01178,1.93625086,21.38226341,1.56591,16.5985092,1.5682,4.783754209,21.33168493
058_230℃_160_1.0mm.csv,1,160,1.490085,0.300013686,1.50226,0.300066146,0.012175,1.990501477,21.25737025,1.565665,16.45890862,1.568,4.798461627,21.20498368
059_230℃_160_1.0mm.csv,1,160,1.490185,0.300287533,1.501965,0.300143652,0.01178,1.922508785,21.29448233,1.565735,16.51122506,1.56805,4.78325727,21.24286974
060_230℃_160_1.0mm.csv,1,160,1.490255,0.300038005,1.501985,0.300090332,0.01173,1.929065757,21.39887112,1.56592,16.61571202,1.568215,4.7831591,21.34797176
061_230℃_200_1.0mm.csv,1,200,1.49091,0.300145261,1.500805,0.300190079,0.009895,1.682004551,21.4115985,1.56292,16.70224298,1.565095,4.709355524,21.36543287
062_230℃_200_1.0mm.csv,1,200,1.49092,0.300178535,1.500355,0.300313235,0.009435,1.579187487,21.40290154,1.56287,16.7253633,1.56506,4.677538247,21.35627204
063_230℃_200_1.0mm.csv,1,200,1.49092,0.300120319,1.50021,0.300199104,0.00929,1.546820614,21.65857337,1.56327,16.96750739,1.56544,4.691065978,21.61242415
064_230℃_200_1.0mm.csv,1,200,1.49085,0.300090576,1.50054,0.300132119,0.00969,1.620677923,21.47546116,1.56298,16.76734664,1.565175,4.708114526,21.42847159
065_230℃_200_1.0mm.csv,1,200,1.49075,0.300173872,1.500965,0.30007217,0.010215,1.718426924,21.37484537,1.56288,16.64536775,1.565055,4.729477623,21.32868013
066_230℃_200_1.0mm.csv,1,200,1.490845,0.300028292,1.500895,0.300175324,0.01005,1.702948646,21.32377969,1.56277,16.60894492,1.56494,4.714834776,21.27796883
067_230℃_200_1.0mm.csv,1,200,1.4908,0.300046452,1.500415,0.300030959,0.009615,1.59164144,21.49844445,1.56307,16.79799801,1.565255,4.700446439,21.45189286
068_230℃_200_1.0mm.csv,1,200,1.49084,0.300074559,1.500915,0.30008274,0.010075,1.707314724,21.48381229,1.563035,16.75465486,1.565205,4.729157429,21.4377921
069_230℃_200_1.0mm.csv,1,200,1.49082,0.30008982,1.500935,0.300040281,0.010115,1.711449466,21.57574956,1.56319,16.83814047,1.56535,4.737609095,21.53014175
070_230℃_200_1.0mm.csv,1,200,1.490755,0.300195547,1.50101,0.300161879,0.010255,1.729277369,21.40976734,1.56293,16.67962651,1.5651,4.730140828,21.36377504
071_230℃_240_1.0mm.csv,1,240,1.49121,0.300240838,1.50007,0.300165128,0.00886,1.515953526,21.21418071,1.561215,16.54673035,1.56334,4.667450361,21.16887051
072_230℃_240_1.0mm.csv,1,240,1.49119,0.300129452,1.500125,0.300110137,0.008935,1.529190808,21.3877872,1.561485,16.7008033,1.563585,4.686983905,21.3433712
073_230℃_240_1.0mm.csv,1,240,1.491145,0.300245212,1.49989,0.300084703,0.008745,1.475696087,21.46894278,1.561585,16.78229746,1.563685,4.686645326,21.42438163
074_230℃_240_1.0mm.csv,1,240,1.49125,0.300212881,1.499965,0.300180017,0.008715,1.492892556,21.45154011,1.561525,16.76719571,1.56363,4.684344407,21.40676337
075_230℃_240_1.0mm.csv,1,240,1.491145,0.300168696,1.500115,0.300228532,0.00897,1.526533955,21.73025446,1.561995,17.01150049,1.564085,4.718753972,21.68593303
076_230℃_240_1.0mm.csv,1,240,1.491265,0.300054933,1.49998,0.300345109,0.008715,1.496120171,21.4388592,1.561535,16.75725343,1.56363,4.681605777,21.39476472
077_230℃_240_1.0mm.csv,1,240,1.49124,0.300163215,1.49981,0.300019617,0.00857,1.457724563,21.53110903,1.56167,16.85646912,1.563765,4.674639917,21.48672205
078_230℃_240_1.0mm.csv,1,240,1.491225,0.300246669,1.499885,0.300098169,0.00866,1.474650188,21.56104591,1.561745,16.87779816,1.563835,4.683247753,21.51690768
079_230℃_240_1.0mm.csv,1,240,1.49121,0.30011815,1.50014,0.30004754,0.00893,1.532152692,21.61608907,1.561825,16.9136943,1.563915,4.702394766,21.5719736
080_230℃_240_1.0mm.csv,1,240,1.49129,0.300319898,1.49972,0.3002651,0.00843,1.437623011,21.51321346,1.56164,16.84971369,1.56374,4.663499774,21.46867637
081_230℃_280_1.0mm.csv,1,280,1.49143,0.300258279,1.49932,0.300140145,0.00789,1.349531595,21.48676962,1.56079,16.83900307,1.56287,4.647766548,21.44221071
082_230℃_280_1.0mm.csv,1,280,1.491305,0.30024562,1.499825,0.300326864,0.00852,1.460619418,21.55844375,1.56089,16.85676149,1.56297,4.701682256,21.51382363
083_230℃_280_1.0mm.csv,1,280,1.49127,0.300135163,1.499705,0.300181739,0.008435,1.433697319,21.76245982,1.56118,17.04751624,1.56324,4.714943574,21.71840523
084_230℃_280_1.0mm.csv,1,280,1.491385,0.300002179,1.49987,0.30022163,0.008485,1.470395463,21.49487066,1.560785,16.79355591,1.56286,4.701314746,21.45036412
085_230℃_280_1.0mm.csv,1,280,1.4915,0.300149814,1.499415,0.300028456,0.007915,1.369725795,21.47445335,1.560745,16.82179469,1.562815,4.652658659,21.43019162
086_230℃_280_1.0mm.csv,1,280,1.49127,0.300264641,1.49976,0.300323283,0.00849,1.445911511,21.55058463,1.56091,16.85028933,1.562975,4.700295296,21.50660473
087_230℃_280_1.0mm.csv,1,280,1.49131,0.30011107,1.49978,0.300316623,0.00847,1.450813694,21.55177386,1.560895,16.8556946,1.562965,4.696079262,21.50758526
088_230℃_280_1.0mm.csv,1,280,1.491355,0.300013186,1.49963,0.300065047,0.008275,1.417538423,21.22174574,1.56043,16.57210137,1.562525,4.649644371,21.17668351
089_230℃_280_1.0mm.csv,1,280,1.491215,0.300073923,1.49981,0.300037069,0.008595,1.457431177,21.33791402,1.56063,16.65252307,1.56273,4.685390948,21.29275977
090_230℃_280_1.0mm.csv,1,280,1.491625,0.30034596,1.49933,0.300022908,0.007705,1.350375472,21.41804484,1.560625,16.78731564,1.562705,4.630729198,21.37358615
091_230℃_320_1.0mm.csv,1,320,1.49141,0.300281343,1.49968,0.30028178,0.00827,1.428175015,21.31052676,1.560495,16.62590496,1.56254,4.684621796,21.26617876
092_230℃_320_1.0mm.csv,1,320,1.49143,0.300137334,1.49962,0.3002818,0.00819,1.41446187,21.61785585,1.56094,16.92872282,1.562955,4.689133024,21.57468433
093_230℃_320_1.0mm.csv,1,320,1.49133,0.300314661,1.49946,0.300275226,0.00813,1.379104558,21.56728397,1.560765,16.8748769,1.5628,4.692407067,21.52335385
094_230℃_320_1.0mm.csv,1,320,1.491475,0.300134425,1.49971,0.300272726,0.008235,1.434854611,21.61892394,1.560905,16.91751889,1.56292,4.70140505,21.57557173
095_230℃_320_1.0mm.csv,1,320,1.49151,0.300057855,1.499615,0.300129215,0.008105,1.413350088,21.2902565,1.56043,16.62180669,1.562475,4.668449809,21.24596534
096_230℃_320_1.0mm.csv,1,320,1.491505,0.300149402,1.49941,0.300325959,0.007905,1.36739519,21.38547289,1.56054,16.71950567,1.56258,4.665967222,21.34123491
097_230℃_320_1.0mm.csv,1,320,1.49144,0.300110058,1.499355,0.300315607,0.007915,1.356092796,21.91147111,1.561265,17.20224942,1.56326,4.709221689,21.86883489
098_230℃_320_1.0mm.csv,1,320,1.49137,0.300171152,1.499595,0.300164108,0.008225,1.40877577,21.78635537,1.56116,17.07561597,1.56315,4.710739399,21.74381746
099_230℃_320_1.0mm.csv,1,320,1.49133,0.300097207,1.4997,0.300173542,0.00837,1.432952412,21.63134637,1.560915,16.92368181,1.56293,4.707664567,21.58808971
100_230℃_320_1.0mm.csv,1,320,1.49149,0.300182252,1.49968,0.300078474,0.00819,1.427922865,21.61981222,1.56085,16.92248917,1.562875,4.697323048,21.57613648
001_190℃_003_1.5mm.csv,1.5,3,1.01058,0.300005901,1.98039,0.300007253,0.96981,3.120485323,12.65942826,3.55537,5.642137703,3.55537,7.017290556,12.65942826
002_190℃_003_1.5mm.csv,1.5,3,1.01065,0.300012844,1.96343,0.300001786,0.95278,3.050836712,12.76475191,3.57511,5.933683383,3.57511,6.831068525,12.76475191
003_190℃_003_1.5mm.csv,1.5,3,1.00866,0.300004161,1.95232,0.300007344,0.94366,2.987882972,12.46577877,3.60479,5.91417512,3.60479,6.551603651,12.46577877
004_190℃_003_1.5mm.csv,1.5,3,1.00939,0.300008789,1.94864,0.300020214,0.93925,2.972560543,12.39945025,3.61918,6.006024108,3.61918,6.393426141,12.39945025
005_190℃_003_1.5mm.csv,1.5,3,1.01084,0.300000903,1.94081,0.300015075,0.92997,2.94110993,12.30092729,3.61524,5.991731749,3.61524,6.30919554,12.30092729
006_190℃_003_1.5mm.csv,1.5,3,1.01334,0.300013825,1.94487,0.300015672,0.93153,2.950487812,12.54329816,3.64226,6.136248123,3.64226,6.40705004,12.54329816
007_190℃_003_1.5mm.csv,1.5,3,1.01087,0.300007391,1.94437,0.300015309,0.9335,2.949173353,12.48751179,3.63983,6.120135319,3.63983,6.367376468,12.48751179
008_190℃_003_1.5mm.csv,1.5,3,1.01283,0.300001884,1.93976,0.300017356,0.92693,2.934841142,12.69688999,3.66413,6.25742031,3.66413,6.439469676,12.69688999
009_190℃_003_1.5mm.csv,1.5,3,1.00911,0.300005622,1.95467,0.300016222,0.94556,2.98464744,12.67183118,3.66306,6.218241797,3.66306,6.453589383,12.67183118
010_190℃_003_1.5mm.csv,1.5,3,1.01347,0.300012721,1.93607,0.300005109,0.9226,2.918328792,12.46233437,3.63749,6.132347741,3.63749,6.329986632,12.46233437
011_190℃_005_1.5mm.csv,1.5,5,1.19043,0.300003341,1.69234,0.300027108,0.50191,2.428903051,29.83244495,4.23474,22.03131621,4.23795,7.801128737,29.81579471
012_190℃_005_1.5mm.csv,1.5,5,1.18782,0.300021518,1.70009,0.300012528,0.51227,2.466332071,29.34534585,4.22269,21.67887583,4.2257,7.666470026,29.33070052
013_190℃_005_1.5mm.csv,1.5,5,1.18834,0.30000829,1.70039,0.300012511,0.51205,2.470699413,29.19769211,4.2342,21.6042419,4.23724,7.593450216,29.18311928
014_190℃_005_1.5mm.csv,1.5,5,1.1889,0.300003022,1.70231,0.300023676,0.51341,2.477932316,29.14281196,4.23606,21.59872988,4.23898,7.544082081,29.12922327
015_190℃_005_1.5mm.csv,1.5,5,1.18809,0.300023474,1.69869,0.300011975,0.5106,2.461270016,29.15125012,4.23715,21.60917228,4.23998,7.542077834,29.1384916
016_190℃_005_1.5mm.csv,1.5,5,1.18857,0.300015703,1.70068,0.300003571,0.51211,2.467938303,29.13556912,4.23914,21.61200559,4.24212,7.523563531,29.12134489
017_190℃_005_1.5mm.csv,1.5,5,1.18947,0.30001073,1.696,0.300023315,0.50653,2.446979999,29.09820833,4.23718,21.59686327,4.24007,7.501345063,29.08479278
018_190℃_005_1.5mm.csv,1.5,5,1.18669,0.300005933,1.69282,0.300006377,0.50613,2.431665164,28.93960116,4.22969,21.48991228,4.23258,7.449688878,28.92642436
019_190℃_005_1.5mm.csv,1.5,5,1.18724,0.300013674,1.70033,0.300022106,0.51309,2.462398168,28.99049502,4.23711,21.52562084,4.23999,7.46487418,28.97739678
020_190℃_005_1.5mm.csv,1.5,5,1.18584,0.300007327,1.69814,0.300011816,0.5123,2.456300805,28.89364532,4.23008,21.45219981,4.23289,7.441445508,28.88120818
021_190℃_010_1.5mm.csv,1.5,10,1.33557,0.300024766,1.57493,0.300005955,0.23936,2.172752461,19.74564433,2.78196,15.27036462,2.78363,4.475279712,19.7407327
022_190℃_010_1.5mm.csv,1.5,10,1.33471,0.300015056,1.578355,0.30001487,0.243645,2.205179799,19.71890887,2.783125,15.24025181,2.78475,4.478657059,19.71418991
023_190℃_010_1.5mm.csv,1.5,10,1.33432,0.300000115,1.58039,0.300010459,0.24607,2.220566253,19.46188884,2.77478,15.00920733,2.77641,4.452681507,19.45718392
024_190℃_010_1.5mm.csv,1.5,10,1.334515,0.300003851,1.58033,0.300021678,0.245815,2.22010517,19.58735055,2.782385,15.12567157,2.78399,4.461678974,19.58280584
025_190℃_010_1.5mm.csv,1.5,10,1.33519,0.300007557,1.576525,0.300000018,0.241335,2.186635305,19.55138306,2.78025,15.12803866,2.781865,4.423344404,19.54680652
026_190℃_010_1.5mm.csv,1.5,10,1.33475,0.300021321,1.58101,0.300014286,0.24626,2.223321233,19.49053531,2.778415,15.05193721,2.78009,4.438598104,19.48563432
027_190℃_010_1.5mm.csv,1.5,10,1.33413,0.30002589,1.57612,0.300018588,0.24199,2.181172118,19.39851023,2.774085,15.00065331,2.77571,4.397856913,19.39386815
028_190℃_010_1.5mm.csv,1.5,10,1.33373,0.300011632,1.58023,0.300008103,0.2465,2.221049233,19.3198228,2.77044,14.91087642,2.77201,4.408946383,19.3154765
029_190℃_010_1.5mm.csv,1.5,10,1.335245,0.300002222,1.576785,0.300013636,0.24154,2.185248864,19.35768476,2.77231,14.97271211,2.77385,4.384972654,19.35349053
030_190℃_010_1.5mm.csv,1.5,10,1.33352,0.300021144,1.5809,0.300026997,0.24738,2.223055044,19.47717479,2.77895,15.05605737,2.780545,4.421117424,19.47269059
031_190℃_020_1.5mm.csv,1.5,20,1.424295,0.300039795,1.541225,0.300006698,0.11693,2.241531484,16.16508298,2.08234,12.50581414,2.083775,3.659268838,16.15963823
032_190℃_020_1.5mm.csv,1.5,20,1.423255,0.300024061,1.540035,0.300037355,0.11678,2.214746442,16.524117,2.10004,12.88418198,2.101425,3.63993502,16.51904336
033_190℃_020_1.5mm.csv,1.5,20,1.42321,0.300060629,1.54147,0.300056492,0.11826,2.24287776,16.41331613,2.097405,12.77060245,2.098765,3.642713681,16.40848216
034_190℃_020_1.5mm.csv,1.5,20,1.423425,0.30001621,1.540205,0.30005485,0.11678,2.219524854,16.41598117,2.09781,12.7933193,2.09915,3.622661872,16.41126465
035_190℃_020_1.5mm.csv,1.5,20,1.422925,0.300046391,1.539435,0.300036817,0.11651,2.206051805,16.41953053,2.09909,12.80986377,2.100415,3.609666759,16.41491049
036_190℃_020_1.5mm.csv,1.5,20,1.423145,0.300002277,1.53957,0.300035039,0.116425,2.205193865,16.37630716,2.09896,12.77216256,2.10032,3.604144601,16.37147285
037_190℃_020_1.5mm.csv,1.5,20,1.423165,0.300025839,1.540905,0.300035626,0.11774,2.229806333,16.30451253,2.09687,12.69094684,2.09822,3.613565691,16.29977077
038_190℃_020_1.5mm.csv,1.5,20,1.423175,0.30003984,1.54039,0.300057378,0.117215,2.220580568,16.1881258,2.093255,12.60162788,2.09467,3.586497916,16.18289644
039_190℃_020_1.5mm.csv,1.5,20,1.423235,0.300023004,1.54068,0.300032193,0.117445,2.225272191,16.25561503,2.09546,12.66173135,2.09688,3.593883681,16.25036498
040_190℃_020_1.5mm.csv,1.5,20,1.42313,0.300033413,1.539305,0.300044421,0.116175,2.202117572,16.25567995,2.095565,12.67871696,2.09696,3.576962987,16.25059862
041_190℃_040_1.5mm.csv,1.5,40,1.465685,0.300100055,1.522955,0.300011052,0.05727,2.392776969,14.72155427,1.77547,11.44656299,1.77682,3.274991278,14.71364507
042_190℃_040_1.5mm.csv,1.5,40,1.46567,0.300037316,1.52346,0.300095978,0.05779,2.412138198,14.84343323,1.77792,11.54466785,1.77928,3.298765384,14.83542763
043_190℃_040_1.5mm.csv,1.5,40,1.465545,0.300097362,1.52443,0.300129912,0.058885,2.451010073,14.75303107,1.77643,11.4319574,1.777765,3.321073668,14.74531438
044_190℃_040_1.5mm.csv,1.5,40,1.465525,0.300093425,1.52349,0.300062651,0.057965,2.413384552,14.78198028,1.776945,11.48824334,1.778305,3.293736937,14.7740108
045_190℃_040_1.5mm.csv,1.5,40,1.465505,0.300047201,1.52341,0.300090719,0.057905,2.411582816,14.67135098,1.775015,11.38833108,1.77636,3.283019898,14.66356489
046_190℃_040_1.5mm.csv,1.5,40,1.46556,0.300038444,1.52311,0.300129123,0.05755,2.400159273,14.61667127,1.774055,11.34473668,1.775395,3.271934589,14.60890753
047_190℃_040_1.5mm.csv,1.5,40,1.46545,0.300079056,1.522835,0.300004304,0.057385,2.388619421,14.64830619,1.774775,11.38772157,1.77611,3.260584629,14.64064454
048_190℃_040_1.5mm.csv,1.5,40,1.46546,0.300019979,1.522965,0.300013828,0.057505,2.395899414,14.72324335,1.77601,11.44795175,1.777345,3.275291607,14.71554653
049_190℃_040_1.5mm.csv,1.5,40,1.46546,0.300049113,1.523365,0.300036398,0.057905,2.413766938,14.6478812,1.774755,11.36786629,1.776115,3.280014905,14.63989346
050_190℃_040_1.5mm.csv,1.5,40,1.46538,0.300063912,1.523275,0.300076849,0.057895,2.40861525,14.67222525,1.77505,11.39336656,1.776415,3.278858687,14.6641491
051_190℃_080_1.5mm.csv,1.5,80,1.48174,0.300114663,1.510875,0.300020144,0.029135,2.466313076,15.56661396,1.641785,12.29244253,1.643275,3.274171425,15.55202936
052_190℃_080_1.5mm.csv,1.5,80,1.48187,0.300099122,1.51099,0.300180373,0.02912,2.476444491,15.53728198,1.641615,12.26525419,1.64312,3.272027791,15.52241998
053_190℃_080_1.5mm.csv,1.5,80,1.48175,0.300032937,1.510985,0.300201349,0.029235,2.476143516,15.51589746,1.641465,12.23957309,1.64297,3.276324374,15.50108992
054_190℃_080_1.5mm.csv,1.5,80,1.482055,0.30011688,1.51036,0.30019185,0.028305,2.421639608,15.38315953,1.640255,12.14947555,1.641775,3.233683974,15.3680548
055_190℃_080_1.5mm.csv,1.5,80,1.481885,0.300109921,1.510965,0.300000209,0.02908,2.477876348,15.41218585,1.6405,12.14449601,1.642005,3.267689842,15.39741771
056_190℃_080_1.5mm.csv,1.5,80,1.481725,0.300160399,1.510975,0.300063019,0.02925,2.477088321,15.44349973,1.640785,12.17047897,1.64229,3.273020761,15.4286892
057_190℃_080_1.5mm.csv,1.5,80,1.481955,0.300121433,1.5107,0.30009849,0.028745,2.450545724,15.41407547,1.64055,12.16281323,1.64204,3.251262247,15.39952569
058_190℃_080_1.5mm.csv,1.5,80,1.481825,0.3001122,1.51106,0.300149655,0.029235,2.484845975,15.42559625,1.64057,12.14892056,1.64208,3.276675696,15.41066898
059_190℃_080_1.5mm.csv,1.5,80,1.482055,0.300142801,1.50996,0.30015541,0.027905,2.384570632,15.40251167,1.64038,12.18279065,1.641885,3.219721018,15.38766741
060_190℃_080_1.5mm.csv,1.5,80,1.481915,0.300118012,1.5106,0.300075521,0.028685,2.443326056,15.44782339,1.640785,12.19669988,1.64229,3.251123512,15.4330165
061_190℃_120_1.5mm.csv,1.5,120,1.485805,0.300200898,1.505445,0.300194037,0.01964,2.217336241,13.92329863,1.588,10.82443117,1.590125,3.098867456,13.89642962
062_190℃_120_1.5mm.csv,1.5,120,1.485795,0.300008903,1.505755,0.30000149,0.01996,2.262171782,13.9475129,1.58814,10.82733953,1.59027,3.120173369,13.9205771
063_190℃_120_1.5mm.csv,1.5,120,1.485795,0.300185522,1.50535,0.300088694,0.019555,2.204261416,13.90488909,1.58795,10.81459961,1.59008,3.090289477,13.87785564
064_190℃_120_1.5mm.csv,1.5,120,1.485795,0.30009369,1.50584,0.300192618,0.020045,2.272686819,13.93753672,1.588105,10.821634,1.59024,3.115902722,13.91042273
065_190℃_120_1.5mm.csv,1.5,120,1.485785,0.300030885,1.505675,0.300048982,0.01989,2.249540842,13.90825855,1.58795,10.79814926,1.590085,3.110109294,13.88115118
066_190℃_120_1.5mm.csv,1.5,120,1.485875,0.300182799,1.505075,0.300135062,0.0192,2.166901958,13.93387418,1.58804,10.85837954,1.59017,3.075494639,13.90684496
067_190℃_120_1.5mm.csv,1.5,120,1.48591,0.300061055,1.505215,0.300070393,0.019305,2.186158124,13.94869375,1.58824,10.86926942,1.59038,3.079424329,13.92165824
068_190℃_120_1.5mm.csv,1.5,120,1.486025,0.300180645,1.50539,0.300074267,0.019365,2.211003588,14.03042726,1.588595,10.93829079,1.59073,3.092136476,14.00321682
069_190℃_120_1.5mm.csv,1.5,120,1.485945,0.300015474,1.505385,0.300238588,0.01944,2.211293314,13.95523022,1.58818,10.86020695,1.590325,3.09502327,13.92783358
070_190℃_120_1.5mm.csv,1.5,120,1.485735,0.300070064,1.50551,0.300143416,0.019775,2.225224505,13.94407596,1.58816,10.84292,1.590285,3.101155958,13.91720627
071_190℃_160_1.5mm.csv,1.5,160,1.4877,0.300103826,1.502565,0.300009564,0.014865,1.903719415,13.16037416,1.57052,10.21628476,1.572965,2.944089394,13.12978177
072_190℃_160_1.5mm.csv,1.5,160,1.487585,0.300172381,1.502895,0.300234707,0.01531,1.957716602,13.20567671,1.57072,10.23531184,1.57316,2.970364867,13.17519724
073_190℃_160_1.5mm.csv,1.5,160,1.48762,0.300030397,1.50284,0.300117385,0.01522,1.949364838,13.16839812,1.57054,10.19716172,1.573015,2.971236401,13.13687468
074_190℃_160_1.5mm.csv,1.5,160,1.487805,0.300205985,1.5027,0.30011024,0.014895,1.927301809,13.14230963,1.570435,10.19366395,1.572855,2.948645677,13.11218384
075_190℃_160_1.5mm.csv,1.5,160,1.487795,0.300143912,1.502795,0.300102733,0.015,1.943019231,13.17234839,1.570565,10.21519477,1.57302,2.95715362,13.14142928
076_190℃_160_1.5mm.csv,1.5,160,1.48778,0.300054541,1.502785,0.300264443,0.015005,1.941225493,13.12633308,1.57042,10.17022644,1.572875,2.956106639,13.09521677
077_190℃_160_1.5mm.csv,1.5,160,1.487675,0.300199537,1.502845,0.300203314,0.01517,1.950061457,13.06003862,1.57012,10.11068282,1.572575,2.949355796,13.02913717
078_190℃_160_1.5mm.csv,1.5,160,1.487665,0.300038443,1.502515,0.300123853,0.01485,1.895246862,13.05315397,1.570095,10.11040014,1.572535,2.942753829,13.0226111
079_190℃_160_1.5mm.csv,1.5,160,1.487585,0.30022147,1.50285,0.300128206,0.015265,1.949864084,13.126529,1.57044,10.16642027,1.572895,2.960108731,13.09554044
080_190℃_160_1.5mm.csv,1.5,160,1.48752,0.30016222,1.503125,0.300021911,0.015605,1.995298775,13.12424661,1.57047,10.14716875,1.572915,2.977077866,13.0936293
081_190℃_200_1.5mm.csv,1.5,200,1.48873,0.300216211,1.501485,0.300018898,0.012755,1.760575698,13.0651003,1.56493,10.1640296,1.567235,2.901070694,13.03751702
082_190℃_200_1.5mm.csv,1.5,200,1.48885,0.30008637,1.50131,0.300046151,0.01246,1.729109801,13.11498634,1.565065,10.2230916,1.567415,2.891894748,13.08634292
083_190℃_200_1.5mm.csv,1.5,200,1.48875,0.300055951,1.501315,0.300083062,0.012565,1.729531693,13.07567199,1.564955,10.18281064,1.56727,2.892861342,13.0478437
084_190℃_200_1.5mm.csv,1.5,200,1.48881,0.300232853,1.50134,0.300135341,0.01253,1.734525629,13.07146368,1.564945,10.18126251,1.56725,2.890201167,13.04397306
085_190℃_200_1.5mm.csv,1.5,200,1.48879,0.30024111,1.501405,0.300012158,0.012615,1.746580798,13.12040242,1.56513,10.22451339,1.56742,2.895889033,13.09320359
086_190℃_200_1.5mm.csv,1.5,200,1.48872,0.300256981,1.50123,0.300218498,0.01251,1.714140579,13.07167391,1.564965,10.18344961,1.567305,2.888224303,13.04329185
087_190℃_200_1.5mm.csv,1.5,200,1.488805,0.300099141,1.501,0.300231104,0.012195,1.672930442,13.03363543,1.564815,10.16480792,1.567105,2.868827513,13.00633536
088_190℃_200_1.5mm.csv,1.5,200,1.488795,0.300206614,1.5011,0.300079445,0.012305,1.690976759,13.0873007,1.56502,10.21284639,1.567345,2.874454309,13.05923959
089_190℃_200_1.5mm.csv,1.5,200,1.4887,0.300009246,1.501345,0.300151076,0.012645,1.734440231,13.04496399,1.564905,10.1545619,1.567205,2.890402096,13.01752526
090_190℃_200_1.5mm.csv,1.5,200,1.488885,0.300004189,1.50088,0.300113,0.011995,1.652654377,13.05349163,1.564875,10.1976653,1.56717,2.855826326,13.02619572
091_190℃_240_1.5mm.csv,1.5,240,1.489375,0.300032289,1.5002,0.300265039,0.010825,1.536575008,13.15131833,1.562605,10.28693611,1.56481,2.864382217,13.12495327
092_190℃_240_1.5mm.csv,1.5,240,1.48949,0.300072873,1.49999,0.300150131,0.0105,1.498351531,13.16037877,1.562585,10.30993117,1.564795,2.850447607,13.1338711
093_190℃_240_1.5mm.csv,1.5,240,1.48941,0.300263018,1.50024,0.300171736,0.01083,1.543870194,13.20054662,1.56272,10.32946409,1.564905,2.871082537,13.17460641
094_190℃_240_1.5mm.csv,1.5,240,1.48942,0.300244285,1.500185,0.300064678,0.010765,1.533913838,13.12987235,1.562515,10.26565035,1.56472,2.864222,13.10337441
095_190℃_240_1.5mm.csv,1.5,240,1.489455,0.300104536,1.50014,0.300242793,0.010685,1.52613382,13.07329184,1.56235,10.21494067,1.564555,2.85835117,13.04682971
096_190℃_240_1.5mm.csv,1.5,240,1.489565,0.300152929,1.50002,0.300013838,0.010455,1.504161257,13.06030067,1.562285,10.21312901,1.5645,2.847171661,13.03365645
097_190℃_240_1.5mm.csv,1.5,240,1.48943,0.300123359,1.499875,0.300045855,0.010445,1.477856182,13.00604025,1.56219,10.16825119,1.5644,2.837789062,12.97949893
098_190℃_240_1.5mm.csv,1.5,240,1.489345,0.300188941,1.50048,0.300176986,0.011135,1.588821783,13.11823719,1.56252,10.23689305,1.56471,2.881344142,13.09217135
099_190℃_240_1.5mm.csv,1.5,240,1.489585,0.300142419,1.5001,0.300017649,0.010515,1.51898662,13.02738659,1.56221,10.18321987,1.56442,2.844166719,13.00077757
100_190℃_240_1.5mm.csv,1.5,240,1.489465,0.300214034,1.50028,0.300223717,0.010815,1.551899567,13.12273812,1.56247,10.25731976,1.56467,2.865418359,13.09645785
101_190℃_280_1.5mm.csv,1.5,280,1.4897,0.300002927,1.49965,0.300157114,0.00995,1.435751155,13.15904235,1.561305,10.2945406,1.56349,2.864501749,13.13230465
102_190℃_280_1.5mm.csv,1.5,280,1.48971,0.300113251,1.499655,0.300079742,0.009945,1.436836458,13.15778358,1.561305,10.29594906,1.563475,2.861834512,13.13159449
103_190℃_280_1.5mm.csv,1.5,280,1.48987,0.300208886,1.499355,0.300130741,0.009485,1.38127861,13.12502566,1.56117,10.28977809,1.56335,2.835247565,13.09859524
104_190℃_280_1.5mm.csv,1.5,280,1.489825,0.300198577,1.49987,0.300113584,0.010045,1.476307505,13.20545362,1.561445,10.32920503,1.563605,2.876248585,13.17939035
105_190℃_280_1.5mm.csv,1.5,280,1.48968,0.300122924,1.499645,0.300084992,0.009965,1.434532439,13.0881762,1.56111,10.22368213,1.563295,2.864494073,13.06158139
106_190℃_280_1.5mm.csv,1.5,280,1.48972,0.300097205,1.4996,0.300165509,0.00988,1.426512184,13.14443238,1.561285,10.28129053,1.56345,2.863141851,13.11813143
107_190℃_280_1.5mm.csv,1.5,280,1.48984,0.300179296,1.49959,0.300250258,0.00975,1.42435566,13.11451106,1.56126,10.2630688,1.563425,2.851442261,13.08832981
108_190℃_280_1.5mm.csv,1.5,280,1.48977,0.300001011,1.499955,0.300135894,0.010185,1.491978063,13.0186553,1.560965,10.14606194,1.563135,2.872593355,12.99235582
109_190℃_280_1.5mm.csv,1.5,280,1.489815,0.30020677,1.49971,0.300142049,0.009895,1.446020806,13.12413067,1.56122,10.26312249,1.563375,2.861008184,13.09825024
110_190℃_280_1.5mm.csv,1.5,280,1.489835,0.300224538,1.49928,0.300016454,0.009445,1.36848707,13.07764997,1.56116,10.24402445,1.56331,2.833625514,13.05175846
111_190℃_320_1.5mm.csv,1.5,320,1.4902,0.300225363,1.49907,0.300163853,0.00887,1.326413449,13.08901263,1.56035,10.25687482,1.562435,2.832137812,13.06339513
112_190℃_320_1.5mm.csv,1.5,320,1.49006,0.300246582,1.498945,0.300197634,0.008885,1.304371692,13.11477182,1.56033,10.27603426,1.562435,2.838737565,13.08874601
113_190℃_320_1.5mm.csv,1.5,320,1.49003,0.30011451,1.49927,0.300314739,0.00924,1.362946624,13.14240517,1.560455,10.2805966,1.56255,2.861808566,13.11665558
114_190℃_320_1.5mm.csv,1.5,320,1.490005,0.300027347,1.499335,0.300216866,0.00933,1.374782196,13.18323996,1.560525,10.30702456,1.562605,2.876215397,13.15774722
115_190℃_320_1.5mm.csv,1.5,320,1.490205,0.300198189,1.49888,0.300272404,0.008675,1.292273937,13.10420585,1.560275,10.277621,1.56237,2.826584848,13.07831487
116_190℃_320_1.5mm.csv,1.5,320,1.490055,0.300165147,1.499185,0.300077476,0.00913,1.347842549,13.07387662,1.560365,10.22454157,1.562445,2.849335053,13.04835555
117_190℃_320_1.5mm.csv,1.5,320,1.49016,0.300118719,1.499005,0.300273335,0.008845,1.314874125,13.07221384,1.56028,10.24164346,1.562365,2.830570385,13.04662874
118_190℃_320_1.5mm.csv,1.5,320,1.48997,0.300233888,1.499175,0.300031127,0.009205,1.346224483,13.09005449,1.560295,10.22412756,1.562395,2.865926924,13.06404475
119_190℃_320_1.5mm.csv,1.5,320,1.49005,0.300116572,1.49919,0.300189115,0.00914,1.348925736,13.03254044,1.56018,10.18656926,1.562275,2.84597118,13.00683203
120_190℃_320_1.5mm.csv,1.5,320,1.4901,0.300000729,1.499215,0.300162833,0.009115,1.352672009,13.0976441,1.56035,10.24213568,1.56244,2.855508421,13.07196028
001_210℃_003_1.5mm.csv,1.5,3,0.99557,0.300001039,1.89564,0.300003696,0.90007,2.724540936,10.74481831,3.59189,6.005703522,3.59189,4.739114785,10.74481831
002_210℃_003_1.5mm.csv,1.5,3,0.99402,0.300000228,1.90137,0.300008804,0.90735,2.74077823,10.53239762,3.57175,5.890338621,3.57175,4.642058994,10.53239762
003_210℃_003_1.5mm.csv,1.5,3,1.00078,0.300007235,1.86176,0.300010287,0.86098,2.611774272,10.70862544,3.60763,6.133725822,3.60763,4.574899616,10.70862544
004_210℃_003_1.5mm.csv,1.5,3,1.00058,0.300014525,1.87907,0.300001361,0.87849,2.657181873,10.79904149,3.63586,6.215785899,3.63586,4.583255592,10.79904149
005_210℃_003_1.5mm.csv,1.5,3,0.99886,0.300007756,1.87218,0.300014129,0.87332,2.627658435,10.53806573,3.59881,6.044820514,3.59881,4.493245212,10.53806573
006_210℃_003_1.5mm.csv,1.5,3,0.99574,0.300001144,1.87014,0.300002766,0.8744,2.623330026,10.52616922,3.60206,6.063038698,3.60206,4.463130517,10.52616922
007_210℃_003_1.5mm.csv,1.5,3,0.99281,0.300005785,1.87436,0.300007138,0.88155,2.641100339,10.61245037,3.6195,6.134006708,3.6195,4.478443658,10.61245037
008_210℃_003_1.5mm.csv,1.5,3,0.99355,0.300016211,1.87868,0.300009667,0.88513,2.652281707,10.63290282,3.6249,6.147689091,3.6249,4.485213726,10.63290282
009_210℃_003_1.5mm.csv,1.5,3,0.99768,0.300012367,1.86781,0.300018939,0.87013,2.61304582,10.60033705,3.62278,6.151024554,3.62278,4.449312493,10.60033705
010_210℃_003_1.5mm.csv,1.5,3,0.99603,0.300003068,1.86979,0.300001416,0.87376,2.618210665,10.61765374,3.62764,6.17474645,3.62764,4.442907291,10.61765374
011_210℃_005_1.5mm.csv,1.5,5,1.1685,0.300009631,1.66778,0.300013799,0.49928,2.25006268,23.28631041,4.16932,18.14644309,4.17159,5.139867313,23.27976255
012_210℃_005_1.5mm.csv,1.5,5,1.16653,0.300023322,1.67516,0.300012227,0.50863,2.285171192,23.39696795,4.18348,18.2457701,4.18581,5.151197854,23.39009689
013_210℃_005_1.5mm.csv,1.5,5,1.16508,0.300021841,1.67374,0.300023119,0.50866,2.281030636,23.18423027,4.1776,18.07123831,4.17987,5.112991959,23.17777411
014_210℃_005_1.5mm.csv,1.5,5,1.16817,0.300016244,1.6687,0.300022927,0.50053,2.255607975,23.04788082,4.17714,18.00051606,4.17953,5.047364756,23.04073858
015_210℃_005_1.5mm.csv,1.5,5,1.16824,0.300005939,1.66481,0.300006838,0.49657,2.234982681,23.11241044,4.18565,18.08209512,4.18799,5.030315321,23.10562099
016_210℃_005_1.5mm.csv,1.5,5,1.16733,0.30001899,1.67253,0.300003208,0.5052,2.268583977,22.96605092,4.1783,17.93784914,4.18066,5.028201778,22.95916259
017_210℃_005_1.5mm.csv,1.5,5,1.16473,0.300019407,1.66994,0.300010116,0.50521,2.254351519,23.00750494,4.18275,17.98655043,4.18511,5.020954502,23.00060774
018_210℃_005_1.5mm.csv,1.5,5,1.16721,0.300020543,1.66386,0.300001459,0.49665,2.231720451,23.00349748,4.18262,18.00059805,4.18505,5.002899429,22.99614785
019_210℃_005_1.5mm.csv,1.5,5,1.16565,0.300007843,1.6686,0.300023585,0.50295,2.251590212,23.16747809,4.19826,18.14080968,4.2006,5.02666841,23.16063486
020_210℃_005_1.5mm.csv,1.5,5,1.16541,0.300004373,1.67015,0.300016371,0.50474,2.255680317,22.98340595,4.1861,17.97683264,4.18843,5.006573305,22.97650971
021_210℃_010_1.5mm.csv,1.5,10,1.31792,0.30002099,1.560085,0.300018704,0.242165,1.98704298,16.79926095,2.746305,13.19153886,2.74785,3.607722088,16.79562653
022_210℃_010_1.5mm.csv,1.5,10,1.31787,0.30002056,1.563895,0.300006067,0.246025,2.01380677,16.81524231,2.748535,13.19347443,2.75007,3.621767876,16.81166267
023_210℃_010_1.5mm.csv,1.5,10,1.31958,0.300016276,1.554465,0.300016442,0.234885,1.935683512,16.83912533,2.75037,13.26239861,2.75192,3.576726723,16.83548316
024_210℃_010_1.5mm.csv,1.5,10,1.31797,0.300006006,1.55878,0.300020245,0.24081,1.971681082,16.88938228,2.756495,13.3003147,2.75802,3.589067579,16.88583623
025_210℃_010_1.5mm.csv,1.5,10,1.31832,0.300016,1.55902,0.300013949,0.2407,1.976077483,16.81288695,2.75439,13.231012,2.75585,3.581874948,16.80969472
026_210℃_010_1.5mm.csv,1.5,10,1.317985,0.300014914,1.559455,0.300013475,0.24147,1.976425581,16.90945602,2.761565,13.32601376,2.763065,3.583442267,16.90607965
027_210℃_010_1.5mm.csv,1.5,10,1.317265,0.300022296,1.565935,0.30001548,0.24867,2.034669452,16.83433214,2.758545,13.22912729,2.76008,3.605204856,16.83081543
028_210℃_010_1.5mm.csv,1.5,10,1.317115,0.300008021,1.560465,0.300006481,0.24335,1.985777459,16.8348281,2.759395,13.26400432,2.76095,3.570823779,16.83121995
029_210℃_010_1.5mm.csv,1.5,10,1.31711,0.300016876,1.56236,0.30002342,0.24525,2.005286543,16.94479916,2.766265,13.35685254,2.767765,3.587946619,16.94142515
030_210℃_010_1.5mm.csv,1.5,10,1.31809,0.300002263,1.555905,0.300020708,0.237815,1.948847669,16.73022272,2.7533,13.20009648,2.75484,3.530126239,16.7267109
031_210℃_020_1.5mm.csv,1.5,20,1.413025,0.300051166,1.53065,0.300022055,0.117625,1.98803528,14.19797684,2.079325,11.10351092,2.08062,3.094465923,14.19411015
032_210℃_020_1.5mm.csv,1.5,20,1.41319,0.300022867,1.531565,0.300019157,0.118375,2.002716031,14.22592044,2.081405,11.12124229,2.082785,3.104678153,14.22153852
033_210℃_020_1.5mm.csv,1.5,20,1.41339,0.300030553,1.5308,0.300025306,0.11741,1.990124841,14.30782237,2.083815,11.20748797,2.0851,3.100334402,14.30404335
034_210℃_020_1.5mm.csv,1.5,20,1.41362,0.300029153,1.52891,0.300045779,0.11529,1.959981994,14.35325851,2.086195,11.27378906,2.087465,3.079469445,14.34954666
035_210℃_020_1.5mm.csv,1.5,20,1.413445,0.300032993,1.530475,0.300057833,0.11703,1.981840925,14.37454505,2.08734,11.28442605,2.08862,3.090118998,14.37074332
036_210℃_020_1.5mm.csv,1.5,20,1.412915,0.300005601,1.53145,0.300017325,0.118535,1.999881179,14.36051537,2.087395,11.25424312,2.08868,3.106272247,14.35672446
037_210℃_020_1.5mm.csv,1.5,20,1.41303,0.300054239,1.532325,0.300001333,0.119295,2.015169102,14.32207052,2.086305,11.21540375,2.0876,3.106666768,14.31821523
038_210℃_020_1.5mm.csv,1.5,20,1.41328,0.300019904,1.53176,0.30004666,0.11848,2.002443331,14.28521217,2.08505,11.19028324,2.0864,3.094928923,14.28101093
039_210℃_020_1.5mm.csv,1.5,20,1.413535,0.300027101,1.52883,0.30001779,0.115295,1.957237299,14.2255264,2.082585,11.17304592,2.08392,3.052480486,14.2214189
040_210℃_020_1.5mm.csv,1.5,20,1.413245,0.300037008,1.52894,0.300043563,0.115695,1.960160587,14.32680156,2.08698,11.26879744,2.08832,3.058004121,14.3226891
041_210℃_040_1.5mm.csv,1.5,40,1.46177,0.300092711,1.52115,0.300110361,0.05938,2.229332367,12.99739182,1.769955,10.05330146,1.771285,2.94409036,12.99048973
042_210℃_040_1.5mm.csv,1.5,40,1.46188,0.300079214,1.519305,0.300039295,0.057425,2.165670351,13.08492562,1.771795,10.18678079,1.7731,2.898144827,13.07826169
043_210℃_040_1.5mm.csv,1.5,40,1.46208,0.300047657,1.51881,0.300085618,0.05673,2.147793333,13.09675914,1.771995,10.21456701,1.77329,2.882192134,13.09019123
044_210℃_040_1.5mm.csv,1.5,40,1.46205,0.300086855,1.520295,0.300043015,0.058245,2.201806,13.11627993,1.77241,10.19528432,1.77372,2.920995605,13.10956049
045_210℃_040_1.5mm.csv,1.5,40,1.46201,0.300068013,1.51972,0.300119005,0.05771,2.18053876,13.07454354,1.771465,10.16723738,1.77279,2.907306161,13.06768074
046_210℃_040_1.5mm.csv,1.5,40,1.462155,0.300064102,1.52017,0.300089172,0.058015,2.197506625,13.09248931,1.77174,10.17079772,1.77306,2.921691594,13.0856557
047_210℃_040_1.5mm.csv,1.5,40,1.462055,0.300074759,1.51846,0.300055364,0.056405,2.132464692,13.1050088,1.77231,10.23029218,1.7736,2.874716627,13.09851196
048_210℃_040_1.5mm.csv,1.5,40,1.462045,0.300059962,1.5193,0.300063879,0.057255,2.163644376,13.07427771,1.771605,10.17286886,1.7729,2.901408848,13.06770155
049_210℃_040_1.5mm.csv,1.5,40,1.46192,0.30005524,1.520745,0.300069647,0.058825,2.214897012,13.11670453,1.772585,10.17632093,1.77389,2.940383604,13.10999968
050_210℃_040_1.5mm.csv,1.5,40,1.462105,0.300057549,1.519235,0.300111913,0.05713,2.162809634,13.12086928,1.77253,10.2213911,1.773865,2.899478182,13.11388795
051_210℃_080_1.5mm.csv,1.5,80,1.48069,0.300144091,1.50986,0.300029892,0.02917,2.289753199,13.73447494,1.637855,10.79466521,1.63935,2.939809728,13.72117255
052_210℃_080_1.5mm.csv,1.5,80,1.48057,0.300112788,1.510205,0.300178075,0.029635,2.314190402,13.9021581,1.63965,10.94428586,1.641135,2.95787224,13.88903885
053_210℃_080_1.5mm.csv,1.5,80,1.48067,0.300135511,1.509895,0.300120982,0.029225,2.292762362,13.89547955,1.63938,10.94476169,1.64084,2.950717865,13.88270091
054_210℃_080_1.5mm.csv,1.5,80,1.48066,0.30012162,1.509515,0.300052273,0.028855,2.261196783,13.93486581,1.639805,10.99691396,1.64128,2.937951853,13.92185677
055_210℃_080_1.5mm.csv,1.5,80,1.480705,0.300033198,1.50892,0.300053429,0.028215,2.213175953,13.88232533,1.63922,10.96955466,1.64071,2.912770674,13.86902181
056_210℃_080_1.5mm.csv,1.5,80,1.48071,0.300093472,1.50941,0.300128641,0.0287,2.252662251,13.9018035,1.63945,10.97127241,1.64092,2.930531089,13.88886335
057_210℃_080_1.5mm.csv,1.5,80,1.480775,0.300133622,1.50894,0.300120876,0.028165,2.213566768,13.95574637,1.63989,11.04342465,1.64137,2.912321723,13.9426023
058_210℃_080_1.5mm.csv,1.5,80,1.480555,0.300050998,1.509595,0.300144108,0.02904,2.266041556,13.92314876,1.63963,10.98271642,1.641115,2.940432335,13.90998327
059_210℃_080_1.5mm.csv,1.5,80,1.48072,0.30017533,1.50934,0.300157678,0.02862,2.246076443,13.8520031,1.638925,10.92857076,1.64041,2.92343234,13.8388607
060_210℃_080_1.5mm.csv,1.5,80,1.48046,0.300151257,1.50968,0.300140605,0.02922,2.273920035,13.94608902,1.63991,10.9979217,1.64139,2.948167326,13.93301909
061_210℃_120_1.5mm.csv,1.5,120,1.485225,0.300149571,1.504885,0.300072218,0.01966,2.091438829,12.46659271,1.58621,9.658617278,1.588335,2.807975434,12.44203793
062_210℃_120_1.5mm.csv,1.5,120,1.485225,0.300096605,1.504995,0.300095457,0.01977,2.105227906,12.494975,1.586475,9.678048059,1.58861,2.816926939,12.4701335
063_210℃_120_1.5mm.csv,1.5,120,1.48524,0.300073953,1.50468,0.30016349,0.01944,2.065461928,12.56876349,1.586895,9.765684871,1.58901,2.803078623,12.54441303
064_210℃_120_1.5mm.csv,1.5,120,1.485245,0.300150653,1.504825,0.300237097,0.01958,2.08464677,12.63318481,1.587265,9.815278383,1.589375,2.817906424,12.60892607
065_210℃_120_1.5mm.csv,1.5,120,1.485095,0.300074778,1.504975,0.300121031,0.01988,2.102051335,12.63502791,1.587255,9.806396219,1.589385,2.828631688,12.61031256
066_210℃_120_1.5mm.csv,1.5,120,1.48494,0.30011931,1.505255,0.300093283,0.020315,2.136294967,12.59607079,1.587025,9.744385314,1.58914,2.851685475,12.5717207
067_210℃_120_1.5mm.csv,1.5,120,1.485265,0.300010415,1.504345,0.300211747,0.01908,2.02461599,12.63153178,1.587195,9.836626927,1.58931,2.794904851,12.60719366
068_210℃_120_1.5mm.csv,1.5,120,1.48518,0.300196674,1.504695,0.300041547,0.019515,2.067967708,12.6948965,1.587615,9.8755139,1.589715,2.819382604,12.67074508
069_210℃_120_1.5mm.csv,1.5,120,1.485095,0.30010533,1.50489,0.300062428,0.019795,2.09232671,12.65663158,1.58736,9.827944265,1.58946,2.828687312,12.63254055
070_210℃_120_1.5mm.csv,1.5,120,1.48509,0.300179628,1.505305,0.300005996,0.020215,2.143429122,12.64342305,1.58733,9.794921752,1.58943,2.848501295,12.61934654
071_210℃_160_1.5mm.csv,1.5,160,1.487335,0.300179798,1.50203,0.300238041,0.014695,1.798123611,11.76325913,1.568835,9.093147774,1.571315,2.670111356,11.73455004
072_210℃_160_1.5mm.csv,1.5,160,1.487365,0.300232968,1.5019,0.30011577,0.014535,1.77916715,11.76715883,1.56887,9.115102311,1.57131,2.652056522,11.73956199
073_210℃_160_1.5mm.csv,1.5,160,1.487075,0.300208371,1.50248,0.300205767,0.015405,1.865704891,11.88137039,1.56942,9.176711285,1.571915,2.704659101,11.85254487
074_210℃_160_1.5mm.csv,1.5,160,1.48712,0.300037239,1.502465,0.300216798,0.015345,1.863728273,11.88342549,1.569405,9.175424054,1.57192,2.708001433,11.85399869
075_210℃_160_1.5mm.csv,1.5,160,1.48715,0.300039442,1.502305,0.300041879,0.015155,1.840109386,11.84733469,1.569205,9.161379274,1.571665,2.685955418,11.81937866
076_210℃_160_1.5mm.csv,1.5,160,1.487175,0.300209607,1.502215,0.300198421,0.01504,1.826270766,11.87876008,1.56935,9.195875333,1.571835,2.682884751,11.85024879
077_210℃_160_1.5mm.csv,1.5,160,1.48725,0.300185443,1.5021,0.300016275,0.01485,1.809167172,11.91973564,1.569565,9.239686219,1.571995,2.680049425,11.89233181
078_210℃_160_1.5mm.csv,1.5,160,1.487255,0.300200919,1.502185,0.300186111,0.01493,1.822071974,11.98708986,1.569855,9.287285095,1.57233,2.699804761,11.95845074
079_210℃_160_1.5mm.csv,1.5,160,1.48718,0.300174806,1.502745,0.300117018,0.015565,1.907532922,11.97664094,1.56982,9.25751893,1.57231,2.719122005,11.94794595
080_210℃_160_1.5mm.csv,1.5,160,1.487225,0.300178541,1.502335,0.300134945,0.01511,1.844989668,12.00507794,1.56993,9.307731018,1.57238,2.697346926,11.9774477
081_210℃_200_1.5mm.csv,1.5,200,1.4885,0.300216481,1.500785,0.300237249,0.012285,1.628854389,11.75357279,1.563725,9.130851797,1.566125,2.622720993,11.72660685
082_210℃_200_1.5mm.csv,1.5,200,1.488515,0.300229563,1.500395,0.300102911,0.01188,1.564575988,11.86169735,1.564205,9.260402248,1.566505,2.601295103,11.8368901
083_210℃_200_1.5mm.csv,1.5,200,1.48843,0.300123935,1.50061,0.300263459,0.01218,1.599971477,11.83720158,1.56403,9.215522736,1.56637,2.621678846,11.81142808
084_210℃_200_1.5mm.csv,1.5,200,1.48852,0.30008296,1.50061,0.300258188,0.01209,1.600021853,11.90856957,1.564245,9.288456935,1.566625,2.620112637,11.88202933
085_210℃_200_1.5mm.csv,1.5,200,1.488405,0.300039599,1.500775,0.300205271,0.01237,1.627282358,11.93224,1.564395,9.296562669,1.5667,2.635677329,11.90722439
086_210℃_200_1.5mm.csv,1.5,200,1.48833,0.300217067,1.501475,0.300222171,0.013145,1.746053251,11.95460689,1.564465,9.270721328,1.56679,2.683885564,11.92923446
087_210℃_200_1.5mm.csv,1.5,200,1.48849,0.300247173,1.50059,0.300257252,0.0121,1.596600679,11.89204178,1.564255,9.273322551,1.56655,2.618719231,11.86721579
088_210℃_200_1.5mm.csv,1.5,200,1.488435,0.300182931,1.500475,0.30015356,0.01204,1.577477819,11.91546896,1.564265,9.298161095,1.56663,2.617307862,11.8892005
089_210℃_200_1.5mm.csv,1.5,200,1.488345,0.300008849,1.500915,0.300147565,0.01257,1.650609347,11.91471665,1.564325,9.269455233,1.56666,2.645261412,11.88915666
090_210℃_200_1.5mm.csv,1.5,200,1.48853,0.300203345,1.500975,0.300145677,0.012445,1.661202594,11.87399025,1.56414,9.233615669,1.5665,2.640374582,11.84790641
091_210℃_240_1.5mm.csv,1.5,240,1.48925,0.300253915,1.49974,0.300065764,0.01049,1.455593313,11.84285655,1.56151,9.244968343,1.563745,2.597888202,11.81821549
092_210℃_240_1.5mm.csv,1.5,240,1.4891,0.300233873,1.49977,0.300003061,0.01067,1.460994576,11.88500605,1.561735,9.278395788,1.563955,2.606610259,11.86076211
093_210℃_240_1.5mm.csv,1.5,240,1.4892,0.300215629,1.499665,0.300239648,0.010465,1.442812902,11.8727664,1.561635,9.271385534,1.56385,2.601380861,11.8485626
094_210℃_240_1.5mm.csv,1.5,240,1.489055,0.300028752,1.499875,0.300101537,0.01082,1.478756353,11.86376081,1.5616,9.244247362,1.563815,2.619513449,11.83959077
095_210℃_240_1.5mm.csv,1.5,240,1.489105,0.300025958,1.499945,0.300270254,0.01084,1.490767627,11.94632277,1.56185,9.317234604,1.564065,2.629088165,11.92216593
096_210℃_240_1.5mm.csv,1.5,240,1.48922,0.300017929,1.499645,0.300256156,0.010425,1.439472431,12.01288521,1.56197,9.403062516,1.56418,2.609822692,11.98879155
097_210℃_240_1.5mm.csv,1.5,240,1.48915,0.300108479,1.4999,0.300021731,0.01075,1.482699852,11.9452953,1.561825,9.322239149,1.56404,2.623056147,11.92111974
098_210℃_240_1.5mm.csv,1.5,240,1.48925,0.300217992,1.499805,0.300264966,0.010555,1.466344975,11.92828743,1.56172,9.314946791,1.56395,2.613340642,11.90374131
099_210℃_240_1.5mm.csv,1.5,240,1.489155,0.300213664,1.499755,0.300057011,0.0106,1.457999333,11.9354864,1.561795,9.321984198,1.564035,2.613502206,11.91066778
100_210℃_240_1.5mm.csv,1.5,240,1.489165,0.30002881,1.49949,0.300140984,0.010325,1.412828466,11.84399907,1.561555,9.257145785,1.563795,2.586853289,11.81914746
101_210℃_280_1.5mm.csv,1.5,280,1.489595,0.300003077,1.499205,0.300145381,0.00961,1.359692376,11.88858785,1.56035,9.291225275,1.562505,2.597362571,11.86492479
102_210℃_280_1.5mm.csv,1.5,280,1.48952,0.300182902,1.49926,0.300048924,0.00974,1.369753875,11.93183573,1.56055,9.326121306,1.562715,2.605714428,11.9078098
103_210℃_280_1.5mm.csv,1.5,280,1.489415,0.300101482,1.4993,0.300297008,0.009885,1.376981561,11.97410481,1.56066,9.356646946,1.562835,2.617457868,11.95001823
104_210℃_280_1.5mm.csv,1.5,280,1.48947,0.300237174,1.49934,0.300161231,0.00987,1.383695204,11.94090308,1.560555,9.324935005,1.562715,2.615968073,11.91710263
105_210℃_280_1.5mm.csv,1.5,280,1.489375,0.300044805,1.499255,0.300281263,0.00988,1.369284022,11.87495452,1.560505,9.262796664,1.56265,2.612157852,11.85136994
106_210℃_280_1.5mm.csv,1.5,280,1.48945,0.300181109,1.49905,0.300205039,0.0096,1.334076525,11.93296309,1.560595,9.336051613,1.562755,2.596911481,11.90916047
107_210℃_280_1.5mm.csv,1.5,280,1.48951,0.300215297,1.49902,0.300105678,0.00951,1.32890938,11.9695586,1.560645,9.374037494,1.562815,2.595521104,11.94558237
108_210℃_280_1.5mm.csv,1.5,280,1.489295,0.300017049,1.499535,0.30019945,0.01024,1.4182003,11.8842841,1.560415,9.249488625,1.562605,2.634795479,11.85978421
109_210℃_280_1.5mm.csv,1.5,280,1.489445,0.30020567,1.499395,0.300150375,0.00995,1.393277876,11.84009113,1.560205,9.224055212,1.562405,2.616035923,11.8154135
110_210℃_280_1.5mm.csv,1.5,280,1.489525,0.300245376,1.49934,0.300166561,0.009815,1.383775656,11.92240932,1.560295,9.304068242,1.56246,2.61834108,11.89834147
111_210℃_320_1.5mm.csv,1.5,320,1.489725,0.300041931,1.499205,0.300202678,0.00948,1.357495385,11.92236969,1.559915,9.301104599,1.562025,2.621265093,11.89863756
112_210℃_320_1.5mm.csv,1.5,320,1.48986,0.300207328,1.498935,0.300179636,0.009075,1.310282301,11.87350404,1.55972,9.283904999,1.561835,2.58959904,11.84976663
113_210℃_320_1.5mm.csv,1.5,320,1.489725,0.300192757,1.49874,0.300176026,0.009015,1.277327714,11.93732212,1.559925,9.345139286,1.562025,2.592182831,11.91387734
114_210℃_320_1.5mm.csv,1.5,320,1.48963,0.300072627,1.49886,0.300091744,0.00923,1.298068196,12.01013479,1.56016,9.391480105,1.56227,2.618654687,11.98648269
115_210℃_320_1.5mm.csv,1.5,320,1.48973,0.300058891,1.498945,0.300200844,0.009215,1.31171324,11.97033422,1.56002,9.357641481,1.56214,2.61269274,11.94645298
116_210℃_320_1.5mm.csv,1.5,320,1.48974,0.300130258,1.49879,0.300144789,0.00905,1.286060907,11.94880252,1.559945,9.350746628,1.562055,2.598055892,11.92525519
117_210℃_320_1.5mm.csv,1.5,320,1.48972,0.300026227,1.49892,0.300263861,0.0092,1.308308832,11.95036784,1.55999,9.341723895,1.56212,2.608643941,11.9262054
118_210℃_320_1.5mm.csv,1.5,320,1.489665,0.300041599,1.498865,0.30022109,0.0092,1.299408756,12.04230533,1.560155,9.427525337,1.56228,2.614779996,12.0183952
119_210℃_320_1.5mm.csv,1.5,320,1.48961,0.300115437,1.498845,0.300178302,0.009235,1.295336324,12.00901281,1.560155,9.389902339,1.562265,2.619110474,11.98529986
120_210℃_320_1.5mm.csv,1.5,320,1.489795,0.300119803,1.49867,0.300159053,0.008875,1.264309912,11.9086025,1.55988,9.319057929,1.562,2.589544567,11.88469681
001_230℃_003_1.5mm.csv,1.5,3,0.97017,0.300010257,1.83958,0.300005846,0.86941,2.459121915,8.820509162,3.49231,5.311766124,3.49231,3.508743038,8.820509162
002_230℃_003_1.5mm.csv,1.5,3,0.97283,0.300007905,1.83378,0.300008281,0.86095,2.433380402,8.854354393,3.50375,5.376740749,3.50375,3.477613644,8.854354393
003_230℃_003_1.5mm.csv,1.5,3,0.96946,0.300002612,1.83334,0.300006673,0.86388,2.426930051,8.969599307,3.54079,5.489182386,3.54079,3.480416921,8.969599307
004_230℃_003_1.5mm.csv,1.5,3,0.96752,0.300005751,1.83945,0.300011538,0.87193,2.442263367,8.955406289,3.54689,5.490656404,3.54689,3.464749885,8.955406289
005_230℃_003_1.5mm.csv,1.5,3,0.96886,0.300010008,1.83149,0.300017061,0.86263,2.416024744,8.895972575,3.54147,5.46341145,3.54147,3.432561126,8.895972575
006_230℃_003_1.5mm.csv,1.5,3,0.96736,0.300002462,1.83049,0.300003746,0.86313,2.419483901,8.969782078,3.55806,5.532209602,3.55806,3.437572476,8.969782078
007_230℃_003_1.5mm.csv,1.5,3,0.96776,0.300011879,1.81457,0.300012868,0.84681,2.371220269,8.980608463,3.56014,5.572862364,3.56014,3.407746099,8.980608463
008_230℃_003_1.5mm.csv,1.5,3,0.96405,0.300008821,1.83184,0.300001575,0.86779,2.4206697,9.042205012,3.57775,5.606008912,3.57775,3.436196099,9.042205012
009_230℃_003_1.5mm.csv,1.5,3,0.96474,0.300004729,1.82179,0.300017275,0.85705,2.394390046,8.843694513,3.53689,5.453355175,3.53689,3.390339337,8.843694513
010_230℃_003_1.5mm.csv,1.5,3,0.96362,0.300010302,1.8194,0.300007419,0.85578,2.384378621,8.926613547,3.55422,5.533776234,3.55422,3.392837313,8.926613547
011_230℃_005_1.5mm.csv,1.5,5,1.14163,0.300001004,1.639,0.300021973,0.49737,2.069025628,19.00801021,4.09596,15.16944179,4.09813,3.838568421,19.00333074
012_230℃_005_1.5mm.csv,1.5,5,1.14315,0.300016909,1.6414,0.300015259,0.49825,2.07435833,19.03981391,4.11388,15.21401521,4.11609,3.825798708,19.03497229
013_230℃_005_1.5mm.csv,1.5,5,1.14146,0.300002287,1.64398,0.300009381,0.50252,2.089337907,19.07385668,4.12604,15.25857505,4.12823,3.815281624,19.06916416
014_230℃_005_1.5mm.csv,1.5,5,1.14038,0.300023247,1.64696,0.300007216,0.50658,2.094772152,18.86087517,4.11852,15.06955248,4.12081,3.791322691,18.8557863
015_230℃_005_1.5mm.csv,1.5,5,1.14145,0.300023055,1.64157,0.300020098,0.50012,2.074130051,18.81984613,4.11762,15.07196675,4.11983,3.747879375,18.81504955
016_230℃_005_1.5mm.csv,1.5,5,1.14281,0.300012995,1.6348,0.30000146,0.49199,2.048739444,18.6885686,4.10862,14.98238205,4.11047,3.706186553,18.68515547
017_230℃_005_1.5mm.csv,1.5,5,1.13868,0.30000148,1.64976,0.300007449,0.51108,2.108545996,18.81642279,4.12495,15.06667347,4.12699,3.749749319,18.81230658
018_230℃_005_1.5mm.csv,1.5,5,1.14095,0.300020788,1.63909,0.300016105,0.49814,2.066752501,18.9277783,4.13536,15.20149179,4.1376,3.726286509,18.92291219
019_230℃_005_1.5mm.csv,1.5,5,1.14164,0.300021754,1.63851,0.300012045,0.49687,2.061328669,18.78961602,4.12392,15.08792501,4.12593,3.701691013,18.78562354
020_230℃_005_1.5mm.csv,1.5,5,1.14004,0.30002148,1.63665,0.300015747,0.49661,2.052741674,18.70591911,4.11909,15.02061964,4.12108,3.685299463,18.70202174
021_230℃_010_1.5mm.csv,1.5,10,1.298105,0.300005303,1.53902,0.300012043,0.240915,1.784945135,14.42198795,2.70342,11.46833906,2.705015,2.953648892,14.41877665
022_230℃_010_1.5mm.csv,1.5,10,1.297195,0.300002892,1.54476,0.300007227,0.247565,1.823046752,14.4894081,2.7098,11.50755146,2.71133,2.981856633,14.48643341
023_230℃_010_1.5mm.csv,1.5,10,1.29915,0.30000031,1.538575,0.300018322,0.239425,1.779119235,14.4266598,2.70817,11.48657325,2.709755,2.940086545,14.42348953
024_230℃_010_1.5mm.csv,1.5,10,1.296425,0.300001687,1.549615,0.300005234,0.25319,1.859824387,14.62048773,2.726365,11.62233607,2.72785,2.99815166,14.61768841
025_230℃_010_1.5mm.csv,1.5,10,1.298655,0.300011528,1.54146,0.300008913,0.242805,1.804564,14.38628361,2.711025,11.45637508,2.712555,2.929908537,14.38337023
026_230℃_010_1.5mm.csv,1.5,10,1.298865,0.300015664,1.542,0.300005108,0.243135,1.804838999,14.38055035,2.71002,11.45852277,2.711575,2.922027584,14.37753105
027_230℃_010_1.5mm.csv,1.5,10,1.29779,0.300004206,1.546295,0.300006502,0.248505,1.836992914,14.50237654,2.72135,11.55112421,2.722835,2.951252331,14.49962709
028_230℃_010_1.5mm.csv,1.5,10,1.298495,0.300013734,1.540755,0.300014901,0.24226,1.797069708,14.41351942,2.7147,11.50360595,2.716195,2.909913477,14.41070489
029_230℃_010_1.5mm.csv,1.5,10,1.29928,0.30000598,1.545745,0.300001933,0.246465,1.833775091,14.39274382,2.71367,11.46087107,2.715205,2.931872752,14.38979959
030_230℃_010_1.5mm.csv,1.5,10,1.29659,0.300008079,1.54051,0.300012482,0.24392,1.795750164,14.41696438,2.71679,11.50826602,2.718255,2.908698364,14.41427792
031_230℃_020_1.5mm.csv,1.5,20,1.401395,0.300022731,1.5225,0.300031541,0.121105,1.815542852,12.39202176,2.06116,9.716371047,2.06252,2.675650714,12.38830696
032_230℃_020_1.5mm.csv,1.5,20,1.402025,0.300012661,1.51934,0.300019244,0.117315,1.770709962,12.38414916,2.060805,9.743568549,2.06218,2.640580608,12.3803444
033_230℃_020_1.5mm.csv,1.5,20,1.401625,0.300001616,1.52164,0.300028726,0.120015,1.803234219,12.42084114,2.06277,9.756237553,2.06414,2.664603586,12.417061
034_230℃_020_1.5mm.csv,1.5,20,1.401715,0.300036811,1.521795,0.300011688,0.12008,1.807343206,12.50589963,2.067385,9.837226595,2.068755,2.668673035,12.50212869
035_230℃_020_1.5mm.csv,1.5,20,1.40183,0.300023571,1.52135,0.300029086,0.11952,1.802780113,12.56844612,2.069345,9.899398263,2.07064,2.669047857,12.5650398
036_230℃_020_1.5mm.csv,1.5,20,1.40174,0.300025643,1.52186,0.300037768,0.12012,1.807216841,12.56689618,2.06967,9.893111645,2.071015,2.673784534,12.56324164
037_230℃_020_1.5mm.csv,1.5,20,1.401615,0.300049877,1.521405,0.300011534,0.11979,1.801744239,12.5331929,2.068195,9.864745438,2.06951,2.668447466,12.52968333
038_230℃_020_1.5mm.csv,1.5,20,1.40152,0.300016201,1.52092,0.300017857,0.1194,1.795835484,12.58098535,2.07086,9.919697909,2.072185,2.661287446,12.57743162
039_230℃_020_1.5mm.csv,1.5,20,1.40182,0.30004209,1.51859,0.300027002,0.11677,1.76186648,12.58177515,2.070525,9.947109772,2.07185,2.634665382,12.57823313
040_230℃_020_1.5mm.csv,1.5,20,1.40134,0.300032668,1.52233,0.300015203,0.12099,1.815929143,12.57840295,2.07134,9.905894749,2.072665,2.672508197,12.57486683
041_230℃_040_1.5mm.csv,1.5,40,1.457475,0.300054012,1.515255,0.300098687,0.05778,1.967968625,11.43428836,1.761435,8.89044404,1.76271,2.543844315,11.42858957
042_230℃_040_1.5mm.csv,1.5,40,1.457945,0.300111581,1.51502,0.300034947,0.057075,1.959278825,11.51355528,1.763355,8.973882064,1.76461,2.539673213,11.50799568
043_230℃_040_1.5mm.csv,1.5,40,1.457635,0.300059811,1.515165,0.300013725,0.05753,1.9635013,11.66606423,1.76679,9.109542742,1.76803,2.55652149,11.660595
044_230℃_040_1.5mm.csv,1.5,40,1.457875,0.30004573,1.51546,0.300056915,0.057585,1.974747044,11.5829239,1.764875,9.024545367,1.766155,2.558378533,11.57716186
045_230℃_040_1.5mm.csv,1.5,40,1.45753,0.300003149,1.51567,0.300036011,0.05814,1.981588292,11.5832972,1.764985,9.020550289,1.76626,2.562746915,11.57755924
046_230℃_040_1.5mm.csv,1.5,40,1.4579,0.300047286,1.515745,0.300108362,0.057845,1.986357184,11.57459299,1.764545,9.005908536,1.76586,2.568684454,11.56846013
047_230℃_040_1.5mm.csv,1.5,40,1.457585,0.300082544,1.51541,0.300007485,0.057825,1.974200577,11.52745419,1.76371,8.975531859,1.765025,2.55192233,11.52137691
048_230℃_040_1.5mm.csv,1.5,40,1.457805,0.300002806,1.5149,0.300091422,0.057095,1.956407883,11.54144604,1.764035,8.999298853,1.765345,2.54214719,11.53539819
049_230℃_040_1.5mm.csv,1.5,40,1.4577,0.300051173,1.51383,0.300060781,0.05613,1.923438605,11.664179,1.766705,9.138116937,1.768035,2.526062063,11.65792362
050_230℃_040_1.5mm.csv,1.5,40,1.457795,0.300038106,1.515705,0.300087943,0.05791,1.983386531,11.56894682,1.764825,9.005238737,1.766165,2.563708085,11.56260295
051_230℃_080_1.5mm.csv,1.5,80,1.47919,0.300014794,1.50854,0.300132825,0.02935,2.114439042,12.1849887,1.634415,9.565413816,1.63588,2.619574882,12.17349992
052_230℃_080_1.5mm.csv,1.5,80,1.479115,0.300072051,1.508705,0.300115477,0.02959,2.125336531,12.27048522,1.63542,9.639334922,1.636875,2.6311503,12.25906804
053_230℃_080_1.5mm.csv,1.5,80,1.479235,0.300009489,1.508265,0.300000373,0.02903,2.094011365,12.29926352,1.635655,9.683802073,1.637105,2.615461445,12.28792619
054_230℃_080_1.5mm.csv,1.5,80,1.479205,0.300015623,1.508125,0.300118804,0.02892,2.084414261,12.40016437,1.63677,9.785170859,1.638225,2.614993514,12.38875796
055_230℃_080_1.5mm.csv,1.5,80,1.479445,0.300045044,1.508395,0.300038253,0.02895,2.103822675,12.35263438,1.636195,9.739333463,1.637665,2.613300921,12.3409822
056_230℃_080_1.5mm.csv,1.5,80,1.47926,0.300058865,1.5087,0.300155888,0.02944,2.126809767,12.31202893,1.635815,9.680567306,1.637255,2.631461627,12.30085887
057_230℃_080_1.5mm.csv,1.5,80,1.479345,0.300120595,1.507505,0.300035336,0.02816,2.038196128,12.31382716,1.63577,9.735346848,1.637255,2.578480307,12.30194463
058_230℃_080_1.5mm.csv,1.5,80,1.4791,0.300169515,1.50874,0.300104135,0.02964,2.128578722,12.42828227,1.63718,9.787421286,1.63865,2.640860981,12.41657589
059_230℃_080_1.5mm.csv,1.5,80,1.47932,0.300126724,1.50792,0.300162042,0.0286,2.068644434,12.31383815,1.63595,9.719029289,1.63742,2.594808863,12.30219569
060_230℃_080_1.5mm.csv,1.5,80,1.47936,0.300173391,1.50797,0.300090819,0.02861,2.07358501,12.30638715,1.63579,9.708775882,1.63728,2.597611267,12.29439158
061_230℃_120_1.5mm.csv,1.5,120,1.484535,0.300040149,1.50378,0.300037854,0.019245,1.918600647,11.03066572,1.583445,8.542017886,1.585605,2.48864783,11.00789542
062_230℃_120_1.5mm.csv,1.5,120,1.48464,0.300142175,1.503955,0.300007006,0.019315,1.938496657,11.11248728,1.58406,8.613252326,1.586185,2.499234953,11.09042789
063_230℃_120_1.5mm.csv,1.5,120,1.48457,0.300001404,1.503865,0.300169277,0.019295,1.929146563,11.31091899,1.58542,8.797745245,1.58752,2.513173745,11.28911988
064_230℃_120_1.5mm.csv,1.5,120,1.484625,0.300055414,1.50341,0.300101517,0.018785,1.87687112,11.2287303,1.58486,8.745709229,1.586985,2.483021071,11.20650264
065_230℃_120_1.5mm.csv,1.5,120,1.48441,0.300160603,1.503915,0.300067661,0.019505,1.932845404,11.4332714,1.586395,8.908273052,1.588485,2.52499835,11.41162015
066_230℃_120_1.5mm.csv,1.5,120,1.48451,0.300104576,1.504055,0.300036076,0.019545,1.950254776,11.29508931,1.585345,8.768506448,1.587465,2.526582859,11.27289269
067_230℃_120_1.5mm.csv,1.5,120,1.48464,0.300072406,1.50388,0.300227222,0.01924,1.931158186,11.23482756,1.584905,8.730395097,1.587035,2.504432465,11.21242694
068_230℃_120_1.5mm.csv,1.5,120,1.484375,0.30005071,1.504445,0.300152516,0.02007,1.994222623,11.24268436,1.58504,8.700897805,1.587165,2.541786552,11.22051817
069_230℃_120_1.5mm.csv,1.5,120,1.484345,0.300009938,1.504465,0.300233793,0.02012,1.996056481,11.2551208,1.58513,8.71167154,1.58725,2.543449256,11.23299775
070_230℃_120_1.5mm.csv,1.5,120,1.48449,0.300128011,1.50439,0.300080006,0.0199,1.988320247,11.10776611,1.58411,8.579222203,1.58625,2.528543907,11.0852974
071_230℃_160_1.5mm.csv,1.5,160,1.486715,0.30009808,1.50156,0.300210228,0.014845,1.714029286,10.44342613,1.56675,8.05489177,1.569285,2.38853436,10.41668641
072_230℃_160_1.5mm.csv,1.5,160,1.486795,0.300191451,1.501475,0.300043846,0.01468,1.701948685,10.51526238,1.567195,8.125700945,1.56974,2.389561434,10.4882299
073_230℃_160_1.5mm.csv,1.5,160,1.486665,0.300179691,1.502005,0.300002406,0.01534,1.776385374,10.49028279,1.56705,8.083556386,1.5696,2.4067264,10.46346818
074_230℃_160_1.5mm.csv,1.5,160,1.48663,0.300126345,1.50232,0.300174752,0.01569,1.822020094,10.4922578,1.56709,8.063381094,1.569635,2.428876707,10.4654417
075_230℃_160_1.5mm.csv,1.5,160,1.486565,0.300047641,1.502065,0.300072304,0.0155,1.78453382,10.52464282,1.56726,8.101841416,1.569815,2.422801402,10.49754139
076_230℃_160_1.5mm.csv,1.5,160,1.486565,0.30021493,1.50192,0.300201079,0.015355,1.763861091,10.58190429,1.56756,8.164613402,1.570085,2.417290887,10.55550091
077_230℃_160_1.5mm.csv,1.5,160,1.486715,0.300032833,1.50207,0.300065803,0.015355,1.785750879,10.58975168,1.56755,8.171559385,1.570085,2.418192299,10.56315903
078_230℃_160_1.5mm.csv,1.5,160,1.486595,0.300043401,1.50203,0.300208742,0.015435,1.779706916,10.55781185,1.567465,8.137253766,1.56999,2.420558086,10.53142871
079_230℃_160_1.5mm.csv,1.5,160,1.48665,0.300006034,1.50155,0.300222197,0.0149,1.711457877,10.67138026,1.567995,8.264634681,1.570455,2.40674558,10.64623266
080_230℃_160_1.5mm.csv,1.5,160,1.486535,0.300181472,1.50203,0.300068068,0.015495,1.779349275,10.71032142,1.5682,8.268685333,1.570755,2.44163609,10.68321016
081_230℃_200_1.5mm.csv,1.5,200,1.48805,0.300152086,1.500605,0.300245248,0.012555,1.593966662,10.31757772,1.561385,7.956559174,1.563805,2.361018546,10.29277225
082_230℃_200_1.5mm.csv,1.5,200,1.4879,0.300243787,1.500525,0.300182535,0.012625,1.581729287,10.39440314,1.5618,8.030673735,1.56418,2.363729402,10.37049146
083_230℃_200_1.5mm.csv,1.5,200,1.48795,0.300068873,1.50036,0.300261484,0.01241,1.555992499,10.531262,1.56229,8.167737716,1.564765,2.363524282,10.5054751
084_230℃_200_1.5mm.csv,1.5,200,1.487955,0.300011232,1.50056,0.300045023,0.012605,1.586682382,10.51503844,1.5622,8.137696364,1.56469,2.37734208,10.48901954
085_230℃_200_1.5mm.csv,1.5,200,1.487875,0.300233295,1.50054,0.300006874,0.012665,1.583591939,10.54721727,1.562375,8.168962417,1.56477,2.378254852,10.52296688
086_230℃_200_1.5mm.csv,1.5,200,1.487965,0.300166308,1.50043,0.300017481,0.012465,1.566830978,10.57551803,1.56248,8.204363727,1.56489,2.371154307,10.55098244
087_230℃_200_1.5mm.csv,1.5,200,1.48804,0.300029092,1.50042,0.300110778,0.01238,1.565350619,10.65097614,1.562795,8.28133314,1.565255,2.369642995,10.6255971
088_230℃_200_1.5mm.csv,1.5,200,1.48807,0.30006847,1.50036,0.300243122,0.01229,1.556296424,10.52665587,1.56223,8.164499663,1.564675,2.362156204,10.50148943
089_230℃_200_1.5mm.csv,1.5,200,1.48793,0.300021872,1.500725,0.300249499,0.012795,1.612724704,10.51282774,1.56225,8.132176259,1.56461,2.380651481,10.48934236
090_230℃_200_1.5mm.csv,1.5,200,1.487935,0.300202465,1.500535,0.300243008,0.0126,1.583188679,10.55193601,1.56239,8.173383169,1.564835,2.378552845,10.52679036
091_230℃_240_1.5mm.csv,1.5,240,1.488665,0.300065906,1.499625,0.3001195,0.01096,1.438963778,10.33498924,1.55922,7.990162271,1.561535,2.344826972,10.31120731
092_230℃_240_1.5mm.csv,1.5,240,1.48874,0.300222895,1.499875,0.300099541,0.011135,1.47943755,10.45327716,1.559665,8.091506983,1.56198,2.361770177,10.42964689
093_230℃_240_1.5mm.csv,1.5,240,1.488805,0.300238027,1.49967,0.300185759,0.010865,1.446344754,10.64050986,1.560285,8.281896331,1.56259,2.358613526,10.61706454
094_230℃_240_1.5mm.csv,1.5,240,1.48878,0.300228242,1.49939,0.300109954,0.01061,1.400958922,10.60419452,1.56016,8.254390978,1.56247,2.349803539,10.58056405
095_230℃_240_1.5mm.csv,1.5,240,1.48884,0.300231878,1.49951,0.300282468,0.01067,1.420258488,10.53133154,1.55991,8.184344544,1.562215,2.346986999,10.50774888
096_230℃_240_1.5mm.csv,1.5,240,1.48886,0.300127452,1.49956,0.300104463,0.0107,1.427806663,10.67544384,1.560455,8.318403921,1.562735,2.357039923,10.65238893
097_230℃_240_1.5mm.csv,1.5,240,1.488775,0.300127318,1.49957,0.300291487,0.010795,1.429924192,10.61860652,1.560245,8.257110858,1.56255,2.361495665,10.5950973
098_230℃_240_1.5mm.csv,1.5,240,1.48886,0.300260379,1.49925,0.300218284,0.01039,1.378013016,10.63928539,1.560285,8.29808627,1.56259,2.341199116,10.61580794
099_230℃_240_1.5mm.csv,1.5,240,1.488685,0.300000578,1.49971,0.30008705,0.011025,1.452618204,10.6447603,1.560355,8.270991816,1.562635,2.373768487,10.62176609
100_230℃_240_1.5mm.csv,1.5,240,1.488815,0.300101026,1.49959,0.30002956,0.010775,1.433262207,10.52824809,1.559935,8.175665653,1.56223,2.35258244,10.50492926
101_230℃_280_1.5mm.csv,1.5,280,1.48924,0.300219111,1.499005,0.300018573,0.009765,1.333060868,10.42277041,1.55853,8.098155563,1.56076,2.324614845,10.39992147
102_230℃_280_1.5mm.csv,1.5,280,1.48905,0.300099779,1.49961,0.300314353,0.01056,1.433743844,10.50603839,1.558665,8.124169551,1.560945,2.381868838,10.48228068
103_230℃_280_1.5mm.csv,1.5,280,1.489245,0.300103375,1.498655,0.300141794,0.00941,1.276546321,10.51746571,1.55863,8.1989358,1.5609,2.31852991,10.49392553
104_230℃_280_1.5mm.csv,1.5,280,1.489265,0.300243617,1.49904,0.300295663,0.009775,1.339073476,10.53581297,1.55877,8.199496068,1.561015,2.336316903,10.51271049
105_230℃_280_1.5mm.csv,1.5,280,1.4892,0.300061539,1.498945,0.300144356,0.009745,1.323613209,10.61188968,1.559015,8.268417125,1.561235,2.343472555,10.58938634
106_230℃_280_1.5mm.csv,1.5,280,1.48913,0.300107361,1.49907,0.300099464,0.00994,1.344622037,10.59317924,1.55899,8.241927495,1.56122,2.351251746,10.57040778
107_230℃_280_1.5mm.csv,1.5,280,1.489205,0.30015896,1.49919,0.30025702,0.009985,1.363671491,10.55620731,1.55885,8.196893059,1.5611,2.35931425,10.5329886
108_230℃_280_1.5mm.csv,1.5,280,1.489225,0.300258311,1.499125,0.300053216,0.0099,1.352488005,10.57758755,1.55884,8.225418571,1.56109,2.352168979,10.55442524
109_230℃_280_1.5mm.csv,1.5,280,1.48929,0.300198563,1.49898,0.300073208,0.00969,1.328894148,10.6111859,1.55895,8.267840076,1.561185,2.343345826,10.58837944
110_230℃_280_1.5mm.csv,1.5,280,1.4891,0.300004318,1.49917,0.300115471,0.01007,1.360885859,10.46767221,1.55863,8.119036542,1.56085,2.348635673,10.44513368
111_230℃_320_1.5mm.csv,1.5,320,1.489535,0.300176995,1.498255,0.300114495,0.00872,1.209217791,10.41440235,1.557915,8.121746246,1.5601,2.292656101,10.39154472
112_230℃_320_1.5mm.csv,1.5,320,1.489325,0.300077951,1.498815,0.300267321,0.00949,1.298570068,10.59554271,1.55849,8.244914552,1.56065,2.350628159,10.57335765
113_230℃_320_1.5mm.csv,1.5,320,1.489335,0.300083438,1.498675,0.300139034,0.00934,1.276308383,10.51434618,1.558285,8.174515394,1.560465,2.339830781,10.49157023
114_230℃_320_1.5mm.csv,1.5,320,1.48945,0.300053654,1.498935,0.300174736,0.009485,1.317955771,10.65580089,1.5585,8.289135676,1.56068,2.366665218,10.63323356
115_230℃_320_1.5mm.csv,1.5,320,1.48942,0.300073958,1.498915,0.300219908,0.009495,1.314288108,10.69460419,1.558755,8.326773795,1.56093,2.36783039,10.67210054
116_230℃_320_1.5mm.csv,1.5,320,1.48944,0.300154052,1.49877,0.300190311,0.00933,1.291051235,10.599265,1.558395,8.257359675,1.56058,2.341905323,10.57655389
117_230℃_320_1.5mm.csv,1.5,320,1.489435,0.300146386,1.49851,0.3002168,0.009075,1.249420321,10.63781173,1.558515,8.30129821,1.560695,2.336513515,10.61518621
118_230℃_320_1.5mm.csv,1.5,320,1.48948,0.300024147,1.498725,0.300029148,0.009245,1.283378175,10.57201156,1.558305,8.220734413,1.560505,2.351277146,10.54905593
119_230℃_320_1.5mm.csv,1.5,320,1.48937,0.300100971,1.498745,0.300200476,0.009375,1.286688717,10.74770513,1.5589,8.38039381,1.561055,2.367311323,10.7255974
120_230℃_320_1.5mm.csv,1.5,320,1.489415,0.30001431,1.49867,0.300019169,0.009255,1.274376772,10.70315803,1.558775,8.345633792,1.560915,2.357524233,10.68113432
001_190℃_003_2.0mm.csv,2,3,0.6226,0.30001313,1.66342,0.300018678,1.04082,1.75763004,19.77547652,6.86456,14.94746684,6.8669,4.828009679,19.77183741
002_190℃_003_2.0mm.csv,2,3,0.61472,0.300008297,1.72314,0.300019981,1.10842,1.856322917,19.58309289,6.8953,15.02363709,6.89838,4.559455797,19.57647992
003_190℃_003_2.0mm.csv,2,3,0.6159,0.300019916,1.6396,0.300002993,1.0237,1.717616314,19.54822776,6.88272,14.93206706,6.88508,4.616160703,19.54447557
004_190℃_003_2.0mm.csv,2,3,0.60602,0.300007453,1.67724,0.300015556,1.07122,1.789182195,19.39588555,6.87258,14.81877387,6.8753,4.577111678,19.39071255
005_190℃_003_2.0mm.csv,2,3,0.6182,0.300017262,1.6629,0.300010954,1.0447,1.764967157,19.31135028,6.8721,14.75617029,6.87522,4.555179989,19.30448069
006_190℃_003_2.0mm.csv,2,3,0.60964,0.300005256,1.7079,0.300020388,1.09826,1.833987961,19.20788438,6.88402,14.72826979,6.88714,4.47961459,19.20094751
007_190℃_003_2.0mm.csv,2,3,0.60752,0.300008762,1.72314,0.300013361,1.11562,1.855122493,19.28096217,6.91584,14.81283241,6.9196,4.468129759,19.27120894
008_190℃_003_2.0mm.csv,2,3,0.61466,0.300000454,1.66598,0.300011671,1.05132,1.764387688,19.26813227,6.91002,14.74812235,6.91294,4.520009924,19.26215943
009_190℃_003_2.0mm.csv,2,3,0.61336,0.300001639,1.6081,0.300025981,0.99474,1.676381132,19.1613923,6.8891,14.70059605,6.89144,4.460796252,19.15779551
010_190℃_003_2.0mm.csv,2,3,0.61568,0.300006589,1.61702,0.300003682,1.00134,1.68131363,19.0880335,6.88522,14.64683484,6.8873,4.441198654,19.08510968
011_190℃_005_2.0mm.csv,2,5,0.92418,0.30000943,1.51096,0.3000043,0.58678,1.526939463,12.02346732,4.3065,9.325493143,4.30834,2.697974181,12.02148964
012_190℃_005_2.0mm.csv,2,5,0.91792,0.300008615,1.57836,0.30000448,0.66044,1.68712563,11.98008178,4.32578,9.189555216,4.32782,2.790526566,11.97760352
013_190℃_005_2.0mm.csv,2,5,0.91716,0.300021979,1.52574,0.300001923,0.60858,1.564386396,11.85931217,4.31294,9.261308157,4.31508,2.598004014,11.85655371
014_190℃_005_2.0mm.csv,2,5,0.91748,0.300001521,1.54984,0.30000288,0.63236,1.624708032,11.93039052,4.33208,9.223769449,4.334,2.706621071,11.92827825
015_190℃_005_2.0mm.csv,2,5,0.91298,0.300007474,1.52578,0.300024102,0.6128,1.561158719,11.86449198,4.32532,9.252760407,4.32748,2.611731578,11.86172538
016_190℃_005_2.0mm.csv,2,5,0.9229,0.300008982,1.52626,0.300023566,0.60336,1.564490725,11.75858199,4.3084,9.1903225,4.31088,2.568259495,11.75512679
017_190℃_005_2.0mm.csv,2,5,0.91966,0.300010852,1.51036,0.300009234,0.5907,1.527266396,11.79247884,4.31462,9.227666871,4.31662,2.564811969,11.79014472
018_190℃_005_2.0mm.csv,2,5,0.91484,0.30000062,1.52358,0.300015128,0.60874,1.560688864,11.79674281,4.3169,9.22030108,4.3193,2.576441726,11.7935595
019_190℃_005_2.0mm.csv,2,5,0.91312,0.300005832,1.5763,0.300031001,0.66318,1.680863198,11.77757254,4.32122,9.110357861,4.32272,2.667214674,11.77629537
020_190℃_005_2.0mm.csv,2,5,0.90672,0.300018475,1.58884,0.300007372,0.68212,1.717614309,11.79165487,4.32658,9.11337882,4.32874,2.678276045,11.78900645
021_190℃_010_2.0mm.csv,2,10,1.18756,0.300018173,1.49202,0.30000205,0.30446,1.465682,9.450889039,2.80786,7.386092094,2.80944,2.064796944,9.448968468
022_190℃_010_2.0mm.csv,2,10,1.18622,0.300034169,1.47992,0.300047956,0.2937,1.413767939,9.48652164,2.81478,7.471970447,2.81616,2.014551193,9.485059265
023_190℃_010_2.0mm.csv,2,10,1.18302,0.300025084,1.52112,0.300019651,0.3381,1.593786414,9.538660871,2.8262,7.379484087,2.82768,2.159176784,9.537005508
024_190℃_010_2.0mm.csv,2,10,1.18654,0.300056107,1.48032,0.300041278,0.29378,1.412823901,9.51434292,2.82164,7.477598812,2.82316,2.036744108,9.512601775
025_190℃_010_2.0mm.csv,2,10,1.185,0.300017115,1.48408,0.30001664,0.29908,1.430345577,9.443442907,2.8133,7.437783229,2.81488,2.005659678,9.441564017
026_190℃_010_2.0mm.csv,2,10,1.18648,0.300025881,1.49006,0.300002143,0.30358,1.458379872,9.443515057,2.81546,7.406259754,2.8168,2.037255303,9.442171952
027_190℃_010_2.0mm.csv,2,10,1.1856,0.300046859,1.50248,0.300050816,0.31688,1.511333536,9.422534482,2.8127,7.333100458,2.81422,2.089434024,9.420768402
028_190℃_010_2.0mm.csv,2,10,1.18602,0.300038905,1.4895,0.300022223,0.30348,1.451749265,9.414223385,2.81126,7.386389336,2.81248,2.027834049,9.413104276
029_190℃_010_2.0mm.csv,2,10,1.18718,0.300031104,1.48504,0.300047701,0.29786,1.43122464,9.435871078,2.81526,7.418467265,2.81662,2.017403813,9.434458578
030_190℃_010_2.0mm.csv,2,10,1.18486,0.300018171,1.50164,0.30004505,0.31678,1.507156502,9.449843341,2.81612,7.384996322,2.81756,2.064847019,9.448201774
031_190℃_020_2.0mm.csv,2,20,1.347235,0.300031903,1.495745,0.300007214,0.14851,1.463758884,8.610007789,2.129085,6.733241403,2.130355,1.876766386,8.607906975
032_190℃_020_2.0mm.csv,2,20,1.347295,0.300024687,1.49391,0.300005805,0.146615,1.447147531,8.56751329,2.125795,6.710288312,2.12702,1.857224978,8.565588367
033_190℃_020_2.0mm.csv,2,20,1.346935,0.300009867,1.501875,0.300022123,0.15494,1.516295626,8.525955877,2.124765,6.613497604,2.126065,1.912458273,8.523778155
034_190℃_020_2.0mm.csv,2,20,1.346695,0.300005577,1.502,0.30001549,0.155305,1.51764043,8.584100357,2.12847,6.669791197,2.129855,1.91430916,8.581657821
035_190℃_020_2.0mm.csv,2,20,1.34617,0.300015044,1.501335,0.300029224,0.155165,1.511762689,8.566426928,2.127725,6.658179222,2.128995,1.908247706,8.564339096
036_190℃_020_2.0mm.csv,2,20,1.346715,0.300020443,1.497345,0.300009383,0.15063,1.47684367,8.510324883,2.122885,6.628496804,2.124235,1.881828079,8.508010108
037_190℃_020_2.0mm.csv,2,20,1.347065,0.300030427,1.498505,0.300008981,0.15144,1.486945968,8.505752364,2.12277,6.614166667,2.12412,1.891585697,8.50343043
038_190℃_020_2.0mm.csv,2,20,1.34778,0.300012616,1.496105,0.300027149,0.148325,1.466136791,8.525682174,2.12528,6.653220882,2.126635,1.872461292,8.523343117
039_190℃_020_2.0mm.csv,2,20,1.346355,0.300030494,1.50273,0.300007716,0.156375,1.524173064,8.574358816,2.12815,6.652182141,2.12947,1.922176676,8.572129787
040_190℃_020_2.0mm.csv,2,20,1.34706,0.300026712,1.494675,0.300031099,0.147615,1.45345276,8.523256111,2.12445,6.660808295,2.12576,1.862447816,8.521064141
041_190℃_040_2.0mm.csv,2,40,1.434425,0.300006744,1.510265,0.300059093,0.07584,1.695658497,8.292797534,1.799865,6.391013716,1.80115,1.901783819,8.288984822
042_190℃_040_2.0mm.csv,2,40,1.43414,0.30008087,1.506865,0.300006957,0.072725,1.62985288,8.346771809,1.80227,6.497328533,1.803505,1.849443276,8.343223115
043_190℃_040_2.0mm.csv,2,40,1.43423,0.300071733,1.506155,0.300030019,0.071925,1.615948265,8.31062845,1.80089,6.471940812,1.80215,1.838687639,8.306954545
044_190℃_040_2.0mm.csv,2,40,1.434155,0.300021278,1.508735,0.300074572,0.07458,1.665311514,8.302751175,1.800565,6.422834139,1.80186,1.879917036,8.29884766
045_190℃_040_2.0mm.csv,2,40,1.434135,0.300006603,1.506565,0.300038362,0.07243,1.624542221,8.239950455,1.797885,6.397594786,1.79917,1.842355669,8.236125158
046_190℃_040_2.0mm.csv,2,40,1.434225,0.300056086,1.505675,0.300015696,0.07145,1.607691362,8.229844978,1.797865,6.401644902,1.799135,1.828200076,8.226111767
047_190℃_040_2.0mm.csv,2,40,1.434335,0.300024696,1.508105,0.300053541,0.07377,1.653686431,8.243001308,1.798155,6.370859412,1.799405,1.872141896,8.239375659
048_190℃_040_2.0mm.csv,2,40,1.43427,0.300040332,1.505815,0.300066823,0.071545,1.610707234,8.229592314,1.79776,6.395028097,1.79898,1.834564218,8.226173239
049_190℃_040_2.0mm.csv,2,40,1.4342,0.300022226,1.50848,0.300082039,0.07428,1.661154716,8.267994808,1.799135,6.389096189,1.80043,1.87889862,8.264140943
050_190℃_040_2.0mm.csv,2,40,1.43432,0.300044778,1.50663,0.3000064,0.07231,1.626125539,8.24928928,1.798315,6.402931974,1.7996,1.846357306,8.245442934
051_190℃_080_2.0mm.csv,2,80,1.47061,0.300009636,1.50783,0.300147752,0.03722,1.851118188,8.323595235,1.642955,6.410375412,1.64445,1.913219823,8.315663664
052_190℃_080_2.0mm.csv,2,80,1.470705,0.300056827,1.507805,0.300084788,0.0371,1.848157597,8.334682751,1.64329,6.420716533,1.644795,1.913966218,8.326617878
053_190℃_080_2.0mm.csv,2,80,1.47076,0.300094531,1.506325,0.300074114,0.035565,1.781165639,8.296206179,1.642425,6.430489996,1.643955,1.865716183,8.287890599
054_190℃_080_2.0mm.csv,2,80,1.470875,0.300015518,1.50782,0.300150756,0.036945,1.847959422,8.316286257,1.64276,6.404157441,1.644225,1.912128816,8.308691168
055_190℃_080_2.0mm.csv,2,80,1.470745,0.300008389,1.508145,0.300132724,0.0374,1.863955635,8.353585961,1.64357,6.422249874,1.645055,1.931336087,8.345709021
056_190℃_080_2.0mm.csv,2,80,1.47077,0.300111233,1.50759,0.300061018,0.03682,1.838437003,8.324329564,1.64303,6.416188253,1.644585,1.908141311,8.315750801
057_190℃_080_2.0mm.csv,2,80,1.47073,0.300016777,1.507265,0.300063948,0.036535,1.824415675,8.28895772,1.642325,6.388076347,1.64388,1.900881373,8.280339131
058_190℃_080_2.0mm.csv,2,80,1.47081,0.300006756,1.5078,0.300033184,0.03699,1.849081766,8.306086024,1.642525,6.396305199,1.644075,1.909780825,8.297560508
059_190℃_080_2.0mm.csv,2,80,1.47068,0.30004459,1.506805,0.300123267,0.036125,1.803767418,8.297793778,1.6424,6.412721826,1.64389,1.885071952,8.289949677
060_190℃_080_2.0mm.csv,2,80,1.470845,0.300019287,1.506965,0.300074086,0.03612,1.811755773,8.260720663,1.641665,6.375192167,1.64321,1.885528496,8.252250671
061_190℃_120_2.0mm.csv,2,120,1.47995,0.300176768,1.50436,0.300083252,0.02441,1.823116192,8.063099915,1.59228,6.187314453,1.59452,1.875785462,8.046842722
062_190℃_120_2.0mm.csv,2,120,1.48002,0.300150171,1.504315,0.300054302,0.024295,1.818607017,8.094242816,1.5926,6.218737446,1.59486,1.87550537,8.077682429
063_190℃_120_2.0mm.csv,2,120,1.47973,0.300157077,1.50494,0.300129566,0.02521,1.865661424,8.139122854,1.593175,6.226475838,1.5954,1.912647016,8.123082641
064_190℃_120_2.0mm.csv,2,120,1.47967,0.300058532,1.50467,0.300126863,0.025,1.844713112,8.073174824,1.5924,6.176299203,1.594625,1.89687562,8.057077123
065_190℃_120_2.0mm.csv,2,120,1.47967,0.300098454,1.505005,0.300133589,0.025335,1.870802254,8.04261405,1.592025,6.133735518,1.59432,1.908878532,8.025588709
066_190℃_120_2.0mm.csv,2,120,1.47972,0.300152131,1.504095,0.300031196,0.024375,1.803322007,8.028124327,1.59182,6.158699458,1.594075,1.86942487,8.011629847
067_190℃_120_2.0mm.csv,2,120,1.47994,0.300151028,1.50384,0.300146271,0.0239,1.783962236,8.044914704,1.592035,6.184526143,1.59429,1.860388561,8.028519979
068_190℃_120_2.0mm.csv,2,120,1.47967,0.300089381,1.505415,0.300013168,0.025745,1.900803575,8.062269257,1.592235,6.131756762,1.594485,1.930512495,8.045823281
069_190℃_120_2.0mm.csv,2,120,1.479715,0.300162258,1.503845,0.300083297,0.02413,1.783895684,8.021113547,1.59175,6.159678412,1.593995,1.861435135,8.004810608
070_190℃_120_2.0mm.csv,2,120,1.48001,0.300063958,1.50361,0.300087959,0.0236,1.766549157,8.054725792,1.592075,6.205334392,1.59429,1.8493914,8.038808721
071_190℃_160_2.0mm.csv,2,160,1.48337,0.300186407,1.501925,0.300104359,0.018555,1.691268382,8.000251139,1.57431,6.168945367,1.57722,1.831305772,7.978483214
072_190℃_160_2.0mm.csv,2,160,1.483695,0.300164615,1.5019,0.300152688,0.018205,1.689526016,7.981625271,1.574105,6.159363287,1.576945,1.822261984,7.960975622
073_190℃_160_2.0mm.csv,2,160,1.483435,0.300051214,1.501735,0.300056537,0.0183,1.672394873,7.955533331,1.57388,6.129321543,1.576785,1.826211788,7.933914507
074_190℃_160_2.0mm.csv,2,160,1.483535,0.300079567,1.50209,0.300148541,0.018555,1.70859974,7.97881093,1.57412,6.14275664,1.57694,1.83605429,7.958365981
075_190℃_160_2.0mm.csv,2,160,1.483485,0.300008781,1.502205,0.300197511,0.01872,1.720178749,8.000333141,1.574315,6.156150572,1.57716,1.84418257,7.979677325
076_190℃_160_2.0mm.csv,2,160,1.48352,0.300189989,1.50292,0.300103895,0.0194,1.793145798,7.977595062,1.57405,6.112173659,1.576905,1.865421402,7.956809623
077_190℃_160_2.0mm.csv,2,160,1.483165,0.300061152,1.50307,0.300209081,0.019905,1.805915621,8.04815507,1.574635,6.170565174,1.577655,1.877589896,8.02513885
078_190℃_160_2.0mm.csv,2,160,1.483365,0.300030598,1.502005,0.300021831,0.01864,1.699861218,7.960069511,1.57391,6.116121553,1.5768,1.843947958,7.93856173
079_190℃_160_2.0mm.csv,2,160,1.483165,0.300007871,1.502645,0.300090572,0.01948,1.763577286,7.936975845,1.573715,6.078089926,1.57662,1.85888592,7.915512908
080_190℃_160_2.0mm.csv,2,160,1.48331,0.30001182,1.501485,0.300063776,0.018175,1.646888869,7.962280906,1.573875,6.149496851,1.57685,1.812784055,7.939764417
081_190℃_200_2.0mm.csv,2,200,1.48541,0.300158617,1.500265,0.300006993,0.014855,1.531303909,7.933354228,1.566485,6.157845758,1.56946,1.77550847,7.911305026
082_190℃_200_2.0mm.csv,2,200,1.485255,0.300037161,1.501145,0.300137782,0.01589,1.636762698,7.999255178,1.566975,6.180214604,1.569765,1.819040574,7.980018511
083_190℃_200_2.0mm.csv,2,200,1.48536,0.300165347,1.50108,0.300114357,0.01572,1.628928743,7.965589212,1.566785,6.152199874,1.56945,1.813389338,7.947941648
084_190℃_200_2.0mm.csv,2,200,1.485485,0.300159497,1.501465,0.300072235,0.01598,1.676218914,8.010672153,1.566915,6.172977913,1.5699,1.83769424,7.988793441
085_190℃_200_2.0mm.csv,2,200,1.485355,0.30019605,1.500465,0.30010323,0.01511,1.55511804,8.010568632,1.566945,6.215613126,1.569725,1.794955505,7.991350123
086_190℃_200_2.0mm.csv,2,200,1.485285,0.300101087,1.501195,0.300071771,0.01591,1.642505536,7.953892071,1.566575,6.127374194,1.569525,1.826517876,7.932387216
087_190℃_200_2.0mm.csv,2,200,1.48533,0.300070213,1.500955,0.300134126,0.015625,1.613695233,7.980510964,1.56687,6.166521138,1.56961,1.813989826,7.962028878
088_190℃_200_2.0mm.csv,2,200,1.48552,0.300160609,1.50073,0.300143853,0.01521,1.586867404,7.980991305,1.566635,6.179447302,1.56962,1.801544004,7.958989299
089_190℃_200_2.0mm.csv,2,200,1.48553,0.30015506,1.50054,0.300089097,0.01501,1.564546646,7.905947577,1.56628,6.124959907,1.56899,1.780987671,7.887597926
090_190℃_200_2.0mm.csv,2,200,1.48541,0.300070794,1.501265,0.300238403,0.015855,1.651311268,7.899570709,1.566235,6.081499664,1.5691,1.818071045,7.879225489
091_190℃_240_2.0mm.csv,2,240,1.486625,0.30009742,1.49963,0.300159023,0.013005,1.451596406,7.928154831,1.562715,6.153977543,1.56535,1.774177288,7.909683709
092_190℃_240_2.0mm.csv,2,240,1.48655,0.300205282,1.500225,0.300190173,0.013675,1.530265435,8.011395029,1.563205,6.197638132,1.565885,1.813756897,7.99237388
093_190℃_240_2.0mm.csv,2,240,1.48659,0.30006756,1.499505,0.300140419,0.012915,1.435547036,8.038831428,1.563365,6.258372722,1.566015,1.780458706,8.020141592
094_190℃_240_2.0mm.csv,2,240,1.486525,0.300169133,1.49996,0.300042499,0.013435,1.495126063,7.992908311,1.563105,6.191520363,1.56575,1.801387948,7.974382647
095_190℃_240_2.0mm.csv,2,240,1.486745,0.300197159,1.49854,0.300100981,0.011795,1.312115893,7.945295514,1.56287,6.220536624,1.56552,1.72475889,7.926634618
096_190℃_240_2.0mm.csv,2,240,1.48656,0.300180071,1.50001,0.300079978,0.01345,1.501526663,8.003762123,1.563145,6.202102661,1.56582,1.801659462,7.984810411
097_190℃_240_2.0mm.csv,2,240,1.486465,0.300141125,1.500055,0.300073,0.01359,1.507847222,7.954476411,1.56283,6.146983158,1.56552,1.807493253,7.935211115
098_190℃_240_2.0mm.csv,2,240,1.48651,0.300210342,1.499505,0.300070988,0.012995,1.435882205,7.943897753,1.562865,6.16271906,1.56552,1.781178694,7.925106494
099_190℃_240_2.0mm.csv,2,240,1.48661,0.300133782,1.5002,0.300105584,0.01359,1.526578644,7.94015035,1.562815,6.134040489,1.56548,1.806109861,7.9212309
100_190℃_240_2.0mm.csv,2,240,1.48664,0.300072562,1.49903,0.300162466,0.01239,1.374317566,7.949973645,1.562875,6.197179292,1.56551,1.752794354,7.931541457
101_190℃_280_2.0mm.csv,2,280,1.48752,0.300171317,1.49894,0.300178161,0.01142,1.352229611,7.96235813,1.561245,6.204645105,1.563725,1.757713025,7.945187953
102_190℃_280_2.0mm.csv,2,280,1.487285,0.300165615,1.498775,0.300233251,0.01149,1.33038885,8.026631802,1.56138,6.265514826,1.563965,1.761116975,8.007952288
103_190℃_280_2.0mm.csv,2,280,1.48739,0.300111232,1.4989,0.3001727,0.01151,1.346706567,8.036234003,1.561615,6.270656086,1.564105,1.765577917,8.018990835
104_190℃_280_2.0mm.csv,2,280,1.4873,0.300010861,1.49908,0.300180785,0.01178,1.371625951,7.980134015,1.561315,6.20058752,1.563815,1.779546495,7.962751363
105_190℃_280_2.0mm.csv,2,280,1.48732,0.300093111,1.49935,0.300247091,0.01203,1.408639192,7.955321079,1.56096,6.160104171,1.56349,1.795216908,7.937431569
106_190℃_280_2.0mm.csv,2,280,1.487295,0.300082604,1.499355,0.300166989,0.01206,1.409386467,7.925266399,1.56085,6.130962606,1.563325,1.794303793,7.908005952
107_190℃_280_2.0mm.csv,2,280,1.487455,0.300016723,1.499585,0.300040285,0.01213,1.441418228,7.973966116,1.56123,6.172539829,1.563705,1.801426287,7.956913523
108_190℃_280_2.0mm.csv,2,280,1.487405,0.30006984,1.499265,0.300006745,0.01186,1.396618306,7.95223164,1.56092,6.166645625,1.56347,1.785586015,7.93404374
109_190℃_280_2.0mm.csv,2,280,1.48736,0.300135392,1.49923,0.300139164,0.01187,1.391962993,7.994977627,1.561085,6.203883709,1.56359,1.791093917,7.977394938
110_190℃_280_2.0mm.csv,2,280,1.487615,0.300101644,1.498745,0.300029223,0.01113,1.325375639,7.944596176,1.561075,6.200223769,1.563615,1.744372407,7.926672147
111_190℃_320_2.0mm.csv,2,320,1.48774,0.300202296,1.498745,0.300098928,0.011005,1.318776293,8.012254189,1.560285,6.231744792,1.56275,1.780509397,7.994883215
112_190℃_320_2.0mm.csv,2,320,1.4878,0.300143484,1.498555,0.300072103,0.010755,1.292556409,7.962703387,1.560105,6.195307871,1.562595,1.767395516,7.944830594
113_190℃_320_2.0mm.csv,2,320,1.48791,0.300198185,1.49839,0.300256121,0.01048,1.268640409,7.963513715,1.559985,6.210044441,1.562505,1.753469274,7.945379132
114_190℃_320_2.0mm.csv,2,320,1.487855,0.300052576,1.49897,0.300203105,0.011115,1.349758022,7.999629319,1.56023,6.209715888,1.562675,1.789913431,7.982442221
115_190℃_320_2.0mm.csv,2,320,1.487935,0.300098812,1.498645,0.300179601,0.01071,1.304195492,7.977739567,1.56008,6.212344413,1.562595,1.765395153,7.959572293
116_190℃_320_2.0mm.csv,2,320,1.4878,0.300201567,1.49849,0.300137206,0.01069,1.282797513,7.997754864,1.560285,6.233366548,1.56274,1.764388316,7.980458832
117_190℃_320_2.0mm.csv,2,320,1.487745,0.300014542,1.499085,0.300099821,0.01134,1.367516371,7.948364116,1.55995,6.143256433,1.562465,1.805107683,7.930200687
118_190℃_320_2.0mm.csv,2,320,1.48777,0.300060876,1.499015,0.300278945,0.011245,1.357072023,7.986816254,1.560125,6.188903692,1.56261,1.797912562,7.968898282
119_190℃_320_2.0mm.csv,2,320,1.487945,0.30024563,1.49861,0.300213603,0.010665,1.298779415,7.949623079,1.55992,6.194168676,1.56237,1.755454403,7.932301052
120_190℃_320_2.0mm.csv,2,320,1.488025,0.300114579,1.497605,0.300127398,0.00958,1.161907405,7.964456413,1.560045,6.259496197,1.56249,1.704960215,7.947274591
001_210℃_003_2.0mm.csv,2,3,0.54296,0.300006655,1.65014,0.300019093,1.10718,1.720757774,15.18223797,6.74974,11.99916647,6.7517,3.183071497,15.18036753
002_210℃_003_2.0mm.csv,2,3,0.54388,0.300007496,1.71484,0.300022449,1.17096,1.809958743,15.12779877,6.81268,11.96043249,6.8153,3.167366275,15.12457646
003_210℃_003_2.0mm.csv,2,3,0.5436,0.300003406,1.68366,0.300000713,1.14006,1.769223607,14.95056383,6.82176,11.90226098,6.82424,3.048302848,14.9474749
004_210℃_003_2.0mm.csv,2,3,0.54458,0.30000829,1.56122,0.300006384,1.01664,1.595250168,14.63084023,6.8062,11.75428072,6.80976,2.876559506,14.62491773
005_210℃_003_2.0mm.csv,2,3,0.5313,0.300004917,1.69174,0.300002885,1.16044,1.782904027,14.42505304,6.80868,11.47823557,6.81144,2.946817469,14.42151854
006_210℃_003_2.0mm.csv,2,3,0.53314,0.300002059,1.66092,0.300000713,1.12778,1.732072835,14.52707078,6.85326,11.63304628,6.8559,2.894024503,14.52366361
007_210℃_003_2.0mm.csv,2,3,0.53174,0.300000361,1.6621,0.300025061,1.13036,1.730128176,14.23222442,6.7839,11.36550119,6.78648,2.866723226,14.22929963
008_210℃_003_2.0mm.csv,2,3,0.52792,0.300005355,1.62148,0.300005032,1.09356,1.667666016,14.43302709,6.85056,11.6367466,6.85256,2.796280496,14.43116252
009_210℃_003_2.0mm.csv,2,3,0.53652,0.300008455,1.63632,0.300015855,1.0998,1.694986445,14.42906207,6.85302,11.5013631,6.85648,2.92769897,14.42346109
010_210℃_003_2.0mm.csv,2,3,0.53102,0.300008071,1.61722,0.300002708,1.0862,1.664720179,14.20119747,6.8024,11.43066977,6.80502,2.7705277,14.19813012
011_210℃_005_2.0mm.csv,2,5,0.86816,0.300002683,1.51412,0.300000564,0.64596,1.532897673,10.10662589,4.25034,7.919923797,4.25276,2.186702089,10.10393075
012_210℃_005_2.0mm.csv,2,5,0.86074,0.30000382,1.4813,0.300014394,0.62056,1.463048419,10.02673105,4.23404,7.933988149,4.23526,2.092742904,10.02603508
013_210℃_005_2.0mm.csv,2,5,0.86842,0.300001895,1.46666,0.300003291,0.59824,1.429155642,9.984648755,4.23114,7.915569756,4.23338,2.069078998,9.982303865
014_210℃_005_2.0mm.csv,2,5,0.86724,0.300023648,1.51176,0.300023587,0.64452,1.525132344,9.933558455,4.23292,7.813273529,4.23544,2.120284926,9.930833036
015_210℃_005_2.0mm.csv,2,5,0.86204,0.30002892,1.51276,0.300016766,0.65072,1.527698549,9.953517789,4.2407,7.878676041,4.24258,2.074841748,9.951988953
016_210℃_005_2.0mm.csv,2,5,0.86566,0.300024735,1.47258,0.300003856,0.60692,1.436894555,9.925201664,4.23256,7.834264584,4.23418,2.09093708,9.923977342
017_210℃_005_2.0mm.csv,2,5,0.86318,0.300015113,1.5136,0.300027298,0.65042,1.530635751,9.922427132,4.24146,7.799106703,4.2441,2.123320429,9.919442953
018_210℃_005_2.0mm.csv,2,5,0.86912,0.300014471,1.45256,0.300033052,0.58344,1.397971784,9.919920874,4.23518,7.888943385,4.23706,2.030977488,9.918263393
019_210℃_005_2.0mm.csv,2,5,0.86494,0.300017399,1.4994,0.300014504,0.63446,1.498645441,9.898210001,4.23634,7.805174607,4.23848,2.093035394,9.8961978
020_210℃_005_2.0mm.csv,2,5,0.85852,0.300020172,1.5156,0.300002456,0.65708,1.53248678,9.895946433,4.23384,7.752562999,4.2356,2.143383435,9.894515949
021_210℃_010_2.0mm.csv,2,10,1.15142,0.300018876,1.47714,0.300022383,0.32572,1.411217366,8.169906517,2.74846,6.371902984,2.74996,1.798003533,8.168446296
022_210℃_010_2.0mm.csv,2,10,1.15206,0.300032279,1.46236,0.30002278,0.3103,1.352441422,8.356770113,2.77988,6.578400974,2.78174,1.778369139,8.35437982
023_210℃_010_2.0mm.csv,2,10,1.1513,0.300000756,1.471,0.300040784,0.3197,1.388028483,8.331356496,2.77668,6.54411381,2.77792,1.787242686,8.330301982
024_210℃_010_2.0mm.csv,2,10,1.15312,0.300009715,1.44236,0.300032851,0.28924,1.274408975,8.293815555,2.77244,6.578831279,2.77388,1.714984276,8.292387074
025_210℃_010_2.0mm.csv,2,10,1.15134,0.300017978,1.46786,0.300026154,0.31652,1.372821941,8.29679149,2.77336,6.505389378,2.77514,1.791402112,8.294612238
026_210℃_010_2.0mm.csv,2,10,1.15276,0.300013681,1.48234,0.300050917,0.32958,1.430204872,8.575197123,2.81798,6.747789102,2.81908,1.827408022,8.574390962
027_210℃_010_2.0mm.csv,2,10,1.14954,0.30003638,1.46676,0.300020172,0.31722,1.372234988,8.266001989,2.76642,6.484812017,2.76764,1.781189972,8.26504812
028_210℃_010_2.0mm.csv,2,10,1.15186,0.300049624,1.45594,0.300027004,0.30408,1.325911401,8.310082203,2.7781,6.566710155,2.77924,1.743372048,8.309180464
029_210℃_010_2.0mm.csv,2,10,1.15262,0.300034743,1.4459,0.300038184,0.29328,1.281696587,8.314223606,2.77966,6.590525492,2.78154,1.723698114,8.311924053
030_210℃_010_2.0mm.csv,2,10,1.15062,0.300026591,1.46578,0.300022759,0.31516,1.36327515,8.291267809,2.77398,6.49277861,2.77556,1.798489199,8.289597894
031_210℃_020_2.0mm.csv,2,20,1.32667,0.300003057,1.475085,0.300020319,0.148415,1.306694307,7.519706478,2.1004,5.890322599,2.101635,1.629383879,7.517956146
032_210℃_020_2.0mm.csv,2,20,1.32583,0.300005321,1.479105,0.300014806,0.153275,1.337634164,7.613155745,2.10993,5.951467986,2.111315,1.661687759,7.610958886
033_210℃_020_2.0mm.csv,2,20,1.32653,0.300020261,1.481605,0.300002924,0.155075,1.358126736,7.639555872,2.112595,5.969389632,2.113855,1.670166241,7.637725636
034_210℃_020_2.0mm.csv,2,20,1.325845,0.300002412,1.476235,0.300005704,0.15039,1.316226844,7.600228085,2.10841,5.963559964,2.109595,1.636668121,7.598624293
035_210℃_020_2.0mm.csv,2,20,1.32617,0.300002167,1.47662,0.300003033,0.15045,1.318928716,7.592848687,2.108985,5.951521548,2.110285,1.641327139,7.590905497
036_210℃_020_2.0mm.csv,2,20,1.32583,0.300003053,1.47683,0.300016893,0.151,1.322511253,7.574207846,2.106655,5.931152585,2.107935,1.643055261,7.572338702
037_210℃_020_2.0mm.csv,2,20,1.32587,0.30001796,1.48199,0.300007528,0.15612,1.359050609,7.654758475,2.11402,5.981140625,2.115205,1.67361785,7.653144539
038_210℃_020_2.0mm.csv,2,20,1.326135,0.300013294,1.476825,0.300020501,0.15069,1.32168813,7.551996897,2.1059,5.912176917,2.107185,1.63981998,7.550116211
039_210℃_020_2.0mm.csv,2,20,1.325595,0.300017654,1.48476,0.300026079,0.159165,1.38026304,7.586532332,2.10855,5.906551856,2.109835,1.679980476,7.584660638
040_210℃_020_2.0mm.csv,2,20,1.32607,0.300015441,1.473245,0.300001903,0.147175,1.291529787,7.5649058,2.10709,5.949484267,2.10836,1.615421533,7.563067164
041_210℃_040_2.0mm.csv,2,40,1.42496,0.300004145,1.49993,0.300066721,0.07497,1.498866432,7.314659339,1.7895,5.662543991,1.79068,1.652115348,7.311780286
042_210℃_040_2.0mm.csv,2,40,1.42509,0.300053658,1.499465,0.300012434,0.074375,1.491052745,7.364001578,1.791675,5.712476718,1.792865,1.65152486,7.361071529
043_210℃_040_2.0mm.csv,2,40,1.425395,0.300014435,1.4999,0.300057238,0.074505,1.498347679,7.391895869,1.792725,5.732389392,1.79395,1.659506477,7.388774923
044_210℃_040_2.0mm.csv,2,40,1.42518,0.300064001,1.49861,0.300033474,0.07343,1.476791889,7.406248556,1.793275,5.765677604,1.79447,1.640570952,7.403250183
045_210℃_040_2.0mm.csv,2,40,1.425445,0.300056577,1.498175,0.300043376,0.07273,1.469317271,7.393041438,1.79285,5.757544375,1.79403,1.635497062,7.39014321
046_210℃_040_2.0mm.csv,2,40,1.425225,0.30006501,1.49596,0.300008865,0.070735,1.432303902,7.405602208,1.793675,5.798520102,1.794815,1.607082106,7.402899244
047_210℃_040_2.0mm.csv,2,40,1.42514,0.30000296,1.497515,0.300050767,0.072375,1.45822622,7.375508951,1.79227,5.748934341,1.793425,1.62657461,7.372731903
048_210℃_040_2.0mm.csv,2,40,1.425105,0.300025117,1.4962,0.300039503,0.071095,1.436158909,7.402984818,1.793445,5.794690948,1.79463,1.60829387,7.400043134
049_210℃_040_2.0mm.csv,2,40,1.42549,0.300011153,1.4997,0.300005618,0.07421,1.494965715,7.325405397,1.790205,5.669178537,1.79141,1.65622686,7.322390323
050_210℃_040_2.0mm.csv,2,40,1.42527,0.300000389,1.50088,0.300029652,0.07561,1.514865142,7.325993435,1.79036,5.655987676,1.791525,1.670005759,7.323200604
051_210℃_080_2.0mm.csv,2,80,1.467695,0.300084068,1.505035,0.30001672,0.03734,1.700324369,7.410601264,1.639275,5.704679754,1.64075,1.70592151,7.403739319
052_210℃_080_2.0mm.csv,2,80,1.46771,0.300025012,1.506095,0.30015197,0.038385,1.742504914,7.520721762,1.641475,5.771923665,1.64291,1.748798096,7.514161843
053_210℃_080_2.0mm.csv,2,80,1.46792,0.300037526,1.503825,0.300044851,0.035905,1.652354759,7.54777196,1.641745,5.863582423,1.643195,1.684189537,7.54100302
054_210℃_080_2.0mm.csv,2,80,1.467745,0.300130076,1.50493,0.300036603,0.037185,1.695635859,7.54785599,1.6419,5.830774281,1.64334,1.717081709,7.541195524
055_210℃_080_2.0mm.csv,2,80,1.467755,0.300045603,1.50481,0.300128742,0.037055,1.689908533,7.50739172,1.64103,5.792228939,1.64252,1.715162781,7.500294249
056_210℃_080_2.0mm.csv,2,80,1.467795,0.30002235,1.504775,0.300066115,0.03698,1.689182607,7.471930698,1.64027,5.764131005,1.641745,1.707799693,7.464963456
057_210℃_080_2.0mm.csv,2,80,1.4678,0.300063378,1.504455,0.300080906,0.036655,1.676650939,7.491112688,1.64073,5.789427814,1.642175,1.701684874,7.48441472
058_210℃_080_2.0mm.csv,2,80,1.467735,0.300086457,1.50378,0.300035211,0.036045,1.649730955,7.482594011,1.64057,5.800483245,1.642,1.682110766,7.47602068
059_210℃_080_2.0mm.csv,2,80,1.46774,0.30008613,1.504145,0.300110273,0.036405,1.664965409,7.520985738,1.64125,5.824871481,1.64272,1.696114257,7.51403679
060_210℃_080_2.0mm.csv,2,80,1.46771,0.300031862,1.504455,0.300011403,0.036745,1.677178728,7.508108022,1.64103,5.804279338,1.642455,1.703828683,7.501582163
061_210℃_120_2.0mm.csv,2,120,1.478305,0.300145953,1.503455,0.300002502,0.02515,1.729033441,7.168057438,1.58945,5.462541523,1.59171,1.705515915,7.153399923
062_210℃_120_2.0mm.csv,2,120,1.478165,0.300107429,1.50391,0.300057854,0.025745,1.759679451,7.30505555,1.591265,5.570919706,1.593585,1.734135844,7.289519618
063_210℃_120_2.0mm.csv,2,120,1.47823,0.300101864,1.502385,0.300083437,0.024155,1.658670856,7.269826197,1.590745,5.594257595,1.59297,1.675568601,7.255555395
064_210℃_120_2.0mm.csv,2,120,1.47831,0.300132552,1.502725,0.300169536,0.024415,1.680928643,7.351093091,1.59184,5.6609123,1.594075,1.690180791,7.33670917
065_210℃_120_2.0mm.csv,2,120,1.4784,0.30006384,1.503505,0.300008339,0.025105,1.732107061,7.317519691,1.591385,5.604611852,1.593585,1.712907839,7.303521248
066_210℃_120_2.0mm.csv,2,120,1.47822,0.30000886,1.50226,0.300116181,0.02404,1.65011842,7.357608821,1.591905,5.684798405,1.594135,1.672810416,7.343244796
067_210℃_120_2.0mm.csv,2,120,1.478415,0.300064062,1.502365,0.30011545,0.02395,1.657322137,7.344022047,1.591655,5.67290483,1.59388,1.671117217,7.329739583
068_210℃_120_2.0mm.csv,2,120,1.47814,0.300012675,1.50417,0.300054103,0.02603,1.777019683,7.344502605,1.59168,5.598381791,1.593895,1.746120814,7.330337313
069_210℃_120_2.0mm.csv,2,120,1.47828,0.300116533,1.502735,0.300004228,0.024455,1.681559746,7.320132848,1.5914,5.632847041,1.593645,1.687285807,7.305598222
070_210℃_120_2.0mm.csv,2,120,1.47847,0.300171728,1.502385,0.300059623,0.023915,1.658418196,7.221131212,1.590055,5.55652775,1.59232,1.664603462,7.206396245
071_210℃_160_2.0mm.csv,2,160,1.482555,0.300064641,1.50051,0.300000392,0.017955,1.546552487,7.245248124,1.57309,5.623473163,1.575985,1.621774961,7.226845329
072_210℃_160_2.0mm.csv,2,160,1.482495,0.300016145,1.501215,0.300099023,0.01872,1.610683079,7.235806223,1.573015,5.580605996,1.57584,1.655200227,7.218186531
073_210℃_160_2.0mm.csv,2,160,1.482535,0.300100308,1.501315,0.300081609,0.01878,1.62016903,7.1805495,1.572315,5.527328222,1.575265,1.653221278,7.161804519
074_210℃_160_2.0mm.csv,2,160,1.482275,0.300030383,1.50235,0.300019109,0.020075,1.714529329,7.258934815,1.573225,5.562985166,1.57624,1.695949648,7.239103172
075_210℃_160_2.0mm.csv,2,160,1.482495,0.300085772,1.50102,0.300201777,0.018525,1.59309142,7.289887163,1.57347,5.630268436,1.576375,1.659618727,7.271296071
076_210℃_160_2.0mm.csv,2,160,1.48232,0.30002583,1.50099,0.300137856,0.01867,1.590043625,7.211853529,1.57283,5.557934655,1.575725,1.653918873,7.193288403
077_210℃_160_2.0mm.csv,2,160,1.482395,0.300146712,1.502445,0.300137839,0.02005,1.724042907,7.29700648,1.573565,5.589838314,1.576635,1.707168166,7.276341633
078_210℃_160_2.0mm.csv,2,160,1.48256,0.300105549,1.500955,0.300074675,0.018395,1.587038372,7.219874319,1.57278,5.572708801,1.57572,1.647165518,7.200478306
079_210℃_160_2.0mm.csv,2,160,1.48235,0.300161799,1.50228,0.300052593,0.01993,1.708255777,7.214611874,1.572805,5.521015691,1.57588,1.693596183,7.193923447
080_210℃_160_2.0mm.csv,2,160,1.482555,0.300012361,1.501295,0.300183929,0.01874,1.6174347,7.244532937,1.573075,5.581215573,1.575985,1.663317363,7.225720587
081_210℃_200_2.0mm.csv,2,200,1.48479,0.300100234,1.50068,0.300181141,0.01589,1.57525667,7.179135173,1.565335,5.530959914,1.568495,1.648175259,7.15818345
082_210℃_200_2.0mm.csv,2,200,1.484855,0.300001302,1.49976,0.300220467,0.014905,1.473786029,7.208406925,1.56568,5.600739332,1.56858,1.607667593,7.190681754
083_210℃_200_2.0mm.csv,2,200,1.48482,0.300193951,1.500085,0.300112281,0.015265,1.50982504,7.275107409,1.566105,5.647337918,1.56908,1.627769491,7.256558225
084_210℃_200_2.0mm.csv,2,200,1.484665,0.300088553,1.49999,0.300091771,0.015325,1.499050087,7.246533509,1.565885,5.618453052,1.56897,1.628080458,7.226471955
085_210℃_200_2.0mm.csv,2,200,1.48466,0.300183486,1.50009,0.300038634,0.01543,1.510104512,7.2432676,1.565795,5.606934983,1.568915,1.636332617,7.22292619
086_210℃_200_2.0mm.csv,2,200,1.48471,0.300111993,1.500075,0.300088865,0.015365,1.508502902,7.187254137,1.565405,5.569391905,1.568195,1.617862232,7.170745638
087_210℃_200_2.0mm.csv,2,200,1.48452,0.30016805,1.499955,0.300078271,0.015435,1.495108695,7.213800799,1.5656,5.586185102,1.56874,1.627615697,7.193122915
088_210℃_200_2.0mm.csv,2,200,1.484665,0.300137401,1.49923,0.300009298,0.014565,1.416597134,7.228233318,1.565705,5.638045538,1.568685,1.59018778,7.209436914
089_210℃_200_2.0mm.csv,2,200,1.484715,0.300112375,1.499695,0.300025677,0.01498,1.466679194,7.273603073,1.566095,5.667342583,1.568855,1.606260491,7.257613633
090_210℃_200_2.0mm.csv,2,200,1.48598,0.300003006,1.49986,0.300057683,0.01388,1.482827783,7.46954285,1.5637,5.810489883,1.56645,1.659052967,7.452516603
091_210℃_240_2.0mm.csv,2,240,1.486215,0.300163564,1.49849,0.300020919,0.012275,1.31629969,7.123467316,1.561555,5.552999181,1.56432,1.570468136,7.105927464
092_210℃_240_2.0mm.csv,2,240,1.485955,0.300005217,1.499665,0.30025798,0.01371,1.458973684,7.238038031,1.562195,5.595010528,1.564955,1.643027502,7.220659268
093_210℃_240_2.0mm.csv,2,240,1.48605,0.300146795,1.499985,0.300179868,0.013935,1.498346284,7.266534304,1.56239,5.604228414,1.565145,1.662305891,7.249245545
094_210℃_240_2.0mm.csv,2,240,1.48607,0.300057851,1.49961,0.300044747,0.01354,1.451802679,7.304735382,1.562805,5.663950214,1.565505,1.640785169,7.288202656
095_210℃_240_2.0mm.csv,2,240,1.48599,0.300061177,1.498875,0.300052427,0.012885,1.363139441,7.248254919,1.56223,5.643229953,1.56493,1.605024966,7.231598435
096_210℃_240_2.0mm.csv,2,240,1.486,0.30005208,1.49952,0.300056903,0.01352,1.441215264,7.27431974,1.562475,5.636634402,1.56521,1.637685338,7.257265761
097_210℃_240_2.0mm.csv,2,240,1.485965,0.300012494,1.498885,0.30000177,0.01292,1.364218894,7.257607149,1.562345,5.653377553,1.56502,1.604229596,7.241199979
098_210℃_240_2.0mm.csv,2,240,1.48601,0.300086798,1.499515,0.300119125,0.013505,1.44042287,7.273086343,1.56244,5.636358628,1.565185,1.636727714,7.255798891
099_210℃_240_2.0mm.csv,2,240,1.48592,0.300085175,1.499765,0.300170802,0.013845,1.470897913,7.257786146,1.562535,5.606589601,1.56529,1.651196545,7.240487841
100_210℃_240_2.0mm.csv,2,240,1.486215,0.30005877,1.49907,0.300078581,0.012855,1.385593527,7.251191531,1.56224,5.643664322,1.56497,1.60752721,7.234208823
101_210℃_280_2.0mm.csv,2,280,1.48699,0.300229785,1.49838,0.300032048,0.01139,1.287640127,7.151377195,1.56005,5.559054252,1.562595,1.592322943,7.135628176
102_210℃_280_2.0mm.csv,2,280,1.487045,0.3001656,1.4983,0.300028628,0.011255,1.276722641,7.192416783,1.5602,5.610039128,1.56279,1.582377655,7.176167244
103_210℃_280_2.0mm.csv,2,280,1.487105,0.300046273,1.498905,0.300218685,0.0118,1.353920383,7.265601509,1.560375,5.641475976,1.563015,1.624125533,7.248691605
104_210℃_280_2.0mm.csv,2,280,1.48693,0.300028771,1.499225,0.30020001,0.012295,1.396648939,7.278941679,1.560665,5.638397163,1.56328,1.640544517,7.262523611
105_210℃_280_2.0mm.csv,2,280,1.48685,0.300212238,1.49891,0.300250313,0.01206,1.355409049,7.294477363,1.56085,5.667784866,1.56344,1.626692497,7.278261435
106_210℃_280_2.0mm.csv,2,280,1.48703,0.300199892,1.498165,0.300232981,0.011135,1.259723422,7.254814193,1.560515,5.673526368,1.56314,1.581287825,7.23822168
107_210℃_280_2.0mm.csv,2,280,1.4872,0.300027588,1.498015,0.300078522,0.010815,1.24045533,7.225162637,1.56024,5.654993108,1.56276,1.570169529,7.209524028
108_210℃_280_2.0mm.csv,2,280,1.486915,0.300088141,1.49866,0.300074438,0.011745,1.322630107,7.290808028,1.560695,5.673789449,1.563265,1.617018579,7.275013128
109_210℃_280_2.0mm.csv,2,280,1.487035,0.300018629,1.498565,0.300047003,0.01153,1.310597536,7.193231167,1.560145,5.594962069,1.5627,1.598269098,7.177519596
110_210℃_280_2.0mm.csv,2,280,1.486875,0.300214803,1.49906,0.300046951,0.012185,1.375039146,7.266813492,1.56045,5.628240309,1.56301,1.638573183,7.250850738
111_210℃_320_2.0mm.csv,2,320,1.487345,0.300064761,1.498905,0.300258496,0.01156,1.349034065,7.127385584,1.558875,5.488274839,1.561335,1.639110744,7.112148605
112_210℃_320_2.0mm.csv,2,320,1.48746,0.300064967,1.498015,0.300094432,0.010555,1.229327602,7.247421339,1.5593,5.657478514,1.561795,1.589942826,7.231911821
113_210℃_320_2.0mm.csv,2,320,1.48742,0.300054824,1.49786,0.300210624,0.01044,1.209908629,7.198687092,1.559165,5.617742737,1.5617,1.580944356,7.182615793
114_210℃_320_2.0mm.csv,2,320,1.48729,0.300122428,1.4989,0.300156444,0.01161,1.347769597,7.259524461,1.55952,5.607036108,1.56197,1.652488352,7.244299585
115_210℃_320_2.0mm.csv,2,320,1.487315,0.300097369,1.498735,0.300145677,0.01142,1.325164327,7.255533872,1.559505,5.617502813,1.561985,1.638031059,7.240060356
116_210℃_320_2.0mm.csv,2,320,1.487445,0.300162005,1.498635,0.300171906,0.01119,1.311090292,7.299862614,1.559675,5.672031487,1.56208,1.627831127,7.285234875
117_210℃_320_2.0mm.csv,2,320,1.487505,0.300074792,1.497895,0.300093744,0.01039,1.213387935,7.246760619,1.55945,5.668336195,1.561965,1.578424424,7.230972563
118_210℃_320_2.0mm.csv,2,320,1.4871,0.300043647,1.49929,0.300050485,0.01219,1.401577465,7.266135541,1.5595,5.582931006,1.56204,1.683204535,7.249723109
119_210℃_320_2.0mm.csv,2,320,1.487365,0.300108632,1.497965,0.300176912,0.0106,1.223467905,7.29947015,1.55978,5.702425577,1.562295,1.597044573,7.283437949
120_210℃_320_2.0mm.csv,2,320,1.487565,0.300088096,1.497835,0.300004029,0.01027,1.205568608,7.242202903,1.559395,5.665911754,1.561825,1.576291149,7.227305201
001_230℃_003_2.0mm.csv,2,3,0.46618,0.300000878,1.56216,0.300015448,1.09598,1.588393705,11.9802215,6.53386,9.550316974,6.53654,2.429904528,11.97755448
002_230℃_003_2.0mm.csv,2,3,0.45688,0.300009044,1.5674,0.300002662,1.11052,1.586829415,11.81003854,6.55958,9.491384195,6.5629,2.318654345,11.80582387
003_230℃_003_2.0mm.csv,2,3,0.4501,0.300010655,1.56546,0.300008946,1.11536,1.583497553,11.63233303,6.58576,9.361507095,6.58818,2.27082593,11.63025436
004_230℃_003_2.0mm.csv,2,3,0.46418,0.300011324,1.46824,0.300009243,1.00406,1.460734444,11.41634846,6.56244,9.286917964,6.56426,2.129430501,11.415152
005_230℃_003_2.0mm.csv,2,3,0.45486,0.300016432,1.50216,0.300011481,1.0473,1.502746112,11.35531066,6.55988,9.20425407,6.56186,2.151056591,11.35394134
006_230℃_003_2.0mm.csv,2,3,0.458,0.30000017,1.47306,0.300004102,1.01506,1.464772806,11.39372013,6.58652,9.294055819,6.58872,2.099664312,11.39197073
007_230℃_003_2.0mm.csv,2,3,0.44562,0.300006086,1.54246,0.300012911,1.09684,1.554990571,11.423235,6.61262,9.287622841,6.61608,2.13561216,11.41902438
008_230℃_003_2.0mm.csv,2,3,0.45846,0.300000834,1.48778,0.300016109,1.02932,1.484021319,11.26513274,6.55634,9.176138503,6.55722,2.088994238,11.26486349
009_230℃_003_2.0mm.csv,2,3,0.43776,0.300003686,1.54168,0.300006617,1.10392,1.555839092,11.26173641,6.57004,9.141807826,6.573,2.119928587,11.25858857
010_230℃_003_2.0mm.csv,2,3,0.4442,0.300016215,1.43116,0.30000634,0.98696,1.418555962,11.30436419,6.573,9.282429422,6.57552,2.021934765,11.30226022
011_230℃_005_2.0mm.csv,2,5,0.8094,0.300019685,1.43832,0.300010253,0.62892,1.37947601,8.346518886,4.07156,6.637247817,4.07354,1.709271069,8.344888191
012_230℃_005_2.0mm.csv,2,5,0.8072,0.300009517,1.43438,0.300010545,0.62718,1.372387869,8.396398172,4.0932,6.673085544,4.09584,1.723312628,8.393719774
013_230℃_005_2.0mm.csv,2,5,0.80788,0.300017736,1.41386,0.300005961,0.60598,1.332778259,8.349852168,4.08494,6.671885093,4.08682,1.677967075,8.348523592
014_230℃_005_2.0mm.csv,2,5,0.80442,0.300000594,1.44988,0.300004445,0.64546,1.400063576,8.45528623,4.1205,6.668935481,4.12276,1.786350749,8.453394428
015_230℃_005_2.0mm.csv,2,5,0.80614,0.300015468,1.41306,0.300008776,0.60692,1.328624954,8.340140793,4.08308,6.677770369,4.08522,1.662370423,8.33848877
016_230℃_005_2.0mm.csv,2,5,0.80686,0.300024729,1.40478,0.300017359,0.59792,1.30849596,8.334826245,4.08422,6.677884501,4.08594,1.656941743,8.333742541
017_230℃_005_2.0mm.csv,2,5,0.7987,0.300013209,1.46604,0.300006641,0.66734,1.430788543,8.397533814,4.11696,6.620920594,4.11914,1.77661322,8.395733374
018_230℃_005_2.0mm.csv,2,5,0.80474,0.300024192,1.4359,0.300019545,0.63116,1.377358691,8.399215381,4.10878,6.656920256,4.11024,1.742295126,8.398391657
019_230℃_005_2.0mm.csv,2,5,0.80544,0.300010075,1.39458,0.300012375,0.58914,1.294495407,8.294267757,4.07654,6.642322574,4.0783,1.651945183,8.293156423
020_230℃_005_2.0mm.csv,2,5,0.80182,0.300005386,1.42566,0.300002977,0.62384,1.35810388,8.297699273,4.08468,6.614311153,4.08614,1.68338812,8.296878631
021_230℃_010_2.0mm.csv,2,10,1.11706,0.3000112,1.4279,0.300003288,0.31084,1.240699585,6.50429497,2.57866,5.025165176,2.58,1.479129794,6.503303467
022_230℃_010_2.0mm.csv,2,10,1.11952,0.300046601,1.42904,0.300013068,0.30952,1.247847039,6.532779229,2.58578,5.047074311,2.58718,1.485704918,6.531672095
023_230℃_010_2.0mm.csv,2,10,1.11494,0.300018841,1.42354,0.300033632,0.3086,1.230268293,6.538650781,2.58964,5.064237996,2.59108,1.474412785,6.537465174
024_230℃_010_2.0mm.csv,2,10,1.11654,0.300037598,1.41076,0.30002727,0.29422,1.185798189,6.532659819,2.58744,5.081780039,2.58902,1.45087978,6.531266102
025_230℃_010_2.0mm.csv,2,10,1.1124,0.300024584,1.4333,0.300006465,0.3209,1.259458824,6.554081983,2.59172,5.043593135,2.59306,1.510488848,6.553042994
026_230℃_010_2.0mm.csv,2,10,1.11408,0.300017957,1.43774,0.300032251,0.32366,1.274454427,6.538697029,2.59132,5.025548534,2.59268,1.513148496,6.537678164
027_230℃_010_2.0mm.csv,2,10,1.1174,0.300026418,1.4134,0.300022144,0.296,1.19199853,6.495668354,2.58408,5.042720226,2.58524,1.452948128,6.494897782
028_230℃_010_2.0mm.csv,2,10,1.11406,0.300000186,1.43384,0.300021266,0.31978,1.262277506,6.604533304,2.6058,5.101390596,2.6075,1.503142707,6.602926695
029_230℃_010_2.0mm.csv,2,10,1.1132,0.300013377,1.44576,0.300022525,0.33256,1.302563543,6.594542042,2.60436,5.067011009,2.60594,1.527531033,6.593172873
030_230℃_010_2.0mm.csv,2,10,1.11364,0.300036846,1.43246,0.300011465,0.31882,1.257057332,6.524931848,2.59042,5.0136058,2.5917,1.511326048,6.523996261
031_230℃_020_2.0mm.csv,2,20,1.30343,0.300019234,1.461085,0.30002279,0.157655,1.229759503,6.495312563,2.065,5.014770625,2.065965,1.480541938,6.494364381
032_230℃_020_2.0mm.csv,2,20,1.302275,0.300020148,1.460435,0.300006544,0.15816,1.227808613,6.545721794,2.07017,5.072701109,2.07139,1.473020685,6.544221999
033_230℃_020_2.0mm.csv,2,20,1.30311,0.300014096,1.462355,0.300006322,0.159245,1.238137851,6.500789749,2.06678,5.022816206,2.068115,1.477973543,6.498994787
034_230℃_020_2.0mm.csv,2,20,1.30388,0.300013433,1.457785,0.300019149,0.153905,1.205411431,6.53864212,2.07149,5.088500831,2.072835,1.45014129,6.536806668
035_230℃_020_2.0mm.csv,2,20,1.303145,0.300014405,1.457505,0.300011154,0.15436,1.205973007,6.531508848,2.068795,5.080224394,2.07006,1.451284455,6.52990127
036_230℃_020_2.0mm.csv,2,20,1.30404,0.300015199,1.462,0.300007307,0.15796,1.23667869,6.465409211,2.06326,4.999254977,2.064505,1.466154234,6.463856652
037_230℃_020_2.0mm.csv,2,20,1.30222,0.300016184,1.467905,0.300019132,0.165685,1.279699338,6.523225464,2.06956,5.017008927,2.07089,1.506216537,6.521415242
038_230℃_020_2.0mm.csv,2,20,1.30311,0.300015256,1.45369,0.300007514,0.15058,1.178961669,6.504417279,2.06676,5.076707295,2.06804,1.427709983,6.502777137
039_230℃_020_2.0mm.csv,2,20,1.304725,0.300018652,1.450695,0.300001176,0.14597,1.159093381,6.457873346,2.06253,5.050350333,2.06394,1.407523012,6.455882657
040_230℃_020_2.0mm.csv,2,20,1.304115,0.300007019,1.45689,0.30002287,0.152775,1.200198248,6.563329921,2.07255,5.11883697,2.073975,1.444492951,6.561310422
041_230℃_040_2.0mm.csv,2,40,1.414645,0.300060173,1.489085,0.300043407,0.07444,1.337298195,6.442515042,1.776505,4.982875254,1.7777,1.459639788,6.439846322
042_230℃_040_2.0mm.csv,2,40,1.414295,0.300031957,1.488545,0.300051175,0.07425,1.330724292,6.441632837,1.776705,4.986499629,1.77786,1.455133208,6.439146729
043_230℃_040_2.0mm.csv,2,40,1.414025,0.300029941,1.488775,0.300012534,0.07475,1.332551842,6.420720406,1.77635,4.967388613,1.777565,1.453331792,6.417971151
044_230℃_040_2.0mm.csv,2,40,1.41408,0.300040656,1.491405,0.300035832,0.077325,1.372315735,6.473076125,1.77894,4.978189033,1.78017,1.494887092,6.47026079
045_230℃_040_2.0mm.csv,2,40,1.414065,0.300057586,1.48796,0.300021377,0.073895,1.321220105,6.361442941,1.7729,4.912488285,1.774065,1.448954657,6.358904021
046_230℃_040_2.0mm.csv,2,40,1.41459,0.300020123,1.485725,0.300035885,0.071135,1.287759685,6.444202063,1.776825,5.025329606,1.778015,1.418872457,6.441564641
047_230℃_040_2.0mm.csv,2,40,1.414335,0.30000783,1.490645,0.300007681,0.07631,1.360817035,6.450654716,1.777405,4.965972174,1.778695,1.484682542,6.447547708
048_230℃_040_2.0mm.csv,2,40,1.41481,0.300013632,1.486705,0.3000267,0.071895,1.301267554,6.509332446,1.78003,5.073897948,1.781295,1.435434498,6.506347595
049_230℃_040_2.0mm.csv,2,40,1.414625,0.300054929,1.48974,0.300018414,0.075115,1.346147452,6.483499297,1.779035,5.007841165,1.78028,1.475658132,6.480623195
050_230℃_040_2.0mm.csv,2,40,1.41422,0.30002784,1.487905,0.300035621,0.073685,1.319092978,6.409429006,1.77527,4.953835186,1.776495,1.455593821,6.406606141
051_230℃_080_2.0mm.csv,2,80,1.46416,0.300084993,1.500965,0.300079013,0.036805,1.534220274,6.47490324,1.631665,4.964857668,1.6332,1.510045572,6.468181467
052_230℃_080_2.0mm.csv,2,80,1.464045,0.300105537,1.50211,0.300037667,0.038065,1.574599243,6.657551367,1.63608,5.10451381,1.637605,1.553037557,6.650859505
053_230℃_080_2.0mm.csv,2,80,1.46416,0.300009896,1.500615,0.300073162,0.036455,1.521605191,6.626134673,1.63535,5.123349512,1.636815,1.502785161,6.619944524
054_230℃_080_2.0mm.csv,2,80,1.464225,0.300025555,1.50066,0.300071964,0.036435,1.523473847,6.644439765,1.63563,5.129687151,1.637145,1.514752614,6.637814368
055_230℃_080_2.0mm.csv,2,80,1.46422,0.300090751,1.500655,0.300027562,0.036435,1.523257361,6.562216884,1.6337,5.054515951,1.635215,1.507700933,6.555629874
056_230℃_080_2.0mm.csv,2,80,1.46414,0.300011408,1.50044,0.300001522,0.0363,1.515556558,6.63061316,1.635325,5.122154244,1.636825,1.508458917,6.624142966
057_230℃_080_2.0mm.csv,2,80,1.464255,0.300019089,1.50183,0.300005781,0.037575,1.564478266,6.548997699,1.633475,5.006241081,1.635025,1.542756618,6.542111075
058_230℃_080_2.0mm.csv,2,80,1.464145,0.300080099,1.50051,0.300016397,0.036365,1.517990229,6.576708762,1.634195,5.064118833,1.63574,1.512589929,6.569826107
059_230℃_080_2.0mm.csv,2,80,1.4641,0.300018842,1.50026,0.300023227,0.03616,1.509308687,6.57774633,1.63412,5.072923879,1.63562,1.504822451,6.571315787
060_230℃_080_2.0mm.csv,2,80,1.464165,0.30008788,1.501555,0.300026605,0.03739,1.554920417,6.591319955,1.63442,5.049339311,1.63599,1.541980643,6.584272747
061_230℃_120_2.0mm.csv,2,120,1.47648,0.300109856,1.5012,0.300127514,0.02472,1.571507448,6.406299986,1.5866,4.881565887,1.58882,1.524734099,6.393420749
062_230℃_120_2.0mm.csv,2,120,1.476515,0.300144419,1.502255,0.300125737,0.02574,1.634488009,6.453786642,1.587335,4.889109944,1.589545,1.564676699,6.44104076
063_230℃_120_2.0mm.csv,2,120,1.4765,0.300159188,1.50196,0.300151658,0.02546,1.616635627,6.427035251,1.586885,4.877118394,1.58914,1.549916858,6.413773241
064_230℃_120_2.0mm.csv,2,120,1.47657,0.300071318,1.50038,0.300105225,0.02381,1.522901,6.436539586,1.587045,4.941366546,1.589305,1.49517304,6.423250472
065_230℃_120_2.0mm.csv,2,120,1.4765,0.300037055,1.50116,0.300021705,0.02466,1.568994386,6.474345701,1.58767,4.951285463,1.589925,1.523060237,6.46106199
066_230℃_120_2.0mm.csv,2,120,1.47639,0.300119995,1.501745,0.300136523,0.025355,1.603784505,6.488154984,1.587865,4.936406083,1.5901,1.551748902,6.475154265
067_230℃_120_2.0mm.csv,2,120,1.476505,0.300059223,1.501945,0.30017511,0.02544,1.615471079,6.445980481,1.587145,4.890798959,1.58941,1.555181521,6.4326092
068_230℃_120_2.0mm.csv,2,120,1.47648,0.300029172,1.500625,0.300057937,0.024145,1.53744669,6.485059883,1.58778,4.978496809,1.590035,1.506563073,6.471846672
069_230℃_120_2.0mm.csv,2,120,1.47646,0.300116629,1.50195,0.300039221,0.02549,1.616520868,6.461195538,1.587475,4.903197312,1.589735,1.557998226,6.447865649
070_230℃_120_2.0mm.csv,2,120,1.47641,0.300051457,1.50226,0.300170217,0.02585,1.634339772,6.421361954,1.586815,4.852986221,1.58908,1.568375732,6.407972392
071_230℃_160_2.0mm.csv,2,160,1.48159,0.300033587,1.50029,0.300046134,0.0187,1.524253532,6.355443078,1.569515,4.852977749,1.57247,1.502465329,6.337869794
072_230℃_160_2.0mm.csv,2,160,1.48153,0.300173699,1.499895,0.300106431,0.018365,1.491564194,6.373332475,1.56968,4.884364718,1.572725,1.488967757,6.354732556
073_230℃_160_2.0mm.csv,2,160,1.48148,0.300001106,1.499455,0.300150847,0.017975,1.455196566,6.379054313,1.56983,4.909485551,1.57276,1.469568762,6.362000603
074_230℃_160_2.0mm.csv,2,160,1.48127,0.300061572,1.500715,0.300039498,0.019445,1.559225153,6.420281304,1.5702,4.901241406,1.573245,1.519039898,6.402045187
075_230℃_160_2.0mm.csv,2,160,1.48111,0.300085033,1.500955,0.300103652,0.019845,1.579087802,6.49705329,1.57102,4.963961471,1.574125,1.53309182,6.478497949
076_230℃_160_2.0mm.csv,2,160,1.481145,0.300087583,1.50097,0.300038324,0.019825,1.580074954,6.398477136,1.56999,4.870935604,1.5731,1.527541532,6.379539499
077_230℃_160_2.0mm.csv,2,160,1.481275,0.300099172,1.500835,0.30019332,0.01956,1.569440382,6.431603179,1.570265,4.901877593,1.573435,1.529725586,6.411795956
078_230℃_160_2.0mm.csv,2,160,1.48138,0.300108449,1.49962,0.30001868,0.01824,1.468835251,6.384568864,1.56977,4.902643596,1.572715,1.481925269,6.367178719
079_230℃_160_2.0mm.csv,2,160,1.48119,0.30004099,1.501095,0.300143524,0.019905,1.591160724,6.38747255,1.569895,4.855301687,1.572995,1.532170863,6.368692463
080_230℃_160_2.0mm.csv,2,160,1.48143,0.300064022,1.49992,0.30015037,0.01849,1.493780499,6.407450559,1.57004,4.909085573,1.573045,1.498364986,6.389275522
081_230℃_200_2.0mm.csv,2,200,1.48382,0.300030797,1.49947,0.300020043,0.01565,1.446761865,6.290070027,1.562305,4.817445614,1.5655,1.472624413,6.271047779
082_230℃_200_2.0mm.csv,2,200,1.48386,0.30019537,1.499635,0.300038162,0.015775,1.463241944,6.340545863,1.562675,4.852989115,1.56599,1.487556748,6.320245384
083_230℃_200_2.0mm.csv,2,200,1.484045,0.30016881,1.498985,0.30019216,0.01494,1.39776478,6.32755598,1.56267,4.877074454,1.565745,1.450481526,6.309955947
084_230℃_200_2.0mm.csv,2,200,1.48395,0.300198922,1.49974,0.300006802,0.01579,1.473618419,6.392696088,1.56322,4.906689337,1.566115,1.486006751,6.377088766
085_230℃_200_2.0mm.csv,2,200,1.483885,0.300168826,1.49978,0.300016845,0.015895,1.477870407,6.418689702,1.5634,4.924396225,1.56634,1.494293476,6.402747065
086_230℃_200_2.0mm.csv,2,200,1.483835,0.300169918,1.499155,0.300027738,0.01532,1.415188816,6.419571161,1.563415,4.952550589,1.566315,1.467020572,6.403950817
087_230℃_200_2.0mm.csv,2,200,1.48368,0.300058009,1.49947,0.300212115,0.01579,1.446627746,6.376963233,1.56297,4.888237377,1.566145,1.488725856,6.358326205
088_230℃_200_2.0mm.csv,2,200,1.483775,0.300142496,1.499155,0.300161277,0.01538,1.415009252,6.379244611,1.56313,4.909860589,1.56607,1.469384022,6.363106928
089_230℃_200_2.0mm.csv,2,200,1.483745,0.300109321,1.499755,0.300162411,0.01601,1.475465281,6.410968923,1.56342,4.91532031,1.566355,1.495648613,6.394849478
090_230℃_200_2.0mm.csv,2,200,1.483975,0.300138142,1.49941,0.300136577,0.015435,1.440193255,6.330258257,1.56264,4.858459169,1.565765,1.471799088,6.312159008
091_230℃_240_2.0mm.csv,2,240,1.485665,0.300157445,1.49807,0.300123064,0.012405,1.279433696,6.308964255,1.55938,4.887327474,1.56229,1.42163678,6.292135563
092_230℃_240_2.0mm.csv,2,240,1.485315,0.300106202,1.499245,0.300121103,0.01393,1.413076073,6.386943382,1.55997,4.893314019,1.562875,1.493629363,6.370186497
093_230℃_240_2.0mm.csv,2,240,1.485335,0.300182161,1.498505,0.300184261,0.01317,1.329805711,6.434783339,1.560315,4.974140291,1.56321,1.460643048,6.418211344
094_230℃_240_2.0mm.csv,2,240,1.4853,0.300021433,1.498445,0.300069436,0.013145,1.322813216,6.466048534,1.5606,5.006239869,1.563485,1.459808665,6.449644955
095_230℃_240_2.0mm.csv,2,240,1.48531,0.30008296,1.498615,0.300044869,0.013305,1.341752752,6.358694071,1.55976,4.888731505,1.56269,1.469962566,6.341540459
096_230℃_240_2.0mm.csv,2,240,1.48536,0.300142156,1.49941,0.30002455,0.01405,1.431875431,6.39104806,1.56011,4.884030994,1.563005,1.507017066,6.374051493
097_230℃_240_2.0mm.csv,2,240,1.48541,0.300125333,1.49866,0.300102076,0.01325,1.346817066,6.392314736,1.56,4.924268495,1.562875,1.46804624,6.375982828
098_230℃_240_2.0mm.csv,2,240,1.48545,0.3001323,1.498815,0.300134151,0.013365,1.363781992,6.358541415,1.559835,4.886443779,1.5627,1.472097636,6.342128031
099_230℃_240_2.0mm.csv,2,240,1.48541,0.300087761,1.498415,0.300212563,0.013005,1.319469899,6.318116649,1.55955,4.865653371,1.5624,1.452463279,6.301869414
100_230℃_240_2.0mm.csv,2,240,1.48538,0.300153117,1.49835,0.300075188,0.01297,1.312336412,6.435149457,1.56038,4.98036204,1.563215,1.454787417,6.419215049
101_230℃_280_2.0mm.csv,2,280,1.4863,0.300015349,1.49835,0.30000162,0.01205,1.295427516,6.385271627,1.558455,4.915301532,1.561145,1.469970095,6.36986922
102_230℃_280_2.0mm.csv,2,280,1.4863,0.300115924,1.49806,0.300140168,0.01176,1.260969921,6.364171061,1.55834,4.914110846,1.56109,1.450060214,6.348024754
103_230℃_280_2.0mm.csv,2,280,1.48623,0.300093701,1.4987,0.300129037,0.01247,1.33777718,6.37871365,1.558385,4.887127228,1.56111,1.491586423,6.362970136
104_230℃_280_2.0mm.csv,2,280,1.486095,0.300204111,1.498675,0.300069391,0.01258,1.335019238,6.438275865,1.55874,4.944005971,1.56143,1.494269894,6.422882868
105_230℃_280_2.0mm.csv,2,280,1.486485,0.300160567,1.49715,0.300147985,0.010665,1.155464357,6.370214111,1.558155,4.967116022,1.56095,1.40309809,6.353619485
106_230℃_280_2.0mm.csv,2,280,1.48652,0.300048513,1.49852,0.300193158,0.012,1.31530043,6.356701945,1.5581,4.885536084,1.56086,1.471165862,6.34042187
107_230℃_280_2.0mm.csv,2,280,1.486415,0.300136665,1.49856,0.300236781,0.012145,1.320687491,6.348397511,1.55821,4.871496417,1.56091,1.476901093,6.332738572
108_230℃_280_2.0mm.csv,2,280,1.48638,0.300136481,1.49802,0.300127761,0.01164,1.256163152,6.358686865,1.55823,4.907631679,1.560985,1.451055186,6.342317735
109_230℃_280_2.0mm.csv,2,280,1.486365,0.300136835,1.49778,0.300194186,0.011415,1.228191114,6.400162908,1.5584,4.95563891,1.56115,1.444523998,6.384168847
110_230℃_280_2.0mm.csv,2,280,1.48647,0.300013417,1.49802,0.300133857,0.01155,1.255875825,6.337501955,1.55821,4.885861198,1.560835,1.451640757,6.322668072
111_230℃_320_2.0mm.csv,2,320,1.48674,0.30004634,1.49837,0.300165887,0.01163,1.290136125,6.314497414,1.55707,4.828271862,1.559595,1.486225552,6.299957274
112_230℃_320_2.0mm.csv,2,320,1.48688,0.300026283,1.49744,0.300015406,0.01056,1.174622983,6.333804916,1.556995,4.903275322,1.55961,1.430529594,6.318383408
113_230℃_320_2.0mm.csv,2,320,1.48703,0.300235933,1.497645,0.300155173,0.010615,1.198459658,6.386648127,1.55727,4.940169364,1.55992,1.446478764,6.370790015
114_230℃_320_2.0mm.csv,2,320,1.486875,0.300039219,1.497805,0.300067885,0.01093,1.219317575,6.415285833,1.55744,4.95029677,1.560045,1.464989063,6.400027325
115_230℃_320_2.0mm.csv,2,320,1.486965,0.300013381,1.49777,0.300073327,0.010805,1.214195137,6.417006195,1.5576,4.955350752,1.560185,1.461655444,6.401928802
116_230℃_320_2.0mm.csv,2,320,1.486885,0.300184881,1.49789,0.300007142,0.011005,1.228516786,6.412638145,1.557545,4.956249766,1.560115,1.456388379,6.397896247
117_230℃_320_2.0mm.csv,2,320,1.48671,0.300064427,1.49809,0.300078828,0.01138,1.254552174,6.415346014,1.55762,4.937684429,1.56017,1.477661585,6.400796787
118_230℃_320_2.0mm.csv,2,320,1.48669,0.300138333,1.49811,0.300252353,0.01142,1.257425197,6.397450567,1.557505,4.917143192,1.56008,1.480307376,6.382738292
119_230℃_320_2.0mm.csv,2,320,1.486975,0.3001644,1.49771,0.300100305,0.010735,1.206483579,6.420025531,1.557585,4.964895721,1.560275,1.45512981,6.403738455
120_230℃_320_2.0mm.csv,2,320,1.486885,0.300184677,1.49863,0.30018232,0.011745,1.321387006,6.419682722,1.55749,4.914075194,1.560065,1.505607529,6.404713984
