元ファイル,キャビ厚,射出速度[mm/s],CH03_立ち上がり時間(s),CH03_立ち上がり圧力(MPa),CH04_立ち上がり時間(s),CH04_立ち上がり圧力(MPa),立ち上がり時間差(s),CH03圧力@CH04立ち上がり時(MPa),CH03_最大圧力(MPa),CH03_最大圧力時間(s),CH04_最大圧力(MPa),CH04_最大圧力時間(s),最大圧力差(MPa),先行列圧力@後発列最大時(MPa),温度,時間差ΔT34(s),圧力差ΔP34(Pa),流速V34(mm/s),流路断面積(mm²),流量Q34(mm³/s),樹脂粘度η34(Pa・s),せん断速度γ34(1/s),時間差ΔT34(s)_平均,時間差ΔT34(s)_標準偏差上,時間差ΔT34(s)_標準偏差下,流速V34(mm/s)_平均,流速V34(mm/s)_標準偏差上,流速V34(mm/s)_標準偏差下,流量Q34(mm³/s)_平均,流量Q34(mm³/s)_標準偏差上,流量Q34(mm³/s)_標準偏差下,圧力差ΔP34(Pa)_平均,圧力差ΔP34(Pa)_標準偏差上,圧力差ΔP34(Pa)_標準偏差下,せん断速度γ34(1/s)_幾何平均,せん断速度γ34(1/s)_幾何標準偏差上,せん断速度γ34(1/s)_幾何標準偏差下,樹脂粘度η34(Pa・s)_幾何平均,樹脂粘度η34(Pa・s)_幾何標準偏差上,樹脂粘度η34(Pa・s)_幾何標準偏差下,CH03_最大圧力(MPa)_平均,CH03_最大圧力(MPa)_標準偏差上,CH03_最大圧力(MPa)_標準偏差下,CH03_最大圧力時間(s)_平均,CH03_最大圧力時間(s)_標準偏差上,CH03_最大圧力時間(s)_標準偏差下,CH04_最大圧力(MPa)_平均,CH04_最大圧力(MPa)_標準偏差上,CH04_最大圧力(MPa)_標準偏差下,CH04_最大圧力時間(s)_平均,CH04_最大圧力時間(s)_標準偏差上,CH04_最大圧力時間(s)_標準偏差下,最大圧力差(MPa)_平均,最大圧力差(MPa)_標準偏差上,最大圧力差(MPa)_標準偏差下,先行列圧力@後発列最大時(MPa)_平均,先行列圧力@後発列最大時(MPa)_標準偏差上,先行列圧力@後発列最大時(MPa)_標準偏差下,時間差ΔT34(s)_中央値からのずれ(%),流速V34(mm/s)_中央値からのずれ(%),流量Q34(mm³/s)_中央値からのずれ(%),圧力差ΔP34(Pa)_中央値からのずれ(%),せん断速度γ34(1/s)_中央値からのずれ(%),樹脂粘度η34(Pa・s)_中央値からのずれ(%),外れ値判定,CH03_最大圧力(MPa)_中央値からのずれ(%),CH03_最大圧力時間(s)_中央値からのずれ(%),CH04_最大圧力(MPa)_中央値からのずれ(%),CH04_最大圧力時間(s)_中央値からのずれ(%),最大圧力差(MPa)_中央値からのずれ(%),先行列圧力@後発列最大時(MPa)_中央値からのずれ(%),追加列の外れ値判定
071_190℃_280_0.5mm.csv,0.5,280,1.021415,0.300330261,1.029765,0.300001819,0.00835,2.077875433,32.43912783,1.082975,10.86683743,1.08864,43.30596527,42.85427469,190,0.00835000000000008,1777873.614,2095.808383233513,20.0,41916.167664670254,1.0098805902653158,25149.700598802152,0.008196666666666705,0.00016041612554026254,-0.00016041612554026254,2135.5609330194825,41.90400945241696,-41.90400945241696,42711.218660389655,838.0801890483409,-838.0801890483409,1768953.3499999999,46661.94828179793,-46661.94828179793,25623.447936406334,26130.55400801793,25126.18308621646,0.9860059078927956,1.028870940229094,0.9449267273337695,32.2559484,0.16461825820961712,-0.16461825820961712,1.0827616666666666,0.0009236657043180477,-0.0009236657043180477,10.828716363333333,0.037562185529371586,-0.037562185529371586,1.08864,0.0011449999999999516,-0.0011449999999999516,43.08466476666666,0.2013953436885715,-0.2013953436885715,42.60999167,0.2220360548578773,-0.2220360548578773,1.7052375152256776,-1.6766467065871606,-1.6766467065871606,0.0,-1.676646706587161,0.0,,0.7165899230377735,0.0,0.3626386256826464,0.0,0.6275379352668347,0.7026454908876199,
072_190℃_280_0.5mm.csv,0.5,280,1.022865,0.300034918,1.030895,0.300094633,0.00803,2.018569821,32.12039116,1.08356,10.79173919,1.089785,42.91213035,42.42043826,190,0.008029999999999982,1718475.1879999998,2179.32752179328,20.0,43586.5504358656,0.9387316843292496,26151.930261519363,0.008196666666666705,0.00016041612554026254,-0.00016041612554026254,2135.5609330194825,41.90400945241696,-41.90400945241696,42711.218660389655,838.0801890483409,-838.0801890483409,1768953.3499999999,46661.94828179793,-46661.94828179793,25623.447936406334,26130.55400801793,25126.18308621646,0.9860059078927956,1.028870940229094,0.9449267273337695,32.2559484,0.16461825820961712,-0.16461825820961712,1.0827616666666666,0.0009236657043180477,-0.0009236657043180477,10.828716363333333,0.037562185529371586,-0.037562185529371586,1.08864,0.0011449999999999516,-0.0011449999999999516,43.08466476666666,0.2013953436885715,-0.2013953436885715,42.60999167,0.2220360548578773,-0.2220360548578773,-2.1924482338619717,2.2415940224168023,2.241594022416811,-3.3409813572946256,2.2415940224168165,-7.045279077734727,,-0.27301962053744916,0.05401786744846905,-0.3309447256001631,0.10517710170487504,-0.2875932275059541,-0.31682051401753136,
073_190℃_280_0.5mm.csv,0.5,280,1.021145,0.300388896,1.029355,0.300418402,0.00821,2.11092965,32.20832621,1.08175,10.82757247,1.087495,43.03589868,42.55526206,190,0.00821000000000005,1810511.2480000001,2131.5468940316555,20.0,42630.93788063311,1.0111766902095303,25578.562728379864,0.008196666666666705,0.00016041612554026254,-0.00016041612554026254,2135.5609330194825,41.90400945241696,-41.90400945241696,42711.218660389655,838.0801890483409,-838.0801890483409,1768953.3499999999,46661.94828179793,-46661.94828179793,25623.447936406334,26130.55400801793,25126.18308621646,0.9860059078927956,1.028870940229094,0.9449267273337695,32.2559484,0.16461825820961712,-0.16461825820961712,1.0827616666666666,0.0009236657043180477,-0.0009236657043180477,10.828716363333333,0.037562185529371586,-0.037562185529371586,1.08864,0.0011449999999999516,-0.0011449999999999516,43.08466476666666,0.2013953436885715,-0.2013953436885715,42.60999167,0.2220360548578773,-0.2220360548578773,0.0,0.0,0.0,1.8357679501508188,0.0,0.12834190068688342,,0.0,-0.1131143378194355,0.0,-0.10517710170487504,0.0,0.0,
081_190℃_320_0.5mm.csv,0.5,320,1.01483,0.300138182,1.02857,0.30027019,0.01374,5.230423372,20.68957523,1.07521,21.9093734,1.101445,42.59894863,36.3214377,190,0.013740000000000085,4930153.182,1273.6535662299775,20.0,25473.07132459955,4.60818399460411,15283.842794759728,0.013550000000000062,0.0002687005768509213,-0.0002687005768509213,1291.7669028754658,25.616126343879362,-25.616126343879362,25835.338057509318,512.322526877585,-512.322526877585,4746097.966,260293.3826927095,-260293.3826927095,15499.678833111555,15810.130476569006,15195.323295127004,4.371083900512651,4.710121902474537,4.056450100640294,21.469804685,1.1034110770239693,-1.1034110770239693,1.0755425,0.00047022600948891597,-0.00047022600948891597,21.195343639999997,1.0097905705300059,-1.0097905705300059,1.09375,0.010882373362460977,-0.010882373362460977,42.665148325000004,0.09362050649395719,-0.09362050649395719,38.869177255,3.6030478320753936,-3.6030478320753936,2.844311377245852,-2.7656477438140086,-2.765647743814005,8.068982518850794,-2.765647743814026,11.142800883908292,,-7.013287710847536,-0.028358507319749118,6.972499559193326,1.4170553056705246,0.0,-11.566347623347312,先行列圧力@後発列最大時(MPa)
082_190℃_320_0.5mm.csv,0.5,320,1.015085,0.300081213,1.028445,0.300066504,0.01336,4.862109254,22.25003414,1.075875,20.48131388,1.086055,42.73134802,41.41691681,190,0.013360000000000039,4562042.75,1309.8802395209543,20.0,26197.604790419085,4.146183070748311,15718.562874251453,0.013550000000000062,0.0002687005768509213,-0.0002687005768509213,1291.7669028754658,25.616126343879362,-25.616126343879362,25835.338057509318,512.322526877585,-512.322526877585,4746097.966,260293.3826927095,-260293.3826927095,15499.678833111555,15810.130476569006,15195.323295127004,4.371083900512651,4.710121902474537,4.056450100640294,21.469804685,1.1034110770239693,-1.1034110770239693,1.0755425,0.00047022600948891597,-0.00047022600948891597,21.195343639999997,1.0097905705300059,-1.0097905705300059,1.09375,0.010882373362460977,-0.010882373362460977,42.665148325000004,0.09362050649395719,-0.09362050649395719,38.869177255,3.6030478320753936,-3.6030478320753936,0.0,0.0,0.0,0.0,0.0,0.0,,0.0,0.03347233650854855,0.0,0.0,0.31080436080705265,0.8398746200589737,
071_210℃_280_0.5mm.csv,0.5,280,1.020695,0.300071119,1.028335,0.300018459,0.00764,1.899183552,30.86109297,1.07845,10.40336488,1.083905,41.26445785,40.82680068,210,0.007640000000000091,1599165.0929999999,2290.5759162303393,20.0,45811.51832460679,0.8311307013959283,27486.910994764075,0.00777333333333341,0.00011547005383791243,-0.00011547005383791243,2251.620543505338,33.73634239374271,-33.73634239374271,45032.41087010675,674.7268478748568,-674.7268478748568,1622591.394,26973.073109795576,-26973.073109795576,27017.436127677403,27423.543104826447,26617.343066245186,0.8578811533630091,0.8835760758720779,0.8329334546196986,30.801499263333337,0.11080519541314099,-0.11080519541314099,1.0781150000000002,0.00030450779957156746,-0.00030450779957156746,10.45455615,0.04743260999458992,-0.04743260999458992,1.0837533333333333,0.00013156113914575295,-0.00013156113914575295,41.256055413333335,0.08151221698382155,-0.08151221698382155,40.78795959333333,0.09210944110213885,-0.09210944110213885,-2.551020408162962,2.6178010471201123,2.6178010471201247,-1.0741768236409488,2.6178010471201327,-3.5977947618130868,,0.0,0.03803198397089156,-0.5726830748544008,0.020301102257564416,0.0,0.0,
072_210℃_280_0.5mm.csv,0.5,280,1.020255,0.300133141,1.028095,0.300412761,0.00784,1.952492372,30.86975461,1.077855,10.46328635,1.08367,41.33304096,40.8542868,210,0.00784000000000007,1652079.611,2232.1428571428373,20.0,44642.857142856745,0.8811091258666746,26785.714285714046,0.00777333333333341,0.00011547005383791243,-0.00011547005383791243,2251.620543505338,33.73634239374271,-33.73634239374271,45032.41087010675,674.7268478748568,-674.7268478748568,1622591.394,26973.073109795576,-26973.073109795576,27017.436127677403,27423.543104826447,26617.343066245186,0.8578811533630091,0.8835760758720779,0.8329334546196986,30.801499263333337,0.11080519541314099,-0.11080519541314099,1.0781150000000002,0.00030450779957156746,-0.00030450779957156746,10.45455615,0.04743260999458992,-0.04743260999458992,1.0837533333333333,0.00013156113914575295,-0.00013156113914575295,41.256055413333335,0.08151221698382155,-0.08151221698382155,40.78795959333333,0.09210944110213885,-0.09210944110213885,0.0,0.0,0.0,2.1991639177519624,0.0,2.199163917751955,,0.02806653675039848,-0.01716077325517622,0.0,-0.001384166063025535,0.1662038315135618,0.06732371761244493,
073_210℃_280_0.5mm.csv,0.5,280,1.02115,0.300174283,1.02899,0.300309047,0.00784,1.916838525,30.67365021,1.07804,10.49701722,1.083685,41.17066743,40.6827913,210,0.00784000000000007,1616529.478,2232.1428571428373,20.0,44642.857142856745,0.862149054933341,26785.714285714046,0.00777333333333341,0.00011547005383791243,-0.00011547005383791243,2251.620543505338,33.73634239374271,-33.73634239374271,45032.41087010675,674.7268478748568,-674.7268478748568,1622591.394,26973.073109795576,-26973.073109795576,27017.436127677403,27423.543104826447,26617.343066245186,0.8578811533630091,0.8835760758720779,0.8329334546196986,30.801499263333337,0.11080519541314099,-0.11080519541314099,1.0781150000000002,0.00030450779957156746,-0.00030450779957156746,10.45455615,0.04743260999458992,-0.04743260999458992,1.0837533333333333,0.00013156113914575295,-0.00013156113914575295,41.256055413333335,0.08151221698382155,-0.08151221698382155,40.78795959333333,0.09210944110213885,-0.09210944110213885,0.0,0.0,0.0,0.0,0.0,0.0,,-0.6073756369620881,0.0,0.3223735724292723,0.0,-0.22729105115335402,-0.35273246397322155,
081_210℃_320_0.5mm.csv,0.5,320,1.013445,0.300334289,1.021025,0.30040612,0.00758,1.89293341,31.12042087,1.070765,10.50956667,1.076405,41.62998754,41.15469355,210,0.007580000000000142,1592527.29,2308.7071240105106,20.0,46174.14248021021,0.8211807386530766,27704.485488126124,0.007545000000000061,0.00010688779163218477,-0.00010688779163218477,2319.7291541880772,33.06974428625405,-33.06974428625405,46394.58308376154,661.3948857250823,-661.3948857250823,1585129.294,25699.69919337213,-25699.69919337213,27834.87193708745,28233.277471699304,27442.08838420154,0.8134656212515021,0.8386364950646161,0.7890502271870566,30.85740494,0.32961605351478324,-0.32961605351478324,1.0709833333333334,0.00046744874941906356,-0.00046744874941906356,10.5337658,0.04202547337299099,-0.04202547337299099,1.0764733333333334,0.0004861155555352394,-0.0004861155555352394,41.39117074333333,0.3438363140333741,-0.3438363140333741,40.91600231,0.34141739098449575,-0.34141739098449575,0.0,0.0,0.0,0.0,0.0,0.0,,0.5046886429251252,0.0,0.0,0.0,0.20109214693259445,0.21016069223731867,
082_210℃_320_0.5mm.csv,0.5,320,1.01422,0.300030472,1.021645,0.30036866,0.007425,1.85691067,30.48764562,1.070665,10.50943815,1.076025,40.99708378,40.52492943,210,0.007425000000000015,1556542.01,2356.902356902352,20.0,47138.04713804704,0.7862125458673486,28282.82828282822,0.007545000000000061,0.00010688779163218477,-0.00010688779163218477,2319.7291541880772,33.06974428625405,-33.06974428625405,46394.58308376154,661.3948857250823,-661.3948857250823,1585129.294,25699.69919337213,-25699.69919337213,27834.87193708745,28233.277471699304,27442.08838420154,0.8134656212515021,0.8386364950646161,0.7890502271870566,30.85740494,0.32961605351478324,-0.32961605351478324,1.0709833333333334,0.00046744874941906356,-0.00046744874941906356,10.5337658,0.04202547337299099,-0.04202547337299099,1.0764733333333334,0.0004861155555352394,-0.0004861155555352394,41.39117074333333,0.3438363140333741,-0.3438363140333741,40.91600231,0.34141739098449575,-0.34141739098449575,-2.0448548812681313,2.0875420875438,2.0875420875438,-2.2596334911158746,2.0875420875438,-4.258282146642144,,-1.5388852453543387,-0.009339117360017276,-0.0012228858147632878,-0.0353026974047916,-1.322272420855614,-1.323291709412387,
083_210℃_320_0.5mm.csv,0.5,320,1.01423,0.300150379,1.02186,0.300348084,0.00763,1.906666666,30.96414833,1.07152,10.58229258,1.07699,41.54644091,41.06838395,210,0.007630000000000026,1606318.5820000002,2293.5779816513686,20.0,45871.55963302737,0.8337558354190505,27522.935779816424,0.007545000000000061,0.00010688779163218477,-0.00010688779163218477,2319.7291541880772,33.06974428625405,-33.06974428625405,46394.58308376154,661.3948857250823,-661.3948857250823,1585129.294,25699.69919337213,-25699.69919337213,27834.87193708745,28233.277471699304,27442.08838420154,0.8134656212515021,0.8386364950646161,0.7890502271870566,30.85740494,0.32961605351478324,-0.32961605351478324,1.0709833333333334,0.00046744874941906356,-0.00046744874941906356,10.5337658,0.04202547337299099,-0.04202547337299099,1.0764733333333334,0.0004861155555352394,-0.0004861155555352394,41.39117074333333,0.3438363140333741,-0.3438363140333741,40.91600231,0.34141739098449575,-0.34141739098449575,0.6596306068586086,-0.6553079947559894,-0.6553079947559973,0.8660003559499524,-0.6553079947559765,1.5313433662119165,,0.0,0.07051033606814391,0.6919972277030223,0.05434757363630192,0.0,0.0,
071_230℃_280_0.5mm.csv,0.5,280,1.02081,0.300126991,1.028535,0.300061012,0.007725,1.913896683,32.01175711,1.080455,10.39747133,1.08559,42.40922844,41.99566935,230,0.007724999999999982,1613835.6709999999,2265.372168284795,20.0,45307.4433656959,0.8480871128214265,27184.466019417545,0.007956666666666612,0.00028505847353370024,-0.00028505847353370024,2201.2699490098994,77.73568293310834,-77.73568293310834,44025.39898019799,1554.7136586621648,-1554.7136586621648,1633227.436,45196.26198934966,-45196.26198934966,26404.151772358568,27360.435368687875,25481.291559257115,0.8834186810763484,0.9396922951347139,0.8305150208375317,31.92185754333333,0.16933859684535055,-0.16933859684535055,1.079975,0.0009597004741063825,-0.0009597004741063825,10.352930899999999,0.041038372957777826,-0.041038372957777826,1.085345,0.0009076480595473232,-0.0009076480595473232,42.27478844666667,0.20144326656519365,-0.20144326656519365,41.852883889999994,0.20471860261415759,-0.20471860261415759,-1.8424396442165563,1.877022653719606,1.877022653719606,0.0,1.8770226537196333,-1.0531934602042463,,0.0,0.0,0.5104207292358511,0.0,0.08796100552318431,0.12164859394058843,
072_230℃_280_0.5mm.csv,0.5,280,1.019645,0.300108295,1.02792,0.300361783,0.008275,1.98524546,31.72652787,1.07887,10.31665138,1.08434,42.04317926,41.61833804,230,0.008275000000000032,1684883.677,2114.8036253776354,20.0,42296.07250755271,0.9484634304200718,25377.643504531625,0.007956666666666612,0.00028505847353370024,-0.00028505847353370024,2201.2699490098994,77.73568293310834,-77.73568293310834,44025.39898019799,1554.7136586621648,-1554.7136586621648,1633227.436,45196.26198934966,-45196.26198934966,26404.151772358568,27360.435368687875,25481.291559257115,0.8834186810763484,0.9396922951347139,0.8305150208375317,31.92185754333333,0.16933859684535055,-0.16933859684535055,1.079975,0.0009597004741063825,-0.0009597004741063825,10.352930899999999,0.041038372957777826,-0.041038372957777826,1.085345,0.0009076480595473232,-0.0009076480595473232,42.27478844666667,0.20144326656519365,-0.20144326656519365,41.852883889999994,0.20471860261415759,-0.20471860261415759,5.146124523509783,-4.894259818733644,-4.894259818733648,4.402431255963982,-4.894259818733638,10.657768690333135,,-0.8910140078218158,-0.1466974561642963,-0.27085068955399483,-0.1151447599922598,-0.7759338919229499,-0.7779449452992262,
073_230℃_280_0.5mm.csv,0.5,280,1.020925,0.300326856,1.028795,0.300242902,0.00787,1.901205862,32.02728765,1.0806,10.34466999,1.086105,42.37195764,41.94464428,230,0.007869999999999822,1600962.9600000002,2223.634053367268,20.0,44472.68106734536,0.8571141833469192,26683.608640407212,0.007956666666666612,0.00028505847353370024,-0.00028505847353370024,2201.2699490098994,77.73568293310834,-77.73568293310834,44025.39898019799,1554.7136586621648,-1554.7136586621648,1633227.436,45196.26198934966,-45196.26198934966,26404.151772358568,27360.435368687875,25481.291559257115,0.8834186810763484,0.9396922951347139,0.8305150208375317,31.92185754333333,0.16933859684535055,-0.16933859684535055,1.079975,0.0009597004741063825,-0.0009597004741063825,10.352930899999999,0.041038372957777826,-0.041038372957777826,1.085345,0.0009076480595473232,-0.0009076480595473232,42.27478844666667,0.20144326656519365,-0.20144326656519365,41.852883889999994,0.20471860261415759,-0.20471860261415759,0.0,0.0,0.0,-0.7976469495201572,0.0,0.0,,0.04851511257764981,0.013420272015036422,0.0,0.047439641116816034,0.0,0.0,
081_230℃_320_0.5mm.csv,0.5,320,1.01457,0.300170437,1.02186,0.300330848,0.00729,1.79808368,31.83235202,1.073885,10.34949556,1.079615,42.18184759,41.7417014,230,0.007290000000000019,1497752.832,2400.548696844987,20.0,48010.97393689974,0.7427631391346957,28806.584362139845,0.007503333333333269,0.00019585283590825163,-0.00019585283590825163,2333.3652741146525,61.40901609292579,-61.40901609292579,46667.30548229305,1228.1803218585183,-1228.1803218585183,1505266.0089999998,17808.840461810905,-17808.840461810905,27993.953865398093,28737.445007446848,27269.698221778715,0.7681230377010442,0.7955024226331668,0.7416859889553785,32.12250143,0.2768123809213561,-0.2768123809213561,1.074235,0.00038661996844457675,-0.00038661996844457675,10.39983963,0.047863844921551595,-0.047863844921551595,1.0796816666666667,0.0001514375558880561,-0.0001514375558880561,42.522341063333336,0.3246750509116048,-0.3246750509116048,42.09395409333333,0.3346116993158594,-0.3346116993158594,-3.379721669978756,3.4979423868298145,3.497942386829822,0.0,3.497942386829828,-3.03609051118429,,-0.9924865337741139,-0.026532113166453236,-0.5359435503838228,0.0,-0.8808601885637332,-0.9277591683001142,
082_230℃_320_0.5mm.csv,0.5,320,1.01543,0.300249011,1.022975,0.300028401,0.007545,1.792473335,32.15145084,1.07465,10.40526189,1.079855,42.55671273,42.13259037,230,0.007544999999999913,1492444.934,2319.416832339324,20.0,46388.33664678648,0.7660202059203993,27833.00198807189,0.007503333333333269,0.00019585283590825163,-0.00019585283590825163,2333.3652741146525,61.40901609292579,-61.40901609292579,46667.30548229305,1228.1803218585183,-1228.1803218585183,1505266.0089999998,17808.840461810905,-17808.840461810905,27993.953865398093,28737.445007446848,27269.698221778715,0.7681230377010442,0.7955024226331668,0.7416859889553785,32.12250143,0.2768123809213561,-0.2768123809213561,1.074235,0.00038661996844457675,-0.00038661996844457675,10.39983963,0.047863844921551595,-0.047863844921551595,1.0796816666666667,0.0001514375558880561,-0.0001514375558880561,42.522341063333336,0.3246750509116048,-0.3246750509116048,42.09395409333333,0.3346116993158594,-0.3346116993158594,0.0,0.0,0.0,-0.35439078375249866,0.0,0.0,,0.0,0.04468566428033141,0.0,0.022230146857909347,0.0,0.0,
083_230℃_320_0.5mm.csv,0.5,320,1.0139,0.300143093,1.021575,0.300282242,0.007675,1.825882503,32.38370143,1.07417,10.44476144,1.079575,42.82846287,42.40757051,230,0.007674999999999876,1525600.2610000002,2280.130293159646,20.0,45602.60586319292,0.7965293879710756,27361.563517915747,0.007503333333333269,0.00019585283590825163,-0.00019585283590825163,2333.3652741146525,61.40901609292579,-61.40901609292579,46667.30548229305,1228.1803218585183,-1228.1803218585183,1505266.0089999998,17808.840461810905,-17808.840461810905,27993.953865398093,28737.445007446848,27269.698221778715,0.7681230377010442,0.7955024226331668,0.7416859889553785,32.12250143,0.2768123809213561,-0.2768123809213561,1.074235,0.00038661996844457675,-0.00038661996844457675,10.39983963,0.047863844921551595,-0.047863844921551595,1.0796816666666667,0.0001514375558880561,-0.0001514375558880561,42.522341063333336,0.3246750509116048,-0.3246750509116048,42.09395409333333,0.3346116993158594,-0.3346116993158594,1.7229953611658713,-1.6938110749181032,-1.6938110749181075,1.8592806773608048,-1.693811074918123,3.9828168780506905,,0.7223642601877669,0.0,0.37961130068202814,-0.003705024476321652,0.6385599887005223,0.6526542460009602,
081_190℃_280_1.0mm.csv,1.0,280,1.491695,0.300318598,1.50007,0.300279785,0.008375,1.517649195,23.54766367,1.55977,18.20054193,1.561925,5.347121737,23.49332547,190,0.008375000000000021,1217369.41,2089.552238805965,40.0,83582.0895522386,2.774277226870755,12537.31343283579,0.00856333333333333,0.00016540354691883176,-0.00016540354691883176,2044.110180085125,39.874332403185406,-39.874332403185406,81764.407203405,1594.9732961274124,-1594.9732961274124,1252470.4723333335,30415.374284294547,-30415.374284294547,12263.115565557859,12503.49623908967,12027.356228898763,2.9175105768403835,3.0477132711632144,2.792870328883268,23.654771996666664,0.10327700063069475,-0.10327700063069475,1.5599116666666666,0.00014002975874191094,-0.00014002975874191094,18.28235965,0.08162248555281396,-0.08162248555281396,1.5620649999999998,0.000140000000000029,-0.000140000000000029,5.372412351333334,0.02244203635960551,-0.02244203635960551,23.600531096666668,0.10327913595521344,-0.10327913595521344,-2.9548088064877946,3.044776119401713,3.04477611940172,-4.069008547738633,3.044776119401717,-7.052368533858432,,-0.48706298592609076,-0.009295378273805926,-0.44965660592773354,-0.008962495158654025,-0.6141766875352058,-0.48950589502857517,
082_190℃_280_1.0mm.csv,1.0,280,1.49166,0.300270189,1.50029,0.300318993,0.00863,1.571355654,23.66291698,1.559915,18.28275153,1.562065,5.380165459,23.60889239,190,0.008629999999999916,1271036.661,2027.8099652375633,40.0,81112.39860950253,2.9847745263754817,12166.85979142538,0.00856333333333333,0.00016540354691883176,-0.00016540354691883176,2044.110180085125,39.874332403185406,-39.874332403185406,81764.407203405,1594.9732961274124,-1594.9732961274124,1252470.4723333335,30415.374284294547,-30415.374284294547,12263.115565557859,12503.49623908967,12027.356228898763,2.9175105768403835,3.0477132711632144,2.792870328883268,23.654771996666664,0.10327700063069475,-0.10327700063069475,1.5599116666666666,0.00014002975874191094,-0.00014002975874191094,18.28235965,0.08162248555281396,-0.08162248555281396,1.5620649999999998,0.000140000000000029,-0.000140000000000029,5.372412351333334,0.02244203635960551,-0.02244203635960551,23.600531096666668,0.10327913595521344,-0.10327913595521344,0.0,0.0,0.0,0.16007142967543841,0.0,0.0,,0.0,0.0,0.0,0.0,0.0,0.0,
083_190℃_280_1.0mm.csv,1.0,280,1.4916,0.300156356,1.500285,0.300277513,0.008685,1.569282859,23.75373534,1.56005,18.36378549,1.562205,5.389949858,23.69937543,190,0.008685000000000054,1269005.3460000001,2014.9683362118471,40.0,80598.73344847388,2.9989963074857333,12089.810017271082,0.00856333333333333,0.00016540354691883176,-0.00016540354691883176,2044.110180085125,39.874332403185406,-39.874332403185406,81764.407203405,1594.9732961274124,-1594.9732961274124,1252470.4723333335,30415.374284294547,-30415.374284294547,12263.115565557859,12503.49623908967,12027.356228898763,2.9175105768403835,3.0477132711632144,2.792870328883268,23.654771996666664,0.10327700063069475,-0.10327700063069475,1.5599116666666666,0.00014002975874191094,-0.00014002975874191094,18.28235965,0.08162248555281396,-0.08162248555281396,1.5620649999999998,0.000140000000000029,-0.000140000000000029,5.372412351333334,0.02244203635960551,-0.02244203635960551,23.600531096666668,0.10327913595521344,-0.10327913595521344,0.6373117033619793,-0.633275762811027,-0.6332757628110294,0.0,-0.6332757628110383,0.47647756922937984,,0.3838003576514264,0.008654317703207947,0.4432262828001292,0.008962495158654025,0.18186055939288065,0.3832583015979376,
091_190℃_320_1.0mm.csv,1.0,320,1.491705,0.30007951,1.500065,0.300308318,0.00836,1.516205722,23.87045143,1.559985,18.50138528,1.56208,5.369066156,23.81703052,190,0.008359999999999923,1215897.404,2093.3014354067177,40.0,83732.05741626871,2.7659598088271857,12559.808612440307,0.008053333333333393,0.00027736858750274,-0.00027736858750274,2174.7118513170294,73.98684532875791,-73.98684532875791,86988.47405268117,2959.4738131503177,-2959.4738131503177,1162150.8523333333,53958.27318718176,-53958.27318718176,13043.195138619929,13497.489002716064,12604.191741877676,2.5438877692197055,2.756128388128951,2.3479911205365926,23.984653039999998,0.09894378189241249,-0.09894378189241249,1.5602533333333335,0.00023939158993873356,-0.00023939158993873356,18.620222603333332,0.1031699065618454,-0.1031699065618454,1.5623383333333332,0.00022980063823522054,-0.00022980063823522054,5.364430441333333,0.00591156786553977,-0.00591156786553977,23.93184893333333,0.09948910536420055,-0.09948910536420055,4.761904761902509,-4.545454545452497,-4.545454545452492,4.586862551818662,-4.54545454545249,9.56718933999814,,-0.7005738629947859,-0.022110707350370736,-0.9159197127207694,-0.02144116639946469,0.04871568910145761,-0.7044405354628854,
092_190℃_320_1.0mm.csv,1.0,320,1.49179,0.300000346,1.49961,0.300027933,0.00782,1.408011254,24.04464628,1.560445,18.68687297,1.56252,5.357773316,23.99251867,190,0.00782000000000016,1107983.321,2237.8516624040462,40.0,89514.06649616185,2.357667910263994,13427.109974424277,0.008053333333333393,0.00027736858750274,-0.00027736858750274,2174.7118513170294,73.98684532875791,-73.98684532875791,86988.47405268117,2959.4738131503177,-2959.4738131503177,1162150.8523333333,53958.27318718176,-53958.27318718176,13043.195138619929,13497.489002716064,12604.191741877676,2.5438877692197055,2.756128388128951,2.3479911205365926,23.984653039999998,0.09894378189241249,-0.09894378189241249,1.5602533333333335,0.00023939158993873356,-0.00023939158993873356,18.620222603333332,0.1031699065618454,-0.1031699065618454,1.5623383333333332,0.00022980063823522054,-0.00022980063823522054,5.364430441333333,0.00591156786553977,-0.00591156786553977,23.93184893333333,0.09948910536420055,-0.09948910536420055,-2.005012531327519,2.0460358056257664,2.0460358056257624,-4.695495753246492,2.0460358056257593,-6.606363006313465,,0.024064658892675013,0.007370235783461656,0.07745872300800785,0.006720365587875161,-0.16171832412444576,0.027186945092006722,
093_190℃_320_1.0mm.csv,1.0,320,1.491865,0.300103386,1.499845,0.300278522,0.00798,1.462850354,24.03886141,1.56033,18.67240956,1.562415,5.366451852,23.98599761,190,0.007980000000000098,1162571.832,2192.982456140324,40.0,87719.29824561295,2.5244416923428883,13157.894736841943,0.008053333333333393,0.00027736858750274,-0.00027736858750274,2174.7118513170294,73.98684532875791,-73.98684532875791,86988.47405268117,2959.4738131503177,-2959.4738131503177,1162150.8523333333,53958.27318718176,-53958.27318718176,13043.195138619929,13497.489002716064,12604.191741877676,2.5438877692197055,2.756128388128951,2.3479911205365926,23.984653039999998,0.09894378189241249,-0.09894378189241249,1.5602533333333335,0.00023939158993873356,-0.00023939158993873356,18.620222603333332,0.1031699065618454,-0.1031699065618454,1.5623383333333332,0.00022980063823522054,-0.00022980063823522054,5.364430441333333,0.00591156786553977,-0.00591156786553977,23.93184893333333,0.09948910536420055,-0.09948910536420055,0.0,0.0,0.0,0.0,0.0,0.0,,0.0,0.0,0.0,0.0,0.0,0.0,
082_210℃_280_1.0mm.csv,1.0,280,1.49157,0.300057271,1.499685,0.300169592,0.008115,1.427051749,23.419823,1.56149,18.36979452,1.56354,5.050028475,23.372916,210,0.008114999999999872,1126882.1570000001,2156.5003080715064,40.0,86260.01232286026,2.4883397834162873,12939.00184842904,0.008034999999999903,0.00011313708498980374,-0.00011313708498980374,2178.1873004845365,30.670038797589598,-30.670038797589598,87127.49201938146,1226.8015519035787,-1226.8015519035787,1116556.9745,14602.013125477497,-14602.013125477497,13068.476011099328,13253.794878742634,12885.748332094354,2.4410087128578204,2.508212746881318,2.375605316437591,23.47275028,0.07485047719551641,-0.07485047719551641,1.5615450000000002,7.778174593048026e-05,-7.778174593048026e-05,18.42290977,0.07511630691883919,-0.07511630691883919,1.5635925,7.424621202460287e-05,-7.424621202460287e-05,5.0498405115,0.00026582053093134945,-0.00026582053093134945,23.425908975,0.07494338395550025,-0.07494338395550025,0.0,0.0,0.0,0.0,0.0,0.0,,0.0,0.0,0.0,0.0,0.0,0.0,
083_210℃_280_1.0mm.csv,1.0,280,1.49164,0.300282343,1.499595,0.300033395,0.007955,1.406265187,23.52567756,1.5616,18.47602502,1.563645,5.049652548,23.47890195,210,0.007954999999999934,1106231.792,2199.8742928975666,40.0,87994.97171590266,2.3945779334312727,13199.245757385399,0.008034999999999903,0.00011313708498980374,-0.00011313708498980374,2178.1873004845365,30.670038797589598,-30.670038797589598,87127.49201938146,1226.8015519035787,-1226.8015519035787,1116556.9745,14602.013125477497,-14602.013125477497,13068.476011099328,13253.794878742634,12885.748332094354,2.4410087128578204,2.508212746881318,2.375605316437591,23.47275028,0.07485047719551641,-0.07485047719551641,1.5615450000000002,7.778174593048026e-05,-7.778174593048026e-05,18.42290977,0.07511630691883919,-0.07511630691883919,1.5635925,7.424621202460287e-05,-7.424621202460287e-05,5.0498405115,0.00026582053093134945,-0.00026582053093134945,23.425908975,0.07494338395550025,-0.07494338395550025,-1.971657424521756,2.0113136392198467,2.0113136392198383,-1.8325221383375068,2.0113136392198325,-3.7680485040627056,,0.45198701971401484,0.007044553599450172,0.578288994383386,0.0067155301431381185,-0.00744405703574436,0.4534562568059582,
091_210℃_320_1.0mm.csv,1.0,320,1.491625,0.300195672,1.49977,0.300177546,0.008145,1.446225279,23.39212553,1.561385,18.32188828,1.563405,5.070237249,23.34547128,210,0.008145000000000069,1146047.733,2148.5573971761637,40.0,85942.29588704655,2.5400159959959394,12891.344383056983,0.007765000000000022,0.0003520298282816915,-0.0003520298282816915,2256.759319498014,101.16752586440603,-101.16752586440603,90270.37277992057,4046.701034576245,-4046.701034576245,1077941.857,65303.35849390833,-65303.35849390833,13531.416758164156,14155.572827483355,12934.78135534258,2.273289225857264,2.5260039841310293,2.0458573845743597,23.468993806666663,0.093062303244526,-0.093062303244526,1.5614800000000002,9.260129588725886e-05,-9.260129588725886e-05,18.411300556666664,0.10129739211485841,-0.10129739211485841,1.5634916666666667,8.504900548113118e-05,-8.504900548113118e-05,5.057693249333333,0.010866972360817777,-0.010866972360817777,23.42260917,0.09329155762042322,-0.09329155762042322,5.779220779221122,-5.463474524248296,-5.463474524248296,6.915453247338209,-5.463474524248296,13.094333337606795,,-0.21444616061091992,-0.006404160142427816,-0.3741542086180221,-0.005756334366284863,0.36697067696132774,-0.21621915928533944,
092_210℃_320_1.0mm.csv,1.0,320,1.49175,0.300300396,1.49945,0.300275331,0.0077,1.372194963,23.44239685,1.561485,18.39069785,1.563495,5.051698995,23.39605804,210,0.00770000000000004,1071919.6320000002,2272.7272727272607,40.0,90909.09090909043,2.2459268480000123,13636.363636363565,0.007765000000000022,0.0003520298282816915,-0.0003520298282816915,2256.759319498014,101.16752586440603,-101.16752586440603,90270.37277992057,4046.701034576245,-4046.701034576245,1077941.857,65303.35849390833,-65303.35849390833,13531.416758164156,14155.572827483355,12934.78135534258,2.273289225857264,2.5260039841310293,2.0458573845743597,23.468993806666663,0.093062303244526,-0.093062303244526,1.5614800000000002,9.260129588725886e-05,-9.260129588725886e-05,18.411300556666664,0.10129739211485841,-0.10129739211485841,1.5634916666666667,8.504900548113118e-05,-8.504900548113118e-05,5.057693249333333,0.010866972360817777,-0.010866972360817777,23.42260917,0.09329155762042322,-0.09329155762042322,0.0,0.0,0.0,0.0,0.0,0.0,,0.0,0.0,0.0,0.0,0.0,0.0,
093_210℃_320_1.0mm.csv,1.0,320,1.491745,0.300208964,1.499195,0.300338313,0.00745,1.316196519,23.57245904,1.56157,18.52131554,1.563575,5.051143504,23.52629819,210,0.007449999999999957,1015858.2059999999,2348.993288590618,40.0,93959.73154362472,2.0593588121632527,14093.959731543708,0.007765000000000022,0.0003520298282816915,-0.0003520298282816915,2256.759319498014,101.16752586440603,-101.16752586440603,90270.37277992057,4046.701034576245,-4046.701034576245,1077941.857,65303.35849390833,-65303.35849390833,13531.416758164156,14155.572827483355,12934.78135534258,2.273289225857264,2.5260039841310293,2.0458573845743597,23.468993806666663,0.093062303244526,-0.093062303244526,1.5614800000000002,9.260129588725886e-05,-9.260129588725886e-05,18.411300556666664,0.10129739211485841,-0.10129739211485841,1.5634916666666667,8.504900548113118e-05,-8.504900548113118e-05,5.057693249333333,0.010866972360817777,-0.010866972360817777,23.42260917,0.09329155762042322,-0.09329155762042322,-3.2467532467543143,3.3557046979877296,3.3557046979877296,-5.230002728413534,3.3557046979877296,-8.306950691777768,,0.5548160916830343,0.005443536121057245,0.7102378118838004,0.00511674165890252,-0.010996122305582353,0.5566756150857916,
081_230℃_280_1.0mm.csv,1.0,280,1.49143,0.300258279,1.49932,0.300140145,0.00789,1.349531595,21.48676962,1.56079,16.83900307,1.56287,4.647766548,21.44221071,230,0.007889999999999953,1049391.45,2217.9974651457674,40.0,88719.89860583069,2.2529791946938644,13307.984790874605,0.008281666666666595,0.00034184548166286207,-0.00034184548166286207,2115.5589573849816,89.31595397103592,-89.31595397103592,84622.35829539926,3572.638158841442,-3572.638158841442,1114399.8613333332,57869.00502179107,-57869.00502179107,12685.922992579339,13226.900886656133,12167.070998166237,2.507575733342744,2.7552975836127684,2.282125929281514,21.60255773,0.14304126683440058,-0.14304126683440058,1.5609533333333332,0.0002025668613898455,-0.0002025668613898455,16.914426933333335,0.11560022937686801,-0.11560022937686801,1.5630266666666666,0.00019139836293262524,-0.00019139836293262524,4.688130792666667,0.035579767065105794,-0.035579767065105794,21.558146523333335,0.14333262843674338,-0.14333262843674338,-6.461173681090926,6.907477820025611,6.907477820025616,-7.4215239282375025,6.907477820025634,-13.403180058541276,,-0.33246430415459893,-0.006406601362056968,-0.10534894268115927,-0.006398075458901258,-1.146732277180066,-0.3328693273293314,
082_230℃_280_1.0mm.csv,1.0,280,1.491305,0.30024562,1.499825,0.300326864,0.00852,1.460619418,21.55844375,1.56089,16.85676149,1.56297,4.701682256,21.51382363,230,0.008519999999999861,1160292.554,2053.990610328672,40.0,82159.62441314688,2.689984370089752,12323.943661972033,0.008281666666666595,0.00034184548166286207,-0.00034184548166286207,2115.5589573849816,89.31595397103592,-89.31595397103592,84622.35829539926,3572.638158841442,-3572.638158841442,1114399.8613333332,57869.00502179107,-57869.00502179107,12685.922992579339,13226.900886656133,12167.070998166237,2.507575733342744,2.7552975836127684,2.282125929281514,21.60255773,0.14304126683440058,-0.14304126683440058,1.5609533333333332,0.0002025668613898455,-0.0002025668613898455,16.914426933333335,0.11560022937686801,-0.11560022937686801,1.5630266666666666,0.00019139836293262524,-0.00019139836293262524,4.688130792666667,0.035579767065105794,-0.035579767065105794,21.558146523333335,0.14333262843674338,-0.14333262843674338,1.007705986957807,-0.997652582158352,-0.9976525821583433,2.3622943056503845,-0.9976525821583374,3.3938052737557816,,0.0,0.0,0.0,0.0,0.0,0.0,
083_230℃_280_1.0mm.csv,1.0,280,1.49127,0.300135163,1.499705,0.300181739,0.008435,1.433697319,21.76245982,1.56118,17.04751624,1.56324,4.714943574,21.71840523,230,0.00843499999999997,1133515.58,2074.688796680505,40.0,82987.5518672202,2.601688140761896,12448.13278008303,0.008281666666666595,0.00034184548166286207,-0.00034184548166286207,2115.5589573849816,89.31595397103592,-89.31595397103592,84622.35829539926,3572.638158841442,-3572.638158841442,1114399.8613333332,57869.00502179107,-57869.00502179107,12685.922992579339,13226.900886656133,12167.070998166237,2.507575733342744,2.7552975836127684,2.282125929281514,21.60255773,0.14304126683440058,-0.14304126683440058,1.5609533333333332,0.0002025668613898455,-0.0002025668613898455,16.914426933333335,0.11560022937686801,-0.11560022937686801,1.5630266666666666,0.00019139836293262524,-0.00019139836293262524,4.688130792666667,0.035579767065105794,-0.035579767065105794,21.558146523333335,0.14333262843674338,-0.14333262843674338,0.0,0.0,0.0,0.0,0.0,0.0,,0.9463395056055545,0.01857914394991969,1.1316215757882209,0.017274803739034818,0.2820547471721901,0.950930915482258,
091_230℃_320_1.0mm.csv,1.0,320,1.49141,0.300281343,1.49968,0.30028178,0.00827,1.428175015,21.31052676,1.560495,16.62590496,1.56254,4.684621796,21.26617876,230,0.00827,1127893.235,2116.0822249093108,40.0,84643.28899637243,2.5381434159047624,12696.493349455865,0.00819666666666663,7.023769168570249e-05,-7.023769168570249e-05,2135.1186289589095,18.274488022369717,-18.274488022369717,85404.74515835638,730.9795208947876,-730.9795208947876,1106967.5456666667,25314.660275076625,-25314.660275076625,12810.39870586737,12920.579490414211,12701.157492590717,2.468470927530896,2.546683039557155,2.3926608162140273,21.498555526666667,0.16478923381800387,-0.16478923381800387,1.5607333333333333,0.00022418370443308102,-0.00022418370443308102,16.809834893333335,0.16154724094568967,-0.16154724094568967,1.562765,0.00020970216975519032,-0.00020970216975519032,4.688720629,0.003908984953012689,-0.003908984953012689,21.454738980000002,0.16530251652377873,-0.16530251652377873,0.9768009768019633,-0.9673518742452248,-0.9673518742452333,1.2307853433422156,-0.9673518742452388,2.219608643400305,,-1.1904939460951511,-0.017299209041719443,-1.4754000368441238,-0.016636805733294534,-0.09620601456411454,-1.1948653160297342,
092_230℃_320_1.0mm.csv,1.0,320,1.49143,0.300137334,1.49962,0.3002818,0.00819,1.41446187,21.61785585,1.56094,16.92872282,1.562955,4.689133024,21.57468433,230,0.00818999999999992,1114180.07,2136.7521367521576,40.0,85470.08547008631,2.48302987028569,12820.512820512948,0.00819666666666663,7.023769168570249e-05,-7.023769168570249e-05,2135.1186289589095,18.274488022369717,-18.274488022369717,85404.74515835638,730.9795208947876,-730.9795208947876,1106967.5456666667,25314.660275076625,-25314.660275076625,12810.39870586737,12920.579490414211,12701.157492590717,2.468470927530896,2.546683039557155,2.3926608162140273,21.498555526666667,0.16478923381800387,-0.16478923381800387,1.5607333333333333,0.00022418370443308102,-0.00022418370443308102,16.809834893333335,0.16154724094568967,-0.16154724094568967,1.562765,0.00020970216975519032,-0.00020970216975519032,4.688720629,0.003908984953012689,-0.003908984953012689,21.454738980000002,0.16530251652377873,-0.16530251652377873,0.0,0.0,0.0,0.0,0.0,0.0,,0.2344842311639635,0.011212450304820792,0.3190892610304052,0.009918095725628824,0.0,0.23848736752520908,
093_230℃_320_1.0mm.csv,1.0,320,1.49133,0.300314661,1.49946,0.300275226,0.00813,1.379104558,21.56728397,1.560765,16.8748769,1.5628,4.692407067,21.52335385,230,0.00812999999999997,1078829.3320000002,2152.5215252152598,40.0,86100.86100861039,2.386634685485707,12915.129151291558,0.00819666666666663,7.023769168570249e-05,-7.023769168570249e-05,2135.1186289589095,18.274488022369717,-18.274488022369717,85404.74515835638,730.9795208947876,-730.9795208947876,1106967.5456666667,25314.660275076625,-25314.660275076625,12810.39870586737,12920.579490414211,12701.157492590717,2.468470927530896,2.546683039557155,2.3926608162140273,21.498555526666667,0.16478923381800387,-0.16478923381800387,1.5607333333333333,0.00022418370443308102,-0.00022418370443308102,16.809834893333335,0.16154724094568967,-0.16154724094568967,1.562765,0.00020970216975519032,-0.00020970216975519032,4.688720629,0.003908984953012689,-0.003908984953012689,21.454738980000002,0.16530251652377873,-0.16530251652377873,-0.7326007326001168,0.7380073800731726,0.7380073800731597,-3.1728029383975516,0.7380073800731511,-3.8821596934269733,,0.0,0.0,0.0,0.0,0.069821926212009,0.0,
001_190℃_003_1.5mm.csv,1.5,3,1.01058,0.300005901,1.98039,0.300007253,0.96981,3.120485323,12.65942826,3.55537,5.642137703,3.55537,7.017290556,12.65942826,190,0.9698100000000001,2820478.07,18.044771656303812,60.0,1082.6862993782288,1674.6905124898162,72.17908662521525,0.9554166666666667,0.01327289091845978,-0.01327289091845978,18.318963541882834,0.2535022898723405,-0.2535022898723405,1099.1378125129702,15.210137392340442,-15.210137392340442,2753062.8746666666,66329.29008015078,-66329.29008015078,73.27116460469934,74.29418993390588,72.26222625625306,1609.9866036881401,1672.098897626767,1550.1815519011552,12.629986313333333,0.15164549376096523,-0.15164549376096523,3.5784233333333333,0.024876047381634576,-0.024876047381634576,5.829998735333334,0.16298456578255638,-0.16298456578255638,3.5784233333333333,0.024876047381634576,-0.024876047381634576,6.799987577333333,0.23439409624180657,-0.23439409624180657,12.629986313333333,0.15164549376096523,-0.15164549376096523,1.7874010789479315,-1.7560140646106066,-1.7560140646106024,2.531709312752846,-1.7560140646106066,4.364362191272748,,0.0,-0.5521508429111297,-4.599752484163843,-0.5521508429111297,2.7261039809288077,0.0,
002_190℃_003_1.5mm.csv,1.5,3,1.01065,0.300012844,1.96343,0.300001786,0.95278,3.050836712,12.76475191,3.57511,5.933683383,3.57511,6.831068525,12.76475191,190,0.95278,2750834.926,18.367304099582277,60.0,1102.0382459749367,1604.6574494658855,73.46921639832911,0.9554166666666667,0.01327289091845978,-0.01327289091845978,18.318963541882834,0.2535022898723405,-0.2535022898723405,1099.1378125129702,15.210137392340442,-15.210137392340442,2753062.8746666666,66329.29008015078,-66329.29008015078,73.27116460469934,74.29418993390588,72.26222625625306,1609.9866036881401,1672.098897626767,1550.1815519011552,12.629986313333333,0.15164549376096523,-0.15164549376096523,3.5784233333333333,0.024876047381634576,-0.024876047381634576,5.829998735333334,0.16298456578255638,-0.16298456578255638,3.5784233333333333,0.024876047381634576,-0.024876047381634576,6.799987577333333,0.23439409624180657,-0.23439409624180657,12.629986313333333,0.15164549376096523,-0.15164549376096523,0.0,0.0,0.0,0.0,0.0,0.0,,0.8319779364190575,0.0,0.3298560256362452,0.0,0.0,0.8319779364190575,
003_190℃_003_1.5mm.csv,1.5,3,1.00866,0.300004161,1.95232,0.300007344,0.94366,2.987882972,12.46577877,3.60479,5.91417512,3.60479,6.551603651,12.46577877,190,0.9436600000000002,2687875.628,18.544814869762412,60.0,1112.6888921857446,1552.922886807233,74.17925947904965,0.9554166666666667,0.01327289091845978,-0.01327289091845978,18.318963541882834,0.2535022898723405,-0.2535022898723405,1099.1378125129702,15.210137392340442,-15.210137392340442,2753062.8746666666,66329.29008015078,-66329.29008015078,73.27116460469934,74.29418993390588,72.26222625625306,1609.9866036881401,1672.098897626767,1550.1815519011552,12.629986313333333,0.15164549376096523,-0.15164549376096523,3.5784233333333333,0.024876047381634576,-0.024876047381634576,5.829998735333334,0.16298456578255638,-0.16298456578255638,3.5784233333333333,0.024876047381634576,-0.024876047381634576,6.799987577333333,0.23439409624180657,-0.23439409624180657,12.629986313333333,0.15164549376096523,-0.15164549376096523,-0.9571989336467804,0.9664497806413064,0.9664497806412962,-2.2887341368589253,0.9664497806413064,-3.224025331753672,,-1.5296859070000395,0.8301842460791397,0.0,0.8301842460791397,-4.091085793931489,-1.5296859070000395,
011_190℃_005_1.5mm.csv,1.5,5,1.19043,0.300003341,1.69234,0.300027108,0.50191,2.428903051,29.83244495,4.23474,22.03131621,4.23795,7.801128737,29.81579471,190,0.5019099999999999,2128875.9429999995,34.866808790420606,60.0,2092.0085274252365,654.1861987047731,139.46723516168245,0.5087433333333333,0.0059188625033307464,-0.0059188625033307464,34.40161043724419,0.40294042666636876,-0.40294042666636876,2064.0966262346515,24.176425599982082,-24.176425599982082,2155294.1293333336,22982.79536992355,-22982.79536992355,137.60017702400668,139.21590969355162,136.00319646451283,671.2653675545123,686.4258809053919,656.4396917606886,29.458494303333335,0.33215918072636447,-0.33215918072636447,4.230543333333333,0.006806543420366674,-0.006806543420366674,21.77147798,0.22809972644429066,-0.22809972644429066,4.23363,0.0068767506861889234,-0.0068767506861889234,7.687016326333333,0.10535276391356584,-0.10535276391356584,29.443204836666666,0.3310022143172096,-0.3310022143172096,-1.9802753637340607,2.0202825207707242,2.020282520770731,-1.7284430693057988,2.0202825207707447,-3.7158585529413917,,1.65988536134427,0.012753294601104928,1.6257318080685776,0.016756190350316866,1.7564630207033978,1.653878637058881,
012_190℃_005_1.5mm.csv,1.5,5,1.18782,0.300021518,1.70009,0.300012528,0.51227,2.466332071,29.34534585,4.22269,21.67887583,4.2257,7.666470026,29.33070052,190,0.51227,2166319.543,34.161672555488316,60.0,2049.700353329299,679.4329667097612,136.64669022195326,0.5087433333333333,0.0059188625033307464,-0.0059188625033307464,34.40161043724419,0.40294042666636876,-0.40294042666636876,2064.0966262346515,24.176425599982082,-24.176425599982082,2155294.1293333336,22982.79536992355,-22982.79536992355,137.60017702400668,139.21590969355162,136.00319646451283,671.2653675545123,686.4258809053919,656.4396917606886,29.458494303333335,0.33215918072636447,-0.33215918072636447,4.230543333333333,0.006806543420366674,-0.006806543420366674,21.77147798,0.22809972644429066,-0.22809972644429066,4.23363,0.0068767506861889234,-0.0068767506861889234,7.687016326333333,0.10535276391356584,-0.10535276391356584,29.443204836666666,0.3310022143172096,-0.3310022143172096,0.04296455424272764,-0.04294610264115737,-0.04294610264114905,0.0,-0.04294610264115737,0.0,,0.0,-0.27183411270134505,0.0,-0.2723470938629888,0.0,0.0,
013_190℃_005_1.5mm.csv,1.5,5,1.18834,0.30000829,1.70039,0.300012511,0.51205,2.470699413,29.19769211,4.2342,21.6042419,4.23724,7.593450216,29.18311928,190,0.5120500000000001,2170686.9020000002,34.17634996582364,60.0,2050.5809979494184,680.5103437770002,136.70539986329456,0.5087433333333333,0.0059188625033307464,-0.0059188625033307464,34.40161043724419,0.40294042666636876,-0.40294042666636876,2064.0966262346515,24.176425599982082,-24.176425599982082,2155294.1293333336,22982.79536992355,-22982.79536992355,137.60017702400668,139.21590969355162,136.00319646451283,671.2653675545123,686.4258809053919,656.4396917606886,29.458494303333335,0.33215918072636447,-0.33215918072636447,4.230543333333333,0.006806543420366674,-0.006806543420366674,21.77147798,0.22809972644429066,-0.22809972644429066,4.23363,0.0068767506861889234,-0.0068767506861889234,7.687016326333333,0.10535276391356584,-0.10535276391356584,29.443204836666666,0.3310022143172096,-0.3310022143172096,0.0,0.0,0.0,0.20160271434158275,0.0,0.15857003119179594,,-0.5031589702664985,0.0,-0.34427029604882153,0.0,-0.9524567337035319,-0.5031630250336787,
101_190℃_280_1.5mm.csv,1.5,280,1.4897,0.300002927,1.49965,0.300157114,0.00995,1.435751155,13.15904235,1.561305,10.2945406,1.56349,2.864501749,13.13230465,190,0.009949999999999903,1135594.041,1758.7939698492632,60.0,105527.6381909558,6.917853494663198,7035.175879397053,0.009793333333333246,0.0002670362022897064,-0.0002670362022897064,1787.8302167667534,49.52843637955979,-49.52843637955979,107269.8130060052,2971.706182773591,-2971.706182773591,1117832.8753333332,31775.46570148786,-31775.46570148786,7149.510454274392,7348.766434246316,6955.6571423434,6.698930713180721,7.085837475249615,6.33315015433869,13.147283863333334,0.019286441797263375,-0.019286441797263375,1.5612599999999999,7.794228634056525e-05,-7.794228634056525e-05,10.293422583333333,0.0032338349734380182,-0.0032338349734380182,1.5634383333333333,7.686568371742903e-05,-7.686568371742903e-05,2.8538612753333332,0.016175017699633965,-0.016175017699633965,13.12083146,0.01926040476528719,-0.01926040476528719,0.05027652086508619,-0.050251256281744414,-0.050251256281748716,0.0,-0.05025125628175733,0.0,,0.00956673281899156,0.0,0.0,0.0009594013335741389,0.09320025280343053,0.005408025663154409,
102_190℃_280_1.5mm.csv,1.5,280,1.48971,0.300113251,1.499655,0.300079742,0.009945,1.436836458,13.15778358,1.561305,10.29594906,1.563475,2.861834512,13.13159449,190,0.00994499999999987,1136756.7159999998,1759.6782302664885,60.0,105580.69381598932,6.921456453440726,7038.712921065955,0.009793333333333246,0.0002670362022897064,-0.0002670362022897064,1787.8302167667534,49.52843637955979,-49.52843637955979,107269.8130060052,2971.706182773591,-2971.706182773591,1117832.8753333332,31775.46570148786,-31775.46570148786,7149.510454274392,7348.766434246316,6955.6571423434,6.698930713180721,7.085837475249615,6.33315015433869,13.147283863333334,0.019286441797263375,-0.019286441797263375,1.5612599999999999,7.794228634056525e-05,-7.794228634056525e-05,10.293422583333333,0.0032338349734380182,-0.0032338349734380182,1.5634383333333333,7.686568371742903e-05,-7.686568371742903e-05,2.8538612753333332,0.016175017699633965,-0.016175017699633965,13.12083146,0.01926040476528719,-0.01926040476528719,0.0,0.0,0.0,0.10238473944227168,0.0,0.05208203354273101,,0.0,0.0,0.013681620722350534,0.0,0.0,0.0,
103_190℃_280_1.5mm.csv,1.5,280,1.48987,0.300208886,1.499355,0.300130741,0.009485,1.38127861,13.12502566,1.56117,10.28977809,1.56335,2.835247565,13.09859524,190,0.009484999999999966,1081147.869,1845.0184501845085,60.0,110701.10701107052,6.278380124978549,7380.073800738034,0.009793333333333246,0.0002670362022897064,-0.0002670362022897064,1787.8302167667534,49.52843637955979,-49.52843637955979,107269.8130060052,2971.706182773591,-2971.706182773591,1117832.8753333332,31775.46570148786,-31775.46570148786,7149.510454274392,7348.766434246316,6955.6571423434,6.698930713180721,7.085837475249615,6.33315015433869,13.147283863333334,0.019286441797263375,-0.019286441797263375,1.5612599999999999,7.794228634056525e-05,-7.794228634056525e-05,10.293422583333333,0.0032338349734380182,-0.0032338349734380182,1.5634383333333333,7.686568371742903e-05,-7.686568371742903e-05,2.8538612753333332,0.016175017699633965,-0.016175017699633965,13.12083146,0.01926040476528719,-0.01926040476528719,-4.625439919556671,4.849762783341132,4.849762783341131,-4.794510188874796,4.849762783341117,-9.243811974017282,,-0.2489622952135521,-0.008646612929568294,-0.04626248207714149,-0.007995011113061015,-0.9290176244824108,-0.2512965963511076,
111_190℃_320_1.5mm.csv,1.5,320,1.4902,0.300225363,1.49907,0.300163853,0.00887,1.326413449,13.08901263,1.56035,10.25687482,1.562435,2.832137812,13.06339513,190,0.008869999999999933,1026249.596,1972.9425028185042,60.0,118376.55016911025,5.573163622359141,7891.770011274018,0.008998333333333367,0.00020942381271806576,-0.00020942381271806576,1945.497867292951,44.68199507899932,-44.68199507899932,116729.87203757705,2680.919704739968,-2680.919704739968,1031018.5129999999,29519.25323251173,-29519.25323251173,7780.610930320546,7962.612589357674,7602.769288303025,5.67750853389325,5.971606302658881,5.397894891041013,13.115396539999999,0.02670175159463653,-0.02670175159463653,1.5603783333333332,6.714412359483847e-05,-6.714412359483847e-05,10.27116856,0.012587175575148185,-0.012587175575148185,1.5624733333333334,6.639528095685734e-05,-6.639528095685734e-05,2.844227981,0.015578732670596994,-0.015578732670596994,13.089598906666666,0.026640466551726593,-0.026640466551726593,-0.16882386044004744,0.1691093573855614,0.16910935738556676,0.0,0.16910935738556138,0.0,,-0.19641355834127266,0.0,-0.1864478018974535,0.0,-0.23248901488363374,-0.19368455909092488,
112_190℃_320_1.5mm.csv,1.5,320,1.49006,0.300246582,1.498945,0.300197634,0.008885,1.304371692,13.11477182,1.56033,10.27603426,1.562435,2.838737565,13.08874601,190,0.008885000000000032,1004174.0579999998,1969.6117051209833,60.0,118176.702307259,5.462501942038795,7878.446820483934,0.008998333333333367,0.00020942381271806576,-0.00020942381271806576,1945.497867292951,44.68199507899932,-44.68199507899932,116729.87203757705,2680.919704739968,-2680.919704739968,1031018.5129999999,29519.25323251173,-29519.25323251173,7780.610930320546,7962.612589357674,7602.769288303025,5.67750853389325,5.971606302658881,5.397894891041013,13.115396539999999,0.02670175159463653,-0.02670175159463653,1.5603783333333332,6.714412359483847e-05,-6.714412359483847e-05,10.27116856,0.012587175575148185,-0.012587175575148185,1.5624733333333334,6.639528095685734e-05,-6.639528095685734e-05,2.844227981,0.015578732670596994,-0.015578732670596994,13.089598906666666,0.026640466551726593,-0.026640466551726593,0.0,0.0,0.0,-2.1510885934614463,0.0,-1.985616928173063,,0.0,-0.0012817637068548069,0.0,0.0,0.0,0.0,
113_190℃_320_1.5mm.csv,1.5,320,1.49003,0.30011451,1.49927,0.300314739,0.00924,1.362946624,13.14240517,1.560455,10.2805966,1.56255,2.861808566,13.11665558,190,0.009240000000000137,1062631.885,1893.9393939393658,60.0,113636.36363636194,6.011460378000089,7575.757575757462,0.008998333333333367,0.00020942381271806576,-0.00020942381271806576,1945.497867292951,44.68199507899932,-44.68199507899932,116729.87203757705,2680.919704739968,-2680.919704739968,1031018.5129999999,29519.25323251173,-29519.25323251173,7780.610930320546,7962.612589357674,7602.769288303025,5.67750853389325,5.971606302658881,5.397894891041013,13.115396539999999,0.02670175159463653,-0.02670175159463653,1.5603783333333332,6.714412359483847e-05,-6.714412359483847e-05,10.27116856,0.012587175575148185,-0.012587175575148185,1.5624733333333334,6.639528095685734e-05,-6.639528095685734e-05,2.844227981,0.015578732670596994,-0.015578732670596994,13.089598906666666,0.026640466551726593,-0.026640466551726593,3.9954980303894647,-3.841991341992422,-3.8419913419924225,3.5451696294748154,-3.8419913419924443,7.864415713232097,,0.21070400903094277,0.006729259461019755,0.04439786677006896,0.007360306188743036,0.8127204601246725,0.21323333785128795,
001_210℃_003_1.5mm.csv,1.5,3,0.99557,0.300001039,1.89564,0.300003696,0.90007,2.724540936,10.74481831,3.59189,6.005703522,3.59189,4.739114785,10.74481831,210,0.90007,2424537.2399999998,19.44293221638317,60.0,1166.5759329829903,1336.0734083306936,77.77172886553268,0.8894666666666667,0.024937265955459753,-0.024937265955459753,19.68518069635603,0.5601418712685461,-0.5601418712685461,1181.110841781362,33.60851227611277,-33.60851227611277,2392356.8836666667,70265.79859509408,-70265.79859509408,78.71967798888072,80.97515328525792,76.5270265169259,1302.0858165296072,1379.641827858498,1228.8895852333237,10.661947123333332,0.11364324141867936,-0.11364324141867936,3.5904233333333333,0.017984908488322297,-0.017984908488322297,6.009922655,0.12174844235187321,-0.12174844235187321,3.5904233333333333,0.017984908488322297,-0.017984908488322297,4.652024465,0.08255990789489527,-0.08255990789489527,10.661947123333332,0.11364324141867936,-0.11364324141867936,0.0,0.0,0.0,0.0,0.0,0.0,,0.3379786715184515,0.0,0.0,0.0,2.0907918474419938,0.3379786715184515,
002_210℃_003_1.5mm.csv,1.5,3,0.99402,0.300000228,1.90137,0.300008804,0.90735,2.74077823,10.53239762,3.57175,5.890338621,3.57175,4.642058994,10.53239762,210,0.90735,2440769.426,19.2869344795283,60.0,1157.2160687716978,1355.8972277639386,77.14773791811318,0.8894666666666667,0.024937265955459753,-0.024937265955459753,19.68518069635603,0.5601418712685461,-0.5601418712685461,1181.110841781362,33.60851227611277,-33.60851227611277,2392356.8836666667,70265.79859509408,-70265.79859509408,78.71967798888072,80.97515328525792,76.5270265169259,1302.0858165296072,1379.641827858498,1228.8895852333237,10.661947123333332,0.11364324141867936,-0.11364324141867936,3.5904233333333333,0.017984908488322297,-0.017984908488322297,6.009922655,0.12174844235187321,-0.12174844235187321,3.5904233333333333,0.017984908488322297,-0.017984908488322297,4.652024465,0.08255990789489527,-0.08255990789489527,10.661947123333332,0.11364324141867936,-0.11364324141867936,0.8088259802015347,-0.8023364743483669,-0.8023364743483814,0.669496254056309,-0.8023364743483851,1.4837372938971338,,-1.6456623773741883,-0.5607075940521453,-1.9209223461897094,-0.5607075940521453,0.0,-1.6456623773741883,
003_210℃_003_1.5mm.csv,1.5,3,1.00078,0.300007235,1.86176,0.300010287,0.86098,2.611774272,10.70862544,3.60763,6.133725822,3.60763,4.574899616,10.70862544,210,0.8609800000000001,2311763.985,20.325675393156633,60.0,1219.540523589398,1218.6015647787551,81.30270157262653,0.8894666666666667,0.024937265955459753,-0.024937265955459753,19.68518069635603,0.5601418712685461,-0.5601418712685461,1181.110841781362,33.60851227611277,-33.60851227611277,2392356.8836666667,70265.79859509408,-70265.79859509408,78.71967798888072,80.97515328525792,76.5270265169259,1302.0858165296072,1379.641827858498,1228.8895852333237,10.661947123333332,0.11364324141867936,-0.11364324141867936,3.5904233333333333,0.017984908488322297,-0.017984908488322297,6.009922655,0.12174844235187321,-0.12174844235187321,3.5904233333333333,0.017984908488322297,-0.017984908488322297,4.652024465,0.08255990789489527,-0.08255990789489527,10.661947123333332,0.11364324141867936,-0.11364324141867936,-4.342995544790956,4.54017514924852,4.540175149248511,-4.6513311133962985,4.54017514924852,-8.792319555158967,,0.0,0.43820941064453783,2.131678653983339,0.43820941064453783,-1.4467583907659485,0.0,
011_210℃_005_1.5mm.csv,1.5,5,1.1685,0.300009631,1.66778,0.300013799,0.49928,2.25006268,23.28631041,4.16932,18.14644309,4.17159,5.139867313,23.27976255,210,0.49927999999999995,1950048.881,35.05047268066016,60.0,2103.0283608396094,596.094125697355,140.20189072264063,0.5055233333333333,0.005406906077724465,-0.005406906077724465,34.620247721621645,0.3725871253426641,-0.3725871253426641,2077.214863297299,22.35522752055975,-22.35522752055975,1972071.7876666666,19185.01872974605,-19185.01872974605,138.47566639324617,139.96938365918498,136.9978896938244,610.3215728613915,622.9327635216749,597.9656940729237,23.289169543333333,0.10639765554517137,-0.10639765554517137,4.1768,0.007113817540533541,-0.007113817540533541,18.154483833333334,0.08754328412371609,-0.08754328412371609,4.1790899999999995,0.007142016521963471,-0.007142016521963471,5.134685708666667,0.019622929719798836,-0.019622929719798836,23.282544516666665,0.10618872459273852,-0.10618872459273852,-1.838271435031353,1.8726966832238356,1.8726966832238245,-1.562772262817211,1.8726966832238356,-3.3780146569012413,,0.0,-0.19819992340099737,0.0,-0.19809228516676508,0.0,0.0,
012_210℃_005_1.5mm.csv,1.5,5,1.16653,0.300023322,1.67516,0.300012227,0.50863,2.285171192,23.39696795,4.18348,18.2457701,4.18581,5.151197854,23.39009689,210,0.5086299999999999,1985158.9649999999,34.40614985352811,60.0,2064.368991211687,618.1906557354794,137.62459941411245,0.5055233333333333,0.005406906077724465,-0.005406906077724465,34.620247721621645,0.3725871253426641,-0.3725871253426641,2077.214863297299,22.35522752055975,-22.35522752055975,1972071.7876666666,19185.01872974605,-19185.01872974605,138.47566639324617,139.96938365918498,136.9978896938244,610.3215728613915,622.9327635216749,597.9656940729237,23.289169543333333,0.10639765554517137,-0.10639765554517137,4.1768,0.007113817540533541,-0.007113817540533541,18.154483833333334,0.08754328412371609,-0.08754328412371609,4.1790899999999995,0.007142016521963471,-0.007142016521963471,5.134685708666667,0.019622929719798836,-0.019622929719798836,23.282544516666665,0.10618872459273852,-0.10618872459273852,0.0,0.0,0.0,0.2095624556885444,0.0,0.20365224675981813,,0.4752042640146264,0.14075067024129476,0.5473635219165127,0.14210968283702208,0.2204442315338115,0.4739495936138655,
013_210℃_005_1.5mm.csv,1.5,5,1.16508,0.300021841,1.67374,0.300023119,0.50866,2.281030636,23.18423027,4.1776,18.07123831,4.17987,5.112991959,23.17777411,210,0.5086600000000001,1981007.517,34.40412063067667,60.0,2064.2472378406005,616.9342552636041,137.61648252270672,0.5055233333333333,0.005406906077724465,-0.005406906077724465,34.620247721621645,0.3725871253426641,-0.3725871253426641,2077.214863297299,22.35522752055975,-22.35522752055975,1972071.7876666666,19185.01872974605,-19185.01872974605,138.47566639324617,139.96938365918498,136.9978896938244,610.3215728613915,622.9327635216749,597.9656940729237,23.289169543333333,0.10639765554517137,-0.10639765554517137,4.1768,0.007113817540533541,-0.007113817540533541,18.154483833333334,0.08754328412371609,-0.08754328412371609,4.1790899999999995,0.007142016521963471,-0.007142016521963471,5.134685708666667,0.019622929719798836,-0.019622929719798836,23.282544516666665,0.10618872459273852,-0.10618872459273852,0.005898197117786316,-0.00589784925101874,-0.005897849251020115,0.0,-0.005897849250998087,0.0,,-0.4383697468713688,0.0,-0.4144326225641805,0.0,-0.5228803072800163,-0.4380991420378534,
101_210℃_280_1.5mm.csv,1.5,280,1.489595,0.300003077,1.499205,0.300145381,0.00961,1.359692376,11.88858785,1.56035,9.291225275,1.562505,2.597362571,11.86492479,210,0.009609999999999896,1059546.9949999999,1821.0197710718198,60.0,109261.18626430919,6.234028544050953,7284.079084287278,0.00974500000000004,0.0001375681649220987,-0.0001375681649220987,1796.031160040721,25.3372341573219,-25.3372341573219,107761.86960244324,1520.2340494393086,-1520.2340494393086,1068645.4996666666,8617.76081105873,-8617.76081105873,7183.64783910764,7285.745241105218,7082.981159589328,6.375326308885567,6.518017856407181,6.235758545032956,11.931509463333333,0.04275941357600378,-0.04275941357600378,1.5605200000000001,0.00015716233645513542,-0.00015716233645513542,9.324664509,0.03273515621212831,-0.03273515621212831,1.562685,0.00016703293088485334,-0.00016703293088485334,2.606844955666667,0.010095236994908621,-0.010095236994908621,11.907584273333333,0.042547168289634445,-0.042547168289634445,-1.334702258728793,1.3527575442267097,1.352757544226713,-0.9496035323108678,1.352757544226697,-2.271631411244937,,-0.36245788978859106,-0.012815994360975297,-0.3741751780297809,-0.013438150910437508,-0.3205208103487568,-0.36014187932360897,
102_210℃_280_1.5mm.csv,1.5,280,1.48952,0.300182902,1.49926,0.300048924,0.00974,1.369753875,11.93183573,1.56055,9.326121306,1.562715,2.605714428,11.9078098,210,0.009740000000000082,1069704.9510000001,1796.7145790554264,60.0,107802.87474332558,6.378934422085769,7186.8583162217055,0.00974500000000004,0.0001375681649220987,-0.0001375681649220987,1796.031160040721,25.3372341573219,-25.3372341573219,107761.86960244324,1520.2340494393086,-1520.2340494393086,1068645.4996666666,8617.76081105873,-8617.76081105873,7183.64783910764,7285.745241105218,7082.981159589328,6.375326308885567,6.518017856407181,6.235758545032956,11.931509463333333,0.04275941357600378,-0.04275941357600378,1.5605200000000001,0.00015716233645513542,-0.00015716233645513542,9.324664509,0.03273515621212831,-0.03273515621212831,1.562685,0.00016703293088485334,-0.00016703293088485334,2.606844955666667,0.010095236994908621,-0.010095236994908621,11.907584273333333,0.042547168289634445,-0.042547168289634445,0.0,0.0,0.0,0.0,0.0,0.0,,0.0,0.0,0.0,0.0,0.0,0.0,
103_210℃_280_1.5mm.csv,1.5,280,1.489415,0.300101482,1.4993,0.300297008,0.009885,1.376981561,11.97410481,1.56066,9.356646946,1.562835,2.617457868,11.95001823,210,0.009885000000000144,1076684.553,1770.3591299949162,60.0,106221.54779969498,6.5161388610643804,7081.436519979665,0.00974500000000004,0.0001375681649220987,-0.0001375681649220987,1796.031160040721,25.3372341573219,-25.3372341573219,107761.86960244324,1520.2340494393086,-1520.2340494393086,1068645.4996666666,8617.76081105873,-8617.76081105873,7183.64783910764,7285.745241105218,7082.981159589328,6.375326308885567,6.518017856407181,6.235758545032956,11.931509463333333,0.04275941357600378,-0.04275941357600378,1.5605200000000001,0.00015716233645513542,-0.00015716233645513542,9.324664509,0.03273515621212831,-0.03273515621212831,1.562685,0.00016703293088485334,-0.00016703293088485334,2.606844955666667,0.010095236994908621,-0.010095236994908621,11.907584273333333,0.042547168289634445,-0.042547168289634445,1.4887063655037014,-1.466868993424979,-1.466868993424969,0.652479171333662,-1.466868993424979,2.1508990357945796,,0.3542546256627061,0.007048796898518628,0.32731334923084976,0.00767894337738474,0.4506802385483666,0.35446006200064384,
111_210℃_320_1.5mm.csv,1.5,320,1.489725,0.300041931,1.499205,0.300202678,0.00948,1.357495385,11.92236969,1.559915,9.301104599,1.562025,2.621265093,11.89863756,210,0.009479999999999933,1057292.707,1845.9915611814477,60.0,110759.49367088686,6.136613181036691,7383.9662447257915,0.009189999999999957,0.0002529327973988105,-0.0002529327973988105,1905.1917709266788,51.66893979836867,-51.66893979836867,114311.50625560072,3100.136387902119,-3100.136387902119,1014849.02,40280.78507091326,-40280.78507091326,7618.8801048097985,7829.933560630995,7413.515530109897,5.705665696195473,6.095697582183439,5.340589915728877,11.911065283333334,0.03337707358780299,-0.03337707358780299,1.5598533333333335,0.00011557825631719782,-0.00011557825631719782,9.310049628,0.031581951079021925,-0.031581951079021925,1.5619616666666667,0.00010969655114597836,-0.00010969655114597836,2.6010156546666665,0.01758404983485072,-0.01758404983485072,11.887427176666668,0.033493287462359925,-0.033493287462359925,4.462809917355274,-4.272151898734089,-4.272151898734081,4.671806503945804,-4.272151898734077,9.343110265278806,,0.0,0.0,0.0,0.0,1.1219217121648988,0.0,
112_210℃_320_1.5mm.csv,1.5,320,1.48986,0.300207328,1.498935,0.300179636,0.009075,1.310282301,11.87350404,1.55972,9.283904999,1.561835,2.58959904,11.84976663,210,0.009074999999999944,1010102.665,1928.3746556473948,60.0,115702.47933884368,5.612254092780579,7713.498622589579,0.009189999999999957,0.0002529327973988105,-0.0002529327973988105,1905.1917709266788,51.66893979836867,-51.66893979836867,114311.50625560072,3100.136387902119,-3100.136387902119,1014849.02,40280.78507091326,-40280.78507091326,7618.8801048097985,7829.933560630995,7413.515530109897,5.705665696195473,6.095697582183439,5.340589915728877,11.911065283333334,0.03337707358780299,-0.03337707358780299,1.5598533333333335,0.00011557825631719782,-0.00011557825631719782,9.310049628,0.031581951079021925,-0.031581951079021925,1.5619616666666667,0.00010969655114597836,-0.00010969655114597836,2.6010156546666665,0.01758404983485072,-0.01758404983485072,11.887427176666668,0.033493287462359925,-0.033493287462359925,0.0,0.0,0.0,0.0,0.0,0.0,,-0.4098652471830854,-0.01250068112685276,-0.1849199717832315,-0.012163697764114688,-0.09967626392322819,-0.41072710849089555,
113_210℃_320_1.5mm.csv,1.5,320,1.489725,0.300192757,1.49874,0.300176026,0.009015,1.277327714,11.93732212,1.559925,9.345139286,1.562025,2.592182831,11.91387734,210,0.009014999999999995,977151.688,1941.2090959511934,60.0,116472.54575707161,5.3932790616244874,7764.836383804774,0.009189999999999957,0.0002529327973988105,-0.0002529327973988105,1905.1917709266788,51.66893979836867,-51.66893979836867,114311.50625560072,3100.136387902119,-3100.136387902119,1014849.02,40280.78507091326,-40280.78507091326,7618.8801048097985,7829.933560630995,7413.515530109897,5.705665696195473,6.095697582183439,5.340589915728877,11.911065283333334,0.03337707358780299,-0.03337707358780299,1.5598533333333335,0.00011557825631719782,-0.00011557825631719782,9.310049628,0.031581951079021925,-0.031581951079021925,1.5619616666666667,0.00010969655114597836,-0.00010969655114597836,2.6010156546666665,0.01758404983485072,-0.01758404983485072,11.887427176666668,0.033493287462359925,-0.033493287462359925,-0.6611570247928303,0.665557404325552,0.665557404325563,-3.2621413784706794,0.6655574043255637,-3.90173052638108,,0.1254149165709962,0.0006410605706122137,0.4734350262519815,0.0,0.0,0.12808004213216578,
001_230℃_003_1.5mm.csv,1.5,3,0.97017,0.300010257,1.83958,0.300005846,0.86941,2.459121915,8.820509162,3.49231,5.311766124,3.49231,3.508743038,8.820509162,230,0.86941,2159116.069,20.12859295384226,60.0,1207.7155772305357,1149.2798580914023,80.51437181536905,0.8647466666666667,0.00429607184918196,-0.00429607184918196,20.237473254405685,0.10039615242795721,-0.10039615242795721,1214.2483952643413,6.023769145677436,-6.023769145677436,2139803.856,17032.843267876182,-17032.843267876182,80.94922830862863,81.35209786644623,80.54835383003912,1132.8575890319032,1147.0675310287413,1118.8236806565317,8.881487620666666,0.07816090369704344,-0.07816090369704344,3.512283333333333,0.02534148640733865,-0.02534148640733865,5.392563086333333,0.08976019315114328,-0.08976019315114328,3.512283333333333,0.02534148640733865,-0.02534148640733865,3.4889245343333335,0.017220464749069558,-0.017220464749069558,8.881487620666666,0.07816090369704344,-0.07816090369704344,0.6401352039635175,-0.6360635373414149,-0.6360635373414079,1.206725622154145,-0.6360635373414149,2.1634043580530995,,-0.3822439163577653,-0.326507313592589,-1.2084388672093593,-0.326507313592589,0.813871373543979,-0.3822439163577653,
002_230℃_003_1.5mm.csv,1.5,3,0.97283,0.300007905,1.83378,0.300008281,0.86095,2.433380402,8.854354393,3.50375,5.376740749,3.50375,3.477613644,8.854354393,230,0.86095,2133372.121,20.326383645972474,60.0,1219.5830187583483,1124.5265679030306,81.3055345838899,0.8647466666666667,0.00429607184918196,-0.00429607184918196,20.237473254405685,0.10039615242795721,-0.10039615242795721,1214.2483952643413,6.023769145677436,-6.023769145677436,2139803.856,17032.843267876182,-17032.843267876182,80.94922830862863,81.35209786644623,80.54835383003912,1132.8575890319032,1147.0675310287413,1118.8236806565317,8.881487620666666,0.07816090369704344,-0.07816090369704344,3.512283333333333,0.02534148640733865,-0.02534148640733865,5.392563086333333,0.08976019315114328,-0.08976019315114328,3.512283333333333,0.02534148640733865,-0.02534148640733865,3.4889245343333335,0.017220464749069558,-0.017220464749069558,8.881487620666666,0.07816090369704344,-0.07816090369704344,-0.3391674769643918,0.34032173761542905,0.3403217376154267,0.0,0.34032173761542905,-0.03699998811418856,,0.0,0.0,0.0,0.0,-0.08054428718255222,0.0,
003_230℃_003_1.5mm.csv,1.5,3,0.96946,0.300002612,1.83334,0.300006673,0.86388,2.426930051,8.969599307,3.54079,5.489182386,3.54079,3.480416921,8.969599307,230,0.86388,2126923.378,20.257443163402325,60.0,1215.4465898041394,1124.9427966040655,81.0297726536093,0.8647466666666667,0.00429607184918196,-0.00429607184918196,20.237473254405685,0.10039615242795721,-0.10039615242795721,1214.2483952643413,6.023769145677436,-6.023769145677436,2139803.856,17032.843267876182,-17032.843267876182,80.94922830862863,81.35209786644623,80.54835383003912,1132.8575890319032,1147.0675310287413,1118.8236806565317,8.881487620666666,0.07816090369704344,-0.07816090369704344,3.512283333333333,0.02534148640733865,-0.02534148640733865,5.392563086333333,0.08976019315114328,-0.08976019315114328,3.512283333333333,0.02534148640733865,-0.02534148640733865,3.4889245343333335,0.017220464749069558,-0.017220464749069558,8.881487620666666,0.07816090369704344,-0.07816090369704344,0.0,0.0,0.0,-0.3022793321671885,0.0,0.0,,1.3015620211803263,1.0571530503032391,2.091260156460275,1.0571530503032391,0.0,1.3015620211803263,
011_230℃_005_1.5mm.csv,1.5,5,1.14163,0.300001004,1.639,0.300021973,0.49737,2.069025628,19.00801021,4.09596,15.16944179,4.09813,3.838568421,19.00333074,230,0.4973700000000001,1769003.6549999998,35.18507348653919,60.0,2111.1044091923513,538.6832742167448,140.74029394615675,0.49938,0.002754686915059544,-0.002754686915059544,35.04416278002093,0.1927675365390022,-0.1927675365390022,2102.6497668012557,11.566052192340232,-11.566052192340232,1777558.4173333335,10537.026825633639,-10537.026825633639,140.1752346492531,140.94951841928128,139.40520428401302,543.4639318823918,549.7035956665378,537.2950942752001,19.040560266666663,0.03292957924223381,-0.03292957924223381,4.11196,0.015131635734447174,-0.015131635734447174,15.214010683333333,0.04456663017241576,-0.04456663017241576,4.1141499999999995,0.015143487048892968,-0.015143487048892968,3.8265495843333333,0.011661543211804135,-0.011661543211804135,19.035822396666664,0.032924942038411696,-0.032924942038411696,-0.17661816357245763,0.17693065524654258,0.1769306552465453,-0.3009235410709478,0.17693065524654258,-0.47701021901141893,,-0.1670378720629056,-0.43559851040866915,-0.292976044684781,-0.4363364260742485,0.3337790086367492,-0.16622850571010628,
012_230℃_005_1.5mm.csv,1.5,5,1.14315,0.300016909,1.6414,0.300015259,0.49825,2.07435833,19.03981391,4.11388,15.21401521,4.11609,3.825798708,19.03497229,230,0.49824999999999986,1774343.071,35.122930255895646,60.0,2107.3758153537387,541.2651643627039,140.49172102358258,0.49938,0.002754686915059544,-0.002754686915059544,35.04416278002093,0.1927675365390022,-0.1927675365390022,2102.6497668012557,11.566052192340232,-11.566052192340232,1777558.4173333335,10537.026825633639,-10537.026825633639,140.1752346492531,140.94951841928128,139.40520428401302,543.4639318823918,549.7035956665378,537.2950942752001,19.040560266666663,0.03292957924223381,-0.03292957924223381,4.11196,0.015131635734447174,-0.015131635734447174,15.214010683333333,0.04456663017241576,-0.04456663017241576,4.1141499999999995,0.015143487048892968,-0.015143487048892968,3.8265495843333333,0.011661543211804135,-0.011661543211804135,19.035822396666664,0.032924942038411696,-0.032924942038411696,0.0,0.0,0.0,0.0,0.0,0.0,,0.0,0.0,0.0,0.0,0.0,0.0,
013_230℃_005_1.5mm.csv,1.5,5,1.14146,0.300002287,1.64398,0.300009381,0.50252,2.089337907,19.07385668,4.12604,15.25857505,4.12823,3.815281624,19.06916416,230,0.5025200000000001,1789328.526,34.82448459762795,60.0,2089.469075857677,550.5143087054204,139.2979383905118,0.49938,0.002754686915059544,-0.002754686915059544,35.04416278002093,0.1927675365390022,-0.1927675365390022,2102.6497668012557,11.566052192340232,-11.566052192340232,1777558.4173333335,10537.026825633639,-10537.026825633639,140.1752346492531,140.94951841928128,139.40520428401302,543.4639318823918,549.7035956665378,537.2950942752001,19.040560266666663,0.03292957924223381,-0.03292957924223381,4.11196,0.015131635734447174,-0.015131635734447174,15.214010683333333,0.04456663017241576,-0.04456663017241576,4.1141499999999995,0.015143487048892968,-0.015143487048892968,3.8265495843333333,0.011661543211804135,-0.011661543211804135,19.035822396666664,0.032924942038411696,-0.032924942038411696,0.8569994982438975,-0.8497174241821672,-0.8497174241821618,0.8445635596026217,-0.8497174241821672,1.7088009633146444,,0.1787978084287864,0.29558470349158766,0.2928867848818182,0.29494010092103146,-0.27489904207475613,0.17962658142645918,
101_230℃_280_1.5mm.csv,1.5,280,1.48924,0.300219111,1.499005,0.300018573,0.009765,1.333060868,10.42277041,1.55853,8.098155563,1.56076,2.324614845,10.39992147,230,0.009765000000000024,1033042.295,1792.1146953404975,60.0,107526.88172042985,6.176117149392873,7168.45878136199,0.009911666666666763,0.0005888618966560328,-0.0005888618966560328,1769.6784544102773,103.11065715616495,-103.11065715616495,106180.70726461662,6186.639429369898,-6186.639429369898,1047625.4376666667,79521.7634822543,-79521.7634822543,7070.597417187952,7499.312472490892,6666.390821736179,6.337936781944737,7.247455558145607,5.542557981853441,10.482091503333335,0.05169032787951923,-0.05169032787951923,1.5586083333333332,7.005949852335502e-05,-7.005949852335502e-05,8.140420304666668,0.052318536757969575,-0.052318536757969575,1.5608683333333333,9.647970425608721e-05,-9.647970425608721e-05,2.341671197666667,0.034944875515081915,-0.034944875515081915,10.458709226666668,0.05124354479644273,-0.05124354479644273,0.0,0.0,0.0,0.0,0.0,0.0,,-0.7925725845363151,-0.0064158908785272315,-0.32020488785585405,-0.008969184444873407,0.0,-0.7856993388580003,
102_230℃_280_1.5mm.csv,1.5,280,1.48905,0.300099779,1.49961,0.300314353,0.01056,1.433743844,10.50603839,1.558665,8.124169551,1.560945,2.381868838,10.48228068,230,0.010560000000000125,1133429.4910000002,1657.1969696969502,60.0,99431.81818181701,7.327968627526618,6628.787878787801,0.009911666666666763,0.0005888618966560328,-0.0005888618966560328,1769.6784544102773,103.11065715616495,-103.11065715616495,106180.70726461662,6186.639429369898,-6186.639429369898,1047625.4376666667,79521.7634822543,-79521.7634822543,7070.597417187952,7499.312472490892,6666.390821736179,6.337936781944737,7.247455558145607,5.542557981853441,10.482091503333335,0.05169032787951923,-0.05169032787951923,1.5586083333333332,7.005949852335502e-05,-7.005949852335502e-05,8.140420304666668,0.052318536757969575,-0.052318536757969575,1.5608683333333333,9.647970425608721e-05,-9.647970425608721e-05,2.341671197666667,0.034944875515081915,-0.034944875515081915,10.458709226666668,0.05124354479644273,-0.05124354479644273,8.141321044547867,-7.528409090909959,-7.52840909090996,9.717626905101703,-7.528409090909959,18.650091153905244,,0.0,0.0022455618074852433,0.0,0.0028829521429990877,2.4629453400913723,0.0,
103_230℃_280_1.5mm.csv,1.5,280,1.489245,0.300103375,1.498655,0.300141794,0.00941,1.276546321,10.51746571,1.55863,8.1989358,1.5609,2.31852991,10.49392553,230,0.00941000000000014,976404.5270000001,1859.7236981933836,60.0,111583.42189160302,5.625285672900084,7438.894792773534,0.009911666666666763,0.0005888618966560328,-0.0005888618966560328,1769.6784544102773,103.11065715616495,-103.11065715616495,106180.70726461662,6186.639429369898,-6186.639429369898,1047625.4376666667,79521.7634822543,-79521.7634822543,7070.597417187952,7499.312472490892,6666.390821736179,6.337936781944737,7.247455558145607,5.542557981853441,10.482091503333335,0.05169032787951923,-0.05169032787951923,1.5586083333333332,7.005949852335502e-05,-7.005949852335502e-05,8.140420304666668,0.052318536757969575,-0.052318536757969575,1.5608683333333333,9.647970425608721e-05,-9.647970425608721e-05,2.341671197666667,0.034944875515081915,-0.034944875515081915,10.458709226666668,0.05124354479644273,-0.05124354479644273,-3.635432667689527,3.772582359191052,3.7725823591910554,-5.482618502081749,3.772582359191052,-8.918734265701824,,0.10876906761426028,0.0,0.920294050125981,0.0,-0.26176099722877183,0.1110908050975764,
111_230℃_320_1.5mm.csv,1.5,320,1.489535,0.300176995,1.498255,0.300114495,0.00872,1.209217791,10.41440235,1.557915,8.121746246,1.5601,2.292656101,10.39154472,230,0.008719999999999839,909103.296,2006.880733944991,60.0,120412.84403669946,4.853498412930523,8027.522935779964,0.009183333333333247,0.0004082074635934434,-0.0004082074635934434,1908.1962562582887,86.73659080387695,-86.73659080387695,114491.77537549734,5204.195448232602,-5204.195448232602,961191.7973333333,46447.613556792174,-46447.613556792174,7627.60477851397,7978.423782043075,7292.211625578832,5.396372507438466,5.927071709500042,4.9131911450239745,10.50809708,0.09073172512048887,-0.09073172512048887,1.55823,0.0002914189424179456,-0.0002914189424179456,8.180392064000001,0.0617940882159777,-0.0617940882159777,1.560405,0.00027986603938314717,-0.00027986603938314717,2.3277050136666664,0.030829621344665537,-0.030829621344665537,10.485490866666668,0.09105879624012274,-0.09105879624012274,-6.638115631692412,7.110091743120142,7.110091743120134,-6.870329730051774,7.110091743120142,-13.052384929984798,,-0.9505472645565951,-0.023744051954551412,-0.6455324316684433,-0.023390463739971657,-2.0161577658978542,-0.9533893193030653,
112_230℃_320_1.5mm.csv,1.5,320,1.489325,0.300077951,1.498815,0.300267321,0.00949,1.298570068,10.59554271,1.55849,8.244914552,1.56065,2.350628159,10.57335765,230,0.009489999999999998,998302.7470000001,1844.04636459431,60.0,110642.7818756586,5.80034269532449,7376.18545837724,0.009183333333333247,0.0004082074635934434,-0.0004082074635934434,1908.1962562582887,86.73659080387695,-86.73659080387695,114491.77537549734,5204.195448232602,-5204.195448232602,961191.7973333333,46447.613556792174,-46447.613556792174,7627.60477851397,7978.423782043075,7292.211625578832,5.396372507438466,5.927071709500042,4.9131911450239745,10.50809708,0.09073172512048887,-0.09073172512048887,1.55823,0.0002914189424179456,-0.0002914189424179456,8.180392064000001,0.0617940882159777,-0.0617940882159777,1.560405,0.00027986603938314717,-0.00027986603938314717,2.3277050136666664,0.030829621344665537,-0.030829621344665537,10.485490866666668,0.09105879624012274,-0.09105879624012274,1.6059957173457822,-1.5806111696532608,-1.5806111696532616,2.26737276914851,-1.5806111696532608,3.9097823960631004,,0.772245164939012,0.013155488245090644,0.86120283107756,0.011855440525747246,0.461459781095185,0.7795536626741858,
113_230℃_320_1.5mm.csv,1.5,320,1.489335,0.300083438,1.498675,0.300139034,0.00934,1.276308383,10.51434618,1.558285,8.174515394,1.560465,2.339830781,10.49157023,230,0.009339999999999904,976169.3489999998,1873.6616702355652,60.0,112419.70021413392,5.582094930404023,7494.646680942261,0.009183333333333247,0.0004082074635934434,-0.0004082074635934434,1908.1962562582887,86.73659080387695,-86.73659080387695,114491.77537549734,5204.195448232602,-5204.195448232602,961191.7973333333,46447.613556792174,-46447.613556792174,7627.60477851397,7978.423782043075,7292.211625578832,5.396372507438466,5.927071709500042,4.9131911450239745,10.50809708,0.09073172512048887,-0.09073172512048887,1.55823,0.0002914189424179456,-0.0002914189424179456,8.180392064000001,0.0617940882159777,-0.0617940882159777,1.560405,0.00027986603938314717,-0.00027986603938314717,2.3277050136666664,0.030829621344665537,-0.030829621344665537,10.485490866666668,0.09105879624012274,-0.09105879624012274,0.0,0.0,0.0,0.0,0.0,0.0,,0.0,0.0,0.0,0.0,0.0,0.0,
001_190℃_003_2.0mm.csv,2.0,3,0.6226,0.30001313,1.66342,0.300018678,1.04082,1.75763004,19.77547652,6.86456,14.94746684,6.8669,4.828009679,19.77183741,190,1.0408199999999999,1457611.362,16.81366614784497,80.0,1345.0932918275976,1651.2773418196896,50.44099844353491,1.0576466666666666,0.044796452240476924,-0.044796452240476924,16.565585756801962,0.6877261249129705,-0.6877261249129705,1325.246860544157,55.01808999303769,-55.01808999303769,1477175.873,71384.73152722427,-71384.73152722427,49.66781729320078,51.795517186216145,47.62752084899086,1698.1840813708177,1857.6727500249613,1552.388155654702,19.635599056666667,0.1223853458707598,-0.1223853458707598,6.880859999999999,0.015454177428772977,-0.015454177428772977,14.967723663333333,0.04903082466386428,-0.04903082466386428,6.883453333333333,0.01580291534285165,-0.01580291534285165,4.667875393,0.14154894473525567,-0.14154894473525567,19.630930966666668,0.12307330715621524,-0.12307330715621524,0.0,0.0,0.0,0.0,0.0,0.0,,0.9823965554401346,-0.2638491759071988,0.0,-0.2640492194716704,4.589289447014291,0.9979193951023613,
002_190℃_003_2.0mm.csv,2.0,3,0.61472,0.300008297,1.72314,0.300019981,1.10842,1.856322917,19.58309289,6.8953,15.02363709,6.89838,4.559455797,19.57647992,190,1.1084199999999997,1556302.936,15.788239115136864,80.0,1263.059129210949,1877.5916193971373,47.36471734541059,1.0576466666666666,0.044796452240476924,-0.044796452240476924,16.565585756801962,0.6877261249129705,-0.6877261249129705,1325.246860544157,55.01808999303769,-55.01808999303769,1477175.873,71384.73152722427,-71384.73152722427,49.66781729320078,51.795517186216145,47.62752084899086,1698.1840813708177,1857.6727500249613,1552.388155654702,19.635599056666667,0.1223853458707598,-0.1223853458707598,6.880859999999999,0.015454177428772977,-0.015454177428772977,14.967723663333333,0.04903082466386428,-0.04903082466386428,6.883453333333333,0.01580291534285165,-0.01580291534285165,4.667875393,0.14154894473525567,-0.14154894473525567,19.630930966666668,0.12307330715621524,-0.12307330715621524,6.494879037681818,-6.0987712239042855,-6.09877122390429,6.7707741976286835,-6.098771223904293,13.705406829361069,,0.0,0.1827765767022313,0.5095863454011099,0.19317132117564487,-1.228399738404866,0.0,
003_190℃_003_2.0mm.csv,2.0,3,0.6159,0.300019916,1.6396,0.300002993,1.0237,1.717616314,19.54822776,6.88272,14.93206706,6.88508,4.616160703,19.54447557,190,1.0236999999999998,1417613.3210000002,17.094852007424052,80.0,1367.5881605939242,1579.5491229471565,51.284556022272156,1.0576466666666666,0.044796452240476924,-0.044796452240476924,16.565585756801962,0.6877261249129705,-0.6877261249129705,1325.246860544157,55.01808999303769,-55.01808999303769,1477175.873,71384.73152722427,-71384.73152722427,49.66781729320078,51.795517186216145,47.62752084899086,1698.1840813708177,1857.6727500249613,1552.388155654702,19.635599056666667,0.1223853458707598,-0.1223853458707598,6.880859999999999,0.015454177428772977,-0.015454177428772977,14.967723663333333,0.04903082466386428,-0.04903082466386428,6.883453333333333,0.01580291534285165,-0.01580291534285165,4.667875393,0.14154894473525567,-0.14154894473525567,19.630930966666668,0.12307330715621524,-0.12307330715621524,-1.6448569397206074,1.6723649506691456,1.6723649506691456,-2.7440813129446324,1.6723649506691456,-4.343802040757691,,-0.1780368923123666,0.0,-0.10302601882206934,0.0,0.0,-0.16348368108458758,
011_190℃_005_2.0mm.csv,2.0,5,0.92418,0.30000943,1.51096,0.3000043,0.58678,1.526939463,12.02346732,4.3065,9.325493143,4.30834,2.697974181,12.02148964,190,0.5867800000000001,1226935.163,29.82378404171921,80.0,2385.902723337537,783.6092679674992,89.47135212515764,0.6186000000000001,0.037838461913772325,-0.037838461913772325,28.358911367975622,1.6982355583302506,-1.6982355583302506,2268.7129094380493,135.85884466642028,-135.85884466642028,1292813.5953333334,83791.69920268824,-83791.69920268824,84.97356796487297,90.27830542113294,79.9805359548836,868.1934078912782,983.2445321025137,766.6046124803509,11.954287090000001,0.08506322849520633,-0.08506322849520633,4.315073333333333,0.009815443613680147,-0.009815443613680147,9.258785505333334,0.06800406478908222,-0.06800406478908222,4.31708,0.009892805466600315,-0.009892805466600315,2.6955015870000003,0.09628508995667405,-0.09628508995667405,11.95188229,0.08542336627513542,-0.08542336627513542,-3.5821091721712905,3.715191383482751,3.7151913834827432,-2.961860952874898,3.715191383482747,-6.437873032186317,,0.3621472774286785,-0.14931809855922978,0.6930444912524143,-0.15619640887306252,0.0,0.36640150867174304,
012_190℃_005_2.0mm.csv,2.0,5,0.91792,0.300008615,1.57836,0.30000448,0.66044,1.68712563,11.98008178,4.32578,9.189555216,4.32782,2.790526566,11.97760352,190,0.66044,1387121.1500000001,26.497486524135425,80.0,2119.798921930834,997.1268487684356,79.49245957240626,0.6186000000000001,0.037838461913772325,-0.037838461913772325,28.358911367975622,1.6982355583302506,-1.6982355583302506,2268.7129094380493,135.85884466642028,-135.85884466642028,1292813.5953333334,83791.69920268824,-83791.69920268824,84.97356796487297,90.27830542113294,79.9805359548836,868.1934078912782,983.2445321025137,766.6046124803509,11.954287090000001,0.08506322849520633,-0.08506322849520633,4.315073333333333,0.009815443613680147,-0.009815443613680147,9.258785505333334,0.06800406478908222,-0.06800406478908222,4.31708,0.009892805466600315,-0.009892805466600315,2.6955015870000003,0.09628508995667405,-0.09628508995667405,11.95188229,0.08542336627513542,-0.08542336627513542,8.52147622333956,-7.852340863666625,-7.85234086366664,9.707227478741757,-7.85234086366665,19.055902783627783,,0.0,0.297708755512475,-0.7747603230950318,0.2952436571280248,3.4304399816641475,0.0,
013_190℃_005_2.0mm.csv,2.0,5,0.91716,0.300021979,1.52574,0.300001923,0.60858,1.564386396,11.85931217,4.31294,9.261308157,4.31508,2.598004014,11.85655371,190,0.6085800000000001,1264384.473,28.755463538072227,80.0,2300.4370830457783,837.5282749152002,86.26639061421669,0.6186000000000001,0.037838461913772325,-0.037838461913772325,28.358911367975622,1.6982355583302506,-1.6982355583302506,2268.7129094380493,135.85884466642028,-135.85884466642028,1292813.5953333334,83791.69920268824,-83791.69920268824,84.97356796487297,90.27830542113294,79.9805359548836,868.1934078912782,983.2445321025137,766.6046124803509,11.954287090000001,0.08506322849520633,-0.08506322849520633,4.315073333333333,0.009815443613680147,-0.009815443613680147,9.258785505333334,0.06800406478908222,-0.06800406478908222,4.31708,0.009892805466600315,-0.009892805466600315,2.6955015870000003,0.09628508995667405,-0.09628508995667405,11.95188229,0.08542336627513542,-0.08542336627513542,0.0,0.0,0.0,0.0,0.0,0.0,,-1.0080866910409352,0.0,0.0,0.0,-3.7053789359446943,-1.0106346382051605,
101_190℃_280_2.0mm.csv,2.0,280,1.48752,0.300171317,1.49894,0.300178161,0.01142,1.352229611,7.96235813,1.561245,6.204645105,1.563725,1.757713025,7.945187953,190,0.011419999999999986,1052051.45,1532.399299474608,80.0,122591.94395796863,13.076927955374133,4597.197898423824,0.011473333333333299,4.7258156262498784e-05,-4.7258156262498784e-05,1525.2932872175795,6.2946449153546125,-6.2946449153546125,122023.46297740638,503.5715932283734,-503.5715932283734,1042913.6386666666,11388.003013814705,-11388.003013814705,4575.853917708045,4594.758695522217,4557.026922134004,13.023293591897525,13.146975752130171,12.900774990269399,8.008407978333333,0.040168295515908586,-0.040168295515908586,1.5614133333333333,0.00018723870682449992,-0.00018723870682449992,6.246938672333333,0.03671740073767851,-0.03671740073767851,1.5639316666666667,0.00019218047073862405,-0.00019218047073862405,1.7614693056666668,0.003944265992161568,-0.003944265992161568,7.990710358666667,0.03980803239584007,-0.03980803239584007,-0.6092254134030852,0.6129597197899683,0.6129597197899684,0.527224505004957,0.6129597197899883,0.0,,-0.8007552057387938,-0.00864619759443545,-0.9715039017609441,-0.015345611954232861,-0.19328358356207684,-0.7837750868477785,
102_190℃_280_2.0mm.csv,2.0,280,1.487285,0.300165615,1.498775,0.300233251,0.01149,1.33038885,8.026631802,1.56138,6.265514826,1.563965,1.761116975,8.007952288,190,0.01149,1030155.5989999999,1523.0635335073978,80.0,121845.08268059182,12.883252062595917,4569.190600522193,0.011473333333333299,4.7258156262498784e-05,-4.7258156262498784e-05,1525.2932872175795,6.2946449153546125,-6.2946449153546125,122023.46297740638,503.5715932283734,-503.5715932283734,1042913.6386666666,11388.003013814705,-11388.003013814705,4575.853917708045,4594.758695522217,4557.026922134004,13.023293591897525,13.146975752130171,12.900774990269399,8.008407978333333,0.040168295515908586,-0.040168295515908586,1.5614133333333333,0.00018723870682449992,-0.00018723870682449992,6.246938672333333,0.03671740073767851,-0.03671740073767851,1.5639316666666667,0.00019218047073862405,-0.00019218047073862405,1.7614693056666668,0.003944265992161568,-0.003944265992161568,7.990710358666667,0.03980803239584007,-0.03980803239584007,0.0,0.0,0.0,-1.5650012404233107,0.0,-1.4810503922568672,,0.0,0.0,0.0,0.0,0.0,0.0,
103_190℃_280_2.0mm.csv,2.0,280,1.48739,0.300111232,1.4989,0.3001727,0.01151,1.346706567,8.036234003,1.561615,6.270656086,1.564105,1.765577917,8.018990835,190,0.01150999999999991,1046533.867,1520.417028670733,80.0,121633.36229365865,13.110862377327788,4561.251086012199,0.011473333333333299,4.7258156262498784e-05,-4.7258156262498784e-05,1525.2932872175795,6.2946449153546125,-6.2946449153546125,122023.46297740638,503.5715932283734,-503.5715932283734,1042913.6386666666,11388.003013814705,-11388.003013814705,4575.853917708045,4594.758695522217,4557.026922134004,13.023293591897525,13.146975752130171,12.900774990269399,8.008407978333333,0.040168295515908586,-0.040168295515908586,1.5614133333333333,0.00018723870682449992,-0.00018723870682449992,6.246938672333333,0.03671740073767851,-0.03671740073767851,1.5639316666666667,0.00019218047073862405,-0.00019218047073862405,1.7614693056666668,0.003944265992161568,-0.003944265992161568,7.990710358666667,0.03980803239584007,-0.03980803239584007,0.17406440382862473,-0.17376194613301305,-0.17376194613301008,0.0,-0.17376194613299814,0.2594984240140958,,0.11962926962225026,0.01505078840512785,0.0820564653149441,0.008951606973303685,0.2533018569081781,0.13784481479168453,
111_190℃_320_2.0mm.csv,2.0,320,1.48774,0.300202296,1.498745,0.300098928,0.011005,1.318776293,8.012254189,1.560285,6.231744792,1.56275,1.780509397,7.994883215,190,0.011004999999999932,1018677.3650000001,1590.186278964117,80.0,127214.90231712937,12.201953090421695,4770.558836892351,0.010746666666666682,0.00026259918760975686,-0.00026259918760975686,1629.06125664113,39.86489562383801,-39.86489562383801,130324.9005312904,3189.1916499070367,-3189.1916499070367,993181.9863333334,25153.796272483887,-25153.796272483887,4886.209180155633,5007.174905525227,4768.16580261496,11.61250486377026,12.20493646866647,11.04883008258886,7.979490430333333,0.028377139907724714,-0.028377139907724714,1.560125,0.00015099668870538954,-0.00015099668870538954,6.212365701333333,0.01832903407551496,-0.01832903407551496,1.5626166666666668,0.0001239287429669274,-0.0001239287429669274,1.767124729,0.013522095146955201,-0.013522095146955201,7.961697647,0.028740853607649462,-0.028740853607649462,2.32450023244872,-2.2716946842332044,-2.271694684233199,2.6391408752412175,-2.271694684233214,5.024987943469583,,0.6120473417179229,0.01153768496350226,0.349439544373138,0.009919396900676584,0.7419890387455297,0.6230550132041142,
112_190℃_320_2.0mm.csv,2.0,320,1.4878,0.300143484,1.498555,0.300072103,0.010755,1.292556409,7.962703387,1.560105,6.195307871,1.562595,1.767395516,7.944830594,190,0.01075500000000007,992484.306,1627.1501627150058,80.0,130172.01301720046,11.618142814726605,4881.4504881450175,0.010746666666666682,0.00026259918760975686,-0.00026259918760975686,1629.06125664113,39.86489562383801,-39.86489562383801,130324.9005312904,3189.1916499070367,-3189.1916499070367,993181.9863333334,25153.796272483887,-25153.796272483887,4886.209180155633,5007.174905525227,4768.16580261496,11.61250486377026,12.20493646866647,11.04883008258886,7.979490430333333,0.028377139907724714,-0.028377139907724714,1.560125,0.00015099668870538954,-0.00015099668870538954,6.212365701333333,0.01832903407551496,-0.01832903407551496,1.5626166666666668,0.0001239287429669274,-0.0001239287429669274,1.767124729,0.013522095146955201,-0.013522095146955201,7.961697647,0.028740853607649462,-0.028740853607649462,0.0,0.0,0.0,0.0,0.0,0.0,,-0.010175508312036941,0.0,-0.23730216651440178,0.0,0.0,-0.0069038618659628785,
113_190℃_320_2.0mm.csv,2.0,320,1.48791,0.300198185,1.49839,0.300256121,0.01048,1.268640409,7.963513715,1.559985,6.210044441,1.562505,1.753469274,7.945379132,190,0.010480000000000045,968384.2880000001,1669.8473282442676,80.0,133587.7862595414,11.046168531417734,5009.541984732803,0.010746666666666682,0.00026259918760975686,-0.00026259918760975686,1629.06125664113,39.86489562383801,-39.86489562383801,130324.9005312904,3189.1916499070367,-3189.1916499070367,993181.9863333334,25153.796272483887,-25153.796272483887,4886.209180155633,5007.174905525227,4768.16580261496,11.61250486377026,12.20493646866647,11.04883008258886,7.979490430333333,0.028377139907724714,-0.028377139907724714,1.560125,0.00015099668870538954,-0.00015099668870538954,6.212365701333333,0.01832903407551496,-0.01832903407551496,1.5626166666666668,0.0001239287429669274,-0.0001239287429669274,1.767124729,0.013522095146955201,-0.013522095146955201,7.961697647,0.028740853607649462,-0.028740853607649462,-2.5569502556952433,2.6240458015269374,2.6240458015269374,-2.428251797464687,2.6240458015269374,-4.923112862615729,,0.0,-0.0076917899756824065,0.0,-0.005759649813286455,-0.7879527742334809,0.0,
001_210℃_003_2.0mm.csv,2.0,3,0.54296,0.300006655,1.65014,0.300019093,1.10718,1.720757774,15.18223797,6.74974,11.99916647,6.7517,3.183071497,15.18036753,210,1.10718,1420738.681,15.805921349735362,80.0,1264.473707978829,1712.1234860730124,47.417764049206085,1.1394,0.03189512188407498,-0.03189512188407498,15.366997678511424,0.43070905600842146,-0.43070905600842146,1229.359814280914,34.456724480673685,-34.456724480673685,1466632.623,44655.18636300283,-44655.18636300283,46.0889311648182,47.39828833912769,44.81574441501116,1817.8253411782687,1927.347120750698,1714.527152609021,15.086866856666667,0.12113955973599454,-0.12113955973599454,6.794726666666667,0.039223229511774885,-0.039223229511774885,11.953953313333335,0.048776565026080555,-0.048776565026080555,6.79708,0.039553624359848126,-0.039553624359848126,3.13291354,0.07369457510601729,-0.07369457510601729,15.084139630000001,0.1215980969933979,-0.1215980969933979,-2.8840587337508565,2.9697068227388512,2.9697068227388463,-3.2999903008590055,2.9697068227388432,-6.088875376125015,,0.3598620052241687,-0.9238654978657477,0.3238509981339307,-0.9331944301791573,0.49584483247046623,0.36887690804136225,
002_210℃_003_2.0mm.csv,2.0,3,0.54388,0.300007496,1.71484,0.300022449,1.17096,1.809958743,15.12779877,6.81268,11.96043249,6.8153,3.167366275,15.12457646,210,1.17096,1509936.2939999998,14.945002391200383,80.0,1195.6001912960305,1924.4353772214856,44.83500717360114,1.1394,0.03189512188407498,-0.03189512188407498,15.366997678511424,0.43070905600842146,-0.43070905600842146,1229.359814280914,34.456724480673685,-34.456724480673685,1466632.623,44655.18636300283,-44655.18636300283,46.0889311648182,47.39828833912769,44.81574441501116,1817.8253411782687,1927.347120750698,1714.527152609021,15.086866856666667,0.12113955973599454,-0.12113955973599454,6.794726666666667,0.039223229511774885,-0.039223229511774885,11.953953313333335,0.048776565026080555,-0.048776565026080555,6.79708,0.039553624359848126,-0.039553624359848126,3.13291354,0.07369457510601729,-0.07369457510601729,15.084139630000001,0.1215980969933979,-0.1215980969933979,2.710383664017677,-2.6388604222176553,-2.6388604222176713,2.7710839632478304,-2.6388604222176744,5.5565746343215965,,0.0,0.0,0.0,0.0,0.0,0.0,
003_210℃_003_2.0mm.csv,2.0,3,0.5436,0.300003406,1.68366,0.300000713,1.14006,1.769223607,14.95056383,6.82176,11.90226098,6.82424,3.048302848,14.9474749,210,1.14006,1469222.894,15.350069294598528,80.0,1228.0055435678823,1823.1317034379758,46.050207883795586,1.1394,0.03189512188407498,-0.03189512188407498,15.366997678511424,0.43070905600842146,-0.43070905600842146,1229.359814280914,34.456724480673685,-34.456724480673685,1466632.623,44655.18636300283,-44655.18636300283,46.0889311648182,47.39828833912769,44.81574441501116,1817.8253411782687,1927.347120750698,1714.527152609021,15.086866856666667,0.12113955973599454,-0.12113955973599454,6.794726666666667,0.039223229511774885,-0.039223229511774885,11.953953313333335,0.048776565026080555,-0.048776565026080555,6.79708,0.039553624359848126,-0.039553624359848126,3.13291354,0.07369457510601729,-0.07369457510601729,15.084139630000001,0.1215980969933979,-0.1215980969933979,0.0,0.0,0.0,0.0,0.0,0.0,,-1.1715844631108874,0.13328088211981154,-0.4863662752048282,0.1311754434874466,-3.759067207975495,-1.1709521947168666,
011_210℃_005_2.0mm.csv,2.0,5,0.86816,0.300002683,1.51412,0.300000564,0.64596,1.532897673,10.10662589,4.25034,7.919923797,4.25276,2.186702089,10.10393075,210,0.6459599999999999,1232897.109,27.091460771564808,80.0,2167.3168617251845,866.832344522057,81.2743823146944,0.6215866666666666,0.023876560332956775,-0.023876560332956775,28.181423292066825,1.0806306979628846,-1.0806306979628846,2254.513863365346,86.45045583703116,-86.45045583703116,1175027.8283333334,52902.10007096725,-52902.10007096725,84.50278440192295,87.80956683601865,81.32053065485363,794.0506358220001,862.6376170216602,730.9168992957223,10.039335231666668,0.06195768243177506,-0.06195768243177506,4.238506666666667,0.010350040257570471,-0.010350040257570471,7.923160567333333,0.009626360258097232,-0.009626360258097232,4.240466666666667,0.010687756234745202,-0.010687756234745202,2.116174663666667,0.06221401293041544,-0.06221401293041544,10.037423231666667,0.061607972596799794,-0.061607972596799794,4.093077220574925,-3.9321320205585084,-3.932132020558516,6.006968196824683,-3.9321320205585293,10.345915264311017,,0.7968184206955435,0.384975106517636,0.0,0.41319777298206184,4.4897624462331045,0.7769339462554543,
012_210℃_005_2.0mm.csv,2.0,5,0.86074,0.30000382,1.4813,0.300014394,0.62056,1.463048419,10.02673105,4.23404,7.933988149,4.23526,2.092742904,10.02603508,210,0.6205600000000001,1163034.025,28.200335181126718,80.0,2256.0268144901374,785.5590689023131,84.60100554338015,0.6215866666666666,0.023876560332956775,-0.023876560332956775,28.181423292066825,1.0806306979628846,-1.0806306979628846,2254.513863365346,86.45045583703116,-86.45045583703116,1175027.8283333334,52902.10007096725,-52902.10007096725,84.50278440192295,87.80956683601865,81.32053065485363,794.0506358220001,862.6376170216602,730.9168992957223,10.039335231666668,0.06195768243177506,-0.06195768243177506,4.238506666666667,0.010350040257570471,-0.010350040257570471,7.923160567333333,0.009626360258097232,-0.009626360258097232,4.240466666666667,0.010687756234745202,-0.010687756234745202,2.116174663666667,0.06221401293041544,-0.06221401293041544,10.037423231666667,0.061607972596799794,-0.061607972596799794,0.0,0.0,0.0,0.0,0.0,0.0,,0.0,0.0,0.17758191064070047,0.0,0.0,0.0,
013_210℃_005_2.0mm.csv,2.0,5,0.86842,0.300001895,1.46666,0.300003291,0.59824,1.429155642,9.984648755,4.23114,7.915569756,4.23338,2.069078998,9.982303865,210,0.5982400000000001,1129152.351,29.252473923508955,80.0,2340.1979138807164,735.2425605031185,87.75742177052686,0.6215866666666666,0.023876560332956775,-0.023876560332956775,28.181423292066825,1.0806306979628846,-1.0806306979628846,2254.513863365346,86.45045583703116,-86.45045583703116,1175027.8283333334,52902.10007096725,-52902.10007096725,84.50278440192295,87.80956683601865,81.32053065485363,794.0506358220001,862.6376170216602,730.9168992957223,10.039335231666668,0.06195768243177506,-0.06195768243177506,4.238506666666667,0.010350040257570471,-0.010350040257570471,7.923160567333333,0.009626360258097232,-0.009626360258097232,4.240466666666667,0.010687756234745202,-0.010687756234745202,2.116174663666667,0.06221401293041544,-0.06221401293041544,10.037423231666667,0.061607972596799794,-0.061607972596799794,-3.5967513213871345,3.7309441027012626,3.7309441027012653,-2.9132143403972974,3.7309441027012586,-6.405184586501367,,-0.41970104503800526,-0.0684925036135782,-0.05497579410611633,-0.04438924646892709,-1.1307603028909805,-0.4361765608344482,
101_210℃_280_2.0mm.csv,2.0,280,1.48699,0.300229785,1.49838,0.300032048,0.01139,1.287640127,7.151377195,1.56005,5.559054252,1.562595,1.592322943,7.135628176,210,0.011390000000000011,987608.0789999999,1536.4354697102706,80.0,122914.83757682165,12.243652810677563,4609.3064091308115,0.011481666666666687,0.00028382799955842833,-0.00028382799955842833,1524.783607277495,37.297784974100644,-37.297784974100644,121982.68858219961,2983.8227979280555,-2983.8227979280555,1006001.2633333333,41668.66700177472,-41668.66700177472,4573.432003476622,4687.29978816557,4462.3303897125015,12.562420834739711,13.412644454535236,11.766092642211236,7.203131829,0.057861106412504505,-0.057861106412504505,1.5602083333333334,0.00016266017746622893,-0.00016266017746622893,5.603523118666668,0.04159541957964981,-0.04159541957964981,1.5628,0.00021017849556993697,-0.00021017849556993697,1.5996087103333334,0.021806722211334704,-0.021806722211334704,7.1868290083333335,0.05728079659304858,-0.05728079659304858,0.0,0.0,0.0,0.0,0.0,0.0,,-0.5705952427145295,-0.009614152031796854,-0.9088149803720982,-0.012477684141819772,0.0,-0.5649125309042223,
102_210℃_280_2.0mm.csv,2.0,280,1.487045,0.3001656,1.4983,0.300028628,0.011255,1.276722641,7.192416783,1.5602,5.610039128,1.56279,1.582377655,7.176167244,210,0.011255000000000015,976694.0130000002,1554.8645046645915,80.0,124389.16037316732,11.964833868097976,4664.593513993775,0.011481666666666687,0.00028382799955842833,-0.00028382799955842833,1524.783607277495,37.297784974100644,-37.297784974100644,121982.68858219961,2983.8227979280555,-2983.8227979280555,1006001.2633333333,41668.66700177472,-41668.66700177472,4573.432003476622,4687.29978816557,4462.3303897125015,12.562420834739711,13.412644454535236,11.766092642211236,7.203131829,0.057861106412504505,-0.057861106412504505,1.5602083333333334,0.00016266017746622893,-0.00016266017746622893,5.603523118666668,0.04159541957964981,-0.04159541957964981,1.5628,0.00021017849556993697,-0.00021017849556993697,1.5996087103333334,0.021806722211334704,-0.021806722211334704,7.1868290083333335,0.05728079659304858,-0.05728079659304858,-1.185250219490747,1.1994669035983774,1.1994669035983745,-1.10510092333902,1.1994669035983825,-2.277252931710314,,0.0,0.0,0.0,0.0,-0.6245773223152109,0.0,
103_210℃_280_2.0mm.csv,2.0,280,1.487105,0.300046273,1.498905,0.300218685,0.0118,1.353920383,7.265601509,1.560375,5.641475976,1.563015,1.624125533,7.248691605,210,0.011800000000000033,1053701.698,1483.050847457623,80.0,118644.06779660983,13.533257182476229,4449.152542372869,0.011481666666666687,0.00028382799955842833,-0.00028382799955842833,1524.783607277495,37.297784974100644,-37.297784974100644,121982.68858219961,2983.8227979280555,-2983.8227979280555,1006001.2633333333,41668.66700177472,-41668.66700177472,4573.432003476622,4687.29978816557,4462.3303897125015,12.562420834739711,13.412644454535236,11.766092642211236,7.203131829,0.057861106412504505,-0.057861106412504505,1.5602083333333334,0.00016266017746622893,-0.00016266017746622893,5.603523118666668,0.04159541957964981,-0.04159541957964981,1.5628,0.00021017849556993697,-0.00021017849556993697,1.5996087103333334,0.021806722211334704,-0.021806722211334704,7.1868290083333335,0.05728079659304858,-0.05728079659304858,3.599648814749965,-3.4745762711866144,-3.4745762711866197,6.692292256957143,-3.4745762711866046,10.532840090614256,,1.0175262113978085,0.011216510703758252,0.5603677137133748,0.014397327855959006,1.9972449772081098,1.0106280767165485,
112_210℃_320_2.0mm.csv,2.0,320,1.48746,0.300064967,1.498015,0.300094432,0.010555,1.229327602,7.247421339,1.5593,5.657478514,1.561795,1.589942826,7.231911821,210,0.010555000000000092,929233.1699999998,1657.9819990525673,80.0,132638.5599242054,10.675435221061313,4973.945997157702,0.010497500000000048,8.131727983651466e-05,-8.131727983651466e-05,1667.1136048902679,12.914040821921501,-12.914040821921501,133369.08839122142,1033.1232657537305,-1033.1232657537305,919465.5874999999,13813.44764309784,-13813.44764309784,5001.265786624966,5040.158159291012,4962.673526892638,10.504925801004159,10.746870594723266,10.268427921592973,7.2230542154999995,0.03446031652971958,-0.03446031652971958,1.5592324999999998,9.545941546010274e-05,-9.545941546010274e-05,5.637610625500001,0.028097437372416587,-0.028097437372416587,1.5617475,6.717514421269106e-05,-6.717514421269106e-05,1.585443591,0.006362879157303621,-0.006362879157303621,7.207263807,0.03485755568436199,-0.03485755568436199,0.0,0.0,0.0,0.0,0.0,0.0,,0.6769879892981966,0.00865848066112286,0.7073263917603236,0.006083114554649179,0.0,0.6863241668591316,
113_210℃_320_2.0mm.csv,2.0,320,1.48742,0.300054824,1.49786,0.300210624,0.01044,1.209908629,7.198687092,1.559165,5.617742737,1.5617,1.580944356,7.182615793,210,0.010440000000000005,909698.0050000001,1676.2452107279685,80.0,134099.61685823748,10.337139779265312,5028.735632183905,0.010497500000000048,8.131727983651466e-05,-8.131727983651466e-05,1667.1136048902679,12.914040821921501,-12.914040821921501,133369.08839122142,1033.1232657537305,-1033.1232657537305,919465.5874999999,13813.44764309784,-13813.44764309784,5001.265786624966,5040.158159291012,4962.673526892638,10.504925801004159,10.746870594723266,10.268427921592973,7.2230542154999995,0.03446031652971958,-0.03446031652971958,1.5592324999999998,9.545941546010274e-05,-9.545941546010274e-05,5.637610625500001,0.028097437372416587,-0.028097437372416587,1.5617475,6.717514421269106e-05,-6.717514421269106e-05,1.585443591,0.006362879157303621,-0.006362879157303621,7.207263807,0.03485755568436199,-0.03485755568436199,-1.0895310279496566,1.101532567050635,1.1015325670506348,-2.102288815195834,1.101532567050635,-3.168914754206799,,0.0,0.0,0.0,0.0,-0.5659618605681781,0.0,
001_230℃_003_2.0mm.csv,2.0,3,0.46618,0.300000878,1.56216,0.300015448,1.09598,1.588393705,11.9802215,6.53386,9.550316974,6.53654,2.429904528,11.97755448,230,1.09598,1288378.2570000002,15.96744466139893,80.0,1277.3955729119145,1536.9108050142697,47.9023339841968,1.1072866666666668,0.010086472789500452,-0.010086472789500452,15.805276518638022,0.14454378314993144,-0.14454378314993144,1264.422121491042,11.563502651994456,-11.563502651994456,1286231.2056666669,2498.634977403815,-2498.634977403815,47.41451113411321,47.84926081235113,46.98371151235514,1550.1337414483335,1561.7574593395402,1538.5965355931705,11.807531023333334,0.17395778976409848,-0.17395778976409848,6.559733333333334,0.02595033975371625,-0.02595033975371625,9.467736088,0.09660081431080801,-0.09660081431080801,6.562539999999999,0.025821882193209984,-0.025821882193209984,2.3397949343333333,0.08161919794651186,-0.08161919794651186,11.804544236666667,0.1736535960874534,-0.1736535960874534,-1.3092965457623456,1.3266665450099455,1.32666654500995,0.12056821140710228,1.3266665450099682,-1.1903069297824942,,1.4410025794886185,-0.3920982745846629,0.6209081603823873,-0.4016517088482284,4.79804949107236,1.4546262242348775,
002_230℃_003_2.0mm.csv,2.0,3,0.45688,0.300009044,1.5674,0.300002662,1.11052,1.586829415,11.81003854,6.55958,9.491384195,6.5629,2.318654345,11.80582387,230,1.11052,1286826.753,15.75838346000072,80.0,1260.6706768000577,1555.4251382221064,47.27515038000216,1.1072866666666668,0.010086472789500452,-0.010086472789500452,15.805276518638022,0.14454378314993144,-0.14454378314993144,1264.422121491042,11.563502651994456,-11.563502651994456,1286231.2056666669,2498.634977403815,-2498.634977403815,47.41451113411321,47.84926081235113,46.98371151235514,1550.1337414483335,1561.7574593395402,1538.5965355931705,11.807531023333334,0.17395778976409848,-0.17395778976409848,6.559733333333334,0.02595033975371625,-0.02595033975371625,9.467736088,0.09660081431080801,-0.09660081431080801,6.562539999999999,0.025821882193209984,-0.025821882193209984,2.3397949343333333,0.08161919794651186,-0.08161919794651186,11.804544236666667,0.1736535960874534,-0.1736535960874534,0.0,0.0,0.0,0.0,0.0,0.0,,0.0,0.0,0.0,0.0,0.0,0.0,
003_230℃_003_2.0mm.csv,2.0,3,0.4501,0.300010655,1.56546,0.300008946,1.11536,1.583497553,11.63233303,6.58576,9.361507095,6.58818,2.27082593,11.63025436,230,1.1153600000000001,1283488.607,15.690001434514414,80.0,1255.2001147611531,1558.1516764119947,47.07000430354324,1.1072866666666668,0.010086472789500452,-0.010086472789500452,15.805276518638022,0.14454378314993144,-0.14454378314993144,1264.422121491042,11.563502651994456,-11.563502651994456,1286231.2056666669,2498.634977403815,-2498.634977403815,47.41451113411321,47.84926081235113,46.98371151235514,1550.1337414483335,1561.7574593395402,1538.5965355931705,11.807531023333334,0.17395778976409848,-0.17395778976409848,6.559733333333334,0.02595033975371625,-0.02595033975371625,9.467736088,0.09660081431080801,-0.09660081431080801,6.562539999999999,0.025821882193209984,-0.025821882193209984,2.3397949343333333,0.08161919794651186,-0.08161919794651186,11.804544236666667,0.1736535960874534,-0.1736535960874534,0.4358318625508931,-0.4339406111031581,-0.43394061110316035,-0.25940912342843947,-0.4339406111031544,0.1752921515081591,,-1.5046988153181835,0.399110918686855,-1.3683683784333405,0.38519556903198915,-2.0627660652886197,-1.4871432263710282,
011_230℃_005_2.0mm.csv,2.0,5,0.8094,0.300019685,1.43832,0.300010253,0.62892,1.37947601,8.346518886,4.07156,6.637247817,4.07354,1.709271069,8.344888191,230,0.62892,1079465.7570000002,27.82547859823189,80.0,2226.038287858551,738.9361675019757,83.47643579469566,0.6206933333333332,0.012771786614774612,-0.012771786614774612,28.202331650679145,0.5871442736802306,-0.5871442736802306,2256.1865320543316,46.97154189441879,-46.97154189441879,1061538.4596666668,25163.078376333066,-25163.078376333066,84.59486550837484,86.36416719074707,82.86181066939928,716.9215545703735,749.5658286939542,685.6989682989621,8.364256408666668,0.027885433560460707,-0.027885433560460707,4.083233333333333,0.010920482284832165,-0.010920482284832165,6.660739484666667,0.020353233354228135,-0.020353233354228135,4.0854,0.011217611153895265,-0.011217611153895265,1.7035169239999999,0.02321394909811176,-0.02321394909811176,8.362377185666666,0.02720427204838001,-0.02720427204838001,0.27743231608151964,-0.27666475863385076,-0.2766647586338635,0.661001761353935,-0.2766647586338635,0.9402679099313218,,-0.03992025167552435,-0.3275445906182154,-0.5191527659302836,-0.3249470248261474,0.0,-0.04354543602754181,
012_230℃_005_2.0mm.csv,2.0,5,0.8072,0.300009517,1.43438,0.300010545,0.62718,1.372387869,8.396398172,4.0932,6.673085544,4.09584,1.723312628,8.393719774,230,0.62718,1072377.324,27.90267546796773,80.0,2232.2140374374185,732.0529089157224,83.70802640390319,0.6206933333333332,0.012771786614774612,-0.012771786614774612,28.202331650679145,0.5871442736802306,-0.5871442736802306,2256.1865320543316,46.97154189441879,-46.97154189441879,1061538.4596666668,25163.078376333066,-25163.078376333066,84.59486550837484,86.36416719074707,82.86181066939928,716.9215545703735,749.5658286939542,685.6989682989621,8.364256408666668,0.027885433560460707,-0.027885433560460707,4.083233333333333,0.010920482284832165,-0.010920482284832165,6.660739484666667,0.020353233354228135,-0.020353233354228135,4.0854,0.011217611153895265,-0.011217611153895265,1.7035169239999999,0.02321394909811176,-0.02321394909811176,8.362377185666666,0.02720427204838001,-0.02720427204838001,0.0,0.0,0.0,0.0,0.0,0.0,,0.5574470429354749,0.20220615235476708,0.017992680977964803,0.22070950029606354,0.8214939838778748,0.5413673627671023,
013_230℃_005_2.0mm.csv,2.0,5,0.80788,0.300017736,1.41386,0.300005961,0.60598,1.332778259,8.349852168,4.08494,6.671885093,4.08682,1.677967075,8.348523592,230,0.6059799999999999,1032772.2979999998,28.878840885837825,80.0,2310.307270867026,681.1856948484786,86.63652265751348,0.6206933333333332,0.012771786614774612,-0.012771786614774612,28.202331650679145,0.5871442736802306,-0.5871442736802306,2256.1865320543316,46.97154189441879,-46.97154189441879,1061538.4596666668,25163.078376333066,-25163.078376333066,84.59486550837484,86.36416719074707,82.86181066939928,716.9215545703735,749.5658286939542,685.6989682989621,8.364256408666668,0.027885433560460707,-0.027885433560460707,4.083233333333333,0.010920482284832165,-0.010920482284832165,6.660739484666667,0.020353233354228135,-0.020353233354228135,4.0854,0.011217611153895265,-0.011217611153895265,1.7035169239999999,0.02321394909811176,-0.02321394909811176,8.362377185666666,0.02720427204838001,-0.02720427204838001,-3.3802098281195367,3.498465295884381,3.498465295884378,-3.6931987569703764,3.498465295884385,-6.9485707177348015,,0.0,0.0,0.0,0.0,-1.8314236148812946,0.0,
101_230℃_280_2.0mm.csv,2.0,280,1.4863,0.300015349,1.49835,0.30000162,0.01205,1.295427516,6.385271627,1.558455,4.915301532,1.561145,1.469970095,6.36986922,230,0.012050000000000116,995425.896,1452.2821576763345,80.0,116182.57261410676,13.055653928489923,4356.846473029003,0.012093333333333364,0.0003569780572154589,-0.0003569780572154589,1447.9151597239118,42.532054841239464,-42.532054841239464,115833.21277791297,3402.564387299152,-3402.564387299152,997967.9306666666,38472.23304843278,-38472.23304843278,4342.492023260773,4472.279783301935,4216.470767882266,13.125768860419322,14.04834017425489,12.263783908997736,6.376052112666667,0.010799134553871794,-0.010799134553871794,1.5583933333333333,5.7951128835592315e-05,-5.7951128835592315e-05,4.905513202,0.015933846467007354,-0.015933846467007354,1.561115,2.7838821814053326e-05,-2.7838821814053326e-05,1.4705389106666669,0.020768947299391473,-0.020768947299391473,6.360288036666667,0.011166486301952265,-0.011166486301952265,0.0,0.0,0.0,0.0,0.0,0.0,,0.10281033700266413,0.004491829682653163,0.02422993777133376,0.0022419944782883492,0.0,0.10842552852741554,
102_230℃_280_2.0mm.csv,2.0,280,1.4863,0.300115924,1.49806,0.300140168,0.01176,1.260969921,6.364171061,1.55834,4.914110846,1.56109,1.450060214,6.348024754,230,0.011759999999999993,960829.753,1488.095238095239,80.0,119047.61904761911,12.298620838399994,4464.2857142857165,0.012093333333333364,0.0003569780572154589,-0.0003569780572154589,1447.9151597239118,42.532054841239464,-42.532054841239464,115833.21277791297,3402.564387299152,-3402.564387299152,997967.9306666666,38472.23304843278,-38472.23304843278,4342.492023260773,4472.279783301935,4216.470767882266,13.125768860419322,14.04834017425489,12.263783908997736,6.376052112666667,0.010799134553871794,-0.010799134553871794,1.5583933333333333,5.7951128835592315e-05,-5.7951128835592315e-05,4.905513202,0.015933846467007354,-0.015933846467007354,1.561115,2.7838821814053326e-05,-2.7838821814053326e-05,1.4705389106666669,0.020768947299391473,-0.020768947299391473,6.360288036666667,0.011166486301952265,-0.011166486301952265,-2.4066390041503793,2.465986394558878,2.4659863945588714,-3.475511651748301,2.4659863945588674,-5.798507636893913,,-0.22798623355665912,-0.002887604795981142,0.0,-0.001281139701872961,-1.3544412275951787,-0.23488059319096113,
103_230℃_280_2.0mm.csv,2.0,280,1.48623,0.300093701,1.4987,0.300129037,0.01247,1.33777718,6.37871365,1.558385,4.887127228,1.56111,1.491586423,6.362970136,230,0.012469999999999981,1037648.1429999999,1403.3680834001625,80.0,112269.446672013,14.083779421180932,4210.1042502004875,0.012093333333333364,0.0003569780572154589,-0.0003569780572154589,1447.9151597239118,42.532054841239464,-42.532054841239464,115833.21277791297,3402.564387299152,-3402.564387299152,997967.9306666666,38472.23304843278,-38472.23304843278,4342.492023260773,4472.279783301935,4216.470767882266,13.125768860419322,14.04834017425489,12.263783908997736,6.376052112666667,0.010799134553871794,-0.010799134553871794,1.5583933333333333,5.7951128835592315e-05,-5.7951128835592315e-05,4.905513202,0.015933846467007354,-0.015933846467007354,1.561115,2.7838821814053326e-05,-2.7838821814053326e-05,1.4705389106666669,0.020768947299391473,-0.020768947299391473,6.360288036666667,0.011166486301952265,-0.011166486301952265,3.485477178422082,-3.3680834001593016,-3.3680834001593016,4.241626340008335,-3.3680834001593016,7.874944436505348,,0.0,0.0,-0.5491047891596551,0.0,1.4705284191512689,0.0,
112_230℃_320_2.0mm.csv,2.0,320,1.48688,0.300026283,1.49744,0.300015406,0.01056,1.174622983,6.333804916,1.556995,4.903275322,1.55961,1.430529594,6.318383408,230,0.010560000000000125,874607.5769999999,1657.1969696969502,80.0,132575.75757575603,10.05263239523277,4971.590909090851,0.010587499999999972,3.889087296504387e-05,-3.889087296504387e-05,1652.9037132987953,6.071581425015697,-6.071581425015697,132232.29706390365,485.7265140012661,-485.7265140012661,886456.031,16756.244339953784,-16756.244339953784,4958.694412895191,4976.942631672484,4940.513102160283,10.214403457114459,10.447636225044542,9.986377371620915,6.3602265215,0.0373657928377718,-0.0373657928377718,1.5571324999999998,0.00019445436482639692,-0.00019445436482639692,4.921722343,0.026088027283581384,-0.026088027283581384,1.559765,0.0002192031021677742,-0.0002192031021677742,1.4385041790000002,0.011277766261297017,-0.011277766261297017,6.3445867115,0.037057067188678385,-0.037057067188678385,-0.5181347150230345,0.5208333333304376,0.5208333333304376,-2.637959444230099,0.5208333333304376,-3.1424259756043496,,0.0,-0.004816739131833974,0.0,0.0,-1.1026204045951737,0.0,
113_230℃_320_2.0mm.csv,2.0,320,1.48703,0.300235933,1.497645,0.300155173,0.010615,1.198459658,6.386648127,1.55727,4.940169364,1.55992,1.446478764,6.370790015,230,0.010614999999999819,898304.485,1648.6104569006404,80.0,131888.83655205125,10.378777804924992,4945.8313707019215,0.010587499999999972,3.889087296504387e-05,-3.889087296504387e-05,1652.9037132987953,6.071581425015697,-6.071581425015697,132232.29706390365,485.7265140012661,-485.7265140012661,886456.031,16756.244339953784,-16756.244339953784,4958.694412895191,4976.942631672484,4940.513102160283,10.214403457114459,10.447636225044542,9.986377371620915,6.3602265215,0.0373657928377718,-0.0373657928377718,1.5571324999999998,0.00019445436482639692,-0.00019445436482639692,4.921722343,0.026088027283581384,-0.026088027283581384,1.559765,0.0002192031021677742,-0.0002192031021677742,1.4385041790000002,0.011277766261297017,-0.011277766261297017,6.3445867115,0.037057067188678385,-0.037057067188678385,0.0,0.0,0.0,0.0,0.0,0.0,,0.834304366819243,0.012844637684881088,0.7524366791002752,0.019876764062812656,0.0,0.8294306251444878,
